<?xml version="1.0" encoding="UTF-8"?>
<gpx version="1.1" creator="Apple Health Export" xmlns="http://www.topografix.com/GPX/1/1" xmlns:xsi="http://www.w3.org/2001/XMLSchema-instance" xsi:schemaLocation="http://www.topografix.com/GPX/1/1 http://www.topografix.com/GPX/1/1/gpx.xsd">
  <metadata>
    <time>2021-02-21T19:24:47Z</time>
  </metadata>
  <trk>
    <name>Route 2020-10-03 3:35pm</name>
    <trkseg>
      <trkpt lon="-123.279148" lat="44.563139"><ele>69.213264</ele><time>2020-10-03T22:26:28Z</time><extensions><speed>0.150000</speed><course>346.289062</course><hAcc>10.000000</hAcc><vAcc>16.000000</vAcc></extensions></trkpt>
      <trkpt lon="-123.279150" lat="44.563138"><ele>68.706245</ele><time>2020-10-03T22:26:28Z</time><extensions><speed>0.150000</speed><course>-1.000000</course><hAcc>10.000000</hAcc><vAcc>16.000000</vAcc></extensions></trkpt>
      <trkpt lon="-123.279428" lat="44.563266"><ele>73.122337</ele><time>2020-10-03T22:26:37Z</time><extensions><speed>0.000000</speed><course>-1.000000</course><hAcc>15.999160</hAcc><vAcc>36.461048</vAcc></extensions></trkpt>
      <trkpt lon="-123.279397" lat="44.563310"><ele>73.147957</ele><time>2020-10-03T22:26:38Z</time><extensions><speed>0.000000</speed><course>-1.000000</course><hAcc>5.999685</hAcc><vAcc>9.997504</vAcc></extensions></trkpt>
      <trkpt lon="-123.279320" lat="44.563325"><ele>72.832161</ele><time>2020-10-03T22:26:38Z</time><extensions><speed>0.910000</speed><course>1.757812</course><hAcc>5.000000</hAcc><vAcc>4.000000</vAcc></extensions></trkpt>
      <trkpt lon="-123.279324" lat="44.563335"><ele>71.042427</ele><time>2020-10-03T22:26:39Z</time><extensions><speed>0.910000</speed><course>3.515625</course><hAcc>5.000000</hAcc><vAcc>4.000000</vAcc></extensions></trkpt>
      <trkpt lon="-123.279324" lat="44.563335"><ele>72.149544</ele><time>2020-10-03T22:26:40Z</time><extensions><speed>0.000000</speed><course>246.445312</course><hAcc>5.000000</hAcc><vAcc>4.000000</vAcc></extensions></trkpt>
      <trkpt lon="-123.279324" lat="44.563335"><ele>72.616402</ele><time>2020-10-03T22:26:41Z</time><extensions><speed>0.000000</speed><course>259.804688</course><hAcc>5.000000</hAcc><vAcc>4.000000</vAcc></extensions></trkpt>
      <trkpt lon="-123.279324" lat="44.563335"><ele>72.738594</ele><time>2020-10-03T22:26:42Z</time><extensions><speed>0.000000</speed><course>72.421875</course><hAcc>5.000000</hAcc><vAcc>4.000000</vAcc></extensions></trkpt>
      <trkpt lon="-123.279324" lat="44.563335"><ele>72.928658</ele><time>2020-10-03T22:26:43Z</time><extensions><speed>0.000000</speed><course>43.242188</course><hAcc>5.000000</hAcc><vAcc>4.000000</vAcc></extensions></trkpt>
      <trkpt lon="-123.279324" lat="44.563335"><ele>72.636971</ele><time>2020-10-03T22:26:44Z</time><extensions><speed>0.000000</speed><course>158.554688</course><hAcc>5.000000</hAcc><vAcc>4.000000</vAcc></extensions></trkpt>
      <trkpt lon="-123.279324" lat="44.563335"><ele>72.686226</ele><time>2020-10-03T22:26:45Z</time><extensions><speed>0.000000</speed><course>287.226562</course><hAcc>5.000000</hAcc><vAcc>4.000000</vAcc></extensions></trkpt>
      <trkpt lon="-123.279324" lat="44.563335"><ele>72.627022</ele><time>2020-10-03T22:26:46Z</time><extensions><speed>0.000000</speed><course>287.226562</course><hAcc>5.000000</hAcc><vAcc>4.000000</vAcc></extensions></trkpt>
      <trkpt lon="-123.279382" lat="44.563325"><ele>72.310432</ele><time>2020-10-03T22:26:47Z</time><extensions><speed>0.150000</speed><course>63.984375</course><hAcc>5.000000</hAcc><vAcc>4.000000</vAcc></extensions></trkpt>
      <trkpt lon="-123.279382" lat="44.563324"><ele>72.068977</ele><time>2020-10-03T22:26:48Z</time><extensions><speed>0.150000</speed><course>140.273438</course><hAcc>5.000000</hAcc><vAcc>4.000000</vAcc></extensions></trkpt>
      <trkpt lon="-123.279382" lat="44.563324"><ele>72.009163</ele><time>2020-10-03T22:26:49Z</time><extensions><speed>0.000000</speed><course>81.210938</course><hAcc>5.000000</hAcc><vAcc>4.000000</vAcc></extensions></trkpt>
      <trkpt lon="-123.279382" lat="44.563324"><ele>71.245308</ele><time>2020-10-03T22:26:50Z</time><extensions><speed>0.000000</speed><course>18.281250</course><hAcc>5.000000</hAcc><vAcc>4.000000</vAcc></extensions></trkpt>
      <trkpt lon="-123.279382" lat="44.563324"><ele>71.248421</ele><time>2020-10-03T22:26:51Z</time><extensions><speed>0.000000</speed><course>101.250000</course><hAcc>5.000000</hAcc><vAcc>4.000000</vAcc></extensions></trkpt>
      <trkpt lon="-123.279382" lat="44.563324"><ele>71.056099</ele><time>2020-10-03T22:26:52Z</time><extensions><speed>0.000000</speed><course>104.414062</course><hAcc>5.000000</hAcc><vAcc>4.000000</vAcc></extensions></trkpt>
      <trkpt lon="-123.279382" lat="44.563324"><ele>70.908577</ele><time>2020-10-03T22:26:53Z</time><extensions><speed>0.000000</speed><course>104.062500</course><hAcc>5.000000</hAcc><vAcc>4.000000</vAcc></extensions></trkpt>
      <trkpt lon="-123.279382" lat="44.563324"><ele>70.653145</ele><time>2020-10-03T22:26:54Z</time><extensions><speed>0.000000</speed><course>104.062500</course><hAcc>5.000000</hAcc><vAcc>4.000000</vAcc></extensions></trkpt>
      <trkpt lon="-123.279393" lat="44.563321"><ele>69.808723</ele><time>2020-10-03T22:26:55Z</time><extensions><speed>0.180000</speed><course>30.585938</course><hAcc>5.000000</hAcc><vAcc>4.000000</vAcc></extensions></trkpt>
      <trkpt lon="-123.279393" lat="44.563321"><ele>69.596931</ele><time>2020-10-03T22:26:57Z</time><extensions><speed>0.000000</speed><course>30.937500</course><hAcc>5.000000</hAcc><vAcc>3.000000</vAcc></extensions></trkpt>
      <trkpt lon="-123.279393" lat="44.563321"><ele>69.998909</ele><time>2020-10-03T22:26:58Z</time><extensions><speed>0.000000</speed><course>30.937500</course><hAcc>5.000000</hAcc><vAcc>4.000000</vAcc></extensions></trkpt>
      <trkpt lon="-123.279393" lat="44.563321"><ele>69.968391</ele><time>2020-10-03T22:26:59Z</time><extensions><speed>0.000000</speed><course>30.937500</course><hAcc>5.000000</hAcc><vAcc>4.000000</vAcc></extensions></trkpt>
      <trkpt lon="-123.279393" lat="44.563321"><ele>69.966499</ele><time>2020-10-03T22:27:00Z</time><extensions><speed>0.000000</speed><course>30.937500</course><hAcc>5.000000</hAcc><vAcc>4.000000</vAcc></extensions></trkpt>
      <trkpt lon="-123.279393" lat="44.563321"><ele>69.893623</ele><time>2020-10-03T22:27:01Z</time><extensions><speed>0.000000</speed><course>30.937500</course><hAcc>5.000000</hAcc><vAcc>4.000000</vAcc></extensions></trkpt>
      <trkpt lon="-123.279393" lat="44.563321"><ele>69.961006</ele><time>2020-10-03T22:27:02Z</time><extensions><speed>0.000000</speed><course>30.937500</course><hAcc>5.000000</hAcc><vAcc>4.000000</vAcc></extensions></trkpt>
      <trkpt lon="-123.279393" lat="44.563321"><ele>70.016792</ele><time>2020-10-03T22:27:03Z</time><extensions><speed>0.000000</speed><course>208.828125</course><hAcc>5.000000</hAcc><vAcc>3.000000</vAcc></extensions></trkpt>
      <trkpt lon="-123.279393" lat="44.563321"><ele>70.024040</ele><time>2020-10-03T22:27:04Z</time><extensions><speed>0.000000</speed><course>139.218750</course><hAcc>5.000000</hAcc><vAcc>4.000000</vAcc></extensions></trkpt>
      <trkpt lon="-123.279393" lat="44.563321"><ele>70.077606</ele><time>2020-10-03T22:27:05Z</time><extensions><speed>0.000000</speed><course>309.375000</course><hAcc>5.000000</hAcc><vAcc>3.000000</vAcc></extensions></trkpt>
      <trkpt lon="-123.279393" lat="44.563321"><ele>70.026306</ele><time>2020-10-03T22:27:06Z</time><extensions><speed>0.000000</speed><course>1.054688</course><hAcc>5.000000</hAcc><vAcc>3.000000</vAcc></extensions></trkpt>
      <trkpt lon="-123.279393" lat="44.563321"><ele>69.879959</ele><time>2020-10-03T22:27:07Z</time><extensions><speed>0.000000</speed><course>1.054688</course><hAcc>5.000000</hAcc><vAcc>3.000000</vAcc></extensions></trkpt>
      <trkpt lon="-123.279393" lat="44.563321"><ele>69.702347</ele><time>2020-10-03T22:27:08Z</time><extensions><speed>0.000000</speed><course>1.054688</course><hAcc>5.000000</hAcc><vAcc>3.000000</vAcc></extensions></trkpt>
      <trkpt lon="-123.279393" lat="44.563321"><ele>69.588799</ele><time>2020-10-03T22:27:09Z</time><extensions><speed>0.000000</speed><course>1.054688</course><hAcc>5.000000</hAcc><vAcc>3.000000</vAcc></extensions></trkpt>
      <trkpt lon="-123.279393" lat="44.563321"><ele>69.516106</ele><time>2020-10-03T22:27:10Z</time><extensions><speed>0.000000</speed><course>1.054688</course><hAcc>5.000000</hAcc><vAcc>3.000000</vAcc></extensions></trkpt>
      <trkpt lon="-123.279393" lat="44.563321"><ele>69.424683</ele><time>2020-10-03T22:27:11Z</time><extensions><speed>0.000000</speed><course>1.054688</course><hAcc>5.000000</hAcc><vAcc>3.000000</vAcc></extensions></trkpt>
      <trkpt lon="-123.279393" lat="44.563321"><ele>69.419189</ele><time>2020-10-03T22:27:12Z</time><extensions><speed>0.000000</speed><course>1.054688</course><hAcc>5.000000</hAcc><vAcc>3.000000</vAcc></extensions></trkpt>
      <trkpt lon="-123.279393" lat="44.563321"><ele>69.385941</ele><time>2020-10-03T22:27:13Z</time><extensions><speed>0.000000</speed><course>1.054688</course><hAcc>5.000000</hAcc><vAcc>3.000000</vAcc></extensions></trkpt>
      <trkpt lon="-123.279422" lat="44.563304"><ele>69.336182</ele><time>2020-10-03T22:27:14Z</time><extensions><speed>0.380000</speed><course>53.789062</course><hAcc>5.000000</hAcc><vAcc>3.000000</vAcc></extensions></trkpt>
      <trkpt lon="-123.279416" lat="44.563302"><ele>69.279892</ele><time>2020-10-03T22:27:15Z</time><extensions><speed>0.550000</speed><course>179.648438</course><hAcc>5.000000</hAcc><vAcc>3.000000</vAcc></extensions></trkpt>
      <trkpt lon="-123.279411" lat="44.563298"><ele>69.289574</ele><time>2020-10-03T22:27:16Z</time><extensions><speed>0.200000</speed><course>231.679688</course><hAcc>5.000000</hAcc><vAcc>3.000000</vAcc></extensions></trkpt>
      <trkpt lon="-123.279404" lat="44.563296"><ele>69.130157</ele><time>2020-10-03T22:27:17Z</time><extensions><speed>0.160000</speed><course>103.710938</course><hAcc>5.000000</hAcc><vAcc>3.000000</vAcc></extensions></trkpt>
      <trkpt lon="-123.279401" lat="44.563294"><ele>69.082214</ele><time>2020-10-03T22:27:18Z</time><extensions><speed>0.290000</speed><course>256.289062</course><hAcc>5.000000</hAcc><vAcc>3.000000</vAcc></extensions></trkpt>
      <trkpt lon="-123.279398" lat="44.563292"><ele>68.944336</ele><time>2020-10-03T22:27:19Z</time><extensions><speed>0.200000</speed><course>45.000000</course><hAcc>5.000000</hAcc><vAcc>4.000000</vAcc></extensions></trkpt>
      <trkpt lon="-123.279398" lat="44.563292"><ele>68.971436</ele><time>2020-10-03T22:27:20Z</time><extensions><speed>0.000000</speed><course>315.000000</course><hAcc>5.000000</hAcc><vAcc>4.000000</vAcc></extensions></trkpt>
      <trkpt lon="-123.279398" lat="44.563292"><ele>68.967506</ele><time>2020-10-03T22:27:21Z</time><extensions><speed>0.000000</speed><course>315.351562</course><hAcc>5.000000</hAcc><vAcc>4.000000</vAcc></extensions></trkpt>
      <trkpt lon="-123.279398" lat="44.563292"><ele>68.970871</ele><time>2020-10-03T22:27:22Z</time><extensions><speed>0.000000</speed><course>315.351562</course><hAcc>5.000000</hAcc><vAcc>3.000000</vAcc></extensions></trkpt>
      <trkpt lon="-123.279398" lat="44.563292"><ele>68.984085</ele><time>2020-10-03T22:27:23Z</time><extensions><speed>0.000000</speed><course>315.351562</course><hAcc>5.000000</hAcc><vAcc>3.000000</vAcc></extensions></trkpt>
      <trkpt lon="-123.279398" lat="44.563292"><ele>69.174957</ele><time>2020-10-03T22:27:24Z</time><extensions><speed>0.000000</speed><course>227.460938</course><hAcc>5.000000</hAcc><vAcc>3.000000</vAcc></extensions></trkpt>
      <trkpt lon="-123.279398" lat="44.563286"><ele>69.373001</ele><time>2020-10-03T22:27:25Z</time><extensions><speed>0.250000</speed><course>265.078125</course><hAcc>5.000000</hAcc><vAcc>3.000000</vAcc></extensions></trkpt>
      <trkpt lon="-123.279417" lat="44.563277"><ele>69.402573</ele><time>2020-10-03T22:27:26Z</time><extensions><speed>2.050000</speed><course>217.968750</course><hAcc>5.000000</hAcc><vAcc>3.000000</vAcc></extensions></trkpt>
      <trkpt lon="-123.279441" lat="44.563262"><ele>68.930107</ele><time>2020-10-03T22:27:27Z</time><extensions><speed>2.720000</speed><course>229.921875</course><hAcc>5.000000</hAcc><vAcc>3.000000</vAcc></extensions></trkpt>
      <trkpt lon="-123.279476" lat="44.563250"><ele>68.623749</ele><time>2020-10-03T22:27:28Z</time><extensions><speed>2.720000</speed><course>248.203125</course><hAcc>5.000000</hAcc><vAcc>3.000000</vAcc></extensions></trkpt>
      <trkpt lon="-123.279522" lat="44.563254"><ele>68.825127</ele><time>2020-10-03T22:27:29Z</time><extensions><speed>3.470000</speed><course>283.710938</course><hAcc>5.000000</hAcc><vAcc>3.000000</vAcc></extensions></trkpt>
      <trkpt lon="-123.279560" lat="44.563281"><ele>69.017433</ele><time>2020-10-03T22:27:30Z</time><extensions><speed>4.270000</speed><course>318.515625</course><hAcc>5.000000</hAcc><vAcc>3.000000</vAcc></extensions></trkpt>
      <trkpt lon="-123.279556" lat="44.563358"><ele>68.669334</ele><time>2020-10-03T22:27:31Z</time><extensions><speed>4.870000</speed><course>349.453125</course><hAcc>5.000000</hAcc><vAcc>3.000000</vAcc></extensions></trkpt>
      <trkpt lon="-123.279579" lat="44.563403"><ele>69.002739</ele><time>2020-10-03T22:27:32Z</time><extensions><speed>4.870000</speed><course>342.070312</course><hAcc>5.000000</hAcc><vAcc>3.000000</vAcc></extensions></trkpt>
      <trkpt lon="-123.279597" lat="44.563461"><ele>68.958466</ele><time>2020-10-03T22:27:33Z</time><extensions><speed>5.580000</speed><course>344.882812</course><hAcc>5.000000</hAcc><vAcc>3.000000</vAcc></extensions></trkpt>
      <trkpt lon="-123.279624" lat="44.563514"><ele>68.864700</ele><time>2020-10-03T22:27:34Z</time><extensions><speed>5.600000</speed><course>341.015625</course><hAcc>5.000000</hAcc><vAcc>3.000000</vAcc></extensions></trkpt>
      <trkpt lon="-123.279648" lat="44.563560"><ele>69.185356</ele><time>2020-10-03T22:27:35Z</time><extensions><speed>5.600000</speed><course>340.312500</course><hAcc>5.000000</hAcc><vAcc>3.000000</vAcc></extensions></trkpt>
      <trkpt lon="-123.279667" lat="44.563610"><ele>69.312202</ele><time>2020-10-03T22:27:36Z</time><extensions><speed>5.600000</speed><course>340.312500</course><hAcc>5.000000</hAcc><vAcc>3.000000</vAcc></extensions></trkpt>
      <trkpt lon="-123.279690" lat="44.563658"><ele>69.686134</ele><time>2020-10-03T22:27:37Z</time><extensions><speed>5.650000</speed><course>340.312500</course><hAcc>5.000000</hAcc><vAcc>3.000000</vAcc></extensions></trkpt>
      <trkpt lon="-123.279709" lat="44.563708"><ele>69.688141</ele><time>2020-10-03T22:27:38Z</time><extensions><speed>5.450000</speed><course>342.773438</course><hAcc>5.000000</hAcc><vAcc>3.000000</vAcc></extensions></trkpt>
      <trkpt lon="-123.279727" lat="44.563764"><ele>69.955353</ele><time>2020-10-03T22:27:39Z</time><extensions><speed>5.920000</speed><course>342.773438</course><hAcc>5.000000</hAcc><vAcc>3.000000</vAcc></extensions></trkpt>
      <trkpt lon="-123.279762" lat="44.563797"><ele>70.098305</ele><time>2020-10-03T22:27:40Z</time><extensions><speed>5.510000</speed><course>341.367188</course><hAcc>5.000000</hAcc><vAcc>3.000000</vAcc></extensions></trkpt>
      <trkpt lon="-123.279792" lat="44.563838"><ele>70.761208</ele><time>2020-10-03T22:27:41Z</time><extensions><speed>5.510000</speed><course>328.710938</course><hAcc>5.000000</hAcc><vAcc>4.000000</vAcc></extensions></trkpt>
      <trkpt lon="-123.279830" lat="44.563882"><ele>70.536003</ele><time>2020-10-03T22:27:42Z</time><extensions><speed>5.470000</speed><course>330.117188</course><hAcc>5.000000</hAcc><vAcc>3.000000</vAcc></extensions></trkpt>
      <trkpt lon="-123.279851" lat="44.563938"><ele>70.919151</ele><time>2020-10-03T22:27:43Z</time><extensions><speed>6.330000</speed><course>348.398438</course><hAcc>5.000000</hAcc><vAcc>3.000000</vAcc></extensions></trkpt>
      <trkpt lon="-123.279858" lat="44.564001"><ele>71.215034</ele><time>2020-10-03T22:27:44Z</time><extensions><speed>5.470000</speed><course>358.593750</course><hAcc>5.000000</hAcc><vAcc>3.000000</vAcc></extensions></trkpt>
      <trkpt lon="-123.279865" lat="44.564046"><ele>71.754196</ele><time>2020-10-03T22:27:45Z</time><extensions><speed>5.540000</speed><course>359.648438</course><hAcc>5.000000</hAcc><vAcc>3.000000</vAcc></extensions></trkpt>
      <trkpt lon="-123.279872" lat="44.564104"><ele>71.626472</ele><time>2020-10-03T22:27:46Z</time><extensions><speed>5.800000</speed><course>357.890625</course><hAcc>5.000000</hAcc><vAcc>3.000000</vAcc></extensions></trkpt>
      <trkpt lon="-123.279862" lat="44.564167"><ele>72.022636</ele><time>2020-10-03T22:27:47Z</time><extensions><speed>6.230000</speed><course>359.296875</course><hAcc>5.000000</hAcc><vAcc>3.000000</vAcc></extensions></trkpt>
      <trkpt lon="-123.279862" lat="44.564224"><ele>71.932526</ele><time>2020-10-03T22:27:48Z</time><extensions><speed>6.140000</speed><course>357.890625</course><hAcc>5.000000</hAcc><vAcc>4.000000</vAcc></extensions></trkpt>
      <trkpt lon="-123.279872" lat="44.564266"><ele>72.094879</ele><time>2020-10-03T22:27:49Z</time><extensions><speed>6.140000</speed><course>357.187500</course><hAcc>5.000000</hAcc><vAcc>4.000000</vAcc></extensions></trkpt>
      <trkpt lon="-123.279871" lat="44.564317"><ele>72.247131</ele><time>2020-10-03T22:27:50Z</time><extensions><speed>5.300000</speed><course>356.132812</course><hAcc>5.000000</hAcc><vAcc>4.000000</vAcc></extensions></trkpt>
      <trkpt lon="-123.279872" lat="44.564365"><ele>72.494125</ele><time>2020-10-03T22:27:51Z</time><extensions><speed>5.980000</speed><course>358.242188</course><hAcc>5.000000</hAcc><vAcc>4.000000</vAcc></extensions></trkpt>
      <trkpt lon="-123.279874" lat="44.564414"><ele>72.586555</ele><time>2020-10-03T22:27:52Z</time><extensions><speed>5.980000</speed><course>3.164062</course><hAcc>5.000000</hAcc><vAcc>4.000000</vAcc></extensions></trkpt>
      <trkpt lon="-123.279875" lat="44.564469"><ele>72.415848</ele><time>2020-10-03T22:27:53Z</time><extensions><speed>5.980000</speed><course>0.703125</course><hAcc>5.000000</hAcc><vAcc>4.000000</vAcc></extensions></trkpt>
      <trkpt lon="-123.279885" lat="44.564525"><ele>72.359848</ele><time>2020-10-03T22:27:54Z</time><extensions><speed>5.760000</speed><course>352.617188</course><hAcc>5.000000</hAcc><vAcc>3.000000</vAcc></extensions></trkpt>
      <trkpt lon="-123.279899" lat="44.564580"><ele>72.879814</ele><time>2020-10-03T22:27:55Z</time><extensions><speed>5.760000</speed><course>352.617188</course><hAcc>5.000000</hAcc><vAcc>3.000000</vAcc></extensions></trkpt>
      <trkpt lon="-123.279895" lat="44.564639"><ele>72.864250</ele><time>2020-10-03T22:27:56Z</time><extensions><speed>5.630000</speed><course>3.867188</course><hAcc>5.000000</hAcc><vAcc>3.000000</vAcc></extensions></trkpt>
      <trkpt lon="-123.279897" lat="44.564693"><ele>72.946838</ele><time>2020-10-03T22:27:57Z</time><extensions><speed>5.380000</speed><course>353.320312</course><hAcc>5.000000</hAcc><vAcc>3.000000</vAcc></extensions></trkpt>
      <trkpt lon="-123.279915" lat="44.564742"><ele>72.822151</ele><time>2020-10-03T22:27:58Z</time><extensions><speed>5.190000</speed><course>354.023438</course><hAcc>5.000000</hAcc><vAcc>3.000000</vAcc></extensions></trkpt>
      <trkpt lon="-123.279924" lat="44.564790"><ele>72.811562</ele><time>2020-10-03T22:27:59Z</time><extensions><speed>5.190000</speed><course>357.890625</course><hAcc>5.000000</hAcc><vAcc>3.000000</vAcc></extensions></trkpt>
      <trkpt lon="-123.279915" lat="44.564836"><ele>73.262222</ele><time>2020-10-03T22:28:00Z</time><extensions><speed>5.190000</speed><course>6.328125</course><hAcc>5.000000</hAcc><vAcc>3.000000</vAcc></extensions></trkpt>
      <trkpt lon="-123.279912" lat="44.564883"><ele>72.884109</ele><time>2020-10-03T22:28:01Z</time><extensions><speed>5.230000</speed><course>2.812500</course><hAcc>5.000000</hAcc><vAcc>4.000000</vAcc></extensions></trkpt>
      <trkpt lon="-123.279916" lat="44.564924"><ele>72.743500</ele><time>2020-10-03T22:28:02Z</time><extensions><speed>4.250000</speed><course>1.406250</course><hAcc>5.000000</hAcc><vAcc>4.000000</vAcc></extensions></trkpt>
      <trkpt lon="-123.279915" lat="44.564968"><ele>72.550858</ele><time>2020-10-03T22:28:03Z</time><extensions><speed>4.880000</speed><course>1.054688</course><hAcc>5.000000</hAcc><vAcc>4.000000</vAcc></extensions></trkpt>
      <trkpt lon="-123.279920" lat="44.565013"><ele>72.824280</ele><time>2020-10-03T22:28:04Z</time><extensions><speed>4.340000</speed><course>353.671875</course><hAcc>5.000000</hAcc><vAcc>4.000000</vAcc></extensions></trkpt>
      <trkpt lon="-123.279913" lat="44.565058"><ele>72.958984</ele><time>2020-10-03T22:28:05Z</time><extensions><speed>4.880000</speed><course>9.140625</course><hAcc>5.000000</hAcc><vAcc>4.000000</vAcc></extensions></trkpt>
      <trkpt lon="-123.279907" lat="44.565098"><ele>72.481140</ele><time>2020-10-03T22:28:06Z</time><extensions><speed>4.940000</speed><course>5.625000</course><hAcc>5.000000</hAcc><vAcc>4.000000</vAcc></extensions></trkpt>
      <trkpt lon="-123.279916" lat="44.565136"><ele>72.601768</ele><time>2020-10-03T22:28:07Z</time><extensions><speed>5.160000</speed><course>1.054688</course><hAcc>5.000000</hAcc><vAcc>4.000000</vAcc></extensions></trkpt>
      <trkpt lon="-123.279918" lat="44.565184"><ele>73.014557</ele><time>2020-10-03T22:28:08Z</time><extensions><speed>5.160000</speed><course>354.023438</course><hAcc>5.000000</hAcc><vAcc>4.000000</vAcc></extensions></trkpt>
      <trkpt lon="-123.279919" lat="44.565222"><ele>72.891853</ele><time>2020-10-03T22:28:09Z</time><extensions><speed>5.160000</speed><course>355.781250</course><hAcc>5.000000</hAcc><vAcc>4.000000</vAcc></extensions></trkpt>
      <trkpt lon="-123.279929" lat="44.565271"><ele>72.775826</ele><time>2020-10-03T22:28:10Z</time><extensions><speed>5.030000</speed><course>358.593750</course><hAcc>5.000000</hAcc><vAcc>4.000000</vAcc></extensions></trkpt>
      <trkpt lon="-123.279924" lat="44.565315"><ele>73.155632</ele><time>2020-10-03T22:28:11Z</time><extensions><speed>5.400000</speed><course>2.460938</course><hAcc>5.000000</hAcc><vAcc>4.000000</vAcc></extensions></trkpt>
      <trkpt lon="-123.279925" lat="44.565354"><ele>72.978867</ele><time>2020-10-03T22:28:12Z</time><extensions><speed>5.030000</speed><course>3.515625</course><hAcc>5.000000</hAcc><vAcc>4.000000</vAcc></extensions></trkpt>
      <trkpt lon="-123.279930" lat="44.565404"><ele>73.448219</ele><time>2020-10-03T22:28:13Z</time><extensions><speed>4.560000</speed><course>4.218750</course><hAcc>5.000000</hAcc><vAcc>4.000000</vAcc></extensions></trkpt>
      <trkpt lon="-123.279924" lat="44.565453"><ele>73.457245</ele><time>2020-10-03T22:28:14Z</time><extensions><speed>4.620000</speed><course>10.546875</course><hAcc>5.000000</hAcc><vAcc>4.000000</vAcc></extensions></trkpt>
      <trkpt lon="-123.279912" lat="44.565491"><ele>73.370811</ele><time>2020-10-03T22:28:15Z</time><extensions><speed>4.620000</speed><course>10.195312</course><hAcc>5.000000</hAcc><vAcc>4.000000</vAcc></extensions></trkpt>
      <trkpt lon="-123.279894" lat="44.565524"><ele>73.403442</ele><time>2020-10-03T22:28:16Z</time><extensions><speed>4.240000</speed><course>4.218750</course><hAcc>5.000000</hAcc><vAcc>4.000000</vAcc></extensions></trkpt>
      <trkpt lon="-123.279878" lat="44.565552"><ele>73.580048</ele><time>2020-10-03T22:28:17Z</time><extensions><speed>3.980000</speed><course>8.437500</course><hAcc>5.000000</hAcc><vAcc>4.000000</vAcc></extensions></trkpt>
      <trkpt lon="-123.279888" lat="44.565602"><ele>73.590569</ele><time>2020-10-03T22:28:18Z</time><extensions><speed>4.730000</speed><course>359.648438</course><hAcc>5.000000</hAcc><vAcc>4.000000</vAcc></extensions></trkpt>
      <trkpt lon="-123.279887" lat="44.565645"><ele>73.771515</ele><time>2020-10-03T22:28:19Z</time><extensions><speed>4.790000</speed><course>0.000000</course><hAcc>5.000000</hAcc><vAcc>4.000000</vAcc></extensions></trkpt>
      <trkpt lon="-123.279893" lat="44.565676"><ele>73.881233</ele><time>2020-10-03T22:28:20Z</time><extensions><speed>4.730000</speed><course>352.265625</course><hAcc>5.000000</hAcc><vAcc>4.000000</vAcc></extensions></trkpt>
      <trkpt lon="-123.279883" lat="44.565716"><ele>73.841682</ele><time>2020-10-03T22:28:21Z</time><extensions><speed>4.330000</speed><course>4.921875</course><hAcc>5.000000</hAcc><vAcc>4.000000</vAcc></extensions></trkpt>
      <trkpt lon="-123.279877" lat="44.565762"><ele>73.957024</ele><time>2020-10-03T22:28:22Z</time><extensions><speed>4.330000</speed><course>2.460938</course><hAcc>5.000000</hAcc><vAcc>4.000000</vAcc></extensions></trkpt>
      <trkpt lon="-123.279888" lat="44.565817"><ele>74.031631</ele><time>2020-10-03T22:28:23Z</time><extensions><speed>4.660000</speed><course>354.726562</course><hAcc>5.000000</hAcc><vAcc>4.000000</vAcc></extensions></trkpt>
      <trkpt lon="-123.279901" lat="44.565850"><ele>74.165619</ele><time>2020-10-03T22:28:24Z</time><extensions><speed>4.660000</speed><course>346.289062</course><hAcc>5.000000</hAcc><vAcc>4.000000</vAcc></extensions></trkpt>
      <trkpt lon="-123.279909" lat="44.565898"><ele>74.192146</ele><time>2020-10-03T22:28:25Z</time><extensions><speed>4.660000</speed><course>348.750000</course><hAcc>5.000000</hAcc><vAcc>4.000000</vAcc></extensions></trkpt>
      <trkpt lon="-123.279920" lat="44.565933"><ele>74.342102</ele><time>2020-10-03T22:28:26Z</time><extensions><speed>4.340000</speed><course>355.078125</course><hAcc>5.000000</hAcc><vAcc>4.000000</vAcc></extensions></trkpt>
      <trkpt lon="-123.279929" lat="44.565969"><ele>74.111923</ele><time>2020-10-03T22:28:27Z</time><extensions><speed>4.160000</speed><course>338.554688</course><hAcc>5.000000</hAcc><vAcc>4.000000</vAcc></extensions></trkpt>
      <trkpt lon="-123.279912" lat="44.566009"><ele>74.287109</ele><time>2020-10-03T22:28:28Z</time><extensions><speed>4.610000</speed><course>357.890625</course><hAcc>5.000000</hAcc><vAcc>4.000000</vAcc></extensions></trkpt>
      <trkpt lon="-123.279923" lat="44.566059"><ele>74.128181</ele><time>2020-10-03T22:28:29Z</time><extensions><speed>4.610000</speed><course>354.023438</course><hAcc>5.000000</hAcc><vAcc>4.000000</vAcc></extensions></trkpt>
      <trkpt lon="-123.279918" lat="44.566103"><ele>74.291374</ele><time>2020-10-03T22:28:30Z</time><extensions><speed>4.610000</speed><course>0.703125</course><hAcc>5.000000</hAcc><vAcc>4.000000</vAcc></extensions></trkpt>
      <trkpt lon="-123.279905" lat="44.566145"><ele>74.256287</ele><time>2020-10-03T22:28:31Z</time><extensions><speed>4.340000</speed><course>2.460938</course><hAcc>5.000000</hAcc><vAcc>4.000000</vAcc></extensions></trkpt>
      <trkpt lon="-123.279909" lat="44.566187"><ele>74.799759</ele><time>2020-10-03T22:28:32Z</time><extensions><speed>4.750000</speed><course>346.640625</course><hAcc>5.000000</hAcc><vAcc>4.000000</vAcc></extensions></trkpt>
      <trkpt lon="-123.279927" lat="44.566230"><ele>74.842209</ele><time>2020-10-03T22:28:33Z</time><extensions><speed>5.260000</speed><course>354.375000</course><hAcc>5.000000</hAcc><vAcc>4.000000</vAcc></extensions></trkpt>
      <trkpt lon="-123.279926" lat="44.566283"><ele>74.611038</ele><time>2020-10-03T22:28:34Z</time><extensions><speed>5.260000</speed><course>356.835938</course><hAcc>5.000000</hAcc><vAcc>4.000000</vAcc></extensions></trkpt>
      <trkpt lon="-123.279941" lat="44.566326"><ele>74.635483</ele><time>2020-10-03T22:28:35Z</time><extensions><speed>5.260000</speed><course>350.156250</course><hAcc>5.000000</hAcc><vAcc>4.000000</vAcc></extensions></trkpt>
      <trkpt lon="-123.279934" lat="44.566385"><ele>74.729637</ele><time>2020-10-03T22:28:36Z</time><extensions><speed>5.870000</speed><course>0.000000</course><hAcc>5.000000</hAcc><vAcc>4.000000</vAcc></extensions></trkpt>
      <trkpt lon="-123.279924" lat="44.566431"><ele>74.797516</ele><time>2020-10-03T22:28:37Z</time><extensions><speed>5.990000</speed><course>0.351562</course><hAcc>5.000000</hAcc><vAcc>4.000000</vAcc></extensions></trkpt>
      <trkpt lon="-123.279928" lat="44.566487"><ele>74.986778</ele><time>2020-10-03T22:28:38Z</time><extensions><speed>5.990000</speed><course>358.242188</course><hAcc>5.000000</hAcc><vAcc>4.000000</vAcc></extensions></trkpt>
      <trkpt lon="-123.279937" lat="44.566549"><ele>75.124435</ele><time>2020-10-03T22:28:39Z</time><extensions><speed>6.170000</speed><course>0.000000</course><hAcc>5.000000</hAcc><vAcc>4.000000</vAcc></extensions></trkpt>
      <trkpt lon="-123.279949" lat="44.566609"><ele>74.744514</ele><time>2020-10-03T22:28:40Z</time><extensions><speed>6.210000</speed><course>356.132812</course><hAcc>5.000000</hAcc><vAcc>4.000000</vAcc></extensions></trkpt>
      <trkpt lon="-123.279939" lat="44.566663"><ele>75.103783</ele><time>2020-10-03T22:28:41Z</time><extensions><speed>5.930000</speed><course>356.132812</course><hAcc>5.000000</hAcc><vAcc>4.000000</vAcc></extensions></trkpt>
      <trkpt lon="-123.279901" lat="44.566711"><ele>75.320282</ele><time>2020-10-03T22:28:42Z</time><extensions><speed>6.040000</speed><course>1.406250</course><hAcc>5.000000</hAcc><vAcc>4.000000</vAcc></extensions></trkpt>
      <trkpt lon="-123.279896" lat="44.566769"><ele>75.701286</ele><time>2020-10-03T22:28:43Z</time><extensions><speed>6.040000</speed><course>354.726562</course><hAcc>5.000000</hAcc><vAcc>4.000000</vAcc></extensions></trkpt>
      <trkpt lon="-123.279898" lat="44.566821"><ele>75.421501</ele><time>2020-10-03T22:28:44Z</time><extensions><speed>6.280000</speed><course>355.078125</course><hAcc>5.000000</hAcc><vAcc>4.000000</vAcc></extensions></trkpt>
      <trkpt lon="-123.279905" lat="44.566883"><ele>75.736610</ele><time>2020-10-03T22:28:45Z</time><extensions><speed>6.240000</speed><course>356.132812</course><hAcc>5.000000</hAcc><vAcc>4.000000</vAcc></extensions></trkpt>
      <trkpt lon="-123.279897" lat="44.566934"><ele>75.394386</ele><time>2020-10-03T22:28:46Z</time><extensions><speed>6.240000</speed><course>357.539062</course><hAcc>5.000000</hAcc><vAcc>4.000000</vAcc></extensions></trkpt>
      <trkpt lon="-123.279904" lat="44.566990"><ele>75.633400</ele><time>2020-10-03T22:28:47Z</time><extensions><speed>6.100000</speed><course>356.835938</course><hAcc>5.000000</hAcc><vAcc>4.000000</vAcc></extensions></trkpt>
      <trkpt lon="-123.279903" lat="44.567038"><ele>75.378868</ele><time>2020-10-03T22:28:48Z</time><extensions><speed>6.040000</speed><course>352.968750</course><hAcc>5.000000</hAcc><vAcc>4.000000</vAcc></extensions></trkpt>
      <trkpt lon="-123.279914" lat="44.567093"><ele>75.379257</ele><time>2020-10-03T22:28:49Z</time><extensions><speed>5.970000</speed><course>355.429688</course><hAcc>5.000000</hAcc><vAcc>4.000000</vAcc></extensions></trkpt>
      <trkpt lon="-123.279919" lat="44.567143"><ele>75.296371</ele><time>2020-10-03T22:28:50Z</time><extensions><speed>5.520000</speed><course>355.429688</course><hAcc>5.000000</hAcc><vAcc>4.000000</vAcc></extensions></trkpt>
      <trkpt lon="-123.279931" lat="44.567204"><ele>75.988731</ele><time>2020-10-03T22:28:51Z</time><extensions><speed>6.150000</speed><course>3.164062</course><hAcc>5.000000</hAcc><vAcc>4.000000</vAcc></extensions></trkpt>
      <trkpt lon="-123.279935" lat="44.567252"><ele>76.145706</ele><time>2020-10-03T22:28:52Z</time><extensions><speed>5.690000</speed><course>358.945312</course><hAcc>5.000000</hAcc><vAcc>4.000000</vAcc></extensions></trkpt>
      <trkpt lon="-123.279928" lat="44.567304"><ele>76.256798</ele><time>2020-10-03T22:28:53Z</time><extensions><speed>5.730000</speed><course>359.296875</course><hAcc>5.000000</hAcc><vAcc>4.000000</vAcc></extensions></trkpt>
      <trkpt lon="-123.279924" lat="44.567355"><ele>76.089050</ele><time>2020-10-03T22:28:54Z</time><extensions><speed>5.380000</speed><course>1.406250</course><hAcc>5.000000</hAcc><vAcc>4.000000</vAcc></extensions></trkpt>
      <trkpt lon="-123.279934" lat="44.567412"><ele>76.145599</ele><time>2020-10-03T22:28:55Z</time><extensions><speed>5.950000</speed><course>2.109375</course><hAcc>5.000000</hAcc><vAcc>4.000000</vAcc></extensions></trkpt>
      <trkpt lon="-123.279919" lat="44.567468"><ele>76.192245</ele><time>2020-10-03T22:28:56Z</time><extensions><speed>5.770000</speed><course>1.054688</course><hAcc>5.000000</hAcc><vAcc>4.000000</vAcc></extensions></trkpt>
      <trkpt lon="-123.279911" lat="44.567514"><ele>76.105507</ele><time>2020-10-03T22:28:57Z</time><extensions><speed>5.770000</speed><course>1.757812</course><hAcc>5.000000</hAcc><vAcc>4.000000</vAcc></extensions></trkpt>
      <trkpt lon="-123.279904" lat="44.567559"><ele>76.035576</ele><time>2020-10-03T22:28:58Z</time><extensions><speed>5.420000</speed><course>2.812500</course><hAcc>5.000000</hAcc><vAcc>4.000000</vAcc></extensions></trkpt>
      <trkpt lon="-123.279901" lat="44.567607"><ele>76.272911</ele><time>2020-10-03T22:28:59Z</time><extensions><speed>5.330000</speed><course>2.460938</course><hAcc>5.000000</hAcc><vAcc>4.000000</vAcc></extensions></trkpt>
      <trkpt lon="-123.279931" lat="44.567666"><ele>75.977791</ele><time>2020-10-03T22:29:00Z</time><extensions><speed>5.510000</speed><course>1.054688</course><hAcc>5.000000</hAcc><vAcc>4.000000</vAcc></extensions></trkpt>
      <trkpt lon="-123.279926" lat="44.567712"><ele>76.235214</ele><time>2020-10-03T22:29:01Z</time><extensions><speed>5.510000</speed><course>1.406250</course><hAcc>5.000000</hAcc><vAcc>4.000000</vAcc></extensions></trkpt>
      <trkpt lon="-123.279930" lat="44.567761"><ele>76.184044</ele><time>2020-10-03T22:29:02Z</time><extensions><speed>5.510000</speed><course>1.054688</course><hAcc>5.000000</hAcc><vAcc>4.000000</vAcc></extensions></trkpt>
      <trkpt lon="-123.279924" lat="44.567806"><ele>76.119049</ele><time>2020-10-03T22:29:03Z</time><extensions><speed>4.740000</speed><course>357.890625</course><hAcc>5.000000</hAcc><vAcc>4.000000</vAcc></extensions></trkpt>
      <trkpt lon="-123.279912" lat="44.567851"><ele>75.891586</ele><time>2020-10-03T22:29:04Z</time><extensions><speed>5.050000</speed><course>1.406250</course><hAcc>5.000000</hAcc><vAcc>4.000000</vAcc></extensions></trkpt>
      <trkpt lon="-123.279892" lat="44.567913"><ele>75.938507</ele><time>2020-10-03T22:29:05Z</time><extensions><speed>5.050000</speed><course>359.648438</course><hAcc>5.000000</hAcc><vAcc>4.000000</vAcc></extensions></trkpt>
      <trkpt lon="-123.279883" lat="44.567961"><ele>75.889633</ele><time>2020-10-03T22:29:06Z</time><extensions><speed>5.370000</speed><course>357.539062</course><hAcc>5.000000</hAcc><vAcc>4.000000</vAcc></extensions></trkpt>
      <trkpt lon="-123.279893" lat="44.568014"><ele>76.255913</ele><time>2020-10-03T22:29:07Z</time><extensions><speed>5.500000</speed><course>347.695312</course><hAcc>5.000000</hAcc><vAcc>4.000000</vAcc></extensions></trkpt>
      <trkpt lon="-123.279902" lat="44.568071"><ele>75.450699</ele><time>2020-10-03T22:29:08Z</time><extensions><speed>5.950000</speed><course>352.617188</course><hAcc>5.000000</hAcc><vAcc>4.000000</vAcc></extensions></trkpt>
      <trkpt lon="-123.279909" lat="44.568130"><ele>75.551743</ele><time>2020-10-03T22:29:09Z</time><extensions><speed>5.950000</speed><course>351.914062</course><hAcc>5.000000</hAcc><vAcc>4.000000</vAcc></extensions></trkpt>
      <trkpt lon="-123.279918" lat="44.568177"><ele>75.643730</ele><time>2020-10-03T22:29:10Z</time><extensions><speed>5.490000</speed><course>356.132812</course><hAcc>5.000000</hAcc><vAcc>3.000000</vAcc></extensions></trkpt>
      <trkpt lon="-123.279941" lat="44.568241"><ele>75.892342</ele><time>2020-10-03T22:29:11Z</time><extensions><speed>5.490000</speed><course>356.835938</course><hAcc>5.000000</hAcc><vAcc>3.000000</vAcc></extensions></trkpt>
      <trkpt lon="-123.279959" lat="44.568297"><ele>76.115044</ele><time>2020-10-03T22:29:12Z</time><extensions><speed>5.850000</speed><course>350.859375</course><hAcc>5.000000</hAcc><vAcc>4.000000</vAcc></extensions></trkpt>
      <trkpt lon="-123.279969" lat="44.568345"><ele>75.606026</ele><time>2020-10-03T22:29:13Z</time><extensions><speed>5.630000</speed><course>355.429688</course><hAcc>5.000000</hAcc><vAcc>3.000000</vAcc></extensions></trkpt>
      <trkpt lon="-123.279966" lat="44.568399"><ele>75.659416</ele><time>2020-10-03T22:29:14Z</time><extensions><speed>5.630000</speed><course>357.187500</course><hAcc>5.000000</hAcc><vAcc>3.000000</vAcc></extensions></trkpt>
      <trkpt lon="-123.279967" lat="44.568446"><ele>75.138573</ele><time>2020-10-03T22:29:15Z</time><extensions><speed>5.510000</speed><course>0.000000</course><hAcc>5.000000</hAcc><vAcc>3.000000</vAcc></extensions></trkpt>
      <trkpt lon="-123.279967" lat="44.568495"><ele>75.511208</ele><time>2020-10-03T22:29:16Z</time><extensions><speed>5.500000</speed><course>0.000000</course><hAcc>5.000000</hAcc><vAcc>3.000000</vAcc></extensions></trkpt>
      <trkpt lon="-123.279969" lat="44.568534"><ele>75.495720</ele><time>2020-10-03T22:29:17Z</time><extensions><speed>5.500000</speed><course>358.593750</course><hAcc>5.000000</hAcc><vAcc>4.000000</vAcc></extensions></trkpt>
      <trkpt lon="-123.279961" lat="44.568579"><ele>75.479652</ele><time>2020-10-03T22:29:18Z</time><extensions><speed>5.360000</speed><course>356.132812</course><hAcc>5.000000</hAcc><vAcc>3.000000</vAcc></extensions></trkpt>
      <trkpt lon="-123.279973" lat="44.568625"><ele>75.572037</ele><time>2020-10-03T22:29:19Z</time><extensions><speed>5.410000</speed><course>351.562500</course><hAcc>5.000000</hAcc><vAcc>3.000000</vAcc></extensions></trkpt>
      <trkpt lon="-123.279983" lat="44.568674"><ele>75.395447</ele><time>2020-10-03T22:29:20Z</time><extensions><speed>5.410000</speed><course>351.562500</course><hAcc>5.000000</hAcc><vAcc>3.000000</vAcc></extensions></trkpt>
      <trkpt lon="-123.280003" lat="44.568728"><ele>75.448067</ele><time>2020-10-03T22:29:21Z</time><extensions><speed>5.410000</speed><course>358.242188</course><hAcc>5.000000</hAcc><vAcc>4.000000</vAcc></extensions></trkpt>
      <trkpt lon="-123.280014" lat="44.568774"><ele>75.453125</ele><time>2020-10-03T22:29:22Z</time><extensions><speed>5.380000</speed><course>1.054688</course><hAcc>5.000000</hAcc><vAcc>4.000000</vAcc></extensions></trkpt>
      <trkpt lon="-123.280024" lat="44.568819"><ele>75.378738</ele><time>2020-10-03T22:29:23Z</time><extensions><speed>5.200000</speed><course>358.593750</course><hAcc>5.000000</hAcc><vAcc>4.000000</vAcc></extensions></trkpt>
      <trkpt lon="-123.280025" lat="44.568862"><ele>75.105568</ele><time>2020-10-03T22:29:24Z</time><extensions><speed>5.260000</speed><course>3.515625</course><hAcc>5.000000</hAcc><vAcc>4.000000</vAcc></extensions></trkpt>
      <trkpt lon="-123.280031" lat="44.568908"><ele>76.048782</ele><time>2020-10-03T22:29:25Z</time><extensions><speed>5.260000</speed><course>349.453125</course><hAcc>5.000000</hAcc><vAcc>4.000000</vAcc></extensions></trkpt>
      <trkpt lon="-123.280067" lat="44.568954"><ele>75.351379</ele><time>2020-10-03T22:29:26Z</time><extensions><speed>5.260000</speed><course>331.875000</course><hAcc>5.000000</hAcc><vAcc>3.000000</vAcc></extensions></trkpt>
      <trkpt lon="-123.280096" lat="44.568987"><ele>75.371811</ele><time>2020-10-03T22:29:27Z</time><extensions><speed>5.100000</speed><course>341.015625</course><hAcc>5.000000</hAcc><vAcc>3.000000</vAcc></extensions></trkpt>
      <trkpt lon="-123.280147" lat="44.569029"><ele>75.337097</ele><time>2020-10-03T22:29:28Z</time><extensions><speed>5.150000</speed><course>316.406250</course><hAcc>5.000000</hAcc><vAcc>3.000000</vAcc></extensions></trkpt>
      <trkpt lon="-123.280175" lat="44.569047"><ele>75.593887</ele><time>2020-10-03T22:29:29Z</time><extensions><speed>5.230000</speed><course>302.343750</course><hAcc>5.000000</hAcc><vAcc>3.000000</vAcc></extensions></trkpt>
      <trkpt lon="-123.280219" lat="44.569073"><ele>75.714592</ele><time>2020-10-03T22:29:30Z</time><extensions><speed>5.150000</speed><course>307.968750</course><hAcc>5.000000</hAcc><vAcc>3.000000</vAcc></extensions></trkpt>
      <trkpt lon="-123.280270" lat="44.569110"><ele>75.390625</ele><time>2020-10-03T22:29:31Z</time><extensions><speed>5.230000</speed><course>313.945312</course><hAcc>5.000000</hAcc><vAcc>3.000000</vAcc></extensions></trkpt>
      <trkpt lon="-123.280328" lat="44.569146"><ele>75.806313</ele><time>2020-10-03T22:29:32Z</time><extensions><speed>5.520000</speed><course>313.945312</course><hAcc>5.000000</hAcc><vAcc>3.000000</vAcc></extensions></trkpt>
      <trkpt lon="-123.280375" lat="44.569192"><ele>75.822166</ele><time>2020-10-03T22:29:33Z</time><extensions><speed>5.700000</speed><course>316.406250</course><hAcc>5.000000</hAcc><vAcc>3.000000</vAcc></extensions></trkpt>
      <trkpt lon="-123.280435" lat="44.569214"><ele>75.844803</ele><time>2020-10-03T22:29:34Z</time><extensions><speed>5.700000</speed><course>309.726562</course><hAcc>5.000000</hAcc><vAcc>3.000000</vAcc></extensions></trkpt>
      <trkpt lon="-123.280471" lat="44.569253"><ele>75.550056</ele><time>2020-10-03T22:29:35Z</time><extensions><speed>5.640000</speed><course>325.898438</course><hAcc>5.000000</hAcc><vAcc>3.000000</vAcc></extensions></trkpt>
      <trkpt lon="-123.280521" lat="44.569293"><ele>75.916359</ele><time>2020-10-03T22:29:36Z</time><extensions><speed>5.200000</speed><course>318.515625</course><hAcc>5.000000</hAcc><vAcc>3.000000</vAcc></extensions></trkpt>
      <trkpt lon="-123.280568" lat="44.569338"><ele>75.775238</ele><time>2020-10-03T22:29:37Z</time><extensions><speed>5.200000</speed><course>320.625000</course><hAcc>5.000000</hAcc><vAcc>3.000000</vAcc></extensions></trkpt>
      <trkpt lon="-123.280644" lat="44.569378"><ele>76.383202</ele><time>2020-10-03T22:29:38Z</time><extensions><speed>5.690000</speed><course>313.242188</course><hAcc>5.000000</hAcc><vAcc>3.000000</vAcc></extensions></trkpt>
      <trkpt lon="-123.280677" lat="44.569411"><ele>76.137238</ele><time>2020-10-03T22:29:39Z</time><extensions><speed>5.690000</speed><course>316.757812</course><hAcc>5.000000</hAcc><vAcc>3.000000</vAcc></extensions></trkpt>
      <trkpt lon="-123.280718" lat="44.569450"><ele>76.334709</ele><time>2020-10-03T22:29:40Z</time><extensions><speed>5.670000</speed><course>325.195312</course><hAcc>5.000000</hAcc><vAcc>3.000000</vAcc></extensions></trkpt>
      <trkpt lon="-123.280746" lat="44.569502"><ele>76.242210</ele><time>2020-10-03T22:29:41Z</time><extensions><speed>5.670000</speed><course>333.632812</course><hAcc>5.000000</hAcc><vAcc>3.000000</vAcc></extensions></trkpt>
      <trkpt lon="-123.280772" lat="44.569552"><ele>76.598068</ele><time>2020-10-03T22:29:42Z</time><extensions><speed>5.670000</speed><course>333.632812</course><hAcc>5.000000</hAcc><vAcc>3.000000</vAcc></extensions></trkpt>
      <trkpt lon="-123.280807" lat="44.569608"><ele>76.309837</ele><time>2020-10-03T22:29:43Z</time><extensions><speed>5.410000</speed><course>335.742188</course><hAcc>5.000000</hAcc><vAcc>3.000000</vAcc></extensions></trkpt>
      <trkpt lon="-123.280815" lat="44.569646"><ele>76.084747</ele><time>2020-10-03T22:29:44Z</time><extensions><speed>5.410000</speed><course>341.718750</course><hAcc>5.000000</hAcc><vAcc>3.000000</vAcc></extensions></trkpt>
      <trkpt lon="-123.280840" lat="44.569688"><ele>76.312614</ele><time>2020-10-03T22:29:45Z</time><extensions><speed>5.270000</speed><course>330.117188</course><hAcc>5.000000</hAcc><vAcc>3.000000</vAcc></extensions></trkpt>
      <trkpt lon="-123.280871" lat="44.569728"><ele>76.141792</ele><time>2020-10-03T22:29:46Z</time><extensions><speed>5.270000</speed><course>326.601562</course><hAcc>5.000000</hAcc><vAcc>3.000000</vAcc></extensions></trkpt>
      <trkpt lon="-123.280921" lat="44.569768"><ele>76.231323</ele><time>2020-10-03T22:29:47Z</time><extensions><speed>5.790000</speed><course>323.085938</course><hAcc>5.000000</hAcc><vAcc>3.000000</vAcc></extensions></trkpt>
      <trkpt lon="-123.280953" lat="44.569808"><ele>76.007072</ele><time>2020-10-03T22:29:48Z</time><extensions><speed>5.640000</speed><course>323.085938</course><hAcc>5.000000</hAcc><vAcc>3.000000</vAcc></extensions></trkpt>
      <trkpt lon="-123.280999" lat="44.569844"><ele>76.430252</ele><time>2020-10-03T22:29:49Z</time><extensions><speed>5.640000</speed><course>318.515625</course><hAcc>5.000000</hAcc><vAcc>3.000000</vAcc></extensions></trkpt>
      <trkpt lon="-123.281035" lat="44.569890"><ele>76.136726</ele><time>2020-10-03T22:29:50Z</time><extensions><speed>5.640000</speed><course>318.164062</course><hAcc>5.000000</hAcc><vAcc>3.000000</vAcc></extensions></trkpt>
      <trkpt lon="-123.281084" lat="44.569938"><ele>76.588936</ele><time>2020-10-03T22:29:51Z</time><extensions><speed>6.070000</speed><course>316.757812</course><hAcc>5.000000</hAcc><vAcc>3.000000</vAcc></extensions></trkpt>
      <trkpt lon="-123.281134" lat="44.569981"><ele>76.244926</ele><time>2020-10-03T22:29:52Z</time><extensions><speed>6.070000</speed><course>318.515625</course><hAcc>5.000000</hAcc><vAcc>3.000000</vAcc></extensions></trkpt>
      <trkpt lon="-123.281180" lat="44.570019"><ele>76.706291</ele><time>2020-10-03T22:29:53Z</time><extensions><speed>5.590000</speed><course>315.351562</course><hAcc>5.000000</hAcc><vAcc>3.000000</vAcc></extensions></trkpt>
      <trkpt lon="-123.281241" lat="44.570054"><ele>76.754532</ele><time>2020-10-03T22:29:54Z</time><extensions><speed>5.610000</speed><course>318.164062</course><hAcc>5.000000</hAcc><vAcc>3.000000</vAcc></extensions></trkpt>
      <trkpt lon="-123.281295" lat="44.570091"><ele>76.617340</ele><time>2020-10-03T22:29:55Z</time><extensions><speed>5.610000</speed><course>323.085938</course><hAcc>5.000000</hAcc><vAcc>3.000000</vAcc></extensions></trkpt>
      <trkpt lon="-123.281353" lat="44.570127"><ele>76.453926</ele><time>2020-10-03T22:29:56Z</time><extensions><speed>5.850000</speed><course>319.218750</course><hAcc>5.000000</hAcc><vAcc>3.000000</vAcc></extensions></trkpt>
      <trkpt lon="-123.281404" lat="44.570172"><ele>76.625801</ele><time>2020-10-03T22:29:57Z</time><extensions><speed>5.850000</speed><course>318.515625</course><hAcc>5.000000</hAcc><vAcc>3.000000</vAcc></extensions></trkpt>
      <trkpt lon="-123.281453" lat="44.570203"><ele>76.733559</ele><time>2020-10-03T22:29:58Z</time><extensions><speed>5.490000</speed><course>318.867188</course><hAcc>5.000000</hAcc><vAcc>3.000000</vAcc></extensions></trkpt>
      <trkpt lon="-123.281499" lat="44.570243"><ele>76.782280</ele><time>2020-10-03T22:29:59Z</time><extensions><speed>5.600000</speed><course>321.328125</course><hAcc>5.000000</hAcc><vAcc>3.000000</vAcc></extensions></trkpt>
      <trkpt lon="-123.281546" lat="44.570287"><ele>76.631317</ele><time>2020-10-03T22:30:00Z</time><extensions><speed>5.600000</speed><course>323.789062</course><hAcc>5.000000</hAcc><vAcc>4.000000</vAcc></extensions></trkpt>
      <trkpt lon="-123.281586" lat="44.570319"><ele>76.500992</ele><time>2020-10-03T22:30:01Z</time><extensions><speed>5.600000</speed><course>315.703125</course><hAcc>5.000000</hAcc><vAcc>3.000000</vAcc></extensions></trkpt>
      <trkpt lon="-123.281625" lat="44.570353"><ele>76.763992</ele><time>2020-10-03T22:30:02Z</time><extensions><speed>4.960000</speed><course>312.890625</course><hAcc>5.000000</hAcc><vAcc>3.000000</vAcc></extensions></trkpt>
      <trkpt lon="-123.281669" lat="44.570389"><ele>76.529091</ele><time>2020-10-03T22:30:03Z</time><extensions><speed>5.060000</speed><course>321.679688</course><hAcc>5.000000</hAcc><vAcc>3.000000</vAcc></extensions></trkpt>
      <trkpt lon="-123.281713" lat="44.570430"><ele>77.040619</ele><time>2020-10-03T22:30:04Z</time><extensions><speed>5.200000</speed><course>323.437500</course><hAcc>5.000000</hAcc><vAcc>3.000000</vAcc></extensions></trkpt>
      <trkpt lon="-123.281760" lat="44.570465"><ele>77.299034</ele><time>2020-10-03T22:30:05Z</time><extensions><speed>5.110000</speed><course>322.734375</course><hAcc>5.000000</hAcc><vAcc>3.000000</vAcc></extensions></trkpt>
      <trkpt lon="-123.281796" lat="44.570494"><ele>76.941048</ele><time>2020-10-03T22:30:06Z</time><extensions><speed>5.120000</speed><course>318.164062</course><hAcc>5.000000</hAcc><vAcc>3.000000</vAcc></extensions></trkpt>
      <trkpt lon="-123.281831" lat="44.570521"><ele>76.897095</ele><time>2020-10-03T22:30:07Z</time><extensions><speed>5.110000</speed><course>322.734375</course><hAcc>5.000000</hAcc><vAcc>3.000000</vAcc></extensions></trkpt>
      <trkpt lon="-123.281860" lat="44.570549"><ele>76.711823</ele><time>2020-10-03T22:30:08Z</time><extensions><speed>4.010000</speed><course>305.859375</course><hAcc>5.000000</hAcc><vAcc>3.000000</vAcc></extensions></trkpt>
      <trkpt lon="-123.281897" lat="44.570582"><ele>76.859108</ele><time>2020-10-03T22:30:09Z</time><extensions><speed>4.770000</speed><course>317.460938</course><hAcc>5.000000</hAcc><vAcc>3.000000</vAcc></extensions></trkpt>
      <trkpt lon="-123.281937" lat="44.570616"><ele>76.754745</ele><time>2020-10-03T22:30:10Z</time><extensions><speed>4.770000</speed><course>317.460938</course><hAcc>5.000000</hAcc><vAcc>3.000000</vAcc></extensions></trkpt>
      <trkpt lon="-123.281985" lat="44.570653"><ele>76.724869</ele><time>2020-10-03T22:30:11Z</time><extensions><speed>4.850000</speed><course>315.000000</course><hAcc>5.000000</hAcc><vAcc>3.000000</vAcc></extensions></trkpt>
      <trkpt lon="-123.282041" lat="44.570689"><ele>76.674301</ele><time>2020-10-03T22:30:12Z</time><extensions><speed>4.850000</speed><course>313.242188</course><hAcc>5.000000</hAcc><vAcc>4.000000</vAcc></extensions></trkpt>
      <trkpt lon="-123.282075" lat="44.570730"><ele>76.877205</ele><time>2020-10-03T22:30:13Z</time><extensions><speed>5.130000</speed><course>326.601562</course><hAcc>5.000000</hAcc><vAcc>3.000000</vAcc></extensions></trkpt>
      <trkpt lon="-123.282116" lat="44.570762"><ele>76.694305</ele><time>2020-10-03T22:30:14Z</time><extensions><speed>5.220000</speed><course>321.328125</course><hAcc>5.000000</hAcc><vAcc>3.000000</vAcc></extensions></trkpt>
      <trkpt lon="-123.282176" lat="44.570806"><ele>76.532761</ele><time>2020-10-03T22:30:15Z</time><extensions><speed>5.220000</speed><course>318.164062</course><hAcc>5.000000</hAcc><vAcc>3.000000</vAcc></extensions></trkpt>
      <trkpt lon="-123.282204" lat="44.570842"><ele>76.673035</ele><time>2020-10-03T22:30:16Z</time><extensions><speed>5.220000</speed><course>324.492188</course><hAcc>5.000000</hAcc><vAcc>3.000000</vAcc></extensions></trkpt>
      <trkpt lon="-123.282253" lat="44.570890"><ele>76.757828</ele><time>2020-10-03T22:30:17Z</time><extensions><speed>5.330000</speed><course>320.976562</course><hAcc>5.000000</hAcc><vAcc>3.000000</vAcc></extensions></trkpt>
      <trkpt lon="-123.282295" lat="44.570930"><ele>76.590164</ele><time>2020-10-03T22:30:18Z</time><extensions><speed>5.680000</speed><course>318.867188</course><hAcc>5.000000</hAcc><vAcc>3.000000</vAcc></extensions></trkpt>
      <trkpt lon="-123.282342" lat="44.570968"><ele>76.618500</ele><time>2020-10-03T22:30:19Z</time><extensions><speed>5.680000</speed><course>318.164062</course><hAcc>5.000000</hAcc><vAcc>3.000000</vAcc></extensions></trkpt>
      <trkpt lon="-123.282389" lat="44.571011"><ele>76.476540</ele><time>2020-10-03T22:30:20Z</time><extensions><speed>5.580000</speed><course>313.242188</course><hAcc>5.000000</hAcc><vAcc>3.000000</vAcc></extensions></trkpt>
      <trkpt lon="-123.282437" lat="44.571049"><ele>76.498993</ele><time>2020-10-03T22:30:21Z</time><extensions><speed>5.580000</speed><course>317.109375</course><hAcc>5.000000</hAcc><vAcc>3.000000</vAcc></extensions></trkpt>
      <trkpt lon="-123.282481" lat="44.571092"><ele>76.506615</ele><time>2020-10-03T22:30:22Z</time><extensions><speed>5.120000</speed><course>315.703125</course><hAcc>5.000000</hAcc><vAcc>3.000000</vAcc></extensions></trkpt>
      <trkpt lon="-123.282530" lat="44.571128"><ele>76.437920</ele><time>2020-10-03T22:30:23Z</time><extensions><speed>5.000000</speed><course>316.054688</course><hAcc>5.000000</hAcc><vAcc>3.000000</vAcc></extensions></trkpt>
      <trkpt lon="-123.282588" lat="44.571169"><ele>76.507080</ele><time>2020-10-03T22:30:24Z</time><extensions><speed>5.370000</speed><course>323.085938</course><hAcc>5.000000</hAcc><vAcc>3.000000</vAcc></extensions></trkpt>
      <trkpt lon="-123.282641" lat="44.571201"><ele>76.774979</ele><time>2020-10-03T22:30:25Z</time><extensions><speed>5.000000</speed><course>315.000000</course><hAcc>5.000000</hAcc><vAcc>3.000000</vAcc></extensions></trkpt>
      <trkpt lon="-123.282704" lat="44.571237"><ele>76.984039</ele><time>2020-10-03T22:30:26Z</time><extensions><speed>5.370000</speed><course>318.515625</course><hAcc>5.000000</hAcc><vAcc>3.000000</vAcc></extensions></trkpt>
      <trkpt lon="-123.282753" lat="44.571276"><ele>76.529915</ele><time>2020-10-03T22:30:27Z</time><extensions><speed>5.820000</speed><course>318.515625</course><hAcc>5.000000</hAcc><vAcc>3.000000</vAcc></extensions></trkpt>
      <trkpt lon="-123.282813" lat="44.571307"><ele>76.138466</ele><time>2020-10-03T22:30:28Z</time><extensions><speed>5.800000</speed><course>324.140625</course><hAcc>5.000000</hAcc><vAcc>4.000000</vAcc></extensions></trkpt>
      <trkpt lon="-123.282843" lat="44.571353"><ele>76.406853</ele><time>2020-10-03T22:30:29Z</time><extensions><speed>5.800000</speed><course>324.843750</course><hAcc>5.000000</hAcc><vAcc>4.000000</vAcc></extensions></trkpt>
      <trkpt lon="-123.282888" lat="44.571386"><ele>76.186935</ele><time>2020-10-03T22:30:30Z</time><extensions><speed>5.310000</speed><course>323.789062</course><hAcc>5.000000</hAcc><vAcc>4.000000</vAcc></extensions></trkpt>
      <trkpt lon="-123.282930" lat="44.571429"><ele>76.404518</ele><time>2020-10-03T22:30:31Z</time><extensions><speed>5.310000</speed><course>325.898438</course><hAcc>5.000000</hAcc><vAcc>3.000000</vAcc></extensions></trkpt>
      <trkpt lon="-123.282961" lat="44.571471"><ele>76.472008</ele><time>2020-10-03T22:30:32Z</time><extensions><speed>5.300000</speed><course>330.468750</course><hAcc>5.000000</hAcc><vAcc>3.000000</vAcc></extensions></trkpt>
      <trkpt lon="-123.282990" lat="44.571509"><ele>76.360031</ele><time>2020-10-03T22:30:33Z</time><extensions><speed>4.280000</speed><course>317.460938</course><hAcc>5.000000</hAcc><vAcc>3.000000</vAcc></extensions></trkpt>
      <trkpt lon="-123.283026" lat="44.571539"><ele>76.311203</ele><time>2020-10-03T22:30:34Z</time><extensions><speed>4.280000</speed><course>317.812500</course><hAcc>5.000000</hAcc><vAcc>3.000000</vAcc></extensions></trkpt>
      <trkpt lon="-123.283063" lat="44.571570"><ele>75.899277</ele><time>2020-10-03T22:30:35Z</time><extensions><speed>4.280000</speed><course>320.273438</course><hAcc>5.000000</hAcc><vAcc>3.000000</vAcc></extensions></trkpt>
      <trkpt lon="-123.283091" lat="44.571600"><ele>76.097939</ele><time>2020-10-03T22:30:36Z</time><extensions><speed>4.280000</speed><course>322.382812</course><hAcc>5.000000</hAcc><vAcc>4.000000</vAcc></extensions></trkpt>
      <trkpt lon="-123.283119" lat="44.571627"><ele>76.495827</ele><time>2020-10-03T22:30:37Z</time><extensions><speed>4.330000</speed><course>308.320312</course><hAcc>5.000000</hAcc><vAcc>4.000000</vAcc></extensions></trkpt>
      <trkpt lon="-123.283162" lat="44.571651"><ele>76.438271</ele><time>2020-10-03T22:30:38Z</time><extensions><speed>4.330000</speed><course>308.320312</course><hAcc>5.000000</hAcc><vAcc>4.000000</vAcc></extensions></trkpt>
      <trkpt lon="-123.283193" lat="44.571679"><ele>76.516273</ele><time>2020-10-03T22:30:39Z</time><extensions><speed>4.330000</speed><course>315.351562</course><hAcc>5.000000</hAcc><vAcc>4.000000</vAcc></extensions></trkpt>
      <trkpt lon="-123.283220" lat="44.571696"><ele>76.352348</ele><time>2020-10-03T22:30:40Z</time><extensions><speed>3.900000</speed><course>304.453125</course><hAcc>5.000000</hAcc><vAcc>4.000000</vAcc></extensions></trkpt>
      <trkpt lon="-123.283251" lat="44.571711"><ele>76.427719</ele><time>2020-10-03T22:30:41Z</time><extensions><speed>2.970000</speed><course>304.453125</course><hAcc>10.000000</hAcc><vAcc>4.000000</vAcc></extensions></trkpt>
      <trkpt lon="-123.283220" lat="44.571699"><ele>76.417206</ele><time>2020-10-03T22:30:42Z</time><extensions><speed>0.510000</speed><course>310.781250</course><hAcc>5.000000</hAcc><vAcc>4.000000</vAcc></extensions></trkpt>
      <trkpt lon="-123.283222" lat="44.571700"><ele>76.363510</ele><time>2020-10-03T22:30:43Z</time><extensions><speed>0.510000</speed><course>328.359375</course><hAcc>5.000000</hAcc><vAcc>4.000000</vAcc></extensions></trkpt>
      <trkpt lon="-123.283231" lat="44.571714"><ele>76.472755</ele><time>2020-10-03T22:30:44Z</time><extensions><speed>0.510000</speed><course>332.929688</course><hAcc>5.000000</hAcc><vAcc>4.000000</vAcc></extensions></trkpt>
      <trkpt lon="-123.283242" lat="44.571730"><ele>76.430305</ele><time>2020-10-03T22:30:45Z</time><extensions><speed>1.540000</speed><course>332.226562</course><hAcc>5.000000</hAcc><vAcc>4.000000</vAcc></extensions></trkpt>
      <trkpt lon="-123.283256" lat="44.571748"><ele>76.512756</ele><time>2020-10-03T22:30:46Z</time><extensions><speed>1.540000</speed><course>330.468750</course><hAcc>5.000000</hAcc><vAcc>4.000000</vAcc></extensions></trkpt>
      <trkpt lon="-123.283272" lat="44.571770"><ele>76.761993</ele><time>2020-10-03T22:30:47Z</time><extensions><speed>2.630000</speed><course>332.226562</course><hAcc>5.000000</hAcc><vAcc>4.000000</vAcc></extensions></trkpt>
      <trkpt lon="-123.283287" lat="44.571794"><ele>76.748512</ele><time>2020-10-03T22:30:48Z</time><extensions><speed>2.630000</speed><course>333.281250</course><hAcc>10.000000</hAcc><vAcc>4.000000</vAcc></extensions></trkpt>
      <trkpt lon="-123.283309" lat="44.571821"><ele>76.702522</ele><time>2020-10-03T22:30:49Z</time><extensions><speed>2.630000</speed><course>333.632812</course><hAcc>5.000000</hAcc><vAcc>4.000000</vAcc></extensions></trkpt>
      <trkpt lon="-123.283341" lat="44.571851"><ele>76.727196</ele><time>2020-10-03T22:30:50Z</time><extensions><speed>3.310000</speed><course>331.171875</course><hAcc>5.000000</hAcc><vAcc>3.000000</vAcc></extensions></trkpt>
      <trkpt lon="-123.283371" lat="44.571880"><ele>76.890633</ele><time>2020-10-03T22:30:51Z</time><extensions><speed>3.320000</speed><course>329.414062</course><hAcc>5.000000</hAcc><vAcc>3.000000</vAcc></extensions></trkpt>
      <trkpt lon="-123.283402" lat="44.571952"><ele>76.949875</ele><time>2020-10-03T22:30:52Z</time><extensions><speed>5.100000</speed><course>356.132812</course><hAcc>5.000000</hAcc><vAcc>3.000000</vAcc></extensions></trkpt>
      <trkpt lon="-123.283381" lat="44.572000"><ele>76.950760</ele><time>2020-10-03T22:30:53Z</time><extensions><speed>5.190000</speed><course>1.054688</course><hAcc>5.000000</hAcc><vAcc>3.000000</vAcc></extensions></trkpt>
      <trkpt lon="-123.283380" lat="44.572047"><ele>76.841156</ele><time>2020-10-03T22:30:54Z</time><extensions><speed>5.190000</speed><course>1.054688</course><hAcc>5.000000</hAcc><vAcc>3.000000</vAcc></extensions></trkpt>
      <trkpt lon="-123.283411" lat="44.572124"><ele>77.106903</ele><time>2020-10-03T22:30:55Z</time><extensions><speed>5.190000</speed><course>350.507812</course><hAcc>5.000000</hAcc><vAcc>4.000000</vAcc></extensions></trkpt>
      <trkpt lon="-123.283416" lat="44.572180"><ele>78.008514</ele><time>2020-10-03T22:30:56Z</time><extensions><speed>6.180000</speed><course>356.132812</course><hAcc>5.000000</hAcc><vAcc>4.000000</vAcc></extensions></trkpt>
      <trkpt lon="-123.283421" lat="44.572235"><ele>77.488518</ele><time>2020-10-03T22:30:57Z</time><extensions><speed>6.180000</speed><course>356.132812</course><hAcc>5.000000</hAcc><vAcc>4.000000</vAcc></extensions></trkpt>
      <trkpt lon="-123.283465" lat="44.572231"><ele>77.298958</ele><time>2020-10-03T22:30:58Z</time><extensions><speed>6.180000</speed><course>0.000000</course><hAcc>5.000000</hAcc><vAcc>4.000000</vAcc></extensions></trkpt>
      <trkpt lon="-123.283451" lat="44.572271"><ele>77.175133</ele><time>2020-10-03T22:30:59Z</time><extensions><speed>6.120000</speed><course>357.890625</course><hAcc>5.000000</hAcc><vAcc>4.000000</vAcc></extensions></trkpt>
      <trkpt lon="-123.283434" lat="44.572314"><ele>76.297554</ele><time>2020-10-03T22:31:00Z</time><extensions><speed>5.590000</speed><course>353.671875</course><hAcc>5.000000</hAcc><vAcc>4.000000</vAcc></extensions></trkpt>
      <trkpt lon="-123.283438" lat="44.572366"><ele>76.133324</ele><time>2020-10-03T22:31:01Z</time><extensions><speed>5.290000</speed><course>348.750000</course><hAcc>5.000000</hAcc><vAcc>4.000000</vAcc></extensions></trkpt>
      <trkpt lon="-123.283430" lat="44.572416"><ele>75.848129</ele><time>2020-10-03T22:31:02Z</time><extensions><speed>5.770000</speed><course>357.187500</course><hAcc>5.000000</hAcc><vAcc>4.000000</vAcc></extensions></trkpt>
      <trkpt lon="-123.283420" lat="44.572488"><ele>75.440971</ele><time>2020-10-03T22:31:03Z</time><extensions><speed>6.480000</speed><course>2.109375</course><hAcc>5.000000</hAcc><vAcc>4.000000</vAcc></extensions></trkpt>
      <trkpt lon="-123.283419" lat="44.572541"><ele>75.587463</ele><time>2020-10-03T22:31:04Z</time><extensions><speed>6.400000</speed><course>1.406250</course><hAcc>5.000000</hAcc><vAcc>4.000000</vAcc></extensions></trkpt>
      <trkpt lon="-123.283407" lat="44.572603"><ele>75.451180</ele><time>2020-10-03T22:31:05Z</time><extensions><speed>6.480000</speed><course>5.625000</course><hAcc>5.000000</hAcc><vAcc>4.000000</vAcc></extensions></trkpt>
      <trkpt lon="-123.283392" lat="44.572667"><ele>75.132378</ele><time>2020-10-03T22:31:06Z</time><extensions><speed>6.430000</speed><course>2.109375</course><hAcc>5.000000</hAcc><vAcc>4.000000</vAcc></extensions></trkpt>
      <trkpt lon="-123.283391" lat="44.572742"><ele>74.926666</ele><time>2020-10-03T22:31:07Z</time><extensions><speed>6.610000</speed><course>1.406250</course><hAcc>5.000000</hAcc><vAcc>4.000000</vAcc></extensions></trkpt>
      <trkpt lon="-123.283385" lat="44.572802"><ele>75.190727</ele><time>2020-10-03T22:31:08Z</time><extensions><speed>6.610000</speed><course>1.054688</course><hAcc>5.000000</hAcc><vAcc>4.000000</vAcc></extensions></trkpt>
      <trkpt lon="-123.283382" lat="44.572867"><ele>74.901497</ele><time>2020-10-03T22:31:09Z</time><extensions><speed>6.610000</speed><course>1.406250</course><hAcc>5.000000</hAcc><vAcc>4.000000</vAcc></extensions></trkpt>
      <trkpt lon="-123.283383" lat="44.572920"><ele>74.609718</ele><time>2020-10-03T22:31:10Z</time><extensions><speed>6.570000</speed><course>3.515625</course><hAcc>5.000000</hAcc><vAcc>4.000000</vAcc></extensions></trkpt>
      <trkpt lon="-123.283378" lat="44.572970"><ele>74.497070</ele><time>2020-10-03T22:31:11Z</time><extensions><speed>6.560000</speed><course>2.460938</course><hAcc>5.000000</hAcc><vAcc>4.000000</vAcc></extensions></trkpt>
      <trkpt lon="-123.283372" lat="44.573029"><ele>74.543167</ele><time>2020-10-03T22:31:12Z</time><extensions><speed>6.560000</speed><course>2.109375</course><hAcc>5.000000</hAcc><vAcc>4.000000</vAcc></extensions></trkpt>
      <trkpt lon="-123.283367" lat="44.573095"><ele>74.422379</ele><time>2020-10-03T22:31:13Z</time><extensions><speed>6.560000</speed><course>358.945312</course><hAcc>5.000000</hAcc><vAcc>4.000000</vAcc></extensions></trkpt>
      <trkpt lon="-123.283368" lat="44.573152"><ele>74.521263</ele><time>2020-10-03T22:31:14Z</time><extensions><speed>6.530000</speed><course>359.648438</course><hAcc>5.000000</hAcc><vAcc>4.000000</vAcc></extensions></trkpt>
      <trkpt lon="-123.283365" lat="44.573206"><ele>74.572327</ele><time>2020-10-03T22:31:15Z</time><extensions><speed>6.530000</speed><course>1.406250</course><hAcc>5.000000</hAcc><vAcc>4.000000</vAcc></extensions></trkpt>
      <trkpt lon="-123.283358" lat="44.573265"><ele>74.558815</ele><time>2020-10-03T22:31:16Z</time><extensions><speed>6.140000</speed><course>1.406250</course><hAcc>5.000000</hAcc><vAcc>3.000000</vAcc></extensions></trkpt>
      <trkpt lon="-123.283360" lat="44.573315"><ele>74.599220</ele><time>2020-10-03T22:31:17Z</time><extensions><speed>6.270000</speed><course>359.648438</course><hAcc>5.000000</hAcc><vAcc>3.000000</vAcc></extensions></trkpt>
      <trkpt lon="-123.283347" lat="44.573376"><ele>74.459045</ele><time>2020-10-03T22:31:18Z</time><extensions><speed>6.200000</speed><course>5.625000</course><hAcc>5.000000</hAcc><vAcc>3.000000</vAcc></extensions></trkpt>
      <trkpt lon="-123.283340" lat="44.573431"><ele>74.523468</ele><time>2020-10-03T22:31:19Z</time><extensions><speed>6.200000</speed><course>2.812500</course><hAcc>5.000000</hAcc><vAcc>3.000000</vAcc></extensions></trkpt>
      <trkpt lon="-123.283335" lat="44.573487"><ele>74.337036</ele><time>2020-10-03T22:31:20Z</time><extensions><speed>5.790000</speed><course>1.054688</course><hAcc>5.000000</hAcc><vAcc>3.000000</vAcc></extensions></trkpt>
      <trkpt lon="-123.283333" lat="44.573531"><ele>74.700363</ele><time>2020-10-03T22:31:21Z</time><extensions><speed>5.360000</speed><course>2.109375</course><hAcc>5.000000</hAcc><vAcc>3.000000</vAcc></extensions></trkpt>
      <trkpt lon="-123.283328" lat="44.573576"><ele>74.665962</ele><time>2020-10-03T22:31:22Z</time><extensions><speed>5.540000</speed><course>3.515625</course><hAcc>5.000000</hAcc><vAcc>3.000000</vAcc></extensions></trkpt>
      <trkpt lon="-123.283323" lat="44.573629"><ele>74.684029</ele><time>2020-10-03T22:31:23Z</time><extensions><speed>5.420000</speed><course>2.460938</course><hAcc>5.000000</hAcc><vAcc>3.000000</vAcc></extensions></trkpt>
      <trkpt lon="-123.283315" lat="44.573685"><ele>74.653580</ele><time>2020-10-03T22:31:24Z</time><extensions><speed>5.540000</speed><course>0.351562</course><hAcc>5.000000</hAcc><vAcc>4.000000</vAcc></extensions></trkpt>
      <trkpt lon="-123.283322" lat="44.573734"><ele>74.787834</ele><time>2020-10-03T22:31:25Z</time><extensions><speed>5.520000</speed><course>358.593750</course><hAcc>5.000000</hAcc><vAcc>4.000000</vAcc></extensions></trkpt>
      <trkpt lon="-123.283318" lat="44.573788"><ele>74.794533</ele><time>2020-10-03T22:31:26Z</time><extensions><speed>5.740000</speed><course>4.921875</course><hAcc>5.000000</hAcc><vAcc>4.000000</vAcc></extensions></trkpt>
      <trkpt lon="-123.283312" lat="44.573833"><ele>74.892380</ele><time>2020-10-03T22:31:27Z</time><extensions><speed>5.520000</speed><course>358.945312</course><hAcc>5.000000</hAcc><vAcc>3.000000</vAcc></extensions></trkpt>
      <trkpt lon="-123.283315" lat="44.573885"><ele>74.922646</ele><time>2020-10-03T22:31:28Z</time><extensions><speed>5.520000</speed><course>356.484375</course><hAcc>5.000000</hAcc><vAcc>3.000000</vAcc></extensions></trkpt>
      <trkpt lon="-123.283308" lat="44.573938"><ele>75.017677</ele><time>2020-10-03T22:31:29Z</time><extensions><speed>5.310000</speed><course>2.460938</course><hAcc>5.000000</hAcc><vAcc>3.000000</vAcc></extensions></trkpt>
      <trkpt lon="-123.283300" lat="44.573982"><ele>75.011726</ele><time>2020-10-03T22:31:30Z</time><extensions><speed>4.920000</speed><course>0.351562</course><hAcc>5.000000</hAcc><vAcc>3.000000</vAcc></extensions></trkpt>
      <trkpt lon="-123.283305" lat="44.574028"><ele>75.143890</ele><time>2020-10-03T22:31:31Z</time><extensions><speed>4.920000</speed><course>1.406250</course><hAcc>5.000000</hAcc><vAcc>3.000000</vAcc></extensions></trkpt>
      <trkpt lon="-123.283305" lat="44.574064"><ele>75.203560</ele><time>2020-10-03T22:31:32Z</time><extensions><speed>4.870000</speed><course>1.406250</course><hAcc>5.000000</hAcc><vAcc>4.000000</vAcc></extensions></trkpt>
      <trkpt lon="-123.283304" lat="44.574103"><ele>75.194496</ele><time>2020-10-03T22:31:33Z</time><extensions><speed>4.590000</speed><course>2.109375</course><hAcc>5.000000</hAcc><vAcc>4.000000</vAcc></extensions></trkpt>
      <trkpt lon="-123.283306" lat="44.574136"><ele>75.255020</ele><time>2020-10-03T22:31:34Z</time><extensions><speed>4.420000</speed><course>359.648438</course><hAcc>5.000000</hAcc><vAcc>4.000000</vAcc></extensions></trkpt>
      <trkpt lon="-123.283321" lat="44.574171"><ele>75.329926</ele><time>2020-10-03T22:31:35Z</time><extensions><speed>4.300000</speed><course>357.539062</course><hAcc>5.000000</hAcc><vAcc>4.000000</vAcc></extensions></trkpt>
      <trkpt lon="-123.283302" lat="44.574213"><ele>75.185966</ele><time>2020-10-03T22:31:36Z</time><extensions><speed>4.470000</speed><course>3.515625</course><hAcc>5.000000</hAcc><vAcc>4.000000</vAcc></extensions></trkpt>
      <trkpt lon="-123.283290" lat="44.574265"><ele>75.292778</ele><time>2020-10-03T22:31:37Z</time><extensions><speed>4.470000</speed><course>359.648438</course><hAcc>5.000000</hAcc><vAcc>4.000000</vAcc></extensions></trkpt>
      <trkpt lon="-123.283289" lat="44.574309"><ele>75.387573</ele><time>2020-10-03T22:31:38Z</time><extensions><speed>4.470000</speed><course>0.703125</course><hAcc>5.000000</hAcc><vAcc>3.000000</vAcc></extensions></trkpt>
      <trkpt lon="-123.283283" lat="44.574352"><ele>75.944420</ele><time>2020-10-03T22:31:39Z</time><extensions><speed>4.530000</speed><course>1.757812</course><hAcc>5.000000</hAcc><vAcc>4.000000</vAcc></extensions></trkpt>
      <trkpt lon="-123.283280" lat="44.574391"><ele>76.057304</ele><time>2020-10-03T22:31:40Z</time><extensions><speed>4.180000</speed><course>2.812500</course><hAcc>5.000000</hAcc><vAcc>3.000000</vAcc></extensions></trkpt>
      <trkpt lon="-123.283282" lat="44.574432"><ele>75.351639</ele><time>2020-10-03T22:31:41Z</time><extensions><speed>5.150000</speed><course>3.867188</course><hAcc>5.000000</hAcc><vAcc>3.000000</vAcc></extensions></trkpt>
      <trkpt lon="-123.283278" lat="44.574478"><ele>74.674950</ele><time>2020-10-03T22:31:42Z</time><extensions><speed>5.140000</speed><course>3.867188</course><hAcc>5.000000</hAcc><vAcc>3.000000</vAcc></extensions></trkpt>
      <trkpt lon="-123.283271" lat="44.574536"><ele>74.963852</ele><time>2020-10-03T22:31:43Z</time><extensions><speed>5.150000</speed><course>3.164062</course><hAcc>5.000000</hAcc><vAcc>3.000000</vAcc></extensions></trkpt>
      <trkpt lon="-123.283267" lat="44.574586"><ele>75.050957</ele><time>2020-10-03T22:31:44Z</time><extensions><speed>5.560000</speed><course>3.164062</course><hAcc>5.000000</hAcc><vAcc>4.000000</vAcc></extensions></trkpt>
      <trkpt lon="-123.283253" lat="44.574625"><ele>74.720505</ele><time>2020-10-03T22:31:45Z</time><extensions><speed>4.870000</speed><course>2.109375</course><hAcc>5.000000</hAcc><vAcc>3.000000</vAcc></extensions></trkpt>
      <trkpt lon="-123.283251" lat="44.574669"><ele>74.650414</ele><time>2020-10-03T22:31:46Z</time><extensions><speed>4.870000</speed><course>2.109375</course><hAcc>5.000000</hAcc><vAcc>4.000000</vAcc></extensions></trkpt>
      <trkpt lon="-123.283224" lat="44.574687"><ele>74.346008</ele><time>2020-10-03T22:31:47Z</time><extensions><speed>4.870000</speed><course>11.953125</course><hAcc>5.000000</hAcc><vAcc>4.000000</vAcc></extensions></trkpt>
      <trkpt lon="-123.283216" lat="44.574716"><ele>74.229904</ele><time>2020-10-03T22:31:48Z</time><extensions><speed>3.800000</speed><course>7.031250</course><hAcc>5.000000</hAcc><vAcc>4.000000</vAcc></extensions></trkpt>
      <trkpt lon="-123.283203" lat="44.574765"><ele>74.403450</ele><time>2020-10-03T22:31:49Z</time><extensions><speed>3.800000</speed><course>8.789062</course><hAcc>10.000000</hAcc><vAcc>4.000000</vAcc></extensions></trkpt>
      <trkpt lon="-123.283215" lat="44.574861"><ele>74.078270</ele><time>2020-10-03T22:31:50Z</time><extensions><speed>6.160000</speed><course>3.164062</course><hAcc>5.000000</hAcc><vAcc>4.000000</vAcc></extensions></trkpt>
      <trkpt lon="-123.283236" lat="44.574921"><ele>74.194221</ele><time>2020-10-03T22:31:51Z</time><extensions><speed>6.160000</speed><course>356.484375</course><hAcc>5.000000</hAcc><vAcc>4.000000</vAcc></extensions></trkpt>
      <trkpt lon="-123.283219" lat="44.574988"><ele>73.913773</ele><time>2020-10-03T22:31:52Z</time><extensions><speed>5.910000</speed><course>2.460938</course><hAcc>5.000000</hAcc><vAcc>4.000000</vAcc></extensions></trkpt>
      <trkpt lon="-123.283198" lat="44.575062"><ele>73.912369</ele><time>2020-10-03T22:31:53Z</time><extensions><speed>5.880000</speed><course>12.656250</course><hAcc>5.000000</hAcc><vAcc>4.000000</vAcc></extensions></trkpt>
      <trkpt lon="-123.283199" lat="44.575117"><ele>73.903877</ele><time>2020-10-03T22:31:54Z</time><extensions><speed>5.910000</speed><course>8.085938</course><hAcc>5.000000</hAcc><vAcc>4.000000</vAcc></extensions></trkpt>
      <trkpt lon="-123.283212" lat="44.575201"><ele>72.969749</ele><time>2020-10-03T22:31:55Z</time><extensions><speed>5.860000</speed><course>2.109375</course><hAcc>5.000000</hAcc><vAcc>4.000000</vAcc></extensions></trkpt>
      <trkpt lon="-123.283206" lat="44.575246"><ele>72.721069</ele><time>2020-10-03T22:31:56Z</time><extensions><speed>5.860000</speed><course>4.570312</course><hAcc>5.000000</hAcc><vAcc>4.000000</vAcc></extensions></trkpt>
      <trkpt lon="-123.283200" lat="44.575292"><ele>72.700989</ele><time>2020-10-03T22:31:57Z</time><extensions><speed>5.780000</speed><course>2.109375</course><hAcc>5.000000</hAcc><vAcc>4.000000</vAcc></extensions></trkpt>
      <trkpt lon="-123.283199" lat="44.575344"><ele>72.578964</ele><time>2020-10-03T22:31:58Z</time><extensions><speed>5.740000</speed><course>358.945312</course><hAcc>5.000000</hAcc><vAcc>4.000000</vAcc></extensions></trkpt>
      <trkpt lon="-123.283203" lat="44.575405"><ele>72.366028</ele><time>2020-10-03T22:31:59Z</time><extensions><speed>5.790000</speed><course>0.703125</course><hAcc>5.000000</hAcc><vAcc>4.000000</vAcc></extensions></trkpt>
      <trkpt lon="-123.283203" lat="44.575450"><ele>72.391815</ele><time>2020-10-03T22:32:00Z</time><extensions><speed>5.850000</speed><course>2.460938</course><hAcc>5.000000</hAcc><vAcc>4.000000</vAcc></extensions></trkpt>
      <trkpt lon="-123.283212" lat="44.575496"><ele>72.519135</ele><time>2020-10-03T22:32:01Z</time><extensions><speed>5.790000</speed><course>2.812500</course><hAcc>5.000000</hAcc><vAcc>4.000000</vAcc></extensions></trkpt>
      <trkpt lon="-123.283209" lat="44.575545"><ele>73.046051</ele><time>2020-10-03T22:32:02Z</time><extensions><speed>5.540000</speed><course>6.679688</course><hAcc>5.000000</hAcc><vAcc>4.000000</vAcc></extensions></trkpt>
      <trkpt lon="-123.283206" lat="44.575593"><ele>73.323280</ele><time>2020-10-03T22:32:03Z</time><extensions><speed>5.410000</speed><course>8.437500</course><hAcc>5.000000</hAcc><vAcc>4.000000</vAcc></extensions></trkpt>
      <trkpt lon="-123.283207" lat="44.575641"><ele>72.760101</ele><time>2020-10-03T22:32:04Z</time><extensions><speed>5.770000</speed><course>8.789062</course><hAcc>5.000000</hAcc><vAcc>4.000000</vAcc></extensions></trkpt>
      <trkpt lon="-123.283216" lat="44.575715"><ele>72.729294</ele><time>2020-10-03T22:32:05Z</time><extensions><speed>5.770000</speed><course>1.406250</course><hAcc>5.000000</hAcc><vAcc>4.000000</vAcc></extensions></trkpt>
      <trkpt lon="-123.283238" lat="44.575763"><ele>72.906281</ele><time>2020-10-03T22:32:06Z</time><extensions><speed>5.680000</speed><course>359.296875</course><hAcc>5.000000</hAcc><vAcc>4.000000</vAcc></extensions></trkpt>
      <trkpt lon="-123.283238" lat="44.575825"><ele>72.568008</ele><time>2020-10-03T22:32:07Z</time><extensions><speed>5.680000</speed><course>358.945312</course><hAcc>5.000000</hAcc><vAcc>3.000000</vAcc></extensions></trkpt>
      <trkpt lon="-123.283247" lat="44.575873"><ele>72.793098</ele><time>2020-10-03T22:32:08Z</time><extensions><speed>5.640000</speed><course>5.273438</course><hAcc>5.000000</hAcc><vAcc>3.000000</vAcc></extensions></trkpt>
      <trkpt lon="-123.283247" lat="44.575922"><ele>72.299469</ele><time>2020-10-03T22:32:09Z</time><extensions><speed>5.290000</speed><course>2.812500</course><hAcc>5.000000</hAcc><vAcc>3.000000</vAcc></extensions></trkpt>
      <trkpt lon="-123.283239" lat="44.575969"><ele>72.682266</ele><time>2020-10-03T22:32:10Z</time><extensions><speed>5.290000</speed><course>1.406250</course><hAcc>5.000000</hAcc><vAcc>3.000000</vAcc></extensions></trkpt>
      <trkpt lon="-123.283230" lat="44.576041"><ele>72.388542</ele><time>2020-10-03T22:32:11Z</time><extensions><speed>5.290000</speed><course>357.890625</course><hAcc>5.000000</hAcc><vAcc>4.000000</vAcc></extensions></trkpt>
      <trkpt lon="-123.283266" lat="44.576086"><ele>72.176041</ele><time>2020-10-03T22:32:12Z</time><extensions><speed>5.640000</speed><course>349.453125</course><hAcc>5.000000</hAcc><vAcc>4.000000</vAcc></extensions></trkpt>
      <trkpt lon="-123.283297" lat="44.576136"><ele>72.364571</ele><time>2020-10-03T22:32:13Z</time><extensions><speed>5.810000</speed><course>337.148438</course><hAcc>5.000000</hAcc><vAcc>4.000000</vAcc></extensions></trkpt>
      <trkpt lon="-123.283310" lat="44.576186"><ele>72.402756</ele><time>2020-10-03T22:32:14Z</time><extensions><speed>5.870000</speed><course>345.234375</course><hAcc>5.000000</hAcc><vAcc>4.000000</vAcc></extensions></trkpt>
      <trkpt lon="-123.283310" lat="44.576234"><ele>72.445732</ele><time>2020-10-03T22:32:15Z</time><extensions><speed>6.160000</speed><course>0.351562</course><hAcc>5.000000</hAcc><vAcc>3.000000</vAcc></extensions></trkpt>
      <trkpt lon="-123.283309" lat="44.576285"><ele>72.631943</ele><time>2020-10-03T22:32:16Z</time><extensions><speed>5.870000</speed><course>0.000000</course><hAcc>5.000000</hAcc><vAcc>3.000000</vAcc></extensions></trkpt>
      <trkpt lon="-123.283306" lat="44.576318"><ele>72.273018</ele><time>2020-10-03T22:32:17Z</time><extensions><speed>5.720000</speed><course>355.781250</course><hAcc>5.000000</hAcc><vAcc>3.000000</vAcc></extensions></trkpt>
      <trkpt lon="-123.283299" lat="44.576359"><ele>72.160378</ele><time>2020-10-03T22:32:18Z</time><extensions><speed>4.600000</speed><course>1.054688</course><hAcc>5.000000</hAcc><vAcc>3.000000</vAcc></extensions></trkpt>
      <trkpt lon="-123.283291" lat="44.576394"><ele>71.877724</ele><time>2020-10-03T22:32:19Z</time><extensions><speed>4.110000</speed><course>1.054688</course><hAcc>5.000000</hAcc><vAcc>3.000000</vAcc></extensions></trkpt>
      <trkpt lon="-123.283290" lat="44.576431"><ele>71.856628</ele><time>2020-10-03T22:32:20Z</time><extensions><speed>4.110000</speed><course>1.054688</course><hAcc>5.000000</hAcc><vAcc>3.000000</vAcc></extensions></trkpt>
      <trkpt lon="-123.283292" lat="44.576455"><ele>71.788040</ele><time>2020-10-03T22:32:21Z</time><extensions><speed>4.110000</speed><course>1.406250</course><hAcc>5.000000</hAcc><vAcc>3.000000</vAcc></extensions></trkpt>
      <trkpt lon="-123.283279" lat="44.576478"><ele>71.765198</ele><time>2020-10-03T22:32:22Z</time><extensions><speed>3.500000</speed><course>12.656250</course><hAcc>5.000000</hAcc><vAcc>3.000000</vAcc></extensions></trkpt>
      <trkpt lon="-123.283273" lat="44.576509"><ele>71.836678</ele><time>2020-10-03T22:32:23Z</time><extensions><speed>3.250000</speed><course>8.789062</course><hAcc>5.000000</hAcc><vAcc>3.000000</vAcc></extensions></trkpt>
      <trkpt lon="-123.283267" lat="44.576539"><ele>71.673996</ele><time>2020-10-03T22:32:24Z</time><extensions><speed>3.250000</speed><course>8.789062</course><hAcc>5.000000</hAcc><vAcc>3.000000</vAcc></extensions></trkpt>
      <trkpt lon="-123.283331" lat="44.576549"><ele>71.803673</ele><time>2020-10-03T22:32:25Z</time><extensions><speed>3.250000</speed><course>294.960938</course><hAcc>5.000000</hAcc><vAcc>3.000000</vAcc></extensions></trkpt>
      <trkpt lon="-123.283367" lat="44.576559"><ele>71.862228</ele><time>2020-10-03T22:32:26Z</time><extensions><speed>2.670000</speed><course>294.960938</course><hAcc>5.000000</hAcc><vAcc>3.000000</vAcc></extensions></trkpt>
      <trkpt lon="-123.283391" lat="44.576543"><ele>71.856857</ele><time>2020-10-03T22:32:27Z</time><extensions><speed>2.660000</speed><course>246.796875</course><hAcc>5.000000</hAcc><vAcc>3.000000</vAcc></extensions></trkpt>
      <trkpt lon="-123.283413" lat="44.576535"><ele>71.858009</ele><time>2020-10-03T22:32:28Z</time><extensions><speed>1.090000</speed><course>242.226562</course><hAcc>5.000000</hAcc><vAcc>4.000000</vAcc></extensions></trkpt>
      <trkpt lon="-123.283425" lat="44.576529"><ele>71.961655</ele><time>2020-10-03T22:32:29Z</time><extensions><speed>1.090000</speed><course>259.101562</course><hAcc>5.000000</hAcc><vAcc>4.000000</vAcc></extensions></trkpt>
      <trkpt lon="-123.283435" lat="44.576528"><ele>71.784775</ele><time>2020-10-03T22:32:30Z</time><extensions><speed>0.740000</speed><course>273.867188</course><hAcc>5.000000</hAcc><vAcc>4.000000</vAcc></extensions></trkpt>
      <trkpt lon="-123.283434" lat="44.576524"><ele>71.843071</ele><time>2020-10-03T22:32:31Z</time><extensions><speed>0.740000</speed><course>203.554688</course><hAcc>5.000000</hAcc><vAcc>4.000000</vAcc></extensions></trkpt>
      <trkpt lon="-123.283434" lat="44.576524"><ele>71.767967</ele><time>2020-10-03T22:32:32Z</time><extensions><speed>0.000000</speed><course>11.953125</course><hAcc>5.000000</hAcc><vAcc>4.000000</vAcc></extensions></trkpt>
      <trkpt lon="-123.283434" lat="44.576524"><ele>71.612297</ele><time>2020-10-03T22:32:33Z</time><extensions><speed>0.000000</speed><course>19.335938</course><hAcc>5.000000</hAcc><vAcc>4.000000</vAcc></extensions></trkpt>
      <trkpt lon="-123.283434" lat="44.576522"><ele>71.635277</ele><time>2020-10-03T22:32:34Z</time><extensions><speed>0.350000</speed><course>20.390625</course><hAcc>5.000000</hAcc><vAcc>4.000000</vAcc></extensions></trkpt>
      <trkpt lon="-123.283435" lat="44.576519"><ele>71.885612</ele><time>2020-10-03T22:32:35Z</time><extensions><speed>0.250000</speed><course>51.679688</course><hAcc>5.000000</hAcc><vAcc>4.000000</vAcc></extensions></trkpt>
      <trkpt lon="-123.283429" lat="44.576518"><ele>71.980164</ele><time>2020-10-03T22:32:36Z</time><extensions><speed>0.350000</speed><course>50.625000</course><hAcc>5.000000</hAcc><vAcc>4.000000</vAcc></extensions></trkpt>
      <trkpt lon="-123.283418" lat="44.576516"><ele>71.954994</ele><time>2020-10-03T22:32:37Z</time><extensions><speed>0.260000</speed><course>52.382812</course><hAcc>5.000000</hAcc><vAcc>4.000000</vAcc></extensions></trkpt>
      <trkpt lon="-123.283418" lat="44.576516"><ele>71.895935</ele><time>2020-10-03T22:32:38Z</time><extensions><speed>0.000000</speed><course>15.820312</course><hAcc>5.000000</hAcc><vAcc>4.000000</vAcc></extensions></trkpt>
      <trkpt lon="-123.283404" lat="44.576513"><ele>72.383369</ele><time>2020-10-03T22:32:39Z</time><extensions><speed>0.320000</speed><course>17.226562</course><hAcc>5.000000</hAcc><vAcc>4.000000</vAcc></extensions></trkpt>
      <trkpt lon="-123.283400" lat="44.576513"><ele>72.372047</ele><time>2020-10-03T22:32:40Z</time><extensions><speed>0.320000</speed><course>17.578125</course><hAcc>5.000000</hAcc><vAcc>4.000000</vAcc></extensions></trkpt>
      <trkpt lon="-123.283403" lat="44.576512"><ele>72.554016</ele><time>2020-10-03T22:32:41Z</time><extensions><speed>0.590000</speed><course>271.757812</course><hAcc>5.000000</hAcc><vAcc>4.000000</vAcc></extensions></trkpt>
      <trkpt lon="-123.283409" lat="44.576509"><ele>72.415855</ele><time>2020-10-03T22:32:42Z</time><extensions><speed>0.590000</speed><course>290.039062</course><hAcc>5.000000</hAcc><vAcc>4.000000</vAcc></extensions></trkpt>
      <trkpt lon="-123.283409" lat="44.576509"><ele>72.406776</ele><time>2020-10-03T22:32:43Z</time><extensions><speed>0.000000</speed><course>271.406250</course><hAcc>5.000000</hAcc><vAcc>4.000000</vAcc></extensions></trkpt>
      <trkpt lon="-123.283416" lat="44.576501"><ele>72.415932</ele><time>2020-10-03T22:32:44Z</time><extensions><speed>0.230000</speed><course>180.703125</course><hAcc>5.000000</hAcc><vAcc>4.000000</vAcc></extensions></trkpt>
      <trkpt lon="-123.283416" lat="44.576497"><ele>72.315483</ele><time>2020-10-03T22:32:45Z</time><extensions><speed>0.230000</speed><course>127.265625</course><hAcc>5.000000</hAcc><vAcc>4.000000</vAcc></extensions></trkpt>
      <trkpt lon="-123.283417" lat="44.576492"><ele>72.245720</ele><time>2020-10-03T22:32:46Z</time><extensions><speed>0.310000</speed><course>146.601562</course><hAcc>5.000000</hAcc><vAcc>4.000000</vAcc></extensions></trkpt>
      <trkpt lon="-123.283420" lat="44.576488"><ele>72.493988</ele><time>2020-10-03T22:32:47Z</time><extensions><speed>0.240000</speed><course>153.281250</course><hAcc>5.000000</hAcc><vAcc>4.000000</vAcc></extensions></trkpt>
      <trkpt lon="-123.283423" lat="44.576484"><ele>72.583488</ele><time>2020-10-03T22:32:48Z</time><extensions><speed>0.350000</speed><course>167.343750</course><hAcc>5.000000</hAcc><vAcc>4.000000</vAcc></extensions></trkpt>
      <trkpt lon="-123.283427" lat="44.576479"><ele>72.217026</ele><time>2020-10-03T22:32:49Z</time><extensions><speed>0.350000</speed><course>159.609375</course><hAcc>5.000000</hAcc><vAcc>4.000000</vAcc></extensions></trkpt>
      <trkpt lon="-123.283432" lat="44.576477"><ele>72.425018</ele><time>2020-10-03T22:32:50Z</time><extensions><speed>0.350000</speed><course>186.679688</course><hAcc>5.000000</hAcc><vAcc>4.000000</vAcc></extensions></trkpt>
      <trkpt lon="-123.283438" lat="44.576478"><ele>72.483597</ele><time>2020-10-03T22:32:51Z</time><extensions><speed>0.320000</speed><course>280.546875</course><hAcc>5.000000</hAcc><vAcc>4.000000</vAcc></extensions></trkpt>
      <trkpt lon="-123.283442" lat="44.576481"><ele>72.549644</ele><time>2020-10-03T22:32:52Z</time><extensions><speed>0.230000</speed><course>326.250000</course><hAcc>5.000000</hAcc><vAcc>4.000000</vAcc></extensions></trkpt>
      <trkpt lon="-123.283444" lat="44.576485"><ele>72.568367</ele><time>2020-10-03T22:32:53Z</time><extensions><speed>0.370000</speed><course>346.289062</course><hAcc>5.000000</hAcc><vAcc>4.000000</vAcc></extensions></trkpt>
      <trkpt lon="-123.283444" lat="44.576491"><ele>72.620293</ele><time>2020-10-03T22:32:54Z</time><extensions><speed>0.680000</speed><course>19.335938</course><hAcc>5.000000</hAcc><vAcc>4.000000</vAcc></extensions></trkpt>
      <trkpt lon="-123.283439" lat="44.576497"><ele>72.565742</ele><time>2020-10-03T22:32:55Z</time><extensions><speed>0.640000</speed><course>40.429688</course><hAcc>5.000000</hAcc><vAcc>4.000000</vAcc></extensions></trkpt>
      <trkpt lon="-123.283431" lat="44.576503"><ele>72.706078</ele><time>2020-10-03T22:32:56Z</time><extensions><speed>0.640000</speed><course>56.601562</course><hAcc>5.000000</hAcc><vAcc>4.000000</vAcc></extensions></trkpt>
      <trkpt lon="-123.283422" lat="44.576507"><ele>72.508827</ele><time>2020-10-03T22:32:57Z</time><extensions><speed>0.640000</speed><course>67.851562</course><hAcc>5.000000</hAcc><vAcc>4.000000</vAcc></extensions></trkpt>
      <trkpt lon="-123.283413" lat="44.576506"><ele>72.466629</ele><time>2020-10-03T22:32:58Z</time><extensions><speed>0.610000</speed><course>82.617188</course><hAcc>5.000000</hAcc><vAcc>4.000000</vAcc></extensions></trkpt>
      <trkpt lon="-123.283413" lat="44.576506"><ele>72.359665</ele><time>2020-10-03T22:32:59Z</time><extensions><speed>0.000000</speed><course>94.570312</course><hAcc>5.000000</hAcc><vAcc>4.000000</vAcc></extensions></trkpt>
      <trkpt lon="-123.283413" lat="44.576506"><ele>72.275475</ele><time>2020-10-03T22:33:00Z</time><extensions><speed>0.000000</speed><course>114.960938</course><hAcc>5.000000</hAcc><vAcc>4.000000</vAcc></extensions></trkpt>
      <trkpt lon="-123.283413" lat="44.576506"><ele>72.204941</ele><time>2020-10-03T22:33:01Z</time><extensions><speed>0.000000</speed><course>198.281250</course><hAcc>5.000000</hAcc><vAcc>4.000000</vAcc></extensions></trkpt>
      <trkpt lon="-123.283413" lat="44.576506"><ele>72.199821</ele><time>2020-10-03T22:33:02Z</time><extensions><speed>0.000000</speed><course>156.445312</course><hAcc>5.000000</hAcc><vAcc>4.000000</vAcc></extensions></trkpt>
      <trkpt lon="-123.283413" lat="44.576506"><ele>72.334419</ele><time>2020-10-03T22:33:03Z</time><extensions><speed>0.000000</speed><course>88.242188</course><hAcc>5.000000</hAcc><vAcc>4.000000</vAcc></extensions></trkpt>
      <trkpt lon="-123.283413" lat="44.576506"><ele>72.227959</ele><time>2020-10-03T22:33:04Z</time><extensions><speed>0.000000</speed><course>153.984375</course><hAcc>5.000000</hAcc><vAcc>4.000000</vAcc></extensions></trkpt>
      <trkpt lon="-123.283413" lat="44.576506"><ele>72.231148</ele><time>2020-10-03T22:33:05Z</time><extensions><speed>0.000000</speed><course>351.562500</course><hAcc>5.000000</hAcc><vAcc>4.000000</vAcc></extensions></trkpt>
      <trkpt lon="-123.283413" lat="44.576506"><ele>72.348022</ele><time>2020-10-03T22:33:06Z</time><extensions><speed>0.000000</speed><course>312.539062</course><hAcc>5.000000</hAcc><vAcc>4.000000</vAcc></extensions></trkpt>
      <trkpt lon="-123.283413" lat="44.576506"><ele>72.420906</ele><time>2020-10-03T22:33:07Z</time><extensions><speed>0.000000</speed><course>285.117188</course><hAcc>5.000000</hAcc><vAcc>4.000000</vAcc></extensions></trkpt>
      <trkpt lon="-123.283413" lat="44.576506"><ele>72.496254</ele><time>2020-10-03T22:33:08Z</time><extensions><speed>0.000000</speed><course>326.250000</course><hAcc>5.000000</hAcc><vAcc>4.000000</vAcc></extensions></trkpt>
      <trkpt lon="-123.283372" lat="44.576495"><ele>72.400238</ele><time>2020-10-03T22:33:09Z</time><extensions><speed>0.210000</speed><course>264.726562</course><hAcc>5.000000</hAcc><vAcc>4.000000</vAcc></extensions></trkpt>
      <trkpt lon="-123.283372" lat="44.576495"><ele>72.408234</ele><time>2020-10-03T22:33:10Z</time><extensions><speed>0.000000</speed><course>270.000000</course><hAcc>5.000000</hAcc><vAcc>4.000000</vAcc></extensions></trkpt>
      <trkpt lon="-123.283372" lat="44.576495"><ele>72.381828</ele><time>2020-10-03T22:33:11Z</time><extensions><speed>0.000000</speed><course>267.539062</course><hAcc>5.000000</hAcc><vAcc>4.000000</vAcc></extensions></trkpt>
      <trkpt lon="-123.283372" lat="44.576495"><ele>72.340370</ele><time>2020-10-03T22:33:12Z</time><extensions><speed>0.000000</speed><course>242.929688</course><hAcc>5.000000</hAcc><vAcc>4.000000</vAcc></extensions></trkpt>
      <trkpt lon="-123.283372" lat="44.576495"><ele>72.453117</ele><time>2020-10-03T22:33:13Z</time><extensions><speed>0.000000</speed><course>187.734375</course><hAcc>5.000000</hAcc><vAcc>4.000000</vAcc></extensions></trkpt>
      <trkpt lon="-123.283386" lat="44.576497"><ele>72.271164</ele><time>2020-10-03T22:33:14Z</time><extensions><speed>0.540000</speed><course>193.710938</course><hAcc>5.000000</hAcc><vAcc>4.000000</vAcc></extensions></trkpt>
      <trkpt lon="-123.283386" lat="44.576497"><ele>72.420067</ele><time>2020-10-03T22:33:15Z</time><extensions><speed>0.000000</speed><course>185.976562</course><hAcc>5.000000</hAcc><vAcc>4.000000</vAcc></extensions></trkpt>
      <trkpt lon="-123.283386" lat="44.576494"><ele>72.421417</ele><time>2020-10-03T22:33:16Z</time><extensions><speed>0.210000</speed><course>272.460938</course><hAcc>5.000000</hAcc><vAcc>4.000000</vAcc></extensions></trkpt>
      <trkpt lon="-123.283385" lat="44.576502"><ele>72.416039</ele><time>2020-10-03T22:33:17Z</time><extensions><speed>0.230000</speed><course>321.679688</course><hAcc>5.000000</hAcc><vAcc>4.000000</vAcc></extensions></trkpt>
      <trkpt lon="-123.283385" lat="44.576502"><ele>72.441170</ele><time>2020-10-03T22:33:18Z</time><extensions><speed>0.000000</speed><course>349.804688</course><hAcc>5.000000</hAcc><vAcc>3.000000</vAcc></extensions></trkpt>
      <trkpt lon="-123.283385" lat="44.576502"><ele>72.442406</ele><time>2020-10-03T22:33:19Z</time><extensions><speed>0.000000</speed><course>114.609375</course><hAcc>10.000000</hAcc><vAcc>3.000000</vAcc></extensions></trkpt>
      <trkpt lon="-123.283385" lat="44.576502"><ele>72.565094</ele><time>2020-10-03T22:33:20Z</time><extensions><speed>0.000000</speed><course>90.703125</course><hAcc>10.000000</hAcc><vAcc>3.000000</vAcc></extensions></trkpt>
      <trkpt lon="-123.283385" lat="44.576502"><ele>72.460182</ele><time>2020-10-03T22:33:21Z</time><extensions><speed>0.000000</speed><course>133.593750</course><hAcc>10.000000</hAcc><vAcc>3.000000</vAcc></extensions></trkpt>
      <trkpt lon="-123.283385" lat="44.576502"><ele>72.623207</ele><time>2020-10-03T22:33:22Z</time><extensions><speed>0.000000</speed><course>140.273438</course><hAcc>10.000000</hAcc><vAcc>3.000000</vAcc></extensions></trkpt>
      <trkpt lon="-123.283385" lat="44.576502"><ele>72.507080</ele><time>2020-10-03T22:33:23Z</time><extensions><speed>0.000000</speed><course>183.164062</course><hAcc>10.000000</hAcc><vAcc>3.000000</vAcc></extensions></trkpt>
      <trkpt lon="-123.283367" lat="44.576512"><ele>72.624260</ele><time>2020-10-03T22:33:24Z</time><extensions><speed>0.370000</speed><course>267.187500</course><hAcc>10.000000</hAcc><vAcc>3.000000</vAcc></extensions></trkpt>
      <trkpt lon="-123.283373" lat="44.576513"><ele>72.680328</ele><time>2020-10-03T22:33:25Z</time><extensions><speed>0.370000</speed><course>255.585938</course><hAcc>10.000000</hAcc><vAcc>3.000000</vAcc></extensions></trkpt>
      <trkpt lon="-123.283373" lat="44.576513"><ele>72.475517</ele><time>2020-10-03T22:33:26Z</time><extensions><speed>0.000000</speed><course>242.578125</course><hAcc>10.000000</hAcc><vAcc>3.000000</vAcc></extensions></trkpt>
      <trkpt lon="-123.283371" lat="44.576514"><ele>72.545601</ele><time>2020-10-03T22:33:27Z</time><extensions><speed>0.260000</speed><course>208.828125</course><hAcc>10.000000</hAcc><vAcc>3.000000</vAcc></extensions></trkpt>
      <trkpt lon="-123.283368" lat="44.576515"><ele>72.498428</ele><time>2020-10-03T22:33:28Z</time><extensions><speed>0.200000</speed><course>96.328125</course><hAcc>10.000000</hAcc><vAcc>3.000000</vAcc></extensions></trkpt>
      <trkpt lon="-123.283361" lat="44.576515"><ele>72.581131</ele><time>2020-10-03T22:33:29Z</time><extensions><speed>0.390000</speed><course>124.453125</course><hAcc>10.000000</hAcc><vAcc>3.000000</vAcc></extensions></trkpt>
      <trkpt lon="-123.283353" lat="44.576515"><ele>72.436653</ele><time>2020-10-03T22:33:30Z</time><extensions><speed>0.320000</speed><course>107.578125</course><hAcc>10.000000</hAcc><vAcc>3.000000</vAcc></extensions></trkpt>
      <trkpt lon="-123.283347" lat="44.576514"><ele>72.634499</ele><time>2020-10-03T22:33:31Z</time><extensions><speed>0.390000</speed><course>108.984375</course><hAcc>10.000000</hAcc><vAcc>3.000000</vAcc></extensions></trkpt>
      <trkpt lon="-123.283346" lat="44.576512"><ele>72.526733</ele><time>2020-10-03T22:33:32Z</time><extensions><speed>0.410000</speed><course>108.632812</course><hAcc>10.000000</hAcc><vAcc>3.000000</vAcc></extensions></trkpt>
      <trkpt lon="-123.283344" lat="44.576511"><ele>72.477005</ele><time>2020-10-03T22:33:33Z</time><extensions><speed>0.160000</speed><course>35.859375</course><hAcc>10.000000</hAcc><vAcc>4.000000</vAcc></extensions></trkpt>
      <trkpt lon="-123.283345" lat="44.576514"><ele>72.595528</ele><time>2020-10-03T22:33:34Z</time><extensions><speed>0.310000</speed><course>304.804688</course><hAcc>10.000000</hAcc><vAcc>4.000000</vAcc></extensions></trkpt>
      <trkpt lon="-123.283345" lat="44.576514"><ele>72.536934</ele><time>2020-10-03T22:33:35Z</time><extensions><speed>0.000000</speed><course>353.320312</course><hAcc>10.000000</hAcc><vAcc>4.000000</vAcc></extensions></trkpt>
      <trkpt lon="-123.283345" lat="44.576514"><ele>72.598221</ele><time>2020-10-03T22:33:36Z</time><extensions><speed>0.000000</speed><course>229.570312</course><hAcc>10.000000</hAcc><vAcc>3.000000</vAcc></extensions></trkpt>
      <trkpt lon="-123.283343" lat="44.576507"><ele>72.443787</ele><time>2020-10-03T22:33:37Z</time><extensions><speed>0.600000</speed><course>177.187500</course><hAcc>10.000000</hAcc><vAcc>3.000000</vAcc></extensions></trkpt>
      <trkpt lon="-123.283336" lat="44.576496"><ele>72.677185</ele><time>2020-10-03T22:33:38Z</time><extensions><speed>0.730000</speed><course>160.664062</course><hAcc>10.000000</hAcc><vAcc>3.000000</vAcc></extensions></trkpt>
      <trkpt lon="-123.283333" lat="44.576492"><ele>72.725136</ele><time>2020-10-03T22:33:39Z</time><extensions><speed>0.600000</speed><course>112.148438</course><hAcc>10.000000</hAcc><vAcc>3.000000</vAcc></extensions></trkpt>
      <trkpt lon="-123.283336" lat="44.576493"><ele>72.553902</ele><time>2020-10-03T22:33:40Z</time><extensions><speed>0.490000</speed><course>73.828125</course><hAcc>10.000000</hAcc><vAcc>3.000000</vAcc></extensions></trkpt>
      <trkpt lon="-123.283342" lat="44.576495"><ele>72.679031</ele><time>2020-10-03T22:33:41Z</time><extensions><speed>0.360000</speed><course>59.765625</course><hAcc>10.000000</hAcc><vAcc>4.000000</vAcc></extensions></trkpt>
      <trkpt lon="-123.283344" lat="44.576497"><ele>72.561119</ele><time>2020-10-03T22:33:42Z</time><extensions><speed>0.190000</speed><course>20.742188</course><hAcc>10.000000</hAcc><vAcc>4.000000</vAcc></extensions></trkpt>
      <trkpt lon="-123.283339" lat="44.576504"><ele>72.610878</ele><time>2020-10-03T22:33:43Z</time><extensions><speed>0.720000</speed><course>47.812500</course><hAcc>10.000000</hAcc><vAcc>4.000000</vAcc></extensions></trkpt>
      <trkpt lon="-123.283325" lat="44.576504"><ele>72.674171</ele><time>2020-10-03T22:33:44Z</time><extensions><speed>0.720000</speed><course>99.140625</course><hAcc>10.000000</hAcc><vAcc>3.000000</vAcc></extensions></trkpt>
      <trkpt lon="-123.283312" lat="44.576501"><ele>72.621353</ele><time>2020-10-03T22:33:45Z</time><extensions><speed>0.890000</speed><course>94.570312</course><hAcc>10.000000</hAcc><vAcc>3.000000</vAcc></extensions></trkpt>
      <trkpt lon="-123.283306" lat="44.576506"><ele>72.596214</ele><time>2020-10-03T22:33:46Z</time><extensions><speed>0.900000</speed><course>62.226562</course><hAcc>10.000000</hAcc><vAcc>3.000000</vAcc></extensions></trkpt>
      <trkpt lon="-123.283316" lat="44.576510"><ele>72.605148</ele><time>2020-10-03T22:33:47Z</time><extensions><speed>0.180000</speed><course>9.492188</course><hAcc>10.000000</hAcc><vAcc>3.000000</vAcc></extensions></trkpt>
      <trkpt lon="-123.283319" lat="44.576509"><ele>72.530106</ele><time>2020-10-03T22:33:48Z</time><extensions><speed>0.310000</speed><course>108.281250</course><hAcc>10.000000</hAcc><vAcc>3.000000</vAcc></extensions></trkpt>
      <trkpt lon="-123.283332" lat="44.576511"><ele>72.596619</ele><time>2020-10-03T22:33:49Z</time><extensions><speed>0.270000</speed><course>267.539062</course><hAcc>10.000000</hAcc><vAcc>4.000000</vAcc></extensions></trkpt>
      <trkpt lon="-123.283336" lat="44.576517"><ele>72.590286</ele><time>2020-10-03T22:33:50Z</time><extensions><speed>0.240000</speed><course>2.812500</course><hAcc>10.000000</hAcc><vAcc>4.000000</vAcc></extensions></trkpt>
      <trkpt lon="-123.283336" lat="44.576517"><ele>72.603813</ele><time>2020-10-03T22:33:51Z</time><extensions><speed>0.000000</speed><course>11.601562</course><hAcc>10.000000</hAcc><vAcc>4.000000</vAcc></extensions></trkpt>
      <trkpt lon="-123.283339" lat="44.576530"><ele>72.590126</ele><time>2020-10-03T22:33:52Z</time><extensions><speed>0.460000</speed><course>354.023438</course><hAcc>10.000000</hAcc><vAcc>4.000000</vAcc></extensions></trkpt>
      <trkpt lon="-123.283330" lat="44.576540"><ele>72.524216</ele><time>2020-10-03T22:33:53Z</time><extensions><speed>0.630000</speed><course>26.015625</course><hAcc>10.000000</hAcc><vAcc>4.000000</vAcc></extensions></trkpt>
      <trkpt lon="-123.283330" lat="44.576540"><ele>72.603027</ele><time>2020-10-03T22:33:54Z</time><extensions><speed>0.000000</speed><course>39.726562</course><hAcc>10.000000</hAcc><vAcc>4.000000</vAcc></extensions></trkpt>
      <trkpt lon="-123.283330" lat="44.576540"><ele>72.577621</ele><time>2020-10-03T22:33:55Z</time><extensions><speed>0.000000</speed><course>34.453125</course><hAcc>10.000000</hAcc><vAcc>4.000000</vAcc></extensions></trkpt>
      <trkpt lon="-123.283330" lat="44.576540"><ele>72.612556</ele><time>2020-10-03T22:33:56Z</time><extensions><speed>0.000000</speed><course>61.875000</course><hAcc>10.000000</hAcc><vAcc>4.000000</vAcc></extensions></trkpt>
      <trkpt lon="-123.283330" lat="44.576540"><ele>72.554214</ele><time>2020-10-03T22:33:57Z</time><extensions><speed>0.000000</speed><course>53.789062</course><hAcc>10.000000</hAcc><vAcc>4.000000</vAcc></extensions></trkpt>
      <trkpt lon="-123.283323" lat="44.576542"><ele>72.554573</ele><time>2020-10-03T22:33:58Z</time><extensions><speed>0.200000</speed><course>46.757812</course><hAcc>10.000000</hAcc><vAcc>4.000000</vAcc></extensions></trkpt>
      <trkpt lon="-123.283321" lat="44.576543"><ele>72.602173</ele><time>2020-10-03T22:33:59Z</time><extensions><speed>0.220000</speed><course>47.812500</course><hAcc>10.000000</hAcc><vAcc>4.000000</vAcc></extensions></trkpt>
      <trkpt lon="-123.283320" lat="44.576543"><ele>72.692184</ele><time>2020-10-03T22:34:00Z</time><extensions><speed>0.240000</speed><course>79.101562</course><hAcc>10.000000</hAcc><vAcc>4.000000</vAcc></extensions></trkpt>
      <trkpt lon="-123.283320" lat="44.576541"><ele>72.660942</ele><time>2020-10-03T22:34:01Z</time><extensions><speed>0.200000</speed><course>100.898438</course><hAcc>10.000000</hAcc><vAcc>4.000000</vAcc></extensions></trkpt>
      <trkpt lon="-123.283319" lat="44.576543"><ele>72.587952</ele><time>2020-10-03T22:34:02Z</time><extensions><speed>0.450000</speed><course>89.648438</course><hAcc>10.000000</hAcc><vAcc>3.000000</vAcc></extensions></trkpt>
      <trkpt lon="-123.283322" lat="44.576546"><ele>72.613327</ele><time>2020-10-03T22:34:03Z</time><extensions><speed>0.450000</speed><course>40.429688</course><hAcc>10.000000</hAcc><vAcc>3.000000</vAcc></extensions></trkpt>
      <trkpt lon="-123.283324" lat="44.576544"><ele>72.633446</ele><time>2020-10-03T22:34:04Z</time><extensions><speed>0.450000</speed><course>62.578125</course><hAcc>10.000000</hAcc><vAcc>4.000000</vAcc></extensions></trkpt>
      <trkpt lon="-123.283321" lat="44.576539"><ele>72.657799</ele><time>2020-10-03T22:34:05Z</time><extensions><speed>0.490000</speed><course>114.609375</course><hAcc>10.000000</hAcc><vAcc>4.000000</vAcc></extensions></trkpt>
      <trkpt lon="-123.283315" lat="44.576534"><ele>72.699867</ele><time>2020-10-03T22:34:06Z</time><extensions><speed>0.490000</speed><course>132.890625</course><hAcc>10.000000</hAcc><vAcc>4.000000</vAcc></extensions></trkpt>
      <trkpt lon="-123.283315" lat="44.576534"><ele>72.713936</ele><time>2020-10-03T22:34:07Z</time><extensions><speed>0.000000</speed><course>116.367188</course><hAcc>10.000000</hAcc><vAcc>4.000000</vAcc></extensions></trkpt>
      <trkpt lon="-123.283322" lat="44.576524"><ele>72.732132</ele><time>2020-10-03T22:34:08Z</time><extensions><speed>0.320000</speed><course>169.804688</course><hAcc>10.000000</hAcc><vAcc>4.000000</vAcc></extensions></trkpt>
      <trkpt lon="-123.283326" lat="44.576521"><ele>72.728661</ele><time>2020-10-03T22:34:09Z</time><extensions><speed>0.290000</speed><course>318.164062</course><hAcc>10.000000</hAcc><vAcc>4.000000</vAcc></extensions></trkpt>
      <trkpt lon="-123.283326" lat="44.576521"><ele>72.766869</ele><time>2020-10-03T22:34:10Z</time><extensions><speed>0.000000</speed><course>39.726562</course><hAcc>10.000000</hAcc><vAcc>4.000000</vAcc></extensions></trkpt>
      <trkpt lon="-123.283333" lat="44.576517"><ele>72.813812</ele><time>2020-10-03T22:34:11Z</time><extensions><speed>0.270000</speed><course>338.203125</course><hAcc>10.000000</hAcc><vAcc>4.000000</vAcc></extensions></trkpt>
      <trkpt lon="-123.283337" lat="44.576511"><ele>72.857315</ele><time>2020-10-03T22:34:12Z</time><extensions><speed>0.400000</speed><course>192.656250</course><hAcc>10.000000</hAcc><vAcc>4.000000</vAcc></extensions></trkpt>
      <trkpt lon="-123.283338" lat="44.576501"><ele>72.790154</ele><time>2020-10-03T22:34:13Z</time><extensions><speed>0.790000</speed><course>167.695312</course><hAcc>10.000000</hAcc><vAcc>3.000000</vAcc></extensions></trkpt>
      <trkpt lon="-123.283337" lat="44.576492"><ele>72.779732</ele><time>2020-10-03T22:34:14Z</time><extensions><speed>0.600000</speed><course>155.742188</course><hAcc>10.000000</hAcc><vAcc>3.000000</vAcc></extensions></trkpt>
      <trkpt lon="-123.283340" lat="44.576488"><ele>72.808914</ele><time>2020-10-03T22:34:15Z</time><extensions><speed>0.640000</speed><course>176.132812</course><hAcc>10.000000</hAcc><vAcc>3.000000</vAcc></extensions></trkpt>
      <trkpt lon="-123.283347" lat="44.576489"><ele>72.791039</ele><time>2020-10-03T22:34:16Z</time><extensions><speed>0.600000</speed><course>255.234375</course><hAcc>10.000000</hAcc><vAcc>3.000000</vAcc></extensions></trkpt>
      <trkpt lon="-123.283357" lat="44.576497"><ele>72.738800</ele><time>2020-10-03T22:34:17Z</time><extensions><speed>0.200000</speed><course>285.820312</course><hAcc>10.000000</hAcc><vAcc>3.000000</vAcc></extensions></trkpt>
      <trkpt lon="-123.283365" lat="44.576502"><ele>72.779152</ele><time>2020-10-03T22:34:18Z</time><extensions><speed>0.200000</speed><course>272.812500</course><hAcc>10.000000</hAcc><vAcc>3.000000</vAcc></extensions></trkpt>
      <trkpt lon="-123.283377" lat="44.576508"><ele>72.773407</ele><time>2020-10-03T22:34:19Z</time><extensions><speed>0.200000</speed><course>272.812500</course><hAcc>10.000000</hAcc><vAcc>3.000000</vAcc></extensions></trkpt>
      <trkpt lon="-123.283389" lat="44.576516"><ele>72.808929</ele><time>2020-10-03T22:34:20Z</time><extensions><speed>0.410000</speed><course>283.710938</course><hAcc>10.000000</hAcc><vAcc>3.000000</vAcc></extensions></trkpt>
      <trkpt lon="-123.283393" lat="44.576521"><ele>72.774025</ele><time>2020-10-03T22:34:21Z</time><extensions><speed>0.230000</speed><course>305.156250</course><hAcc>10.000000</hAcc><vAcc>3.000000</vAcc></extensions></trkpt>
      <trkpt lon="-123.283390" lat="44.576525"><ele>72.809906</ele><time>2020-10-03T22:34:22Z</time><extensions><speed>0.600000</speed><course>31.992188</course><hAcc>10.000000</hAcc><vAcc>3.000000</vAcc></extensions></trkpt>
      <trkpt lon="-123.283380" lat="44.576529"><ele>72.777466</ele><time>2020-10-03T22:34:23Z</time><extensions><speed>0.600000</speed><course>61.875000</course><hAcc>10.000000</hAcc><vAcc>3.000000</vAcc></extensions></trkpt>
      <trkpt lon="-123.283363" lat="44.576530"><ele>72.909950</ele><time>2020-10-03T22:34:24Z</time><extensions><speed>0.600000</speed><course>71.718750</course><hAcc>10.000000</hAcc><vAcc>3.000000</vAcc></extensions></trkpt>
      <trkpt lon="-123.283363" lat="44.576530"><ele>72.783524</ele><time>2020-10-03T22:34:25Z</time><extensions><speed>0.000000</speed><course>73.125000</course><hAcc>10.000000</hAcc><vAcc>3.000000</vAcc></extensions></trkpt>
      <trkpt lon="-123.283361" lat="44.576524"><ele>72.925667</ele><time>2020-10-03T22:34:26Z</time><extensions><speed>0.160000</speed><course>94.921875</course><hAcc>10.000000</hAcc><vAcc>3.000000</vAcc></extensions></trkpt>
      <trkpt lon="-123.283361" lat="44.576524"><ele>72.823837</ele><time>2020-10-03T22:34:27Z</time><extensions><speed>0.000000</speed><course>275.976562</course><hAcc>10.000000</hAcc><vAcc>3.000000</vAcc></extensions></trkpt>
      <trkpt lon="-123.283359" lat="44.576518"><ele>72.823868</ele><time>2020-10-03T22:34:28Z</time><extensions><speed>0.230000</speed><course>261.562500</course><hAcc>10.000000</hAcc><vAcc>3.000000</vAcc></extensions></trkpt>
      <trkpt lon="-123.283362" lat="44.576512"><ele>72.821930</ele><time>2020-10-03T22:34:29Z</time><extensions><speed>0.230000</speed><course>273.867188</course><hAcc>10.000000</hAcc><vAcc>3.000000</vAcc></extensions></trkpt>
      <trkpt lon="-123.283363" lat="44.576510"><ele>72.846779</ele><time>2020-10-03T22:34:30Z</time><extensions><speed>0.250000</speed><course>274.218750</course><hAcc>10.000000</hAcc><vAcc>3.000000</vAcc></extensions></trkpt>
      <trkpt lon="-123.283367" lat="44.576510"><ele>72.930458</ele><time>2020-10-03T22:34:31Z</time><extensions><speed>0.330000</speed><course>283.710938</course><hAcc>10.000000</hAcc><vAcc>3.000000</vAcc></extensions></trkpt>
      <trkpt lon="-123.283373" lat="44.576512"><ele>72.805367</ele><time>2020-10-03T22:34:32Z</time><extensions><speed>0.350000</speed><course>300.937500</course><hAcc>10.000000</hAcc><vAcc>3.000000</vAcc></extensions></trkpt>
      <trkpt lon="-123.283381" lat="44.576514"><ele>72.774368</ele><time>2020-10-03T22:34:33Z</time><extensions><speed>0.420000</speed><course>280.195312</course><hAcc>10.000000</hAcc><vAcc>3.000000</vAcc></extensions></trkpt>
      <trkpt lon="-123.283385" lat="44.576516"><ele>72.876595</ele><time>2020-10-03T22:34:34Z</time><extensions><speed>0.350000</speed><course>270.351562</course><hAcc>10.000000</hAcc><vAcc>3.000000</vAcc></extensions></trkpt>
      <trkpt lon="-123.283388" lat="44.576515"><ele>72.795387</ele><time>2020-10-03T22:34:35Z</time><extensions><speed>0.280000</speed><course>241.875000</course><hAcc>10.000000</hAcc><vAcc>3.000000</vAcc></extensions></trkpt>
      <trkpt lon="-123.283386" lat="44.576515"><ele>72.724724</ele><time>2020-10-03T22:34:36Z</time><extensions><speed>0.230000</speed><course>219.726562</course><hAcc>10.000000</hAcc><vAcc>3.000000</vAcc></extensions></trkpt>
      <trkpt lon="-123.283386" lat="44.576515"><ele>72.902794</ele><time>2020-10-03T22:34:37Z</time><extensions><speed>0.000000</speed><course>153.281250</course><hAcc>10.000000</hAcc><vAcc>3.000000</vAcc></extensions></trkpt>
      <trkpt lon="-123.283381" lat="44.576515"><ele>72.703491</ele><time>2020-10-03T22:34:38Z</time><extensions><speed>0.230000</speed><course>123.398438</course><hAcc>10.000000</hAcc><vAcc>3.000000</vAcc></extensions></trkpt>
      <trkpt lon="-123.283382" lat="44.576513"><ele>73.335182</ele><time>2020-10-03T22:34:39Z</time><extensions><speed>0.230000</speed><course>93.515625</course><hAcc>10.000000</hAcc><vAcc>3.000000</vAcc></extensions></trkpt>
      <trkpt lon="-123.283382" lat="44.576513"><ele>73.283531</ele><time>2020-10-03T22:34:40Z</time><extensions><speed>0.000000</speed><course>44.296875</course><hAcc>10.000000</hAcc><vAcc>3.000000</vAcc></extensions></trkpt>
      <trkpt lon="-123.283390" lat="44.576512"><ele>73.288452</ele><time>2020-10-03T22:34:41Z</time><extensions><speed>0.270000</speed><course>8.789062</course><hAcc>10.000000</hAcc><vAcc>3.000000</vAcc></extensions></trkpt>
      <trkpt lon="-123.283390" lat="44.576512"><ele>73.338005</ele><time>2020-10-03T22:34:42Z</time><extensions><speed>0.000000</speed><course>312.187500</course><hAcc>10.000000</hAcc><vAcc>3.000000</vAcc></extensions></trkpt>
      <trkpt lon="-123.283390" lat="44.576512"><ele>73.306526</ele><time>2020-10-03T22:34:43Z</time><extensions><speed>0.000000</speed><course>257.695312</course><hAcc>10.000000</hAcc><vAcc>3.000000</vAcc></extensions></trkpt>
      <trkpt lon="-123.283390" lat="44.576512"><ele>73.299362</ele><time>2020-10-03T22:34:44Z</time><extensions><speed>0.000000</speed><course>259.101562</course><hAcc>10.000000</hAcc><vAcc>3.000000</vAcc></extensions></trkpt>
      <trkpt lon="-123.283390" lat="44.576512"><ele>73.219528</ele><time>2020-10-03T22:34:45Z</time><extensions><speed>0.000000</speed><course>259.101562</course><hAcc>10.000000</hAcc><vAcc>3.000000</vAcc></extensions></trkpt>
      <trkpt lon="-123.283390" lat="44.576512"><ele>73.206146</ele><time>2020-10-03T22:34:46Z</time><extensions><speed>0.000000</speed><course>259.101562</course><hAcc>10.000000</hAcc><vAcc>3.000000</vAcc></extensions></trkpt>
      <trkpt lon="-123.283390" lat="44.576512"><ele>73.269249</ele><time>2020-10-03T22:34:47Z</time><extensions><speed>0.000000</speed><course>259.101562</course><hAcc>10.000000</hAcc><vAcc>3.000000</vAcc></extensions></trkpt>
      <trkpt lon="-123.283390" lat="44.576512"><ele>73.283005</ele><time>2020-10-03T22:34:48Z</time><extensions><speed>0.000000</speed><course>259.101562</course><hAcc>10.000000</hAcc><vAcc>3.000000</vAcc></extensions></trkpt>
      <trkpt lon="-123.283390" lat="44.576512"><ele>73.274467</ele><time>2020-10-03T22:34:49Z</time><extensions><speed>0.000000</speed><course>259.101562</course><hAcc>10.000000</hAcc><vAcc>3.000000</vAcc></extensions></trkpt>
      <trkpt lon="-123.283390" lat="44.576512"><ele>73.211502</ele><time>2020-10-03T22:34:50Z</time><extensions><speed>0.000000</speed><course>259.101562</course><hAcc>10.000000</hAcc><vAcc>3.000000</vAcc></extensions></trkpt>
      <trkpt lon="-123.283390" lat="44.576512"><ele>73.235847</ele><time>2020-10-03T22:34:51Z</time><extensions><speed>0.000000</speed><course>259.101562</course><hAcc>10.000000</hAcc><vAcc>3.000000</vAcc></extensions></trkpt>
      <trkpt lon="-123.283390" lat="44.576512"><ele>73.278114</ele><time>2020-10-03T22:34:52Z</time><extensions><speed>0.000000</speed><course>259.101562</course><hAcc>10.000000</hAcc><vAcc>3.000000</vAcc></extensions></trkpt>
      <trkpt lon="-123.283390" lat="44.576512"><ele>73.275955</ele><time>2020-10-03T22:34:53Z</time><extensions><speed>0.000000</speed><course>259.101562</course><hAcc>10.000000</hAcc><vAcc>3.000000</vAcc></extensions></trkpt>
      <trkpt lon="-123.283390" lat="44.576512"><ele>73.279091</ele><time>2020-10-03T22:34:54Z</time><extensions><speed>0.000000</speed><course>259.101562</course><hAcc>10.000000</hAcc><vAcc>3.000000</vAcc></extensions></trkpt>
      <trkpt lon="-123.283390" lat="44.576512"><ele>73.216919</ele><time>2020-10-03T22:34:55Z</time><extensions><speed>0.000000</speed><course>259.101562</course><hAcc>10.000000</hAcc><vAcc>3.000000</vAcc></extensions></trkpt>
      <trkpt lon="-123.283390" lat="44.576512"><ele>73.404762</ele><time>2020-10-03T22:34:56Z</time><extensions><speed>0.000000</speed><course>259.101562</course><hAcc>10.000000</hAcc><vAcc>3.000000</vAcc></extensions></trkpt>
      <trkpt lon="-123.283390" lat="44.576512"><ele>73.314873</ele><time>2020-10-03T22:34:57Z</time><extensions><speed>0.000000</speed><course>259.101562</course><hAcc>10.000000</hAcc><vAcc>3.000000</vAcc></extensions></trkpt>
      <trkpt lon="-123.283390" lat="44.576512"><ele>73.295700</ele><time>2020-10-03T22:34:58Z</time><extensions><speed>0.000000</speed><course>259.101562</course><hAcc>10.000000</hAcc><vAcc>3.000000</vAcc></extensions></trkpt>
      <trkpt lon="-123.283390" lat="44.576512"><ele>73.203918</ele><time>2020-10-03T22:34:59Z</time><extensions><speed>0.000000</speed><course>259.101562</course><hAcc>10.000000</hAcc><vAcc>3.000000</vAcc></extensions></trkpt>
      <trkpt lon="-123.283390" lat="44.576512"><ele>73.216499</ele><time>2020-10-03T22:35:00Z</time><extensions><speed>0.000000</speed><course>259.101562</course><hAcc>10.000000</hAcc><vAcc>3.000000</vAcc></extensions></trkpt>
      <trkpt lon="-123.283390" lat="44.576512"><ele>73.166183</ele><time>2020-10-03T22:35:01Z</time><extensions><speed>0.000000</speed><course>259.101562</course><hAcc>10.000000</hAcc><vAcc>3.000000</vAcc></extensions></trkpt>
      <trkpt lon="-123.283390" lat="44.576512"><ele>73.097183</ele><time>2020-10-03T22:35:02Z</time><extensions><speed>0.000000</speed><course>259.101562</course><hAcc>10.000000</hAcc><vAcc>3.000000</vAcc></extensions></trkpt>
      <trkpt lon="-123.283390" lat="44.576512"><ele>73.139595</ele><time>2020-10-03T22:35:03Z</time><extensions><speed>0.000000</speed><course>259.101562</course><hAcc>10.000000</hAcc><vAcc>3.000000</vAcc></extensions></trkpt>
      <trkpt lon="-123.283390" lat="44.576512"><ele>73.118645</ele><time>2020-10-03T22:35:04Z</time><extensions><speed>0.000000</speed><course>259.101562</course><hAcc>10.000000</hAcc><vAcc>3.000000</vAcc></extensions></trkpt>
      <trkpt lon="-123.283390" lat="44.576512"><ele>73.118637</ele><time>2020-10-03T22:35:05Z</time><extensions><speed>0.000000</speed><course>259.101562</course><hAcc>10.000000</hAcc><vAcc>3.000000</vAcc></extensions></trkpt>
      <trkpt lon="-123.283390" lat="44.576512"><ele>73.115425</ele><time>2020-10-03T22:35:06Z</time><extensions><speed>0.000000</speed><course>259.101562</course><hAcc>10.000000</hAcc><vAcc>3.000000</vAcc></extensions></trkpt>
      <trkpt lon="-123.283390" lat="44.576512"><ele>73.116859</ele><time>2020-10-03T22:35:07Z</time><extensions><speed>0.000000</speed><course>259.101562</course><hAcc>10.000000</hAcc><vAcc>3.000000</vAcc></extensions></trkpt>
      <trkpt lon="-123.283390" lat="44.576512"><ele>73.144218</ele><time>2020-10-03T22:35:08Z</time><extensions><speed>0.000000</speed><course>259.101562</course><hAcc>10.000000</hAcc><vAcc>3.000000</vAcc></extensions></trkpt>
      <trkpt lon="-123.283390" lat="44.576512"><ele>73.145790</ele><time>2020-10-03T22:35:09Z</time><extensions><speed>0.000000</speed><course>259.101562</course><hAcc>10.000000</hAcc><vAcc>3.000000</vAcc></extensions></trkpt>
      <trkpt lon="-123.283390" lat="44.576512"><ele>73.032326</ele><time>2020-10-03T22:35:10Z</time><extensions><speed>0.000000</speed><course>259.101562</course><hAcc>10.000000</hAcc><vAcc>3.000000</vAcc></extensions></trkpt>
      <trkpt lon="-123.283390" lat="44.576512"><ele>73.027847</ele><time>2020-10-03T22:35:11Z</time><extensions><speed>0.000000</speed><course>259.101562</course><hAcc>10.000000</hAcc><vAcc>3.000000</vAcc></extensions></trkpt>
      <trkpt lon="-123.283390" lat="44.576512"><ele>73.086143</ele><time>2020-10-03T22:35:12Z</time><extensions><speed>0.000000</speed><course>-1.000000</course><hAcc>10.000000</hAcc><vAcc>3.000000</vAcc></extensions></trkpt>
      <trkpt lon="-123.283390" lat="44.576512"><ele>73.100655</ele><time>2020-10-03T22:35:13Z</time><extensions><speed>0.000000</speed><course>-1.000000</course><hAcc>10.000000</hAcc><vAcc>3.000000</vAcc></extensions></trkpt>
      <trkpt lon="-123.283390" lat="44.576512"><ele>73.131317</ele><time>2020-10-03T22:35:14Z</time><extensions><speed>0.000000</speed><course>-1.000000</course><hAcc>10.000000</hAcc><vAcc>3.000000</vAcc></extensions></trkpt>
      <trkpt lon="-123.283390" lat="44.576512"><ele>73.252266</ele><time>2020-10-03T22:35:15Z</time><extensions><speed>0.000000</speed><course>-1.000000</course><hAcc>10.000000</hAcc><vAcc>3.000000</vAcc></extensions></trkpt>
      <trkpt lon="-123.283390" lat="44.576512"><ele>73.286713</ele><time>2020-10-03T22:35:16Z</time><extensions><speed>0.000000</speed><course>-1.000000</course><hAcc>10.000000</hAcc><vAcc>3.000000</vAcc></extensions></trkpt>
      <trkpt lon="-123.283390" lat="44.576512"><ele>73.295738</ele><time>2020-10-03T22:35:17Z</time><extensions><speed>0.000000</speed><course>-1.000000</course><hAcc>10.000000</hAcc><vAcc>3.000000</vAcc></extensions></trkpt>
      <trkpt lon="-123.283390" lat="44.576512"><ele>73.354500</ele><time>2020-10-03T22:35:18Z</time><extensions><speed>0.000000</speed><course>-1.000000</course><hAcc>10.000000</hAcc><vAcc>3.000000</vAcc></extensions></trkpt>
      <trkpt lon="-123.283390" lat="44.576512"><ele>73.300232</ele><time>2020-10-03T22:35:19Z</time><extensions><speed>0.000000</speed><course>-1.000000</course><hAcc>10.000000</hAcc><vAcc>3.000000</vAcc></extensions></trkpt>
      <trkpt lon="-123.283390" lat="44.576512"><ele>73.272667</ele><time>2020-10-03T22:35:20Z</time><extensions><speed>0.000000</speed><course>-1.000000</course><hAcc>10.000000</hAcc><vAcc>3.000000</vAcc></extensions></trkpt>
      <trkpt lon="-123.283390" lat="44.576512"><ele>73.318504</ele><time>2020-10-03T22:35:21Z</time><extensions><speed>0.000000</speed><course>-1.000000</course><hAcc>10.000000</hAcc><vAcc>3.000000</vAcc></extensions></trkpt>
      <trkpt lon="-123.283390" lat="44.576512"><ele>73.246437</ele><time>2020-10-03T22:35:22Z</time><extensions><speed>0.000000</speed><course>-1.000000</course><hAcc>10.000000</hAcc><vAcc>3.000000</vAcc></extensions></trkpt>
    </trkseg>
  </trk>
</gpx>