<?xml version="1.0" encoding="UTF-8"?>
<gpx version="1.1" creator="Apple Health Export" xmlns="http://www.topografix.com/GPX/1/1" xmlns:xsi="http://www.w3.org/2001/XMLSchema-instance" xsi:schemaLocation="http://www.topografix.com/GPX/1/1 http://www.topografix.com/GPX/1/1/gpx.xsd">
  <metadata>
    <time>2021-02-21T19:24:48Z</time>
  </metadata>
  <trk>
    <name>Route 2020-10-30 3:58pm</name>
    <trkseg>
      <trkpt lon="-123.279474" lat="44.563290"><ele>67.348213</ele><time>2020-10-30T22:48:26Z</time><extensions><speed>0.000000</speed><course>-1.000000</course><hAcc>10.000000</hAcc><vAcc>12.000000</vAcc></extensions></trkpt>
      <trkpt lon="-123.279456" lat="44.563298"><ele>74.276802</ele><time>2020-10-30T22:48:27Z</time><extensions><speed>0.200000</speed><course>189.140625</course><hAcc>10.000000</hAcc><vAcc>4.000000</vAcc></extensions></trkpt>
      <trkpt lon="-123.279456" lat="44.563298"><ele>73.728523</ele><time>2020-10-30T22:48:27Z</time><extensions><speed>0.000000</speed><course>-1.000000</course><hAcc>5.000000</hAcc><vAcc>3.000000</vAcc></extensions></trkpt>
      <trkpt lon="-123.279456" lat="44.563298"><ele>73.534737</ele><time>2020-10-30T22:48:28Z</time><extensions><speed>0.000000</speed><course>-1.000000</course><hAcc>5.000000</hAcc><vAcc>3.000000</vAcc></extensions></trkpt>
      <trkpt lon="-123.279456" lat="44.563298"><ele>74.014046</ele><time>2020-10-30T22:48:29Z</time><extensions><speed>0.000000</speed><course>-1.000000</course><hAcc>5.000000</hAcc><vAcc>4.000000</vAcc></extensions></trkpt>
      <trkpt lon="-123.279456" lat="44.563298"><ele>74.440804</ele><time>2020-10-30T22:48:30Z</time><extensions><speed>0.000000</speed><course>-1.000000</course><hAcc>5.000000</hAcc><vAcc>4.000000</vAcc></extensions></trkpt>
      <trkpt lon="-123.279456" lat="44.563298"><ele>74.919624</ele><time>2020-10-30T22:48:31Z</time><extensions><speed>0.000000</speed><course>-1.000000</course><hAcc>5.000000</hAcc><vAcc>4.000000</vAcc></extensions></trkpt>
      <trkpt lon="-123.279456" lat="44.563298"><ele>75.333260</ele><time>2020-10-30T22:48:32Z</time><extensions><speed>0.000000</speed><course>-1.000000</course><hAcc>5.000000</hAcc><vAcc>4.000000</vAcc></extensions></trkpt>
      <trkpt lon="-123.279430" lat="44.563303"><ele>75.559883</ele><time>2020-10-30T22:48:33Z</time><extensions><speed>0.160000</speed><course>-1.000000</course><hAcc>5.000000</hAcc><vAcc>4.000000</vAcc></extensions></trkpt>
      <trkpt lon="-123.279422" lat="44.563302"><ele>75.573921</ele><time>2020-10-30T22:48:34Z</time><extensions><speed>0.280000</speed><course>124.804688</course><hAcc>5.000000</hAcc><vAcc>4.000000</vAcc></extensions></trkpt>
      <trkpt lon="-123.279422" lat="44.563302"><ele>75.440498</ele><time>2020-10-30T22:48:35Z</time><extensions><speed>0.000000</speed><course>99.492188</course><hAcc>5.000000</hAcc><vAcc>4.000000</vAcc></extensions></trkpt>
      <trkpt lon="-123.279403" lat="44.563297"><ele>75.458382</ele><time>2020-10-30T22:48:36Z</time><extensions><speed>0.280000</speed><course>63.632812</course><hAcc>5.000000</hAcc><vAcc>4.000000</vAcc></extensions></trkpt>
      <trkpt lon="-123.279403" lat="44.563297"><ele>75.340767</ele><time>2020-10-30T22:48:38Z</time><extensions><speed>0.000000</speed><course>25.312500</course><hAcc>5.000000</hAcc><vAcc>4.000000</vAcc></extensions></trkpt>
      <trkpt lon="-123.279390" lat="44.563301"><ele>75.149971</ele><time>2020-10-30T22:48:39Z</time><extensions><speed>0.410000</speed><course>22.851562</course><hAcc>5.000000</hAcc><vAcc>3.000000</vAcc></extensions></trkpt>
      <trkpt lon="-123.279385" lat="44.563303"><ele>74.978767</ele><time>2020-10-30T22:48:40Z</time><extensions><speed>0.200000</speed><course>35.507812</course><hAcc>5.000000</hAcc><vAcc>3.000000</vAcc></extensions></trkpt>
      <trkpt lon="-123.279385" lat="44.563303"><ele>75.094917</ele><time>2020-10-30T22:48:41Z</time><extensions><speed>0.000000</speed><course>38.320312</course><hAcc>5.000000</hAcc><vAcc>3.000000</vAcc></extensions></trkpt>
      <trkpt lon="-123.279385" lat="44.563303"><ele>74.992622</ele><time>2020-10-30T22:48:41Z</time><extensions><speed>0.000000</speed><course>207.421875</course><hAcc>5.000000</hAcc><vAcc>3.000000</vAcc></extensions></trkpt>
      <trkpt lon="-123.279385" lat="44.563303"><ele>74.817940</ele><time>2020-10-30T22:48:43Z</time><extensions><speed>0.000000</speed><course>206.015625</course><hAcc>5.000000</hAcc><vAcc>3.000000</vAcc></extensions></trkpt>
      <trkpt lon="-123.279385" lat="44.563303"><ele>74.756844</ele><time>2020-10-30T22:48:44Z</time><extensions><speed>0.000000</speed><course>188.789062</course><hAcc>5.000000</hAcc><vAcc>3.000000</vAcc></extensions></trkpt>
      <trkpt lon="-123.279385" lat="44.563303"><ele>74.345528</ele><time>2020-10-30T22:48:44Z</time><extensions><speed>0.000000</speed><course>194.062500</course><hAcc>5.000000</hAcc><vAcc>3.000000</vAcc></extensions></trkpt>
      <trkpt lon="-123.279385" lat="44.563303"><ele>74.403999</ele><time>2020-10-30T22:48:46Z</time><extensions><speed>0.000000</speed><course>194.062500</course><hAcc>5.000000</hAcc><vAcc>3.000000</vAcc></extensions></trkpt>
      <trkpt lon="-123.279385" lat="44.563303"><ele>74.497078</ele><time>2020-10-30T22:48:47Z</time><extensions><speed>0.000000</speed><course>107.929688</course><hAcc>5.000000</hAcc><vAcc>3.000000</vAcc></extensions></trkpt>
      <trkpt lon="-123.279385" lat="44.563303"><ele>74.652290</ele><time>2020-10-30T22:48:48Z</time><extensions><speed>0.000000</speed><course>76.640625</course><hAcc>5.000000</hAcc><vAcc>3.000000</vAcc></extensions></trkpt>
      <trkpt lon="-123.279385" lat="44.563303"><ele>74.606880</ele><time>2020-10-30T22:48:49Z</time><extensions><speed>0.000000</speed><course>76.640625</course><hAcc>5.000000</hAcc><vAcc>3.000000</vAcc></extensions></trkpt>
      <trkpt lon="-123.279385" lat="44.563303"><ele>74.616463</ele><time>2020-10-30T22:48:49Z</time><extensions><speed>0.000000</speed><course>76.640625</course><hAcc>5.000000</hAcc><vAcc>3.000000</vAcc></extensions></trkpt>
      <trkpt lon="-123.279385" lat="44.563303"><ele>74.635323</ele><time>2020-10-30T22:48:51Z</time><extensions><speed>0.000000</speed><course>76.640625</course><hAcc>5.000000</hAcc><vAcc>3.000000</vAcc></extensions></trkpt>
      <trkpt lon="-123.279385" lat="44.563303"><ele>74.632820</ele><time>2020-10-30T22:48:52Z</time><extensions><speed>0.000000</speed><course>76.640625</course><hAcc>5.000000</hAcc><vAcc>3.000000</vAcc></extensions></trkpt>
      <trkpt lon="-123.279385" lat="44.563303"><ele>74.613167</ele><time>2020-10-30T22:48:53Z</time><extensions><speed>0.000000</speed><course>76.640625</course><hAcc>5.000000</hAcc><vAcc>3.000000</vAcc></extensions></trkpt>
      <trkpt lon="-123.279385" lat="44.563303"><ele>74.580147</ele><time>2020-10-30T22:48:54Z</time><extensions><speed>0.000000</speed><course>76.640625</course><hAcc>5.000000</hAcc><vAcc>3.000000</vAcc></extensions></trkpt>
      <trkpt lon="-123.279385" lat="44.563303"><ele>74.592903</ele><time>2020-10-30T22:48:54Z</time><extensions><speed>0.000000</speed><course>76.640625</course><hAcc>5.000000</hAcc><vAcc>3.000000</vAcc></extensions></trkpt>
      <trkpt lon="-123.279385" lat="44.563303"><ele>74.597115</ele><time>2020-10-30T22:48:56Z</time><extensions><speed>0.000000</speed><course>76.640625</course><hAcc>5.000000</hAcc><vAcc>3.000000</vAcc></extensions></trkpt>
      <trkpt lon="-123.279385" lat="44.563303"><ele>74.428902</ele><time>2020-10-30T22:48:56Z</time><extensions><speed>0.000000</speed><course>76.640625</course><hAcc>5.000000</hAcc><vAcc>3.000000</vAcc></extensions></trkpt>
      <trkpt lon="-123.279385" lat="44.563303"><ele>74.396248</ele><time>2020-10-30T22:48:57Z</time><extensions><speed>0.000000</speed><course>76.640625</course><hAcc>5.000000</hAcc><vAcc>3.000000</vAcc></extensions></trkpt>
      <trkpt lon="-123.279385" lat="44.563303"><ele>74.381172</ele><time>2020-10-30T22:48:58Z</time><extensions><speed>0.000000</speed><course>76.640625</course><hAcc>5.000000</hAcc><vAcc>3.000000</vAcc></extensions></trkpt>
      <trkpt lon="-123.279385" lat="44.563303"><ele>74.336632</ele><time>2020-10-30T22:49:00Z</time><extensions><speed>0.000000</speed><course>76.640625</course><hAcc>5.000000</hAcc><vAcc>3.000000</vAcc></extensions></trkpt>
      <trkpt lon="-123.279385" lat="44.563303"><ele>74.321068</ele><time>2020-10-30T22:49:01Z</time><extensions><speed>0.000000</speed><course>76.640625</course><hAcc>5.000000</hAcc><vAcc>3.000000</vAcc></extensions></trkpt>
      <trkpt lon="-123.279385" lat="44.563303"><ele>74.297028</ele><time>2020-10-30T22:49:02Z</time><extensions><speed>0.000000</speed><course>76.640625</course><hAcc>5.000000</hAcc><vAcc>3.000000</vAcc></extensions></trkpt>
      <trkpt lon="-123.279358" lat="44.563290"><ele>74.354530</ele><time>2020-10-30T22:49:03Z</time><extensions><speed>0.160000</speed><course>36.914062</course><hAcc>5.000000</hAcc><vAcc>3.000000</vAcc></extensions></trkpt>
      <trkpt lon="-123.279358" lat="44.563290"><ele>74.426132</ele><time>2020-10-30T22:49:04Z</time><extensions><speed>0.000000</speed><course>18.632812</course><hAcc>5.000000</hAcc><vAcc>3.000000</vAcc></extensions></trkpt>
      <trkpt lon="-123.279360" lat="44.563286"><ele>74.249855</ele><time>2020-10-30T22:49:05Z</time><extensions><speed>0.160000</speed><course>224.648438</course><hAcc>5.000000</hAcc><vAcc>4.000000</vAcc></extensions></trkpt>
      <trkpt lon="-123.279362" lat="44.563282"><ele>74.211014</ele><time>2020-10-30T22:49:06Z</time><extensions><speed>0.230000</speed><course>180.351562</course><hAcc>5.000000</hAcc><vAcc>3.000000</vAcc></extensions></trkpt>
      <trkpt lon="-123.279361" lat="44.563277"><ele>74.129608</ele><time>2020-10-30T22:49:07Z</time><extensions><speed>0.410000</speed><course>164.882812</course><hAcc>5.000000</hAcc><vAcc>4.000000</vAcc></extensions></trkpt>
      <trkpt lon="-123.279361" lat="44.563277"><ele>74.205124</ele><time>2020-10-30T22:49:08Z</time><extensions><speed>0.000000</speed><course>140.976562</course><hAcc>5.000000</hAcc><vAcc>4.000000</vAcc></extensions></trkpt>
      <trkpt lon="-123.279359" lat="44.563266"><ele>74.221436</ele><time>2020-10-30T22:49:09Z</time><extensions><speed>0.310000</speed><course>178.242188</course><hAcc>5.000000</hAcc><vAcc>4.000000</vAcc></extensions></trkpt>
      <trkpt lon="-123.279362" lat="44.563261"><ele>74.211334</ele><time>2020-10-30T22:49:10Z</time><extensions><speed>0.290000</speed><course>252.773438</course><hAcc>5.000000</hAcc><vAcc>4.000000</vAcc></extensions></trkpt>
      <trkpt lon="-123.279362" lat="44.563261"><ele>74.240608</ele><time>2020-10-30T22:49:11Z</time><extensions><speed>0.000000</speed><course>310.429688</course><hAcc>5.000000</hAcc><vAcc>3.000000</vAcc></extensions></trkpt>
      <trkpt lon="-123.279362" lat="44.563261"><ele>74.258293</ele><time>2020-10-30T22:49:12Z</time><extensions><speed>0.000000</speed><course>310.429688</course><hAcc>5.000000</hAcc><vAcc>3.000000</vAcc></extensions></trkpt>
      <trkpt lon="-123.279362" lat="44.563261"><ele>74.198524</ele><time>2020-10-30T22:49:13Z</time><extensions><speed>0.000000</speed><course>310.429688</course><hAcc>5.000000</hAcc><vAcc>3.000000</vAcc></extensions></trkpt>
      <trkpt lon="-123.279362" lat="44.563261"><ele>74.141212</ele><time>2020-10-30T22:49:13Z</time><extensions><speed>0.000000</speed><course>310.429688</course><hAcc>5.000000</hAcc><vAcc>3.000000</vAcc></extensions></trkpt>
      <trkpt lon="-123.279362" lat="44.563261"><ele>74.160347</ele><time>2020-10-30T22:49:14Z</time><extensions><speed>0.000000</speed><course>263.671875</course><hAcc>5.000000</hAcc><vAcc>3.000000</vAcc></extensions></trkpt>
      <trkpt lon="-123.279362" lat="44.563261"><ele>74.186287</ele><time>2020-10-30T22:49:15Z</time><extensions><speed>0.000000</speed><course>222.539062</course><hAcc>5.000000</hAcc><vAcc>3.000000</vAcc></extensions></trkpt>
      <trkpt lon="-123.279362" lat="44.563261"><ele>74.055107</ele><time>2020-10-30T22:49:16Z</time><extensions><speed>0.000000</speed><course>222.539062</course><hAcc>5.000000</hAcc><vAcc>3.000000</vAcc></extensions></trkpt>
      <trkpt lon="-123.279362" lat="44.563261"><ele>74.092812</ele><time>2020-10-30T22:49:17Z</time><extensions><speed>0.000000</speed><course>222.539062</course><hAcc>5.000000</hAcc><vAcc>3.000000</vAcc></extensions></trkpt>
      <trkpt lon="-123.279362" lat="44.563261"><ele>74.124382</ele><time>2020-10-30T22:49:18Z</time><extensions><speed>0.000000</speed><course>222.539062</course><hAcc>5.000000</hAcc><vAcc>3.000000</vAcc></extensions></trkpt>
      <trkpt lon="-123.279362" lat="44.563261"><ele>74.087212</ele><time>2020-10-30T22:49:19Z</time><extensions><speed>0.000000</speed><course>161.718750</course><hAcc>5.000000</hAcc><vAcc>3.000000</vAcc></extensions></trkpt>
      <trkpt lon="-123.279362" lat="44.563261"><ele>74.235283</ele><time>2020-10-30T22:49:21Z</time><extensions><speed>0.000000</speed><course>109.687500</course><hAcc>5.000000</hAcc><vAcc>3.000000</vAcc></extensions></trkpt>
      <trkpt lon="-123.279362" lat="44.563261"><ele>74.148384</ele><time>2020-10-30T22:49:22Z</time><extensions><speed>0.000000</speed><course>167.343750</course><hAcc>5.000000</hAcc><vAcc>3.000000</vAcc></extensions></trkpt>
      <trkpt lon="-123.279362" lat="44.563261"><ele>74.104050</ele><time>2020-10-30T22:49:23Z</time><extensions><speed>0.000000</speed><course>128.320312</course><hAcc>5.000000</hAcc><vAcc>3.000000</vAcc></extensions></trkpt>
      <trkpt lon="-123.279352" lat="44.563249"><ele>74.144844</ele><time>2020-10-30T22:49:24Z</time><extensions><speed>0.200000</speed><course>169.101562</course><hAcc>5.000000</hAcc><vAcc>3.000000</vAcc></extensions></trkpt>
      <trkpt lon="-123.279352" lat="44.563244"><ele>74.168900</ele><time>2020-10-30T22:49:25Z</time><extensions><speed>0.200000</speed><course>196.171875</course><hAcc>5.000000</hAcc><vAcc>3.000000</vAcc></extensions></trkpt>
      <trkpt lon="-123.279352" lat="44.563244"><ele>74.234016</ele><time>2020-10-30T22:49:26Z</time><extensions><speed>0.000000</speed><course>206.718750</course><hAcc>5.000000</hAcc><vAcc>3.000000</vAcc></extensions></trkpt>
      <trkpt lon="-123.279353" lat="44.563243"><ele>74.073196</ele><time>2020-10-30T22:49:27Z</time><extensions><speed>0.370000</speed><course>217.617188</course><hAcc>5.000000</hAcc><vAcc>3.000000</vAcc></extensions></trkpt>
      <trkpt lon="-123.279357" lat="44.563247"><ele>73.901093</ele><time>2020-10-30T22:49:28Z</time><extensions><speed>0.370000</speed><course>284.414062</course><hAcc>5.000000</hAcc><vAcc>3.000000</vAcc></extensions></trkpt>
      <trkpt lon="-123.279357" lat="44.563247"><ele>73.724808</ele><time>2020-10-30T22:49:29Z</time><extensions><speed>0.000000</speed><course>44.296875</course><hAcc>5.000000</hAcc><vAcc>3.000000</vAcc></extensions></trkpt>
      <trkpt lon="-123.279357" lat="44.563247"><ele>73.753181</ele><time>2020-10-30T22:49:29Z</time><extensions><speed>0.000000</speed><course>44.296875</course><hAcc>5.000000</hAcc><vAcc>3.000000</vAcc></extensions></trkpt>
      <trkpt lon="-123.279357" lat="44.563258"><ele>73.789917</ele><time>2020-10-30T22:49:31Z</time><extensions><speed>0.210000</speed><course>34.101562</course><hAcc>5.000000</hAcc><vAcc>3.000000</vAcc></extensions></trkpt>
      <trkpt lon="-123.279357" lat="44.563258"><ele>73.713661</ele><time>2020-10-30T22:49:32Z</time><extensions><speed>0.000000</speed><course>240.468750</course><hAcc>5.000000</hAcc><vAcc>3.000000</vAcc></extensions></trkpt>
      <trkpt lon="-123.279360" lat="44.563264"><ele>73.774284</ele><time>2020-10-30T22:49:33Z</time><extensions><speed>0.210000</speed><course>313.242188</course><hAcc>5.000000</hAcc><vAcc>3.000000</vAcc></extensions></trkpt>
      <trkpt lon="-123.279366" lat="44.563270"><ele>73.739471</ele><time>2020-10-30T22:49:34Z</time><extensions><speed>0.290000</speed><course>319.921875</course><hAcc>5.000000</hAcc><vAcc>3.000000</vAcc></extensions></trkpt>
      <trkpt lon="-123.279371" lat="44.563275"><ele>73.654343</ele><time>2020-10-30T22:49:35Z</time><extensions><speed>0.290000</speed><course>311.484375</course><hAcc>5.000000</hAcc><vAcc>3.000000</vAcc></extensions></trkpt>
      <trkpt lon="-123.279374" lat="44.563280"><ele>73.728432</ele><time>2020-10-30T22:49:36Z</time><extensions><speed>0.180000</speed><course>266.132812</course><hAcc>5.000000</hAcc><vAcc>3.000000</vAcc></extensions></trkpt>
      <trkpt lon="-123.279374" lat="44.563287"><ele>73.772820</ele><time>2020-10-30T22:49:37Z</time><extensions><speed>0.440000</speed><course>341.718750</course><hAcc>5.000000</hAcc><vAcc>3.000000</vAcc></extensions></trkpt>
      <trkpt lon="-123.279374" lat="44.563287"><ele>73.751984</ele><time>2020-10-30T22:49:38Z</time><extensions><speed>0.000000</speed><course>21.093750</course><hAcc>5.000000</hAcc><vAcc>3.000000</vAcc></extensions></trkpt>
      <trkpt lon="-123.279372" lat="44.563299"><ele>73.760338</ele><time>2020-10-30T22:49:39Z</time><extensions><speed>0.230000</speed><course>28.476562</course><hAcc>5.000000</hAcc><vAcc>3.000000</vAcc></extensions></trkpt>
      <trkpt lon="-123.279371" lat="44.563303"><ele>73.823624</ele><time>2020-10-30T22:49:40Z</time><extensions><speed>0.180000</speed><course>74.531250</course><hAcc>5.000000</hAcc><vAcc>3.000000</vAcc></extensions></trkpt>
      <trkpt lon="-123.279370" lat="44.563308"><ele>73.783134</ele><time>2020-10-30T22:49:41Z</time><extensions><speed>0.530000</speed><course>46.054688</course><hAcc>5.000000</hAcc><vAcc>3.000000</vAcc></extensions></trkpt>
      <trkpt lon="-123.279370" lat="44.563308"><ele>73.885635</ele><time>2020-10-30T22:49:42Z</time><extensions><speed>0.000000</speed><course>28.828125</course><hAcc>5.000000</hAcc><vAcc>3.000000</vAcc></extensions></trkpt>
      <trkpt lon="-123.279374" lat="44.563316"><ele>73.887527</ele><time>2020-10-30T22:49:43Z</time><extensions><speed>0.210000</speed><course>15.820312</course><hAcc>5.000000</hAcc><vAcc>3.000000</vAcc></extensions></trkpt>
      <trkpt lon="-123.279376" lat="44.563320"><ele>73.791946</ele><time>2020-10-30T22:49:44Z</time><extensions><speed>0.180000</speed><course>5.273438</course><hAcc>5.000000</hAcc><vAcc>3.000000</vAcc></extensions></trkpt>
      <trkpt lon="-123.279376" lat="44.563324"><ele>73.900299</ele><time>2020-10-30T22:49:44Z</time><extensions><speed>0.210000</speed><course>36.914062</course><hAcc>5.000000</hAcc><vAcc>3.000000</vAcc></extensions></trkpt>
      <trkpt lon="-123.279375" lat="44.563326"><ele>73.822227</ele><time>2020-10-30T22:49:45Z</time><extensions><speed>0.440000</speed><course>60.820312</course><hAcc>5.000000</hAcc><vAcc>3.000000</vAcc></extensions></trkpt>
      <trkpt lon="-123.279375" lat="44.563322"><ele>74.245178</ele><time>2020-10-30T22:49:47Z</time><extensions><speed>1.070000</speed><course>161.367188</course><hAcc>5.000000</hAcc><vAcc>3.000000</vAcc></extensions></trkpt>
      <trkpt lon="-123.279379" lat="44.563312"><ele>73.914932</ele><time>2020-10-30T22:49:47Z</time><extensions><speed>1.070000</speed><course>195.117188</course><hAcc>5.000000</hAcc><vAcc>3.000000</vAcc></extensions></trkpt>
      <trkpt lon="-123.279389" lat="44.563302"><ele>73.911972</ele><time>2020-10-30T22:49:49Z</time><extensions><speed>1.230000</speed><course>207.421875</course><hAcc>5.000000</hAcc><vAcc>3.000000</vAcc></extensions></trkpt>
      <trkpt lon="-123.279405" lat="44.563293"><ele>74.038628</ele><time>2020-10-30T22:49:50Z</time><extensions><speed>1.410000</speed><course>215.507812</course><hAcc>5.000000</hAcc><vAcc>3.000000</vAcc></extensions></trkpt>
      <trkpt lon="-123.279423" lat="44.563280"><ele>73.982986</ele><time>2020-10-30T22:49:51Z</time><extensions><speed>1.770000</speed><course>214.804688</course><hAcc>5.000000</hAcc><vAcc>3.000000</vAcc></extensions></trkpt>
      <trkpt lon="-123.279443" lat="44.563267"><ele>74.227882</ele><time>2020-10-30T22:49:52Z</time><extensions><speed>1.770000</speed><course>215.507812</course><hAcc>5.000000</hAcc><vAcc>3.000000</vAcc></extensions></trkpt>
      <trkpt lon="-123.279464" lat="44.563248"><ele>74.122009</ele><time>2020-10-30T22:49:53Z</time><extensions><speed>1.820000</speed><course>210.234375</course><hAcc>5.000000</hAcc><vAcc>3.000000</vAcc></extensions></trkpt>
      <trkpt lon="-123.279481" lat="44.563214"><ele>73.951408</ele><time>2020-10-30T22:49:54Z</time><extensions><speed>3.780000</speed><course>198.281250</course><hAcc>5.000000</hAcc><vAcc>3.000000</vAcc></extensions></trkpt>
      <trkpt lon="-123.279491" lat="44.563174"><ele>74.097679</ele><time>2020-10-30T22:49:55Z</time><extensions><speed>3.840000</speed><course>186.328125</course><hAcc>5.000000</hAcc><vAcc>3.000000</vAcc></extensions></trkpt>
      <trkpt lon="-123.279492" lat="44.563133"><ele>74.118378</ele><time>2020-10-30T22:49:56Z</time><extensions><speed>3.840000</speed><course>177.890625</course><hAcc>5.000000</hAcc><vAcc>3.000000</vAcc></extensions></trkpt>
      <trkpt lon="-123.279495" lat="44.563089"><ele>74.433205</ele><time>2020-10-30T22:49:57Z</time><extensions><speed>4.030000</speed><course>180.703125</course><hAcc>5.000000</hAcc><vAcc>3.000000</vAcc></extensions></trkpt>
      <trkpt lon="-123.279498" lat="44.563043"><ele>74.130905</ele><time>2020-10-30T22:49:58Z</time><extensions><speed>4.540000</speed><course>177.539062</course><hAcc>5.000000</hAcc><vAcc>3.000000</vAcc></extensions></trkpt>
      <trkpt lon="-123.279498" lat="44.562999"><ele>74.302132</ele><time>2020-10-30T22:49:59Z</time><extensions><speed>4.380000</speed><course>179.648438</course><hAcc>5.000000</hAcc><vAcc>3.000000</vAcc></extensions></trkpt>
      <trkpt lon="-123.279497" lat="44.562954"><ele>74.331490</ele><time>2020-10-30T22:49:59Z</time><extensions><speed>5.090000</speed><course>179.296875</course><hAcc>5.000000</hAcc><vAcc>3.000000</vAcc></extensions></trkpt>
      <trkpt lon="-123.279492" lat="44.562905"><ele>73.856171</ele><time>2020-10-30T22:50:01Z</time><extensions><speed>5.000000</speed><course>176.132812</course><hAcc>5.000000</hAcc><vAcc>3.000000</vAcc></extensions></trkpt>
      <trkpt lon="-123.279479" lat="44.562854"><ele>74.239357</ele><time>2020-10-30T22:50:02Z</time><extensions><speed>5.090000</speed><course>174.726562</course><hAcc>5.000000</hAcc><vAcc>3.000000</vAcc></extensions></trkpt>
      <trkpt lon="-123.279469" lat="44.562804"><ele>73.236855</ele><time>2020-10-30T22:50:02Z</time><extensions><speed>5.080000</speed><course>180.703125</course><hAcc>5.000000</hAcc><vAcc>3.000000</vAcc></extensions></trkpt>
      <trkpt lon="-123.279462" lat="44.562754"><ele>72.991386</ele><time>2020-10-30T22:50:04Z</time><extensions><speed>4.940000</speed><course>181.054688</course><hAcc>5.000000</hAcc><vAcc>3.000000</vAcc></extensions></trkpt>
      <trkpt lon="-123.279449" lat="44.562687"><ele>73.028572</ele><time>2020-10-30T22:50:04Z</time><extensions><speed>5.140000</speed><course>180.703125</course><hAcc>5.000000</hAcc><vAcc>3.000000</vAcc></extensions></trkpt>
      <trkpt lon="-123.279458" lat="44.562640"><ele>72.834396</ele><time>2020-10-30T22:50:06Z</time><extensions><speed>4.950000</speed><course>183.515625</course><hAcc>5.000000</hAcc><vAcc>3.000000</vAcc></extensions></trkpt>
      <trkpt lon="-123.279452" lat="44.562596"><ele>72.648201</ele><time>2020-10-30T22:50:06Z</time><extensions><speed>4.960000</speed><course>179.296875</course><hAcc>5.000000</hAcc><vAcc>3.000000</vAcc></extensions></trkpt>
      <trkpt lon="-123.279449" lat="44.562556"><ele>72.691368</ele><time>2020-10-30T22:50:07Z</time><extensions><speed>4.950000</speed><course>167.343750</course><hAcc>5.000000</hAcc><vAcc>3.000000</vAcc></extensions></trkpt>
      <trkpt lon="-123.279427" lat="44.562518"><ele>72.651047</ele><time>2020-10-30T22:50:09Z</time><extensions><speed>4.510000</speed><course>156.445312</course><hAcc>5.000000</hAcc><vAcc>3.000000</vAcc></extensions></trkpt>
      <trkpt lon="-123.279393" lat="44.562485"><ele>72.618530</ele><time>2020-10-30T22:50:10Z</time><extensions><speed>4.520000</speed><course>144.492188</course><hAcc>5.000000</hAcc><vAcc>3.000000</vAcc></extensions></trkpt>
      <trkpt lon="-123.279348" lat="44.562447"><ele>72.640877</ele><time>2020-10-30T22:50:11Z</time><extensions><speed>4.520000</speed><course>139.921875</course><hAcc>5.000000</hAcc><vAcc>3.000000</vAcc></extensions></trkpt>
      <trkpt lon="-123.279271" lat="44.562439"><ele>72.527649</ele><time>2020-10-30T22:50:11Z</time><extensions><speed>4.970000</speed><course>116.718750</course><hAcc>5.000000</hAcc><vAcc>3.000000</vAcc></extensions></trkpt>
      <trkpt lon="-123.279227" lat="44.562423"><ele>72.851921</ele><time>2020-10-30T22:50:12Z</time><extensions><speed>4.970000</speed><course>114.609375</course><hAcc>5.000000</hAcc><vAcc>3.000000</vAcc></extensions></trkpt>
      <trkpt lon="-123.279191" lat="44.562390"><ele>72.925163</ele><time>2020-10-30T22:50:13Z</time><extensions><speed>4.160000</speed><course>137.460938</course><hAcc>5.000000</hAcc><vAcc>3.000000</vAcc></extensions></trkpt>
      <trkpt lon="-123.279167" lat="44.562345"><ele>72.888695</ele><time>2020-10-30T22:50:14Z</time><extensions><speed>4.590000</speed><course>155.742188</course><hAcc>5.000000</hAcc><vAcc>3.000000</vAcc></extensions></trkpt>
      <trkpt lon="-123.279144" lat="44.562306"><ele>72.803780</ele><time>2020-10-30T22:50:15Z</time><extensions><speed>4.180000</speed><course>157.500000</course><hAcc>5.000000</hAcc><vAcc>3.000000</vAcc></extensions></trkpt>
      <trkpt lon="-123.279127" lat="44.562271"><ele>72.614685</ele><time>2020-10-30T22:50:16Z</time><extensions><speed>4.180000</speed><course>162.421875</course><hAcc>5.000000</hAcc><vAcc>3.000000</vAcc></extensions></trkpt>
      <trkpt lon="-123.279118" lat="44.562237"><ele>72.372444</ele><time>2020-10-30T22:50:17Z</time><extensions><speed>4.120000</speed><course>163.125000</course><hAcc>5.000000</hAcc><vAcc>3.000000</vAcc></extensions></trkpt>
      <trkpt lon="-123.279089" lat="44.562201"><ele>72.400978</ele><time>2020-10-30T22:50:18Z</time><extensions><speed>4.060000</speed><course>156.093750</course><hAcc>5.000000</hAcc><vAcc>3.000000</vAcc></extensions></trkpt>
      <trkpt lon="-123.279058" lat="44.562173"><ele>72.363983</ele><time>2020-10-30T22:50:19Z</time><extensions><speed>4.060000</speed><course>146.953125</course><hAcc>5.000000</hAcc><vAcc>3.000000</vAcc></extensions></trkpt>
      <trkpt lon="-123.279027" lat="44.562151"><ele>72.304855</ele><time>2020-10-30T22:50:20Z</time><extensions><speed>4.050000</speed><course>143.437500</course><hAcc>5.000000</hAcc><vAcc>3.000000</vAcc></extensions></trkpt>
      <trkpt lon="-123.278998" lat="44.562119"><ele>72.461311</ele><time>2020-10-30T22:50:22Z</time><extensions><speed>3.940000</speed><course>143.085938</course><hAcc>5.000000</hAcc><vAcc>3.000000</vAcc></extensions></trkpt>
      <trkpt lon="-123.278962" lat="44.562086"><ele>72.366562</ele><time>2020-10-30T22:50:23Z</time><extensions><speed>4.440000</speed><course>143.789062</course><hAcc>5.000000</hAcc><vAcc>3.000000</vAcc></extensions></trkpt>
      <trkpt lon="-123.278924" lat="44.562053"><ele>72.407326</ele><time>2020-10-30T22:50:24Z</time><extensions><speed>4.460000</speed><course>136.054688</course><hAcc>5.000000</hAcc><vAcc>3.000000</vAcc></extensions></trkpt>
      <trkpt lon="-123.278881" lat="44.562024"><ele>72.323181</ele><time>2020-10-30T22:50:25Z</time><extensions><speed>4.460000</speed><course>126.210938</course><hAcc>5.000000</hAcc><vAcc>3.000000</vAcc></extensions></trkpt>
      <trkpt lon="-123.278833" lat="44.562012"><ele>72.191246</ele><time>2020-10-30T22:50:26Z</time><extensions><speed>4.460000</speed><course>112.148438</course><hAcc>5.000000</hAcc><vAcc>3.000000</vAcc></extensions></trkpt>
      <trkpt lon="-123.278785" lat="44.562004"><ele>72.274818</ele><time>2020-10-30T22:50:26Z</time><extensions><speed>4.270000</speed><course>115.664062</course><hAcc>5.000000</hAcc><vAcc>3.000000</vAcc></extensions></trkpt>
      <trkpt lon="-123.278734" lat="44.561991"><ele>72.224945</ele><time>2020-10-30T22:50:28Z</time><extensions><speed>4.420000</speed><course>108.281250</course><hAcc>5.000000</hAcc><vAcc>3.000000</vAcc></extensions></trkpt>
      <trkpt lon="-123.278687" lat="44.561986"><ele>72.314095</ele><time>2020-10-30T22:50:29Z</time><extensions><speed>4.420000</speed><course>101.250000</course><hAcc>5.000000</hAcc><vAcc>3.000000</vAcc></extensions></trkpt>
      <trkpt lon="-123.278643" lat="44.561984"><ele>72.350502</ele><time>2020-10-30T22:50:30Z</time><extensions><speed>4.420000</speed><course>98.789062</course><hAcc>5.000000</hAcc><vAcc>3.000000</vAcc></extensions></trkpt>
      <trkpt lon="-123.278591" lat="44.561979"><ele>72.509293</ele><time>2020-10-30T22:50:30Z</time><extensions><speed>4.510000</speed><course>100.546875</course><hAcc>5.000000</hAcc><vAcc>3.000000</vAcc></extensions></trkpt>
      <trkpt lon="-123.278535" lat="44.561974"><ele>72.550240</ele><time>2020-10-30T22:50:31Z</time><extensions><speed>4.510000</speed><course>93.867188</course><hAcc>5.000000</hAcc><vAcc>3.000000</vAcc></extensions></trkpt>
      <trkpt lon="-123.278474" lat="44.561972"><ele>72.348022</ele><time>2020-10-30T22:50:33Z</time><extensions><speed>4.420000</speed><course>90.351562</course><hAcc>5.000000</hAcc><vAcc>3.000000</vAcc></extensions></trkpt>
      <trkpt lon="-123.278414" lat="44.561965"><ele>72.298042</ele><time>2020-10-30T22:50:34Z</time><extensions><speed>4.780000</speed><course>103.710938</course><hAcc>5.000000</hAcc><vAcc>3.000000</vAcc></extensions></trkpt>
      <trkpt lon="-123.278357" lat="44.561950"><ele>72.245872</ele><time>2020-10-30T22:50:35Z</time><extensions><speed>4.690000</speed><course>115.664062</course><hAcc>5.000000</hAcc><vAcc>3.000000</vAcc></extensions></trkpt>
      <trkpt lon="-123.278303" lat="44.561931"><ele>72.396973</ele><time>2020-10-30T22:50:35Z</time><extensions><speed>4.690000</speed><course>112.500000</course><hAcc>5.000000</hAcc><vAcc>3.000000</vAcc></extensions></trkpt>
      <trkpt lon="-123.278247" lat="44.561916"><ele>72.244545</ele><time>2020-10-30T22:50:37Z</time><extensions><speed>4.640000</speed><course>109.687500</course><hAcc>5.000000</hAcc><vAcc>3.000000</vAcc></extensions></trkpt>
      <trkpt lon="-123.278190" lat="44.561907"><ele>72.110931</ele><time>2020-10-30T22:50:38Z</time><extensions><speed>4.640000</speed><course>93.867188</course><hAcc>5.000000</hAcc><vAcc>3.000000</vAcc></extensions></trkpt>
      <trkpt lon="-123.278130" lat="44.561904"><ele>71.955231</ele><time>2020-10-30T22:50:38Z</time><extensions><speed>4.610000</speed><course>91.054688</course><hAcc>5.000000</hAcc><vAcc>3.000000</vAcc></extensions></trkpt>
      <trkpt lon="-123.278072" lat="44.561904"><ele>72.145119</ele><time>2020-10-30T22:50:39Z</time><extensions><speed>4.470000</speed><course>90.703125</course><hAcc>5.000000</hAcc><vAcc>3.000000</vAcc></extensions></trkpt>
      <trkpt lon="-123.278013" lat="44.561904"><ele>72.063522</ele><time>2020-10-30T22:50:41Z</time><extensions><speed>4.610000</speed><course>89.648438</course><hAcc>5.000000</hAcc><vAcc>3.000000</vAcc></extensions></trkpt>
      <trkpt lon="-123.277953" lat="44.561903"><ele>71.987343</ele><time>2020-10-30T22:50:41Z</time><extensions><speed>4.630000</speed><course>92.812500</course><hAcc>5.000000</hAcc><vAcc>3.000000</vAcc></extensions></trkpt>
      <trkpt lon="-123.277892" lat="44.561901"><ele>72.007179</ele><time>2020-10-30T22:50:43Z</time><extensions><speed>4.810000</speed><course>91.757812</course><hAcc>5.000000</hAcc><vAcc>3.000000</vAcc></extensions></trkpt>
      <trkpt lon="-123.277832" lat="44.561900"><ele>71.987144</ele><time>2020-10-30T22:50:44Z</time><extensions><speed>4.660000</speed><course>92.109375</course><hAcc>5.000000</hAcc><vAcc>3.000000</vAcc></extensions></trkpt>
      <trkpt lon="-123.277773" lat="44.561901"><ele>72.116493</ele><time>2020-10-30T22:50:45Z</time><extensions><speed>4.660000</speed><course>92.109375</course><hAcc>5.000000</hAcc><vAcc>3.000000</vAcc></extensions></trkpt>
      <trkpt lon="-123.277714" lat="44.561903"><ele>72.144524</ele><time>2020-10-30T22:50:46Z</time><extensions><speed>4.700000</speed><course>88.242188</course><hAcc>5.000000</hAcc><vAcc>3.000000</vAcc></extensions></trkpt>
      <trkpt lon="-123.277654" lat="44.561907"><ele>72.201347</ele><time>2020-10-30T22:50:47Z</time><extensions><speed>4.700000</speed><course>90.000000</course><hAcc>5.000000</hAcc><vAcc>3.000000</vAcc></extensions></trkpt>
      <trkpt lon="-123.277595" lat="44.561906"><ele>72.091995</ele><time>2020-10-30T22:50:47Z</time><extensions><speed>4.680000</speed><course>95.273438</course><hAcc>5.000000</hAcc><vAcc>3.000000</vAcc></extensions></trkpt>
      <trkpt lon="-123.277533" lat="44.561904"><ele>72.127678</ele><time>2020-10-30T22:50:48Z</time><extensions><speed>4.680000</speed><course>93.515625</course><hAcc>5.000000</hAcc><vAcc>3.000000</vAcc></extensions></trkpt>
      <trkpt lon="-123.277470" lat="44.561903"><ele>72.144753</ele><time>2020-10-30T22:50:49Z</time><extensions><speed>4.750000</speed><course>92.109375</course><hAcc>5.000000</hAcc><vAcc>3.000000</vAcc></extensions></trkpt>
      <trkpt lon="-123.277412" lat="44.561904"><ele>71.964561</ele><time>2020-10-30T22:50:51Z</time><extensions><speed>4.710000</speed><course>91.054688</course><hAcc>5.000000</hAcc><vAcc>3.000000</vAcc></extensions></trkpt>
      <trkpt lon="-123.277351" lat="44.561905"><ele>71.941475</ele><time>2020-10-30T22:50:52Z</time><extensions><speed>4.970000</speed><course>82.968750</course><hAcc>5.000000</hAcc><vAcc>3.000000</vAcc></extensions></trkpt>
      <trkpt lon="-123.277287" lat="44.561910"><ele>72.532745</ele><time>2020-10-30T22:50:53Z</time><extensions><speed>4.970000</speed><course>97.734375</course><hAcc>5.000000</hAcc><vAcc>3.000000</vAcc></extensions></trkpt>
      <trkpt lon="-123.277225" lat="44.561907"><ele>72.032608</ele><time>2020-10-30T22:50:54Z</time><extensions><speed>5.040000</speed><course>96.679688</course><hAcc>5.000000</hAcc><vAcc>3.000000</vAcc></extensions></trkpt>
      <trkpt lon="-123.277153" lat="44.561912"><ele>71.921196</ele><time>2020-10-30T22:50:55Z</time><extensions><speed>5.150000</speed><course>86.484375</course><hAcc>5.000000</hAcc><vAcc>3.000000</vAcc></extensions></trkpt>
      <trkpt lon="-123.277084" lat="44.561908"><ele>71.707062</ele><time>2020-10-30T22:50:56Z</time><extensions><speed>5.210000</speed><course>91.406250</course><hAcc>5.000000</hAcc><vAcc>3.000000</vAcc></extensions></trkpt>
      <trkpt lon="-123.277015" lat="44.561904"><ele>71.660263</ele><time>2020-10-30T22:50:57Z</time><extensions><speed>5.210000</speed><course>98.437500</course><hAcc>5.000000</hAcc><vAcc>3.000000</vAcc></extensions></trkpt>
      <trkpt lon="-123.276958" lat="44.561894"><ele>71.739822</ele><time>2020-10-30T22:50:57Z</time><extensions><speed>5.210000</speed><course>105.117188</course><hAcc>5.000000</hAcc><vAcc>3.000000</vAcc></extensions></trkpt>
      <trkpt lon="-123.276893" lat="44.561896"><ele>73.095016</ele><time>2020-10-30T22:50:58Z</time><extensions><speed>5.170000</speed><course>94.570312</course><hAcc>5.000000</hAcc><vAcc>3.000000</vAcc></extensions></trkpt>
      <trkpt lon="-123.276831" lat="44.561892"><ele>73.317238</ele><time>2020-10-30T22:50:59Z</time><extensions><speed>4.940000</speed><course>90.351562</course><hAcc>5.000000</hAcc><vAcc>3.000000</vAcc></extensions></trkpt>
      <trkpt lon="-123.276768" lat="44.561892"><ele>73.146088</ele><time>2020-10-30T22:51:00Z</time><extensions><speed>4.940000</speed><course>90.351562</course><hAcc>5.000000</hAcc><vAcc>3.000000</vAcc></extensions></trkpt>
      <trkpt lon="-123.276712" lat="44.561893"><ele>72.664085</ele><time>2020-10-30T22:51:01Z</time><extensions><speed>4.940000</speed><course>87.539062</course><hAcc>5.000000</hAcc><vAcc>3.000000</vAcc></extensions></trkpt>
      <trkpt lon="-123.276657" lat="44.561891"><ele>72.427605</ele><time>2020-10-30T22:51:03Z</time><extensions><speed>4.940000</speed><course>92.460938</course><hAcc>5.000000</hAcc><vAcc>3.000000</vAcc></extensions></trkpt>
      <trkpt lon="-123.276599" lat="44.561891"><ele>72.670578</ele><time>2020-10-30T22:51:04Z</time><extensions><speed>4.890000</speed><course>91.757812</course><hAcc>5.000000</hAcc><vAcc>3.000000</vAcc></extensions></trkpt>
      <trkpt lon="-123.276532" lat="44.561891"><ele>72.435295</ele><time>2020-10-30T22:51:05Z</time><extensions><speed>5.320000</speed><course>90.000000</course><hAcc>5.000000</hAcc><vAcc>3.000000</vAcc></extensions></trkpt>
      <trkpt lon="-123.276468" lat="44.561892"><ele>72.268921</ele><time>2020-10-30T22:51:06Z</time><extensions><speed>5.200000</speed><course>91.054688</course><hAcc>5.000000</hAcc><vAcc>3.000000</vAcc></extensions></trkpt>
      <trkpt lon="-123.276403" lat="44.561890"><ele>72.265793</ele><time>2020-10-30T22:51:07Z</time><extensions><speed>5.200000</speed><course>87.890625</course><hAcc>5.000000</hAcc><vAcc>3.000000</vAcc></extensions></trkpt>
      <trkpt lon="-123.276325" lat="44.561895"><ele>72.292343</ele><time>2020-10-30T22:51:07Z</time><extensions><speed>5.200000</speed><course>86.484375</course><hAcc>5.000000</hAcc><vAcc>3.000000</vAcc></extensions></trkpt>
      <trkpt lon="-123.276259" lat="44.561901"><ele>72.184914</ele><time>2020-10-30T22:51:08Z</time><extensions><speed>5.830000</speed><course>85.078125</course><hAcc>5.000000</hAcc><vAcc>3.000000</vAcc></extensions></trkpt>
      <trkpt lon="-123.276191" lat="44.561902"><ele>72.052956</ele><time>2020-10-30T22:51:10Z</time><extensions><speed>5.830000</speed><course>85.781250</course><hAcc>5.000000</hAcc><vAcc>3.000000</vAcc></extensions></trkpt>
      <trkpt lon="-123.276122" lat="44.561906"><ele>72.156349</ele><time>2020-10-30T22:51:11Z</time><extensions><speed>5.470000</speed><course>91.406250</course><hAcc>5.000000</hAcc><vAcc>3.000000</vAcc></extensions></trkpt>
      <trkpt lon="-123.276051" lat="44.561907"><ele>72.057198</ele><time>2020-10-30T22:51:12Z</time><extensions><speed>5.440000</speed><course>91.757812</course><hAcc>5.000000</hAcc><vAcc>3.000000</vAcc></extensions></trkpt>
      <trkpt lon="-123.275982" lat="44.561911"><ele>72.095093</ele><time>2020-10-30T22:51:13Z</time><extensions><speed>5.600000</speed><course>87.539062</course><hAcc>5.000000</hAcc><vAcc>3.000000</vAcc></extensions></trkpt>
      <trkpt lon="-123.275912" lat="44.561912"><ele>71.898438</ele><time>2020-10-30T22:51:14Z</time><extensions><speed>5.600000</speed><course>83.320312</course><hAcc>5.000000</hAcc><vAcc>3.000000</vAcc></extensions></trkpt>
      <trkpt lon="-123.275847" lat="44.561918"><ele>72.000732</ele><time>2020-10-30T22:51:14Z</time><extensions><speed>5.600000</speed><course>86.835938</course><hAcc>5.000000</hAcc><vAcc>3.000000</vAcc></extensions></trkpt>
      <trkpt lon="-123.275799" lat="44.561916"><ele>71.820900</ele><time>2020-10-30T22:51:15Z</time><extensions><speed>5.600000</speed><course>86.484375</course><hAcc>5.000000</hAcc><vAcc>3.000000</vAcc></extensions></trkpt>
      <trkpt lon="-123.275729" lat="44.561919"><ele>71.899673</ele><time>2020-10-30T22:51:16Z</time><extensions><speed>5.380000</speed><course>86.484375</course><hAcc>5.000000</hAcc><vAcc>3.000000</vAcc></extensions></trkpt>
      <trkpt lon="-123.275657" lat="44.561924"><ele>71.704338</ele><time>2020-10-30T22:51:18Z</time><extensions><speed>5.970000</speed><course>83.671875</course><hAcc>5.000000</hAcc><vAcc>3.000000</vAcc></extensions></trkpt>
      <trkpt lon="-123.275590" lat="44.561925"><ele>71.725616</ele><time>2020-10-30T22:51:18Z</time><extensions><speed>5.970000</speed><course>87.890625</course><hAcc>5.000000</hAcc><vAcc>4.000000</vAcc></extensions></trkpt>
      <trkpt lon="-123.275513" lat="44.561919"><ele>71.582954</ele><time>2020-10-30T22:51:20Z</time><extensions><speed>5.970000</speed><course>91.757812</course><hAcc>5.000000</hAcc><vAcc>4.000000</vAcc></extensions></trkpt>
      <trkpt lon="-123.275432" lat="44.561912"><ele>71.719742</ele><time>2020-10-30T22:51:21Z</time><extensions><speed>6.180000</speed><course>90.703125</course><hAcc>5.000000</hAcc><vAcc>4.000000</vAcc></extensions></trkpt>
      <trkpt lon="-123.275342" lat="44.561912"><ele>71.687553</ele><time>2020-10-30T22:51:22Z</time><extensions><speed>6.180000</speed><course>88.945312</course><hAcc>5.000000</hAcc><vAcc>4.000000</vAcc></extensions></trkpt>
      <trkpt lon="-123.275279" lat="44.561900"><ele>71.760750</ele><time>2020-10-30T22:51:22Z</time><extensions><speed>5.970000</speed><course>93.164062</course><hAcc>5.000000</hAcc><vAcc>4.000000</vAcc></extensions></trkpt>
      <trkpt lon="-123.275199" lat="44.561898"><ele>71.796585</ele><time>2020-10-30T22:51:23Z</time><extensions><speed>5.970000</speed><course>88.945312</course><hAcc>5.000000</hAcc><vAcc>4.000000</vAcc></extensions></trkpt>
      <trkpt lon="-123.275121" lat="44.561896"><ele>71.796104</ele><time>2020-10-30T22:51:25Z</time><extensions><speed>5.970000</speed><course>92.460938</course><hAcc>5.000000</hAcc><vAcc>4.000000</vAcc></extensions></trkpt>
      <trkpt lon="-123.275046" lat="44.561894"><ele>71.705620</ele><time>2020-10-30T22:51:26Z</time><extensions><speed>6.150000</speed><course>92.460938</course><hAcc>5.000000</hAcc><vAcc>4.000000</vAcc></extensions></trkpt>
      <trkpt lon="-123.274985" lat="44.561894"><ele>71.601219</ele><time>2020-10-30T22:51:27Z</time><extensions><speed>6.050000</speed><course>90.000000</course><hAcc>5.000000</hAcc><vAcc>4.000000</vAcc></extensions></trkpt>
      <trkpt lon="-123.274902" lat="44.561891"><ele>71.415634</ele><time>2020-10-30T22:51:28Z</time><extensions><speed>6.050000</speed><course>92.109375</course><hAcc>5.000000</hAcc><vAcc>4.000000</vAcc></extensions></trkpt>
      <trkpt lon="-123.274832" lat="44.561892"><ele>71.542160</ele><time>2020-10-30T22:51:29Z</time><extensions><speed>5.960000</speed><course>94.218750</course><hAcc>5.000000</hAcc><vAcc>4.000000</vAcc></extensions></trkpt>
      <trkpt lon="-123.274765" lat="44.561896"><ele>71.603348</ele><time>2020-10-30T22:51:30Z</time><extensions><speed>5.660000</speed><course>90.000000</course><hAcc>5.000000</hAcc><vAcc>4.000000</vAcc></extensions></trkpt>
      <trkpt lon="-123.274672" lat="44.561898"><ele>71.459587</ele><time>2020-10-30T22:51:31Z</time><extensions><speed>6.070000</speed><course>88.242188</course><hAcc>5.000000</hAcc><vAcc>4.000000</vAcc></extensions></trkpt>
      <trkpt lon="-123.274603" lat="44.561909"><ele>71.310310</ele><time>2020-10-30T22:51:32Z</time><extensions><speed>6.070000</speed><course>95.625000</course><hAcc>5.000000</hAcc><vAcc>4.000000</vAcc></extensions></trkpt>
      <trkpt lon="-123.274537" lat="44.561890"><ele>71.363945</ele><time>2020-10-30T22:51:32Z</time><extensions><speed>5.920000</speed><course>109.687500</course><hAcc>5.000000</hAcc><vAcc>4.000000</vAcc></extensions></trkpt>
      <trkpt lon="-123.274497" lat="44.561858"><ele>71.589233</ele><time>2020-10-30T22:51:33Z</time><extensions><speed>5.550000</speed><course>144.492188</course><hAcc>5.000000</hAcc><vAcc>4.000000</vAcc></extensions></trkpt>
      <trkpt lon="-123.274412" lat="44.561833"><ele>71.947311</ele><time>2020-10-30T22:51:34Z</time><extensions><speed>5.200000</speed><course>172.968750</course><hAcc>5.000000</hAcc><vAcc>4.000000</vAcc></extensions></trkpt>
      <trkpt lon="-123.274380" lat="44.561788"><ele>71.528458</ele><time>2020-10-30T22:51:35Z</time><extensions><speed>5.090000</speed><course>184.570312</course><hAcc>5.000000</hAcc><vAcc>3.000000</vAcc></extensions></trkpt>
      <trkpt lon="-123.274390" lat="44.561741"><ele>71.477493</ele><time>2020-10-30T22:51:36Z</time><extensions><speed>5.090000</speed><course>176.484375</course><hAcc>5.000000</hAcc><vAcc>3.000000</vAcc></extensions></trkpt>
      <trkpt lon="-123.274383" lat="44.561696"><ele>71.489738</ele><time>2020-10-30T22:51:38Z</time><extensions><speed>5.090000</speed><course>175.078125</course><hAcc>5.000000</hAcc><vAcc>3.000000</vAcc></extensions></trkpt>
      <trkpt lon="-123.274378" lat="44.561649"><ele>71.138481</ele><time>2020-10-30T22:51:39Z</time><extensions><speed>5.230000</speed><course>181.757812</course><hAcc>5.000000</hAcc><vAcc>3.000000</vAcc></extensions></trkpt>
      <trkpt lon="-123.274385" lat="44.561599"><ele>71.274307</ele><time>2020-10-30T22:51:40Z</time><extensions><speed>5.350000</speed><course>184.218750</course><hAcc>5.000000</hAcc><vAcc>3.000000</vAcc></extensions></trkpt>
      <trkpt lon="-123.274392" lat="44.561552"><ele>71.034203</ele><time>2020-10-30T22:51:40Z</time><extensions><speed>5.350000</speed><course>184.570312</course><hAcc>5.000000</hAcc><vAcc>3.000000</vAcc></extensions></trkpt>
      <trkpt lon="-123.274372" lat="44.561498"><ele>70.915756</ele><time>2020-10-30T22:51:42Z</time><extensions><speed>5.350000</speed><course>180.703125</course><hAcc>5.000000</hAcc><vAcc>3.000000</vAcc></extensions></trkpt>
      <trkpt lon="-123.274367" lat="44.561440"><ele>70.881447</ele><time>2020-10-30T22:51:43Z</time><extensions><speed>5.780000</speed><course>176.484375</course><hAcc>5.000000</hAcc><vAcc>3.000000</vAcc></extensions></trkpt>
      <trkpt lon="-123.274362" lat="44.561386"><ele>70.572723</ele><time>2020-10-30T22:51:44Z</time><extensions><speed>6.030000</speed><course>176.484375</course><hAcc>5.000000</hAcc><vAcc>3.000000</vAcc></extensions></trkpt>
      <trkpt lon="-123.274341" lat="44.561352"><ele>70.661644</ele><time>2020-10-30T22:51:45Z</time><extensions><speed>6.030000</speed><course>168.398438</course><hAcc>5.000000</hAcc><vAcc>3.000000</vAcc></extensions></trkpt>
      <trkpt lon="-123.274334" lat="44.561304"><ele>70.649826</ele><time>2020-10-30T22:51:45Z</time><extensions><speed>5.530000</speed><course>169.101562</course><hAcc>5.000000</hAcc><vAcc>3.000000</vAcc></extensions></trkpt>
      <trkpt lon="-123.274312" lat="44.561270"><ele>70.565247</ele><time>2020-10-30T22:51:46Z</time><extensions><speed>5.470000</speed><course>164.179688</course><hAcc>5.000000</hAcc><vAcc>3.000000</vAcc></extensions></trkpt>
      <trkpt lon="-123.274307" lat="44.561203"><ele>70.311249</ele><time>2020-10-30T22:51:48Z</time><extensions><speed>5.530000</speed><course>165.585938</course><hAcc>5.000000</hAcc><vAcc>3.000000</vAcc></extensions></trkpt>
      <trkpt lon="-123.274305" lat="44.561160"><ele>70.462532</ele><time>2020-10-30T22:51:49Z</time><extensions><speed>5.900000</speed><course>167.343750</course><hAcc>5.000000</hAcc><vAcc>3.000000</vAcc></extensions></trkpt>
      <trkpt lon="-123.274294" lat="44.561110"><ele>70.212006</ele><time>2020-10-30T22:51:50Z</time><extensions><speed>5.900000</speed><course>172.968750</course><hAcc>5.000000</hAcc><vAcc>3.000000</vAcc></extensions></trkpt>
      <trkpt lon="-123.274286" lat="44.561061"><ele>70.179192</ele><time>2020-10-30T22:51:50Z</time><extensions><speed>5.550000</speed><course>173.320312</course><hAcc>5.000000</hAcc><vAcc>3.000000</vAcc></extensions></trkpt>
      <trkpt lon="-123.274260" lat="44.560992"><ele>70.170143</ele><time>2020-10-30T22:51:52Z</time><extensions><speed>5.550000</speed><course>168.750000</course><hAcc>5.000000</hAcc><vAcc>3.000000</vAcc></extensions></trkpt>
      <trkpt lon="-123.274240" lat="44.560942"><ele>70.160744</ele><time>2020-10-30T22:51:53Z</time><extensions><speed>6.180000</speed><course>164.882812</course><hAcc>5.000000</hAcc><vAcc>3.000000</vAcc></extensions></trkpt>
      <trkpt lon="-123.274232" lat="44.560887"><ele>69.812103</ele><time>2020-10-30T22:51:53Z</time><extensions><speed>6.080000</speed><course>170.859375</course><hAcc>5.000000</hAcc><vAcc>3.000000</vAcc></extensions></trkpt>
      <trkpt lon="-123.274210" lat="44.560831"><ele>69.997711</ele><time>2020-10-30T22:51:55Z</time><extensions><speed>6.080000</speed><course>171.210938</course><hAcc>5.000000</hAcc><vAcc>3.000000</vAcc></extensions></trkpt>
      <trkpt lon="-123.274207" lat="44.560772"><ele>70.017609</ele><time>2020-10-30T22:51:55Z</time><extensions><speed>5.470000</speed><course>173.671875</course><hAcc>5.000000</hAcc><vAcc>3.000000</vAcc></extensions></trkpt>
      <trkpt lon="-123.274199" lat="44.560709"><ele>69.860786</ele><time>2020-10-30T22:51:56Z</time><extensions><speed>5.470000</speed><course>171.562500</course><hAcc>5.000000</hAcc><vAcc>3.000000</vAcc></extensions></trkpt>
      <trkpt lon="-123.274176" lat="44.560659"><ele>69.812256</ele><time>2020-10-30T22:51:58Z</time><extensions><speed>5.900000</speed><course>172.617188</course><hAcc>5.000000</hAcc><vAcc>3.000000</vAcc></extensions></trkpt>
      <trkpt lon="-123.274175" lat="44.560608"><ele>69.778488</ele><time>2020-10-30T22:51:59Z</time><extensions><speed>5.900000</speed><course>178.242188</course><hAcc>5.000000</hAcc><vAcc>3.000000</vAcc></extensions></trkpt>
      <trkpt lon="-123.274166" lat="44.560573"><ele>69.688004</ele><time>2020-10-30T22:52:00Z</time><extensions><speed>5.230000</speed><course>176.132812</course><hAcc>5.000000</hAcc><vAcc>3.000000</vAcc></extensions></trkpt>
      <trkpt lon="-123.274162" lat="44.560527"><ele>68.876694</ele><time>2020-10-30T22:52:01Z</time><extensions><speed>5.140000</speed><course>176.132812</course><hAcc>5.000000</hAcc><vAcc>3.000000</vAcc></extensions></trkpt>
      <trkpt lon="-123.274172" lat="44.560505"><ele>69.589493</ele><time>2020-10-30T22:52:02Z</time><extensions><speed>5.420000</speed><course>170.859375</course><hAcc>5.000000</hAcc><vAcc>3.000000</vAcc></extensions></trkpt>
      <trkpt lon="-123.274164" lat="44.560455"><ele>68.742874</ele><time>2020-10-30T22:52:02Z</time><extensions><speed>5.860000</speed><course>170.859375</course><hAcc>5.000000</hAcc><vAcc>3.000000</vAcc></extensions></trkpt>
      <trkpt lon="-123.274138" lat="44.560381"><ele>69.632912</ele><time>2020-10-30T22:52:04Z</time><extensions><speed>5.420000</speed><course>162.070312</course><hAcc>5.000000</hAcc><vAcc>3.000000</vAcc></extensions></trkpt>
      <trkpt lon="-123.274115" lat="44.560340"><ele>69.158257</ele><time>2020-10-30T22:52:05Z</time><extensions><speed>5.290000</speed><course>157.500000</course><hAcc>5.000000</hAcc><vAcc>3.000000</vAcc></extensions></trkpt>
      <trkpt lon="-123.274091" lat="44.560299"><ele>68.639404</ele><time>2020-10-30T22:52:05Z</time><extensions><speed>5.290000</speed><course>160.664062</course><hAcc>5.000000</hAcc><vAcc>3.000000</vAcc></extensions></trkpt>
      <trkpt lon="-123.274082" lat="44.560259"><ele>69.076218</ele><time>2020-10-30T22:52:06Z</time><extensions><speed>5.100000</speed><course>163.828125</course><hAcc>5.000000</hAcc><vAcc>3.000000</vAcc></extensions></trkpt>
      <trkpt lon="-123.274068" lat="44.560224"><ele>69.098579</ele><time>2020-10-30T22:52:08Z</time><extensions><speed>5.100000</speed><course>155.390625</course><hAcc>5.000000</hAcc><vAcc>3.000000</vAcc></extensions></trkpt>
      <trkpt lon="-123.274030" lat="44.560188"><ele>69.040321</ele><time>2020-10-30T22:52:09Z</time><extensions><speed>5.090000</speed><course>136.757812</course><hAcc>5.000000</hAcc><vAcc>3.000000</vAcc></extensions></trkpt>
      <trkpt lon="-123.273981" lat="44.560149"><ele>68.938324</ele><time>2020-10-30T22:52:10Z</time><extensions><speed>4.970000</speed><course>129.023438</course><hAcc>5.000000</hAcc><vAcc>3.000000</vAcc></extensions></trkpt>
      <trkpt lon="-123.273934" lat="44.560114"><ele>68.845650</ele><time>2020-10-30T22:52:11Z</time><extensions><speed>5.080000</speed><course>128.671875</course><hAcc>5.000000</hAcc><vAcc>3.000000</vAcc></extensions></trkpt>
      <trkpt lon="-123.273894" lat="44.560087"><ele>69.088577</ele><time>2020-10-30T22:52:12Z</time><extensions><speed>5.080000</speed><course>140.273438</course><hAcc>5.000000</hAcc><vAcc>3.000000</vAcc></extensions></trkpt>
      <trkpt lon="-123.273863" lat="44.560053"><ele>69.178246</ele><time>2020-10-30T22:52:12Z</time><extensions><speed>4.670000</speed><course>148.710938</course><hAcc>5.000000</hAcc><vAcc>3.000000</vAcc></extensions></trkpt>
      <trkpt lon="-123.273830" lat="44.560029"><ele>68.956413</ele><time>2020-10-30T22:52:13Z</time><extensions><speed>4.660000</speed><course>143.789062</course><hAcc>5.000000</hAcc><vAcc>3.000000</vAcc></extensions></trkpt>
      <trkpt lon="-123.273791" lat="44.559998"><ele>68.675255</ele><time>2020-10-30T22:52:15Z</time><extensions><speed>4.580000</speed><course>131.132812</course><hAcc>5.000000</hAcc><vAcc>3.000000</vAcc></extensions></trkpt>
      <trkpt lon="-123.273746" lat="44.559975"><ele>68.774017</ele><time>2020-10-30T22:52:15Z</time><extensions><speed>4.230000</speed><course>116.015625</course><hAcc>5.000000</hAcc><vAcc>3.000000</vAcc></extensions></trkpt>
      <trkpt lon="-123.273671" lat="44.559951"><ele>68.651199</ele><time>2020-10-30T22:52:17Z</time><extensions><speed>4.230000</speed><course>103.007812</course><hAcc>5.000000</hAcc><vAcc>3.000000</vAcc></extensions></trkpt>
      <trkpt lon="-123.273632" lat="44.559961"><ele>68.458855</ele><time>2020-10-30T22:52:18Z</time><extensions><speed>4.060000</speed><course>85.781250</course><hAcc>5.000000</hAcc><vAcc>4.000000</vAcc></extensions></trkpt>
      <trkpt lon="-123.273599" lat="44.559964"><ele>68.508247</ele><time>2020-10-30T22:52:18Z</time><extensions><speed>3.790000</speed><course>79.453125</course><hAcc>5.000000</hAcc><vAcc>4.000000</vAcc></extensions></trkpt>
      <trkpt lon="-123.273560" lat="44.559968"><ele>68.350174</ele><time>2020-10-30T22:52:19Z</time><extensions><speed>4.110000</speed><course>92.460938</course><hAcc>5.000000</hAcc><vAcc>4.000000</vAcc></extensions></trkpt>
      <trkpt lon="-123.273515" lat="44.559956"><ele>68.616531</ele><time>2020-10-30T22:52:20Z</time><extensions><speed>4.110000</speed><course>99.492188</course><hAcc>5.000000</hAcc><vAcc>4.000000</vAcc></extensions></trkpt>
      <trkpt lon="-123.273467" lat="44.559941"><ele>68.640907</ele><time>2020-10-30T22:52:21Z</time><extensions><speed>4.110000</speed><course>120.234375</course><hAcc>5.000000</hAcc><vAcc>4.000000</vAcc></extensions></trkpt>
      <trkpt lon="-123.273416" lat="44.559920"><ele>68.732384</ele><time>2020-10-30T22:52:22Z</time><extensions><speed>4.650000</speed><course>120.234375</course><hAcc>5.000000</hAcc><vAcc>4.000000</vAcc></extensions></trkpt>
      <trkpt lon="-123.273362" lat="44.559902"><ele>68.736916</ele><time>2020-10-30T22:52:24Z</time><extensions><speed>4.280000</speed><course>117.773438</course><hAcc>5.000000</hAcc><vAcc>4.000000</vAcc></extensions></trkpt>
      <trkpt lon="-123.273310" lat="44.559887"><ele>68.618622</ele><time>2020-10-30T22:52:24Z</time><extensions><speed>4.290000</speed><course>115.312500</course><hAcc>5.000000</hAcc><vAcc>4.000000</vAcc></extensions></trkpt>
      <trkpt lon="-123.273226" lat="44.559894"><ele>68.611046</ele><time>2020-10-30T22:52:25Z</time><extensions><speed>4.290000</speed><course>102.656250</course><hAcc>5.000000</hAcc><vAcc>4.000000</vAcc></extensions></trkpt>
      <trkpt lon="-123.273160" lat="44.559884"><ele>68.901512</ele><time>2020-10-30T22:52:27Z</time><extensions><speed>4.970000</speed><course>95.976562</course><hAcc>5.000000</hAcc><vAcc>4.000000</vAcc></extensions></trkpt>
      <trkpt lon="-123.273102" lat="44.559877"><ele>68.603722</ele><time>2020-10-30T22:52:28Z</time><extensions><speed>4.940000</speed><course>96.328125</course><hAcc>10.000000</hAcc><vAcc>4.000000</vAcc></extensions></trkpt>
      <trkpt lon="-123.273001" lat="44.559914"><ele>68.840981</ele><time>2020-10-30T22:52:28Z</time><extensions><speed>5.850000</speed><course>85.078125</course><hAcc>5.000000</hAcc><vAcc>4.000000</vAcc></extensions></trkpt>
      <trkpt lon="-123.272932" lat="44.559925"><ele>68.580940</ele><time>2020-10-30T22:52:29Z</time><extensions><speed>5.850000</speed><course>81.914062</course><hAcc>10.000000</hAcc><vAcc>4.000000</vAcc></extensions></trkpt>
      <trkpt lon="-123.272864" lat="44.559932"><ele>69.161369</ele><time>2020-10-30T22:52:31Z</time><extensions><speed>6.140000</speed><course>84.726562</course><hAcc>5.000000</hAcc><vAcc>4.000000</vAcc></extensions></trkpt>
      <trkpt lon="-123.272771" lat="44.559942"><ele>68.837906</ele><time>2020-10-30T22:52:32Z</time><extensions><speed>6.440000</speed><course>83.320312</course><hAcc>5.000000</hAcc><vAcc>4.000000</vAcc></extensions></trkpt>
      <trkpt lon="-123.272681" lat="44.559961"><ele>69.102135</ele><time>2020-10-30T22:52:33Z</time><extensions><speed>6.360000</speed><course>81.914062</course><hAcc>5.000000</hAcc><vAcc>4.000000</vAcc></extensions></trkpt>
      <trkpt lon="-123.272604" lat="44.559968"><ele>69.030670</ele><time>2020-10-30T22:52:33Z</time><extensions><speed>6.360000</speed><course>81.914062</course><hAcc>10.000000</hAcc><vAcc>4.000000</vAcc></extensions></trkpt>
      <trkpt lon="-123.272513" lat="44.559982"><ele>68.888275</ele><time>2020-10-30T22:52:35Z</time><extensions><speed>6.290000</speed><course>83.320312</course><hAcc>5.000000</hAcc><vAcc>4.000000</vAcc></extensions></trkpt>
      <trkpt lon="-123.272435" lat="44.560002"><ele>68.574104</ele><time>2020-10-30T22:52:35Z</time><extensions><speed>6.290000</speed><course>81.914062</course><hAcc>5.000000</hAcc><vAcc>4.000000</vAcc></extensions></trkpt>
      <trkpt lon="-123.272348" lat="44.560012"><ele>68.739037</ele><time>2020-10-30T22:52:36Z</time><extensions><speed>7.010000</speed><course>78.046875</course><hAcc>5.000000</hAcc><vAcc>4.000000</vAcc></extensions></trkpt>
      <trkpt lon="-123.272263" lat="44.560031"><ele>68.920647</ele><time>2020-10-30T22:52:37Z</time><extensions><speed>6.750000</speed><course>72.773438</course><hAcc>5.000000</hAcc><vAcc>4.000000</vAcc></extensions></trkpt>
      <trkpt lon="-123.272188" lat="44.560039"><ele>68.484818</ele><time>2020-10-30T22:52:38Z</time><extensions><speed>6.750000</speed><course>84.375000</course><hAcc>5.000000</hAcc><vAcc>4.000000</vAcc></extensions></trkpt>
      <trkpt lon="-123.272116" lat="44.560042"><ele>68.593781</ele><time>2020-10-30T22:52:39Z</time><extensions><speed>5.810000</speed><course>84.726562</course><hAcc>10.000000</hAcc><vAcc>4.000000</vAcc></extensions></trkpt>
      <trkpt lon="-123.272027" lat="44.560043"><ele>68.530502</ele><time>2020-10-30T22:52:41Z</time><extensions><speed>5.810000</speed><course>81.210938</course><hAcc>5.000000</hAcc><vAcc>4.000000</vAcc></extensions></trkpt>
      <trkpt lon="-123.271949" lat="44.560051"><ele>68.362923</ele><time>2020-10-30T22:52:42Z</time><extensions><speed>6.550000</speed><course>83.671875</course><hAcc>5.000000</hAcc><vAcc>4.000000</vAcc></extensions></trkpt>
      <trkpt lon="-123.271864" lat="44.560049"><ele>68.576660</ele><time>2020-10-30T22:52:43Z</time><extensions><speed>6.550000</speed><course>84.375000</course><hAcc>5.000000</hAcc><vAcc>4.000000</vAcc></extensions></trkpt>
      <trkpt lon="-123.271787" lat="44.560053"><ele>68.503654</ele><time>2020-10-30T22:52:44Z</time><extensions><speed>6.140000</speed><course>85.078125</course><hAcc>5.000000</hAcc><vAcc>4.000000</vAcc></extensions></trkpt>
      <trkpt lon="-123.271709" lat="44.560054"><ele>68.528572</ele><time>2020-10-30T22:52:45Z</time><extensions><speed>6.140000</speed><course>84.726562</course><hAcc>5.000000</hAcc><vAcc>4.000000</vAcc></extensions></trkpt>
      <trkpt lon="-123.271639" lat="44.560059"><ele>68.435432</ele><time>2020-10-30T22:52:45Z</time><extensions><speed>6.140000</speed><course>82.265625</course><hAcc>5.000000</hAcc><vAcc>4.000000</vAcc></extensions></trkpt>
      <trkpt lon="-123.271574" lat="44.560067"><ele>68.452904</ele><time>2020-10-30T22:52:46Z</time><extensions><speed>5.560000</speed><course>83.320312</course><hAcc>5.000000</hAcc><vAcc>4.000000</vAcc></extensions></trkpt>
      <trkpt lon="-123.271504" lat="44.560073"><ele>68.513229</ele><time>2020-10-30T22:52:47Z</time><extensions><speed>5.560000</speed><course>83.671875</course><hAcc>5.000000</hAcc><vAcc>4.000000</vAcc></extensions></trkpt>
      <trkpt lon="-123.271414" lat="44.560100"><ele>68.460281</ele><time>2020-10-30T22:52:49Z</time><extensions><speed>5.560000</speed><course>76.640625</course><hAcc>5.000000</hAcc><vAcc>4.000000</vAcc></extensions></trkpt>
      <trkpt lon="-123.271333" lat="44.560106"><ele>68.513855</ele><time>2020-10-30T22:52:50Z</time><extensions><speed>5.940000</speed><course>83.320312</course><hAcc>5.000000</hAcc><vAcc>4.000000</vAcc></extensions></trkpt>
      <trkpt lon="-123.271254" lat="44.560112"><ele>68.731651</ele><time>2020-10-30T22:52:51Z</time><extensions><speed>6.340000</speed><course>83.320312</course><hAcc>5.000000</hAcc><vAcc>4.000000</vAcc></extensions></trkpt>
      <trkpt lon="-123.271181" lat="44.560113"><ele>68.851433</ele><time>2020-10-30T22:52:52Z</time><extensions><speed>6.340000</speed><course>78.750000</course><hAcc>5.000000</hAcc><vAcc>4.000000</vAcc></extensions></trkpt>
      <trkpt lon="-123.271089" lat="44.560133"><ele>68.734390</ele><time>2020-10-30T22:52:53Z</time><extensions><speed>5.820000</speed><course>87.539062</course><hAcc>5.000000</hAcc><vAcc>4.000000</vAcc></extensions></trkpt>
      <trkpt lon="-123.271022" lat="44.560135"><ele>68.727127</ele><time>2020-10-30T22:52:53Z</time><extensions><speed>5.310000</speed><course>87.539062</course><hAcc>5.000000</hAcc><vAcc>4.000000</vAcc></extensions></trkpt>
      <trkpt lon="-123.271009" lat="44.560078"><ele>68.643349</ele><time>2020-10-30T22:52:55Z</time><extensions><speed>5.310000</speed><course>111.093750</course><hAcc>5.000000</hAcc><vAcc>4.000000</vAcc></extensions></trkpt>
      <trkpt lon="-123.270953" lat="44.560063"><ele>68.922089</ele><time>2020-10-30T22:52:55Z</time><extensions><speed>4.770000</speed><course>111.093750</course><hAcc>10.000000</hAcc><vAcc>4.000000</vAcc></extensions></trkpt>
      <trkpt lon="-123.270972" lat="44.559970"><ele>69.195366</ele><time>2020-10-30T22:52:56Z</time><extensions><speed>5.360000</speed><course>154.335938</course><hAcc>5.000000</hAcc><vAcc>3.000000</vAcc></extensions></trkpt>
      <trkpt lon="-123.271012" lat="44.559901"><ele>69.171333</ele><time>2020-10-30T22:52:58Z</time><extensions><speed>5.360000</speed><course>177.539062</course><hAcc>5.000000</hAcc><vAcc>3.000000</vAcc></extensions></trkpt>
      <trkpt lon="-123.271009" lat="44.559852"><ele>69.061836</ele><time>2020-10-30T22:52:58Z</time><extensions><speed>5.420000</speed><course>177.539062</course><hAcc>5.000000</hAcc><vAcc>3.000000</vAcc></extensions></trkpt>
      <trkpt lon="-123.270954" lat="44.559797"><ele>69.536896</ele><time>2020-10-30T22:53:00Z</time><extensions><speed>5.960000</speed><course>172.265625</course><hAcc>5.000000</hAcc><vAcc>3.000000</vAcc></extensions></trkpt>
      <trkpt lon="-123.270943" lat="44.559744"><ele>69.165314</ele><time>2020-10-30T22:53:00Z</time><extensions><speed>5.970000</speed><course>172.265625</course><hAcc>5.000000</hAcc><vAcc>3.000000</vAcc></extensions></trkpt>
      <trkpt lon="-123.270904" lat="44.559681"><ele>69.346817</ele><time>2020-10-30T22:53:01Z</time><extensions><speed>5.970000</speed><course>165.234375</course><hAcc>5.000000</hAcc><vAcc>3.000000</vAcc></extensions></trkpt>
      <trkpt lon="-123.270894" lat="44.559638"><ele>69.284157</ele><time>2020-10-30T22:53:02Z</time><extensions><speed>6.190000</speed><course>169.804688</course><hAcc>5.000000</hAcc><vAcc>3.000000</vAcc></extensions></trkpt>
      <trkpt lon="-123.270917" lat="44.559566"><ele>69.435722</ele><time>2020-10-30T22:53:03Z</time><extensions><speed>6.270000</speed><course>172.968750</course><hAcc>5.000000</hAcc><vAcc>3.000000</vAcc></extensions></trkpt>
      <trkpt lon="-123.270909" lat="44.559498"><ele>69.314705</ele><time>2020-10-30T22:53:04Z</time><extensions><speed>6.960000</speed><course>170.156250</course><hAcc>5.000000</hAcc><vAcc>3.000000</vAcc></extensions></trkpt>
      <trkpt lon="-123.270956" lat="44.559438"><ele>69.516731</ele><time>2020-10-30T22:53:05Z</time><extensions><speed>7.130000</speed><course>184.218750</course><hAcc>5.000000</hAcc><vAcc>3.000000</vAcc></extensions></trkpt>
      <trkpt lon="-123.270998" lat="44.559375"><ele>69.074165</ele><time>2020-10-30T22:53:06Z</time><extensions><speed>7.130000</speed><course>195.820312</course><hAcc>5.000000</hAcc><vAcc>3.000000</vAcc></extensions></trkpt>
      <trkpt lon="-123.271010" lat="44.559317"><ele>69.362495</ele><time>2020-10-30T22:53:07Z</time><extensions><speed>7.130000</speed><course>192.304688</course><hAcc>5.000000</hAcc><vAcc>3.000000</vAcc></extensions></trkpt>
      <trkpt lon="-123.270985" lat="44.559258"><ele>69.500648</ele><time>2020-10-30T22:53:08Z</time><extensions><speed>6.900000</speed><course>179.648438</course><hAcc>5.000000</hAcc><vAcc>3.000000</vAcc></extensions></trkpt>
      <trkpt lon="-123.270968" lat="44.559207"><ele>69.233299</ele><time>2020-10-30T22:53:09Z</time><extensions><speed>5.800000</speed><course>178.593750</course><hAcc>5.000000</hAcc><vAcc>3.000000</vAcc></extensions></trkpt>
      <trkpt lon="-123.270933" lat="44.559158"><ele>69.194229</ele><time>2020-10-30T22:53:10Z</time><extensions><speed>5.800000</speed><course>167.343750</course><hAcc>5.000000</hAcc><vAcc>3.000000</vAcc></extensions></trkpt>
      <trkpt lon="-123.270903" lat="44.559113"><ele>68.949020</ele><time>2020-10-30T22:53:11Z</time><extensions><speed>5.800000</speed><course>161.718750</course><hAcc>5.000000</hAcc><vAcc>3.000000</vAcc></extensions></trkpt>
      <trkpt lon="-123.270853" lat="44.559041"><ele>68.871101</ele><time>2020-10-30T22:53:12Z</time><extensions><speed>5.590000</speed><course>163.476562</course><hAcc>5.000000</hAcc><vAcc>3.000000</vAcc></extensions></trkpt>
      <trkpt lon="-123.270826" lat="44.558974"><ele>68.595627</ele><time>2020-10-30T22:53:14Z</time><extensions><speed>6.090000</speed><course>164.882812</course><hAcc>5.000000</hAcc><vAcc>3.000000</vAcc></extensions></trkpt>
      <trkpt lon="-123.270770" lat="44.558921"><ele>68.167732</ele><time>2020-10-30T22:53:14Z</time><extensions><speed>6.710000</speed><course>156.093750</course><hAcc>5.000000</hAcc><vAcc>3.000000</vAcc></extensions></trkpt>
      <trkpt lon="-123.270769" lat="44.558879"><ele>68.061897</ele><time>2020-10-30T22:53:15Z</time><extensions><speed>6.090000</speed><course>165.585938</course><hAcc>5.000000</hAcc><vAcc>3.000000</vAcc></extensions></trkpt>
      <trkpt lon="-123.270766" lat="44.558860"><ele>68.978630</ele><time>2020-10-30T22:53:17Z</time><extensions><speed>4.860000</speed><course>164.179688</course><hAcc>5.000000</hAcc><vAcc>3.000000</vAcc></extensions></trkpt>
      <trkpt lon="-123.270773" lat="44.558816"><ele>68.787201</ele><time>2020-10-30T22:53:18Z</time><extensions><speed>4.640000</speed><course>174.375000</course><hAcc>5.000000</hAcc><vAcc>3.000000</vAcc></extensions></trkpt>
      <trkpt lon="-123.270768" lat="44.558774"><ele>68.710037</ele><time>2020-10-30T22:53:18Z</time><extensions><speed>4.640000</speed><course>174.375000</course><hAcc>5.000000</hAcc><vAcc>3.000000</vAcc></extensions></trkpt>
      <trkpt lon="-123.270833" lat="44.558748"><ele>68.733658</ele><time>2020-10-30T22:53:19Z</time><extensions><speed>4.640000</speed><course>211.289062</course><hAcc>5.000000</hAcc><vAcc>3.000000</vAcc></extensions></trkpt>
      <trkpt lon="-123.270860" lat="44.558716"><ele>68.562584</ele><time>2020-10-30T22:53:20Z</time><extensions><speed>4.390000</speed><course>222.187500</course><hAcc>5.000000</hAcc><vAcc>3.000000</vAcc></extensions></trkpt>
      <trkpt lon="-123.270897" lat="44.558720"><ele>68.686508</ele><time>2020-10-30T22:53:22Z</time><extensions><speed>3.220000</speed><course>258.750000</course><hAcc>5.000000</hAcc><vAcc>3.000000</vAcc></extensions></trkpt>
      <trkpt lon="-123.270933" lat="44.558718"><ele>68.707710</ele><time>2020-10-30T22:53:22Z</time><extensions><speed>3.220000</speed><course>259.101562</course><hAcc>5.000000</hAcc><vAcc>3.000000</vAcc></extensions></trkpt>
      <trkpt lon="-123.270978" lat="44.558728"><ele>68.753845</ele><time>2020-10-30T22:53:24Z</time><extensions><speed>3.220000</speed><course>265.078125</course><hAcc>5.000000</hAcc><vAcc>3.000000</vAcc></extensions></trkpt>
      <trkpt lon="-123.271017" lat="44.558728"><ele>68.526886</ele><time>2020-10-30T22:53:25Z</time><extensions><speed>3.210000</speed><course>263.671875</course><hAcc>5.000000</hAcc><vAcc>3.000000</vAcc></extensions></trkpt>
      <trkpt lon="-123.271048" lat="44.558726"><ele>68.365616</ele><time>2020-10-30T22:53:25Z</time><extensions><speed>2.480000</speed><course>263.671875</course><hAcc>5.000000</hAcc><vAcc>4.000000</vAcc></extensions></trkpt>
      <trkpt lon="-123.271076" lat="44.558718"><ele>68.499527</ele><time>2020-10-30T22:53:27Z</time><extensions><speed>2.400000</speed><course>265.429688</course><hAcc>5.000000</hAcc><vAcc>4.000000</vAcc></extensions></trkpt>
      <trkpt lon="-123.271087" lat="44.558713"><ele>68.655533</ele><time>2020-10-30T22:53:28Z</time><extensions><speed>2.400000</speed><course>255.585938</course><hAcc>5.000000</hAcc><vAcc>4.000000</vAcc></extensions></trkpt>
      <trkpt lon="-123.271091" lat="44.558708"><ele>68.610176</ele><time>2020-10-30T22:53:28Z</time><extensions><speed>1.150000</speed><course>244.335938</course><hAcc>5.000000</hAcc><vAcc>4.000000</vAcc></extensions></trkpt>
      <trkpt lon="-123.271094" lat="44.558703"><ele>68.471352</ele><time>2020-10-30T22:53:30Z</time><extensions><speed>0.760000</speed><course>263.320312</course><hAcc>5.000000</hAcc><vAcc>4.000000</vAcc></extensions></trkpt>
      <trkpt lon="-123.271095" lat="44.558699"><ele>68.442612</ele><time>2020-10-30T22:53:30Z</time><extensions><speed>0.510000</speed><course>263.320312</course><hAcc>10.000000</hAcc><vAcc>4.000000</vAcc></extensions></trkpt>
      <trkpt lon="-123.271095" lat="44.558699"><ele>68.384247</ele><time>2020-10-30T22:53:31Z</time><extensions><speed>0.000000</speed><course>263.320312</course><hAcc>5.000000</hAcc><vAcc>4.000000</vAcc></extensions></trkpt>
      <trkpt lon="-123.271088" lat="44.558701"><ele>68.338524</ele><time>2020-10-30T22:53:33Z</time><extensions><speed>0.210000</speed><course>263.320312</course><hAcc>5.000000</hAcc><vAcc>4.000000</vAcc></extensions></trkpt>
      <trkpt lon="-123.271093" lat="44.558697"><ele>68.493629</ele><time>2020-10-30T22:53:34Z</time><extensions><speed>0.210000</speed><course>190.195312</course><hAcc>5.000000</hAcc><vAcc>4.000000</vAcc></extensions></trkpt>
      <trkpt lon="-123.271100" lat="44.558693"><ele>68.404976</ele><time>2020-10-30T22:53:35Z</time><extensions><speed>0.170000</speed><course>263.320312</course><hAcc>5.000000</hAcc><vAcc>4.000000</vAcc></extensions></trkpt>
      <trkpt lon="-123.271100" lat="44.558693"><ele>68.387207</ele><time>2020-10-30T22:53:36Z</time><extensions><speed>0.000000</speed><course>263.320312</course><hAcc>5.000000</hAcc><vAcc>4.000000</vAcc></extensions></trkpt>
      <trkpt lon="-123.271120" lat="44.558690"><ele>68.439308</ele><time>2020-10-30T22:53:37Z</time><extensions><speed>0.750000</speed><course>135.703125</course><hAcc>5.000000</hAcc><vAcc>4.000000</vAcc></extensions></trkpt>
      <trkpt lon="-123.271115" lat="44.558691"><ele>68.472687</ele><time>2020-10-30T22:53:38Z</time><extensions><speed>0.620000</speed><course>111.445312</course><hAcc>5.000000</hAcc><vAcc>4.000000</vAcc></extensions></trkpt>
      <trkpt lon="-123.271107" lat="44.558692"><ele>68.499084</ele><time>2020-10-30T22:53:38Z</time><extensions><speed>0.750000</speed><course>105.117188</course><hAcc>5.000000</hAcc><vAcc>4.000000</vAcc></extensions></trkpt>
      <trkpt lon="-123.271097" lat="44.558692"><ele>68.439034</ele><time>2020-10-30T22:53:39Z</time><extensions><speed>0.890000</speed><course>103.710938</course><hAcc>10.000000</hAcc><vAcc>4.000000</vAcc></extensions></trkpt>
      <trkpt lon="-123.271072" lat="44.558701"><ele>68.511612</ele><time>2020-10-30T22:53:40Z</time><extensions><speed>1.480000</speed><course>88.242188</course><hAcc>5.000000</hAcc><vAcc>4.000000</vAcc></extensions></trkpt>
      <trkpt lon="-123.271057" lat="44.558709"><ele>68.436874</ele><time>2020-10-30T22:53:41Z</time><extensions><speed>0.160000</speed><course>80.859375</course><hAcc>5.000000</hAcc><vAcc>4.000000</vAcc></extensions></trkpt>
      <trkpt lon="-123.271057" lat="44.558709"><ele>68.470734</ele><time>2020-10-30T22:53:42Z</time><extensions><speed>0.000000</speed><course>263.320312</course><hAcc>5.000000</hAcc><vAcc>4.000000</vAcc></extensions></trkpt>
      <trkpt lon="-123.271057" lat="44.558709"><ele>68.377060</ele><time>2020-10-30T22:53:44Z</time><extensions><speed>0.000000</speed><course>263.320312</course><hAcc>5.000000</hAcc><vAcc>4.000000</vAcc></extensions></trkpt>
      <trkpt lon="-123.271057" lat="44.558709"><ele>68.409531</ele><time>2020-10-30T22:53:45Z</time><extensions><speed>0.000000</speed><course>74.531250</course><hAcc>5.000000</hAcc><vAcc>4.000000</vAcc></extensions></trkpt>
      <trkpt lon="-123.271057" lat="44.558709"><ele>68.456238</ele><time>2020-10-30T22:53:46Z</time><extensions><speed>0.000000</speed><course>74.531250</course><hAcc>5.000000</hAcc><vAcc>4.000000</vAcc></extensions></trkpt>
      <trkpt lon="-123.271057" lat="44.558709"><ele>68.477066</ele><time>2020-10-30T22:53:46Z</time><extensions><speed>0.000000</speed><course>74.531250</course><hAcc>5.000000</hAcc><vAcc>4.000000</vAcc></extensions></trkpt>
      <trkpt lon="-123.271057" lat="44.558709"><ele>68.395561</ele><time>2020-10-30T22:53:47Z</time><extensions><speed>0.000000</speed><course>359.648438</course><hAcc>5.000000</hAcc><vAcc>4.000000</vAcc></extensions></trkpt>
      <trkpt lon="-123.271052" lat="44.558732"><ele>68.406219</ele><time>2020-10-30T22:53:49Z</time><extensions><speed>0.250000</speed><course>3.867188</course><hAcc>5.000000</hAcc><vAcc>4.000000</vAcc></extensions></trkpt>
      <trkpt lon="-123.271051" lat="44.558732"><ele>68.405190</ele><time>2020-10-30T22:53:49Z</time><extensions><speed>0.350000</speed><course>42.187500</course><hAcc>5.000000</hAcc><vAcc>3.000000</vAcc></extensions></trkpt>
      <trkpt lon="-123.271048" lat="44.558730"><ele>68.503563</ele><time>2020-10-30T22:53:50Z</time><extensions><speed>0.350000</speed><course>121.640625</course><hAcc>5.000000</hAcc><vAcc>3.000000</vAcc></extensions></trkpt>
      <trkpt lon="-123.271047" lat="44.558724"><ele>68.460274</ele><time>2020-10-30T22:53:51Z</time><extensions><speed>0.350000</speed><course>150.468750</course><hAcc>5.000000</hAcc><vAcc>3.000000</vAcc></extensions></trkpt>
      <trkpt lon="-123.271045" lat="44.558716"><ele>68.404320</ele><time>2020-10-30T22:53:52Z</time><extensions><speed>0.360000</speed><course>153.984375</course><hAcc>5.000000</hAcc><vAcc>3.000000</vAcc></extensions></trkpt>
      <trkpt lon="-123.271038" lat="44.558702"><ele>68.485924</ele><time>2020-10-30T22:53:53Z</time><extensions><speed>1.200000</speed><course>153.281250</course><hAcc>5.000000</hAcc><vAcc>3.000000</vAcc></extensions></trkpt>
      <trkpt lon="-123.271026" lat="44.558680"><ele>68.319458</ele><time>2020-10-30T22:53:55Z</time><extensions><speed>1.850000</speed><course>152.929688</course><hAcc>5.000000</hAcc><vAcc>3.000000</vAcc></extensions></trkpt>
      <trkpt lon="-123.271018" lat="44.558672"><ele>68.513420</ele><time>2020-10-30T22:53:55Z</time><extensions><speed>1.200000</speed><course>147.304688</course><hAcc>5.000000</hAcc><vAcc>3.000000</vAcc></extensions></trkpt>
      <trkpt lon="-123.271016" lat="44.558675"><ele>68.568619</ele><time>2020-10-30T22:53:56Z</time><extensions><speed>0.420000</speed><course>138.164062</course><hAcc>5.000000</hAcc><vAcc>3.000000</vAcc></extensions></trkpt>
      <trkpt lon="-123.271015" lat="44.558684"><ele>68.579971</ele><time>2020-10-30T22:53:57Z</time><extensions><speed>0.420000</speed><course>53.085938</course><hAcc>5.000000</hAcc><vAcc>3.000000</vAcc></extensions></trkpt>
      <trkpt lon="-123.271015" lat="44.558684"><ele>68.462990</ele><time>2020-10-30T22:53:58Z</time><extensions><speed>0.000000</speed><course>17.578125</course><hAcc>5.000000</hAcc><vAcc>3.000000</vAcc></extensions></trkpt>
      <trkpt lon="-123.271011" lat="44.558697"><ele>68.279984</ele><time>2020-10-30T22:53:59Z</time><extensions><speed>0.210000</speed><course>20.039062</course><hAcc>5.000000</hAcc><vAcc>3.000000</vAcc></extensions></trkpt>
      <trkpt lon="-123.271011" lat="44.558697"><ele>68.509743</ele><time>2020-10-30T22:54:00Z</time><extensions><speed>0.000000</speed><course>75.937500</course><hAcc>5.000000</hAcc><vAcc>3.000000</vAcc></extensions></trkpt>
      <trkpt lon="-123.271021" lat="44.558710"><ele>68.344978</ele><time>2020-10-30T22:54:01Z</time><extensions><speed>0.210000</speed><course>10.546875</course><hAcc>5.000000</hAcc><vAcc>3.000000</vAcc></extensions></trkpt>
      <trkpt lon="-123.271029" lat="44.558718"><ele>68.430496</ele><time>2020-10-30T22:54:02Z</time><extensions><speed>0.310000</speed><course>351.914062</course><hAcc>5.000000</hAcc><vAcc>3.000000</vAcc></extensions></trkpt>
      <trkpt lon="-123.271042" lat="44.558724"><ele>68.416954</ele><time>2020-10-30T22:54:03Z</time><extensions><speed>0.510000</speed><course>332.578125</course><hAcc>5.000000</hAcc><vAcc>3.000000</vAcc></extensions></trkpt>
      <trkpt lon="-123.271042" lat="44.558724"><ele>68.734612</ele><time>2020-10-30T22:54:04Z</time><extensions><speed>0.000000</speed><course>328.710938</course><hAcc>5.000000</hAcc><vAcc>3.000000</vAcc></extensions></trkpt>
      <trkpt lon="-123.271042" lat="44.558724"><ele>69.368843</ele><time>2020-10-30T22:54:05Z</time><extensions><speed>0.000000</speed><course>318.867188</course><hAcc>5.000000</hAcc><vAcc>4.000000</vAcc></extensions></trkpt>
      <trkpt lon="-123.271055" lat="44.558735"><ele>69.052307</ele><time>2020-10-30T22:54:07Z</time><extensions><speed>0.160000</speed><course>54.140625</course><hAcc>5.000000</hAcc><vAcc>4.000000</vAcc></extensions></trkpt>
      <trkpt lon="-123.271055" lat="44.558739"><ele>69.328339</ele><time>2020-10-30T22:54:08Z</time><extensions><speed>0.710000</speed><course>58.710938</course><hAcc>5.000000</hAcc><vAcc>4.000000</vAcc></extensions></trkpt>
      <trkpt lon="-123.271056" lat="44.558742"><ele>69.338997</ele><time>2020-10-30T22:54:09Z</time><extensions><speed>0.190000</speed><course>67.500000</course><hAcc>5.000000</hAcc><vAcc>4.000000</vAcc></extensions></trkpt>
      <trkpt lon="-123.271061" lat="44.558741"><ele>69.360474</ele><time>2020-10-30T22:54:10Z</time><extensions><speed>0.570000</speed><course>161.718750</course><hAcc>5.000000</hAcc><vAcc>4.000000</vAcc></extensions></trkpt>
      <trkpt lon="-123.271061" lat="44.558739"><ele>69.367271</ele><time>2020-10-30T22:54:11Z</time><extensions><speed>0.180000</speed><course>218.671875</course><hAcc>5.000000</hAcc><vAcc>3.000000</vAcc></extensions></trkpt>
      <trkpt lon="-123.271061" lat="44.558739"><ele>69.047020</ele><time>2020-10-30T22:54:12Z</time><extensions><speed>0.160000</speed><course>208.476562</course><hAcc>5.000000</hAcc><vAcc>3.000000</vAcc></extensions></trkpt>
      <trkpt lon="-123.271062" lat="44.558737"><ele>69.409706</ele><time>2020-10-30T22:54:12Z</time><extensions><speed>0.440000</speed><course>209.179688</course><hAcc>5.000000</hAcc><vAcc>3.000000</vAcc></extensions></trkpt>
      <trkpt lon="-123.271063" lat="44.558733"><ele>69.810219</ele><time>2020-10-30T22:54:14Z</time><extensions><speed>0.440000</speed><course>249.609375</course><hAcc>5.000000</hAcc><vAcc>3.000000</vAcc></extensions></trkpt>
      <trkpt lon="-123.271063" lat="44.558733"><ele>69.731880</ele><time>2020-10-30T22:54:14Z</time><extensions><speed>0.000000</speed><course>270.703125</course><hAcc>5.000000</hAcc><vAcc>3.000000</vAcc></extensions></trkpt>
      <trkpt lon="-123.271067" lat="44.558737"><ele>69.698013</ele><time>2020-10-30T22:54:16Z</time><extensions><speed>0.250000</speed><course>331.523438</course><hAcc>5.000000</hAcc><vAcc>3.000000</vAcc></extensions></trkpt>
      <trkpt lon="-123.271067" lat="44.558737"><ele>69.749893</ele><time>2020-10-30T22:54:17Z</time><extensions><speed>0.000000</speed><course>342.421875</course><hAcc>5.000000</hAcc><vAcc>3.000000</vAcc></extensions></trkpt>
      <trkpt lon="-123.271067" lat="44.558737"><ele>69.730629</ele><time>2020-10-30T22:54:18Z</time><extensions><speed>0.000000</speed><course>342.421875</course><hAcc>5.000000</hAcc><vAcc>3.000000</vAcc></extensions></trkpt>
      <trkpt lon="-123.271067" lat="44.558737"><ele>69.734550</ele><time>2020-10-30T22:54:19Z</time><extensions><speed>0.000000</speed><course>342.421875</course><hAcc>5.000000</hAcc><vAcc>3.000000</vAcc></extensions></trkpt>
      <trkpt lon="-123.271067" lat="44.558737"><ele>69.728188</ele><time>2020-10-30T22:54:20Z</time><extensions><speed>0.000000</speed><course>342.421875</course><hAcc>5.000000</hAcc><vAcc>3.000000</vAcc></extensions></trkpt>
      <trkpt lon="-123.271067" lat="44.558737"><ele>69.660591</ele><time>2020-10-30T22:54:21Z</time><extensions><speed>0.000000</speed><course>342.421875</course><hAcc>5.000000</hAcc><vAcc>3.000000</vAcc></extensions></trkpt>
      <trkpt lon="-123.271067" lat="44.558737"><ele>69.726021</ele><time>2020-10-30T22:54:22Z</time><extensions><speed>0.000000</speed><course>342.421875</course><hAcc>5.000000</hAcc><vAcc>3.000000</vAcc></extensions></trkpt>
      <trkpt lon="-123.271067" lat="44.558737"><ele>69.661377</ele><time>2020-10-30T22:54:22Z</time><extensions><speed>0.000000</speed><course>342.421875</course><hAcc>5.000000</hAcc><vAcc>3.000000</vAcc></extensions></trkpt>
      <trkpt lon="-123.271067" lat="44.558737"><ele>69.660751</ele><time>2020-10-30T22:54:24Z</time><extensions><speed>0.000000</speed><course>344.531250</course><hAcc>5.000000</hAcc><vAcc>3.000000</vAcc></extensions></trkpt>
      <trkpt lon="-123.271067" lat="44.558737"><ele>69.672226</ele><time>2020-10-30T22:54:25Z</time><extensions><speed>0.000000</speed><course>8.437500</course><hAcc>5.000000</hAcc><vAcc>3.000000</vAcc></extensions></trkpt>
      <trkpt lon="-123.271063" lat="44.558746"><ele>69.528603</ele><time>2020-10-30T22:54:25Z</time><extensions><speed>0.190000</speed><course>111.445312</course><hAcc>5.000000</hAcc><vAcc>3.000000</vAcc></extensions></trkpt>
      <trkpt lon="-123.271063" lat="44.558746"><ele>69.564888</ele><time>2020-10-30T22:54:27Z</time><extensions><speed>0.000000</speed><course>221.484375</course><hAcc>5.000000</hAcc><vAcc>3.000000</vAcc></extensions></trkpt>
      <trkpt lon="-123.271063" lat="44.558746"><ele>69.448402</ele><time>2020-10-30T22:54:28Z</time><extensions><speed>0.000000</speed><course>221.484375</course><hAcc>5.000000</hAcc><vAcc>3.000000</vAcc></extensions></trkpt>
      <trkpt lon="-123.271063" lat="44.558746"><ele>69.511703</ele><time>2020-10-30T22:54:29Z</time><extensions><speed>0.000000</speed><course>221.484375</course><hAcc>5.000000</hAcc><vAcc>3.000000</vAcc></extensions></trkpt>
      <trkpt lon="-123.271063" lat="44.558746"><ele>69.567093</ele><time>2020-10-30T22:54:29Z</time><extensions><speed>0.000000</speed><course>221.484375</course><hAcc>5.000000</hAcc><vAcc>3.000000</vAcc></extensions></trkpt>
      <trkpt lon="-123.271063" lat="44.558746"><ele>69.483444</ele><time>2020-10-30T22:54:30Z</time><extensions><speed>0.000000</speed><course>221.484375</course><hAcc>5.000000</hAcc><vAcc>3.000000</vAcc></extensions></trkpt>
      <trkpt lon="-123.271063" lat="44.558746"><ele>69.513802</ele><time>2020-10-30T22:54:32Z</time><extensions><speed>0.000000</speed><course>221.484375</course><hAcc>10.000000</hAcc><vAcc>3.000000</vAcc></extensions></trkpt>
      <trkpt lon="-123.271063" lat="44.558746"><ele>69.718414</ele><time>2020-10-30T22:54:32Z</time><extensions><speed>0.000000</speed><course>221.484375</course><hAcc>10.000000</hAcc><vAcc>3.000000</vAcc></extensions></trkpt>
      <trkpt lon="-123.271063" lat="44.558746"><ele>69.659599</ele><time>2020-10-30T22:54:33Z</time><extensions><speed>0.000000</speed><course>221.484375</course><hAcc>10.000000</hAcc><vAcc>3.000000</vAcc></extensions></trkpt>
      <trkpt lon="-123.271063" lat="44.558746"><ele>69.740181</ele><time>2020-10-30T22:54:35Z</time><extensions><speed>0.000000</speed><course>221.484375</course><hAcc>10.000000</hAcc><vAcc>3.000000</vAcc></extensions></trkpt>
      <trkpt lon="-123.271063" lat="44.558746"><ele>69.640526</ele><time>2020-10-30T22:54:36Z</time><extensions><speed>0.000000</speed><course>221.484375</course><hAcc>10.000000</hAcc><vAcc>3.000000</vAcc></extensions></trkpt>
      <trkpt lon="-123.271063" lat="44.558746"><ele>69.650307</ele><time>2020-10-30T22:54:37Z</time><extensions><speed>0.000000</speed><course>221.484375</course><hAcc>10.000000</hAcc><vAcc>3.000000</vAcc></extensions></trkpt>
      <trkpt lon="-123.271063" lat="44.558746"><ele>69.657761</ele><time>2020-10-30T22:54:38Z</time><extensions><speed>0.000000</speed><course>221.484375</course><hAcc>10.000000</hAcc><vAcc>3.000000</vAcc></extensions></trkpt>
      <trkpt lon="-123.271063" lat="44.558746"><ele>69.655167</ele><time>2020-10-30T22:54:39Z</time><extensions><speed>0.000000</speed><course>221.484375</course><hAcc>10.000000</hAcc><vAcc>3.000000</vAcc></extensions></trkpt>
      <trkpt lon="-123.271063" lat="44.558746"><ele>69.593407</ele><time>2020-10-30T22:54:40Z</time><extensions><speed>0.000000</speed><course>221.484375</course><hAcc>10.000000</hAcc><vAcc>3.000000</vAcc></extensions></trkpt>
      <trkpt lon="-123.271063" lat="44.558746"><ele>69.647812</ele><time>2020-10-30T22:54:41Z</time><extensions><speed>0.000000</speed><course>221.484375</course><hAcc>10.000000</hAcc><vAcc>3.000000</vAcc></extensions></trkpt>
      <trkpt lon="-123.271063" lat="44.558746"><ele>69.647133</ele><time>2020-10-30T22:54:41Z</time><extensions><speed>0.000000</speed><course>221.484375</course><hAcc>10.000000</hAcc><vAcc>3.000000</vAcc></extensions></trkpt>
      <trkpt lon="-123.271063" lat="44.558746"><ele>69.763863</ele><time>2020-10-30T22:54:43Z</time><extensions><speed>0.000000</speed><course>221.484375</course><hAcc>10.000000</hAcc><vAcc>3.000000</vAcc></extensions></trkpt>
      <trkpt lon="-123.271063" lat="44.558746"><ele>69.794716</ele><time>2020-10-30T22:54:43Z</time><extensions><speed>0.000000</speed><course>221.484375</course><hAcc>10.000000</hAcc><vAcc>3.000000</vAcc></extensions></trkpt>
      <trkpt lon="-123.271063" lat="44.558746"><ele>69.621063</ele><time>2020-10-30T22:54:45Z</time><extensions><speed>0.000000</speed><course>221.484375</course><hAcc>10.000000</hAcc><vAcc>3.000000</vAcc></extensions></trkpt>
      <trkpt lon="-123.271063" lat="44.558746"><ele>69.563751</ele><time>2020-10-30T22:54:46Z</time><extensions><speed>0.000000</speed><course>221.484375</course><hAcc>10.000000</hAcc><vAcc>3.000000</vAcc></extensions></trkpt>
      <trkpt lon="-123.271063" lat="44.558746"><ele>69.574852</ele><time>2020-10-30T22:54:47Z</time><extensions><speed>0.000000</speed><course>221.484375</course><hAcc>10.000000</hAcc><vAcc>3.000000</vAcc></extensions></trkpt>
      <trkpt lon="-123.271063" lat="44.558746"><ele>69.557915</ele><time>2020-10-30T22:54:48Z</time><extensions><speed>0.000000</speed><course>221.484375</course><hAcc>10.000000</hAcc><vAcc>3.000000</vAcc></extensions></trkpt>
      <trkpt lon="-123.271063" lat="44.558746"><ele>69.533546</ele><time>2020-10-30T22:54:49Z</time><extensions><speed>0.000000</speed><course>221.484375</course><hAcc>10.000000</hAcc><vAcc>3.000000</vAcc></extensions></trkpt>
      <trkpt lon="-123.271063" lat="44.558746"><ele>69.438980</ele><time>2020-10-30T22:54:50Z</time><extensions><speed>0.000000</speed><course>221.484375</course><hAcc>10.000000</hAcc><vAcc>3.000000</vAcc></extensions></trkpt>
      <trkpt lon="-123.271063" lat="44.558746"><ele>69.505638</ele><time>2020-10-30T22:54:51Z</time><extensions><speed>0.000000</speed><course>221.484375</course><hAcc>10.000000</hAcc><vAcc>3.000000</vAcc></extensions></trkpt>
      <trkpt lon="-123.271063" lat="44.558746"><ele>69.482170</ele><time>2020-10-30T22:54:52Z</time><extensions><speed>0.000000</speed><course>221.484375</course><hAcc>10.000000</hAcc><vAcc>3.000000</vAcc></extensions></trkpt>
      <trkpt lon="-123.271063" lat="44.558746"><ele>69.401863</ele><time>2020-10-30T22:54:53Z</time><extensions><speed>0.000000</speed><course>221.484375</course><hAcc>10.000000</hAcc><vAcc>3.000000</vAcc></extensions></trkpt>
      <trkpt lon="-123.271063" lat="44.558746"><ele>69.490372</ele><time>2020-10-30T22:54:54Z</time><extensions><speed>0.000000</speed><course>221.484375</course><hAcc>10.000000</hAcc><vAcc>3.000000</vAcc></extensions></trkpt>
      <trkpt lon="-123.271063" lat="44.558746"><ele>69.518951</ele><time>2020-10-30T22:54:55Z</time><extensions><speed>0.000000</speed><course>221.484375</course><hAcc>10.000000</hAcc><vAcc>3.000000</vAcc></extensions></trkpt>
      <trkpt lon="-123.271063" lat="44.558746"><ele>69.528572</ele><time>2020-10-30T22:54:56Z</time><extensions><speed>0.000000</speed><course>-1.000000</course><hAcc>10.000000</hAcc><vAcc>3.000000</vAcc></extensions></trkpt>
      <trkpt lon="-123.271063" lat="44.558746"><ele>69.470901</ele><time>2020-10-30T22:54:57Z</time><extensions><speed>0.000000</speed><course>-1.000000</course><hAcc>10.000000</hAcc><vAcc>3.000000</vAcc></extensions></trkpt>
      <trkpt lon="-123.271063" lat="44.558746"><ele>69.484398</ele><time>2020-10-30T22:54:58Z</time><extensions><speed>0.000000</speed><course>-1.000000</course><hAcc>10.000000</hAcc><vAcc>3.000000</vAcc></extensions></trkpt>
      <trkpt lon="-123.271063" lat="44.558746"><ele>69.476425</ele><time>2020-10-30T22:54:59Z</time><extensions><speed>0.000000</speed><course>-1.000000</course><hAcc>10.000000</hAcc><vAcc>3.000000</vAcc></extensions></trkpt>
      <trkpt lon="-123.271063" lat="44.558746"><ele>69.483734</ele><time>2020-10-30T22:55:00Z</time><extensions><speed>0.000000</speed><course>-1.000000</course><hAcc>10.000000</hAcc><vAcc>3.000000</vAcc></extensions></trkpt>
      <trkpt lon="-123.271063" lat="44.558746"><ele>69.427986</ele><time>2020-10-30T22:55:01Z</time><extensions><speed>0.000000</speed><course>-1.000000</course><hAcc>10.000000</hAcc><vAcc>3.000000</vAcc></extensions></trkpt>
      <trkpt lon="-123.271063" lat="44.558746"><ele>69.394745</ele><time>2020-10-30T22:55:02Z</time><extensions><speed>0.000000</speed><course>-1.000000</course><hAcc>10.000000</hAcc><vAcc>3.000000</vAcc></extensions></trkpt>
      <trkpt lon="-123.271063" lat="44.558746"><ele>69.393936</ele><time>2020-10-30T22:55:03Z</time><extensions><speed>0.000000</speed><course>-1.000000</course><hAcc>10.000000</hAcc><vAcc>3.000000</vAcc></extensions></trkpt>
      <trkpt lon="-123.271063" lat="44.558746"><ele>69.309387</ele><time>2020-10-30T22:55:04Z</time><extensions><speed>0.000000</speed><course>-1.000000</course><hAcc>10.000000</hAcc><vAcc>3.000000</vAcc></extensions></trkpt>
      <trkpt lon="-123.271063" lat="44.558746"><ele>69.299110</ele><time>2020-10-30T22:55:05Z</time><extensions><speed>0.000000</speed><course>-1.000000</course><hAcc>10.000000</hAcc><vAcc>3.000000</vAcc></extensions></trkpt>
      <trkpt lon="-123.271063" lat="44.558746"><ele>69.353424</ele><time>2020-10-30T22:55:06Z</time><extensions><speed>0.000000</speed><course>-1.000000</course><hAcc>10.000000</hAcc><vAcc>3.000000</vAcc></extensions></trkpt>
      <trkpt lon="-123.271063" lat="44.558746"><ele>69.347931</ele><time>2020-10-30T22:55:07Z</time><extensions><speed>0.000000</speed><course>-1.000000</course><hAcc>10.000000</hAcc><vAcc>3.000000</vAcc></extensions></trkpt>
      <trkpt lon="-123.271063" lat="44.558746"><ele>69.388321</ele><time>2020-10-30T22:55:08Z</time><extensions><speed>0.000000</speed><course>-1.000000</course><hAcc>10.000000</hAcc><vAcc>3.000000</vAcc></extensions></trkpt>
      <trkpt lon="-123.271063" lat="44.558746"><ele>69.319580</ele><time>2020-10-30T22:55:09Z</time><extensions><speed>0.000000</speed><course>-1.000000</course><hAcc>10.000000</hAcc><vAcc>3.000000</vAcc></extensions></trkpt>
      <trkpt lon="-123.271063" lat="44.558746"><ele>69.321396</ele><time>2020-10-30T22:55:10Z</time><extensions><speed>0.000000</speed><course>-1.000000</course><hAcc>10.000000</hAcc><vAcc>3.000000</vAcc></extensions></trkpt>
      <trkpt lon="-123.271063" lat="44.558746"><ele>69.319931</ele><time>2020-10-30T22:55:11Z</time><extensions><speed>0.000000</speed><course>-1.000000</course><hAcc>10.000000</hAcc><vAcc>3.000000</vAcc></extensions></trkpt>
      <trkpt lon="-123.271063" lat="44.558746"><ele>69.318954</ele><time>2020-10-30T22:55:12Z</time><extensions><speed>0.000000</speed><course>-1.000000</course><hAcc>10.000000</hAcc><vAcc>3.000000</vAcc></extensions></trkpt>
      <trkpt lon="-123.271063" lat="44.558746"><ele>69.317970</ele><time>2020-10-30T22:55:13Z</time><extensions><speed>0.000000</speed><course>-1.000000</course><hAcc>10.000000</hAcc><vAcc>3.000000</vAcc></extensions></trkpt>
      <trkpt lon="-123.271063" lat="44.558746"><ele>69.322701</ele><time>2020-10-30T22:55:14Z</time><extensions><speed>0.000000</speed><course>-1.000000</course><hAcc>10.000000</hAcc><vAcc>3.000000</vAcc></extensions></trkpt>
      <trkpt lon="-123.271063" lat="44.558746"><ele>69.346535</ele><time>2020-10-30T22:55:15Z</time><extensions><speed>0.000000</speed><course>-1.000000</course><hAcc>10.000000</hAcc><vAcc>3.000000</vAcc></extensions></trkpt>
      <trkpt lon="-123.271063" lat="44.558746"><ele>69.386604</ele><time>2020-10-30T22:55:16Z</time><extensions><speed>0.000000</speed><course>-1.000000</course><hAcc>10.000000</hAcc><vAcc>3.000000</vAcc></extensions></trkpt>
      <trkpt lon="-123.271063" lat="44.558746"><ele>69.352127</ele><time>2020-10-30T22:55:17Z</time><extensions><speed>0.000000</speed><course>-1.000000</course><hAcc>10.000000</hAcc><vAcc>3.000000</vAcc></extensions></trkpt>
      <trkpt lon="-123.271063" lat="44.558746"><ele>69.387802</ele><time>2020-10-30T22:55:18Z</time><extensions><speed>0.000000</speed><course>-1.000000</course><hAcc>10.000000</hAcc><vAcc>3.000000</vAcc></extensions></trkpt>
      <trkpt lon="-123.271063" lat="44.558746"><ele>69.469093</ele><time>2020-10-30T22:55:19Z</time><extensions><speed>0.000000</speed><course>-1.000000</course><hAcc>10.000000</hAcc><vAcc>3.000000</vAcc></extensions></trkpt>
      <trkpt lon="-123.271063" lat="44.558746"><ele>69.510773</ele><time>2020-10-30T22:55:20Z</time><extensions><speed>0.000000</speed><course>-1.000000</course><hAcc>10.000000</hAcc><vAcc>3.000000</vAcc></extensions></trkpt>
      <trkpt lon="-123.271063" lat="44.558746"><ele>69.491127</ele><time>2020-10-30T22:55:20Z</time><extensions><speed>0.000000</speed><course>-1.000000</course><hAcc>10.000000</hAcc><vAcc>3.000000</vAcc></extensions></trkpt>
      <trkpt lon="-123.271063" lat="44.558746"><ele>69.432442</ele><time>2020-10-30T22:55:22Z</time><extensions><speed>0.000000</speed><course>-1.000000</course><hAcc>10.000000</hAcc><vAcc>3.000000</vAcc></extensions></trkpt>
      <trkpt lon="-123.271063" lat="44.558746"><ele>69.464882</ele><time>2020-10-30T22:55:23Z</time><extensions><speed>0.000000</speed><course>-1.000000</course><hAcc>10.000000</hAcc><vAcc>3.000000</vAcc></extensions></trkpt>
      <trkpt lon="-123.271063" lat="44.558746"><ele>69.456863</ele><time>2020-10-30T22:55:24Z</time><extensions><speed>0.000000</speed><course>-1.000000</course><hAcc>10.000000</hAcc><vAcc>3.000000</vAcc></extensions></trkpt>
      <trkpt lon="-123.271063" lat="44.558746"><ele>69.432800</ele><time>2020-10-30T22:55:25Z</time><extensions><speed>0.000000</speed><course>-1.000000</course><hAcc>10.000000</hAcc><vAcc>3.000000</vAcc></extensions></trkpt>
      <trkpt lon="-123.271063" lat="44.558746"><ele>69.407143</ele><time>2020-10-30T22:55:26Z</time><extensions><speed>0.000000</speed><course>-1.000000</course><hAcc>10.000000</hAcc><vAcc>3.000000</vAcc></extensions></trkpt>
      <trkpt lon="-123.271063" lat="44.558746"><ele>69.468567</ele><time>2020-10-30T22:55:27Z</time><extensions><speed>0.000000</speed><course>-1.000000</course><hAcc>10.000000</hAcc><vAcc>3.000000</vAcc></extensions></trkpt>
      <trkpt lon="-123.271063" lat="44.558746"><ele>69.435555</ele><time>2020-10-30T22:55:28Z</time><extensions><speed>0.000000</speed><course>-1.000000</course><hAcc>10.000000</hAcc><vAcc>3.000000</vAcc></extensions></trkpt>
      <trkpt lon="-123.271063" lat="44.558746"><ele>69.343407</ele><time>2020-10-30T22:55:29Z</time><extensions><speed>0.000000</speed><course>-1.000000</course><hAcc>10.000000</hAcc><vAcc>3.000000</vAcc></extensions></trkpt>
      <trkpt lon="-123.271063" lat="44.558746"><ele>69.338341</ele><time>2020-10-30T22:55:30Z</time><extensions><speed>0.000000</speed><course>-1.000000</course><hAcc>10.000000</hAcc><vAcc>3.000000</vAcc></extensions></trkpt>
      <trkpt lon="-123.271063" lat="44.558746"><ele>69.393753</ele><time>2020-10-30T22:55:31Z</time><extensions><speed>0.000000</speed><course>-1.000000</course><hAcc>10.000000</hAcc><vAcc>3.000000</vAcc></extensions></trkpt>
      <trkpt lon="-123.271063" lat="44.558746"><ele>69.327560</ele><time>2020-10-30T22:55:32Z</time><extensions><speed>0.000000</speed><course>-1.000000</course><hAcc>10.000000</hAcc><vAcc>3.000000</vAcc></extensions></trkpt>
      <trkpt lon="-123.271063" lat="44.558746"><ele>69.387863</ele><time>2020-10-30T22:55:33Z</time><extensions><speed>0.000000</speed><course>-1.000000</course><hAcc>10.000000</hAcc><vAcc>3.000000</vAcc></extensions></trkpt>
      <trkpt lon="-123.271063" lat="44.558746"><ele>69.380913</ele><time>2020-10-30T22:55:34Z</time><extensions><speed>0.000000</speed><course>-1.000000</course><hAcc>10.000000</hAcc><vAcc>3.000000</vAcc></extensions></trkpt>
      <trkpt lon="-123.271063" lat="44.558746"><ele>69.403374</ele><time>2020-10-30T22:55:35Z</time><extensions><speed>0.000000</speed><course>-1.000000</course><hAcc>10.000000</hAcc><vAcc>3.000000</vAcc></extensions></trkpt>
      <trkpt lon="-123.271063" lat="44.558746"><ele>69.407661</ele><time>2020-10-30T22:55:36Z</time><extensions><speed>0.000000</speed><course>-1.000000</course><hAcc>10.000000</hAcc><vAcc>3.000000</vAcc></extensions></trkpt>
      <trkpt lon="-123.271063" lat="44.558746"><ele>69.395699</ele><time>2020-10-30T22:55:37Z</time><extensions><speed>0.000000</speed><course>-1.000000</course><hAcc>10.000000</hAcc><vAcc>3.000000</vAcc></extensions></trkpt>
      <trkpt lon="-123.271063" lat="44.558746"><ele>69.339493</ele><time>2020-10-30T22:55:38Z</time><extensions><speed>0.000000</speed><course>-1.000000</course><hAcc>10.000000</hAcc><vAcc>3.000000</vAcc></extensions></trkpt>
      <trkpt lon="-123.271063" lat="44.558746"><ele>69.384293</ele><time>2020-10-30T22:55:39Z</time><extensions><speed>0.000000</speed><course>-1.000000</course><hAcc>10.000000</hAcc><vAcc>3.000000</vAcc></extensions></trkpt>
      <trkpt lon="-123.271063" lat="44.558746"><ele>69.331070</ele><time>2020-10-30T22:55:40Z</time><extensions><speed>0.000000</speed><course>-1.000000</course><hAcc>10.000000</hAcc><vAcc>3.000000</vAcc></extensions></trkpt>
      <trkpt lon="-123.271063" lat="44.558746"><ele>69.330070</ele><time>2020-10-30T22:55:41Z</time><extensions><speed>0.000000</speed><course>-1.000000</course><hAcc>10.000000</hAcc><vAcc>3.000000</vAcc></extensions></trkpt>
      <trkpt lon="-123.271063" lat="44.558746"><ele>69.333511</ele><time>2020-10-30T22:55:42Z</time><extensions><speed>0.000000</speed><course>-1.000000</course><hAcc>10.000000</hAcc><vAcc>3.000000</vAcc></extensions></trkpt>
      <trkpt lon="-123.271063" lat="44.558746"><ele>69.351784</ele><time>2020-10-30T22:55:43Z</time><extensions><speed>0.000000</speed><course>-1.000000</course><hAcc>10.000000</hAcc><vAcc>3.000000</vAcc></extensions></trkpt>
      <trkpt lon="-123.271063" lat="44.558746"><ele>69.374268</ele><time>2020-10-30T22:55:44Z</time><extensions><speed>0.000000</speed><course>-1.000000</course><hAcc>10.000000</hAcc><vAcc>3.000000</vAcc></extensions></trkpt>
      <trkpt lon="-123.271063" lat="44.558746"><ele>69.399971</ele><time>2020-10-30T22:55:45Z</time><extensions><speed>0.000000</speed><course>-1.000000</course><hAcc>10.000000</hAcc><vAcc>3.000000</vAcc></extensions></trkpt>
      <trkpt lon="-123.271063" lat="44.558746"><ele>69.325890</ele><time>2020-10-30T22:55:46Z</time><extensions><speed>0.000000</speed><course>-1.000000</course><hAcc>10.000000</hAcc><vAcc>3.000000</vAcc></extensions></trkpt>
      <trkpt lon="-123.271063" lat="44.558746"><ele>69.322792</ele><time>2020-10-30T22:55:47Z</time><extensions><speed>0.000000</speed><course>-1.000000</course><hAcc>10.000000</hAcc><vAcc>3.000000</vAcc></extensions></trkpt>
      <trkpt lon="-123.271063" lat="44.558746"><ele>69.352524</ele><time>2020-10-30T22:55:48Z</time><extensions><speed>0.000000</speed><course>-1.000000</course><hAcc>10.000000</hAcc><vAcc>3.000000</vAcc></extensions></trkpt>
      <trkpt lon="-123.271063" lat="44.558746"><ele>69.325912</ele><time>2020-10-30T22:55:49Z</time><extensions><speed>0.000000</speed><course>-1.000000</course><hAcc>10.000000</hAcc><vAcc>3.000000</vAcc></extensions></trkpt>
      <trkpt lon="-123.271063" lat="44.558746"><ele>69.340561</ele><time>2020-10-30T22:55:50Z</time><extensions><speed>0.000000</speed><course>-1.000000</course><hAcc>10.000000</hAcc><vAcc>3.000000</vAcc></extensions></trkpt>
      <trkpt lon="-123.271063" lat="44.558746"><ele>69.401024</ele><time>2020-10-30T22:55:51Z</time><extensions><speed>0.000000</speed><course>-1.000000</course><hAcc>10.000000</hAcc><vAcc>3.000000</vAcc></extensions></trkpt>
      <trkpt lon="-123.271063" lat="44.558746"><ele>69.340370</ele><time>2020-10-30T22:55:52Z</time><extensions><speed>0.000000</speed><course>-1.000000</course><hAcc>10.000000</hAcc><vAcc>3.000000</vAcc></extensions></trkpt>
      <trkpt lon="-123.271063" lat="44.558746"><ele>69.399544</ele><time>2020-10-30T22:55:53Z</time><extensions><speed>0.000000</speed><course>-1.000000</course><hAcc>10.000000</hAcc><vAcc>3.000000</vAcc></extensions></trkpt>
      <trkpt lon="-123.271063" lat="44.558746"><ele>69.368538</ele><time>2020-10-30T22:55:54Z</time><extensions><speed>0.000000</speed><course>-1.000000</course><hAcc>10.000000</hAcc><vAcc>3.000000</vAcc></extensions></trkpt>
      <trkpt lon="-123.271063" lat="44.558746"><ele>69.355713</ele><time>2020-10-30T22:55:55Z</time><extensions><speed>0.000000</speed><course>-1.000000</course><hAcc>10.000000</hAcc><vAcc>3.000000</vAcc></extensions></trkpt>
      <trkpt lon="-123.271063" lat="44.558746"><ele>69.338737</ele><time>2020-10-30T22:55:56Z</time><extensions><speed>0.000000</speed><course>-1.000000</course><hAcc>10.000000</hAcc><vAcc>3.000000</vAcc></extensions></trkpt>
      <trkpt lon="-123.271063" lat="44.558746"><ele>69.359604</ele><time>2020-10-30T22:55:57Z</time><extensions><speed>0.000000</speed><course>-1.000000</course><hAcc>10.000000</hAcc><vAcc>3.000000</vAcc></extensions></trkpt>
      <trkpt lon="-123.271063" lat="44.558746"><ele>69.338249</ele><time>2020-10-30T22:55:58Z</time><extensions><speed>0.000000</speed><course>-1.000000</course><hAcc>10.000000</hAcc><vAcc>3.000000</vAcc></extensions></trkpt>
      <trkpt lon="-123.271063" lat="44.558746"><ele>69.329178</ele><time>2020-10-30T22:55:59Z</time><extensions><speed>0.000000</speed><course>-1.000000</course><hAcc>10.000000</hAcc><vAcc>3.000000</vAcc></extensions></trkpt>
      <trkpt lon="-123.271063" lat="44.558746"><ele>69.357536</ele><time>2020-10-30T22:56:00Z</time><extensions><speed>0.000000</speed><course>-1.000000</course><hAcc>10.000000</hAcc><vAcc>3.000000</vAcc></extensions></trkpt>
      <trkpt lon="-123.271063" lat="44.558746"><ele>69.401604</ele><time>2020-10-30T22:56:01Z</time><extensions><speed>0.000000</speed><course>-1.000000</course><hAcc>10.000000</hAcc><vAcc>3.000000</vAcc></extensions></trkpt>
      <trkpt lon="-123.271063" lat="44.558746"><ele>69.321335</ele><time>2020-10-30T22:56:02Z</time><extensions><speed>0.000000</speed><course>-1.000000</course><hAcc>10.000000</hAcc><vAcc>3.000000</vAcc></extensions></trkpt>
      <trkpt lon="-123.271063" lat="44.558746"><ele>69.352211</ele><time>2020-10-30T22:56:03Z</time><extensions><speed>0.000000</speed><course>-1.000000</course><hAcc>10.000000</hAcc><vAcc>3.000000</vAcc></extensions></trkpt>
      <trkpt lon="-123.271063" lat="44.558746"><ele>69.317223</ele><time>2020-10-30T22:56:04Z</time><extensions><speed>0.000000</speed><course>-1.000000</course><hAcc>10.000000</hAcc><vAcc>3.000000</vAcc></extensions></trkpt>
      <trkpt lon="-123.271063" lat="44.558746"><ele>69.406059</ele><time>2020-10-30T22:56:05Z</time><extensions><speed>0.000000</speed><course>-1.000000</course><hAcc>10.000000</hAcc><vAcc>3.000000</vAcc></extensions></trkpt>
      <trkpt lon="-123.271063" lat="44.558746"><ele>69.382614</ele><time>2020-10-30T22:56:06Z</time><extensions><speed>0.000000</speed><course>-1.000000</course><hAcc>10.000000</hAcc><vAcc>3.000000</vAcc></extensions></trkpt>
      <trkpt lon="-123.271063" lat="44.558746"><ele>69.406227</ele><time>2020-10-30T22:56:07Z</time><extensions><speed>0.000000</speed><course>-1.000000</course><hAcc>10.000000</hAcc><vAcc>3.000000</vAcc></extensions></trkpt>
      <trkpt lon="-123.271063" lat="44.558746"><ele>69.409111</ele><time>2020-10-30T22:56:08Z</time><extensions><speed>0.000000</speed><course>-1.000000</course><hAcc>10.000000</hAcc><vAcc>3.000000</vAcc></extensions></trkpt>
      <trkpt lon="-123.271063" lat="44.558746"><ele>69.435127</ele><time>2020-10-30T22:56:09Z</time><extensions><speed>0.000000</speed><course>-1.000000</course><hAcc>10.000000</hAcc><vAcc>3.000000</vAcc></extensions></trkpt>
      <trkpt lon="-123.271063" lat="44.558746"><ele>69.404533</ele><time>2020-10-30T22:56:10Z</time><extensions><speed>0.000000</speed><course>-1.000000</course><hAcc>10.000000</hAcc><vAcc>3.000000</vAcc></extensions></trkpt>
      <trkpt lon="-123.271063" lat="44.558746"><ele>69.410339</ele><time>2020-10-30T22:56:11Z</time><extensions><speed>0.000000</speed><course>-1.000000</course><hAcc>10.000000</hAcc><vAcc>3.000000</vAcc></extensions></trkpt>
      <trkpt lon="-123.271063" lat="44.558746"><ele>69.366913</ele><time>2020-10-30T22:56:12Z</time><extensions><speed>0.000000</speed><course>-1.000000</course><hAcc>10.000000</hAcc><vAcc>3.000000</vAcc></extensions></trkpt>
      <trkpt lon="-123.271063" lat="44.558746"><ele>69.461693</ele><time>2020-10-30T22:56:13Z</time><extensions><speed>0.000000</speed><course>-1.000000</course><hAcc>10.000000</hAcc><vAcc>3.000000</vAcc></extensions></trkpt>
      <trkpt lon="-123.271063" lat="44.558746"><ele>69.551216</ele><time>2020-10-30T22:56:14Z</time><extensions><speed>0.000000</speed><course>-1.000000</course><hAcc>10.000000</hAcc><vAcc>3.000000</vAcc></extensions></trkpt>
      <trkpt lon="-123.271063" lat="44.558746"><ele>69.499588</ele><time>2020-10-30T22:56:15Z</time><extensions><speed>0.000000</speed><course>-1.000000</course><hAcc>10.000000</hAcc><vAcc>3.000000</vAcc></extensions></trkpt>
      <trkpt lon="-123.271063" lat="44.558746"><ele>69.506348</ele><time>2020-10-30T22:56:16Z</time><extensions><speed>0.000000</speed><course>-1.000000</course><hAcc>10.000000</hAcc><vAcc>3.000000</vAcc></extensions></trkpt>
      <trkpt lon="-123.271063" lat="44.558746"><ele>69.493797</ele><time>2020-10-30T22:56:17Z</time><extensions><speed>0.000000</speed><course>-1.000000</course><hAcc>10.000000</hAcc><vAcc>3.000000</vAcc></extensions></trkpt>
      <trkpt lon="-123.271063" lat="44.558746"><ele>69.490044</ele><time>2020-10-30T22:56:18Z</time><extensions><speed>0.000000</speed><course>-1.000000</course><hAcc>10.000000</hAcc><vAcc>3.000000</vAcc></extensions></trkpt>
      <trkpt lon="-123.271063" lat="44.558746"><ele>69.537552</ele><time>2020-10-30T22:56:19Z</time><extensions><speed>0.000000</speed><course>-1.000000</course><hAcc>10.000000</hAcc><vAcc>3.000000</vAcc></extensions></trkpt>
      <trkpt lon="-123.271063" lat="44.558746"><ele>69.593689</ele><time>2020-10-30T22:56:20Z</time><extensions><speed>0.000000</speed><course>-1.000000</course><hAcc>10.000000</hAcc><vAcc>3.000000</vAcc></extensions></trkpt>
      <trkpt lon="-123.271063" lat="44.558746"><ele>69.651169</ele><time>2020-10-30T22:56:21Z</time><extensions><speed>0.000000</speed><course>-1.000000</course><hAcc>10.000000</hAcc><vAcc>3.000000</vAcc></extensions></trkpt>
      <trkpt lon="-123.271063" lat="44.558746"><ele>69.607132</ele><time>2020-10-30T22:56:22Z</time><extensions><speed>0.000000</speed><course>-1.000000</course><hAcc>10.000000</hAcc><vAcc>3.000000</vAcc></extensions></trkpt>
      <trkpt lon="-123.271063" lat="44.558746"><ele>69.496979</ele><time>2020-10-30T22:56:23Z</time><extensions><speed>0.000000</speed><course>-1.000000</course><hAcc>10.000000</hAcc><vAcc>3.000000</vAcc></extensions></trkpt>
      <trkpt lon="-123.271063" lat="44.558746"><ele>69.481361</ele><time>2020-10-30T22:56:24Z</time><extensions><speed>0.000000</speed><course>-1.000000</course><hAcc>10.000000</hAcc><vAcc>3.000000</vAcc></extensions></trkpt>
      <trkpt lon="-123.271063" lat="44.558746"><ele>69.423492</ele><time>2020-10-30T22:56:25Z</time><extensions><speed>0.000000</speed><course>-1.000000</course><hAcc>10.000000</hAcc><vAcc>3.000000</vAcc></extensions></trkpt>
      <trkpt lon="-123.271063" lat="44.558746"><ele>69.326797</ele><time>2020-10-30T22:56:26Z</time><extensions><speed>0.000000</speed><course>-1.000000</course><hAcc>10.000000</hAcc><vAcc>3.000000</vAcc></extensions></trkpt>
      <trkpt lon="-123.271063" lat="44.558746"><ele>69.353218</ele><time>2020-10-30T22:56:27Z</time><extensions><speed>0.000000</speed><course>-1.000000</course><hAcc>10.000000</hAcc><vAcc>3.000000</vAcc></extensions></trkpt>
      <trkpt lon="-123.271063" lat="44.558746"><ele>69.315674</ele><time>2020-10-30T22:56:28Z</time><extensions><speed>0.000000</speed><course>-1.000000</course><hAcc>10.000000</hAcc><vAcc>3.000000</vAcc></extensions></trkpt>
      <trkpt lon="-123.271063" lat="44.558746"><ele>69.314316</ele><time>2020-10-30T22:56:29Z</time><extensions><speed>0.000000</speed><course>-1.000000</course><hAcc>10.000000</hAcc><vAcc>3.000000</vAcc></extensions></trkpt>
      <trkpt lon="-123.271063" lat="44.558746"><ele>69.297226</ele><time>2020-10-30T22:56:30Z</time><extensions><speed>0.000000</speed><course>-1.000000</course><hAcc>10.000000</hAcc><vAcc>3.000000</vAcc></extensions></trkpt>
      <trkpt lon="-123.271063" lat="44.558746"><ele>69.303322</ele><time>2020-10-30T22:56:31Z</time><extensions><speed>0.000000</speed><course>-1.000000</course><hAcc>10.000000</hAcc><vAcc>3.000000</vAcc></extensions></trkpt>
      <trkpt lon="-123.271063" lat="44.558746"><ele>69.247437</ele><time>2020-10-30T22:56:32Z</time><extensions><speed>0.000000</speed><course>-1.000000</course><hAcc>10.000000</hAcc><vAcc>3.000000</vAcc></extensions></trkpt>
      <trkpt lon="-123.271063" lat="44.558746"><ele>69.318535</ele><time>2020-10-30T22:56:33Z</time><extensions><speed>0.000000</speed><course>-1.000000</course><hAcc>10.000000</hAcc><vAcc>3.000000</vAcc></extensions></trkpt>
      <trkpt lon="-123.271063" lat="44.558746"><ele>69.309563</ele><time>2020-10-30T22:56:34Z</time><extensions><speed>0.000000</speed><course>-1.000000</course><hAcc>10.000000</hAcc><vAcc>3.000000</vAcc></extensions></trkpt>
      <trkpt lon="-123.271063" lat="44.558746"><ele>69.304100</ele><time>2020-10-30T22:56:35Z</time><extensions><speed>0.000000</speed><course>-1.000000</course><hAcc>10.000000</hAcc><vAcc>3.000000</vAcc></extensions></trkpt>
      <trkpt lon="-123.271063" lat="44.558746"><ele>69.322853</ele><time>2020-10-30T22:56:36Z</time><extensions><speed>0.000000</speed><course>-1.000000</course><hAcc>10.000000</hAcc><vAcc>3.000000</vAcc></extensions></trkpt>
      <trkpt lon="-123.271063" lat="44.558746"><ele>69.315765</ele><time>2020-10-30T22:56:37Z</time><extensions><speed>0.000000</speed><course>-1.000000</course><hAcc>10.000000</hAcc><vAcc>3.000000</vAcc></extensions></trkpt>
      <trkpt lon="-123.271063" lat="44.558746"><ele>69.323769</ele><time>2020-10-30T22:56:38Z</time><extensions><speed>0.000000</speed><course>-1.000000</course><hAcc>10.000000</hAcc><vAcc>3.000000</vAcc></extensions></trkpt>
      <trkpt lon="-123.271063" lat="44.558746"><ele>69.331779</ele><time>2020-10-30T22:56:39Z</time><extensions><speed>0.000000</speed><course>-1.000000</course><hAcc>10.000000</hAcc><vAcc>3.000000</vAcc></extensions></trkpt>
      <trkpt lon="-123.271063" lat="44.558746"><ele>69.315765</ele><time>2020-10-30T22:56:40Z</time><extensions><speed>0.000000</speed><course>-1.000000</course><hAcc>10.000000</hAcc><vAcc>3.000000</vAcc></extensions></trkpt>
      <trkpt lon="-123.271063" lat="44.558746"><ele>69.504875</ele><time>2020-10-30T22:56:41Z</time><extensions><speed>0.000000</speed><course>-1.000000</course><hAcc>10.000000</hAcc><vAcc>3.000000</vAcc></extensions></trkpt>
      <trkpt lon="-123.271063" lat="44.558746"><ele>69.421570</ele><time>2020-10-30T22:56:42Z</time><extensions><speed>0.000000</speed><course>-1.000000</course><hAcc>10.000000</hAcc><vAcc>3.000000</vAcc></extensions></trkpt>
      <trkpt lon="-123.271063" lat="44.558746"><ele>69.405739</ele><time>2020-10-30T22:56:43Z</time><extensions><speed>0.000000</speed><course>-1.000000</course><hAcc>10.000000</hAcc><vAcc>3.000000</vAcc></extensions></trkpt>
      <trkpt lon="-123.271063" lat="44.558746"><ele>69.451500</ele><time>2020-10-30T22:56:44Z</time><extensions><speed>0.000000</speed><course>-1.000000</course><hAcc>10.000000</hAcc><vAcc>3.000000</vAcc></extensions></trkpt>
      <trkpt lon="-123.271063" lat="44.558746"><ele>69.455612</ele><time>2020-10-30T22:56:45Z</time><extensions><speed>0.000000</speed><course>-1.000000</course><hAcc>10.000000</hAcc><vAcc>3.000000</vAcc></extensions></trkpt>
      <trkpt lon="-123.271063" lat="44.558746"><ele>69.476105</ele><time>2020-10-30T22:56:46Z</time><extensions><speed>0.000000</speed><course>-1.000000</course><hAcc>10.000000</hAcc><vAcc>3.000000</vAcc></extensions></trkpt>
      <trkpt lon="-123.271063" lat="44.558746"><ele>69.450768</ele><time>2020-10-30T22:56:47Z</time><extensions><speed>0.000000</speed><course>-1.000000</course><hAcc>10.000000</hAcc><vAcc>3.000000</vAcc></extensions></trkpt>
      <trkpt lon="-123.271063" lat="44.558746"><ele>69.393639</ele><time>2020-10-30T22:56:48Z</time><extensions><speed>0.000000</speed><course>-1.000000</course><hAcc>10.000000</hAcc><vAcc>3.000000</vAcc></extensions></trkpt>
      <trkpt lon="-123.271063" lat="44.558746"><ele>69.418205</ele><time>2020-10-30T22:56:49Z</time><extensions><speed>0.000000</speed><course>-1.000000</course><hAcc>10.000000</hAcc><vAcc>3.000000</vAcc></extensions></trkpt>
      <trkpt lon="-123.271063" lat="44.558746"><ele>69.409569</ele><time>2020-10-30T22:56:50Z</time><extensions><speed>0.000000</speed><course>-1.000000</course><hAcc>10.000000</hAcc><vAcc>3.000000</vAcc></extensions></trkpt>
      <trkpt lon="-123.271063" lat="44.558746"><ele>69.265198</ele><time>2020-10-30T22:56:51Z</time><extensions><speed>0.000000</speed><course>-1.000000</course><hAcc>10.000000</hAcc><vAcc>3.000000</vAcc></extensions></trkpt>
      <trkpt lon="-123.271063" lat="44.558746"><ele>69.232094</ele><time>2020-10-30T22:56:52Z</time><extensions><speed>0.000000</speed><course>-1.000000</course><hAcc>10.000000</hAcc><vAcc>3.000000</vAcc></extensions></trkpt>
      <trkpt lon="-123.271063" lat="44.558746"><ele>69.160080</ele><time>2020-10-30T22:56:53Z</time><extensions><speed>0.000000</speed><course>-1.000000</course><hAcc>10.000000</hAcc><vAcc>3.000000</vAcc></extensions></trkpt>
      <trkpt lon="-123.271063" lat="44.558746"><ele>69.174583</ele><time>2020-10-30T22:56:54Z</time><extensions><speed>0.000000</speed><course>-1.000000</course><hAcc>10.000000</hAcc><vAcc>3.000000</vAcc></extensions></trkpt>
      <trkpt lon="-123.271063" lat="44.558746"><ele>69.156013</ele><time>2020-10-30T22:56:55Z</time><extensions><speed>0.000000</speed><course>-1.000000</course><hAcc>10.000000</hAcc><vAcc>3.000000</vAcc></extensions></trkpt>
      <trkpt lon="-123.271063" lat="44.558746"><ele>69.182587</ele><time>2020-10-30T22:56:56Z</time><extensions><speed>0.000000</speed><course>-1.000000</course><hAcc>10.000000</hAcc><vAcc>3.000000</vAcc></extensions></trkpt>
      <trkpt lon="-123.271063" lat="44.558746"><ele>69.153656</ele><time>2020-10-30T22:56:57Z</time><extensions><speed>0.000000</speed><course>-1.000000</course><hAcc>10.000000</hAcc><vAcc>3.000000</vAcc></extensions></trkpt>
      <trkpt lon="-123.271063" lat="44.558746"><ele>69.158905</ele><time>2020-10-30T22:56:58Z</time><extensions><speed>0.000000</speed><course>-1.000000</course><hAcc>10.000000</hAcc><vAcc>3.000000</vAcc></extensions></trkpt>
      <trkpt lon="-123.271063" lat="44.558746"><ele>69.148865</ele><time>2020-10-30T22:56:59Z</time><extensions><speed>0.000000</speed><course>-1.000000</course><hAcc>10.000000</hAcc><vAcc>3.000000</vAcc></extensions></trkpt>
      <trkpt lon="-123.271063" lat="44.558746"><ele>69.157486</ele><time>2020-10-30T22:57:00Z</time><extensions><speed>0.000000</speed><course>-1.000000</course><hAcc>10.000000</hAcc><vAcc>3.000000</vAcc></extensions></trkpt>
      <trkpt lon="-123.271063" lat="44.558746"><ele>69.212029</ele><time>2020-10-30T22:57:01Z</time><extensions><speed>0.000000</speed><course>-1.000000</course><hAcc>10.000000</hAcc><vAcc>3.000000</vAcc></extensions></trkpt>
      <trkpt lon="-123.271063" lat="44.558746"><ele>69.221077</ele><time>2020-10-30T22:57:02Z</time><extensions><speed>0.000000</speed><course>-1.000000</course><hAcc>10.000000</hAcc><vAcc>3.000000</vAcc></extensions></trkpt>
      <trkpt lon="-123.271063" lat="44.558746"><ele>69.232079</ele><time>2020-10-30T22:57:03Z</time><extensions><speed>0.000000</speed><course>-1.000000</course><hAcc>10.000000</hAcc><vAcc>3.000000</vAcc></extensions></trkpt>
      <trkpt lon="-123.271063" lat="44.558746"><ele>69.258980</ele><time>2020-10-30T22:57:04Z</time><extensions><speed>0.000000</speed><course>-1.000000</course><hAcc>10.000000</hAcc><vAcc>3.000000</vAcc></extensions></trkpt>
      <trkpt lon="-123.271063" lat="44.558746"><ele>69.316269</ele><time>2020-10-30T22:57:05Z</time><extensions><speed>0.000000</speed><course>-1.000000</course><hAcc>10.000000</hAcc><vAcc>3.000000</vAcc></extensions></trkpt>
      <trkpt lon="-123.271063" lat="44.558746"><ele>69.316124</ele><time>2020-10-30T22:57:06Z</time><extensions><speed>0.000000</speed><course>-1.000000</course><hAcc>10.000000</hAcc><vAcc>3.000000</vAcc></extensions></trkpt>
      <trkpt lon="-123.271063" lat="44.558746"><ele>69.304184</ele><time>2020-10-30T22:57:07Z</time><extensions><speed>0.000000</speed><course>-1.000000</course><hAcc>10.000000</hAcc><vAcc>3.000000</vAcc></extensions></trkpt>
      <trkpt lon="-123.271063" lat="44.558746"><ele>69.320930</ele><time>2020-10-30T22:57:08Z</time><extensions><speed>0.000000</speed><course>-1.000000</course><hAcc>10.000000</hAcc><vAcc>3.000000</vAcc></extensions></trkpt>
      <trkpt lon="-123.271063" lat="44.558746"><ele>69.257355</ele><time>2020-10-30T22:57:09Z</time><extensions><speed>0.000000</speed><course>-1.000000</course><hAcc>10.000000</hAcc><vAcc>3.000000</vAcc></extensions></trkpt>
      <trkpt lon="-123.271063" lat="44.558746"><ele>69.314133</ele><time>2020-10-30T22:57:10Z</time><extensions><speed>0.000000</speed><course>-1.000000</course><hAcc>10.000000</hAcc><vAcc>3.000000</vAcc></extensions></trkpt>
      <trkpt lon="-123.271063" lat="44.558746"><ele>69.325119</ele><time>2020-10-30T22:57:11Z</time><extensions><speed>0.000000</speed><course>-1.000000</course><hAcc>10.000000</hAcc><vAcc>3.000000</vAcc></extensions></trkpt>
      <trkpt lon="-123.271063" lat="44.558746"><ele>69.283676</ele><time>2020-10-30T22:57:12Z</time><extensions><speed>0.000000</speed><course>-1.000000</course><hAcc>10.000000</hAcc><vAcc>3.000000</vAcc></extensions></trkpt>
      <trkpt lon="-123.271063" lat="44.558746"><ele>69.320930</ele><time>2020-10-30T22:57:13Z</time><extensions><speed>0.000000</speed><course>-1.000000</course><hAcc>10.000000</hAcc><vAcc>3.000000</vAcc></extensions></trkpt>
      <trkpt lon="-123.271063" lat="44.558746"><ele>69.315025</ele><time>2020-10-30T22:57:14Z</time><extensions><speed>0.000000</speed><course>-1.000000</course><hAcc>10.000000</hAcc><vAcc>3.000000</vAcc></extensions></trkpt>
      <trkpt lon="-123.271063" lat="44.558746"><ele>69.306313</ele><time>2020-10-30T22:57:15Z</time><extensions><speed>0.000000</speed><course>-1.000000</course><hAcc>10.000000</hAcc><vAcc>3.000000</vAcc></extensions></trkpt>
      <trkpt lon="-123.271063" lat="44.558746"><ele>69.241730</ele><time>2020-10-30T22:57:16Z</time><extensions><speed>0.000000</speed><course>-1.000000</course><hAcc>10.000000</hAcc><vAcc>3.000000</vAcc></extensions></trkpt>
      <trkpt lon="-123.271063" lat="44.558746"><ele>69.245277</ele><time>2020-10-30T22:57:17Z</time><extensions><speed>0.000000</speed><course>-1.000000</course><hAcc>10.000000</hAcc><vAcc>3.000000</vAcc></extensions></trkpt>
      <trkpt lon="-123.271063" lat="44.558746"><ele>69.282066</ele><time>2020-10-30T22:57:18Z</time><extensions><speed>0.000000</speed><course>-1.000000</course><hAcc>10.000000</hAcc><vAcc>3.000000</vAcc></extensions></trkpt>
      <trkpt lon="-123.271063" lat="44.558746"><ele>69.212357</ele><time>2020-10-30T22:57:19Z</time><extensions><speed>0.000000</speed><course>-1.000000</course><hAcc>10.000000</hAcc><vAcc>3.000000</vAcc></extensions></trkpt>
      <trkpt lon="-123.271063" lat="44.558746"><ele>69.204048</ele><time>2020-10-30T22:57:20Z</time><extensions><speed>0.000000</speed><course>-1.000000</course><hAcc>10.000000</hAcc><vAcc>3.000000</vAcc></extensions></trkpt>
      <trkpt lon="-123.271063" lat="44.558746"><ele>69.161934</ele><time>2020-10-30T22:57:21Z</time><extensions><speed>0.000000</speed><course>-1.000000</course><hAcc>10.000000</hAcc><vAcc>3.000000</vAcc></extensions></trkpt>
      <trkpt lon="-123.271063" lat="44.558746"><ele>69.145393</ele><time>2020-10-30T22:57:22Z</time><extensions><speed>0.000000</speed><course>-1.000000</course><hAcc>10.000000</hAcc><vAcc>3.000000</vAcc></extensions></trkpt>
      <trkpt lon="-123.271063" lat="44.558746"><ele>69.146286</ele><time>2020-10-30T22:57:23Z</time><extensions><speed>0.000000</speed><course>-1.000000</course><hAcc>10.000000</hAcc><vAcc>3.000000</vAcc></extensions></trkpt>
      <trkpt lon="-123.271063" lat="44.558746"><ele>69.068840</ele><time>2020-10-30T22:57:24Z</time><extensions><speed>0.000000</speed><course>-1.000000</course><hAcc>10.000000</hAcc><vAcc>3.000000</vAcc></extensions></trkpt>
      <trkpt lon="-123.271063" lat="44.558746"><ele>69.065201</ele><time>2020-10-30T22:57:25Z</time><extensions><speed>0.000000</speed><course>-1.000000</course><hAcc>10.000000</hAcc><vAcc>3.000000</vAcc></extensions></trkpt>
      <trkpt lon="-123.271063" lat="44.558746"><ele>69.152130</ele><time>2020-10-30T22:57:26Z</time><extensions><speed>0.000000</speed><course>-1.000000</course><hAcc>10.000000</hAcc><vAcc>3.000000</vAcc></extensions></trkpt>
      <trkpt lon="-123.271063" lat="44.558746"><ele>69.085388</ele><time>2020-10-30T22:57:27Z</time><extensions><speed>0.000000</speed><course>-1.000000</course><hAcc>10.000000</hAcc><vAcc>3.000000</vAcc></extensions></trkpt>
      <trkpt lon="-123.271063" lat="44.558746"><ele>69.094063</ele><time>2020-10-30T22:57:28Z</time><extensions><speed>0.000000</speed><course>-1.000000</course><hAcc>10.000000</hAcc><vAcc>3.000000</vAcc></extensions></trkpt>
      <trkpt lon="-123.271063" lat="44.558746"><ele>69.062965</ele><time>2020-10-30T22:57:29Z</time><extensions><speed>0.000000</speed><course>-1.000000</course><hAcc>10.000000</hAcc><vAcc>3.000000</vAcc></extensions></trkpt>
      <trkpt lon="-123.271063" lat="44.558746"><ele>69.072334</ele><time>2020-10-30T22:57:30Z</time><extensions><speed>0.000000</speed><course>-1.000000</course><hAcc>10.000000</hAcc><vAcc>3.000000</vAcc></extensions></trkpt>
      <trkpt lon="-123.271063" lat="44.558746"><ele>69.106155</ele><time>2020-10-30T22:57:31Z</time><extensions><speed>0.000000</speed><course>-1.000000</course><hAcc>10.000000</hAcc><vAcc>3.000000</vAcc></extensions></trkpt>
      <trkpt lon="-123.271063" lat="44.558746"><ele>69.146805</ele><time>2020-10-30T22:57:32Z</time><extensions><speed>0.000000</speed><course>-1.000000</course><hAcc>10.000000</hAcc><vAcc>3.000000</vAcc></extensions></trkpt>
      <trkpt lon="-123.271063" lat="44.558746"><ele>69.155769</ele><time>2020-10-30T22:57:33Z</time><extensions><speed>0.000000</speed><course>-1.000000</course><hAcc>10.000000</hAcc><vAcc>3.000000</vAcc></extensions></trkpt>
      <trkpt lon="-123.271063" lat="44.558746"><ele>69.076721</ele><time>2020-10-30T22:57:34Z</time><extensions><speed>0.000000</speed><course>-1.000000</course><hAcc>10.000000</hAcc><vAcc>3.000000</vAcc></extensions></trkpt>
      <trkpt lon="-123.271063" lat="44.558746"><ele>69.139328</ele><time>2020-10-30T22:57:35Z</time><extensions><speed>0.000000</speed><course>-1.000000</course><hAcc>10.000000</hAcc><vAcc>3.000000</vAcc></extensions></trkpt>
      <trkpt lon="-123.271063" lat="44.558746"><ele>69.132416</ele><time>2020-10-30T22:57:36Z</time><extensions><speed>0.000000</speed><course>-1.000000</course><hAcc>10.000000</hAcc><vAcc>3.000000</vAcc></extensions></trkpt>
      <trkpt lon="-123.271063" lat="44.558746"><ele>69.149643</ele><time>2020-10-30T22:57:37Z</time><extensions><speed>0.000000</speed><course>-1.000000</course><hAcc>10.000000</hAcc><vAcc>3.000000</vAcc></extensions></trkpt>
      <trkpt lon="-123.271063" lat="44.558746"><ele>69.154236</ele><time>2020-10-30T22:57:38Z</time><extensions><speed>0.000000</speed><course>-1.000000</course><hAcc>10.000000</hAcc><vAcc>3.000000</vAcc></extensions></trkpt>
      <trkpt lon="-123.271063" lat="44.558746"><ele>69.072647</ele><time>2020-10-30T22:57:39Z</time><extensions><speed>0.000000</speed><course>-1.000000</course><hAcc>10.000000</hAcc><vAcc>3.000000</vAcc></extensions></trkpt>
      <trkpt lon="-123.271063" lat="44.558746"><ele>69.172272</ele><time>2020-10-30T22:57:40Z</time><extensions><speed>0.000000</speed><course>-1.000000</course><hAcc>10.000000</hAcc><vAcc>3.000000</vAcc></extensions></trkpt>
      <trkpt lon="-123.271063" lat="44.558746"><ele>69.231728</ele><time>2020-10-30T22:57:41Z</time><extensions><speed>0.000000</speed><course>-1.000000</course><hAcc>10.000000</hAcc><vAcc>3.000000</vAcc></extensions></trkpt>
      <trkpt lon="-123.271063" lat="44.558746"><ele>69.233070</ele><time>2020-10-30T22:57:42Z</time><extensions><speed>0.000000</speed><course>-1.000000</course><hAcc>10.000000</hAcc><vAcc>3.000000</vAcc></extensions></trkpt>
      <trkpt lon="-123.271063" lat="44.558746"><ele>69.172577</ele><time>2020-10-30T22:57:43Z</time><extensions><speed>0.000000</speed><course>-1.000000</course><hAcc>10.000000</hAcc><vAcc>3.000000</vAcc></extensions></trkpt>
      <trkpt lon="-123.271063" lat="44.558746"><ele>69.165283</ele><time>2020-10-30T22:57:44Z</time><extensions><speed>0.000000</speed><course>-1.000000</course><hAcc>10.000000</hAcc><vAcc>3.000000</vAcc></extensions></trkpt>
      <trkpt lon="-123.271063" lat="44.558746"><ele>69.194046</ele><time>2020-10-30T22:57:45Z</time><extensions><speed>0.000000</speed><course>-1.000000</course><hAcc>10.000000</hAcc><vAcc>3.000000</vAcc></extensions></trkpt>
      <trkpt lon="-123.271063" lat="44.558746"><ele>69.167709</ele><time>2020-10-30T22:57:46Z</time><extensions><speed>0.000000</speed><course>-1.000000</course><hAcc>10.000000</hAcc><vAcc>3.000000</vAcc></extensions></trkpt>
      <trkpt lon="-123.271063" lat="44.558746"><ele>69.234024</ele><time>2020-10-30T22:57:47Z</time><extensions><speed>0.000000</speed><course>-1.000000</course><hAcc>10.000000</hAcc><vAcc>3.000000</vAcc></extensions></trkpt>
      <trkpt lon="-123.271063" lat="44.558746"><ele>69.207611</ele><time>2020-10-30T22:57:48Z</time><extensions><speed>0.000000</speed><course>-1.000000</course><hAcc>10.000000</hAcc><vAcc>3.000000</vAcc></extensions></trkpt>
      <trkpt lon="-123.271063" lat="44.558746"><ele>69.147720</ele><time>2020-10-30T22:57:49Z</time><extensions><speed>0.000000</speed><course>-1.000000</course><hAcc>10.000000</hAcc><vAcc>3.000000</vAcc></extensions></trkpt>
      <trkpt lon="-123.271063" lat="44.558746"><ele>69.229469</ele><time>2020-10-30T22:57:50Z</time><extensions><speed>0.000000</speed><course>-1.000000</course><hAcc>10.000000</hAcc><vAcc>3.000000</vAcc></extensions></trkpt>
      <trkpt lon="-123.271063" lat="44.558746"><ele>69.197746</ele><time>2020-10-30T22:57:51Z</time><extensions><speed>0.000000</speed><course>-1.000000</course><hAcc>10.000000</hAcc><vAcc>3.000000</vAcc></extensions></trkpt>
      <trkpt lon="-123.271063" lat="44.558746"><ele>69.247536</ele><time>2020-10-30T22:57:52Z</time><extensions><speed>0.000000</speed><course>-1.000000</course><hAcc>10.000000</hAcc><vAcc>3.000000</vAcc></extensions></trkpt>
      <trkpt lon="-123.271063" lat="44.558746"><ele>69.222153</ele><time>2020-10-30T22:57:53Z</time><extensions><speed>0.000000</speed><course>-1.000000</course><hAcc>10.000000</hAcc><vAcc>3.000000</vAcc></extensions></trkpt>
      <trkpt lon="-123.271063" lat="44.558746"><ele>69.232872</ele><time>2020-10-30T22:57:54Z</time><extensions><speed>0.000000</speed><course>-1.000000</course><hAcc>10.000000</hAcc><vAcc>3.000000</vAcc></extensions></trkpt>
      <trkpt lon="-123.271063" lat="44.558746"><ele>69.228783</ele><time>2020-10-30T22:57:55Z</time><extensions><speed>0.000000</speed><course>-1.000000</course><hAcc>10.000000</hAcc><vAcc>3.000000</vAcc></extensions></trkpt>
      <trkpt lon="-123.271063" lat="44.558746"><ele>69.148964</ele><time>2020-10-30T22:57:56Z</time><extensions><speed>0.000000</speed><course>-1.000000</course><hAcc>10.000000</hAcc><vAcc>3.000000</vAcc></extensions></trkpt>
      <trkpt lon="-123.271063" lat="44.558746"><ele>69.142685</ele><time>2020-10-30T22:57:57Z</time><extensions><speed>0.000000</speed><course>-1.000000</course><hAcc>10.000000</hAcc><vAcc>3.000000</vAcc></extensions></trkpt>
      <trkpt lon="-123.271063" lat="44.558746"><ele>69.248138</ele><time>2020-10-30T22:57:58Z</time><extensions><speed>0.000000</speed><course>-1.000000</course><hAcc>10.000000</hAcc><vAcc>3.000000</vAcc></extensions></trkpt>
      <trkpt lon="-123.271063" lat="44.558746"><ele>69.194176</ele><time>2020-10-30T22:57:59Z</time><extensions><speed>0.000000</speed><course>-1.000000</course><hAcc>10.000000</hAcc><vAcc>3.000000</vAcc></extensions></trkpt>
      <trkpt lon="-123.271063" lat="44.558746"><ele>69.228783</ele><time>2020-10-30T22:58:00Z</time><extensions><speed>0.000000</speed><course>-1.000000</course><hAcc>10.000000</hAcc><vAcc>3.000000</vAcc></extensions></trkpt>
      <trkpt lon="-123.271063" lat="44.558746"><ele>69.203590</ele><time>2020-10-30T22:58:01Z</time><extensions><speed>0.000000</speed><course>-1.000000</course><hAcc>10.000000</hAcc><vAcc>3.000000</vAcc></extensions></trkpt>
      <trkpt lon="-123.271063" lat="44.558746"><ele>69.160049</ele><time>2020-10-30T22:58:02Z</time><extensions><speed>0.000000</speed><course>-1.000000</course><hAcc>10.000000</hAcc><vAcc>3.000000</vAcc></extensions></trkpt>
      <trkpt lon="-123.271063" lat="44.558746"><ele>69.168358</ele><time>2020-10-30T22:58:03Z</time><extensions><speed>0.000000</speed><course>-1.000000</course><hAcc>10.000000</hAcc><vAcc>3.000000</vAcc></extensions></trkpt>
    </trkseg>
  </trk>
</gpx>