<?xml version="1.0" encoding="UTF-8"?>
<gpx version="1.1" creator="Apple Health Export" xmlns="http://www.topografix.com/GPX/1/1" xmlns:xsi="http://www.w3.org/2001/XMLSchema-instance" xsi:schemaLocation="http://www.topografix.com/GPX/1/1 http://www.topografix.com/GPX/1/1/gpx.xsd">
  <metadata>
    <time>2021-02-21T19:24:48Z</time>
  </metadata>
  <trk>
    <name>Route 2020-12-15 5:01pm</name>
    <trkseg>
      <trkpt lon="-123.268097" lat="44.574433"><ele>70.896805</ele><time>2020-12-16T00:08:49Z</time><extensions><speed>1.942363</speed><course>167.042542</course><hAcc>1.471647</hAcc><vAcc>1.088297</vAcc></extensions></trkpt>
      <trkpt lon="-123.268095" lat="44.574426"><ele>70.863937</ele><time>2020-12-16T00:08:50Z</time><extensions><speed>1.942721</speed><course>168.750534</course><hAcc>1.391235</hAcc><vAcc>1.030245</vAcc></extensions></trkpt>
      <trkpt lon="-123.268089" lat="44.574409"><ele>70.782181</ele><time>2020-12-16T00:08:51Z</time><extensions><speed>1.955218</speed><course>172.278580</course><hAcc>1.224793</hAcc><vAcc>0.909217</vAcc></extensions></trkpt>
      <trkpt lon="-123.268082" lat="44.574392"><ele>70.700439</ele><time>2020-12-16T00:08:52Z</time><extensions><speed>1.985000</speed><course>172.278580</course><hAcc>1.104549</hAcc><vAcc>0.820507</vAcc></extensions></trkpt>
      <trkpt lon="-123.268076" lat="44.574374"><ele>70.618576</ele><time>2020-12-16T00:08:53Z</time><extensions><speed>2.032374</speed><course>228.407959</course><hAcc>1.025206</hAcc><vAcc>0.760745</vAcc></extensions></trkpt>
      <trkpt lon="-123.268069" lat="44.574357"><ele>70.535896</ele><time>2020-12-16T00:08:54Z</time><extensions><speed>2.094290</speed><course>228.407959</course><hAcc>0.978426</hAcc><vAcc>0.724464</vAcc></extensions></trkpt>
      <trkpt lon="-123.268062" lat="44.574338"><ele>70.450867</ele><time>2020-12-16T00:08:55Z</time><extensions><speed>2.164614</speed><course>181.169235</course><hAcc>0.954690</hAcc><vAcc>0.705234</vAcc></extensions></trkpt>
      <trkpt lon="-123.268054" lat="44.574319"><ele>70.361137</ele><time>2020-12-16T00:08:56Z</time><extensions><speed>2.235998</speed><course>180.651520</course><hAcc>0.945305</hAcc><vAcc>0.696995</vAcc></extensions></trkpt>
      <trkpt lon="-123.268045" lat="44.574300"><ele>70.263931</ele><time>2020-12-16T00:08:57Z</time><extensions><speed>2.301830</speed><course>177.246353</course><hAcc>0.943595</hAcc><vAcc>0.694928</vAcc></extensions></trkpt>
      <trkpt lon="-123.268036" lat="44.574280"><ele>70.156616</ele><time>2020-12-16T00:08:58Z</time><extensions><speed>2.356705</speed><course>181.165649</course><hAcc>0.945106</hAcc><vAcc>0.695695</vAcc></extensions></trkpt>
      <trkpt lon="-123.268027" lat="44.574259"><ele>70.036530</ele><time>2020-12-16T00:08:59Z</time><extensions><speed>2.398546</speed><course>180.461334</course><hAcc>0.947235</hAcc><vAcc>0.697256</vAcc></extensions></trkpt>
      <trkpt lon="-123.268017" lat="44.574239"><ele>69.901161</ele><time>2020-12-16T00:09:00Z</time><extensions><speed>2.427912</speed><course>166.536957</course><hAcc>0.948693</hAcc><vAcc>0.698527</vAcc></extensions></trkpt>
      <trkpt lon="-123.268007" lat="44.574218"><ele>69.749466</ele><time>2020-12-16T00:09:01Z</time><extensions><speed>2.447734</speed><course>136.963715</course><hAcc>0.949024</hAcc><vAcc>0.699057</vAcc></extensions></trkpt>
      <trkpt lon="-123.267997" lat="44.574197"><ele>69.582809</ele><time>2020-12-16T00:09:02Z</time><extensions><speed>2.463081</speed><course>119.000587</course><hAcc>0.948242</hAcc><vAcc>0.698773</vAcc></extensions></trkpt>
      <trkpt lon="-123.267988" lat="44.574176"><ele>69.404785</ele><time>2020-12-16T00:09:03Z</time><extensions><speed>2.479173</speed><course>105.829887</course><hAcc>0.946592</hAcc><vAcc>0.697800</vAcc></extensions></trkpt>
      <trkpt lon="-123.267980" lat="44.574154"><ele>69.220947</ele><time>2020-12-16T00:09:04Z</time><extensions><speed>2.501326</speed><course>127.759743</course><hAcc>0.944395</hAcc><vAcc>0.696348</vAcc></extensions></trkpt>
      <trkpt lon="-123.267973" lat="44.574132"><ele>69.037880</ele><time>2020-12-16T00:09:05Z</time><extensions><speed>2.534854</speed><course>108.017120</course><hAcc>0.941962</hAcc><vAcc>0.694642</vAcc></extensions></trkpt>
      <trkpt lon="-123.267969" lat="44.574109"><ele>68.861809</ele><time>2020-12-16T00:09:06Z</time><extensions><speed>2.583532</speed><course>127.930283</course><hAcc>0.939543</hAcc><vAcc>0.692874</vAcc></extensions></trkpt>
      <trkpt lon="-123.267966" lat="44.574086"><ele>68.697624</ele><time>2020-12-16T00:09:07Z</time><extensions><speed>2.648961</speed><course>151.003036</course><hAcc>0.937312</hAcc><vAcc>0.691187</vAcc></extensions></trkpt>
      <trkpt lon="-123.267966" lat="44.574062"><ele>68.549194</ele><time>2020-12-16T00:09:08Z</time><extensions><speed>2.730681</speed><course>205.222900</course><hAcc>0.935372</hAcc><vAcc>0.689675</vAcc></extensions></trkpt>
      <trkpt lon="-123.267967" lat="44.574037"><ele>68.419899</ele><time>2020-12-16T00:09:09Z</time><extensions><speed>2.825046</speed><course>212.527908</course><hAcc>0.933762</hAcc><vAcc>0.688384</vAcc></extensions></trkpt>
      <trkpt lon="-123.267971" lat="44.574011"><ele>68.312172</ele><time>2020-12-16T00:09:10Z</time><extensions><speed>2.926278</speed><course>202.827469</course><hAcc>0.932478</hAcc><vAcc>0.687323</vAcc></extensions></trkpt>
      <trkpt lon="-123.267977" lat="44.573985"><ele>68.226929</ele><time>2020-12-16T00:09:11Z</time><extensions><speed>3.028742</speed><course>194.322556</course><hAcc>0.931487</hAcc><vAcc>0.686479</vAcc></extensions></trkpt>
      <trkpt lon="-123.267985" lat="44.573957"><ele>68.164215</ele><time>2020-12-16T00:09:12Z</time><extensions><speed>3.128316</speed><course>219.056519</course><hAcc>0.930746</hAcc><vAcc>0.685828</vAcc></extensions></trkpt>
      <trkpt lon="-123.267994" lat="44.573930"><ele>68.123581</ele><time>2020-12-16T00:09:13Z</time><extensions><speed>3.221644</speed><course>209.466431</course><hAcc>0.930208</hAcc><vAcc>0.685338</vAcc></extensions></trkpt>
      <trkpt lon="-123.268004" lat="44.573901"><ele>68.104301</ele><time>2020-12-16T00:09:14Z</time><extensions><speed>3.306437</speed><course>210.578140</course><hAcc>0.929827</hAcc><vAcc>0.684979</vAcc></extensions></trkpt>
      <trkpt lon="-123.268015" lat="44.573872"><ele>68.105652</ele><time>2020-12-16T00:09:15Z</time><extensions><speed>3.381366</speed><course>202.670120</course><hAcc>0.929563</hAcc><vAcc>0.684722</vAcc></extensions></trkpt>
      <trkpt lon="-123.268027" lat="44.573843"><ele>68.127464</ele><time>2020-12-16T00:09:16Z</time><extensions><speed>3.445768</speed><course>187.536926</course><hAcc>0.929385</hAcc><vAcc>0.684541</vAcc></extensions></trkpt>
      <trkpt lon="-123.268040" lat="44.573813"><ele>68.170059</ele><time>2020-12-16T00:09:17Z</time><extensions><speed>3.499193</speed><course>196.594711</course><hAcc>0.929267</hAcc><vAcc>0.684417</vAcc></extensions></trkpt>
      <trkpt lon="-123.268053" lat="44.573782"><ele>68.233185</ele><time>2020-12-16T00:09:18Z</time><extensions><speed>3.541167</speed><course>198.213242</course><hAcc>0.929192</hAcc><vAcc>0.684336</vAcc></extensions></trkpt>
      <trkpt lon="-123.268067" lat="44.573752"><ele>68.315292</ele><time>2020-12-16T00:09:19Z</time><extensions><speed>3.571716</speed><course>199.069733</course><hAcc>0.929147</hAcc><vAcc>0.684285</vAcc></extensions></trkpt>
      <trkpt lon="-123.268081" lat="44.573721"><ele>68.413315</ele><time>2020-12-16T00:09:20Z</time><extensions><speed>3.591500</speed><course>202.819763</course><hAcc>0.929120</hAcc><vAcc>0.684254</vAcc></extensions></trkpt>
      <trkpt lon="-123.268095" lat="44.573691"><ele>68.522331</ele><time>2020-12-16T00:09:21Z</time><extensions><speed>3.601292</speed><course>196.131943</course><hAcc>0.929102</hAcc><vAcc>0.684235</vAcc></extensions></trkpt>
      <trkpt lon="-123.268109" lat="44.573660"><ele>68.635765</ele><time>2020-12-16T00:09:22Z</time><extensions><speed>3.601896</speed><course>200.286255</course><hAcc>0.929088</hAcc><vAcc>0.684220</vAcc></extensions></trkpt>
      <trkpt lon="-123.268123" lat="44.573629"><ele>68.746796</ele><time>2020-12-16T00:09:23Z</time><extensions><speed>3.595013</speed><course>201.251785</course><hAcc>0.929074</hAcc><vAcc>0.684206</vAcc></extensions></trkpt>
      <trkpt lon="-123.268137" lat="44.573598"><ele>68.849594</ele><time>2020-12-16T00:09:24Z</time><extensions><speed>3.582657</speed><course>202.202698</course><hAcc>0.929060</hAcc><vAcc>0.684194</vAcc></extensions></trkpt>
      <trkpt lon="-123.268151" lat="44.573568"><ele>68.939384</ele><time>2020-12-16T00:09:25Z</time><extensions><speed>3.566044</speed><course>196.895386</course><hAcc>0.929051</hAcc><vAcc>0.684186</vAcc></extensions></trkpt>
      <trkpt lon="-123.268165" lat="44.573537"><ele>69.012131</ele><time>2020-12-16T00:09:26Z</time><extensions><speed>3.546209</speed><course>193.223190</course><hAcc>0.929048</hAcc><vAcc>0.684185</vAcc></extensions></trkpt>
      <trkpt lon="-123.268179" lat="44.573507"><ele>69.064873</ele><time>2020-12-16T00:09:27Z</time><extensions><speed>3.525159</speed><course>185.192734</course><hAcc>0.929055</hAcc><vAcc>0.684193</vAcc></extensions></trkpt>
      <trkpt lon="-123.268192" lat="44.573477"><ele>69.096504</ele><time>2020-12-16T00:09:28Z</time><extensions><speed>3.504363</speed><course>196.831329</course><hAcc>0.929072</hAcc><vAcc>0.684212</vAcc></extensions></trkpt>
      <trkpt lon="-123.268206" lat="44.573447"><ele>69.108299</ele><time>2020-12-16T00:09:29Z</time><extensions><speed>3.484112</speed><course>197.365341</course><hAcc>0.929096</hAcc><vAcc>0.684238</vAcc></extensions></trkpt>
      <trkpt lon="-123.268220" lat="44.573417"><ele>69.102997</ele><time>2020-12-16T00:09:30Z</time><extensions><speed>3.464538</speed><course>199.280273</course><hAcc>0.929123</hAcc><vAcc>0.684266</vAcc></extensions></trkpt>
      <trkpt lon="-123.268233" lat="44.573388"><ele>69.083397</ele><time>2020-12-16T00:09:31Z</time><extensions><speed>3.445236</speed><course>207.802399</course><hAcc>0.929149</hAcc><vAcc>0.684292</vAcc></extensions></trkpt>
      <trkpt lon="-123.268246" lat="44.573358"><ele>69.052559</ele><time>2020-12-16T00:09:32Z</time><extensions><speed>3.426550</speed><course>201.647430</course><hAcc>0.929171</hAcc><vAcc>0.684315</vAcc></extensions></trkpt>
      <trkpt lon="-123.268260" lat="44.573329"><ele>69.014450</ele><time>2020-12-16T00:09:33Z</time><extensions><speed>3.409951</speed><course>194.151199</course><hAcc>0.929188</hAcc><vAcc>0.684333</vAcc></extensions></trkpt>
      <trkpt lon="-123.268273" lat="44.573300"><ele>68.973656</ele><time>2020-12-16T00:09:34Z</time><extensions><speed>3.396818</speed><course>195.794388</course><hAcc>0.929199</hAcc><vAcc>0.684343</vAcc></extensions></trkpt>
      <trkpt lon="-123.268286" lat="44.573271"><ele>68.934547</ele><time>2020-12-16T00:09:35Z</time><extensions><speed>3.388758</speed><course>186.656586</course><hAcc>0.929199</hAcc><vAcc>0.684344</vAcc></extensions></trkpt>
      <trkpt lon="-123.268300" lat="44.573242"><ele>68.900848</ele><time>2020-12-16T00:09:36Z</time><extensions><speed>3.387413</speed><course>189.850922</course><hAcc>0.929190</hAcc><vAcc>0.684334</vAcc></extensions></trkpt>
      <trkpt lon="-123.268313" lat="44.573213"><ele>68.875679</ele><time>2020-12-16T00:09:37Z</time><extensions><speed>3.392824</speed><course>207.413498</course><hAcc>0.929169</hAcc><vAcc>0.684312</vAcc></extensions></trkpt>
      <trkpt lon="-123.268327" lat="44.573184"><ele>68.861374</ele><time>2020-12-16T00:09:38Z</time><extensions><speed>3.404057</speed><course>204.757538</course><hAcc>0.929137</hAcc><vAcc>0.684279</vAcc></extensions></trkpt>
      <trkpt lon="-123.268341" lat="44.573155"><ele>68.859505</ele><time>2020-12-16T00:09:39Z</time><extensions><speed>3.420985</speed><course>206.813416</course><hAcc>0.929094</hAcc><vAcc>0.684233</vAcc></extensions></trkpt>
      <trkpt lon="-123.268354" lat="44.573126"><ele>68.871101</ele><time>2020-12-16T00:09:40Z</time><extensions><speed>3.442890</speed><course>192.396255</course><hAcc>0.929039</hAcc><vAcc>0.684177</vAcc></extensions></trkpt>
      <trkpt lon="-123.268369" lat="44.573096"><ele>68.896362</ele><time>2020-12-16T00:09:41Z</time><extensions><speed>3.467674</speed><course>197.168304</course><hAcc>0.928976</hAcc><vAcc>0.684112</vAcc></extensions></trkpt>
      <trkpt lon="-123.268383" lat="44.573067"><ele>68.934296</ele><time>2020-12-16T00:09:42Z</time><extensions><speed>3.492492</speed><course>191.501495</course><hAcc>0.928912</hAcc><vAcc>0.684046</vAcc></extensions></trkpt>
      <trkpt lon="-123.268398" lat="44.573037"><ele>68.982544</ele><time>2020-12-16T00:09:43Z</time><extensions><speed>3.515228</speed><course>193.484879</course><hAcc>0.928853</hAcc><vAcc>0.683985</vAcc></extensions></trkpt>
      <trkpt lon="-123.268413" lat="44.573007"><ele>69.037918</ele><time>2020-12-16T00:09:44Z</time><extensions><speed>3.534980</speed><course>196.994720</course><hAcc>0.928805</hAcc><vAcc>0.683935</vAcc></extensions></trkpt>
      <trkpt lon="-123.268428" lat="44.572977"><ele>69.096802</ele><time>2020-12-16T00:09:45Z</time><extensions><speed>3.551535</speed><course>200.600067</course><hAcc>0.928771</hAcc><vAcc>0.683900</vAcc></extensions></trkpt>
      <trkpt lon="-123.268443" lat="44.572947"><ele>69.155426</ele><time>2020-12-16T00:09:46Z</time><extensions><speed>3.565381</speed><course>198.436539</course><hAcc>0.928754</hAcc><vAcc>0.683883</vAcc></extensions></trkpt>
      <trkpt lon="-123.268459" lat="44.572917"><ele>69.209618</ele><time>2020-12-16T00:09:47Z</time><extensions><speed>3.576177</speed><course>192.879364</course><hAcc>0.928756</hAcc><vAcc>0.683885</vAcc></extensions></trkpt>
      <trkpt lon="-123.268474" lat="44.572887"><ele>69.254662</ele><time>2020-12-16T00:09:48Z</time><extensions><speed>3.582337</speed><course>201.946960</course><hAcc>0.928777</hAcc><vAcc>0.683907</vAcc></extensions></trkpt>
      <trkpt lon="-123.268490" lat="44.572857"><ele>69.285927</ele><time>2020-12-16T00:09:49Z</time><extensions><speed>3.583413</speed><course>182.119858</course><hAcc>0.928818</hAcc><vAcc>0.683950</vAcc></extensions></trkpt>
      <trkpt lon="-123.268506" lat="44.572826"><ele>69.299355</ele><time>2020-12-16T00:09:50Z</time><extensions><speed>3.579293</speed><course>196.295090</course><hAcc>0.928879</hAcc><vAcc>0.684013</vAcc></extensions></trkpt>
      <trkpt lon="-123.268522" lat="44.572796"><ele>69.292732</ele><time>2020-12-16T00:09:51Z</time><extensions><speed>3.569528</speed><course>201.265747</course><hAcc>0.928960</hAcc><vAcc>0.684098</vAcc></extensions></trkpt>
      <trkpt lon="-123.268537" lat="44.572766"><ele>69.266075</ele><time>2020-12-16T00:09:52Z</time><extensions><speed>3.554914</speed><course>200.241653</course><hAcc>0.929064</hAcc><vAcc>0.684206</vAcc></extensions></trkpt>
      <trkpt lon="-123.268553" lat="44.572736"><ele>69.220703</ele><time>2020-12-16T00:09:53Z</time><extensions><speed>3.537141</speed><course>205.512634</course><hAcc>0.929195</hAcc><vAcc>0.684342</vAcc></extensions></trkpt>
      <trkpt lon="-123.268568" lat="44.572706"><ele>69.158943</ele><time>2020-12-16T00:09:54Z</time><extensions><speed>3.518392</speed><course>200.752853</course><hAcc>0.929355</hAcc><vAcc>0.684508</vAcc></extensions></trkpt>
      <trkpt lon="-123.268583" lat="44.572677"><ele>69.084160</ele><time>2020-12-16T00:09:55Z</time><extensions><speed>3.501201</speed><course>200.287506</course><hAcc>0.929545</hAcc><vAcc>0.684705</vAcc></extensions></trkpt>
      <trkpt lon="-123.268598" lat="44.572647"><ele>69.000885</ele><time>2020-12-16T00:09:56Z</time><extensions><speed>3.487948</speed><course>205.994064</course><hAcc>0.929761</hAcc><vAcc>0.684929</vAcc></extensions></trkpt>
      <trkpt lon="-123.268613" lat="44.572618"><ele>68.914551</ele><time>2020-12-16T00:09:57Z</time><extensions><speed>3.480361</speed><course>200.171295</course><hAcc>0.929995</hAcc><vAcc>0.685169</vAcc></extensions></trkpt>
      <trkpt lon="-123.268627" lat="44.572588"><ele>68.831108</ele><time>2020-12-16T00:09:58Z</time><extensions><speed>3.479454</speed><course>199.193375</course><hAcc>0.930232</hAcc><vAcc>0.685413</vAcc></extensions></trkpt>
      <trkpt lon="-123.268641" lat="44.572558"><ele>68.756821</ele><time>2020-12-16T00:09:59Z</time><extensions><speed>3.484560</speed><course>198.711853</course><hAcc>0.930452</hAcc><vAcc>0.685639</vAcc></extensions></trkpt>
      <trkpt lon="-123.268655" lat="44.572529"><ele>68.697571</ele><time>2020-12-16T00:10:00Z</time><extensions><speed>3.494559</speed><course>198.433380</course><hAcc>0.930631</hAcc><vAcc>0.685824</vAcc></extensions></trkpt>
      <trkpt lon="-123.268669" lat="44.572499"><ele>68.658302</ele><time>2020-12-16T00:10:01Z</time><extensions><speed>3.509402</speed><course>186.496796</course><hAcc>0.930751</hAcc><vAcc>0.685947</vAcc></extensions></trkpt>
      <trkpt lon="-123.268683" lat="44.572469"><ele>68.642685</ele><time>2020-12-16T00:10:02Z</time><extensions><speed>3.528422</speed><course>188.972534</course><hAcc>0.930804</hAcc><vAcc>0.686003</vAcc></extensions></trkpt>
      <trkpt lon="-123.268698" lat="44.572439"><ele>68.652603</ele><time>2020-12-16T00:10:03Z</time><extensions><speed>3.549649</speed><course>206.511810</course><hAcc>0.930799</hAcc><vAcc>0.685999</vAcc></extensions></trkpt>
      <trkpt lon="-123.268712" lat="44.572408"><ele>68.687889</ele><time>2020-12-16T00:10:04Z</time><extensions><speed>3.571697</speed><course>198.365051</course><hAcc>0.930750</hAcc><vAcc>0.685949</vAcc></extensions></trkpt>
      <trkpt lon="-123.268726" lat="44.572378"><ele>68.746643</ele><time>2020-12-16T00:10:05Z</time><extensions><speed>3.593346</speed><course>194.554016</course><hAcc>0.930672</hAcc><vAcc>0.685870</vAcc></extensions></trkpt>
      <trkpt lon="-123.268741" lat="44.572347"><ele>68.825462</ele><time>2020-12-16T00:10:06Z</time><extensions><speed>3.612626</speed><course>196.530319</course><hAcc>0.930576</hAcc><vAcc>0.685772</vAcc></extensions></trkpt>
      <trkpt lon="-123.268755" lat="44.572316"><ele>68.919907</ele><time>2020-12-16T00:10:07Z</time><extensions><speed>3.629245</speed><course>197.778198</course><hAcc>0.930470</hAcc><vAcc>0.685663</vAcc></extensions></trkpt>
      <trkpt lon="-123.268770" lat="44.572285"><ele>69.025795</ele><time>2020-12-16T00:10:08Z</time><extensions><speed>3.644079</speed><course>201.115982</course><hAcc>0.930360</hAcc><vAcc>0.685550</vAcc></extensions></trkpt>
      <trkpt lon="-123.268785" lat="44.572254"><ele>69.140076</ele><time>2020-12-16T00:10:09Z</time><extensions><speed>3.658368</speed><course>188.736481</course><hAcc>0.930258</hAcc><vAcc>0.685445</vAcc></extensions></trkpt>
      <trkpt lon="-123.268800" lat="44.572223"><ele>69.260262</ele><time>2020-12-16T00:10:10Z</time><extensions><speed>3.672951</speed><course>191.047333</course><hAcc>0.930175</hAcc><vAcc>0.685360</vAcc></extensions></trkpt>
      <trkpt lon="-123.268816" lat="44.572192"><ele>69.383194</ele><time>2020-12-16T00:10:11Z</time><extensions><speed>3.687088</speed><course>199.345947</course><hAcc>0.930120</hAcc><vAcc>0.685303</vAcc></extensions></trkpt>
      <trkpt lon="-123.268831" lat="44.572160"><ele>69.504990</ele><time>2020-12-16T00:10:12Z</time><extensions><speed>3.699635</speed><course>208.964233</course><hAcc>0.930097</hAcc><vAcc>0.685278</vAcc></extensions></trkpt>
      <trkpt lon="-123.268847" lat="44.572129"><ele>69.621727</ele><time>2020-12-16T00:10:13Z</time><extensions><speed>3.709979</speed><course>197.093628</course><hAcc>0.930102</hAcc><vAcc>0.685282</vAcc></extensions></trkpt>
      <trkpt lon="-123.268863" lat="44.572097"><ele>69.730156</ele><time>2020-12-16T00:10:14Z</time><extensions><speed>3.717475</speed><course>194.898514</course><hAcc>0.930126</hAcc><vAcc>0.685305</vAcc></extensions></trkpt>
      <trkpt lon="-123.268878" lat="44.572066"><ele>69.828331</ele><time>2020-12-16T00:10:15Z</time><extensions><speed>3.721601</speed><course>199.538986</course><hAcc>0.930155</hAcc><vAcc>0.685334</vAcc></extensions></trkpt>
      <trkpt lon="-123.268894" lat="44.572034"><ele>69.914574</ele><time>2020-12-16T00:10:16Z</time><extensions><speed>3.722170</speed><course>197.535797</course><hAcc>0.930176</hAcc><vAcc>0.685354</vAcc></extensions></trkpt>
      <trkpt lon="-123.268910" lat="44.572003"><ele>69.986412</ele><time>2020-12-16T00:10:17Z</time><extensions><speed>3.719825</speed><course>207.627167</course><hAcc>0.930177</hAcc><vAcc>0.685354</vAcc></extensions></trkpt>
      <trkpt lon="-123.268927" lat="44.571972"><ele>70.041473</ele><time>2020-12-16T00:10:18Z</time><extensions><speed>3.715801</speed><course>200.060623</course><hAcc>0.930152</hAcc><vAcc>0.685327</vAcc></extensions></trkpt>
      <trkpt lon="-123.268943" lat="44.571940"><ele>70.077980</ele><time>2020-12-16T00:10:19Z</time><extensions><speed>3.710719</speed><course>200.333908</course><hAcc>0.930098</hAcc><vAcc>0.685272</vAcc></extensions></trkpt>
      <trkpt lon="-123.268959" lat="44.571909"><ele>70.094505</ele><time>2020-12-16T00:10:20Z</time><extensions><speed>3.704987</speed><course>194.582474</course><hAcc>0.930019</hAcc><vAcc>0.685191</vAcc></extensions></trkpt>
      <trkpt lon="-123.268975" lat="44.571878"><ele>70.089928</ele><time>2020-12-16T00:10:21Z</time><extensions><speed>3.698649</speed><course>186.934814</course><hAcc>0.929920</hAcc><vAcc>0.685089</vAcc></extensions></trkpt>
      <trkpt lon="-123.268992" lat="44.571847"><ele>70.063499</ele><time>2020-12-16T00:10:22Z</time><extensions><speed>3.690711</speed><course>193.592453</course><hAcc>0.929809</hAcc><vAcc>0.684975</vAcc></extensions></trkpt>
      <trkpt lon="-123.269008" lat="44.571816"><ele>70.015160</ele><time>2020-12-16T00:10:23Z</time><extensions><speed>3.679841</speed><course>204.516876</course><hAcc>0.929697</hAcc><vAcc>0.684860</vAcc></extensions></trkpt>
      <trkpt lon="-123.269025" lat="44.571785"><ele>69.946327</ele><time>2020-12-16T00:10:24Z</time><extensions><speed>3.666528</speed><course>203.850876</course><hAcc>0.929590</hAcc><vAcc>0.684750</vAcc></extensions></trkpt>
      <trkpt lon="-123.269041" lat="44.571754"><ele>69.860703</ele><time>2020-12-16T00:10:25Z</time><extensions><speed>3.652357</speed><course>193.455780</course><hAcc>0.929494</hAcc><vAcc>0.684652</vAcc></extensions></trkpt>
      <trkpt lon="-123.269058" lat="44.571723"><ele>69.763512</ele><time>2020-12-16T00:10:26Z</time><extensions><speed>3.637703</speed><course>198.796356</course><hAcc>0.929411</hAcc><vAcc>0.684567</vAcc></extensions></trkpt>
      <trkpt lon="-123.269075" lat="44.571693"><ele>69.659897</ele><time>2020-12-16T00:10:27Z</time><extensions><speed>3.622221</speed><course>205.133240</course><hAcc>0.929340</hAcc><vAcc>0.684496</vAcc></extensions></trkpt>
      <trkpt lon="-123.269091" lat="44.571663"><ele>69.553970</ele><time>2020-12-16T00:10:28Z</time><extensions><speed>3.605349</speed><course>205.800964</course><hAcc>0.929278</hAcc><vAcc>0.684435</vAcc></extensions></trkpt>
      <trkpt lon="-123.269107" lat="44.571632"><ele>69.448700</ele><time>2020-12-16T00:10:29Z</time><extensions><speed>3.586874</speed><course>204.740570</course><hAcc>0.929224</hAcc><vAcc>0.684383</vAcc></extensions></trkpt>
      <trkpt lon="-123.269124" lat="44.571602"><ele>69.346268</ele><time>2020-12-16T00:10:29Z</time><extensions><speed>3.567211</speed><course>195.168915</course><hAcc>0.929193</hAcc><vAcc>0.684351</vAcc></extensions></trkpt>
      <trkpt lon="-123.269140" lat="44.571573"><ele>69.247581</ele><time>2020-12-16T00:10:30Z</time><extensions><speed>3.546841</speed><course>205.691681</course><hAcc>0.929187</hAcc><vAcc>0.684340</vAcc></extensions></trkpt>
      <trkpt lon="-123.269155" lat="44.571543"><ele>69.153160</ele><time>2020-12-16T00:10:31Z</time><extensions><speed>3.526761</speed><course>210.275787</course><hAcc>0.929190</hAcc><vAcc>0.684340</vAcc></extensions></trkpt>
      <trkpt lon="-123.269171" lat="44.571513"><ele>69.063278</ele><time>2020-12-16T00:10:32Z</time><extensions><speed>3.508039</speed><course>196.880341</course><hAcc>0.929203</hAcc><vAcc>0.684351</vAcc></extensions></trkpt>
      <trkpt lon="-123.269186" lat="44.571484"><ele>68.978470</ele><time>2020-12-16T00:10:33Z</time><extensions><speed>3.491100</speed><course>193.220123</course><hAcc>0.929228</hAcc><vAcc>0.684375</vAcc></extensions></trkpt>
      <trkpt lon="-123.269201" lat="44.571454"><ele>68.899796</ele><time>2020-12-16T00:10:34Z</time><extensions><speed>3.475883</speed><course>203.769318</course><hAcc>0.929266</hAcc><vAcc>0.684413</vAcc></extensions></trkpt>
      <trkpt lon="-123.269216" lat="44.571425"><ele>68.829010</ele><time>2020-12-16T00:10:35Z</time><extensions><speed>3.463101</speed><course>205.720001</course><hAcc>0.929319</hAcc><vAcc>0.684466</vAcc></extensions></trkpt>
      <trkpt lon="-123.269230" lat="44.571395"><ele>68.768288</ele><time>2020-12-16T00:10:36Z</time><extensions><speed>3.454134</speed><course>191.098373</course><hAcc>0.929387</hAcc><vAcc>0.684536</vAcc></extensions></trkpt>
      <trkpt lon="-123.269245" lat="44.571366"><ele>68.719971</ele><time>2020-12-16T00:10:37Z</time><extensions><speed>3.448672</speed><course>201.098389</course><hAcc>0.929472</hAcc><vAcc>0.684623</vAcc></extensions></trkpt>
      <trkpt lon="-123.269259" lat="44.571337"><ele>68.686333</ele><time>2020-12-16T00:10:38Z</time><extensions><speed>3.445177</speed><course>201.694397</course><hAcc>0.929570</hAcc><vAcc>0.684724</vAcc></extensions></trkpt>
      <trkpt lon="-123.269273" lat="44.571308"><ele>68.669144</ele><time>2020-12-16T00:10:39Z</time><extensions><speed>3.443463</speed><course>199.030945</course><hAcc>0.929674</hAcc><vAcc>0.684831</vAcc></extensions></trkpt>
      <trkpt lon="-123.269287" lat="44.571278"><ele>68.669510</ele><time>2020-12-16T00:10:40Z</time><extensions><speed>3.444407</speed><course>196.761139</course><hAcc>0.929776</hAcc><vAcc>0.684936</vAcc></extensions></trkpt>
      <trkpt lon="-123.269301" lat="44.571249"><ele>68.687927</ele><time>2020-12-16T00:10:41Z</time><extensions><speed>3.448977</speed><course>197.206741</course><hAcc>0.929869</hAcc><vAcc>0.685031</vAcc></extensions></trkpt>
      <trkpt lon="-123.269315" lat="44.571219"><ele>68.724190</ele><time>2020-12-16T00:10:42Z</time><extensions><speed>3.457790</speed><course>202.357346</course><hAcc>0.929946</hAcc><vAcc>0.685111</vAcc></extensions></trkpt>
      <trkpt lon="-123.269329" lat="44.571190"><ele>68.777924</ele><time>2020-12-16T00:10:43Z</time><extensions><speed>3.471947</speed><course>201.155884</course><hAcc>0.930006</hAcc><vAcc>0.685172</vAcc></extensions></trkpt>
      <trkpt lon="-123.269343" lat="44.571160"><ele>68.849091</ele><time>2020-12-16T00:10:44Z</time><extensions><speed>3.491712</speed><course>193.019150</course><hAcc>0.930045</hAcc><vAcc>0.685212</vAcc></extensions></trkpt>
      <trkpt lon="-123.269357" lat="44.571130"><ele>68.937752</ele><time>2020-12-16T00:10:45Z</time><extensions><speed>3.516135</speed><course>197.939194</course><hAcc>0.930061</hAcc><vAcc>0.685228</vAcc></extensions></trkpt>
      <trkpt lon="-123.269372" lat="44.571100"><ele>69.043427</ele><time>2020-12-16T00:10:46Z</time><extensions><speed>3.544330</speed><course>198.525146</course><hAcc>0.930053</hAcc><vAcc>0.685220</vAcc></extensions></trkpt>
      <trkpt lon="-123.269386" lat="44.571070"><ele>69.164482</ele><time>2020-12-16T00:10:47Z</time><extensions><speed>3.574391</speed><course>196.224564</course><hAcc>0.930022</hAcc><vAcc>0.685187</vAcc></extensions></trkpt>
      <trkpt lon="-123.269401" lat="44.571040"><ele>69.298271</ele><time>2020-12-16T00:10:48Z</time><extensions><speed>3.603370</speed><course>199.768036</course><hAcc>0.929971</hAcc><vAcc>0.685134</vAcc></extensions></trkpt>
      <trkpt lon="-123.269416" lat="44.571009"><ele>69.440811</ele><time>2020-12-16T00:10:49Z</time><extensions><speed>3.627516</speed><course>200.227356</course><hAcc>0.929904</hAcc><vAcc>0.685064</vAcc></extensions></trkpt>
      <trkpt lon="-123.269431" lat="44.570978"><ele>69.586716</ele><time>2020-12-16T00:10:50Z</time><extensions><speed>3.644203</speed><course>205.052841</course><hAcc>0.929825</hAcc><vAcc>0.684982</vAcc></extensions></trkpt>
      <trkpt lon="-123.269446" lat="44.570947"><ele>69.730370</ele><time>2020-12-16T00:10:51Z</time><extensions><speed>3.652485</speed><course>199.650818</course><hAcc>0.929740</hAcc><vAcc>0.684893</vAcc></extensions></trkpt>
      <trkpt lon="-123.269462" lat="44.570916"><ele>69.866936</ele><time>2020-12-16T00:10:52Z</time><extensions><speed>3.652362</speed><course>200.912704</course><hAcc>0.929654</hAcc><vAcc>0.684803</vAcc></extensions></trkpt>
      <trkpt lon="-123.269477" lat="44.570885"><ele>69.992996</ele><time>2020-12-16T00:10:53Z</time><extensions><speed>3.645299</speed><course>199.320969</course><hAcc>0.929575</hAcc><vAcc>0.684719</vAcc></extensions></trkpt>
      <trkpt lon="-123.269492" lat="44.570854"><ele>70.105797</ele><time>2020-12-16T00:10:54Z</time><extensions><speed>3.633092</speed><course>192.747452</course><hAcc>0.929508</hAcc><vAcc>0.684647</vAcc></extensions></trkpt>
      <trkpt lon="-123.269507" lat="44.570823"><ele>70.202660</ele><time>2020-12-16T00:10:55Z</time><extensions><speed>3.617144</speed><course>191.589478</course><hAcc>0.929457</hAcc><vAcc>0.684590</vAcc></extensions></trkpt>
      <trkpt lon="-123.269522" lat="44.570792"><ele>70.281517</ele><time>2020-12-16T00:10:56Z</time><extensions><speed>3.598445</speed><course>201.628342</course><hAcc>0.929420</hAcc><vAcc>0.684547</vAcc></extensions></trkpt>
      <trkpt lon="-123.269536" lat="44.570762"><ele>70.341286</ele><time>2020-12-16T00:10:58Z</time><extensions><speed>3.578132</speed><course>202.949097</course><hAcc>0.929380</hAcc><vAcc>0.684505</vAcc></extensions></trkpt>
      <trkpt lon="-123.269551" lat="44.570732"><ele>70.381989</ele><time>2020-12-16T00:10:59Z</time><extensions><speed>3.557360</speed><course>204.721741</course><hAcc>0.929335</hAcc><vAcc>0.684463</vAcc></extensions></trkpt>
      <trkpt lon="-123.269565" lat="44.570701"><ele>70.405228</ele><time>2020-12-16T00:11:00Z</time><extensions><speed>3.536922</speed><course>201.623886</course><hAcc>0.929305</hAcc><vAcc>0.684435</vAcc></extensions></trkpt>
      <trkpt lon="-123.269580" lat="44.570671"><ele>70.413132</ele><time>2020-12-16T00:11:01Z</time><extensions><speed>3.517838</speed><course>195.771088</course><hAcc>0.929293</hAcc><vAcc>0.684426</vAcc></extensions></trkpt>
      <trkpt lon="-123.269594" lat="44.570641"><ele>70.407822</ele><time>2020-12-16T00:11:02Z</time><extensions><speed>3.500494</speed><course>206.294907</course><hAcc>0.929303</hAcc><vAcc>0.684438</vAcc></extensions></trkpt>
      <trkpt lon="-123.269608" lat="44.570612"><ele>70.391823</ele><time>2020-12-16T00:11:03Z</time><extensions><speed>3.485555</speed><course>195.119202</course><hAcc>0.929335</hAcc><vAcc>0.684472</vAcc></extensions></trkpt>
      <trkpt lon="-123.269622" lat="44.570582"><ele>70.368782</ele><time>2020-12-16T00:11:04Z</time><extensions><speed>3.473783</speed><course>192.668015</course><hAcc>0.929385</hAcc><vAcc>0.684525</vAcc></extensions></trkpt>
      <trkpt lon="-123.269636" lat="44.570552"><ele>70.342239</ele><time>2020-12-16T00:11:05Z</time><extensions><speed>3.464513</speed><course>198.670517</course><hAcc>0.929448</hAcc><vAcc>0.684590</vAcc></extensions></trkpt>
      <trkpt lon="-123.269650" lat="44.570523"><ele>70.314407</ele><time>2020-12-16T00:11:06Z</time><extensions><speed>3.457244</speed><course>198.976166</course><hAcc>0.929515</hAcc><vAcc>0.684659</vAcc></extensions></trkpt>
      <trkpt lon="-123.269664" lat="44.570493"><ele>70.286354</ele><time>2020-12-16T00:11:07Z</time><extensions><speed>3.451626</speed><course>187.659882</course><hAcc>0.929576</hAcc><vAcc>0.684722</vAcc></extensions></trkpt>
      <trkpt lon="-123.269678" lat="44.570464"><ele>70.258682</ele><time>2020-12-16T00:11:08Z</time><extensions><speed>3.446780</speed><course>194.539413</course><hAcc>0.929622</hAcc><vAcc>0.684769</vAcc></extensions></trkpt>
      <trkpt lon="-123.269691" lat="44.570435"><ele>70.232300</ele><time>2020-12-16T00:11:09Z</time><extensions><speed>3.442208</speed><course>206.567413</course><hAcc>0.929650</hAcc><vAcc>0.684799</vAcc></extensions></trkpt>
      <trkpt lon="-123.269705" lat="44.570405"><ele>70.208107</ele><time>2020-12-16T00:11:10Z</time><extensions><speed>3.437070</speed><course>198.433945</course><hAcc>0.929663</hAcc><vAcc>0.684812</vAcc></extensions></trkpt>
      <trkpt lon="-123.269719" lat="44.570376"><ele>70.186028</ele><time>2020-12-16T00:11:11Z</time><extensions><speed>3.431137</speed><course>198.781387</course><hAcc>0.929663</hAcc><vAcc>0.684813</vAcc></extensions></trkpt>
      <trkpt lon="-123.269733" lat="44.570347"><ele>70.165207</ele><time>2020-12-16T00:11:12Z</time><extensions><speed>3.424543</speed><course>199.102402</course><hAcc>0.929657</hAcc><vAcc>0.684807</vAcc></extensions></trkpt>
      <trkpt lon="-123.269747" lat="44.570318"><ele>70.144501</ele><time>2020-12-16T00:11:13Z</time><extensions><speed>3.417408</speed><course>195.905029</course><hAcc>0.929647</hAcc><vAcc>0.684797</vAcc></extensions></trkpt>
      <trkpt lon="-123.269761" lat="44.570289"><ele>70.122589</ele><time>2020-12-16T00:11:14Z</time><extensions><speed>3.410437</speed><course>190.991241</course><hAcc>0.929637</hAcc><vAcc>0.684786</vAcc></extensions></trkpt>
      <trkpt lon="-123.269775" lat="44.570260"><ele>70.097679</ele><time>2020-12-16T00:11:15Z</time><extensions><speed>3.403622</speed><course>195.046173</course><hAcc>0.929626</hAcc><vAcc>0.684774</vAcc></extensions></trkpt>
      <trkpt lon="-123.269789" lat="44.570231"><ele>70.067184</ele><time>2020-12-16T00:11:16Z</time><extensions><speed>3.396865</speed><course>200.823685</course><hAcc>0.929609</hAcc><vAcc>0.684756</vAcc></extensions></trkpt>
      <trkpt lon="-123.269803" lat="44.570202"><ele>70.028175</ele><time>2020-12-16T00:11:17Z</time><extensions><speed>3.390893</speed><course>199.128204</course><hAcc>0.929582</hAcc><vAcc>0.684727</vAcc></extensions></trkpt>
      <trkpt lon="-123.269817" lat="44.570173"><ele>69.978813</ele><time>2020-12-16T00:11:18Z</time><extensions><speed>3.386587</speed><course>198.014832</course><hAcc>0.929541</hAcc><vAcc>0.684685</vAcc></extensions></trkpt>
      <trkpt lon="-123.269832" lat="44.570144"><ele>69.919037</ele><time>2020-12-16T00:11:19Z</time><extensions><speed>3.384173</speed><course>204.657867</course><hAcc>0.929487</hAcc><vAcc>0.684630</vAcc></extensions></trkpt>
      <trkpt lon="-123.269846" lat="44.570116"><ele>69.849907</ele><time>2020-12-16T00:11:20Z</time><extensions><speed>3.384236</speed><course>217.010574</course><hAcc>0.929424</hAcc><vAcc>0.684565</vAcc></extensions></trkpt>
      <trkpt lon="-123.269860" lat="44.570087"><ele>69.773346</ele><time>2020-12-16T00:11:21Z</time><extensions><speed>3.387284</speed><course>194.968628</course><hAcc>0.929359</hAcc><vAcc>0.684497</vAcc></extensions></trkpt>
      <trkpt lon="-123.269874" lat="44.570058"><ele>69.692009</ele><time>2020-12-16T00:11:22Z</time><extensions><speed>3.392929</speed><course>192.241440</course><hAcc>0.929299</hAcc><vAcc>0.684436</vAcc></extensions></trkpt>
      <trkpt lon="-123.269888" lat="44.570029"><ele>69.608643</ele><time>2020-12-16T00:11:23Z</time><extensions><speed>3.399990</speed><course>196.610428</course><hAcc>0.929254</hAcc><vAcc>0.684391</vAcc></extensions></trkpt>
      <trkpt lon="-123.269902" lat="44.570000"><ele>69.525612</ele><time>2020-12-16T00:11:24Z</time><extensions><speed>3.407062</speed><course>202.538879</course><hAcc>0.929233</hAcc><vAcc>0.684370</vAcc></extensions></trkpt>
      <trkpt lon="-123.269916" lat="44.569971"><ele>69.444771</ele><time>2020-12-16T00:11:25Z</time><extensions><speed>3.414004</speed><course>200.199219</course><hAcc>0.929242</hAcc><vAcc>0.684380</vAcc></extensions></trkpt>
      <trkpt lon="-123.269930" lat="44.569942"><ele>69.367897</ele><time>2020-12-16T00:11:26Z</time><extensions><speed>3.420779</speed><course>191.053223</course><hAcc>0.929288</hAcc><vAcc>0.684428</vAcc></extensions></trkpt>
      <trkpt lon="-123.269944" lat="44.569913"><ele>69.296707</ele><time>2020-12-16T00:11:27Z</time><extensions><speed>3.427036</speed><course>192.379410</course><hAcc>0.929373</hAcc><vAcc>0.684515</vAcc></extensions></trkpt>
      <trkpt lon="-123.269958" lat="44.569884"><ele>69.232491</ele><time>2020-12-16T00:11:28Z</time><extensions><speed>3.433161</speed><course>197.375092</course><hAcc>0.929495</hAcc><vAcc>0.684641</vAcc></extensions></trkpt>
      <trkpt lon="-123.269972" lat="44.569855"><ele>69.176201</ele><time>2020-12-16T00:11:29Z</time><extensions><speed>3.440290</speed><course>191.672775</course><hAcc>0.929646</hAcc><vAcc>0.684796</vAcc></extensions></trkpt>
      <trkpt lon="-123.269986" lat="44.569825"><ele>69.128708</ele><time>2020-12-16T00:11:30Z</time><extensions><speed>3.449121</speed><course>193.624222</course><hAcc>0.929816</hAcc><vAcc>0.684970</vAcc></extensions></trkpt>
      <trkpt lon="-123.270000" lat="44.569796"><ele>69.090881</ele><time>2020-12-16T00:11:31Z</time><extensions><speed>3.459150</speed><course>193.479538</course><hAcc>0.929986</hAcc><vAcc>0.685145</vAcc></extensions></trkpt>
      <trkpt lon="-123.270015" lat="44.569767"><ele>69.063393</ele><time>2020-12-16T00:11:32Z</time><extensions><speed>3.468886</speed><course>198.247833</course><hAcc>0.930138</hAcc><vAcc>0.685301</vAcc></extensions></trkpt>
      <trkpt lon="-123.270029" lat="44.569737"><ele>69.046928</ele><time>2020-12-16T00:11:33Z</time><extensions><speed>3.477195</speed><course>203.610138</course><hAcc>0.930256</hAcc><vAcc>0.685423</vAcc></extensions></trkpt>
      <trkpt lon="-123.270044" lat="44.569708"><ele>69.042564</ele><time>2020-12-16T00:11:34Z</time><extensions><speed>3.483523</speed><course>193.885712</course><hAcc>0.930331</hAcc><vAcc>0.685500</vAcc></extensions></trkpt>
      <trkpt lon="-123.270059" lat="44.569678"><ele>69.050972</ele><time>2020-12-16T00:11:35Z</time><extensions><speed>3.487355</speed><course>189.646042</course><hAcc>0.930361</hAcc><vAcc>0.685532</vAcc></extensions></trkpt>
      <trkpt lon="-123.270073" lat="44.569648"><ele>69.071953</ele><time>2020-12-16T00:11:36Z</time><extensions><speed>3.489045</speed><course>192.264175</course><hAcc>0.930355</hAcc><vAcc>0.685527</vAcc></extensions></trkpt>
      <trkpt lon="-123.270088" lat="44.569619"><ele>69.104935</ele><time>2020-12-16T00:11:37Z</time><extensions><speed>3.488955</speed><course>198.218735</course><hAcc>0.930323</hAcc><vAcc>0.685495</vAcc></extensions></trkpt>
      <trkpt lon="-123.270103" lat="44.569589"><ele>69.148499</ele><time>2020-12-16T00:11:38Z</time><extensions><speed>3.487099</speed><course>221.669327</course><hAcc>0.930278</hAcc><vAcc>0.685449</vAcc></extensions></trkpt>
      <trkpt lon="-123.270117" lat="44.569560"><ele>69.199760</ele><time>2020-12-16T00:11:39Z</time><extensions><speed>3.483458</speed><course>205.775467</course><hAcc>0.930226</hAcc><vAcc>0.685396</vAcc></extensions></trkpt>
      <trkpt lon="-123.270131" lat="44.569530"><ele>69.254784</ele><time>2020-12-16T00:11:40Z</time><extensions><speed>3.478128</speed><course>207.450821</course><hAcc>0.930174</hAcc><vAcc>0.685343</vAcc></extensions></trkpt>
      <trkpt lon="-123.270145" lat="44.569500"><ele>69.309647</ele><time>2020-12-16T00:11:41Z</time><extensions><speed>3.471092</speed><course>203.144638</course><hAcc>0.930128</hAcc><vAcc>0.685296</vAcc></extensions></trkpt>
      <trkpt lon="-123.270158" lat="44.569471"><ele>69.361069</ele><time>2020-12-16T00:11:42Z</time><extensions><speed>3.462406</speed><course>198.933456</course><hAcc>0.930094</hAcc><vAcc>0.685260</vAcc></extensions></trkpt>
      <trkpt lon="-123.270171" lat="44.569441"><ele>69.406944</ele><time>2020-12-16T00:11:43Z</time><extensions><speed>3.452914</speed><course>195.255875</course><hAcc>0.930074</hAcc><vAcc>0.685238</vAcc></extensions></trkpt>
      <trkpt lon="-123.270184" lat="44.569411"><ele>69.446472</ele><time>2020-12-16T00:11:44Z</time><extensions><speed>3.443812</speed><course>195.873062</course><hAcc>0.930062</hAcc><vAcc>0.685225</vAcc></extensions></trkpt>
      <trkpt lon="-123.270196" lat="44.569381"><ele>69.479897</ele><time>2020-12-16T00:11:45Z</time><extensions><speed>3.436007</speed><course>198.157089</course><hAcc>0.930051</hAcc><vAcc>0.685213</vAcc></extensions></trkpt>
      <trkpt lon="-123.270207" lat="44.569352"><ele>69.508278</ele><time>2020-12-16T00:11:46Z</time><extensions><speed>3.430124</speed><course>207.563141</course><hAcc>0.930033</hAcc><vAcc>0.685193</vAcc></extensions></trkpt>
      <trkpt lon="-123.270219" lat="44.569322"><ele>69.532173</ele><time>2020-12-16T00:11:47Z</time><extensions><speed>3.426076</speed><course>184.277771</course><hAcc>0.930003</hAcc><vAcc>0.685162</vAcc></extensions></trkpt>
      <trkpt lon="-123.270231" lat="44.569292"><ele>69.550415</ele><time>2020-12-16T00:11:48Z</time><extensions><speed>3.423397</speed><course>189.462341</course><hAcc>0.929963</hAcc><vAcc>0.685121</vAcc></extensions></trkpt>
      <trkpt lon="-123.270242" lat="44.569263"><ele>69.560524</ele><time>2020-12-16T00:11:49Z</time><extensions><speed>3.422831</speed><course>185.330933</course><hAcc>0.929916</hAcc><vAcc>0.685072</vAcc></extensions></trkpt>
      <trkpt lon="-123.270254" lat="44.569233"><ele>69.559906</ele><time>2020-12-16T00:11:50Z</time><extensions><speed>3.425802</speed><course>175.969360</course><hAcc>0.929866</hAcc><vAcc>0.685020</vAcc></extensions></trkpt>
      <trkpt lon="-123.270267" lat="44.569203"><ele>69.547218</ele><time>2020-12-16T00:11:51Z</time><extensions><speed>3.433342</speed><course>183.031113</course><hAcc>0.929814</hAcc><vAcc>0.684967</vAcc></extensions></trkpt>
      <trkpt lon="-123.270280" lat="44.569174"><ele>69.523018</ele><time>2020-12-16T00:11:52Z</time><extensions><speed>3.445616</speed><course>191.760742</course><hAcc>0.929765</hAcc><vAcc>0.684916</vAcc></extensions></trkpt>
      <trkpt lon="-123.270293" lat="44.569144"><ele>69.488983</ele><time>2020-12-16T00:11:53Z</time><extensions><speed>3.461930</speed><course>196.188187</course><hAcc>0.929722</hAcc><vAcc>0.684870</vAcc></extensions></trkpt>
      <trkpt lon="-123.270308" lat="44.569115"><ele>69.446976</ele><time>2020-12-16T00:11:54Z</time><extensions><speed>3.481085</speed><course>208.143448</course><hAcc>0.929684</hAcc><vAcc>0.684831</vAcc></extensions></trkpt>
      <trkpt lon="-123.270323" lat="44.569085"><ele>69.398636</ele><time>2020-12-16T00:11:55Z</time><extensions><speed>3.502292</speed><course>201.976028</course><hAcc>0.929651</hAcc><vAcc>0.684797</vAcc></extensions></trkpt>
      <trkpt lon="-123.270339" lat="44.569056"><ele>69.345604</ele><time>2020-12-16T00:11:56Z</time><extensions><speed>3.525451</speed><course>198.579056</course><hAcc>0.929619</hAcc><vAcc>0.684763</vAcc></extensions></trkpt>
      <trkpt lon="-123.270355" lat="44.569026"><ele>69.289169</ele><time>2020-12-16T00:11:57Z</time><extensions><speed>3.549877</speed><course>207.801300</course><hAcc>0.929585</hAcc><vAcc>0.684727</vAcc></extensions></trkpt>
      <trkpt lon="-123.270372" lat="44.568997"><ele>69.229630</ele><time>2020-12-16T00:11:58Z</time><extensions><speed>3.574512</speed><course>214.053680</course><hAcc>0.929549</hAcc><vAcc>0.684688</vAcc></extensions></trkpt>
      <trkpt lon="-123.270390" lat="44.568967"><ele>69.166382</ele><time>2020-12-16T00:11:59Z</time><extensions><speed>3.598124</speed><course>213.733963</course><hAcc>0.929507</hAcc><vAcc>0.684645</vAcc></extensions></trkpt>
      <trkpt lon="-123.270408" lat="44.568937"><ele>69.098335</ele><time>2020-12-16T00:12:00Z</time><extensions><speed>3.619034</speed><course>210.738098</course><hAcc>0.929461</hAcc><vAcc>0.684598</vAcc></extensions></trkpt>
      <trkpt lon="-123.270426" lat="44.568907"><ele>69.024422</ele><time>2020-12-16T00:12:01Z</time><extensions><speed>3.635591</speed><course>206.300461</course><hAcc>0.929413</hAcc><vAcc>0.684548</vAcc></extensions></trkpt>
      <trkpt lon="-123.270444" lat="44.568877"><ele>68.944099</ele><time>2020-12-16T00:12:02Z</time><extensions><speed>3.647297</speed><course>202.599731</course><hAcc>0.929366</hAcc><vAcc>0.684500</vAcc></extensions></trkpt>
      <trkpt lon="-123.270462" lat="44.568847"><ele>68.857826</ele><time>2020-12-16T00:12:03Z</time><extensions><speed>3.654587</speed><course>197.208603</course><hAcc>0.929324</hAcc><vAcc>0.684456</vAcc></extensions></trkpt>
      <trkpt lon="-123.270480" lat="44.568817"><ele>68.766968</ele><time>2020-12-16T00:12:04Z</time><extensions><speed>3.657430</speed><course>203.211685</course><hAcc>0.929290</hAcc><vAcc>0.684421</vAcc></extensions></trkpt>
      <trkpt lon="-123.270498" lat="44.568786"><ele>68.673187</ele><time>2020-12-16T00:12:05Z</time><extensions><speed>3.655618</speed><course>206.548401</course><hAcc>0.929267</hAcc><vAcc>0.684397</vAcc></extensions></trkpt>
      <trkpt lon="-123.270516" lat="44.568756"><ele>68.578400</ele><time>2020-12-16T00:12:06Z</time><extensions><speed>3.649409</speed><course>199.666870</course><hAcc>0.929259</hAcc><vAcc>0.684389</vAcc></extensions></trkpt>
      <trkpt lon="-123.270533" lat="44.568726"><ele>68.485245</ele><time>2020-12-16T00:12:07Z</time><extensions><speed>3.639891</speed><course>195.379929</course><hAcc>0.929267</hAcc><vAcc>0.684397</vAcc></extensions></trkpt>
      <trkpt lon="-123.270550" lat="44.568695"><ele>68.396812</ele><time>2020-12-16T00:12:08Z</time><extensions><speed>3.628280</speed><course>206.469131</course><hAcc>0.929293</hAcc><vAcc>0.684424</vAcc></extensions></trkpt>
      <trkpt lon="-123.270567" lat="44.568665"><ele>68.316101</ele><time>2020-12-16T00:12:09Z</time><extensions><speed>3.615496</speed><course>196.663696</course><hAcc>0.929336</hAcc><vAcc>0.684469</vAcc></extensions></trkpt>
      <trkpt lon="-123.270583" lat="44.568635"><ele>68.246330</ele><time>2020-12-16T00:12:10Z</time><extensions><speed>3.602727</speed><course>209.347580</course><hAcc>0.929395</hAcc><vAcc>0.684529</vAcc></extensions></trkpt>
      <trkpt lon="-123.270599" lat="44.568604"><ele>68.190681</ele><time>2020-12-16T00:12:11Z</time><extensions><speed>3.590692</speed><course>201.285172</course><hAcc>0.929467</hAcc><vAcc>0.684603</vAcc></extensions></trkpt>
      <trkpt lon="-123.270615" lat="44.568574"><ele>68.151390</ele><time>2020-12-16T00:12:12Z</time><extensions><speed>3.578781</speed><course>203.034027</course><hAcc>0.929547</hAcc><vAcc>0.684686</vAcc></extensions></trkpt>
      <trkpt lon="-123.270630" lat="44.568544"><ele>68.129250</ele><time>2020-12-16T00:12:13Z</time><extensions><speed>3.566374</speed><course>200.628265</course><hAcc>0.929631</hAcc><vAcc>0.684773</vAcc></extensions></trkpt>
      <trkpt lon="-123.270646" lat="44.568514"><ele>68.123314</ele><time>2020-12-16T00:12:14Z</time><extensions><speed>3.553732</speed><course>197.429932</course><hAcc>0.929712</hAcc><vAcc>0.684856</vAcc></extensions></trkpt>
      <trkpt lon="-123.270661" lat="44.568484"><ele>68.131233</ele><time>2020-12-16T00:12:15Z</time><extensions><speed>3.541503</speed><course>193.025009</course><hAcc>0.929784</hAcc><vAcc>0.684930</vAcc></extensions></trkpt>
      <trkpt lon="-123.270676" lat="44.568454"><ele>68.150421</ele><time>2020-12-16T00:12:16Z</time><extensions><speed>3.530551</speed><course>195.353729</course><hAcc>0.929846</hAcc><vAcc>0.684994</vAcc></extensions></trkpt>
      <trkpt lon="-123.270691" lat="44.568424"><ele>68.179070</ele><time>2020-12-16T00:12:17Z</time><extensions><speed>3.521579</speed><course>202.215546</course><hAcc>0.929896</hAcc><vAcc>0.685045</vAcc></extensions></trkpt>
      <trkpt lon="-123.270706" lat="44.568394"><ele>68.216026</ele><time>2020-12-16T00:12:18Z</time><extensions><speed>3.515115</speed><course>210.078690</course><hAcc>0.929931</hAcc><vAcc>0.685082</vAcc></extensions></trkpt>
      <trkpt lon="-123.270721" lat="44.568364"><ele>68.260262</ele><time>2020-12-16T00:12:19Z</time><extensions><speed>3.510893</speed><course>199.863953</course><hAcc>0.929948</hAcc><vAcc>0.685099</vAcc></extensions></trkpt>
      <trkpt lon="-123.270736" lat="44.568335"><ele>68.311226</ele><time>2020-12-16T00:12:20Z</time><extensions><speed>3.508099</speed><course>203.463150</course><hAcc>0.929944</hAcc><vAcc>0.685095</vAcc></extensions></trkpt>
      <trkpt lon="-123.270751" lat="44.568305"><ele>68.368500</ele><time>2020-12-16T00:12:21Z</time><extensions><speed>3.505593</speed><course>198.730148</course><hAcc>0.929921</hAcc><vAcc>0.685071</vAcc></extensions></trkpt>
      <trkpt lon="-123.270766" lat="44.568275"><ele>68.430687</ele><time>2020-12-16T00:12:22Z</time><extensions><speed>3.501857</speed><course>199.766876</course><hAcc>0.929883</hAcc><vAcc>0.685032</vAcc></extensions></trkpt>
      <trkpt lon="-123.270781" lat="44.568246"><ele>68.495140</ele><time>2020-12-16T00:12:23Z</time><extensions><speed>3.495204</speed><course>195.749954</course><hAcc>0.929832</hAcc><vAcc>0.684979</vAcc></extensions></trkpt>
      <trkpt lon="-123.270796" lat="44.568216"><ele>68.558685</ele><time>2020-12-16T00:12:24Z</time><extensions><speed>3.484182</speed><course>200.636017</course><hAcc>0.929770</hAcc><vAcc>0.684916</vAcc></extensions></trkpt>
      <trkpt lon="-123.270811" lat="44.568187"><ele>68.617996</ele><time>2020-12-16T00:12:25Z</time><extensions><speed>3.469190</speed><course>199.799698</course><hAcc>0.929702</hAcc><vAcc>0.684846</vAcc></extensions></trkpt>
      <trkpt lon="-123.270826" lat="44.568158"><ele>68.669449</ele><time>2020-12-16T00:12:26Z</time><extensions><speed>3.450055</speed><course>203.975311</course><hAcc>0.929631</hAcc><vAcc>0.684773</vAcc></extensions></trkpt>
      <trkpt lon="-123.270842" lat="44.568129"><ele>68.710037</ele><time>2020-12-16T00:12:27Z</time><extensions><speed>3.425275</speed><course>199.175598</course><hAcc>0.929564</hAcc><vAcc>0.684704</vAcc></extensions></trkpt>
      <trkpt lon="-123.270856" lat="44.568100"><ele>68.738251</ele><time>2020-12-16T00:12:28Z</time><extensions><speed>3.394188</speed><course>203.690918</course><hAcc>0.929508</hAcc><vAcc>0.684648</vAcc></extensions></trkpt>
      <trkpt lon="-123.270871" lat="44.568072"><ele>68.753685</ele><time>2020-12-16T00:12:29Z</time><extensions><speed>3.356662</speed><course>195.007507</course><hAcc>0.929470</hAcc><vAcc>0.684609</vAcc></extensions></trkpt>
      <trkpt lon="-123.270886" lat="44.568043"><ele>68.756813</ele><time>2020-12-16T00:12:30Z</time><extensions><speed>3.313610</speed><course>197.379303</course><hAcc>0.929452</hAcc><vAcc>0.684590</vAcc></extensions></trkpt>
      <trkpt lon="-123.270900" lat="44.568016"><ele>68.749496</ele><time>2020-12-16T00:12:31Z</time><extensions><speed>3.267050</speed><course>202.936020</course><hAcc>0.929451</hAcc><vAcc>0.684591</vAcc></extensions></trkpt>
      <trkpt lon="-123.270914" lat="44.567988"><ele>68.735367</ele><time>2020-12-16T00:12:32Z</time><extensions><speed>3.219077</speed><course>202.402252</course><hAcc>0.929464</hAcc><vAcc>0.684605</vAcc></extensions></trkpt>
      <trkpt lon="-123.270928" lat="44.567961"><ele>68.718948</ele><time>2020-12-16T00:12:33Z</time><extensions><speed>3.171207</speed><course>210.364548</course><hAcc>0.929480</hAcc><vAcc>0.684623</vAcc></extensions></trkpt>
      <trkpt lon="-123.270941" lat="44.567935"><ele>68.704399</ele><time>2020-12-16T00:12:34Z</time><extensions><speed>3.123874</speed><course>195.654144</course><hAcc>0.929491</hAcc><vAcc>0.684637</vAcc></extensions></trkpt>
      <trkpt lon="-123.270954" lat="44.567908"><ele>68.695518</ele><time>2020-12-16T00:12:35Z</time><extensions><speed>3.076490</speed><course>191.079483</course><hAcc>0.929489</hAcc><vAcc>0.684638</vAcc></extensions></trkpt>
      <trkpt lon="-123.270967" lat="44.567882"><ele>68.695549</ele><time>2020-12-16T00:12:35Z</time><extensions><speed>3.028892</speed><course>206.588272</course><hAcc>0.929485</hAcc><vAcc>0.684634</vAcc></extensions></trkpt>
      <trkpt lon="-123.270979" lat="44.567857"><ele>68.706718</ele><time>2020-12-16T00:12:36Z</time><extensions><speed>2.980250</speed><course>206.562729</course><hAcc>0.929480</hAcc><vAcc>0.684624</vAcc></extensions></trkpt>
      <trkpt lon="-123.270990" lat="44.567831"><ele>68.729683</ele><time>2020-12-16T00:12:37Z</time><extensions><speed>2.929555</speed><course>204.040985</course><hAcc>0.929456</hAcc><vAcc>0.684595</vAcc></extensions></trkpt>
      <trkpt lon="-123.271001" lat="44.567806"><ele>68.763550</ele><time>2020-12-16T00:12:38Z</time><extensions><speed>2.878492</speed><course>199.579681</course><hAcc>0.929415</hAcc><vAcc>0.684550</vAcc></extensions></trkpt>
      <trkpt lon="-123.271010" lat="44.567782"><ele>68.807327</ele><time>2020-12-16T00:12:39Z</time><extensions><speed>2.830306</speed><course>207.673599</course><hAcc>0.929359</hAcc><vAcc>0.684490</vAcc></extensions></trkpt>
      <trkpt lon="-123.271019" lat="44.567757"><ele>68.860161</ele><time>2020-12-16T00:12:40Z</time><extensions><speed>2.786887</speed><course>190.887924</course><hAcc>0.929292</hAcc><vAcc>0.684419</vAcc></extensions></trkpt>
      <trkpt lon="-123.271028" lat="44.567733"><ele>68.920494</ele><time>2020-12-16T00:12:41Z</time><extensions><speed>2.749133</speed><course>188.633057</course><hAcc>0.929218</hAcc><vAcc>0.684342</vAcc></extensions></trkpt>
      <trkpt lon="-123.271035" lat="44.567709"><ele>68.985588</ele><time>2020-12-16T00:12:42Z</time><extensions><speed>2.718217</speed><course>209.154373</course><hAcc>0.929142</hAcc><vAcc>0.684262</vAcc></extensions></trkpt>
      <trkpt lon="-123.271042" lat="44.567685"><ele>69.051949</ele><time>2020-12-16T00:12:43Z</time><extensions><speed>2.696121</speed><course>205.025482</course><hAcc>0.929067</hAcc><vAcc>0.684185</vAcc></extensions></trkpt>
      <trkpt lon="-123.271048" lat="44.567661"><ele>69.116150</ele><time>2020-12-16T00:12:44Z</time><extensions><speed>2.685947</speed><course>203.186127</course><hAcc>0.929000</hAcc><vAcc>0.684116</vAcc></extensions></trkpt>
      <trkpt lon="-123.271053" lat="44.567637"><ele>69.175087</ele><time>2020-12-16T00:12:45Z</time><extensions><speed>2.690906</speed><course>185.991241</course><hAcc>0.928947</hAcc><vAcc>0.684061</vAcc></extensions></trkpt>
      <trkpt lon="-123.271058" lat="44.567613"><ele>69.226219</ele><time>2020-12-16T00:12:46Z</time><extensions><speed>2.712973</speed><course>191.476257</course><hAcc>0.928913</hAcc><vAcc>0.684026</vAcc></extensions></trkpt>
      <trkpt lon="-123.271063" lat="44.567589"><ele>69.267891</ele><time>2020-12-16T00:12:47Z</time><extensions><speed>2.751761</speed><course>185.230698</course><hAcc>0.928905</hAcc><vAcc>0.684018</vAcc></extensions></trkpt>
      <trkpt lon="-123.271067" lat="44.567564"><ele>69.298813</ele><time>2020-12-16T00:12:48Z</time><extensions><speed>2.803313</speed><course>194.006577</course><hAcc>0.928927</hAcc><vAcc>0.684039</vAcc></extensions></trkpt>
      <trkpt lon="-123.271072" lat="44.567539"><ele>69.317612</ele><time>2020-12-16T00:12:49Z</time><extensions><speed>2.861327</speed><course>196.698212</course><hAcc>0.928977</hAcc><vAcc>0.684091</vAcc></extensions></trkpt>
      <trkpt lon="-123.271077" lat="44.567513"><ele>69.322662</ele><time>2020-12-16T00:12:50Z</time><extensions><speed>2.919978</speed><course>189.936676</course><hAcc>0.929051</hAcc><vAcc>0.684168</vAcc></extensions></trkpt>
      <trkpt lon="-123.271082" lat="44.567487"><ele>69.312469</ele><time>2020-12-16T00:12:51Z</time><extensions><speed>2.975274</speed><course>175.871399</course><hAcc>0.929145</hAcc><vAcc>0.684263</vAcc></extensions></trkpt>
      <trkpt lon="-123.271088" lat="44.567460"><ele>69.286530</ele><time>2020-12-16T00:12:52Z</time><extensions><speed>3.024018</speed><course>151.123825</course><hAcc>0.929248</hAcc><vAcc>0.684370</vAcc></extensions></trkpt>
      <trkpt lon="-123.271095" lat="44.567433"><ele>69.245361</ele><time>2020-12-16T00:12:53Z</time><extensions><speed>3.062905</speed><course>163.304916</course><hAcc>0.929351</hAcc><vAcc>0.684476</vAcc></extensions></trkpt>
      <trkpt lon="-123.271103" lat="44.567406"><ele>69.190056</ele><time>2020-12-16T00:12:54Z</time><extensions><speed>3.088974</speed><course>191.284103</course><hAcc>0.929446</hAcc><vAcc>0.684573</vAcc></extensions></trkpt>
      <trkpt lon="-123.271113" lat="44.567379"><ele>69.122032</ele><time>2020-12-16T00:12:55Z</time><extensions><speed>3.099849</speed><course>197.366394</course><hAcc>0.929526</hAcc><vAcc>0.684656</vAcc></extensions></trkpt>
      <trkpt lon="-123.271123" lat="44.567352"><ele>69.042519</ele><time>2020-12-16T00:12:56Z</time><extensions><speed>3.093337</speed><course>202.708740</course><hAcc>0.929589</hAcc><vAcc>0.684721</vAcc></extensions></trkpt>
      <trkpt lon="-123.271135" lat="44.567326"><ele>68.952652</ele><time>2020-12-16T00:12:57Z</time><extensions><speed>3.066523</speed><course>207.993820</course><hAcc>0.929634</hAcc><vAcc>0.684767</vAcc></extensions></trkpt>
      <trkpt lon="-123.271147" lat="44.567300"><ele>68.853859</ele><time>2020-12-16T00:12:58Z</time><extensions><speed>3.016869</speed><course>204.542328</course><hAcc>0.929660</hAcc><vAcc>0.684794</vAcc></extensions></trkpt>
      <trkpt lon="-123.271160" lat="44.567275"><ele>68.747978</ele><time>2020-12-16T00:12:59Z</time><extensions><speed>2.944698</speed><course>206.818604</course><hAcc>0.929665</hAcc><vAcc>0.684800</vAcc></extensions></trkpt>
      <trkpt lon="-123.271173" lat="44.567250"><ele>68.637451</ele><time>2020-12-16T00:13:00Z</time><extensions><speed>2.851431</speed><course>198.941986</course><hAcc>0.929650</hAcc><vAcc>0.684784</vAcc></extensions></trkpt>
      <trkpt lon="-123.271187" lat="44.567227"><ele>68.525063</ele><time>2020-12-16T00:13:01Z</time><extensions><speed>2.738055</speed><course>208.271103</course><hAcc>0.929614</hAcc><vAcc>0.684747</vAcc></extensions></trkpt>
      <trkpt lon="-123.271201" lat="44.567205"><ele>68.413322</ele><time>2020-12-16T00:13:02Z</time><extensions><speed>2.606277</speed><course>206.565796</course><hAcc>0.929563</hAcc><vAcc>0.684695</vAcc></extensions></trkpt>
      <trkpt lon="-123.271215" lat="44.567185"><ele>68.304367</ele><time>2020-12-16T00:13:03Z</time><extensions><speed>2.458652</speed><course>217.542496</course><hAcc>0.929504</hAcc><vAcc>0.684634</vAcc></extensions></trkpt>
      <trkpt lon="-123.271229" lat="44.567166"><ele>68.200546</ele><time>2020-12-16T00:13:04Z</time><extensions><speed>2.297560</speed><course>208.154770</course><hAcc>0.929443</hAcc><vAcc>0.684571</vAcc></extensions></trkpt>
      <trkpt lon="-123.271242" lat="44.567149"><ele>68.104576</ele><time>2020-12-16T00:13:05Z</time><extensions><speed>2.126990</speed><course>214.419464</course><hAcc>0.929383</hAcc><vAcc>0.684509</vAcc></extensions></trkpt>
      <trkpt lon="-123.271256" lat="44.567133"><ele>68.019005</ele><time>2020-12-16T00:13:06Z</time><extensions><speed>1.952878</speed><course>223.114532</course><hAcc>0.929326</hAcc><vAcc>0.684449</vAcc></extensions></trkpt>
      <trkpt lon="-123.271269" lat="44.567119"><ele>67.946190</ele><time>2020-12-16T00:13:07Z</time><extensions><speed>1.781744</speed><course>230.809158</course><hAcc>0.929272</hAcc><vAcc>0.684393</vAcc></extensions></trkpt>
      <trkpt lon="-123.271281" lat="44.567107"><ele>67.888298</ele><time>2020-12-16T00:13:08Z</time><extensions><speed>1.622354</speed><course>234.877472</course><hAcc>0.929220</hAcc><vAcc>0.684339</vAcc></extensions></trkpt>
      <trkpt lon="-123.271294" lat="44.567096"><ele>67.846802</ele><time>2020-12-16T00:13:09Z</time><extensions><speed>1.485623</speed><course>218.398605</course><hAcc>0.929172</hAcc><vAcc>0.684289</vAcc></extensions></trkpt>
      <trkpt lon="-123.271306" lat="44.567086"><ele>67.822418</ele><time>2020-12-16T00:13:10Z</time><extensions><speed>1.382609</speed><course>197.413757</course><hAcc>0.929127</hAcc><vAcc>0.684242</vAcc></extensions></trkpt>
      <trkpt lon="-123.271319" lat="44.567078"><ele>67.815071</ele><time>2020-12-16T00:13:11Z</time><extensions><speed>1.322706</speed><course>197.413757</course><hAcc>0.929084</hAcc><vAcc>0.684197</vAcc></extensions></trkpt>
      <trkpt lon="-123.271332" lat="44.567072"><ele>67.823822</ele><time>2020-12-16T00:13:12Z</time><extensions><speed>1.311764</speed><course>197.413757</course><hAcc>0.929042</hAcc><vAcc>0.684152</vAcc></extensions></trkpt>
      <trkpt lon="-123.271347" lat="44.567066"><ele>67.847275</ele><time>2020-12-16T00:13:13Z</time><extensions><speed>1.351000</speed><course>197.413757</course><hAcc>0.928999</hAcc><vAcc>0.684108</vAcc></extensions></trkpt>
      <trkpt lon="-123.271363" lat="44.567061"><ele>67.883743</ele><time>2020-12-16T00:13:14Z</time><extensions><speed>1.437028</speed><course>197.413757</course><hAcc>0.928957</hAcc><vAcc>0.684064</vAcc></extensions></trkpt>
      <trkpt lon="-123.271381" lat="44.567056"><ele>67.931160</ele><time>2020-12-16T00:13:15Z</time><extensions><speed>1.562506</speed><course>197.413757</course><hAcc>0.928914</hAcc><vAcc>0.684019</vAcc></extensions></trkpt>
      <trkpt lon="-123.271401" lat="44.567053"><ele>67.986885</ele><time>2020-12-16T00:13:16Z</time><extensions><speed>1.717361</speed><course>222.069260</course><hAcc>0.928870</hAcc><vAcc>0.683975</vAcc></extensions></trkpt>
      <trkpt lon="-123.271423" lat="44.567050"><ele>68.047768</ele><time>2020-12-16T00:13:17Z</time><extensions><speed>1.890716</speed><course>225.509277</course><hAcc>0.928831</hAcc><vAcc>0.683933</vAcc></extensions></trkpt>
      <trkpt lon="-123.271448" lat="44.567047"><ele>68.110428</ele><time>2020-12-16T00:13:18Z</time><extensions><speed>2.072016</speed><course>232.088837</course><hAcc>0.928798</hAcc><vAcc>0.683900</vAcc></extensions></trkpt>
      <trkpt lon="-123.271475" lat="44.567045"><ele>68.171898</ele><time>2020-12-16T00:13:19Z</time><extensions><speed>2.251588</speed><course>242.106842</course><hAcc>0.928779</hAcc><vAcc>0.683879</vAcc></extensions></trkpt>
      <trkpt lon="-123.271504" lat="44.567044"><ele>68.230125</ele><time>2020-12-16T00:13:20Z</time><extensions><speed>2.422210</speed><course>251.941483</course><hAcc>0.928775</hAcc><vAcc>0.683874</vAcc></extensions></trkpt>
      <trkpt lon="-123.271536" lat="44.567043"><ele>68.284050</ele><time>2020-12-16T00:13:21Z</time><extensions><speed>2.579466</speed><course>250.127853</course><hAcc>0.928783</hAcc><vAcc>0.683881</vAcc></extensions></trkpt>
      <trkpt lon="-123.271569" lat="44.567043"><ele>68.333618</ele><time>2020-12-16T00:13:22Z</time><extensions><speed>2.720698</speed><course>238.158676</course><hAcc>0.928795</hAcc><vAcc>0.683893</vAcc></extensions></trkpt>
      <trkpt lon="-123.271604" lat="44.567043"><ele>68.379494</ele><time>2020-12-16T00:13:23Z</time><extensions><speed>2.842761</speed><course>254.059448</course><hAcc>0.928803</hAcc><vAcc>0.683899</vAcc></extensions></trkpt>
      <trkpt lon="-123.271641" lat="44.567043"><ele>68.422562</ele><time>2020-12-16T00:13:24Z</time><extensions><speed>2.941941</speed><course>279.436584</course><hAcc>0.928799</hAcc><vAcc>0.683892</vAcc></extensions></trkpt>
      <trkpt lon="-123.271678" lat="44.567044"><ele>68.463776</ele><time>2020-12-16T00:13:25Z</time><extensions><speed>3.015296</speed><course>287.820496</course><hAcc>0.928777</hAcc><vAcc>0.683868</vAcc></extensions></trkpt>
      <trkpt lon="-123.271716" lat="44.567045"><ele>68.504379</ele><time>2020-12-16T00:13:26Z</time><extensions><speed>3.061673</speed><course>298.704193</course><hAcc>0.928736</hAcc><vAcc>0.683823</vAcc></extensions></trkpt>
      <trkpt lon="-123.271755" lat="44.567044"><ele>68.546074</ele><time>2020-12-16T00:13:27Z</time><extensions><speed>3.082129</speed><course>304.225861</course><hAcc>0.928676</hAcc><vAcc>0.683759</vAcc></extensions></trkpt>
      <trkpt lon="-123.271794" lat="44.567043"><ele>68.590622</ele><time>2020-12-16T00:13:28Z</time><extensions><speed>3.078901</speed><course>289.478943</course><hAcc>0.928603</hAcc><vAcc>0.683680</vAcc></extensions></trkpt>
      <trkpt lon="-123.271832" lat="44.567041"><ele>68.639236</ele><time>2020-12-16T00:13:29Z</time><extensions><speed>3.056851</speed><course>290.580261</course><hAcc>0.928524</hAcc><vAcc>0.683594</vAcc></extensions></trkpt>
      <trkpt lon="-123.271870" lat="44.567038"><ele>68.692734</ele><time>2020-12-16T00:13:31Z</time><extensions><speed>3.023837</speed><course>285.221741</course><hAcc>0.928431</hAcc><vAcc>0.683499</vAcc></extensions></trkpt>
      <trkpt lon="-123.271907" lat="44.567032"><ele>68.751648</ele><time>2020-12-16T00:13:32Z</time><extensions><speed>2.989114</speed><course>287.444031</course><hAcc>0.928335</hAcc><vAcc>0.683405</vAcc></extensions></trkpt>
      <trkpt lon="-123.271943" lat="44.567024"><ele>68.816223</ele><time>2020-12-16T00:13:33Z</time><extensions><speed>2.961521</speed><course>278.161957</course><hAcc>0.928262</hAcc><vAcc>0.683333</vAcc></extensions></trkpt>
      <trkpt lon="-123.271977" lat="44.567014"><ele>68.885452</ele><time>2020-12-16T00:13:34Z</time><extensions><speed>2.947824</speed><course>253.462540</course><hAcc>0.928216</hAcc><vAcc>0.683288</vAcc></extensions></trkpt>
      <trkpt lon="-123.272010" lat="44.567002"><ele>68.956902</ele><time>2020-12-16T00:13:35Z</time><extensions><speed>2.952230</speed><course>244.104156</course><hAcc>0.928201</hAcc><vAcc>0.683274</vAcc></extensions></trkpt>
      <trkpt lon="-123.272042" lat="44.566988"><ele>69.027351</ele><time>2020-12-16T00:13:36Z</time><extensions><speed>2.976569</speed><course>238.642151</course><hAcc>0.928214</hAcc><vAcc>0.683289</vAcc></extensions></trkpt>
      <trkpt lon="-123.272071" lat="44.566971"><ele>69.093491</ele><time>2020-12-16T00:13:37Z</time><extensions><speed>3.019866</speed><course>226.298187</course><hAcc>0.928253</hAcc><vAcc>0.683330</vAcc></extensions></trkpt>
      <trkpt lon="-123.272099" lat="44.566952"><ele>69.152679</ele><time>2020-12-16T00:13:38Z</time><extensions><speed>3.079211</speed><course>212.916885</course><hAcc>0.928312</hAcc><vAcc>0.683391</vAcc></extensions></trkpt>
      <trkpt lon="-123.272125" lat="44.566931"><ele>69.204018</ele><time>2020-12-16T00:13:39Z</time><extensions><speed>3.150311</speed><course>206.958008</course><hAcc>0.928383</hAcc><vAcc>0.683464</vAcc></extensions></trkpt>
      <trkpt lon="-123.272150" lat="44.566909"><ele>69.248627</ele><time>2020-12-16T00:13:40Z</time><extensions><speed>3.227969</speed><course>197.298859</course><hAcc>0.928459</hAcc><vAcc>0.683543</vAcc></extensions></trkpt>
      <trkpt lon="-123.272174" lat="44.566885"><ele>69.288620</ele><time>2020-12-16T00:13:41Z</time><extensions><speed>3.307338</speed><course>205.674057</course><hAcc>0.928534</hAcc><vAcc>0.683620</vAcc></extensions></trkpt>
      <trkpt lon="-123.272196" lat="44.566859"><ele>69.326286</ele><time>2020-12-16T00:13:42Z</time><extensions><speed>3.384653</speed><course>195.224411</course><hAcc>0.928603</hAcc><vAcc>0.683692</vAcc></extensions></trkpt>
      <trkpt lon="-123.272218" lat="44.566833"><ele>69.363907</ele><time>2020-12-16T00:13:43Z</time><extensions><speed>3.456536</speed><course>197.277390</course><hAcc>0.928662</hAcc><vAcc>0.683753</vAcc></extensions></trkpt>
      <trkpt lon="-123.272239" lat="44.566805"><ele>69.403114</ele><time>2020-12-16T00:13:44Z</time><extensions><speed>3.520257</speed><course>199.876205</course><hAcc>0.928709</hAcc><vAcc>0.683801</vAcc></extensions></trkpt>
      <trkpt lon="-123.272260" lat="44.566777"><ele>69.444534</ele><time>2020-12-16T00:13:45Z</time><extensions><speed>3.574543</speed><course>207.578461</course><hAcc>0.928742</hAcc><vAcc>0.683836</vAcc></extensions></trkpt>
      <trkpt lon="-123.272281" lat="44.566748"><ele>69.488113</ele><time>2020-12-16T00:13:46Z</time><extensions><speed>3.619101</speed><course>200.383621</course><hAcc>0.928765</hAcc><vAcc>0.683861</vAcc></extensions></trkpt>
      <trkpt lon="-123.272301" lat="44.566719"><ele>69.533623</ele><time>2020-12-16T00:13:47Z</time><extensions><speed>3.655046</speed><course>201.754517</course><hAcc>0.928784</hAcc><vAcc>0.683881</vAcc></extensions></trkpt>
      <trkpt lon="-123.272322" lat="44.566689"><ele>69.580933</ele><time>2020-12-16T00:13:48Z</time><extensions><speed>3.684084</speed><course>195.021881</course><hAcc>0.928804</hAcc><vAcc>0.683902</vAcc></extensions></trkpt>
      <trkpt lon="-123.272342" lat="44.566660"><ele>69.630333</ele><time>2020-12-16T00:13:49Z</time><extensions><speed>3.707043</speed><course>223.810715</course><hAcc>0.928829</hAcc><vAcc>0.683929</vAcc></extensions></trkpt>
      <trkpt lon="-123.272363" lat="44.566629"><ele>69.682526</ele><time>2020-12-16T00:13:50Z</time><extensions><speed>3.724251</speed><course>225.534775</course><hAcc>0.928864</hAcc><vAcc>0.683965</vAcc></extensions></trkpt>
      <trkpt lon="-123.272383" lat="44.566599"><ele>69.737892</ele><time>2020-12-16T00:13:51Z</time><extensions><speed>3.735489</speed><course>220.204453</course><hAcc>0.928907</hAcc><vAcc>0.684010</vAcc></extensions></trkpt>
      <trkpt lon="-123.272403" lat="44.566569"><ele>69.796463</ele><time>2020-12-16T00:13:52Z</time><extensions><speed>3.740681</speed><course>207.437195</course><hAcc>0.928959</hAcc><vAcc>0.684063</vAcc></extensions></trkpt>
      <trkpt lon="-123.272422" lat="44.566538"><ele>69.857452</ele><time>2020-12-16T00:13:53Z</time><extensions><speed>3.740727</speed><course>205.061462</course><hAcc>0.929014</hAcc><vAcc>0.684120</vAcc></extensions></trkpt>
      <trkpt lon="-123.272442" lat="44.566507"><ele>69.918900</ele><time>2020-12-16T00:13:54Z</time><extensions><speed>3.736530</speed><course>204.380753</course><hAcc>0.929070</hAcc><vAcc>0.684179</vAcc></extensions></trkpt>
      <trkpt lon="-123.272461" lat="44.566477"><ele>69.978249</ele><time>2020-12-16T00:13:55Z</time><extensions><speed>3.729122</speed><course>205.466400</course><hAcc>0.929128</hAcc><vAcc>0.684238</vAcc></extensions></trkpt>
      <trkpt lon="-123.272480" lat="44.566446"><ele>70.032654</ele><time>2020-12-16T00:13:56Z</time><extensions><speed>3.719922</speed><course>204.742859</course><hAcc>0.929186</hAcc><vAcc>0.684298</vAcc></extensions></trkpt>
      <trkpt lon="-123.272499" lat="44.566415"><ele>70.079437</ele><time>2020-12-16T00:13:57Z</time><extensions><speed>3.710124</speed><course>207.746078</course><hAcc>0.929245</hAcc><vAcc>0.684359</vAcc></extensions></trkpt>
      <trkpt lon="-123.272517" lat="44.566385"><ele>70.116951</ele><time>2020-12-16T00:13:58Z</time><extensions><speed>3.700837</speed><course>207.195663</course><hAcc>0.929304</hAcc><vAcc>0.684421</vAcc></extensions></trkpt>
      <trkpt lon="-123.272535" lat="44.566354"><ele>70.145027</ele><time>2020-12-16T00:13:59Z</time><extensions><speed>3.692240</speed><course>189.131012</course><hAcc>0.929363</hAcc><vAcc>0.684482</vAcc></extensions></trkpt>
      <trkpt lon="-123.272554" lat="44.566324"><ele>70.164047</ele><time>2020-12-16T00:14:00Z</time><extensions><speed>3.683551</speed><course>183.558411</course><hAcc>0.929419</hAcc><vAcc>0.684540</vAcc></extensions></trkpt>
      <trkpt lon="-123.272572" lat="44.566293"><ele>70.173515</ele><time>2020-12-16T00:14:01Z</time><extensions><speed>3.674017</speed><course>195.350739</course><hAcc>0.929469</hAcc><vAcc>0.684592</vAcc></extensions></trkpt>
      <trkpt lon="-123.272590" lat="44.566263"><ele>70.172333</ele><time>2020-12-16T00:14:02Z</time><extensions><speed>3.663225</speed><course>197.266235</course><hAcc>0.929513</hAcc><vAcc>0.684637</vAcc></extensions></trkpt>
      <trkpt lon="-123.272609" lat="44.566233"><ele>70.160393</ele><time>2020-12-16T00:14:03Z</time><extensions><speed>3.651373</speed><course>205.622711</course><hAcc>0.929551</hAcc><vAcc>0.684676</vAcc></extensions></trkpt>
      <trkpt lon="-123.272627" lat="44.566203"><ele>70.138855</ele><time>2020-12-16T00:14:04Z</time><extensions><speed>3.638228</speed><course>221.374588</course><hAcc>0.929585</hAcc><vAcc>0.684711</vAcc></extensions></trkpt>
      <trkpt lon="-123.272646" lat="44.566173"><ele>70.109245</ele><time>2020-12-16T00:14:05Z</time><extensions><speed>3.623074</speed><course>209.234909</course><hAcc>0.929615</hAcc><vAcc>0.684742</vAcc></extensions></trkpt>
      <trkpt lon="-123.272664" lat="44.566143"><ele>70.072578</ele><time>2020-12-16T00:14:06Z</time><extensions><speed>3.606562</speed><course>195.211166</course><hAcc>0.929638</hAcc><vAcc>0.684766</vAcc></extensions></trkpt>
      <trkpt lon="-123.272683" lat="44.566114"><ele>70.030266</ele><time>2020-12-16T00:14:07Z</time><extensions><speed>3.589881</speed><course>208.107025</course><hAcc>0.929652</hAcc><vAcc>0.684780</vAcc></extensions></trkpt>
      <trkpt lon="-123.272702" lat="44.566084"><ele>69.984940</ele><time>2020-12-16T00:14:08Z</time><extensions><speed>3.572613</speed><course>195.187225</course><hAcc>0.929653</hAcc><vAcc>0.684781</vAcc></extensions></trkpt>
      <trkpt lon="-123.272720" lat="44.566055"><ele>69.939949</ele><time>2020-12-16T00:14:09Z</time><extensions><speed>3.554952</speed><course>191.568604</course><hAcc>0.929641</hAcc><vAcc>0.684768</vAcc></extensions></trkpt>
      <trkpt lon="-123.272739" lat="44.566026"><ele>69.899269</ele><time>2020-12-16T00:14:10Z</time><extensions><speed>3.538036</speed><course>210.486542</course><hAcc>0.929615</hAcc><vAcc>0.684741</vAcc></extensions></trkpt>
      <trkpt lon="-123.272758" lat="44.565998"><ele>69.866760</ele><time>2020-12-16T00:14:11Z</time><extensions><speed>3.522210</speed><course>212.406494</course><hAcc>0.929579</hAcc><vAcc>0.684703</vAcc></extensions></trkpt>
      <trkpt lon="-123.272777" lat="44.565969"><ele>69.844772</ele><time>2020-12-16T00:14:12Z</time><extensions><speed>3.507707</speed><course>209.777771</course><hAcc>0.929532</hAcc><vAcc>0.684655</vAcc></extensions></trkpt>
      <trkpt lon="-123.272796" lat="44.565940"><ele>69.834229</ele><time>2020-12-16T00:14:13Z</time><extensions><speed>3.494658</speed><course>214.005844</course><hAcc>0.929475</hAcc><vAcc>0.684595</vAcc></extensions></trkpt>
      <trkpt lon="-123.272815" lat="44.565912"><ele>69.835426</ele><time>2020-12-16T00:14:14Z</time><extensions><speed>3.484144</speed><course>206.697571</course><hAcc>0.929405</hAcc><vAcc>0.684522</vAcc></extensions></trkpt>
      <trkpt lon="-123.272834" lat="44.565884"><ele>69.848114</ele><time>2020-12-16T00:14:15Z</time><extensions><speed>3.477743</speed><course>195.097412</course><hAcc>0.929325</hAcc><vAcc>0.684439</vAcc></extensions></trkpt>
      <trkpt lon="-123.272853" lat="44.565856"><ele>69.870956</ele><time>2020-12-16T00:14:16Z</time><extensions><speed>3.476512</speed><course>195.150330</course><hAcc>0.929234</hAcc><vAcc>0.684344</vAcc></extensions></trkpt>
      <trkpt lon="-123.272873" lat="44.565828"><ele>69.901878</ele><time>2020-12-16T00:14:17Z</time><extensions><speed>3.480676</speed><course>189.333557</course><hAcc>0.929136</hAcc><vAcc>0.684243</vAcc></extensions></trkpt>
      <trkpt lon="-123.272894" lat="44.565800"><ele>69.938393</ele><time>2020-12-16T00:14:18Z</time><extensions><speed>3.488565</speed><course>194.360275</course><hAcc>0.929036</hAcc><vAcc>0.684139</vAcc></extensions></trkpt>
      <trkpt lon="-123.272914" lat="44.565773"><ele>69.977692</ele><time>2020-12-16T00:14:19Z</time><extensions><speed>3.498132</speed><course>219.257614</course><hAcc>0.928937</hAcc><vAcc>0.684037</vAcc></extensions></trkpt>
      <trkpt lon="-123.272935" lat="44.565745"><ele>70.016556</ele><time>2020-12-16T00:14:20Z</time><extensions><speed>3.507959</speed><course>213.155258</course><hAcc>0.928845</hAcc><vAcc>0.683941</vAcc></extensions></trkpt>
      <trkpt lon="-123.272957" lat="44.565717"><ele>70.051613</ele><time>2020-12-16T00:14:21Z</time><extensions><speed>3.517179</speed><course>218.603363</course><hAcc>0.928762</hAcc><vAcc>0.683854</vAcc></extensions></trkpt>
      <trkpt lon="-123.272979" lat="44.565690"><ele>70.080696</ele><time>2020-12-16T00:14:22Z</time><extensions><speed>3.525340</speed><course>216.530075</course><hAcc>0.928691</hAcc><vAcc>0.683780</vAcc></extensions></trkpt>
      <trkpt lon="-123.273001" lat="44.565662"><ele>70.103134</ele><time>2020-12-16T00:14:23Z</time><extensions><speed>3.532757</speed><course>212.335159</course><hAcc>0.928634</hAcc><vAcc>0.683721</vAcc></extensions></trkpt>
      <trkpt lon="-123.273024" lat="44.565635"><ele>70.119209</ele><time>2020-12-16T00:14:24Z</time><extensions><speed>3.540311</speed><course>217.087051</course><hAcc>0.928591</hAcc><vAcc>0.683675</vAcc></extensions></trkpt>
      <trkpt lon="-123.273046" lat="44.565607"><ele>70.129951</ele><time>2020-12-16T00:14:25Z</time><extensions><speed>3.548539</speed><course>219.156830</course><hAcc>0.928560</hAcc><vAcc>0.683641</vAcc></extensions></trkpt>
      <trkpt lon="-123.273069" lat="44.565580"><ele>70.136574</ele><time>2020-12-16T00:14:26Z</time><extensions><speed>3.558095</speed><course>220.159729</course><hAcc>0.928537</hAcc><vAcc>0.683616</vAcc></extensions></trkpt>
      <trkpt lon="-123.273091" lat="44.565552"><ele>70.139984</ele><time>2020-12-16T00:14:27Z</time><extensions><speed>3.568588</speed><course>212.680099</course><hAcc>0.928520</hAcc><vAcc>0.683597</vAcc></extensions></trkpt>
      <trkpt lon="-123.273114" lat="44.565524"><ele>70.140976</ele><time>2020-12-16T00:14:28Z</time><extensions><speed>3.577458</speed><course>204.010696</course><hAcc>0.928507</hAcc><vAcc>0.683582</vAcc></extensions></trkpt>
      <trkpt lon="-123.273136" lat="44.565496"><ele>70.140366</ele><time>2020-12-16T00:14:29Z</time><extensions><speed>3.581996</speed><course>203.290024</course><hAcc>0.928498</hAcc><vAcc>0.683572</vAcc></extensions></trkpt>
      <trkpt lon="-123.273158" lat="44.565468"><ele>70.138771</ele><time>2020-12-16T00:14:30Z</time><extensions><speed>3.581234</speed><course>217.169754</course><hAcc>0.928496</hAcc><vAcc>0.683568</vAcc></extensions></trkpt>
      <trkpt lon="-123.273180" lat="44.565440"><ele>70.136322</ele><time>2020-12-16T00:14:31Z</time><extensions><speed>3.575125</speed><course>211.844238</course><hAcc>0.928502</hAcc><vAcc>0.683574</vAcc></extensions></trkpt>
      <trkpt lon="-123.273201" lat="44.565412"><ele>70.132614</ele><time>2020-12-16T00:14:32Z</time><extensions><speed>3.563928</speed><course>210.659744</course><hAcc>0.928520</hAcc><vAcc>0.683592</vAcc></extensions></trkpt>
      <trkpt lon="-123.273223" lat="44.565383"><ele>70.126938</ele><time>2020-12-16T00:14:33Z</time><extensions><speed>3.548807</speed><course>209.802902</course><hAcc>0.928554</hAcc><vAcc>0.683627</vAcc></extensions></trkpt>
      <trkpt lon="-123.273243" lat="44.565355"><ele>70.118164</ele><time>2020-12-16T00:14:34Z</time><extensions><speed>3.530740</speed><course>213.627960</course><hAcc>0.928605</hAcc><vAcc>0.683682</vAcc></extensions></trkpt>
      <trkpt lon="-123.273264" lat="44.565327"><ele>70.104774</ele><time>2020-12-16T00:14:35Z</time><extensions><speed>3.509837</speed><course>210.267746</course><hAcc>0.928677</hAcc><vAcc>0.683758</vAcc></extensions></trkpt>
      <trkpt lon="-123.273284" lat="44.565299"><ele>70.084717</ele><time>2020-12-16T00:14:36Z</time><extensions><speed>3.486013</speed><course>208.571411</course><hAcc>0.928771</hAcc><vAcc>0.683858</vAcc></extensions></trkpt>
      <trkpt lon="-123.273304" lat="44.565271"><ele>70.055466</ele><time>2020-12-16T00:14:37Z</time><extensions><speed>3.460054</speed><course>202.053589</course><hAcc>0.928896</hAcc><vAcc>0.683988</vAcc></extensions></trkpt>
      <trkpt lon="-123.273324" lat="44.565244"><ele>70.015221</ele><time>2020-12-16T00:14:38Z</time><extensions><speed>3.434359</speed><course>187.239731</course><hAcc>0.929062</hAcc><vAcc>0.684157</vAcc></extensions></trkpt>
      <trkpt lon="-123.273344" lat="44.565217"><ele>69.964104</ele><time>2020-12-16T00:14:39Z</time><extensions><speed>3.412258</speed><course>179.705673</course><hAcc>0.929288</hAcc><vAcc>0.684381</vAcc></extensions></trkpt>
      <trkpt lon="-123.273365" lat="44.565190"><ele>69.904228</ele><time>2020-12-16T00:14:40Z</time><extensions><speed>3.395701</speed><course>188.258942</course><hAcc>0.929600</hAcc><vAcc>0.684680</vAcc></extensions></trkpt>
      <trkpt lon="-123.273386" lat="44.565163"><ele>69.838951</ele><time>2020-12-16T00:14:41Z</time><extensions><speed>3.384941</speed><course>214.134476</course><hAcc>0.930033</hAcc><vAcc>0.685081</vAcc></extensions></trkpt>
      <trkpt lon="-123.273407" lat="44.565137"><ele>69.772507</ele><time>2020-12-16T00:14:41Z</time><extensions><speed>3.380956</speed><course>225.196655</course><hAcc>0.930646</hAcc><vAcc>0.685626</vAcc></extensions></trkpt>
      <trkpt lon="-123.273428" lat="44.565111"><ele>69.709801</ele><time>2020-12-16T00:14:42Z</time><extensions><speed>3.384707</speed><course>240.696762</course><hAcc>0.931486</hAcc><vAcc>0.686350</vAcc></extensions></trkpt>
      <trkpt lon="-123.273451" lat="44.565084"><ele>69.655510</ele><time>2020-12-16T00:14:43Z</time><extensions><speed>3.394770</speed><course>243.123413</course><hAcc>0.932581</hAcc><vAcc>0.687270</vAcc></extensions></trkpt>
      <trkpt lon="-123.273473" lat="44.565059"><ele>69.611855</ele><time>2020-12-16T00:14:44Z</time><extensions><speed>3.406879</speed><course>215.346848</course><hAcc>0.933968</hAcc><vAcc>0.688407</vAcc></extensions></trkpt>
      <trkpt lon="-123.273496" lat="44.565033"><ele>69.578163</ele><time>2020-12-16T00:14:45Z</time><extensions><speed>3.416908</speed><course>212.431259</course><hAcc>0.935666</hAcc><vAcc>0.689765</vAcc></extensions></trkpt>
      <trkpt lon="-123.273520" lat="44.565007"><ele>69.552139</ele><time>2020-12-16T00:14:46Z</time><extensions><speed>3.422817</speed><course>209.882065</course><hAcc>0.937665</hAcc><vAcc>0.691323</vAcc></extensions></trkpt>
      <trkpt lon="-123.273544" lat="44.564981"><ele>69.530861</ele><time>2020-12-16T00:14:47Z</time><extensions><speed>3.423331</speed><course>219.101425</course><hAcc>0.939909</hAcc><vAcc>0.693026</vAcc></extensions></trkpt>
      <trkpt lon="-123.273568" lat="44.564956"><ele>69.510635</ele><time>2020-12-16T00:14:48Z</time><extensions><speed>3.417022</speed><course>218.231659</course><hAcc>0.942288</hAcc><vAcc>0.694780</vAcc></extensions></trkpt>
      <trkpt lon="-123.273593" lat="44.564931"><ele>69.487442</ele><time>2020-12-16T00:14:49Z</time><extensions><speed>3.403529</speed><course>214.346100</course><hAcc>0.944635</hAcc><vAcc>0.696452</vAcc></extensions></trkpt>
      <trkpt lon="-123.273618" lat="44.564906"><ele>69.458069</ele><time>2020-12-16T00:14:50Z</time><extensions><speed>3.384231</speed><course>210.477829</course><hAcc>0.946738</hAcc><vAcc>0.697883</vAcc></extensions></trkpt>
      <trkpt lon="-123.273643" lat="44.564881"><ele>69.421501</ele><time>2020-12-16T00:14:51Z</time><extensions><speed>3.361143</speed><course>221.368820</course><hAcc>0.948370</hAcc><vAcc>0.698920</vAcc></extensions></trkpt>
      <trkpt lon="-123.273669" lat="44.564858"><ele>69.379501</ele><time>2020-12-16T00:14:52Z</time><extensions><speed>3.336279</speed><course>205.196915</course><hAcc>0.949360</hAcc><vAcc>0.699471</vAcc></extensions></trkpt>
      <trkpt lon="-123.273695" lat="44.564834"><ele>69.335350</ele><time>2020-12-16T00:14:53Z</time><extensions><speed>3.311736</speed><course>210.751617</course><hAcc>0.949712</hAcc><vAcc>0.699601</vAcc></extensions></trkpt>
      <trkpt lon="-123.273722" lat="44.564812"><ele>69.292618</ele><time>2020-12-16T00:14:54Z</time><extensions><speed>3.289954</speed><course>194.763199</course><hAcc>0.949791</hAcc><vAcc>0.699663</vAcc></extensions></trkpt>
      <trkpt lon="-123.273750" lat="44.564790"><ele>69.254951</ele><time>2020-12-16T00:14:55Z</time><extensions><speed>3.272655</speed><course>196.965622</course><hAcc>0.950595</hAcc><vAcc>0.700504</vAcc></extensions></trkpt>
      <trkpt lon="-123.273778" lat="44.564769"><ele>69.225349</ele><time>2020-12-16T00:14:56Z</time><extensions><speed>3.260456</speed><course>203.765411</course><hAcc>0.954118</hAcc><vAcc>0.703706</vAcc></extensions></trkpt>
      <trkpt lon="-123.273808" lat="44.564748"><ele>69.205376</ele><time>2020-12-16T00:14:57Z</time><extensions><speed>3.253320</speed><course>212.402969</course><hAcc>0.963765</hAcc><vAcc>0.711857</vAcc></extensions></trkpt>
      <trkpt lon="-123.273838" lat="44.564729"><ele>69.195236</ele><time>2020-12-16T00:14:58Z</time><extensions><speed>3.250150</speed><course>236.624130</course><hAcc>0.984692</hAcc><vAcc>0.728738</vAcc></extensions></trkpt>
      <trkpt lon="-123.273869" lat="44.564710"><ele>69.193985</ele><time>2020-12-16T00:14:59Z</time><extensions><speed>3.250064</speed><course>233.310699</course><hAcc>1.023809</hAcc><vAcc>0.759256</vAcc></extensions></trkpt>
      <trkpt lon="-123.273907" lat="44.564695"><ele>69.263390</ele><time>2020-12-16T00:15:00Z</time><extensions><speed>3.498425</speed><course>228.407959</course><hAcc>0.982037</hAcc><vAcc>0.727041</vAcc></extensions></trkpt>
      <trkpt lon="-123.273949" lat="44.564687"><ele>69.468285</ele><time>2020-12-16T00:15:01Z</time><extensions><speed>3.510559</speed><course>181.169235</course><hAcc>0.959811</hAcc><vAcc>0.708969</vAcc></extensions></trkpt>
      <trkpt lon="-123.273992" lat="44.564680"><ele>69.662338</ele><time>2020-12-16T00:15:02Z</time><extensions><speed>3.521540</speed><course>180.651520</course><hAcc>0.950186</hAcc><vAcc>0.700614</vAcc></extensions></trkpt>
      <trkpt lon="-123.274036" lat="44.564673"><ele>69.842857</ele><time>2020-12-16T00:15:03Z</time><extensions><speed>3.530169</speed><course>177.246353</course><hAcc>0.947328</hAcc><vAcc>0.697735</vAcc></extensions></trkpt>
      <trkpt lon="-123.274079" lat="44.564666"><ele>70.007210</ele><time>2020-12-16T00:15:04Z</time><extensions><speed>3.536116</speed><course>181.165649</course><hAcc>0.947385</hAcc><vAcc>0.697419</vAcc></extensions></trkpt>
      <trkpt lon="-123.274123" lat="44.564660"><ele>70.152695</ele><time>2020-12-16T00:15:05Z</time><extensions><speed>3.539359</speed><course>180.461334</course><hAcc>0.948109</hAcc><vAcc>0.697891</vAcc></extensions></trkpt>
      <trkpt lon="-123.274167" lat="44.564655"><ele>70.276840</ele><time>2020-12-16T00:15:07Z</time><extensions><speed>3.539208</speed><course>166.536957</course><hAcc>0.948373</hAcc><vAcc>0.698201</vAcc></extensions></trkpt>
      <trkpt lon="-123.274211" lat="44.564650"><ele>70.377647</ele><time>2020-12-16T00:15:08Z</time><extensions><speed>3.534681</speed><course>136.963715</course><hAcc>0.947784</hAcc><vAcc>0.697960</vAcc></extensions></trkpt>
      <trkpt lon="-123.274255" lat="44.564645"><ele>70.454895</ele><time>2020-12-16T00:15:09Z</time><extensions><speed>3.524844</speed><course>119.000587</course><hAcc>0.946380</hAcc><vAcc>0.697123</vAcc></extensions></trkpt>
      <trkpt lon="-123.274299" lat="44.564641"><ele>70.509338</ele><time>2020-12-16T00:15:10Z</time><extensions><speed>3.509271</speed><course>105.829887</course><hAcc>0.944369</hAcc><vAcc>0.695801</vAcc></extensions></trkpt>
      <trkpt lon="-123.274342" lat="44.564638"><ele>70.542267</ele><time>2020-12-16T00:15:11Z</time><extensions><speed>3.488443</speed><course>127.759743</course><hAcc>0.942023</hAcc><vAcc>0.694174</vAcc></extensions></trkpt>
      <trkpt lon="-123.274386" lat="44.564635"><ele>70.555161</ele><time>2020-12-16T00:15:12Z</time><extensions><speed>3.463002</speed><course>108.017120</course><hAcc>0.939596</hAcc><vAcc>0.692427</vAcc></extensions></trkpt>
      <trkpt lon="-123.274429" lat="44.564632"><ele>70.549721</ele><time>2020-12-16T00:15:13Z</time><extensions><speed>3.433352</speed><course>127.930283</course><hAcc>0.937287</hAcc><vAcc>0.690716</vAcc></extensions></trkpt>
      <trkpt lon="-123.274472" lat="44.564630"><ele>70.528221</ele><time>2020-12-16T00:15:14Z</time><extensions><speed>3.401266</speed><course>151.003036</course><hAcc>0.935231</hAcc><vAcc>0.689153</vAcc></extensions></trkpt>
      <trkpt lon="-123.274515" lat="44.564628"><ele>70.494156</ele><time>2020-12-16T00:15:15Z</time><extensions><speed>3.369439</speed><course>205.222900</course><hAcc>0.933500</hAcc><vAcc>0.687806</vAcc></extensions></trkpt>
      <trkpt lon="-123.274557" lat="44.564626"><ele>70.452568</ele><time>2020-12-16T00:15:16Z</time><extensions><speed>3.339350</speed><course>212.527908</course><hAcc>0.932113</hAcc><vAcc>0.686704</vAcc></extensions></trkpt>
      <trkpt lon="-123.274599" lat="44.564625"><ele>70.408875</ele><time>2020-12-16T00:15:17Z</time><extensions><speed>3.311145</speed><course>202.827469</course><hAcc>0.931052</hAcc><vAcc>0.685842</vAcc></extensions></trkpt>
      <trkpt lon="-123.274640" lat="44.564624"><ele>70.367783</ele><time>2020-12-16T00:15:18Z</time><extensions><speed>3.284582</speed><course>194.322556</course><hAcc>0.930272</hAcc><vAcc>0.685194</vAcc></extensions></trkpt>
      <trkpt lon="-123.274681" lat="44.564623"><ele>70.333115</ele><time>2020-12-16T00:15:19Z</time><extensions><speed>3.259089</speed><course>219.056519</course><hAcc>0.929719</hAcc><vAcc>0.684721</vAcc></extensions></trkpt>
      <trkpt lon="-123.274722" lat="44.564622"><ele>70.307289</ele><time>2020-12-16T00:15:20Z</time><extensions><speed>3.234704</speed><course>209.466431</course><hAcc>0.929333</hAcc><vAcc>0.684380</vAcc></extensions></trkpt>
      <trkpt lon="-123.274763" lat="44.564621"><ele>70.291260</ele><time>2020-12-16T00:15:21Z</time><extensions><speed>3.212975</speed><course>210.578140</course><hAcc>0.929066</hAcc><vAcc>0.684134</vAcc></extensions></trkpt>
      <trkpt lon="-123.274803" lat="44.564620"><ele>70.284325</ele><time>2020-12-16T00:15:22Z</time><extensions><speed>3.194979</speed><course>202.670120</course><hAcc>0.928878</hAcc><vAcc>0.683953</vAcc></extensions></trkpt>
      <trkpt lon="-123.274843" lat="44.564620"><ele>70.284142</ele><time>2020-12-16T00:15:23Z</time><extensions><speed>3.182138</speed><course>187.536926</course><hAcc>0.928741</hAcc><vAcc>0.683816</vAcc></extensions></trkpt>
      <trkpt lon="-123.274883" lat="44.564619"><ele>70.288170</ele><time>2020-12-16T00:15:24Z</time><extensions><speed>3.177784</speed><course>196.594711</course><hAcc>0.928635</hAcc><vAcc>0.683705</vAcc></extensions></trkpt>
      <trkpt lon="-123.274923" lat="44.564618"><ele>70.294792</ele><time>2020-12-16T00:15:25Z</time><extensions><speed>3.184930</speed><course>198.213242</course><hAcc>0.928544</hAcc><vAcc>0.683608</vAcc></extensions></trkpt>
      <trkpt lon="-123.274963" lat="44.564617"><ele>70.302933</ele><time>2020-12-16T00:15:26Z</time><extensions><speed>3.205763</speed><course>199.069733</course><hAcc>0.928456</hAcc><vAcc>0.683514</vAcc></extensions></trkpt>
      <trkpt lon="-123.275004" lat="44.564616"><ele>70.311325</ele><time>2020-12-16T00:15:27Z</time><extensions><speed>3.239082</speed><course>202.819763</course><hAcc>0.928361</hAcc><vAcc>0.683414</vAcc></extensions></trkpt>
      <trkpt lon="-123.275045" lat="44.564614"><ele>70.318230</ele><time>2020-12-16T00:15:28Z</time><extensions><speed>3.279937</speed><course>196.131943</course><hAcc>0.928250</hAcc><vAcc>0.683297</vAcc></extensions></trkpt>
      <trkpt lon="-123.275086" lat="44.564613"><ele>70.321892</ele><time>2020-12-16T00:15:29Z</time><extensions><speed>3.324331</speed><course>200.286255</course><hAcc>0.928112</hAcc><vAcc>0.683153</vAcc></extensions></trkpt>
      <trkpt lon="-123.275129" lat="44.564611"><ele>70.320580</ele><time>2020-12-16T00:15:30Z</time><extensions><speed>3.370364</speed><course>201.251785</course><hAcc>0.927940</hAcc><vAcc>0.682973</vAcc></extensions></trkpt>
      <trkpt lon="-123.275171" lat="44.564609"><ele>70.312897</ele><time>2020-12-16T00:15:31Z</time><extensions><speed>3.417565</speed><course>202.202698</course><hAcc>0.927726</hAcc><vAcc>0.682752</vAcc></extensions></trkpt>
      <trkpt lon="-123.275214" lat="44.564608"><ele>70.298737</ele><time>2020-12-16T00:15:32Z</time><extensions><speed>3.465875</speed><course>196.895386</course><hAcc>0.927468</hAcc><vAcc>0.682485</vAcc></extensions></trkpt>
      <trkpt lon="-123.275258" lat="44.564606"><ele>70.279648</ele><time>2020-12-16T00:15:33Z</time><extensions><speed>3.516108</speed><course>193.223190</course><hAcc>0.927165</hAcc><vAcc>0.682171</vAcc></extensions></trkpt>
      <trkpt lon="-123.275303" lat="44.564605"><ele>70.259102</ele><time>2020-12-16T00:15:34Z</time><extensions><speed>3.570535</speed><course>185.192734</course><hAcc>0.926819</hAcc><vAcc>0.681813</vAcc></extensions></trkpt>
      <trkpt lon="-123.275348" lat="44.564603"><ele>70.242531</ele><time>2020-12-16T00:15:35Z</time><extensions><speed>3.631928</speed><course>196.831329</course><hAcc>0.926437</hAcc><vAcc>0.681417</vAcc></extensions></trkpt>
      <trkpt lon="-123.275394" lat="44.564602"><ele>70.237175</ele><time>2020-12-16T00:15:36Z</time><extensions><speed>3.701132</speed><course>197.365341</course><hAcc>0.926029</hAcc><vAcc>0.680995</vAcc></extensions></trkpt>
      <trkpt lon="-123.275441" lat="44.564601"><ele>70.251419</ele><time>2020-12-16T00:15:37Z</time><extensions><speed>3.773879</speed><course>199.280273</course><hAcc>0.925612</hAcc><vAcc>0.680564</vAcc></extensions></trkpt>
      <trkpt lon="-123.275489" lat="44.564601"><ele>70.292175</ele><time>2020-12-16T00:15:38Z</time><extensions><speed>3.839186</speed><course>207.802399</course><hAcc>0.925212</hAcc><vAcc>0.680149</vAcc></extensions></trkpt>
      <trkpt lon="-123.275538" lat="44.564600"><ele>70.363785</ele><time>2020-12-16T00:15:39Z</time><extensions><speed>3.889357</speed><course>201.647430</course><hAcc>0.924854</hAcc><vAcc>0.679778</vAcc></extensions></trkpt>
      <trkpt lon="-123.275587" lat="44.564600"><ele>70.469116</ele><time>2020-12-16T00:15:40Z</time><extensions><speed>3.925414</speed><course>194.151199</course><hAcc>0.924553</hAcc><vAcc>0.679466</vAcc></extensions></trkpt>
      <trkpt lon="-123.275637" lat="44.564601"><ele>70.609962</ele><time>2020-12-16T00:15:41Z</time><extensions><speed>3.950512</speed><course>195.794388</course><hAcc>0.924312</hAcc><vAcc>0.679214</vAcc></extensions></trkpt>
      <trkpt lon="-123.275686" lat="44.564601"><ele>70.786537</ele><time>2020-12-16T00:15:42Z</time><extensions><speed>3.967022</speed><course>186.656586</course><hAcc>0.924123</hAcc><vAcc>0.679016</vAcc></extensions></trkpt>
      <trkpt lon="-123.275736" lat="44.564602"><ele>70.997429</ele><time>2020-12-16T00:15:43Z</time><extensions><speed>3.976920</speed><course>189.850922</course><hAcc>0.923975</hAcc><vAcc>0.678860</vAcc></extensions></trkpt>
      <trkpt lon="-123.275786" lat="44.564603"><ele>71.240173</ele><time>2020-12-16T00:15:44Z</time><extensions><speed>3.981920</speed><course>207.413498</course><hAcc>0.923856</hAcc><vAcc>0.678735</vAcc></extensions></trkpt>
      <trkpt lon="-123.275837" lat="44.564604"><ele>71.511826</ele><time>2020-12-16T00:15:45Z</time><extensions><speed>3.981543</speed><course>204.757538</course><hAcc>0.923759</hAcc><vAcc>0.678633</vAcc></extensions></trkpt>
      <trkpt lon="-123.275887" lat="44.564606"><ele>71.809296</ele><time>2020-12-16T00:15:46Z</time><extensions><speed>3.975028</speed><course>206.813416</course><hAcc>0.923678</hAcc><vAcc>0.678548</vAcc></extensions></trkpt>
      <trkpt lon="-123.275937" lat="44.564607"><ele>72.129570</ele><time>2020-12-16T00:15:47Z</time><extensions><speed>3.962685</speed><course>192.396255</course><hAcc>0.923612</hAcc><vAcc>0.678478</vAcc></extensions></trkpt>
      <trkpt lon="-123.275986" lat="44.564609"><ele>72.469444</ele><time>2020-12-16T00:15:48Z</time><extensions><speed>3.945115</speed><course>197.168304</course><hAcc>0.923559</hAcc><vAcc>0.678422</vAcc></extensions></trkpt>
      <trkpt lon="-123.276036" lat="44.564610"><ele>72.825218</ele><time>2020-12-16T00:15:49Z</time><extensions><speed>3.922917</speed><course>191.501495</course><hAcc>0.923520</hAcc><vAcc>0.678382</vAcc></extensions></trkpt>
      <trkpt lon="-123.276085" lat="44.564612"><ele>73.192749</ele><time>2020-12-16T00:15:50Z</time><extensions><speed>3.895661</speed><course>193.484879</course><hAcc>0.923497</hAcc><vAcc>0.678359</vAcc></extensions></trkpt>
      <trkpt lon="-123.276134" lat="44.564613"><ele>73.567497</ele><time>2020-12-16T00:15:51Z</time><extensions><speed>3.863009</speed><course>196.994720</course><hAcc>0.923495</hAcc><vAcc>0.678358</vAcc></extensions></trkpt>
      <trkpt lon="-123.276182" lat="44.564614"><ele>73.944344</ele><time>2020-12-16T00:15:52Z</time><extensions><speed>3.825265</speed><course>200.600067</course><hAcc>0.923522</hAcc><vAcc>0.678387</vAcc></extensions></trkpt>
      <trkpt lon="-123.276230" lat="44.564614"><ele>74.317184</ele><time>2020-12-16T00:15:53Z</time><extensions><speed>3.781849</speed><course>198.436539</course><hAcc>0.923585</hAcc><vAcc>0.678454</vAcc></extensions></trkpt>
      <trkpt lon="-123.276277" lat="44.564614"><ele>74.678452</ele><time>2020-12-16T00:15:54Z</time><extensions><speed>3.731952</speed><course>192.879364</course><hAcc>0.923694</hAcc><vAcc>0.678569</vAcc></extensions></trkpt>
      <trkpt lon="-123.276324" lat="44.564614"><ele>75.019005</ele><time>2020-12-16T00:15:55Z</time><extensions><speed>3.675765</speed><course>201.946960</course><hAcc>0.923859</hAcc><vAcc>0.678742</vAcc></extensions></trkpt>
      <trkpt lon="-123.276370" lat="44.564613"><ele>75.328667</ele><time>2020-12-16T00:15:56Z</time><extensions><speed>3.613250</speed><course>182.119858</course><hAcc>0.924089</hAcc><vAcc>0.678982</vAcc></extensions></trkpt>
      <trkpt lon="-123.276415" lat="44.564613"><ele>75.596924</ele><time>2020-12-16T00:15:57Z</time><extensions><speed>3.544841</speed><course>196.295090</course><hAcc>0.924386</hAcc><vAcc>0.679291</vAcc></extensions></trkpt>
      <trkpt lon="-123.276459" lat="44.564611"><ele>75.813660</ele><time>2020-12-16T00:15:58Z</time><extensions><speed>3.472028</speed><course>201.265747</course><hAcc>0.924749</hAcc><vAcc>0.679668</vAcc></extensions></trkpt>
      <trkpt lon="-123.276502" lat="44.564610"><ele>75.970268</ele><time>2020-12-16T00:15:59Z</time><extensions><speed>3.396848</speed><course>200.241653</course><hAcc>0.925169</hAcc><vAcc>0.680102</vAcc></extensions></trkpt>
      <trkpt lon="-123.276544" lat="44.564609"><ele>76.060577</ele><time>2020-12-16T00:16:00Z</time><extensions><speed>3.322768</speed><course>205.512634</course><hAcc>0.925626</hAcc><vAcc>0.680576</vAcc></extensions></trkpt>
      <trkpt lon="-123.276586" lat="44.564607"><ele>76.081512</ele><time>2020-12-16T00:16:01Z</time><extensions><speed>3.254876</speed><course>200.752853</course><hAcc>0.926093</hAcc><vAcc>0.681059</vAcc></extensions></trkpt>
      <trkpt lon="-123.276626" lat="44.564606"><ele>76.033684</ele><time>2020-12-16T00:16:02Z</time><extensions><speed>3.197241</speed><course>200.287506</course><hAcc>0.926537</hAcc><vAcc>0.681519</vAcc></extensions></trkpt>
      <trkpt lon="-123.276666" lat="44.564604"><ele>75.921669</ele><time>2020-12-16T00:16:03Z</time><extensions><speed>3.152034</speed><course>205.994064</course><hAcc>0.926935</hAcc><vAcc>0.681932</vAcc></extensions></trkpt>
      <trkpt lon="-123.276706" lat="44.564602"><ele>75.754372</ele><time>2020-12-16T00:16:04Z</time><extensions><speed>3.121796</speed><course>200.171295</course><hAcc>0.927274</hAcc><vAcc>0.682284</vAcc></extensions></trkpt>
      <trkpt lon="-123.276745" lat="44.564600"><ele>75.545357</ele><time>2020-12-16T00:16:05Z</time><extensions><speed>3.109315</speed><course>199.193375</course><hAcc>0.927553</hAcc><vAcc>0.682574</vAcc></extensions></trkpt>
      <trkpt lon="-123.276784" lat="44.564598"><ele>75.311897</ele><time>2020-12-16T00:16:06Z</time><extensions><speed>3.116244</speed><course>198.711853</course><hAcc>0.927774</hAcc><vAcc>0.682806</vAcc></extensions></trkpt>
      <trkpt lon="-123.276823" lat="44.564595"><ele>75.073364</ele><time>2020-12-16T00:16:07Z</time><extensions><speed>3.142974</speed><course>198.433380</course><hAcc>0.927946</hAcc><vAcc>0.682985</vAcc></extensions></trkpt>
      <trkpt lon="-123.276863" lat="44.564592"><ele>74.849083</ele><time>2020-12-16T00:16:08Z</time><extensions><speed>3.188020</speed><course>186.496796</course><hAcc>0.928074</hAcc><vAcc>0.683120</vAcc></extensions></trkpt>
      <trkpt lon="-123.276903" lat="44.564589"><ele>74.655556</ele><time>2020-12-16T00:16:09Z</time><extensions><speed>3.247586</speed><course>188.972534</course><hAcc>0.928166</hAcc><vAcc>0.683216</vAcc></extensions></trkpt>
      <trkpt lon="-123.276944" lat="44.564586"><ele>74.504356</ele><time>2020-12-16T00:16:10Z</time><extensions><speed>3.315856</speed><course>206.511810</course><hAcc>0.928224</hAcc><vAcc>0.683277</vAcc></extensions></trkpt>
      <trkpt lon="-123.276986" lat="44.564583"><ele>74.401962</ele><time>2020-12-16T00:16:11Z</time><extensions><speed>3.387448</speed><course>198.365051</course><hAcc>0.928252</hAcc><vAcc>0.683307</vAcc></extensions></trkpt>
      <trkpt lon="-123.277029" lat="44.564579"><ele>74.351257</ele><time>2020-12-16T00:16:12Z</time><extensions><speed>3.460192</speed><course>194.554016</course><hAcc>0.928253</hAcc><vAcc>0.683308</vAcc></extensions></trkpt>
      <trkpt lon="-123.277072" lat="44.564575"><ele>74.352638</ele><time>2020-12-16T00:16:13Z</time><extensions><speed>3.532061</speed><course>196.530319</course><hAcc>0.928229</hAcc><vAcc>0.683284</vAcc></extensions></trkpt>
      <trkpt lon="-123.277117" lat="44.564571"><ele>74.403297</ele><time>2020-12-16T00:16:14Z</time><extensions><speed>3.600649</speed><course>197.778198</course><hAcc>0.928185</hAcc><vAcc>0.683239</vAcc></extensions></trkpt>
      <trkpt lon="-123.277162" lat="44.564568"><ele>74.497154</ele><time>2020-12-16T00:16:15Z</time><extensions><speed>3.664723</speed><course>201.115982</course><hAcc>0.928128</hAcc><vAcc>0.683180</vAcc></extensions></trkpt>
      <trkpt lon="-123.277209" lat="44.564564"><ele>74.625893</ele><time>2020-12-16T00:16:16Z</time><extensions><speed>3.723127</speed><course>188.736481</course><hAcc>0.928063</hAcc><vAcc>0.683113</vAcc></extensions></trkpt>
      <trkpt lon="-123.277256" lat="44.564561"><ele>74.779869</ele><time>2020-12-16T00:16:17Z</time><extensions><speed>3.774730</speed><course>191.047333</course><hAcc>0.928000</hAcc><vAcc>0.683047</vAcc></extensions></trkpt>
      <trkpt lon="-123.277303" lat="44.564558"><ele>74.948288</ele><time>2020-12-16T00:16:18Z</time><extensions><speed>3.819632</speed><course>199.345947</course><hAcc>0.927944</hAcc><vAcc>0.682989</vAcc></extensions></trkpt>
      <trkpt lon="-123.277351" lat="44.564555"><ele>75.120605</ele><time>2020-12-16T00:16:19Z</time><extensions><speed>3.857872</speed><course>208.964233</course><hAcc>0.927900</hAcc><vAcc>0.682943</vAcc></extensions></trkpt>
      <trkpt lon="-123.277400" lat="44.564553"><ele>75.289032</ele><time>2020-12-16T00:16:20Z</time><extensions><speed>3.889109</speed><course>197.093628</course><hAcc>0.927871</hAcc><vAcc>0.682910</vAcc></extensions></trkpt>
      <trkpt lon="-123.277449" lat="44.564551"><ele>75.449295</ele><time>2020-12-16T00:16:21Z</time><extensions><speed>3.913462</speed><course>194.898514</course><hAcc>0.927855</hAcc><vAcc>0.682892</vAcc></extensions></trkpt>
      <trkpt lon="-123.277498" lat="44.564550"><ele>75.599564</ele><time>2020-12-16T00:16:22Z</time><extensions><speed>3.931033</speed><course>199.538986</course><hAcc>0.927852</hAcc><vAcc>0.682888</vAcc></extensions></trkpt>
      <trkpt lon="-123.277548" lat="44.564548"><ele>75.739693</ele><time>2020-12-16T00:16:23Z</time><extensions><speed>3.941909</speed><course>197.535797</course><hAcc>0.927860</hAcc><vAcc>0.682895</vAcc></extensions></trkpt>
      <trkpt lon="-123.277597" lat="44.564547"><ele>75.870552</ele><time>2020-12-16T00:16:24Z</time><extensions><speed>3.945507</speed><course>207.627167</course><hAcc>0.927878</hAcc><vAcc>0.682911</vAcc></extensions></trkpt>
      <trkpt lon="-123.277647" lat="44.564547"><ele>75.993011</ele><time>2020-12-16T00:16:25Z</time><extensions><speed>3.941219</speed><course>200.060623</course><hAcc>0.927902</hAcc><vAcc>0.682935</vAcc></extensions></trkpt>
      <trkpt lon="-123.277697" lat="44.564546"><ele>76.107361</ele><time>2020-12-16T00:16:26Z</time><extensions><speed>3.929595</speed><course>200.333908</course><hAcc>0.927932</hAcc><vAcc>0.682966</vAcc></extensions></trkpt>
      <trkpt lon="-123.277746" lat="44.564546"><ele>76.214073</ele><time>2020-12-16T00:16:27Z</time><extensions><speed>3.912128</speed><course>194.582474</course><hAcc>0.927972</hAcc><vAcc>0.683008</vAcc></extensions></trkpt>
      <trkpt lon="-123.277795" lat="44.564545"><ele>76.314278</ele><time>2020-12-16T00:16:28Z</time><extensions><speed>3.890306</speed><course>186.934814</course><hAcc>0.928026</hAcc><vAcc>0.683066</vAcc></extensions></trkpt>
      <trkpt lon="-123.277844" lat="44.564545"><ele>76.409454</ele><time>2020-12-16T00:16:29Z</time><extensions><speed>3.865927</speed><course>193.592453</course><hAcc>0.928102</hAcc><vAcc>0.683145</vAcc></extensions></trkpt>
      <trkpt lon="-123.277892" lat="44.564545"><ele>76.501297</ele><time>2020-12-16T00:16:30Z</time><extensions><speed>3.841025</speed><course>204.516876</course><hAcc>0.928209</hAcc><vAcc>0.683256</vAcc></extensions></trkpt>
      <trkpt lon="-123.277941" lat="44.564545"><ele>76.591484</ele><time>2020-12-16T00:16:31Z</time><extensions><speed>3.816101</speed><course>203.850876</course><hAcc>0.928360</hAcc><vAcc>0.683408</vAcc></extensions></trkpt>
      <trkpt lon="-123.277988" lat="44.564545"><ele>76.681946</ele><time>2020-12-16T00:16:32Z</time><extensions><speed>3.791801</speed><course>193.455780</course><hAcc>0.928571</hAcc><vAcc>0.683614</vAcc></extensions></trkpt>
      <trkpt lon="-123.278036" lat="44.564545"><ele>76.774872</ele><time>2020-12-16T00:16:33Z</time><extensions><speed>3.769438</speed><course>198.796356</course><hAcc>0.928867</hAcc><vAcc>0.683891</vAcc></extensions></trkpt>
      <trkpt lon="-123.278083" lat="44.564545"><ele>76.872147</ele><time>2020-12-16T00:16:34Z</time><extensions><speed>3.749604</speed><course>205.133240</course><hAcc>0.929279</hAcc><vAcc>0.684265</vAcc></extensions></trkpt>
      <trkpt lon="-123.278130" lat="44.564544"><ele>76.974976</ele><time>2020-12-16T00:16:35Z</time><extensions><speed>3.732936</speed><course>205.800964</course><hAcc>0.929848</hAcc><vAcc>0.684765</vAcc></extensions></trkpt>
      <trkpt lon="-123.278177" lat="44.564544"><ele>77.083405</ele><time>2020-12-16T00:16:36Z</time><extensions><speed>3.719034</speed><course>204.740570</course><hAcc>0.930620</hAcc><vAcc>0.685423</vAcc></extensions></trkpt>
      <trkpt lon="-123.278224" lat="44.564544"><ele>77.196190</ele><time>2020-12-16T00:16:37Z</time><extensions><speed>3.706487</speed><course>195.168915</course><hAcc>0.931639</hAcc><vAcc>0.686268</vAcc></extensions></trkpt>
      <trkpt lon="-123.278271" lat="44.564543"><ele>77.311195</ele><time>2020-12-16T00:16:38Z</time><extensions><speed>3.693633</speed><course>205.691681</course><hAcc>0.932944</hAcc><vAcc>0.687322</vAcc></extensions></trkpt>
      <trkpt lon="-123.278317" lat="44.564542"><ele>77.425522</ele><time>2020-12-16T00:16:39Z</time><extensions><speed>3.679149</speed><course>210.275787</course><hAcc>0.934556</hAcc><vAcc>0.688592</vAcc></extensions></trkpt>
      <trkpt lon="-123.278363" lat="44.564542"><ele>77.535980</ele><time>2020-12-16T00:16:40Z</time><extensions><speed>3.662960</speed><course>196.880341</course><hAcc>0.936465</hAcc><vAcc>0.690059</vAcc></extensions></trkpt>
      <trkpt lon="-123.278409" lat="44.564541"><ele>77.639381</ele><time>2020-12-16T00:16:41Z</time><extensions><speed>3.644329</speed><course>193.220123</course><hAcc>0.938618</hAcc><vAcc>0.691670</vAcc></extensions></trkpt>
      <trkpt lon="-123.278455" lat="44.564539"><ele>77.731941</ele><time>2020-12-16T00:16:42Z</time><extensions><speed>3.622298</speed><course>203.769318</course><hAcc>0.940909</hAcc><vAcc>0.693334</vAcc></extensions></trkpt>
      <trkpt lon="-123.278500" lat="44.564538"><ele>77.809761</ele><time>2020-12-16T00:16:43Z</time><extensions><speed>3.596905</speed><course>205.720001</course><hAcc>0.943175</hAcc><vAcc>0.694922</vAcc></extensions></trkpt>
      <trkpt lon="-123.278545" lat="44.564536"><ele>77.870148</ele><time>2020-12-16T00:16:44Z</time><extensions><speed>3.568092</speed><course>191.098373</course><hAcc>0.945205</hAcc><vAcc>0.696279</vAcc></extensions></trkpt>
      <trkpt lon="-123.278590" lat="44.564534"><ele>77.911888</ele><time>2020-12-16T00:16:45Z</time><extensions><speed>3.535556</speed><course>201.098389</course><hAcc>0.946780</hAcc><vAcc>0.697257</vAcc></extensions></trkpt>
      <trkpt lon="-123.278634" lat="44.564532"><ele>77.934784</ele><time>2020-12-16T00:16:46Z</time><extensions><speed>3.499402</speed><course>201.694397</course><hAcc>0.947732</hAcc><vAcc>0.697770</vAcc></extensions></trkpt>
      <trkpt lon="-123.278678" lat="44.564529"><ele>77.939476</ele><time>2020-12-16T00:16:47Z</time><extensions><speed>3.460239</speed><course>199.030945</course><hAcc>0.948070</hAcc><vAcc>0.697885</vAcc></extensions></trkpt>
      <trkpt lon="-123.278721" lat="44.564526"><ele>77.927589</ele><time>2020-12-16T00:16:48Z</time><extensions><speed>3.418493</speed><course>196.761139</course><hAcc>0.948162</hAcc><vAcc>0.697961</vAcc></extensions></trkpt>
      <trkpt lon="-123.278763" lat="44.564523"><ele>77.901138</ele><time>2020-12-16T00:16:49Z</time><extensions><speed>3.374864</speed><course>197.206741</course><hAcc>0.949007</hAcc><vAcc>0.698844</vAcc></extensions></trkpt>
      <trkpt lon="-123.278805" lat="44.564519"><ele>77.861778</ele><time>2020-12-16T00:16:50Z</time><extensions><speed>3.330151</speed><course>202.357346</course><hAcc>0.952597</hAcc><vAcc>0.702116</vAcc></extensions></trkpt>
      <trkpt lon="-123.278846" lat="44.564514"><ele>77.810623</ele><time>2020-12-16T00:16:51Z</time><extensions><speed>3.285032</speed><course>201.155884</course><hAcc>0.962336</hAcc><vAcc>0.710362</vAcc></extensions></trkpt>
      <trkpt lon="-123.278887" lat="44.564509"><ele>77.748268</ele><time>2020-12-16T00:16:52Z</time><extensions><speed>3.240873</speed><course>193.019150</course><hAcc>0.983377</hAcc><vAcc>0.727363</vAcc></extensions></trkpt>
      <trkpt lon="-123.278926" lat="44.564503"><ele>77.675797</ele><time>2020-12-16T00:16:53Z</time><extensions><speed>3.199741</speed><course>197.939194</course><hAcc>1.022632</hAcc><vAcc>0.758023</vAcc></extensions></trkpt>
      <trkpt lon="-123.278945" lat="44.564482"><ele>77.234344</ele><time>2020-12-16T00:16:54Z</time><extensions><speed>2.826401</speed><course>228.407959</course><hAcc>0.981088</hAcc><vAcc>0.726047</vAcc></extensions></trkpt>
      <trkpt lon="-123.278963" lat="44.564460"><ele>77.044540</ele><time>2020-12-16T00:16:55Z</time><extensions><speed>2.852714</speed><course>181.169235</course><hAcc>0.959311</hAcc><vAcc>0.708442</vAcc></extensions></trkpt>
      <trkpt lon="-123.278980" lat="44.564437"><ele>76.855461</ele><time>2020-12-16T00:16:56Z</time><extensions><speed>2.889819</speed><course>180.651520</course><hAcc>0.950125</hAcc><vAcc>0.700548</vAcc></extensions></trkpt>
      <trkpt lon="-123.278994" lat="44.564413"><ele>76.668640</ele><time>2020-12-16T00:16:57Z</time><extensions><speed>2.936621</speed><course>177.246353</course><hAcc>0.947693</hAcc><vAcc>0.698115</vAcc></extensions></trkpt>
      <trkpt lon="-123.279007" lat="44.564388"><ele>76.485909</ele><time>2020-12-16T00:16:58Z</time><extensions><speed>2.992914</speed><course>181.165649</course><hAcc>0.948157</hAcc><vAcc>0.698229</vAcc></extensions></trkpt>
      <trkpt lon="-123.279018" lat="44.564362"><ele>76.309479</ele><time>2020-12-16T00:16:59Z</time><extensions><speed>3.056781</speed><course>180.461334</course><hAcc>0.949269</hAcc><vAcc>0.699110</vAcc></extensions></trkpt>
      <trkpt lon="-123.279028" lat="44.564335"><ele>76.140854</ele><time>2020-12-16T00:17:00Z</time><extensions><speed>3.123686</speed><course>166.536957</course><hAcc>0.949912</hAcc><vAcc>0.699815</vAcc></extensions></trkpt>
      <trkpt lon="-123.279035" lat="44.564307"><ele>75.979233</ele><time>2020-12-16T00:17:01Z</time><extensions><speed>3.189513</speed><course>136.963715</course><hAcc>0.949687</hAcc><vAcc>0.699946</vAcc></extensions></trkpt>
      <trkpt lon="-123.279042" lat="44.564278"><ele>75.821381</ele><time>2020-12-16T00:17:02Z</time><extensions><speed>3.251364</speed><course>119.000587</course><hAcc>0.948601</hAcc><vAcc>0.699436</vAcc></extensions></trkpt>
      <trkpt lon="-123.279048" lat="44.564249"><ele>75.662888</ele><time>2020-12-16T00:17:03Z</time><extensions><speed>3.306603</speed><course>105.829887</course><hAcc>0.946852</hAcc><vAcc>0.698383</vAcc></extensions></trkpt>
      <trkpt lon="-123.279053" lat="44.564219"><ele>75.499619</ele><time>2020-12-16T00:17:03Z</time><extensions><speed>3.352829</speed><course>127.759743</course><hAcc>0.944719</hAcc><vAcc>0.696971</vAcc></extensions></trkpt>
      <trkpt lon="-123.279057" lat="44.564189"><ele>75.327545</ele><time>2020-12-16T00:17:04Z</time><extensions><speed>3.389467</speed><course>108.017120</course><hAcc>0.942445</hAcc><vAcc>0.695372</vAcc></extensions></trkpt>
      <trkpt lon="-123.279061" lat="44.564159"><ele>75.143837</ele><time>2020-12-16T00:17:05Z</time><extensions><speed>3.417315</speed><course>127.930283</course><hAcc>0.940214</hAcc><vAcc>0.693732</vAcc></extensions></trkpt>
      <trkpt lon="-123.279066" lat="44.564128"><ele>74.945961</ele><time>2020-12-16T00:17:07Z</time><extensions><speed>3.438201</speed><course>151.003036</course><hAcc>0.938143</hAcc><vAcc>0.692151</vAcc></extensions></trkpt>
      <trkpt lon="-123.279070" lat="44.564097"><ele>74.733360</ele><time>2020-12-16T00:17:08Z</time><extensions><speed>3.454574</speed><course>205.222900</course><hAcc>0.936310</hAcc><vAcc>0.690702</vAcc></extensions></trkpt>
      <trkpt lon="-123.279075" lat="44.564066"><ele>74.507629</ele><time>2020-12-16T00:17:09Z</time><extensions><speed>3.469603</speed><course>212.527908</course><hAcc>0.934756</hAcc><vAcc>0.689430</vAcc></extensions></trkpt>
      <trkpt lon="-123.279080" lat="44.564035"><ele>74.273773</ele><time>2020-12-16T00:17:10Z</time><extensions><speed>3.486056</speed><course>202.827469</course><hAcc>0.933476</hAcc><vAcc>0.688345</vAcc></extensions></trkpt>
      <trkpt lon="-123.279086" lat="44.564004"><ele>74.038902</ele><time>2020-12-16T00:17:11Z</time><extensions><speed>3.504193</speed><course>194.322556</course><hAcc>0.932447</hAcc><vAcc>0.687442</vAcc></extensions></trkpt>
      <trkpt lon="-123.279093" lat="44.563973"><ele>73.810265</ele><time>2020-12-16T00:17:12Z</time><extensions><speed>3.522704</speed><course>219.056519</course><hAcc>0.931640</hAcc><vAcc>0.686708</vAcc></extensions></trkpt>
      <trkpt lon="-123.279101" lat="44.563941"><ele>73.593796</ele><time>2020-12-16T00:17:13Z</time><extensions><speed>3.540179</speed><course>209.466431</course><hAcc>0.931018</hAcc><vAcc>0.686124</vAcc></extensions></trkpt>
      <trkpt lon="-123.279110" lat="44.563910"><ele>73.392769</ele><time>2020-12-16T00:17:14Z</time><extensions><speed>3.554719</speed><course>210.578140</course><hAcc>0.930544</hAcc><vAcc>0.685665</vAcc></extensions></trkpt>
      <trkpt lon="-123.279121" lat="44.563879"><ele>73.207718</ele><time>2020-12-16T00:17:15Z</time><extensions><speed>3.565013</speed><course>202.670120</course><hAcc>0.930187</hAcc><vAcc>0.685309</vAcc></extensions></trkpt>
      <trkpt lon="-123.279133" lat="44.563848"><ele>73.038986</ele><time>2020-12-16T00:17:16Z</time><extensions><speed>3.572016</speed><course>187.536926</course><hAcc>0.929915</hAcc><vAcc>0.685031</vAcc></extensions></trkpt>
      <trkpt lon="-123.279146" lat="44.563817"><ele>72.887978</ele><time>2020-12-16T00:17:17Z</time><extensions><speed>3.576391</speed><course>196.594711</course><hAcc>0.929702</hAcc><vAcc>0.684808</vAcc></extensions></trkpt>
      <trkpt lon="-123.279160" lat="44.563787"><ele>72.755936</ele><time>2020-12-16T00:17:18Z</time><extensions><speed>3.577767</speed><course>198.213242</course><hAcc>0.929525</hAcc><vAcc>0.684623</vAcc></extensions></trkpt>
      <trkpt lon="-123.279177" lat="44.563757"><ele>72.642731</ele><time>2020-12-16T00:17:19Z</time><extensions><speed>3.576315</speed><course>199.069733</course><hAcc>0.929373</hAcc><vAcc>0.684463</vAcc></extensions></trkpt>
      <trkpt lon="-123.279194" lat="44.563727"><ele>72.546501</ele><time>2020-12-16T00:17:20Z</time><extensions><speed>3.573687</speed><course>202.819763</course><hAcc>0.929244</hAcc><vAcc>0.684328</vAcc></extensions></trkpt>
      <trkpt lon="-123.279214" lat="44.563698"><ele>72.464233</ele><time>2020-12-16T00:17:21Z</time><extensions><speed>3.572660</speed><course>196.131943</course><hAcc>0.929142</hAcc><vAcc>0.684223</vAcc></extensions></trkpt>
      <trkpt lon="-123.279235" lat="44.563670"><ele>72.393143</ele><time>2020-12-16T00:17:22Z</time><extensions><speed>3.574975</speed><course>200.286255</course><hAcc>0.929076</hAcc><vAcc>0.684154</vAcc></extensions></trkpt>
      <trkpt lon="-123.279257" lat="44.563642"><ele>72.331322</ele><time>2020-12-16T00:17:23Z</time><extensions><speed>3.580794</speed><course>201.251785</course><hAcc>0.929049</hAcc><vAcc>0.684126</vAcc></extensions></trkpt>
      <trkpt lon="-123.279281" lat="44.563615"><ele>72.278419</ele><time>2020-12-16T00:17:24Z</time><extensions><speed>3.589427</speed><course>202.202698</course><hAcc>0.929057</hAcc><vAcc>0.684136</vAcc></extensions></trkpt>
      <trkpt lon="-123.279307" lat="44.563588"><ele>72.235458</ele><time>2020-12-16T00:17:25Z</time><extensions><speed>3.598262</speed><course>196.895386</course><hAcc>0.929090</hAcc><vAcc>0.684170</vAcc></extensions></trkpt>
      <trkpt lon="-123.279334" lat="44.563562"><ele>72.202621</ele><time>2020-12-16T00:17:26Z</time><extensions><speed>3.602126</speed><course>193.223190</course><hAcc>0.929132</hAcc><vAcc>0.684213</vAcc></extensions></trkpt>
      <trkpt lon="-123.279362" lat="44.563536"><ele>72.177856</ele><time>2020-12-16T00:17:27Z</time><extensions><speed>3.596874</speed><course>185.192734</course><hAcc>0.929169</hAcc><vAcc>0.684252</vAcc></extensions></trkpt>
      <trkpt lon="-123.279390" lat="44.563512"><ele>72.158279</ele><time>2020-12-16T00:17:28Z</time><extensions><speed>3.580572</speed><course>196.831329</course><hAcc>0.929190</hAcc><vAcc>0.684273</vAcc></extensions></trkpt>
      <trkpt lon="-123.279420" lat="44.563487"><ele>72.141182</ele><time>2020-12-16T00:17:29Z</time><extensions><speed>3.551086</speed><course>197.365341</course><hAcc>0.929186</hAcc><vAcc>0.684270</vAcc></extensions></trkpt>
      <trkpt lon="-123.279450" lat="44.563464"><ele>72.124138</ele><time>2020-12-16T00:17:30Z</time><extensions><speed>3.505954</speed><course>199.280273</course><hAcc>0.929155</hAcc><vAcc>0.684237</vAcc></extensions></trkpt>
      <trkpt lon="-123.279480" lat="44.563441"><ele>72.105377</ele><time>2020-12-16T00:17:31Z</time><extensions><speed>3.443065</speed><course>207.802399</course><hAcc>0.929096</hAcc><vAcc>0.684177</vAcc></extensions></trkpt>
      <trkpt lon="-123.279510" lat="44.563419"><ele>72.084007</ele><time>2020-12-16T00:17:32Z</time><extensions><speed>3.360918</speed><course>201.647430</course><hAcc>0.929017</hAcc><vAcc>0.684096</vAcc></extensions></trkpt>
      <trkpt lon="-123.279539" lat="44.563398"><ele>72.060051</ele><time>2020-12-16T00:17:33Z</time><extensions><speed>3.258784</speed><course>194.151199</course><hAcc>0.928927</hAcc><vAcc>0.684003</vAcc></extensions></trkpt>
      <trkpt lon="-123.279568" lat="44.563378"><ele>72.033882</ele><time>2020-12-16T00:17:34Z</time><extensions><speed>3.136202</speed><course>195.794388</course><hAcc>0.928835</hAcc><vAcc>0.683909</vAcc></extensions></trkpt>
      <trkpt lon="-123.279596" lat="44.563359"><ele>72.005600</ele><time>2020-12-16T00:17:35Z</time><extensions><speed>2.992758</speed><course>186.656586</course><hAcc>0.928748</hAcc><vAcc>0.683818</vAcc></extensions></trkpt>
      <trkpt lon="-123.279623" lat="44.563341"><ele>71.974960</ele><time>2020-12-16T00:17:36Z</time><extensions><speed>2.828404</speed><course>189.850922</course><hAcc>0.928668</hAcc><vAcc>0.683736</vAcc></extensions></trkpt>
      <trkpt lon="-123.279648" lat="44.563325"><ele>71.941711</ele><time>2020-12-16T00:17:37Z</time><extensions><speed>2.645785</speed><course>207.413498</course><hAcc>0.928600</hAcc><vAcc>0.683665</vAcc></extensions></trkpt>
      <trkpt lon="-123.279672" lat="44.563309"><ele>71.906227</ele><time>2020-12-16T00:17:38Z</time><extensions><speed>2.450552</speed><course>204.757538</course><hAcc>0.928541</hAcc><vAcc>0.683603</vAcc></extensions></trkpt>
      <trkpt lon="-123.279694" lat="44.563295"><ele>71.869759</ele><time>2020-12-16T00:17:39Z</time><extensions><speed>2.248454</speed><course>206.813416</course><hAcc>0.928489</hAcc><vAcc>0.683549</vAcc></extensions></trkpt>
      <trkpt lon="-123.279715" lat="44.563283"><ele>71.833794</ele><time>2020-12-16T00:17:40Z</time><extensions><speed>2.045229</speed><course>192.396255</course><hAcc>0.928442</hAcc><vAcc>0.683499</vAcc></extensions></trkpt>
      <trkpt lon="-123.279734" lat="44.563272"><ele>71.799805</ele><time>2020-12-16T00:17:41Z</time><extensions><speed>1.845748</speed><course>197.168304</course><hAcc>0.928395</hAcc><vAcc>0.683450</vAcc></extensions></trkpt>
      <trkpt lon="-123.279751" lat="44.563262"><ele>71.769501</ele><time>2020-12-16T00:17:42Z</time><extensions><speed>1.653514</speed><course>191.501495</course><hAcc>0.928346</hAcc><vAcc>0.683398</vAcc></extensions></trkpt>
      <trkpt lon="-123.279766" lat="44.563253"><ele>71.745201</ele><time>2020-12-16T00:17:43Z</time><extensions><speed>1.471826</speed><course>193.484879</course><hAcc>0.928292</hAcc><vAcc>0.683342</vAcc></extensions></trkpt>
      <trkpt lon="-123.279780" lat="44.563245"><ele>71.729576</ele><time>2020-12-16T00:17:44Z</time><extensions><speed>1.303447</speed><course>196.994720</course><hAcc>0.928234</hAcc><vAcc>0.683282</vAcc></extensions></trkpt>
      <trkpt lon="-123.279793" lat="44.563239"><ele>71.724762</ele><time>2020-12-16T00:17:45Z</time><extensions><speed>1.150572</speed><course>200.600067</course><hAcc>0.928172</hAcc><vAcc>0.683217</vAcc></extensions></trkpt>
      <trkpt lon="-123.279804" lat="44.563234"><ele>71.731804</ele><time>2020-12-16T00:17:46Z</time><extensions><speed>1.013919</speed><course>198.436539</course><hAcc>0.928107</hAcc><vAcc>0.683150</vAcc></extensions></trkpt>
      <trkpt lon="-123.279814" lat="44.563229"><ele>71.750793</ele><time>2020-12-16T00:17:47Z</time><extensions><speed>0.892257</speed><course>192.879364</course><hAcc>0.928043</hAcc><vAcc>0.683083</vAcc></extensions></trkpt>
      <trkpt lon="-123.279823" lat="44.563225"><ele>71.781296</ele><time>2020-12-16T00:17:48Z</time><extensions><speed>0.783504</speed><course>201.946960</course><hAcc>0.927983</hAcc><vAcc>0.683021</vAcc></extensions></trkpt>
      <trkpt lon="-123.279831" lat="44.563222"><ele>71.822922</ele><time>2020-12-16T00:17:49Z</time><extensions><speed>0.685430</speed><course>182.119858</course><hAcc>0.927930</hAcc><vAcc>0.682966</vAcc></extensions></trkpt>
      <trkpt lon="-123.279838" lat="44.563219"><ele>71.875389</ele><time>2020-12-16T00:17:50Z</time><extensions><speed>0.596101</speed><course>196.295090</course><hAcc>0.927885</hAcc><vAcc>0.682920</vAcc></extensions></trkpt>
      <trkpt lon="-123.279845" lat="44.563217"><ele>71.938179</ele><time>2020-12-16T00:17:51Z</time><extensions><speed>0.514014</speed><course>201.265747</course><hAcc>0.927849</hAcc><vAcc>0.682883</vAcc></extensions></trkpt>
      <trkpt lon="-123.279850" lat="44.563215"><ele>72.010422</ele><time>2020-12-16T00:17:52Z</time><extensions><speed>0.438012</speed><course>200.241653</course><hAcc>0.927822</hAcc><vAcc>0.682854</vAcc></extensions></trkpt>
      <trkpt lon="-123.279854" lat="44.563213"><ele>72.090981</ele><time>2020-12-16T00:17:53Z</time><extensions><speed>0.368086</speed><course>205.512634</course><hAcc>0.927804</hAcc><vAcc>0.682836</vAcc></extensions></trkpt>
      <trkpt lon="-123.279858" lat="44.563212"><ele>72.178261</ele><time>2020-12-16T00:17:54Z</time><extensions><speed>0.305678</speed><course>200.752853</course><hAcc>0.927796</hAcc><vAcc>0.682828</vAcc></extensions></trkpt>
      <trkpt lon="-123.279862" lat="44.563211"><ele>72.270187</ele><time>2020-12-16T00:17:55Z</time><extensions><speed>0.252279</speed><course>200.287506</course><hAcc>0.927799</hAcc><vAcc>0.682831</vAcc></extensions></trkpt>
      <trkpt lon="-123.279865" lat="44.563211"><ele>72.364204</ele><time>2020-12-16T00:17:56Z</time><extensions><speed>0.209066</speed><course>205.994064</course><hAcc>0.927814</hAcc><vAcc>0.682846</vAcc></extensions></trkpt>
      <trkpt lon="-123.279867" lat="44.563211"><ele>72.457291</ele><time>2020-12-16T00:17:57Z</time><extensions><speed>0.177330</speed><course>200.171295</course><hAcc>0.927840</hAcc><vAcc>0.682873</vAcc></extensions></trkpt>
      <trkpt lon="-123.279869" lat="44.563211"><ele>72.545906</ele><time>2020-12-16T00:17:58Z</time><extensions><speed>0.158525</speed><course>199.193375</course><hAcc>0.927875</hAcc><vAcc>0.682910</vAcc></extensions></trkpt>
      <trkpt lon="-123.279871" lat="44.563212"><ele>72.626129</ele><time>2020-12-16T00:17:59Z</time><extensions><speed>0.152775</speed><course>198.711853</course><hAcc>0.927919</hAcc><vAcc>0.682955</vAcc></extensions></trkpt>
      <trkpt lon="-123.279872" lat="44.563213"><ele>72.693901</ele><time>2020-12-16T00:18:00Z</time><extensions><speed>0.157287</speed><course>198.433380</course><hAcc>0.927969</hAcc><vAcc>0.683006</vAcc></extensions></trkpt>
      <trkpt lon="-123.279873" lat="44.563214"><ele>72.745758</ele><time>2020-12-16T00:18:01Z</time><extensions><speed>0.166712</speed><course>186.496796</course><hAcc>0.928021</hAcc><vAcc>0.683060</vAcc></extensions></trkpt>
      <trkpt lon="-123.279874" lat="44.563216"><ele>72.779579</ele><time>2020-12-16T00:18:02Z</time><extensions><speed>0.176684</speed><course>188.972534</course><hAcc>0.928073</hAcc><vAcc>0.683113</vAcc></extensions></trkpt>
      <trkpt lon="-123.279875" lat="44.563217"><ele>72.794380</ele><time>2020-12-16T00:18:03Z</time><extensions><speed>0.186091</speed><course>206.511810</course><hAcc>0.928118</hAcc><vAcc>0.683159</vAcc></extensions></trkpt>
      <trkpt lon="-123.279876" lat="44.563219"><ele>72.789856</ele><time>2020-12-16T00:18:04Z</time><extensions><speed>0.195741</speed><course>198.365051</course><hAcc>0.928151</hAcc><vAcc>0.683193</vAcc></extensions></trkpt>
      <trkpt lon="-123.279877" lat="44.563220"><ele>72.766136</ele><time>2020-12-16T00:18:05Z</time><extensions><speed>0.206894</speed><course>194.554016</course><hAcc>0.928169</hAcc><vAcc>0.683211</vAcc></extensions></trkpt>
      <trkpt lon="-123.279878" lat="44.563222"><ele>72.723824</ele><time>2020-12-16T00:18:06Z</time><extensions><speed>0.220215</speed><course>196.530319</course><hAcc>0.928171</hAcc><vAcc>0.683213</vAcc></extensions></trkpt>
      <trkpt lon="-123.279879" lat="44.563224"><ele>72.664246</ele><time>2020-12-16T00:18:07Z</time><extensions><speed>0.234798</speed><course>197.778198</course><hAcc>0.928158</hAcc><vAcc>0.683199</vAcc></extensions></trkpt>
      <trkpt lon="-123.279881" lat="44.563226"><ele>72.589737</ele><time>2020-12-16T00:18:08Z</time><extensions><speed>0.248896</speed><course>201.115982</course><hAcc>0.928132</hAcc><vAcc>0.683173</vAcc></extensions></trkpt>
      <trkpt lon="-123.279882" lat="44.563228"><ele>72.503555</ele><time>2020-12-16T00:18:09Z</time><extensions><speed>0.260630</speed><course>188.736481</course><hAcc>0.928098</hAcc><vAcc>0.683136</vAcc></extensions></trkpt>
      <trkpt lon="-123.279884" lat="44.563230"><ele>72.409279</ele><time>2020-12-16T00:18:10Z</time><extensions><speed>0.268680</speed><course>191.047333</course><hAcc>0.928058</hAcc><vAcc>0.683094</vAcc></extensions></trkpt>
      <trkpt lon="-123.279886" lat="44.563232"><ele>72.309769</ele><time>2020-12-16T00:18:11Z</time><extensions><speed>0.272718</speed><course>199.345947</course><hAcc>0.928015</hAcc><vAcc>0.683050</vAcc></extensions></trkpt>
      <trkpt lon="-123.279888" lat="44.563234"><ele>72.206940</ele><time>2020-12-16T00:18:12Z</time><extensions><speed>0.273437</speed><course>208.964233</course><hAcc>0.927974</hAcc><vAcc>0.683007</vAcc></extensions></trkpt>
      <trkpt lon="-123.279890" lat="44.563236"><ele>72.102173</ele><time>2020-12-16T00:18:13Z</time><extensions><speed>0.271310</speed><course>197.093628</course><hAcc>0.927937</hAcc><vAcc>0.682968</vAcc></extensions></trkpt>
      <trkpt lon="-123.279892" lat="44.563238"><ele>71.997108</ele><time>2020-12-16T00:18:14Z</time><extensions><speed>0.266029</speed><course>194.898514</course><hAcc>0.927905</hAcc><vAcc>0.682935</vAcc></extensions></trkpt>
      <trkpt lon="-123.279894" lat="44.563240"><ele>71.893929</ele><time>2020-12-16T00:18:15Z</time><extensions><speed>0.257330</speed><course>199.538986</course><hAcc>0.927882</hAcc><vAcc>0.682910</vAcc></extensions></trkpt>
      <trkpt lon="-123.279896" lat="44.563242"><ele>71.795059</ele><time>2020-12-16T00:18:16Z</time><extensions><speed>0.244941</speed><course>197.535797</course><hAcc>0.927867</hAcc><vAcc>0.682894</vAcc></extensions></trkpt>
      <trkpt lon="-123.279898" lat="44.563243"><ele>71.702744</ele><time>2020-12-16T00:18:17Z</time><extensions><speed>0.228394</speed><course>207.627167</course><hAcc>0.927861</hAcc><vAcc>0.682886</vAcc></extensions></trkpt>
      <trkpt lon="-123.279899" lat="44.563245"><ele>71.618515</ele><time>2020-12-16T00:18:18Z</time><extensions><speed>0.208371</speed><course>200.060623</course><hAcc>0.927865</hAcc><vAcc>0.682887</vAcc></extensions></trkpt>
      <trkpt lon="-123.279901" lat="44.563246"><ele>71.543175</ele><time>2020-12-16T00:18:19Z</time><extensions><speed>0.186589</speed><course>200.333908</course><hAcc>0.927884</hAcc><vAcc>0.682900</vAcc></extensions></trkpt>
      <trkpt lon="-123.279902" lat="44.563247"><ele>71.477013</ele><time>2020-12-16T00:18:20Z</time><extensions><speed>0.164252</speed><course>194.582474</course><hAcc>0.927926</hAcc><vAcc>0.682930</vAcc></extensions></trkpt>
      <trkpt lon="-123.279904" lat="44.563248"><ele>71.419922</ele><time>2020-12-16T00:18:21Z</time><extensions><speed>0.142283</speed><course>186.934814</course><hAcc>0.928003</hAcc><vAcc>0.682986</vAcc></extensions></trkpt>
      <trkpt lon="-123.279905" lat="44.563249"><ele>71.371506</ele><time>2020-12-16T00:18:22Z</time><extensions><speed>0.121357</speed><course>193.592453</course><hAcc>0.928132</hAcc><vAcc>0.683082</vAcc></extensions></trkpt>
      <trkpt lon="-123.279906" lat="44.563250"><ele>71.331161</ele><time>2020-12-16T00:18:23Z</time><extensions><speed>0.101935</speed><course>204.516876</course><hAcc>0.928332</hAcc><vAcc>0.683231</vAcc></extensions></trkpt>
      <trkpt lon="-123.279906" lat="44.563251"><ele>71.298172</ele><time>2020-12-16T00:18:24Z</time><extensions><speed>0.084291</speed><course>203.850876</course><hAcc>0.928625</hAcc><vAcc>0.683449</vAcc></extensions></trkpt>
      <trkpt lon="-123.279907" lat="44.563251"><ele>71.271767</ele><time>2020-12-16T00:18:25Z</time><extensions><speed>0.068545</speed><course>193.455780</course><hAcc>0.929031</hAcc><vAcc>0.683749</vAcc></extensions></trkpt>
      <trkpt lon="-123.279908" lat="44.563252"><ele>71.251160</ele><time>2020-12-16T00:18:26Z</time><extensions><speed>0.054688</speed><course>198.796356</course><hAcc>0.929565</hAcc><vAcc>0.684139</vAcc></extensions></trkpt>
      <trkpt lon="-123.279908" lat="44.563252"><ele>71.235619</ele><time>2020-12-16T00:18:27Z</time><extensions><speed>0.042602</speed><course>205.133240</course><hAcc>0.930232</hAcc><vAcc>0.684622</vAcc></extensions></trkpt>
      <trkpt lon="-123.279909" lat="44.563252"><ele>71.224472</ele><time>2020-12-16T00:18:28Z</time><extensions><speed>0.032084</speed><course>205.800964</course><hAcc>0.931025</hAcc><vAcc>0.685186</vAcc></extensions></trkpt>
      <trkpt lon="-123.279909" lat="44.563252"><ele>71.217140</ele><time>2020-12-16T00:18:29Z</time><extensions><speed>0.022865</speed><course>204.740570</course><hAcc>0.931921</hAcc><vAcc>0.685814</vAcc></extensions></trkpt>
      <trkpt lon="-123.279909" lat="44.563252"><ele>71.213158</ele><time>2020-12-16T00:18:30Z</time><extensions><speed>0.014644</speed><course>195.168915</course><hAcc>0.932879</hAcc><vAcc>0.686473</vAcc></extensions></trkpt>
      <trkpt lon="-123.279909" lat="44.563252"><ele>71.212166</ele><time>2020-12-16T00:18:31Z</time><extensions><speed>0.007253</speed><course>205.691681</course><hAcc>0.933849</hAcc><vAcc>0.687130</vAcc></extensions></trkpt>
      <trkpt lon="-123.279909" lat="44.563252"><ele>71.213959</ele><time>2020-12-16T00:18:32Z</time><extensions><speed>0.003563</speed><course>210.275787</course><hAcc>0.934776</hAcc><vAcc>0.687755</vAcc></extensions></trkpt>
      <trkpt lon="-123.279909" lat="44.563252"><ele>71.218445</ele><time>2020-12-16T00:18:33Z</time><extensions><speed>0.009839</speed><course>196.880341</course><hAcc>0.935632</hAcc><vAcc>0.688340</vAcc></extensions></trkpt>
      <trkpt lon="-123.279909" lat="44.563252"><ele>71.225647</ele><time>2020-12-16T00:18:34Z</time><extensions><speed>0.018303</speed><course>193.220123</course><hAcc>0.936453</hAcc><vAcc>0.688939</vAcc></extensions></trkpt>
      <trkpt lon="-123.279909" lat="44.563252"><ele>71.235718</ele><time>2020-12-16T00:18:35Z</time><extensions><speed>0.028084</speed><course>203.769318</course><hAcc>0.937408</hAcc><vAcc>0.689705</vAcc></extensions></trkpt>
      <trkpt lon="-123.279908" lat="44.563252"><ele>71.248909</ele><time>2020-12-16T00:18:36Z</time><extensions><speed>0.039434</speed><course>205.720001</course><hAcc>0.938894</hAcc><vAcc>0.690965</vAcc></extensions></trkpt>
      <trkpt lon="-123.279908" lat="44.563252"><ele>71.265564</ele><time>2020-12-16T00:18:37Z</time><extensions><speed>0.052645</speed><course>191.098373</course><hAcc>0.941664</hAcc><vAcc>0.693302</vAcc></extensions></trkpt>
      <trkpt lon="-123.279907" lat="44.563251"><ele>71.286095</ele><time>2020-12-16T00:18:38Z</time><extensions><speed>0.067952</speed><course>201.098389</course><hAcc>0.946988</hAcc><vAcc>0.697657</vAcc></extensions></trkpt>
      <trkpt lon="-123.279906" lat="44.563251"><ele>71.310966</ele><time>2020-12-16T00:18:39Z</time><extensions><speed>0.085507</speed><course>201.694397</course><hAcc>0.956819</hAcc><vAcc>0.705434</vAcc></extensions></trkpt>
      <trkpt lon="-123.279905" lat="44.563251"><ele>71.340660</ele><time>2020-12-16T00:18:40Z</time><extensions><speed>0.105344</speed><course>199.030945</course><hAcc>0.973917</hAcc><vAcc>0.718561</vAcc></extensions></trkpt>
      <trkpt lon="-123.279904" lat="44.563250"><ele>71.375633</ele><time>2020-12-16T00:18:41Z</time><extensions><speed>0.127356</speed><course>196.761139</course><hAcc>1.001851</hAcc><vAcc>0.739474</vAcc></extensions></trkpt>
      <trkpt lon="-123.279903" lat="44.563250"><ele>71.416306</ele><time>2020-12-16T00:18:42Z</time><extensions><speed>0.151257</speed><course>197.206741</course><hAcc>1.044780</hAcc><vAcc>0.770952</vAcc></extensions></trkpt>
      <trkpt lon="-123.279901" lat="44.563249"><ele>71.462967</ele><time>2020-12-16T00:18:43Z</time><extensions><speed>0.176547</speed><course>202.357346</course><hAcc>1.106953</hAcc><vAcc>0.815794</vAcc></extensions></trkpt>
      <trkpt lon="-123.279899" lat="44.563248"><ele>71.515778</ele><time>2020-12-16T00:18:44Z</time><extensions><speed>0.202472</speed><course>201.155884</course><hAcc>1.192015</hAcc><vAcc>0.876372</vAcc></extensions></trkpt>
      <trkpt lon="-123.279896" lat="44.563247"><ele>71.574677</ele><time>2020-12-16T00:18:45Z</time><extensions><speed>0.227979</speed><course>193.019150</course><hAcc>1.302307</hAcc><vAcc>0.954204</vAcc></extensions></trkpt>
      <trkpt lon="-123.279893" lat="44.563247"><ele>71.639305</ele><time>2020-12-16T00:18:46Z</time><extensions><speed>0.251677</speed><course>197.939194</course><hAcc>1.438391</hAcc><vAcc>1.049661</vAcc></extensions></trkpt>
      <trkpt lon="-123.279873" lat="44.563239"><ele>72.100693</ele><time>2020-12-16T00:18:50Z</time><extensions><speed>0.518649</speed><course>198.525146</course><hAcc>1.782390</hAcc><vAcc>1.277943</vAcc></extensions></trkpt>
      <trkpt lon="-123.279867" lat="44.563236"><ele>72.224106</ele><time>2020-12-16T00:18:51Z</time><extensions><speed>0.517170</speed><course>196.224564</course><hAcc>1.812537</hAcc><vAcc>1.293321</vAcc></extensions></trkpt>
      <trkpt lon="-123.279852" lat="44.563229"><ele>72.549431</ele><time>2020-12-16T00:18:54Z</time><extensions><speed>0.434834</speed><course>199.768036</course><hAcc>1.774227</hAcc><vAcc>1.252235</vAcc></extensions></trkpt>
      <trkpt lon="-123.279848" lat="44.563226"><ele>72.640633</ele><time>2020-12-16T00:18:55Z</time><extensions><speed>0.418993</speed><course>200.227356</course><hAcc>1.696229</hAcc><vAcc>1.193525</vAcc></extensions></trkpt>
      <trkpt lon="-123.279844" lat="44.563224"><ele>72.725609</ele><time>2020-12-16T00:18:56Z</time><extensions><speed>0.400111</speed><course>205.052841</course><hAcc>1.620951</hAcc><vAcc>1.137134</vAcc></extensions></trkpt>
      <trkpt lon="-123.279841" lat="44.563222"><ele>72.803215</ele><time>2020-12-16T00:18:57Z</time><extensions><speed>0.378853</speed><course>199.650818</course><hAcc>1.548452</hAcc><vAcc>1.083232</vAcc></extensions></trkpt>
      <trkpt lon="-123.279837" lat="44.563219"><ele>72.882690</ele><time>2020-12-16T00:18:59Z</time><extensions><speed>0.347242</speed><course>200.912704</course><hAcc>1.464234</hAcc><vAcc>1.021417</vAcc></extensions></trkpt>
      <trkpt lon="-123.279835" lat="44.563216"><ele>72.940033</ele><time>2020-12-16T00:19:00Z</time><extensions><speed>0.322870</speed><course>199.320969</course><hAcc>1.393554</hAcc><vAcc>0.970243</vAcc></extensions></trkpt>
      <trkpt lon="-123.279833" lat="44.563214"><ele>72.988670</ele><time>2020-12-16T00:19:01Z</time><extensions><speed>0.296885</speed><course>192.747452</course><hAcc>1.327671</hAcc><vAcc>0.923097</vAcc></extensions></trkpt>
      <trkpt lon="-123.279831" lat="44.563212"><ele>73.028999</ele><time>2020-12-16T00:19:02Z</time><extensions><speed>0.269306</speed><course>191.589478</course><hAcc>1.267555</hAcc><vAcc>0.880618</vAcc></extensions></trkpt>
      <trkpt lon="-123.279829" lat="44.563210"><ele>73.061607</ele><time>2020-12-16T00:19:03Z</time><extensions><speed>0.240489</speed><course>201.628342</course><hAcc>1.213758</hAcc><vAcc>0.843123</vAcc></extensions></trkpt>
      <trkpt lon="-123.279828" lat="44.563208"><ele>73.087143</ele><time>2020-12-16T00:19:04Z</time><extensions><speed>0.210974</speed><course>202.949097</course><hAcc>1.166336</hAcc><vAcc>0.810557</vAcc></extensions></trkpt>
      <trkpt lon="-123.279827" lat="44.563206"><ele>73.106331</ele><time>2020-12-16T00:19:05Z</time><extensions><speed>0.181149</speed><course>204.721741</course><hAcc>1.124775</hAcc><vAcc>0.782454</vAcc></extensions></trkpt>
      <trkpt lon="-123.279826" lat="44.563205"><ele>73.119827</ele><time>2020-12-16T00:19:06Z</time><extensions><speed>0.151684</speed><course>201.623886</course><hAcc>1.088447</hAcc><vAcc>0.758262</vAcc></extensions></trkpt>
      <trkpt lon="-123.279826" lat="44.563204"><ele>73.128334</ele><time>2020-12-16T00:19:07Z</time><extensions><speed>0.123222</speed><course>195.771088</course><hAcc>1.056655</hAcc><vAcc>0.737387</vAcc></extensions></trkpt>
      <trkpt lon="-123.279825" lat="44.563203"><ele>73.132484</ele><time>2020-12-16T00:19:08Z</time><extensions><speed>0.096450</speed><course>206.294907</course><hAcc>1.028859</hAcc><vAcc>0.719350</vAcc></extensions></trkpt>
      <trkpt lon="-123.279825" lat="44.563202"><ele>73.132790</ele><time>2020-12-16T00:19:09Z</time><extensions><speed>0.072367</speed><course>195.119202</course><hAcc>1.004870</hAcc><vAcc>0.703925</vAcc></extensions></trkpt>
      <trkpt lon="-123.279825" lat="44.563202"><ele>73.129662</ele><time>2020-12-16T00:19:10Z</time><extensions><speed>0.052420</speed><course>192.668015</course><hAcc>0.984642</hAcc><vAcc>0.691003</vAcc></extensions></trkpt>
      <trkpt lon="-123.279826" lat="44.563201"><ele>73.123421</ele><time>2020-12-16T00:19:11Z</time><extensions><speed>0.040631</speed><course>198.670517</course><hAcc>0.968119</hAcc><vAcc>0.680490</vAcc></extensions></trkpt>
      <trkpt lon="-123.279826" lat="44.563201"><ele>73.114334</ele><time>2020-12-16T00:19:12Z</time><extensions><speed>0.043226</speed><course>198.976166</course><hAcc>0.955039</hAcc><vAcc>0.672186</vAcc></extensions></trkpt>
      <trkpt lon="-123.279827" lat="44.563201"><ele>73.102615</ele><time>2020-12-16T00:19:13Z</time><extensions><speed>0.057856</speed><course>187.659882</course><hAcc>0.945003</hAcc><vAcc>0.665816</vAcc></extensions></trkpt>
      <trkpt lon="-123.279828" lat="44.563202"><ele>73.088455</ele><time>2020-12-16T00:19:14Z</time><extensions><speed>0.077430</speed><course>194.539413</course><hAcc>0.937533</hAcc><vAcc>0.661067</vAcc></extensions></trkpt>
      <trkpt lon="-123.279828" lat="44.563202"><ele>73.072006</ele><time>2020-12-16T00:19:15Z</time><extensions><speed>0.098618</speed><course>206.567413</course><hAcc>0.932135</hAcc><vAcc>0.657624</vAcc></extensions></trkpt>
      <trkpt lon="-123.279829" lat="44.563203"><ele>73.053429</ele><time>2020-12-16T00:19:16Z</time><extensions><speed>0.120128</speed><course>198.433945</course><hAcc>0.928364</hAcc><vAcc>0.655206</vAcc></extensions></trkpt>
      <trkpt lon="-123.279830" lat="44.563204"><ele>73.032822</ele><time>2020-12-16T00:19:17Z</time><extensions><speed>0.141303</speed><course>198.781387</course><hAcc>0.925805</hAcc><vAcc>0.653554</vAcc></extensions></trkpt>
      <trkpt lon="-123.279831" lat="44.563205"><ele>73.010353</ele><time>2020-12-16T00:19:18Z</time><extensions><speed>0.161504</speed><course>199.102402</course><hAcc>0.924106</hAcc><vAcc>0.652446</vAcc></extensions></trkpt>
      <trkpt lon="-123.279832" lat="44.563207"><ele>72.986229</ele><time>2020-12-16T00:19:19Z</time><extensions><speed>0.179995</speed><course>195.905029</course><hAcc>0.923005</hAcc><vAcc>0.651718</vAcc></extensions></trkpt>
      <trkpt lon="-123.279832" lat="44.563208"><ele>72.960785</ele><time>2020-12-16T00:19:20Z</time><extensions><speed>0.195674</speed><course>190.991241</course><hAcc>0.922302</hAcc><vAcc>0.651246</vAcc></extensions></trkpt>
      <trkpt lon="-123.279833" lat="44.563210"><ele>72.934616</ele><time>2020-12-16T00:19:21Z</time><extensions><speed>0.207853</speed><course>195.046173</course><hAcc>0.921858</hAcc><vAcc>0.650942</vAcc></extensions></trkpt>
      <trkpt lon="-123.279834" lat="44.563212"><ele>72.908463</ele><time>2020-12-16T00:19:22Z</time><extensions><speed>0.216280</speed><course>200.823685</course><hAcc>0.921577</hAcc><vAcc>0.650746</vAcc></extensions></trkpt>
      <trkpt lon="-123.279834" lat="44.563214"><ele>72.883087</ele><time>2020-12-16T00:19:23Z</time><extensions><speed>0.220683</speed><course>199.128204</course><hAcc>0.921396</hAcc><vAcc>0.650616</vAcc></extensions></trkpt>
      <trkpt lon="-123.279834" lat="44.563216"><ele>72.859123</ele><time>2020-12-16T00:19:24Z</time><extensions><speed>0.221133</speed><course>198.014832</course><hAcc>0.921272</hAcc><vAcc>0.650527</vAcc></extensions></trkpt>
      <trkpt lon="-123.279835" lat="44.563218"><ele>72.837097</ele><time>2020-12-16T00:19:25Z</time><extensions><speed>0.218124</speed><course>204.657867</course><hAcc>0.921174</hAcc><vAcc>0.650458</vAcc></extensions></trkpt>
      <trkpt lon="-123.279834" lat="44.563220"><ele>72.817360</ele><time>2020-12-16T00:19:26Z</time><extensions><speed>0.212119</speed><course>217.010574</course><hAcc>0.921068</hAcc><vAcc>0.650387</vAcc></extensions></trkpt>
      <trkpt lon="-123.279834" lat="44.563221"><ele>72.800148</ele><time>2020-12-16T00:19:27Z</time><extensions><speed>0.203105</speed><course>194.968628</course><hAcc>0.920909</hAcc><vAcc>0.650289</vAcc></extensions></trkpt>
      <trkpt lon="-123.279834" lat="44.563223"><ele>72.785538</ele><time>2020-12-16T00:19:28Z</time><extensions><speed>0.190772</speed><course>192.241440</course><hAcc>0.920631</hAcc><vAcc>0.650122</vAcc></extensions></trkpt>
      <trkpt lon="-123.279833" lat="44.563225"><ele>72.773468</ele><time>2020-12-16T00:19:29Z</time><extensions><speed>0.174787</speed><course>196.610428</course><hAcc>0.920158</hAcc><vAcc>0.649843</vAcc></extensions></trkpt>
      <trkpt lon="-123.279833" lat="44.563226"><ele>72.763687</ele><time>2020-12-16T00:19:30Z</time><extensions><speed>0.155036</speed><course>202.538879</course><hAcc>0.919354</hAcc><vAcc>0.649371</vAcc></extensions></trkpt>
      <trkpt lon="-123.279832" lat="44.563227"><ele>72.755936</ele><time>2020-12-16T00:19:31Z</time><extensions><speed>0.132071</speed><course>200.199219</course><hAcc>0.918023</hAcc><vAcc>0.648587</vAcc></extensions></trkpt>
      <trkpt lon="-123.279831" lat="44.563228"><ele>72.749939</ele><time>2020-12-16T00:19:32Z</time><extensions><speed>0.106641</speed><course>191.053223</course><hAcc>0.915936</hAcc><vAcc>0.647354</vAcc></extensions></trkpt>
      <trkpt lon="-123.279830" lat="44.563229"><ele>72.745483</ele><time>2020-12-16T00:19:33Z</time><extensions><speed>0.079491</speed><course>192.379410</course><hAcc>0.912822</hAcc><vAcc>0.645510</vAcc></extensions></trkpt>
      <trkpt lon="-123.279830" lat="44.563229"><ele>72.742393</ele><time>2020-12-16T00:19:34Z</time><extensions><speed>0.051989</speed><course>197.375092</course><hAcc>0.908377</hAcc><vAcc>0.642872</vAcc></extensions></trkpt>
      <trkpt lon="-123.279829" lat="44.563230"><ele>72.740540</ele><time>2020-12-16T00:19:35Z</time><extensions><speed>0.030166</speed><course>191.672775</course><hAcc>0.902295</hAcc><vAcc>0.639257</vAcc></extensions></trkpt>
      <trkpt lon="-123.279829" lat="44.563229"><ele>72.739868</ele><time>2020-12-16T00:19:36Z</time><extensions><speed>0.036427</speed><course>193.624222</course><hAcc>0.894305</hAcc><vAcc>0.634504</vAcc></extensions></trkpt>
      <trkpt lon="-123.279829" lat="44.563229"><ele>72.740387</ele><time>2020-12-16T00:19:37Z</time><extensions><speed>0.066095</speed><course>193.479538</course><hAcc>0.884248</hAcc><vAcc>0.628518</vAcc></extensions></trkpt>
      <trkpt lon="-123.279829" lat="44.563228"><ele>72.742157</ele><time>2020-12-16T00:19:38Z</time><extensions><speed>0.102409</speed><course>198.247833</course><hAcc>0.872155</hAcc><vAcc>0.621322</vAcc></extensions></trkpt>
      <trkpt lon="-123.279830" lat="44.563227"><ele>72.745316</ele><time>2020-12-16T00:19:39Z</time><extensions><speed>0.141999</speed><course>203.610138</course><hAcc>0.858369</hAcc><vAcc>0.613120</vAcc></extensions></trkpt>
      <trkpt lon="-123.279831" lat="44.563226"><ele>72.750053</ele><time>2020-12-16T00:19:40Z</time><extensions><speed>0.184022</speed><course>193.885712</course><hAcc>0.843659</hAcc><vAcc>0.604374</vAcc></extensions></trkpt>
      <trkpt lon="-123.279832" lat="44.563224"><ele>72.756622</ele><time>2020-12-16T00:19:41Z</time><extensions><speed>0.227981</speed><course>189.646042</course><hAcc>0.829324</hAcc><vAcc>0.595856</vAcc></extensions></trkpt>
      <trkpt lon="-123.279834" lat="44.563222"><ele>72.765282</ele><time>2020-12-16T00:19:42Z</time><extensions><speed>0.272975</speed><course>192.264175</course><hAcc>0.816973</hAcc><vAcc>0.588516</vAcc></extensions></trkpt>
      <trkpt lon="-123.279836" lat="44.563220"><ele>72.776192</ele><time>2020-12-16T00:19:43Z</time><extensions><speed>0.317464</speed><course>198.218735</course><hAcc>0.807991</hAcc><vAcc>0.583179</vAcc></extensions></trkpt>
      <trkpt lon="-123.279839" lat="44.563218"><ele>72.789314</ele><time>2020-12-16T00:19:44Z</time><extensions><speed>0.359429</speed><course>221.669327</course><hAcc>0.803280</hAcc><vAcc>0.580379</vAcc></extensions></trkpt>
      <trkpt lon="-123.279843" lat="44.563216"><ele>72.804260</ele><time>2020-12-16T00:19:45Z</time><extensions><speed>0.396379</speed><course>205.775467</course><hAcc>0.803280</hAcc><vAcc>0.580379</vAcc></extensions></trkpt>
      <trkpt lon="-123.279847" lat="44.563214"><ele>72.820221</ele><time>2020-12-16T00:19:46Z</time><extensions><speed>0.425517</speed><course>207.450821</course><hAcc>0.807990</hAcc><vAcc>0.583178</vAcc></extensions></trkpt>
      <trkpt lon="-123.279852" lat="44.563212"><ele>72.835777</ele><time>2020-12-16T00:19:47Z</time><extensions><speed>0.444250</speed><course>203.144638</course><hAcc>0.816972</hAcc><vAcc>0.588516</vAcc></extensions></trkpt>
      <trkpt lon="-123.279857" lat="44.563210"><ele>72.849289</ele><time>2020-12-16T00:19:48Z</time><extensions><speed>0.455069</speed><course>198.933456</course><hAcc>0.829323</hAcc><vAcc>0.595854</vAcc></extensions></trkpt>
      <trkpt lon="-123.279863" lat="44.563210"><ele>72.859901</ele><time>2020-12-16T00:19:49Z</time><extensions><speed>0.466198</speed><course>195.255875</course><hAcc>0.843656</hAcc><vAcc>0.604372</vAcc></extensions></trkpt>
      <trkpt lon="-123.279869" lat="44.563209"><ele>72.868103</ele><time>2020-12-16T00:19:50Z</time><extensions><speed>0.485931</speed><course>195.873062</course><hAcc>0.858363</hAcc><vAcc>0.613116</vAcc></extensions></trkpt>
      <trkpt lon="-123.279875" lat="44.563210"><ele>72.875160</ele><time>2020-12-16T00:19:51Z</time><extensions><speed>0.518921</speed><course>198.157089</course><hAcc>0.872146</hAcc><vAcc>0.621316</vAcc></extensions></trkpt>
      <trkpt lon="-123.279881" lat="44.563212"><ele>72.882561</ele><time>2020-12-16T00:19:52Z</time><extensions><speed>0.563783</speed><course>207.563141</course><hAcc>0.884233</hAcc><vAcc>0.628509</vAcc></extensions></trkpt>
      <trkpt lon="-123.279888" lat="44.563214"><ele>72.891563</ele><time>2020-12-16T00:19:53Z</time><extensions><speed>0.614526</speed><course>184.277771</course><hAcc>0.894282</hAcc><vAcc>0.634490</vAcc></extensions></trkpt>
      <trkpt lon="-123.279894" lat="44.563218"><ele>72.903000</ele><time>2020-12-16T00:19:54Z</time><extensions><speed>0.664147</speed><course>189.462341</course><hAcc>0.902260</hAcc><vAcc>0.639235</vAcc></extensions></trkpt>
      <trkpt lon="-123.279901" lat="44.563221"><ele>72.917229</ele><time>2020-12-16T00:19:55Z</time><extensions><speed>0.706853</speed><course>185.330933</course><hAcc>0.908327</hAcc><vAcc>0.642841</vAcc></extensions></trkpt>
      <trkpt lon="-123.279908" lat="44.563226"><ele>72.934174</ele><time>2020-12-16T00:19:56Z</time><extensions><speed>0.738600</speed><course>175.969360</course><hAcc>0.912751</hAcc><vAcc>0.645466</vAcc></extensions></trkpt>
      <trkpt lon="-123.279914" lat="44.563231"><ele>72.953461</ele><time>2020-12-16T00:19:57Z</time><extensions><speed>0.757082</speed><course>183.031113</course><hAcc>0.915839</hAcc><vAcc>0.647294</vAcc></extensions></trkpt>
      <trkpt lon="-123.279921" lat="44.563236"><ele>72.974579</ele><time>2020-12-16T00:19:58Z</time><extensions><speed>0.761686</speed><course>191.760742</course><hAcc>0.917893</hAcc><vAcc>0.648508</vAcc></extensions></trkpt>
      <trkpt lon="-123.279927" lat="44.563241"><ele>72.996925</ele><time>2020-12-16T00:19:59Z</time><extensions><speed>0.753599</speed><course>196.188187</course><hAcc>0.919187</hAcc><vAcc>0.649268</vAcc></extensions></trkpt>
      <trkpt lon="-123.279933" lat="44.563246"><ele>73.019783</ele><time>2020-12-16T00:20:00Z</time><extensions><speed>0.735604</speed><course>208.143448</course><hAcc>0.919947</hAcc><vAcc>0.649713</vAcc></extensions></trkpt>
      <trkpt lon="-123.279939" lat="44.563251"><ele>73.042397</ele><time>2020-12-16T00:20:01Z</time><extensions><speed>0.711364</speed><course>201.976028</course><hAcc>0.920353</hAcc><vAcc>0.649949</vAcc></extensions></trkpt>
      <trkpt lon="-123.279945" lat="44.563256"><ele>73.063942</ele><time>2020-12-16T00:20:02Z</time><extensions><speed>0.684982</speed><course>198.579056</course><hAcc>0.920542</hAcc><vAcc>0.650057</vAcc></extensions></trkpt>
      <trkpt lon="-123.279950" lat="44.563260"><ele>73.083672</ele><time>2020-12-16T00:20:03Z</time><extensions><speed>0.660551</speed><course>207.801300</course><hAcc>0.920606</hAcc><vAcc>0.650092</vAcc></extensions></trkpt>
      <trkpt lon="-123.279956" lat="44.563264"><ele>73.100998</ele><time>2020-12-16T00:20:04Z</time><extensions><speed>0.641612</speed><course>214.053680</course><hAcc>0.920610</hAcc><vAcc>0.650093</vAcc></extensions></trkpt>
      <trkpt lon="-123.279962" lat="44.563268"><ele>73.115562</ele><time>2020-12-16T00:20:05Z</time><extensions><speed>0.630706</speed><course>213.733963</course><hAcc>0.920593</hAcc><vAcc>0.650081</vAcc></extensions></trkpt>
      <trkpt lon="-123.279968" lat="44.563272"><ele>73.127182</ele><time>2020-12-16T00:20:06Z</time><extensions><speed>0.629087</speed><course>210.738098</course><hAcc>0.920575</hAcc><vAcc>0.650070</vAcc></extensions></trkpt>
      <trkpt lon="-123.279975" lat="44.563275"><ele>73.135765</ele><time>2020-12-16T00:20:07Z</time><extensions><speed>0.636432</speed><course>206.300461</course><hAcc>0.920567</hAcc><vAcc>0.650065</vAcc></extensions></trkpt>
      <trkpt lon="-123.279982" lat="44.563277"><ele>73.141312</ele><time>2020-12-16T00:20:08Z</time><extensions><speed>0.650801</speed><course>202.599731</course><hAcc>0.920570</hAcc><vAcc>0.650067</vAcc></extensions></trkpt>
      <trkpt lon="-123.279990" lat="44.563280"><ele>73.143890</ele><time>2020-12-16T00:20:09Z</time><extensions><speed>0.669087</speed><course>197.208603</course><hAcc>0.920584</hAcc><vAcc>0.650076</vAcc></extensions></trkpt>
      <trkpt lon="-123.279998" lat="44.563282"><ele>73.143593</ele><time>2020-12-16T00:20:10Z</time><extensions><speed>0.688525</speed><course>203.211685</course><hAcc>0.920605</hAcc><vAcc>0.650089</vAcc></extensions></trkpt>
      <trkpt lon="-123.280006" lat="44.563284"><ele>73.140549</ele><time>2020-12-16T00:20:11Z</time><extensions><speed>0.707683</speed><course>206.548401</course><hAcc>0.920630</hAcc><vAcc>0.650104</vAcc></extensions></trkpt>
      <trkpt lon="-123.280015" lat="44.563286"><ele>73.135017</ele><time>2020-12-16T00:20:12Z</time><extensions><speed>0.725901</speed><course>199.666870</course><hAcc>0.920655</hAcc><vAcc>0.650119</vAcc></extensions></trkpt>
      <trkpt lon="-123.280024" lat="44.563287"><ele>73.127434</ele><time>2020-12-16T00:20:13Z</time><extensions><speed>0.743322</speed><course>195.379929</course><hAcc>0.920679</hAcc><vAcc>0.650133</vAcc></extensions></trkpt>
      <trkpt lon="-123.280033" lat="44.563288"><ele>73.118301</ele><time>2020-12-16T00:20:14Z</time><extensions><speed>0.761011</speed><course>206.469131</course><hAcc>0.920701</hAcc><vAcc>0.650146</vAcc></extensions></trkpt>
      <trkpt lon="-123.280043" lat="44.563289"><ele>73.107910</ele><time>2020-12-16T00:20:15Z</time><extensions><speed>0.779423</speed><course>196.663696</course><hAcc>0.920719</hAcc><vAcc>0.650157</vAcc></extensions></trkpt>
      <trkpt lon="-123.280052" lat="44.563290"><ele>73.096230</ele><time>2020-12-16T00:20:16Z</time><extensions><speed>0.797641</speed><course>209.347580</course><hAcc>0.920733</hAcc><vAcc>0.650166</vAcc></extensions></trkpt>
      <trkpt lon="-123.280063" lat="44.563291"><ele>73.083138</ele><time>2020-12-16T00:20:17Z</time><extensions><speed>0.814524</speed><course>201.285172</course><hAcc>0.920744</hAcc><vAcc>0.650172</vAcc></extensions></trkpt>
      <trkpt lon="-123.280073" lat="44.563291"><ele>73.068741</ele><time>2020-12-16T00:20:18Z</time><extensions><speed>0.829679</speed><course>203.034027</course><hAcc>0.920753</hAcc><vAcc>0.650177</vAcc></extensions></trkpt>
      <trkpt lon="-123.280083" lat="44.563291"><ele>73.053421</ele><time>2020-12-16T00:20:19Z</time><extensions><speed>0.842911</speed><course>200.628265</course><hAcc>0.920759</hAcc><vAcc>0.650181</vAcc></extensions></trkpt>
      <trkpt lon="-123.280094" lat="44.563291"><ele>73.037491</ele><time>2020-12-16T00:20:20Z</time><extensions><speed>0.853510</speed><course>197.429932</course><hAcc>0.920763</hAcc><vAcc>0.650183</vAcc></extensions></trkpt>
      <trkpt lon="-123.280105" lat="44.563291"><ele>73.020935</ele><time>2020-12-16T00:20:21Z</time><extensions><speed>0.860411</speed><course>193.025009</course><hAcc>0.920766</hAcc><vAcc>0.650185</vAcc></extensions></trkpt>
      <trkpt lon="-123.280116" lat="44.563291"><ele>73.003403</ele><time>2020-12-16T00:20:22Z</time><extensions><speed>0.862868</speed><course>195.353729</course><hAcc>0.920769</hAcc><vAcc>0.650187</vAcc></extensions></trkpt>
      <trkpt lon="-123.280127" lat="44.563291"><ele>72.984390</ele><time>2020-12-16T00:20:23Z</time><extensions><speed>0.860972</speed><course>202.215546</course><hAcc>0.920770</hAcc><vAcc>0.650188</vAcc></extensions></trkpt>
      <trkpt lon="-123.280137" lat="44.563291"><ele>72.963631</ele><time>2020-12-16T00:20:24Z</time><extensions><speed>0.854823</speed><course>210.078690</course><hAcc>0.920772</hAcc><vAcc>0.650189</vAcc></extensions></trkpt>
      <trkpt lon="-123.280148" lat="44.563291"><ele>72.941277</ele><time>2020-12-16T00:20:25Z</time><extensions><speed>0.844206</speed><course>199.863953</course><hAcc>0.920772</hAcc><vAcc>0.650190</vAcc></extensions></trkpt>
      <trkpt lon="-123.280159" lat="44.563291"><ele>72.917908</ele><time>2020-12-16T00:20:26Z</time><extensions><speed>0.828841</speed><course>203.463150</course><hAcc>0.920772</hAcc><vAcc>0.650190</vAcc></extensions></trkpt>
      <trkpt lon="-123.280169" lat="44.563291"><ele>72.894226</ele><time>2020-12-16T00:20:27Z</time><extensions><speed>0.808601</speed><course>198.730148</course><hAcc>0.920771</hAcc><vAcc>0.650190</vAcc></extensions></trkpt>
      <trkpt lon="-123.280179" lat="44.563291"><ele>72.870926</ele><time>2020-12-16T00:20:28Z</time><extensions><speed>0.783959</speed><course>199.766876</course><hAcc>0.920768</hAcc><vAcc>0.650189</vAcc></extensions></trkpt>
      <trkpt lon="-123.280189" lat="44.563291"><ele>72.848793</ele><time>2020-12-16T00:20:29Z</time><extensions><speed>0.755807</speed><course>195.749954</course><hAcc>0.920762</hAcc><vAcc>0.650186</vAcc></extensions></trkpt>
      <trkpt lon="-123.280198" lat="44.563291"><ele>72.828651</ele><time>2020-12-16T00:20:30Z</time><extensions><speed>0.725459</speed><course>200.636017</course><hAcc>0.920753</hAcc><vAcc>0.650181</vAcc></extensions></trkpt>
      <trkpt lon="-123.280207" lat="44.563291"><ele>72.811180</ele><time>2020-12-16T00:20:31Z</time><extensions><speed>0.695186</speed><course>199.799698</course><hAcc>0.920741</hAcc><vAcc>0.650174</vAcc></extensions></trkpt>
      <trkpt lon="-123.280216" lat="44.563291"><ele>72.796700</ele><time>2020-12-16T00:20:32Z</time><extensions><speed>0.667756</speed><course>203.975311</course><hAcc>0.920725</hAcc><vAcc>0.650165</vAcc></extensions></trkpt>
      <trkpt lon="-123.280224" lat="44.563291"><ele>72.785049</ele><time>2020-12-16T00:20:33Z</time><extensions><speed>0.645549</speed><course>199.175598</course><hAcc>0.920707</hAcc><vAcc>0.650154</vAcc></extensions></trkpt>
      <trkpt lon="-123.280232" lat="44.563291"><ele>72.775734</ele><time>2020-12-16T00:20:34Z</time><extensions><speed>0.629752</speed><course>203.690918</course><hAcc>0.920687</hAcc><vAcc>0.650143</vAcc></extensions></trkpt>
      <trkpt lon="-123.280240" lat="44.563291"><ele>72.768349</ele><time>2020-12-16T00:20:35Z</time><extensions><speed>0.620490</speed><course>195.007507</course><hAcc>0.920672</hAcc><vAcc>0.650134</vAcc></extensions></trkpt>
      <trkpt lon="-123.280247" lat="44.563291"><ele>72.762863</ele><time>2020-12-16T00:20:36Z</time><extensions><speed>0.617680</speed><course>197.379303</course><hAcc>0.920667</hAcc><vAcc>0.650131</vAcc></extensions></trkpt>
      <trkpt lon="-123.280255" lat="44.563291"><ele>72.759476</ele><time>2020-12-16T00:20:37Z</time><extensions><speed>0.621521</speed><course>202.936020</course><hAcc>0.920681</hAcc><vAcc>0.650141</vAcc></extensions></trkpt>
      <trkpt lon="-123.280263" lat="44.563292"><ele>72.758400</ele><time>2020-12-16T00:20:38Z</time><extensions><speed>0.632780</speed><course>202.402252</course><hAcc>0.920727</hAcc><vAcc>0.650172</vAcc></extensions></trkpt>
      <trkpt lon="-123.280271" lat="44.563292"><ele>72.759705</ele><time>2020-12-16T00:20:39Z</time><extensions><speed>0.652188</speed><course>210.364548</course><hAcc>0.920822</hAcc><vAcc>0.650236</vAcc></extensions></trkpt>
      <trkpt lon="-123.280280" lat="44.563293"><ele>72.763199</ele><time>2020-12-16T00:20:40Z</time><extensions><speed>0.679823</speed><course>195.654144</course><hAcc>0.920982</hAcc><vAcc>0.650345</vAcc></extensions></trkpt>
      <trkpt lon="-123.280288" lat="44.563293"><ele>72.768448</ele><time>2020-12-16T00:20:41Z</time><extensions><speed>0.714863</speed><course>191.079483</course><hAcc>0.921226</hAcc><vAcc>0.650512</vAcc></extensions></trkpt>
      <trkpt lon="-123.280298" lat="44.563294"><ele>72.774979</ele><time>2020-12-16T00:20:42Z</time><extensions><speed>0.755744</speed><course>206.588272</course><hAcc>0.921564</hAcc><vAcc>0.650750</vAcc></extensions></trkpt>
      <trkpt lon="-123.280307" lat="44.563294"><ele>72.782417</ele><time>2020-12-16T00:20:43Z</time><extensions><speed>0.800356</speed><course>206.562729</course><hAcc>0.922001</hAcc><vAcc>0.651065</vAcc></extensions></trkpt>
      <trkpt lon="-123.280318" lat="44.563295"><ele>72.790443</ele><time>2020-12-16T00:20:44Z</time><extensions><speed>0.846159</speed><course>204.040985</course><hAcc>0.922519</hAcc><vAcc>0.651453</vAcc></extensions></trkpt>
      <trkpt lon="-123.280328" lat="44.563296"><ele>72.798653</ele><time>2020-12-16T00:20:45Z</time><extensions><speed>0.890474</speed><course>199.579681</course><hAcc>0.923074</hAcc><vAcc>0.651894</vAcc></extensions></trkpt>
      <trkpt lon="-123.280340" lat="44.563296"><ele>72.806480</ele><time>2020-12-16T00:20:46Z</time><extensions><speed>0.931121</speed><course>207.673599</course><hAcc>0.923579</hAcc><vAcc>0.652341</vAcc></extensions></trkpt>
      <trkpt lon="-123.280352" lat="44.563297"><ele>72.813416</ele><time>2020-12-16T00:20:47Z</time><extensions><speed>0.966954</speed><course>190.887924</course><hAcc>0.923895</hAcc><vAcc>0.652714</vAcc></extensions></trkpt>
      <trkpt lon="-123.280364" lat="44.563298"><ele>72.819099</ele><time>2020-12-16T00:20:48Z</time><extensions><speed>0.997471</speed><course>188.633057</course><hAcc>0.923816</hAcc><vAcc>0.652894</vAcc></extensions></trkpt>
      <trkpt lon="-123.280377" lat="44.563299"><ele>72.823189</ele><time>2020-12-16T00:20:49Z</time><extensions><speed>1.021951</speed><course>209.154373</course><hAcc>0.923070</hAcc><vAcc>0.652713</vAcc></extensions></trkpt>
      <trkpt lon="-123.280390" lat="44.563300"><ele>72.825172</ele><time>2020-12-16T00:20:50Z</time><extensions><speed>1.039257</speed><course>205.025482</course><hAcc>0.921324</hAcc><vAcc>0.651964</vAcc></extensions></trkpt>
      <trkpt lon="-123.280403" lat="44.563301"><ele>72.824532</ele><time>2020-12-16T00:20:51Z</time><extensions><speed>1.048288</speed><course>203.186127</course><hAcc>0.918203</hAcc><vAcc>0.650409</vAcc></extensions></trkpt>
      <trkpt lon="-123.280416" lat="44.563301"><ele>72.820915</ele><time>2020-12-16T00:20:52Z</time><extensions><speed>1.048161</speed><course>185.991241</course><hAcc>0.913352</hAcc><vAcc>0.647815</vAcc></extensions></trkpt>
      <trkpt lon="-123.280429" lat="44.563302"><ele>72.814323</ele><time>2020-12-16T00:20:53Z</time><extensions><speed>1.038336</speed><course>191.476257</course><hAcc>0.906522</hAcc><vAcc>0.644010</vAcc></extensions></trkpt>
      <trkpt lon="-123.280442" lat="44.563303"><ele>72.805031</ele><time>2020-12-16T00:20:54Z</time><extensions><speed>1.018710</speed><course>185.230698</course><hAcc>0.897718</hAcc><vAcc>0.638976</vAcc></extensions></trkpt>
      <trkpt lon="-123.280454" lat="44.563305"><ele>72.793449</ele><time>2020-12-16T00:20:55Z</time><extensions><speed>0.989266</speed><course>194.006577</course><hAcc>0.887421</hAcc><vAcc>0.632994</vAcc></extensions></trkpt>
      <trkpt lon="-123.280466" lat="44.563306"><ele>72.779968</ele><time>2020-12-16T00:20:56Z</time><extensions><speed>0.949756</speed><course>196.698212</course><hAcc>0.876887</hAcc><vAcc>0.626837</vAcc></extensions></trkpt>
      <trkpt lon="-123.280478" lat="44.563307"><ele>72.764977</ele><time>2020-12-16T00:20:57Z</time><extensions><speed>0.900063</speed><course>189.936676</course><hAcc>0.868517</hAcc><vAcc>0.622016</vAcc></extensions></trkpt>
      <trkpt lon="-123.280489" lat="44.563308"><ele>72.748940</ele><time>2020-12-16T00:20:58Z</time><extensions><speed>0.841171</speed><course>175.871399</course><hAcc>0.865974</hAcc><vAcc>0.620899</vAcc></extensions></trkpt>
      <trkpt lon="-123.280499" lat="44.563310"><ele>72.732262</ele><time>2020-12-16T00:20:59Z</time><extensions><speed>0.775914</speed><course>151.123825</course><hAcc>0.873967</hAcc><vAcc>0.626636</vAcc></extensions></trkpt>
      <trkpt lon="-123.280508" lat="44.563311"><ele>72.715149</ele><time>2020-12-16T00:21:00Z</time><extensions><speed>0.708755</speed><course>163.304916</course><hAcc>0.898113</hAcc><vAcc>0.643135</vAcc></extensions></trkpt>
      <trkpt lon="-123.280516" lat="44.563313"><ele>72.697762</ele><time>2020-12-16T00:21:01Z</time><extensions><speed>0.645450</speed><course>191.284103</course><hAcc>0.944686</hAcc><vAcc>0.674923</vAcc></extensions></trkpt>
      <trkpt lon="-123.280485" lat="44.563317"><ele>72.637917</ele><time>2020-12-16T00:21:02Z</time><extensions><speed>1.363482</speed><course>228.407959</course><hAcc>0.887621</hAcc><vAcc>0.635198</vAcc></extensions></trkpt>
      <trkpt lon="-123.280466" lat="44.563318"><ele>72.679138</ele><time>2020-12-16T00:21:03Z</time><extensions><speed>1.552586</speed><course>181.169235</course><hAcc>0.895292</hAcc><vAcc>0.637791</vAcc></extensions></trkpt>
      <trkpt lon="-123.280446" lat="44.563318"><ele>72.720268</ele><time>2020-12-16T00:21:04Z</time><extensions><speed>1.759383</speed><course>180.651520</course><hAcc>0.907707</hAcc><vAcc>0.644535</vAcc></extensions></trkpt>
      <trkpt lon="-123.280422" lat="44.563319"><ele>72.761421</ele><time>2020-12-16T00:21:05Z</time><extensions><speed>1.973223</speed><course>177.246353</course><hAcc>0.920223</hAcc><vAcc>0.652001</vAcc></extensions></trkpt>
      <trkpt lon="-123.280396" lat="44.563319"><ele>72.802483</ele><time>2020-12-16T00:21:06Z</time><extensions><speed>2.182724</speed><course>181.165649</course><hAcc>0.930630</hAcc><vAcc>0.658460</vAcc></extensions></trkpt>
      <trkpt lon="-123.280367" lat="44.563319"><ele>72.843185</ele><time>2020-12-16T00:21:07Z</time><extensions><speed>2.376952</speed><course>180.461334</course><hAcc>0.938241</hAcc><vAcc>0.663284</vAcc></extensions></trkpt>
      <trkpt lon="-123.280336" lat="44.563318"><ele>72.883011</ele><time>2020-12-16T00:21:08Z</time><extensions><speed>2.545730</speed><course>166.536957</course><hAcc>0.943214</hAcc><vAcc>0.666471</vAcc></extensions></trkpt>
      <trkpt lon="-123.280303" lat="44.563317"><ele>72.921173</ele><time>2020-12-16T00:21:09Z</time><extensions><speed>2.680478</speed><course>136.963715</course><hAcc>0.946086</hAcc><vAcc>0.668320</vAcc></extensions></trkpt>
      <trkpt lon="-123.280269" lat="44.563316"><ele>72.956947</ele><time>2020-12-16T00:21:10Z</time><extensions><speed>2.775403</speed><course>119.000587</course><hAcc>0.947484</hAcc><vAcc>0.669217</vAcc></extensions></trkpt>
      <trkpt lon="-123.280234" lat="44.563315"><ele>72.989975</ele><time>2020-12-16T00:21:11Z</time><extensions><speed>2.827591</speed><course>105.829887</course><hAcc>0.947959</hAcc><vAcc>0.669512</vAcc></extensions></trkpt>
      <trkpt lon="-123.280198" lat="44.563313"><ele>73.020134</ele><time>2020-12-16T00:21:12Z</time><extensions><speed>2.835963</speed><course>127.759743</course><hAcc>0.947894</hAcc><vAcc>0.669453</vAcc></extensions></trkpt>
      <trkpt lon="-123.280163" lat="44.563310"><ele>73.047211</ele><time>2020-12-16T00:21:13Z</time><extensions><speed>2.801202</speed><course>108.017120</course><hAcc>0.947484</hAcc><vAcc>0.669161</vAcc></extensions></trkpt>
      <trkpt lon="-123.280128" lat="44.563308"><ele>73.070786</ele><time>2020-12-16T00:21:14Z</time><extensions><speed>2.726207</speed><course>127.930283</course><hAcc>0.946766</hAcc><vAcc>0.668656</vAcc></extensions></trkpt>
      <trkpt lon="-123.280095" lat="44.563305"><ele>73.090416</ele><time>2020-12-16T00:21:15Z</time><extensions><speed>2.616097</speed><course>151.003036</course><hAcc>0.945706</hAcc><vAcc>0.667907</vAcc></extensions></trkpt>
      <trkpt lon="-123.280063" lat="44.563303"><ele>73.105957</ele><time>2020-12-16T00:21:16Z</time><extensions><speed>2.478140</speed><course>205.222900</course><hAcc>0.944343</hAcc><vAcc>0.666940</vAcc></extensions></trkpt>
      <trkpt lon="-123.280033" lat="44.563300"><ele>73.117531</ele><time>2020-12-16T00:21:17Z</time><extensions><speed>2.321148</speed><course>212.527908</course><hAcc>0.943001</hAcc><vAcc>0.665980</vAcc></extensions></trkpt>
      <trkpt lon="-123.280005" lat="44.563297"><ele>73.125397</ele><time>2020-12-16T00:21:18Z</time><extensions><speed>2.154761</speed><course>202.827469</course><hAcc>0.942596</hAcc><vAcc>0.665672</vAcc></extensions></trkpt>
      <trkpt lon="-123.279979" lat="44.563295"><ele>73.129852</ele><time>2020-12-16T00:21:19Z</time><extensions><speed>1.988310</speed><course>194.322556</course><hAcc>0.945019</hAcc><vAcc>0.667347</vAcc></extensions></trkpt>
      <trkpt lon="-123.279956" lat="44.563293"><ele>73.131210</ele><time>2020-12-16T00:21:20Z</time><extensions><speed>1.829949</speed><course>219.056519</course><hAcc>0.953587</hAcc><vAcc>0.673347</vAcc></extensions></trkpt>
      <trkpt lon="-123.279934" lat="44.563291"><ele>73.129807</ele><time>2020-12-16T00:21:21Z</time><extensions><speed>1.686144</speed><course>209.466431</course><hAcc>0.973405</hAcc><vAcc>0.687277</vAcc></extensions></trkpt>
      <trkpt lon="-123.279913" lat="44.563289"><ele>73.125931</ele><time>2020-12-16T00:21:22Z</time><extensions><speed>1.561950</speed><course>210.578140</course><hAcc>1.011402</hAcc><vAcc>0.714036</vAcc></extensions></trkpt>
      <trkpt lon="-123.279914" lat="44.563288"><ele>73.098206</ele><time>2020-12-16T00:21:23Z</time><extensions><speed>0.393887</speed><course>228.407959</course><hAcc>0.970745</hAcc><vAcc>0.685356</vAcc></extensions></trkpt>
      <trkpt lon="-123.279919" lat="44.563289"><ele>73.088493</ele><time>2020-12-16T00:21:24Z</time><extensions><speed>0.464961</speed><course>181.169235</course><hAcc>0.949664</hAcc><vAcc>0.670529</vAcc></extensions></trkpt>
      <trkpt lon="-123.279925" lat="44.563291"><ele>73.078850</ele><time>2020-12-16T00:21:25Z</time><extensions><speed>0.541912</speed><course>180.651520</course><hAcc>0.940928</hAcc><vAcc>0.664403</vAcc></extensions></trkpt>
      <trkpt lon="-123.279932" lat="44.563293"><ele>73.069496</ele><time>2020-12-16T00:21:26Z</time><extensions><speed>0.620314</speed><course>177.246353</course><hAcc>0.938692</hAcc><vAcc>0.662851</vAcc></extensions></trkpt>
      <trkpt lon="-123.279939" lat="44.563294"><ele>73.060539</ele><time>2020-12-16T00:21:27Z</time><extensions><speed>0.696404</speed><course>181.165649</course><hAcc>0.939132</hAcc><vAcc>0.663173</vAcc></extensions></trkpt>
      <trkpt lon="-123.279948" lat="44.563296"><ele>73.051979</ele><time>2020-12-16T00:21:28Z</time><extensions><speed>0.767443</speed><course>180.461334</course><hAcc>0.940057</hAcc><vAcc>0.663828</vAcc></extensions></trkpt>
      <trkpt lon="-123.279958" lat="44.563298"><ele>73.043724</ele><time>2020-12-16T00:21:29Z</time><extensions><speed>0.831658</speed><course>166.536957</course><hAcc>0.940416</hAcc><vAcc>0.664076</vAcc></extensions></trkpt>
      <trkpt lon="-123.279969" lat="44.563300"><ele>73.035561</ele><time>2020-12-16T00:21:30Z</time><extensions><speed>0.887918</speed><course>136.963715</course><hAcc>0.939869</hAcc><vAcc>0.663681</vAcc></extensions></trkpt>
      <trkpt lon="-123.279980" lat="44.563302"><ele>73.027222</ele><time>2020-12-16T00:21:31Z</time><extensions><speed>0.935204</speed><course>119.000587</course><hAcc>0.938473</hAcc><vAcc>0.662684</vAcc></extensions></trkpt>
      <trkpt lon="-123.279991" lat="44.563304"><ele>73.018547</ele><time>2020-12-16T00:21:32Z</time><extensions><speed>0.972761</speed><course>105.829887</course><hAcc>0.936460</hAcc><vAcc>0.661254</vAcc></extensions></trkpt>
      <trkpt lon="-123.280003" lat="44.563306"><ele>73.009506</ele><time>2020-12-16T00:21:33Z</time><extensions><speed>1.000568</speed><course>127.759743</course><hAcc>0.934106</hAcc><vAcc>0.659585</vAcc></extensions></trkpt>
      <trkpt lon="-123.280016" lat="44.563308"><ele>73.000221</ele><time>2020-12-16T00:21:34Z</time><extensions><speed>1.018941</speed><course>108.017120</course><hAcc>0.931648</hAcc><vAcc>0.657849</vAcc></extensions></trkpt>
      <trkpt lon="-123.280029" lat="44.563310"><ele>72.990891</ele><time>2020-12-16T00:21:35Z</time><extensions><speed>1.027999</speed><course>127.930283</course><hAcc>0.929247</hAcc><vAcc>0.656163</vAcc></extensions></trkpt>
      <trkpt lon="-123.280041" lat="44.563312"><ele>72.981766</ele><time>2020-12-16T00:21:36Z</time><extensions><speed>1.027961</speed><course>151.003036</course><hAcc>0.926971</hAcc><vAcc>0.654584</vAcc></extensions></trkpt>
      <trkpt lon="-123.280054" lat="44.563313"><ele>72.973015</ele><time>2020-12-16T00:21:37Z</time><extensions><speed>1.019499</speed><course>205.222900</course><hAcc>0.924797</hAcc><vAcc>0.653105</vAcc></extensions></trkpt>
      <trkpt lon="-123.280066" lat="44.563315"><ele>72.964638</ele><time>2020-12-16T00:21:38Z</time><extensions><speed>1.003981</speed><course>212.527908</course><hAcc>0.922619</hAcc><vAcc>0.651665</vAcc></extensions></trkpt>
      <trkpt lon="-123.280079" lat="44.563316"><ele>72.956543</ele><time>2020-12-16T00:21:39Z</time><extensions><speed>0.983055</speed><course>202.827469</course><hAcc>0.920257</hAcc><vAcc>0.650156</vAcc></extensions></trkpt>
      <trkpt lon="-123.280091" lat="44.563318"><ele>72.948631</ele><time>2020-12-16T00:21:40Z</time><extensions><speed>0.958076</speed><course>194.322556</course><hAcc>0.917482</hAcc><vAcc>0.648437</vAcc></extensions></trkpt>
      <trkpt lon="-123.280103" lat="44.563319"><ele>72.940773</ele><time>2020-12-16T00:21:41Z</time><extensions><speed>0.930304</speed><course>219.056519</course><hAcc>0.914027</hAcc><vAcc>0.646347</vAcc></extensions></trkpt>
      <trkpt lon="-123.280114" lat="44.563320"><ele>72.932861</ele><time>2020-12-16T00:21:42Z</time><extensions><speed>0.900950</speed><course>209.466431</course><hAcc>0.909623</hAcc><vAcc>0.643721</vAcc></extensions></trkpt>
      <trkpt lon="-123.280125" lat="44.563320"><ele>72.924767</ele><time>2020-12-16T00:21:43Z</time><extensions><speed>0.871281</speed><course>210.578140</course><hAcc>0.904033</hAcc><vAcc>0.640415</vAcc></extensions></trkpt>
      <trkpt lon="-123.280136" lat="44.563321"><ele>72.916359</ele><time>2020-12-16T00:21:44Z</time><extensions><speed>0.842524</speed><course>202.670120</course><hAcc>0.897103</hAcc><vAcc>0.636336</vAcc></extensions></trkpt>
      <trkpt lon="-123.280146" lat="44.563321"><ele>72.907463</ele><time>2020-12-16T00:21:45Z</time><extensions><speed>0.815755</speed><course>187.536926</course><hAcc>0.888833</hAcc><vAcc>0.631481</vAcc></extensions></trkpt>
      <trkpt lon="-123.280156" lat="44.563321"><ele>72.897842</ele><time>2020-12-16T00:21:46Z</time><extensions><speed>0.792439</speed><course>196.594711</course><hAcc>0.879461</hAcc><vAcc>0.625991</vAcc></extensions></trkpt>
      <trkpt lon="-123.280166" lat="44.563321"><ele>72.887169</ele><time>2020-12-16T00:21:47Z</time><extensions><speed>0.775186</speed><course>198.213242</course><hAcc>0.869551</hAcc><vAcc>0.620196</vAcc></extensions></trkpt>
      <trkpt lon="-123.280176" lat="44.563321"><ele>72.875160</ele><time>2020-12-16T00:21:48Z</time><extensions><speed>0.766972</speed><course>199.069733</course><hAcc>0.860077</hAcc><vAcc>0.614665</vAcc></extensions></trkpt>
      <trkpt lon="-123.280186" lat="44.563321"><ele>72.861649</ele><time>2020-12-16T00:21:49Z</time><extensions><speed>0.769221</speed><course>202.819763</course><hAcc>0.852444</hAcc><vAcc>0.610215</vAcc></extensions></trkpt>
      <trkpt lon="-123.280195" lat="44.563322"><ele>72.846733</ele><time>2020-12-16T00:21:50Z</time><extensions><speed>0.781050</speed><course>196.131943</course><hAcc>0.848161</hAcc><vAcc>0.607720</vAcc></extensions></trkpt>
      <trkpt lon="-123.280205" lat="44.563322"><ele>72.830772</ele><time>2020-12-16T00:21:51Z</time><extensions><speed>0.799902</speed><course>200.286255</course><hAcc>0.848166</hAcc><vAcc>0.607724</vAcc></extensions></trkpt>
      <trkpt lon="-123.280216" lat="44.563322"><ele>72.814453</ele><time>2020-12-16T00:21:52Z</time><extensions><speed>0.822276</speed><course>201.251785</course><hAcc>0.852457</hAcc><vAcc>0.610224</vAcc></extensions></trkpt>
      <trkpt lon="-123.280226" lat="44.563322"><ele>72.798546</ele><time>2020-12-16T00:21:53Z</time><extensions><speed>0.843974</speed><course>202.202698</course><hAcc>0.860094</hAcc><vAcc>0.614677</vAcc></extensions></trkpt>
      <trkpt lon="-123.280237" lat="44.563322"><ele>72.783676</ele><time>2020-12-16T00:21:54Z</time><extensions><speed>0.862243</speed><course>196.895386</course><hAcc>0.869564</hAcc><vAcc>0.620206</vAcc></extensions></trkpt>
      <trkpt lon="-123.280248" lat="44.563323"><ele>72.770348</ele><time>2020-12-16T00:21:55Z</time><extensions><speed>0.876779</speed><course>193.223190</course><hAcc>0.879456</hAcc><vAcc>0.625988</vAcc></extensions></trkpt>
      <trkpt lon="-123.280259" lat="44.563323"><ele>72.758972</ele><time>2020-12-16T00:21:56Z</time><extensions><speed>0.888142</speed><course>185.192734</course><hAcc>0.888785</hAcc><vAcc>0.631449</vAcc></extensions></trkpt>
      <trkpt lon="-123.280270" lat="44.563323"><ele>72.749748</ele><time>2020-12-16T00:21:57Z</time><extensions><speed>0.896505</speed><course>196.831329</course><hAcc>0.896971</hAcc><vAcc>0.636246</vAcc></extensions></trkpt>
      <trkpt lon="-123.280281" lat="44.563323"><ele>72.742569</ele><time>2020-12-16T00:21:58Z</time><extensions><speed>0.901470</speed><course>197.365341</course><hAcc>0.903758</hAcc><vAcc>0.640225</vAcc></extensions></trkpt>
      <trkpt lon="-123.280293" lat="44.563323"><ele>72.737122</ele><time>2020-12-16T00:21:59Z</time><extensions><speed>0.902877</speed><course>199.280273</course><hAcc>0.909120</hAcc><vAcc>0.643372</vAcc></extensions></trkpt>
      <trkpt lon="-123.280304" lat="44.563323"><ele>72.732986</ele><time>2020-12-16T00:22:00Z</time><extensions><speed>0.901248</speed><course>207.802399</course><hAcc>0.913182</hAcc><vAcc>0.645759</vAcc></extensions></trkpt>
      <trkpt lon="-123.280315" lat="44.563323"><ele>72.729874</ele><time>2020-12-16T00:22:01Z</time><extensions><speed>0.897858</speed><course>201.647430</course><hAcc>0.916148</hAcc><vAcc>0.647506</vAcc></extensions></trkpt>
      <trkpt lon="-123.280327" lat="44.563323"><ele>72.727570</ele><time>2020-12-16T00:22:02Z</time><extensions><speed>0.894068</speed><course>194.151199</course><hAcc>0.918260</hAcc><vAcc>0.648757</vAcc></extensions></trkpt>
      <trkpt lon="-123.280338" lat="44.563323"><ele>72.726021</ele><time>2020-12-16T00:22:03Z</time><extensions><speed>0.890783</speed><course>195.794388</course><hAcc>0.919760</hAcc><vAcc>0.649660</vAcc></extensions></trkpt>
      <trkpt lon="-123.280349" lat="44.563322"><ele>72.725060</ele><time>2020-12-16T00:22:04Z</time><extensions><speed>0.888291</speed><course>186.656586</course><hAcc>0.920876</hAcc><vAcc>0.650351</vAcc></extensions></trkpt>
      <trkpt lon="-123.280360" lat="44.563322"><ele>72.724365</ele><time>2020-12-16T00:22:05Z</time><extensions><speed>0.886074</speed><course>189.850922</course><hAcc>0.921810</hAcc><vAcc>0.650954</vAcc></extensions></trkpt>
      <trkpt lon="-123.280371" lat="44.563322"><ele>72.723618</ele><time>2020-12-16T00:22:06Z</time><extensions><speed>0.883382</speed><course>207.413498</course><hAcc>0.922732</hAcc><vAcc>0.651576</vAcc></extensions></trkpt>
      <trkpt lon="-123.280383" lat="44.563322"><ele>72.722626</ele><time>2020-12-16T00:22:07Z</time><extensions><speed>0.880358</speed><course>204.757538</course><hAcc>0.923779</hAcc><vAcc>0.652303</vAcc></extensions></trkpt>
      <trkpt lon="-123.280394" lat="44.563322"><ele>72.721077</ele><time>2020-12-16T00:22:08Z</time><extensions><speed>0.877990</speed><course>206.813416</course><hAcc>0.925054</hAcc><vAcc>0.653199</vAcc></extensions></trkpt>
      <trkpt lon="-123.280405" lat="44.563322"><ele>72.718605</ele><time>2020-12-16T00:22:09Z</time><extensions><speed>0.877215</speed><course>192.396255</course><hAcc>0.926621</hAcc><vAcc>0.654305</vAcc></extensions></trkpt>
      <trkpt lon="-123.280416" lat="44.563322"><ele>72.714928</ele><time>2020-12-16T00:22:10Z</time><extensions><speed>0.877811</speed><course>197.168304</course><hAcc>0.928495</hAcc><vAcc>0.655629</vAcc></extensions></trkpt>
      <trkpt lon="-123.280427" lat="44.563322"><ele>72.709877</ele><time>2020-12-16T00:22:11Z</time><extensions><speed>0.878195</speed><course>191.501495</course><hAcc>0.930640</hAcc><vAcc>0.657146</vAcc></extensions></trkpt>
      <trkpt lon="-123.280438" lat="44.563322"><ele>72.703369</ele><time>2020-12-16T00:22:12Z</time><extensions><speed>0.876320</speed><course>193.484879</course><hAcc>0.932956</hAcc><vAcc>0.658783</vAcc></extensions></trkpt>
      <trkpt lon="-123.280449" lat="44.563323"><ele>72.695396</ele><time>2020-12-16T00:22:13Z</time><extensions><speed>0.870195</speed><course>196.994720</course><hAcc>0.935280</hAcc><vAcc>0.660428</vAcc></extensions></trkpt>
      <trkpt lon="-123.280460" lat="44.563323"><ele>72.686188</ele><time>2020-12-16T00:22:14Z</time><extensions><speed>0.858030</speed><course>200.600067</course><hAcc>0.937398</hAcc><vAcc>0.661927</vAcc></extensions></trkpt>
      <trkpt lon="-123.280470" lat="44.563324"><ele>72.676147</ele><time>2020-12-16T00:22:15Z</time><extensions><speed>0.837929</speed><course>198.436539</course><hAcc>0.939071</hAcc><vAcc>0.663112</vAcc></extensions></trkpt>
      <trkpt lon="-123.280481" lat="44.563325"><ele>72.665749</ele><time>2020-12-16T00:22:16Z</time><extensions><speed>0.808380</speed><course>192.879364</course><hAcc>0.940107</hAcc><vAcc>0.663848</vAcc></extensions></trkpt>
      <trkpt lon="-123.280490" lat="44.563326"><ele>72.655334</ele><time>2020-12-16T00:22:17Z</time><extensions><speed>0.768928</speed><course>201.946960</course><hAcc>0.940475</hAcc><vAcc>0.664111</vAcc></extensions></trkpt>
      <trkpt lon="-123.280500" lat="44.563327"><ele>72.645058</ele><time>2020-12-16T00:22:18Z</time><extensions><speed>0.720338</speed><course>182.119858</course><hAcc>0.940493</hAcc><vAcc>0.664122</vAcc></extensions></trkpt>
      <trkpt lon="-123.280508" lat="44.563328"><ele>72.634888</ele><time>2020-12-16T00:22:19Z</time><extensions><speed>0.664634</speed><course>196.295090</course><hAcc>0.941104</hAcc><vAcc>0.664543</vAcc></extensions></trkpt>
      <trkpt lon="-123.280516" lat="44.563329"><ele>72.624733</ele><time>2020-12-16T00:22:20Z</time><extensions><speed>0.604601</speed><course>201.265747</course><hAcc>0.944247</hAcc><vAcc>0.666740</vAcc></extensions></trkpt>
      <trkpt lon="-123.280523" lat="44.563331"><ele>72.614517</ele><time>2020-12-16T00:22:21Z</time><extensions><speed>0.543072</speed><course>200.241653</course><hAcc>0.953286</hAcc><vAcc>0.673085</vAcc></extensions></trkpt>
      <trkpt lon="-123.280529" lat="44.563332"><ele>72.604210</ele><time>2020-12-16T00:22:22Z</time><extensions><speed>0.483118</speed><course>205.512634</course><hAcc>0.973376</hAcc><vAcc>0.687219</vAcc></extensions></trkpt>
      <trkpt lon="-123.280534" lat="44.563333"><ele>72.593964</ele><time>2020-12-16T00:22:23Z</time><extensions><speed>0.428210</speed><course>200.752853</course><hAcc>1.011485</hAcc><vAcc>0.714069</vAcc></extensions></trkpt>
      <trkpt lon="-123.280532" lat="44.563339"><ele>72.607178</ele><time>2020-12-16T00:22:24Z</time><extensions><speed>1.087699</speed><course>228.407959</course><hAcc>0.970800</hAcc><vAcc>0.685388</vAcc></extensions></trkpt>
      <trkpt lon="-123.280517" lat="44.563340"><ele>72.621391</ele><time>2020-12-16T00:22:25Z</time><extensions><speed>1.199170</speed><course>181.169235</course><hAcc>0.949740</hAcc><vAcc>0.670573</vAcc></extensions></trkpt>
      <trkpt lon="-123.280501" lat="44.563341"><ele>72.639206</ele><time>2020-12-16T00:22:26Z</time><extensions><speed>1.327975</speed><course>180.651520</course><hAcc>0.941025</hAcc><vAcc>0.664460</vAcc></extensions></trkpt>
      <trkpt lon="-123.280484" lat="44.563342"><ele>72.660912</ele><time>2020-12-16T00:22:27Z</time><extensions><speed>1.469134</speed><course>177.246353</course><hAcc>0.938808</hAcc><vAcc>0.662919</vAcc></extensions></trkpt>
      <trkpt lon="-123.280464" lat="44.563342"><ele>72.686630</ele><time>2020-12-16T00:22:28Z</time><extensions><speed>1.617687</speed><course>181.165649</course><hAcc>0.939263</hAcc><vAcc>0.663251</vAcc></extensions></trkpt>
      <trkpt lon="-123.280443" lat="44.563342"><ele>72.716354</ele><time>2020-12-16T00:22:29Z</time><extensions><speed>1.769299</speed><course>180.461334</course><hAcc>0.940197</hAcc><vAcc>0.663910</vAcc></extensions></trkpt>
      <trkpt lon="-123.280420" lat="44.563342"><ele>72.749886</ele><time>2020-12-16T00:22:30Z</time><extensions><speed>1.919810</speed><course>166.536957</course><hAcc>0.940554</hAcc><vAcc>0.664157</vAcc></extensions></trkpt>
      <trkpt lon="-123.280395" lat="44.563342"><ele>72.786781</ele><time>2020-12-16T00:22:31Z</time><extensions><speed>2.064316</speed><course>136.963715</course><hAcc>0.939995</hAcc><vAcc>0.663755</vAcc></extensions></trkpt>
      <trkpt lon="-123.280368" lat="44.563341"><ele>72.826340</ele><time>2020-12-16T00:22:32Z</time><extensions><speed>2.197778</speed><course>119.000587</course><hAcc>0.938573</hAcc><vAcc>0.662744</vAcc></extensions></trkpt>
      <trkpt lon="-123.280340" lat="44.563340"><ele>72.867683</ele><time>2020-12-16T00:22:33Z</time><extensions><speed>2.316236</speed><course>105.829887</course><hAcc>0.936528</hAcc><vAcc>0.661294</vAcc></extensions></trkpt>
      <trkpt lon="-123.280310" lat="44.563338"><ele>72.910019</ele><time>2020-12-16T00:22:34Z</time><extensions><speed>2.416894</speed><course>127.759743</course><hAcc>0.934147</hAcc><vAcc>0.659608</vAcc></extensions></trkpt>
      <trkpt lon="-123.280279" lat="44.563335"><ele>72.952759</ele><time>2020-12-16T00:22:35Z</time><extensions><speed>2.497582</speed><course>108.017120</course><hAcc>0.931690</hAcc><vAcc>0.657872</vAcc></extensions></trkpt>
      <trkpt lon="-123.280248" lat="44.563332"><ele>72.995483</ele><time>2020-12-16T00:22:36Z</time><extensions><speed>2.556206</speed><course>127.930283</course><hAcc>0.929359</hAcc><vAcc>0.656227</vAcc></extensions></trkpt>
      <trkpt lon="-123.280216" lat="44.563328"><ele>73.037651</ele><time>2020-12-16T00:22:37Z</time><extensions><speed>2.590673</speed><course>151.003036</course><hAcc>0.927286</hAcc><vAcc>0.654765</vAcc></extensions></trkpt>
      <trkpt lon="-123.280184" lat="44.563324"><ele>73.078415</ele><time>2020-12-16T00:22:38Z</time><extensions><speed>2.599158</speed><course>205.222900</course><hAcc>0.925538</hAcc><vAcc>0.653534</vAcc></extensions></trkpt>
      <trkpt lon="-123.280152" lat="44.563319"><ele>73.116623</ele><time>2020-12-16T00:22:39Z</time><extensions><speed>2.580172</speed><course>212.527908</course><hAcc>0.924134</hAcc><vAcc>0.652546</vAcc></extensions></trkpt>
      <trkpt lon="-123.280121" lat="44.563314"><ele>73.150986</ele><time>2020-12-16T00:22:40Z</time><extensions><speed>2.532429</speed><course>202.827469</course><hAcc>0.923055</hAcc><vAcc>0.651788</vAcc></extensions></trkpt>
      <trkpt lon="-123.280090" lat="44.563308"><ele>73.180252</ele><time>2020-12-16T00:22:41Z</time><extensions><speed>2.455027</speed><course>194.322556</course><hAcc>0.922260</hAcc><vAcc>0.651230</vAcc></extensions></trkpt>
      <trkpt lon="-123.280061" lat="44.563302"><ele>73.203407</ele><time>2020-12-16T00:22:42Z</time><extensions><speed>2.348164</speed><course>219.056519</course><hAcc>0.921700</hAcc><vAcc>0.650837</vAcc></extensions></trkpt>
      <trkpt lon="-123.280034" lat="44.563296"><ele>73.219696</ele><time>2020-12-16T00:22:43Z</time><extensions><speed>2.213840</speed><course>209.466431</course><hAcc>0.921325</hAcc><vAcc>0.650575</vAcc></extensions></trkpt>
      <trkpt lon="-123.280009" lat="44.563289"><ele>73.228737</ele><time>2020-12-16T00:22:44Z</time><extensions><speed>2.055498</speed><course>210.578140</course><hAcc>0.921087</hAcc><vAcc>0.650408</vAcc></extensions></trkpt>
      <trkpt lon="-123.279986" lat="44.563283"><ele>73.230507</ele><time>2020-12-16T00:22:45Z</time><extensions><speed>1.877675</speed><course>202.670120</course><hAcc>0.920946</hAcc><vAcc>0.650310</vAcc></extensions></trkpt>
      <trkpt lon="-123.279965" lat="44.563277"><ele>73.225304</ele><time>2020-12-16T00:22:46Z</time><extensions><speed>1.685945</speed><course>187.536926</course><hAcc>0.920870</hAcc><vAcc>0.650257</vAcc></extensions></trkpt>
      <trkpt lon="-123.279947" lat="44.563270"><ele>73.213783</ele><time>2020-12-16T00:22:47Z</time><extensions><speed>1.485925</speed><course>196.594711</course><hAcc>0.920835</hAcc><vAcc>0.650233</vAcc></extensions></trkpt>
      <trkpt lon="-123.279932" lat="44.563265"><ele>73.197044</ele><time>2020-12-16T00:22:48Z</time><extensions><speed>1.282392</speed><course>198.213242</course><hAcc>0.920823</hAcc><vAcc>0.650225</vAcc></extensions></trkpt>
      <trkpt lon="-123.279919" lat="44.563259"><ele>73.176605</ele><time>2020-12-16T00:22:49Z</time><extensions><speed>1.079269</speed><course>199.069733</course><hAcc>0.920824</hAcc><vAcc>0.650226</vAcc></extensions></trkpt>
      <trkpt lon="-123.279909" lat="44.563254"><ele>73.154068</ele><time>2020-12-16T00:22:50Z</time><extensions><speed>0.879758</speed><course>202.819763</course><hAcc>0.920830</hAcc><vAcc>0.650230</vAcc></extensions></trkpt>
      <trkpt lon="-123.279901" lat="44.563250"><ele>73.130829</ele><time>2020-12-16T00:22:51Z</time><extensions><speed>0.686838</speed><course>196.131943</course><hAcc>0.920836</hAcc><vAcc>0.650234</vAcc></extensions></trkpt>
      <trkpt lon="-123.279895" lat="44.563246"><ele>73.108078</ele><time>2020-12-16T00:22:52Z</time><extensions><speed>0.504026</speed><course>200.286255</course><hAcc>0.920840</hAcc><vAcc>0.650237</vAcc></extensions></trkpt>
      <trkpt lon="-123.279892" lat="44.563243"><ele>73.086754</ele><time>2020-12-16T00:22:53Z</time><extensions><speed>0.336963</speed><course>201.251785</course><hAcc>0.920840</hAcc><vAcc>0.650237</vAcc></extensions></trkpt>
      <trkpt lon="-123.279891" lat="44.563241"><ele>73.067436</ele><time>2020-12-16T00:22:54Z</time><extensions><speed>0.203130</speed><course>202.202698</course><hAcc>0.920838</hAcc><vAcc>0.650236</vAcc></extensions></trkpt>
      <trkpt lon="-123.279891" lat="44.563240"><ele>73.050308</ele><time>2020-12-16T00:22:55Z</time><extensions><speed>0.168287</speed><course>196.895386</course><hAcc>0.920834</hAcc><vAcc>0.650233</vAcc></extensions></trkpt>
      <trkpt lon="-123.279894" lat="44.563239"><ele>73.035339</ele><time>2020-12-16T00:22:56Z</time><extensions><speed>0.258078</speed><course>193.223190</course><hAcc>0.920831</hAcc><vAcc>0.650230</vAcc></extensions></trkpt>
      <trkpt lon="-123.279898" lat="44.563239"><ele>73.022446</ele><time>2020-12-16T00:22:57Z</time><extensions><speed>0.385574</speed><course>185.192734</course><hAcc>0.920831</hAcc><vAcc>0.650231</vAcc></extensions></trkpt>
      <trkpt lon="-123.279903" lat="44.563240"><ele>73.011589</ele><time>2020-12-16T00:22:58Z</time><extensions><speed>0.516910</speed><course>196.831329</course><hAcc>0.920843</hAcc><vAcc>0.650239</vAcc></extensions></trkpt>
      <trkpt lon="-123.279910" lat="44.563241"><ele>73.002747</ele><time>2020-12-16T00:22:59Z</time><extensions><speed>0.643547</speed><course>197.365341</course><hAcc>0.920876</hAcc><vAcc>0.650262</vAcc></extensions></trkpt>
      <trkpt lon="-123.279919" lat="44.563243"><ele>72.995987</ele><time>2020-12-16T00:23:00Z</time><extensions><speed>0.761471</speed><course>199.280273</course><hAcc>0.920946</hAcc><vAcc>0.650310</vAcc></extensions></trkpt>
      <trkpt lon="-123.279928" lat="44.563246"><ele>72.991440</ele><time>2020-12-16T00:23:01Z</time><extensions><speed>0.867620</speed><course>207.802399</course><hAcc>0.921074</hAcc><vAcc>0.650400</vAcc></extensions></trkpt>
      <trkpt lon="-123.279939" lat="44.563249"><ele>72.989265</ele><time>2020-12-16T00:23:02Z</time><extensions><speed>0.959607</speed><course>201.647430</course><hAcc>0.921290</hAcc><vAcc>0.650550</vAcc></extensions></trkpt>
      <trkpt lon="-123.279951" lat="44.563252"><ele>72.989563</ele><time>2020-12-16T00:23:03Z</time><extensions><speed>1.035960</speed><course>194.151199</course><hAcc>0.921627</hAcc><vAcc>0.650786</vAcc></extensions></trkpt>
      <trkpt lon="-123.279963" lat="44.563256"><ele>72.992210</ele><time>2020-12-16T00:23:04Z</time><extensions><speed>1.096285</speed><course>195.794388</course><hAcc>0.922131</hAcc><vAcc>0.651139</vAcc></extensions></trkpt>
      <trkpt lon="-123.279976" lat="44.563260"><ele>72.996765</ele><time>2020-12-16T00:23:05Z</time><extensions><speed>1.140930</speed><course>186.656586</course><hAcc>0.922846</hAcc><vAcc>0.651641</vAcc></extensions></trkpt>
      <trkpt lon="-123.279990" lat="44.563264"><ele>73.002518</ele><time>2020-12-16T00:23:06Z</time><extensions><speed>1.170929</speed><course>189.850922</course><hAcc>0.923821</hAcc><vAcc>0.652326</vAcc></extensions></trkpt>
      <trkpt lon="-123.280003" lat="44.563268"><ele>73.008736</ele><time>2020-12-16T00:23:07Z</time><extensions><speed>1.187970</speed><course>207.413498</course><hAcc>0.925093</hAcc><vAcc>0.653222</vAcc></extensions></trkpt>
      <trkpt lon="-123.280017" lat="44.563272"><ele>73.014839</ele><time>2020-12-16T00:23:08Z</time><extensions><speed>1.193920</speed><course>204.757538</course><hAcc>0.926686</hAcc><vAcc>0.654343</vAcc></extensions></trkpt>
      <trkpt lon="-123.280031" lat="44.563276"><ele>73.020340</ele><time>2020-12-16T00:23:09Z</time><extensions><speed>1.190745</speed><course>206.813416</course><hAcc>0.928593</hAcc><vAcc>0.655687</vAcc></extensions></trkpt>
      <trkpt lon="-123.280044" lat="44.563281"><ele>73.024696</ele><time>2020-12-16T00:23:10Z</time><extensions><speed>1.180794</speed><course>192.396255</course><hAcc>0.930762</hAcc><vAcc>0.657218</vAcc></extensions></trkpt>
      <trkpt lon="-123.280058" lat="44.563285"><ele>73.027214</ele><time>2020-12-16T00:23:11Z</time><extensions><speed>1.165699</speed><course>197.168304</course><hAcc>0.933091</hAcc><vAcc>0.658863</vAcc></extensions></trkpt>
      <trkpt lon="-123.280071" lat="44.563289"><ele>73.027039</ele><time>2020-12-16T00:23:12Z</time><extensions><speed>1.145583</speed><course>191.501495</course><hAcc>0.935418</hAcc><vAcc>0.660508</vAcc></extensions></trkpt>
      <trkpt lon="-123.280084" lat="44.563294"><ele>73.023331</ele><time>2020-12-16T00:23:13Z</time><extensions><speed>1.119853</speed><course>193.484879</course><hAcc>0.937527</hAcc><vAcc>0.662003</vAcc></extensions></trkpt>
      <trkpt lon="-123.280097" lat="44.563298"><ele>73.015465</ele><time>2020-12-16T00:23:14Z</time><extensions><speed>1.087824</speed><course>196.994720</course><hAcc>0.939186</hAcc><vAcc>0.663180</vAcc></extensions></trkpt>
      <trkpt lon="-123.280109" lat="44.563302"><ele>73.003052</ele><time>2020-12-16T00:23:15Z</time><extensions><speed>1.049049</speed><course>200.600067</course><hAcc>0.940205</hAcc><vAcc>0.663906</vAcc></extensions></trkpt>
      <trkpt lon="-123.280120" lat="44.563306"><ele>72.985863</ele><time>2020-12-16T00:23:16Z</time><extensions><speed>1.003810</speed><course>198.436539</course><hAcc>0.940554</hAcc><vAcc>0.664158</vAcc></extensions></trkpt>
      <trkpt lon="-123.280132" lat="44.563310"><ele>72.963768</ele><time>2020-12-16T00:23:17Z</time><extensions><speed>0.953420</speed><course>192.879364</course><hAcc>0.940555</hAcc><vAcc>0.664158</vAcc></extensions></trkpt>
      <trkpt lon="-123.280142" lat="44.563313"><ele>72.936882</ele><time>2020-12-16T00:23:18Z</time><extensions><speed>0.899458</speed><course>201.946960</course><hAcc>0.941150</hAcc><vAcc>0.664570</vAcc></extensions></trkpt>
      <trkpt lon="-123.280152" lat="44.563316"><ele>72.905640</ele><time>2020-12-16T00:23:19Z</time><extensions><speed>0.843358</speed><course>182.119858</course><hAcc>0.944278</hAcc><vAcc>0.666758</vAcc></extensions></trkpt>
      <trkpt lon="-123.280162" lat="44.563319"><ele>72.870575</ele><time>2020-12-16T00:23:20Z</time><extensions><speed>0.786854</speed><course>196.295090</course><hAcc>0.953307</hAcc><vAcc>0.673097</vAcc></extensions></trkpt>
      <trkpt lon="-123.280170" lat="44.563322"><ele>72.832260</ele><time>2020-12-16T00:23:21Z</time><extensions><speed>0.732167</speed><course>201.265747</course><hAcc>0.973388</hAcc><vAcc>0.687226</vAcc></extensions></trkpt>
      <trkpt lon="-123.280179" lat="44.563324"><ele>72.791374</ele><time>2020-12-16T00:23:22Z</time><extensions><speed>0.682144</speed><course>200.241653</course><hAcc>1.011491</hAcc><vAcc>0.714072</vAcc></extensions></trkpt>
      <trkpt lon="-123.280175" lat="44.563325"><ele>72.777946</ele><time>2020-12-16T00:23:23Z</time><extensions><speed>0.492833</speed><course>228.407959</course><hAcc>0.970800</hAcc><vAcc>0.685388</vAcc></extensions></trkpt>
      <trkpt lon="-123.280169" lat="44.563322"><ele>72.778244</ele><time>2020-12-16T00:23:24Z</time><extensions><speed>0.571259</speed><course>181.169235</course><hAcc>0.949740</hAcc><vAcc>0.670573</vAcc></extensions></trkpt>
      <trkpt lon="-123.280163" lat="44.563318"><ele>72.783493</ele><time>2020-12-16T00:23:25Z</time><extensions><speed>0.659633</speed><course>180.651520</course><hAcc>0.941025</hAcc><vAcc>0.664460</vAcc></extensions></trkpt>
      <trkpt lon="-123.280156" lat="44.563315"><ele>72.794136</ele><time>2020-12-16T00:23:26Z</time><extensions><speed>0.754117</speed><course>177.246353</course><hAcc>0.938808</hAcc><vAcc>0.662919</vAcc></extensions></trkpt>
      <trkpt lon="-123.280148" lat="44.563311"><ele>72.810135</ele><time>2020-12-16T00:23:27Z</time><extensions><speed>0.850702</speed><course>181.165649</course><hAcc>0.939263</hAcc><vAcc>0.663250</vAcc></extensions></trkpt>
      <trkpt lon="-123.280138" lat="44.563306"><ele>72.831032</ele><time>2020-12-16T00:23:28Z</time><extensions><speed>0.945187</speed><course>180.461334</course><hAcc>0.940197</hAcc><vAcc>0.663910</vAcc></extensions></trkpt>
      <trkpt lon="-123.280127" lat="44.563302"><ele>72.856049</ele><time>2020-12-16T00:23:29Z</time><extensions><speed>1.033585</speed><course>166.536957</course><hAcc>0.940554</hAcc><vAcc>0.664157</vAcc></extensions></trkpt>
      <trkpt lon="-123.280116" lat="44.563297"><ele>72.884087</ele><time>2020-12-16T00:23:30Z</time><extensions><speed>1.113135</speed><course>136.963715</course><hAcc>0.939994</hAcc><vAcc>0.663755</vAcc></extensions></trkpt>
      <trkpt lon="-123.280103" lat="44.563292"><ele>72.913872</ele><time>2020-12-16T00:23:31Z</time><extensions><speed>1.182586</speed><course>119.000587</course><hAcc>0.938573</hAcc><vAcc>0.662744</vAcc></extensions></trkpt>
      <trkpt lon="-123.280090" lat="44.563286"><ele>72.944061</ele><time>2020-12-16T00:23:32Z</time><extensions><speed>1.241867</speed><course>105.829887</course><hAcc>0.936528</hAcc><vAcc>0.661294</vAcc></extensions></trkpt>
      <trkpt lon="-123.280076" lat="44.563280"><ele>72.973366</ele><time>2020-12-16T00:23:33Z</time><extensions><speed>1.291680</speed><course>127.759743</course><hAcc>0.934146</hAcc><vAcc>0.659608</vAcc></extensions></trkpt>
      <trkpt lon="-123.280062" lat="44.563274"><ele>73.000740</ele><time>2020-12-16T00:23:34Z</time><extensions><speed>1.333007</speed><course>108.017120</course><hAcc>0.931689</hAcc><vAcc>0.657872</vAcc></extensions></trkpt>
      <trkpt lon="-123.280047" lat="44.563268"><ele>73.025391</ele><time>2020-12-16T00:23:35Z</time><extensions><speed>1.366463</speed><course>127.930283</course><hAcc>0.929359</hAcc><vAcc>0.656227</vAcc></extensions></trkpt>
      <trkpt lon="-123.280032" lat="44.563262"><ele>73.046753</ele><time>2020-12-16T00:23:36Z</time><extensions><speed>1.391813</speed><course>151.003036</course><hAcc>0.927286</hAcc><vAcc>0.654765</vAcc></extensions></trkpt>
      <trkpt lon="-123.280017" lat="44.563256"><ele>73.064438</ele><time>2020-12-16T00:23:37Z</time><extensions><speed>1.408457</speed><course>205.222900</course><hAcc>0.925538</hAcc><vAcc>0.653534</vAcc></extensions></trkpt>
      <trkpt lon="-123.280002" lat="44.563249"><ele>73.078102</ele><time>2020-12-16T00:23:38Z</time><extensions><speed>1.415611</speed><course>212.527908</course><hAcc>0.924134</hAcc><vAcc>0.652546</vAcc></extensions></trkpt>
      <trkpt lon="-123.279987" lat="44.563242"><ele>73.087448</ele><time>2020-12-16T00:23:39Z</time><extensions><speed>1.412306</speed><course>202.827469</course><hAcc>0.923054</hAcc><vAcc>0.651787</vAcc></extensions></trkpt>
      <trkpt lon="-123.279972" lat="44.563236"><ele>73.092224</ele><time>2020-12-16T00:23:40Z</time><extensions><speed>1.397715</speed><course>194.322556</course><hAcc>0.922258</hAcc><vAcc>0.651229</vAcc></extensions></trkpt>
      <trkpt lon="-123.279957" lat="44.563229"><ele>73.092354</ele><time>2020-12-16T00:23:41Z</time><extensions><speed>1.371205</speed><course>219.056519</course><hAcc>0.921696</hAcc><vAcc>0.650835</vAcc></extensions></trkpt>
      <trkpt lon="-123.279943" lat="44.563223"><ele>73.087936</ele><time>2020-12-16T00:23:42Z</time><extensions><speed>1.332434</speed><course>209.466431</course><hAcc>0.921318</hAcc><vAcc>0.650571</vAcc></extensions></trkpt>
      <trkpt lon="-123.279929" lat="44.563216"><ele>73.079247</ele><time>2020-12-16T00:23:43Z</time><extensions><speed>1.281579</speed><course>210.578140</course><hAcc>0.921074</hAcc><vAcc>0.650401</vAcc></extensions></trkpt>
      <trkpt lon="-123.279915" lat="44.563210"><ele>73.066719</ele><time>2020-12-16T00:23:44Z</time><extensions><speed>1.219288</speed><course>202.670120</course><hAcc>0.920926</hAcc><vAcc>0.650298</vAcc></extensions></trkpt>
      <trkpt lon="-123.279903" lat="44.563205"><ele>73.051041</ele><time>2020-12-16T00:23:45Z</time><extensions><speed>1.146856</speed><course>187.536926</course><hAcc>0.920840</hAcc><vAcc>0.650240</vAcc></extensions></trkpt>
      <trkpt lon="-123.279891" lat="44.563199"><ele>73.033073</ele><time>2020-12-16T00:23:46Z</time><extensions><speed>1.066489</speed><course>196.594711</course><hAcc>0.920792</hAcc><vAcc>0.650208</vAcc></extensions></trkpt>
      <trkpt lon="-123.279880" lat="44.563195"><ele>73.013687</ele><time>2020-12-16T00:23:47Z</time><extensions><speed>0.980972</speed><course>198.213242</course><hAcc>0.920765</hAcc><vAcc>0.650192</vAcc></extensions></trkpt>
      <trkpt lon="-123.279870" lat="44.563190"><ele>72.993614</ele><time>2020-12-16T00:23:48Z</time><extensions><speed>0.893175</speed><course>199.069733</course><hAcc>0.920748</hAcc><vAcc>0.650182</vAcc></extensions></trkpt>
      <trkpt lon="-123.279861" lat="44.563186"><ele>72.973671</ele><time>2020-12-16T00:23:49Z</time><extensions><speed>0.805489</speed><course>202.819763</course><hAcc>0.920734</hAcc><vAcc>0.650174</vAcc></extensions></trkpt>
      <trkpt lon="-123.279853" lat="44.563183"><ele>72.954750</ele><time>2020-12-16T00:23:50Z</time><extensions><speed>0.719555</speed><course>196.131943</course><hAcc>0.920721</hAcc><vAcc>0.650167</vAcc></extensions></trkpt>
      <trkpt lon="-123.279846" lat="44.563179"><ele>72.937653</ele><time>2020-12-16T00:23:51Z</time><extensions><speed>0.636990</speed><course>200.286255</course><hAcc>0.920708</hAcc><vAcc>0.650160</vAcc></extensions></trkpt>
      <trkpt lon="-123.279839" lat="44.563176"><ele>72.922997</ele><time>2020-12-16T00:23:52Z</time><extensions><speed>0.559934</speed><course>201.251785</course><hAcc>0.920700</hAcc><vAcc>0.650154</vAcc></extensions></trkpt>
      <trkpt lon="-123.279834" lat="44.563173"><ele>72.911263</ele><time>2020-12-16T00:23:53Z</time><extensions><speed>0.490419</speed><course>202.202698</course><hAcc>0.920698</hAcc><vAcc>0.650153</vAcc></extensions></trkpt>
      <trkpt lon="-123.279830" lat="44.563171"><ele>72.902878</ele><time>2020-12-16T00:23:54Z</time><extensions><speed>0.429665</speed><course>196.895386</course><hAcc>0.920708</hAcc><vAcc>0.650158</vAcc></extensions></trkpt>
      <trkpt lon="-123.279826" lat="44.563168"><ele>72.898232</ele><time>2020-12-16T00:23:55Z</time><extensions><speed>0.377718</speed><course>193.223190</course><hAcc>0.920735</hAcc><vAcc>0.650174</vAcc></extensions></trkpt>
      <trkpt lon="-123.279823" lat="44.563166"><ele>72.897491</ele><time>2020-12-16T00:23:56Z</time><extensions><speed>0.333838</speed><course>185.192734</course><hAcc>0.920779</hAcc><vAcc>0.650201</vAcc></extensions></trkpt>
      <trkpt lon="-123.279821" lat="44.563163"><ele>72.900642</ele><time>2020-12-16T00:23:57Z</time><extensions><speed>0.297098</speed><course>196.831329</course><hAcc>0.920839</hAcc><vAcc>0.650240</vAcc></extensions></trkpt>
      <trkpt lon="-123.279819" lat="44.563161"><ele>72.907646</ele><time>2020-12-16T00:23:58Z</time><extensions><speed>0.266369</speed><course>197.365341</course><hAcc>0.920904</hAcc><vAcc>0.650287</vAcc></extensions></trkpt>
      <trkpt lon="-123.279817" lat="44.563159"><ele>72.918465</ele><time>2020-12-16T00:23:59Z</time><extensions><speed>0.240119</speed><course>199.280273</course><hAcc>0.920953</hAcc><vAcc>0.650331</vAcc></extensions></trkpt>
      <trkpt lon="-123.279816" lat="44.563157"><ele>72.932838</ele><time>2020-12-16T00:24:00Z</time><extensions><speed>0.216535</speed><course>207.802399</course><hAcc>0.920946</hAcc><vAcc>0.650352</vAcc></extensions></trkpt>
      <trkpt lon="-123.279815" lat="44.563156"><ele>72.950111</ele><time>2020-12-16T00:24:01Z</time><extensions><speed>0.193895</speed><course>201.647430</course><hAcc>0.920822</hAcc><vAcc>0.650320</vAcc></extensions></trkpt>
      <trkpt lon="-123.279814" lat="44.563154"><ele>72.969307</ele><time>2020-12-16T00:24:02Z</time><extensions><speed>0.170652</speed><course>194.151199</course><hAcc>0.920491</hAcc><vAcc>0.650185</vAcc></extensions></trkpt>
      <trkpt lon="-123.279813" lat="44.563153"><ele>72.989349</ele><time>2020-12-16T00:24:03Z</time><extensions><speed>0.145277</speed><course>195.794388</course><hAcc>0.919831</hAcc><vAcc>0.649881</vAcc></extensions></trkpt>
      <trkpt lon="-123.279813" lat="44.563152"><ele>73.009323</ele><time>2020-12-16T00:24:04Z</time><extensions><speed>0.116135</speed><course>186.656586</course><hAcc>0.918685</hAcc><vAcc>0.649322</vAcc></extensions></trkpt>
      <trkpt lon="-123.279813" lat="44.563151"><ele>73.028542</ele><time>2020-12-16T00:24:05Z</time><extensions><speed>0.081545</speed><course>189.850922</course><hAcc>0.916864</hAcc><vAcc>0.648402</vAcc></extensions></trkpt>
      <trkpt lon="-123.279813" lat="44.563150"><ele>73.046501</ele><time>2020-12-16T00:24:06Z</time><extensions><speed>0.040466</speed><course>207.413498</course><hAcc>0.914163</hAcc><vAcc>0.647002</vAcc></extensions></trkpt>
      <trkpt lon="-123.279813" lat="44.563150"><ele>73.062813</ele><time>2020-12-16T00:24:07Z</time><extensions><speed>0.021636</speed><course>204.757538</course><hAcc>0.910378</hAcc><vAcc>0.645004</vAcc></extensions></trkpt>
      <trkpt lon="-123.279813" lat="44.563151"><ele>73.077194</ele><time>2020-12-16T00:24:08Z</time><extensions><speed>0.080779</speed><course>206.813416</course><hAcc>0.905350</hAcc><vAcc>0.642309</vAcc></extensions></trkpt>
      <trkpt lon="-123.279814" lat="44.563151"><ele>73.089447</ele><time>2020-12-16T00:24:09Z</time><extensions><speed>0.158240</speed><course>192.396255</course><hAcc>0.899017</hAcc><vAcc>0.638873</vAcc></extensions></trkpt>
      <trkpt lon="-123.279815" lat="44.563153"><ele>73.099434</ele><time>2020-12-16T00:24:10Z</time><extensions><speed>0.252186</speed><course>197.168304</course><hAcc>0.891497</hAcc><vAcc>0.634749</vAcc></extensions></trkpt>
      <trkpt lon="-123.279817" lat="44.563155"><ele>73.107071</ele><time>2020-12-16T00:24:11Z</time><extensions><speed>0.364057</speed><course>191.501495</course><hAcc>0.883187</hAcc><vAcc>0.630147</vAcc></extensions></trkpt>
      <trkpt lon="-123.279820" lat="44.563159"><ele>73.112251</ele><time>2020-12-16T00:24:12Z</time><extensions><speed>0.494986</speed><course>193.484879</course><hAcc>0.874871</hAcc><vAcc>0.625496</vAcc></extensions></trkpt>
      <trkpt lon="-123.279823" lat="44.563163"><ele>73.114853</ele><time>2020-12-16T00:24:13Z</time><extensions><speed>0.645444</speed><course>196.994720</course><hAcc>0.867821</hAcc><vAcc>0.621513</vAcc></extensions></trkpt>
      <trkpt lon="-123.279827" lat="44.563169"><ele>73.114731</ele><time>2020-12-16T00:24:14Z</time><extensions><speed>0.814884</speed><course>200.600067</course><hAcc>0.863592</hAcc><vAcc>0.619096</vAcc></extensions></trkpt>
      <trkpt lon="-123.279833" lat="44.563176"><ele>73.111771</ele><time>2020-12-16T00:24:15Z</time><extensions><speed>1.001169</speed><course>198.436539</course><hAcc>0.863555</hAcc><vAcc>0.619074</vAcc></extensions></trkpt>
      <trkpt lon="-123.279840" lat="44.563185"><ele>73.106010</ele><time>2020-12-16T00:24:16Z</time><extensions><speed>1.200094</speed><course>192.879364</course><hAcc>0.868797</hAcc><vAcc>0.622195</vAcc></extensions></trkpt>
      <trkpt lon="-123.279848" lat="44.563195"><ele>73.097694</ele><time>2020-12-16T00:24:17Z</time><extensions><speed>1.404915</speed><course>201.946960</course><hAcc>0.880457</hAcc><vAcc>0.629361</vAcc></extensions></trkpt>
      <trkpt lon="-123.279857" lat="44.563207"><ele>73.087326</ele><time>2020-12-16T00:24:18Z</time><extensions><speed>1.607781</speed><course>182.119858</course><hAcc>0.900443</hAcc><vAcc>0.642102</vAcc></extensions></trkpt>
      <trkpt lon="-123.279868" lat="44.563220"><ele>73.075455</ele><time>2020-12-16T00:24:19Z</time><extensions><speed>1.799868</speed><course>196.295090</course><hAcc>0.932393</hAcc><vAcc>0.663178</vAcc></extensions></trkpt>
      <trkpt lon="-123.279881" lat="44.563235"><ele>73.062592</ele><time>2020-12-16T00:24:20Z</time><extensions><speed>1.969683</speed><course>201.265747</course><hAcc>0.981985</hAcc><vAcc>0.696760</vAcc></extensions></trkpt>
      <trkpt lon="-123.279929" lat="44.563256"><ele>73.091652</ele><time>2020-12-16T00:24:21Z</time><extensions><speed>3.806212</speed><course>228.407959</course><hAcc>0.935614</hAcc><vAcc>0.664547</vAcc></extensions></trkpt>
      <trkpt lon="-123.279970" lat="44.563275"><ele>73.071152</ele><time>2020-12-16T00:24:22Z</time><extensions><speed>3.923048</speed><course>181.169235</course><hAcc>0.929636</hAcc><vAcc>0.658666</vAcc></extensions></trkpt>
      <trkpt lon="-123.280014" lat="44.563292"><ele>73.055374</ele><time>2020-12-16T00:24:23Z</time><extensions><speed>4.045035</speed><course>180.651520</course><hAcc>0.930721</hAcc><vAcc>0.658364</vAcc></extensions></trkpt>
      <trkpt lon="-123.280060" lat="44.563309"><ele>73.044258</ele><time>2020-12-16T00:24:24Z</time><extensions><speed>4.168614</speed><course>177.246353</course><hAcc>0.934273</hAcc><vAcc>0.660243</vAcc></extensions></trkpt>
      <trkpt lon="-123.280109" lat="44.563324"><ele>73.037376</ele><time>2020-12-16T00:24:25Z</time><extensions><speed>4.290987</speed><course>181.165649</course><hAcc>0.937731</hAcc><vAcc>0.662353</vAcc></extensions></trkpt>
      <trkpt lon="-123.280160" lat="44.563337"><ele>73.034370</ele><time>2020-12-16T00:24:26Z</time><extensions><speed>4.409212</speed><course>180.461334</course><hAcc>0.939939</hAcc><vAcc>0.663765</vAcc></extensions></trkpt>
      <trkpt lon="-123.280214" lat="44.563350"><ele>73.034966</ele><time>2020-12-16T00:24:27Z</time><extensions><speed>4.520579</speed><course>166.536957</course><hAcc>0.940602</hAcc><vAcc>0.664191</vAcc></extensions></trkpt>
      <trkpt lon="-123.280269" lat="44.563361"><ele>73.038704</ele><time>2020-12-16T00:24:28Z</time><extensions><speed>4.622944</speed><course>136.963715</course><hAcc>0.939898</hAcc><vAcc>0.663702</vAcc></extensions></trkpt>
      <trkpt lon="-123.280327" lat="44.563370"><ele>73.044792</ele><time>2020-12-16T00:24:29Z</time><extensions><speed>4.714594</speed><course>119.000587</course><hAcc>0.938216</hAcc><vAcc>0.662541</vAcc></extensions></trkpt>
      <trkpt lon="-123.280385" lat="44.563378"><ele>73.052338</ele><time>2020-12-16T00:24:30Z</time><extensions><speed>4.793958</speed><course>105.829887</course><hAcc>0.936003</hAcc><vAcc>0.661002</vAcc></extensions></trkpt>
      <trkpt lon="-123.280445" lat="44.563385"><ele>73.060516</ele><time>2020-12-16T00:24:31Z</time><extensions><speed>4.859797</speed><course>127.759743</course><hAcc>0.933671</hAcc><vAcc>0.659368</vAcc></extensions></trkpt>
      <trkpt lon="-123.280506" lat="44.563391"><ele>73.068642</ele><time>2020-12-16T00:24:32Z</time><extensions><speed>4.911500</speed><course>108.017120</course><hAcc>0.931565</hAcc><vAcc>0.657876</vAcc></extensions></trkpt>
      <trkpt lon="-123.280568" lat="44.563397"><ele>73.076164</ele><time>2020-12-16T00:24:33Z</time><extensions><speed>4.949092</speed><course>127.930283</course><hAcc>0.929947</hAcc><vAcc>0.656710</vAcc></extensions></trkpt>
      <trkpt lon="-123.280630" lat="44.563401"><ele>73.082703</ele><time>2020-12-16T00:24:34Z</time><extensions><speed>4.973667</speed><course>151.003036</course><hAcc>0.929007</hAcc><vAcc>0.656005</vAcc></extensions></trkpt>
      <trkpt lon="-123.280693" lat="44.563404"><ele>73.087906</ele><time>2020-12-16T00:24:35Z</time><extensions><speed>4.986855</speed><course>205.222900</course><hAcc>0.928868</hAcc><vAcc>0.655847</vAcc></extensions></trkpt>
      <trkpt lon="-123.280755" lat="44.563407"><ele>73.091255</ele><time>2020-12-16T00:24:36Z</time><extensions><speed>4.990090</speed><course>212.527908</course><hAcc>0.929595</hAcc><vAcc>0.656286</vAcc></extensions></trkpt>
      <trkpt lon="-123.280818" lat="44.563408"><ele>73.092064</ele><time>2020-12-16T00:24:37Z</time><extensions><speed>4.984316</speed><course>202.827469</course><hAcc>0.931201</hAcc><vAcc>0.657328</vAcc></extensions></trkpt>
      <trkpt lon="-123.280881" lat="44.563409"><ele>73.089851</ele><time>2020-12-16T00:24:38Z</time><extensions><speed>4.969851</speed><course>194.322556</course><hAcc>0.933631</hAcc><vAcc>0.658942</vAcc></extensions></trkpt>
      <trkpt lon="-123.280943" lat="44.563410"><ele>73.084335</ele><time>2020-12-16T00:24:39Z</time><extensions><speed>4.947233</speed><course>219.056519</course><hAcc>0.936755</hAcc><vAcc>0.661039</vAcc></extensions></trkpt>
      <trkpt lon="-123.281005" lat="44.563410"><ele>73.075340</ele><time>2020-12-16T00:24:40Z</time><extensions><speed>4.917998</speed><course>209.466431</course><hAcc>0.940346</hAcc><vAcc>0.663466</vAcc></extensions></trkpt>
      <trkpt lon="-123.281067" lat="44.563409"><ele>73.062798</ele><time>2020-12-16T00:24:41Z</time><extensions><speed>4.883467</speed><course>210.578140</course><hAcc>0.944064</hAcc><vAcc>0.665997</vAcc></extensions></trkpt>
      <trkpt lon="-123.281128" lat="44.563407"><ele>73.046692</ele><time>2020-12-16T00:24:42Z</time><extensions><speed>4.844032</speed><course>202.670120</course><hAcc>0.947457</hAcc><vAcc>0.668324</vAcc></extensions></trkpt>
      <trkpt lon="-123.281189" lat="44.563404"><ele>73.026924</ele><time>2020-12-16T00:24:43Z</time><extensions><speed>4.799462</speed><course>187.536926</course><hAcc>0.949984</hAcc><vAcc>0.670084</vAcc></extensions></trkpt>
      <trkpt lon="-123.281248" lat="44.563401"><ele>73.003326</ele><time>2020-12-16T00:24:44Z</time><extensions><speed>4.749266</speed><course>196.594711</course><hAcc>0.951231</hAcc><vAcc>0.670990</vAcc></extensions></trkpt>
      <trkpt lon="-123.281308" lat="44.563396"><ele>72.975555</ele><time>2020-12-16T00:24:45Z</time><extensions><speed>4.693890</speed><course>198.213242</course><hAcc>0.951143</hAcc><vAcc>0.670996</vAcc></extensions></trkpt>
      <trkpt lon="-123.281366" lat="44.563391"><ele>72.943047</ele><time>2020-12-16T00:24:46Z</time><extensions><speed>4.634795</speed><course>199.069733</course><hAcc>0.949970</hAcc><vAcc>0.670259</vAcc></extensions></trkpt>
      <trkpt lon="-123.281423" lat="44.563384"><ele>72.905014</ele><time>2020-12-16T00:24:47Z</time><extensions><speed>4.574006</speed><course>202.819763</course><hAcc>0.948269</hAcc><vAcc>0.669155</vAcc></extensions></trkpt>
      <trkpt lon="-123.281479" lat="44.563376"><ele>72.860893</ele><time>2020-12-16T00:24:48Z</time><extensions><speed>4.514162</speed><course>196.131943</course><hAcc>0.947159</hAcc><vAcc>0.668461</vAcc></extensions></trkpt>
      <trkpt lon="-123.281534" lat="44.563367"><ele>72.810577</ele><time>2020-12-16T00:24:49Z</time><extensions><speed>4.457718</speed><course>200.286255</course><hAcc>0.948703</hAcc><vAcc>0.669623</vAcc></extensions></trkpt>
      <trkpt lon="-123.281588" lat="44.563356"><ele>72.754440</ele><time>2020-12-16T00:24:50Z</time><extensions><speed>4.406270</speed><course>201.251785</course><hAcc>0.956343</hAcc><vAcc>0.675063</vAcc></extensions></trkpt>
      <trkpt lon="-123.281640" lat="44.563344"><ele>72.693420</ele><time>2020-12-16T00:24:51Z</time><extensions><speed>4.360499</speed><course>202.202698</course><hAcc>0.975281</hAcc><vAcc>0.688451</vAcc></extensions></trkpt>
      <trkpt lon="-123.281692" lat="44.563331"><ele>72.628983</ele><time>2020-12-16T00:24:52Z</time><extensions><speed>4.320662</speed><course>196.895386</course><hAcc>1.012513</hAcc><vAcc>0.714734</vAcc></extensions></trkpt>
      <trkpt lon="-123.281717" lat="44.563297"><ele>72.668442</ele><time>2020-12-16T00:24:53Z</time><extensions><speed>4.401390</speed><course>228.407959</course><hAcc>0.970855</hAcc><vAcc>0.685426</vAcc></extensions></trkpt>
      <trkpt lon="-123.281740" lat="44.563260"><ele>72.642952</ele><time>2020-12-16T00:24:54Z</time><extensions><speed>4.471195</speed><course>181.169235</course><hAcc>0.949828</hAcc><vAcc>0.670635</vAcc></extensions></trkpt>
      <trkpt lon="-123.281760" lat="44.563223"><ele>72.625031</ele><time>2020-12-16T00:24:55Z</time><extensions><speed>4.554532</speed><course>180.651520</course><hAcc>0.941194</hAcc><vAcc>0.664578</vAcc></extensions></trkpt>
      <trkpt lon="-123.281779" lat="44.563183"><ele>72.614494</ele><time>2020-12-16T00:24:56Z</time><extensions><speed>4.648118</speed><course>177.246353</course><hAcc>0.939125</hAcc><vAcc>0.663140</vAcc></extensions></trkpt>
      <trkpt lon="-123.281795" lat="44.563143"><ele>72.610497</ele><time>2020-12-16T00:24:57Z</time><extensions><speed>4.746929</speed><course>181.165649</course><hAcc>0.939820</hAcc><vAcc>0.663639</vAcc></extensions></trkpt>
      <trkpt lon="-123.281809" lat="44.563101"><ele>72.611710</ele><time>2020-12-16T00:24:58Z</time><extensions><speed>4.845382</speed><course>180.461334</course><hAcc>0.941118</hAcc><vAcc>0.664554</vAcc></extensions></trkpt>
      <trkpt lon="-123.281821" lat="44.563058"><ele>72.616653</ele><time>2020-12-16T00:24:59Z</time><extensions><speed>4.938495</speed><course>166.536957</course><hAcc>0.942004</hAcc><vAcc>0.665171</vAcc></extensions></trkpt>
      <trkpt lon="-123.281831" lat="44.563013"><ele>72.623917</ele><time>2020-12-16T00:25:00Z</time><extensions><speed>5.022169</speed><course>136.963715</course><hAcc>0.942182</hAcc><vAcc>0.665286</vAcc></extensions></trkpt>
      <trkpt lon="-123.281840" lat="44.562968"><ele>72.632172</ele><time>2020-12-16T00:25:01Z</time><extensions><speed>5.093091</speed><course>119.000587</course><hAcc>0.941752</hAcc><vAcc>0.664972</vAcc></extensions></trkpt>
      <trkpt lon="-123.281847" lat="44.562922"><ele>72.640251</ele><time>2020-12-16T00:25:02Z</time><extensions><speed>5.148529</speed><course>105.829887</course><hAcc>0.940992</hAcc><vAcc>0.664425</vAcc></extensions></trkpt>
      <trkpt lon="-123.281853" lat="44.562876"><ele>72.647400</ele><time>2020-12-16T00:25:03Z</time><extensions><speed>5.187045</speed><course>127.759743</course><hAcc>0.940210</hAcc><vAcc>0.663867</vAcc></extensions></trkpt>
      <trkpt lon="-123.281858" lat="44.562830"><ele>72.653336</ele><time>2020-12-16T00:25:04Z</time><extensions><speed>5.208632</speed><course>108.017120</course><hAcc>0.939662</hAcc><vAcc>0.663476</vAcc></extensions></trkpt>
      <trkpt lon="-123.281861" lat="44.562783"><ele>72.658043</ele><time>2020-12-16T00:25:05Z</time><extensions><speed>5.213636</speed><course>127.930283</course><hAcc>0.939500</hAcc><vAcc>0.663361</vAcc></extensions></trkpt>
      <trkpt lon="-123.281863" lat="44.562736"><ele>72.661560</ele><time>2020-12-16T00:25:06Z</time><extensions><speed>5.202122</speed><course>151.003036</course><hAcc>0.939752</hAcc><vAcc>0.663542</vAcc></extensions></trkpt>
      <trkpt lon="-123.281864" lat="44.562689"><ele>72.663872</ele><time>2020-12-16T00:25:07Z</time><extensions><speed>5.174321</speed><course>205.222900</course><hAcc>0.940323</hAcc><vAcc>0.663951</vAcc></extensions></trkpt>
      <trkpt lon="-123.281864" lat="44.562643"><ele>72.664864</ele><time>2020-12-16T00:25:08Z</time><extensions><speed>5.130919</speed><course>212.527908</course><hAcc>0.941016</hAcc><vAcc>0.664448</vAcc></extensions></trkpt>
      <trkpt lon="-123.281863" lat="44.562597"><ele>72.664276</ele><time>2020-12-16T00:25:09Z</time><extensions><speed>5.073172</speed><course>202.827469</course><hAcc>0.941578</hAcc><vAcc>0.664855</vAcc></extensions></trkpt>
      <trkpt lon="-123.281861" lat="44.562552"><ele>72.661880</ele><time>2020-12-16T00:25:10Z</time><extensions><speed>5.002564</speed><course>194.322556</course><hAcc>0.941780</hAcc><vAcc>0.665008</vAcc></extensions></trkpt>
      <trkpt lon="-123.281857" lat="44.562507"><ele>72.657516</ele><time>2020-12-16T00:25:11Z</time><extensions><speed>4.920507</speed><course>219.056519</course><hAcc>0.941545</hAcc><vAcc>0.664850</vAcc></extensions></trkpt>
      <trkpt lon="-123.281851" lat="44.562463"><ele>72.651070</ele><time>2020-12-16T00:25:12Z</time><extensions><speed>4.828675</speed><course>209.466431</course><hAcc>0.941145</hAcc><vAcc>0.664569</vAcc></extensions></trkpt>
      <trkpt lon="-123.281843" lat="44.562421"><ele>72.642525</ele><time>2020-12-16T00:25:13Z</time><extensions><speed>4.729615</speed><course>210.578140</course><hAcc>0.941478</hAcc><vAcc>0.664798</vAcc></extensions></trkpt>
      <trkpt lon="-123.281834" lat="44.562379"><ele>72.632034</ele><time>2020-12-16T00:25:14Z</time><extensions><speed>4.626865</speed><course>202.670120</course><hAcc>0.944447</hAcc><vAcc>0.666876</vAcc></extensions></trkpt>
      <trkpt lon="-123.281823" lat="44.562339"><ele>72.620041</ele><time>2020-12-16T00:25:15Z</time><extensions><speed>4.524791</speed><course>187.536926</course><hAcc>0.953389</hAcc><vAcc>0.673155</vAcc></extensions></trkpt>
      <trkpt lon="-123.281810" lat="44.562300"><ele>72.607391</ele><time>2020-12-16T00:25:16Z</time><extensions><speed>4.428173</speed><course>196.594711</course><hAcc>0.973436</hAcc><vAcc>0.687260</vAcc></extensions></trkpt>
      <trkpt lon="-123.281795" lat="44.562262"><ele>72.595238</ele><time>2020-12-16T00:25:17Z</time><extensions><speed>4.341575</speed><course>198.213242</course><hAcc>1.011540</hAcc><vAcc>0.714107</vAcc></extensions></trkpt>
      <trkpt lon="-123.281744" lat="44.562244"><ele>72.560860</ele><time>2020-12-16T00:25:18Z</time><extensions><speed>4.229027</speed><course>228.407959</course><hAcc>0.970803</hAcc><vAcc>0.685390</vAcc></extensions></trkpt>
      <trkpt lon="-123.281694" lat="44.562230"><ele>72.533440</ele><time>2020-12-16T00:25:19Z</time><extensions><speed>4.320792</speed><course>181.169235</course><hAcc>0.949745</hAcc><vAcc>0.670577</vAcc></extensions></trkpt>
      <trkpt lon="-123.281642" lat="44.562218"><ele>72.509659</ele><time>2020-12-16T00:25:20Z</time><extensions><speed>4.426098</speed><course>180.651520</course><hAcc>0.941033</hAcc><vAcc>0.664466</vAcc></extensions></trkpt>
      <trkpt lon="-123.281587" lat="44.562207"><ele>72.489082</ele><time>2020-12-16T00:25:21Z</time><extensions><speed>4.538193</speed><course>177.246353</course><hAcc>0.938819</hAcc><vAcc>0.662927</vAcc></extensions></trkpt>
      <trkpt lon="-123.281531" lat="44.562198"><ele>72.471268</ele><time>2020-12-16T00:25:22Z</time><extensions><speed>4.649446</speed><course>181.165649</course><hAcc>0.939278</hAcc><vAcc>0.663261</vAcc></extensions></trkpt>
      <trkpt lon="-123.281473" lat="44.562191"><ele>72.456032</ele><time>2020-12-16T00:25:23Z</time><extensions><speed>4.753018</speed><course>180.461334</course><hAcc>0.940216</hAcc><vAcc>0.663924</vAcc></extensions></trkpt>
      <trkpt lon="-123.281413" lat="44.562185"><ele>72.443413</ele><time>2020-12-16T00:25:24Z</time><extensions><speed>4.843692</speed><course>166.536957</course><hAcc>0.940579</hAcc><vAcc>0.664175</vAcc></extensions></trkpt>
      <trkpt lon="-123.281352" lat="44.562180"><ele>72.433540</ele><time>2020-12-16T00:25:25Z</time><extensions><speed>4.917652</speed><course>136.963715</course><hAcc>0.940024</hAcc><vAcc>0.663775</vAcc></extensions></trkpt>
      <trkpt lon="-123.281290" lat="44.562177"><ele>72.426392</ele><time>2020-12-16T00:25:26Z</time><extensions><speed>4.972548</speed><course>119.000587</course><hAcc>0.938606</hAcc><vAcc>0.662767</vAcc></extensions></trkpt>
      <trkpt lon="-123.281227" lat="44.562174"><ele>72.421677</ele><time>2020-12-16T00:25:27Z</time><extensions><speed>5.007218</speed><course>105.829887</course><hAcc>0.936565</hAcc><vAcc>0.661320</vAcc></extensions></trkpt>
      <trkpt lon="-123.281164" lat="44.562172"><ele>72.418869</ele><time>2020-12-16T00:25:28Z</time><extensions><speed>5.020544</speed><course>127.759743</course><hAcc>0.934185</hAcc><vAcc>0.659636</vAcc></extensions></trkpt>
      <trkpt lon="-123.281101" lat="44.562170"><ele>72.417244</ele><time>2020-12-16T00:25:29Z</time><extensions><speed>5.011212</speed><course>108.017120</course><hAcc>0.931728</hAcc><vAcc>0.657900</vAcc></extensions></trkpt>
      <trkpt lon="-123.281038" lat="44.562169"><ele>72.416023</ele><time>2020-12-16T00:25:30Z</time><extensions><speed>4.978464</speed><course>127.930283</course><hAcc>0.929397</hAcc><vAcc>0.656254</vAcc></extensions></trkpt>
      <trkpt lon="-123.280976" lat="44.562168"><ele>72.414566</ele><time>2020-12-16T00:25:31Z</time><extensions><speed>4.922583</speed><course>151.003036</course><hAcc>0.927325</hAcc><vAcc>0.654793</vAcc></extensions></trkpt>
      <trkpt lon="-123.280914" lat="44.562168"><ele>72.412392</ele><time>2020-12-16T00:25:32Z</time><extensions><speed>4.844851</speed><course>205.222900</course><hAcc>0.925582</hAcc><vAcc>0.653565</vAcc></extensions></trkpt>
      <trkpt lon="-123.280854" lat="44.562167"><ele>72.409088</ele><time>2020-12-16T00:25:33Z</time><extensions><speed>4.747187</speed><course>212.527908</course><hAcc>0.924194</hAcc><vAcc>0.652588</vAcc></extensions></trkpt>
      <trkpt lon="-123.280795" lat="44.562167"><ele>72.404305</ele><time>2020-12-16T00:25:34Z</time><extensions><speed>4.631429</speed><course>202.827469</course><hAcc>0.923150</hAcc><vAcc>0.651854</vAcc></extensions></trkpt>
      <trkpt lon="-123.280737" lat="44.562166"><ele>72.397888</ele><time>2020-12-16T00:25:35Z</time><extensions><speed>4.499585</speed><course>194.322556</course><hAcc>0.922428</hAcc><vAcc>0.651347</vAcc></extensions></trkpt>
      <trkpt lon="-123.280682" lat="44.562166"><ele>72.389961</ele><time>2020-12-16T00:25:36Z</time><extensions><speed>4.354429</speed><course>219.056519</course><hAcc>0.921998</hAcc><vAcc>0.651045</vAcc></extensions></trkpt>
      <trkpt lon="-123.280628" lat="44.562166"><ele>72.380737</ele><time>2020-12-16T00:25:37Z</time><extensions><speed>4.199785</speed><course>209.466431</course><hAcc>0.921838</hAcc><vAcc>0.650933</vAcc></extensions></trkpt>
      <trkpt lon="-123.280576" lat="44.562166"><ele>72.370499</ele><time>2020-12-16T00:25:38Z</time><extensions><speed>4.040086</speed><course>210.578140</course><hAcc>0.921938</hAcc><vAcc>0.651003</vAcc></extensions></trkpt>
      <trkpt lon="-123.280526" lat="44.562166"><ele>72.359711</ele><time>2020-12-16T00:25:39Z</time><extensions><speed>3.879903</speed><course>202.670120</course><hAcc>0.922299</hAcc><vAcc>0.651256</vAcc></extensions></trkpt>
      <trkpt lon="-123.280478" lat="44.562166"><ele>72.349030</ele><time>2020-12-16T00:25:40Z</time><extensions><speed>3.724148</speed><course>187.536926</course><hAcc>0.922936</hAcc><vAcc>0.651704</vAcc></extensions></trkpt>
      <trkpt lon="-123.280432" lat="44.562166"><ele>72.339218</ele><time>2020-12-16T00:25:41Z</time><extensions><speed>3.576514</speed><course>196.594711</course><hAcc>0.923873</hAcc><vAcc>0.652363</vAcc></extensions></trkpt>
      <trkpt lon="-123.280388" lat="44.562167"><ele>72.330948</ele><time>2020-12-16T00:25:42Z</time><extensions><speed>3.439001</speed><course>198.213242</course><hAcc>0.925131</hAcc><vAcc>0.653248</vAcc></extensions></trkpt>
      <trkpt lon="-123.280346" lat="44.562167"><ele>72.324631</ele><time>2020-12-16T00:25:43Z</time><extensions><speed>3.312510</speed><course>199.069733</course><hAcc>0.926721</hAcc><vAcc>0.654368</vAcc></extensions></trkpt>
      <trkpt lon="-123.280305" lat="44.562168"><ele>72.320412</ele><time>2020-12-16T00:25:44Z</time><extensions><speed>3.196506</speed><course>202.819763</course><hAcc>0.928629</hAcc><vAcc>0.655713</vAcc></extensions></trkpt>
      <trkpt lon="-123.280265" lat="44.562169"><ele>72.318390</ele><time>2020-12-16T00:25:45Z</time><extensions><speed>3.089911</speed><course>196.131943</course><hAcc>0.930800</hAcc><vAcc>0.657245</vAcc></extensions></trkpt>
      <trkpt lon="-123.280227" lat="44.562171"><ele>72.318604</ele><time>2020-12-16T00:25:46Z</time><extensions><speed>2.992372</speed><course>200.286255</course><hAcc>0.933130</hAcc><vAcc>0.658891</vAcc></extensions></trkpt>
      <trkpt lon="-123.280190" lat="44.562173"><ele>72.320862</ele><time>2020-12-16T00:25:47Z</time><extensions><speed>2.903589</speed><course>201.251785</course><hAcc>0.935456</hAcc><vAcc>0.660535</vAcc></extensions></trkpt>
      <trkpt lon="-123.280154" lat="44.562175"><ele>72.324692</ele><time>2020-12-16T00:25:48Z</time><extensions><speed>2.822457</speed><course>202.202698</course><hAcc>0.937563</hAcc><vAcc>0.662028</vAcc></extensions></trkpt>
      <trkpt lon="-123.280119" lat="44.562178"><ele>72.329445</ele><time>2020-12-16T00:25:49Z</time><extensions><speed>2.747941</speed><course>196.895386</course><hAcc>0.939218</hAcc><vAcc>0.663202</vAcc></extensions></trkpt>
      <trkpt lon="-123.280086" lat="44.562182"><ele>72.334526</ele><time>2020-12-16T00:25:50Z</time><extensions><speed>2.679899</speed><course>193.223190</course><hAcc>0.940231</hAcc><vAcc>0.663925</vAcc></extensions></trkpt>
      <trkpt lon="-123.280053" lat="44.562187"><ele>72.339554</ele><time>2020-12-16T00:25:51Z</time><extensions><speed>2.619384</speed><course>185.192734</course><hAcc>0.940576</hAcc><vAcc>0.664173</vAcc></extensions></trkpt>
      <trkpt lon="-123.280021" lat="44.562193"><ele>72.344414</ele><time>2020-12-16T00:25:52Z</time><extensions><speed>2.568003</speed><course>196.831329</course><hAcc>0.940572</hAcc><vAcc>0.664170</vAcc></extensions></trkpt>
      <trkpt lon="-123.279991" lat="44.562200"><ele>72.349144</ele><time>2020-12-16T00:25:53Z</time><extensions><speed>2.527064</speed><course>197.365341</course><hAcc>0.941162</hAcc><vAcc>0.664579</vAcc></extensions></trkpt>
      <trkpt lon="-123.279961" lat="44.562208"><ele>72.353752</ele><time>2020-12-16T00:25:54Z</time><extensions><speed>2.496546</speed><course>199.280273</course><hAcc>0.944287</hAcc><vAcc>0.666765</vAcc></extensions></trkpt>
      <trkpt lon="-123.279933" lat="44.562218"><ele>72.358055</ele><time>2020-12-16T00:25:55Z</time><extensions><speed>2.474931</speed><course>207.802399</course><hAcc>0.953312</hAcc><vAcc>0.673101</vAcc></extensions></trkpt>
      <trkpt lon="-123.279905" lat="44.562228"><ele>72.361740</ele><time>2020-12-16T00:25:56Z</time><extensions><speed>2.460407</speed><course>201.647430</course><hAcc>0.973391</hAcc><vAcc>0.687229</vAcc></extensions></trkpt>
      <trkpt lon="-123.279879" lat="44.562239"><ele>72.364578</ele><time>2020-12-16T00:25:57Z</time><extensions><speed>2.451111</speed><course>194.151199</course><hAcc>1.011492</hAcc><vAcc>0.714073</vAcc></extensions></trkpt>
      <trkpt lon="-123.279868" lat="44.562261"><ele>72.356995</ele><time>2020-12-16T00:25:58Z</time><extensions><speed>2.769512</speed><course>228.407959</course><hAcc>0.970800</hAcc><vAcc>0.685388</vAcc></extensions></trkpt>
      <trkpt lon="-123.279856" lat="44.562284"><ele>72.351204</ele><time>2020-12-16T00:25:59Z</time><extensions><speed>2.786186</speed><course>181.169235</course><hAcc>0.949740</hAcc><vAcc>0.670573</vAcc></extensions></trkpt>
      <trkpt lon="-123.279846" lat="44.562308"><ele>72.343925</ele><time>2020-12-16T00:26:00Z</time><extensions><speed>2.806990</speed><course>180.651520</course><hAcc>0.941026</hAcc><vAcc>0.664461</vAcc></extensions></trkpt>
      <trkpt lon="-123.279836" lat="44.562333"><ele>72.335243</ele><time>2020-12-16T00:26:01Z</time><extensions><speed>2.831542</speed><course>177.246353</course><hAcc>0.938810</hAcc><vAcc>0.662920</vAcc></extensions></trkpt>
      <trkpt lon="-123.279828" lat="44.562358"><ele>72.325165</ele><time>2020-12-16T00:26:02Z</time><extensions><speed>2.858661</speed><course>181.165649</course><hAcc>0.939267</hAcc><vAcc>0.663253</vAcc></extensions></trkpt>
      <trkpt lon="-123.279822" lat="44.562383"><ele>72.313698</ele><time>2020-12-16T00:26:03Z</time><extensions><speed>2.886813</speed><course>180.461334</course><hAcc>0.940202</hAcc><vAcc>0.663914</vAcc></extensions></trkpt>
      <trkpt lon="-123.279816" lat="44.562409"><ele>72.300865</ele><time>2020-12-16T00:26:04Z</time><extensions><speed>2.914684</speed><course>166.536957</course><hAcc>0.940561</hAcc><vAcc>0.664162</vAcc></extensions></trkpt>
      <trkpt lon="-123.279811" lat="44.562435"><ele>72.286896</ele><time>2020-12-16T00:26:05Z</time><extensions><speed>2.941585</speed><course>136.963715</course><hAcc>0.940005</hAcc><vAcc>0.663762</vAcc></extensions></trkpt>
      <trkpt lon="-123.279808" lat="44.562462"><ele>72.272171</ele><time>2020-12-16T00:26:06Z</time><extensions><speed>2.967454</speed><course>119.000587</course><hAcc>0.938586</hAcc><vAcc>0.662753</vAcc></extensions></trkpt>
      <trkpt lon="-123.279805" lat="44.562488"><ele>72.257050</ele><time>2020-12-16T00:26:07Z</time><extensions><speed>2.992217</speed><course>105.829887</course><hAcc>0.936545</hAcc><vAcc>0.661305</vAcc></extensions></trkpt>
      <trkpt lon="-123.279803" lat="44.562515"><ele>72.241875</ele><time>2020-12-16T00:26:08Z</time><extensions><speed>3.015471</speed><course>127.759743</course><hAcc>0.934167</hAcc><vAcc>0.659623</vAcc></extensions></trkpt>
      <trkpt lon="-123.279802" lat="44.562543"><ele>72.227097</ele><time>2020-12-16T00:26:09Z</time><extensions><speed>3.036922</speed><course>108.017120</course><hAcc>0.931713</hAcc><vAcc>0.657889</vAcc></extensions></trkpt>
      <trkpt lon="-123.279802" lat="44.562570"><ele>72.213234</ele><time>2020-12-16T00:26:10Z</time><extensions><speed>3.056493</speed><course>127.930283</course><hAcc>0.929385</hAcc><vAcc>0.656245</vAcc></extensions></trkpt>
      <trkpt lon="-123.279801" lat="44.562598"><ele>72.200859</ele><time>2020-12-16T00:26:11Z</time><extensions><speed>3.073714</speed><course>151.003036</course><hAcc>0.927313</hAcc><vAcc>0.654785</vAcc></extensions></trkpt>
      <trkpt lon="-123.279802" lat="44.562625"><ele>72.190582</ele><time>2020-12-16T00:26:12Z</time><extensions><speed>3.087694</speed><course>205.222900</course><hAcc>0.925565</hAcc><vAcc>0.653553</vAcc></extensions></trkpt>
      <trkpt lon="-123.279802" lat="44.562653"><ele>72.183090</ele><time>2020-12-16T00:26:13Z</time><extensions><speed>3.097151</speed><course>212.527908</course><hAcc>0.924158</hAcc><vAcc>0.652563</vAcc></extensions></trkpt>
      <trkpt lon="-123.279803" lat="44.562681"><ele>72.179115</ele><time>2020-12-16T00:26:14Z</time><extensions><speed>3.100849</speed><course>202.827469</course><hAcc>0.923074</hAcc><vAcc>0.651801</vAcc></extensions></trkpt>
      <trkpt lon="-123.279804" lat="44.562709"><ele>72.179237</ele><time>2020-12-16T00:26:15Z</time><extensions><speed>3.098358</speed><course>194.322556</course><hAcc>0.922273</hAcc><vAcc>0.651239</vAcc></extensions></trkpt>
      <trkpt lon="-123.279805" lat="44.562737"><ele>72.183731</ele><time>2020-12-16T00:26:16Z</time><extensions><speed>3.089824</speed><course>219.056519</course><hAcc>0.921710</hAcc><vAcc>0.650844</vAcc></extensions></trkpt>
      <trkpt lon="-123.279806" lat="44.562764"><ele>72.192467</ele><time>2020-12-16T00:26:17Z</time><extensions><speed>3.075736</speed><course>209.466431</course><hAcc>0.921339</hAcc><vAcc>0.650584</vAcc></extensions></trkpt>
      <trkpt lon="-123.279807" lat="44.562792"><ele>72.205086</ele><time>2020-12-16T00:26:18Z</time><extensions><speed>3.056371</speed><course>210.578140</course><hAcc>0.921121</hAcc><vAcc>0.650432</vAcc></extensions></trkpt>
      <trkpt lon="-123.279808" lat="44.562819"><ele>72.221153</ele><time>2020-12-16T00:26:18Z</time><extensions><speed>3.031458</speed><course>202.670120</course><hAcc>0.921051</hAcc><vAcc>0.650382</vAcc></extensions></trkpt>
      <trkpt lon="-123.279808" lat="44.562847"><ele>72.240349</ele><time>2020-12-16T00:26:19Z</time><extensions><speed>3.000897</speed><course>187.536926</course><hAcc>0.921117</hAcc><vAcc>0.650429</vAcc></extensions></trkpt>
      <trkpt lon="-123.279809" lat="44.562873"><ele>72.262375</ele><time>2020-12-16T00:26:20Z</time><extensions><speed>2.965036</speed><course>196.594711</course><hAcc>0.921306</hAcc><vAcc>0.650561</vAcc></extensions></trkpt>
      <trkpt lon="-123.279809" lat="44.562900"><ele>72.286942</ele><time>2020-12-16T00:26:21Z</time><extensions><speed>2.923923</speed><course>198.213242</course><hAcc>0.921638</hAcc><vAcc>0.650794</vAcc></extensions></trkpt>
      <trkpt lon="-123.279809" lat="44.562926"><ele>72.313644</ele><time>2020-12-16T00:26:22Z</time><extensions><speed>2.877922</speed><course>199.069733</course><hAcc>0.922145</hAcc><vAcc>0.651150</vAcc></extensions></trkpt>
      <trkpt lon="-123.279809" lat="44.562952"><ele>72.342087</ele><time>2020-12-16T00:26:23Z</time><extensions><speed>2.827709</speed><course>202.819763</course><hAcc>0.922867</hAcc><vAcc>0.651656</vAcc></extensions></trkpt>
      <trkpt lon="-123.279809" lat="44.562977"><ele>72.372032</ele><time>2020-12-16T00:26:24Z</time><extensions><speed>2.774819</speed><course>196.131943</course><hAcc>0.923847</hAcc><vAcc>0.652345</vAcc></extensions></trkpt>
      <trkpt lon="-123.279810" lat="44.563002"><ele>72.403465</ele><time>2020-12-16T00:26:25Z</time><extensions><speed>2.721682</speed><course>200.286255</course><hAcc>0.925124</hAcc><vAcc>0.653243</vAcc></extensions></trkpt>
      <trkpt lon="-123.279811" lat="44.563026"><ele>72.436607</ele><time>2020-12-16T00:26:26Z</time><extensions><speed>2.670615</speed><course>201.251785</course><hAcc>0.926718</hAcc><vAcc>0.654365</vAcc></extensions></trkpt>
      <trkpt lon="-123.279812" lat="44.563050"><ele>72.471848</ele><time>2020-12-16T00:26:27Z</time><extensions><speed>2.623432</speed><course>202.202698</course><hAcc>0.928622</hAcc><vAcc>0.655708</vAcc></extensions></trkpt>
      <trkpt lon="-123.279814" lat="44.563073"><ele>72.509789</ele><time>2020-12-16T00:26:28Z</time><extensions><speed>2.581522</speed><course>196.895386</course><hAcc>0.930789</hAcc><vAcc>0.657237</vAcc></extensions></trkpt>
      <trkpt lon="-123.279817" lat="44.563096"><ele>72.551163</ele><time>2020-12-16T00:26:29Z</time><extensions><speed>2.546360</speed><course>193.223190</course><hAcc>0.933114</hAcc><vAcc>0.658879</vAcc></extensions></trkpt>
      <trkpt lon="-123.279821" lat="44.563119"><ele>72.596603</ele><time>2020-12-16T00:26:30Z</time><extensions><speed>2.520137</speed><course>185.192734</course><hAcc>0.935437</hAcc><vAcc>0.660522</vAcc></extensions></trkpt>
      <trkpt lon="-123.279827" lat="44.563141"><ele>72.646378</ele><time>2020-12-16T00:26:31Z</time><extensions><speed>2.505997</speed><course>196.831329</course><hAcc>0.937542</hAcc><vAcc>0.662013</vAcc></extensions></trkpt>
      <trkpt lon="-123.279834" lat="44.563163"><ele>72.700371</ele><time>2020-12-16T00:26:32Z</time><extensions><speed>2.508027</speed><course>197.365341</course><hAcc>0.939198</hAcc><vAcc>0.663188</vAcc></extensions></trkpt>
      <trkpt lon="-123.279842" lat="44.563185"><ele>72.758125</ele><time>2020-12-16T00:26:33Z</time><extensions><speed>2.530835</speed><course>199.280273</course><hAcc>0.940213</hAcc><vAcc>0.663912</vAcc></extensions></trkpt>
      <trkpt lon="-123.279853" lat="44.563206"><ele>72.818993</ele><time>2020-12-16T00:26:34Z</time><extensions><speed>2.578161</speed><course>207.802399</course><hAcc>0.940560</hAcc><vAcc>0.664162</vAcc></extensions></trkpt>
      <trkpt lon="-123.279866" lat="44.563228"><ele>72.882141</ele><time>2020-12-16T00:26:35Z</time><extensions><speed>2.651409</speed><course>201.647430</course><hAcc>0.940559</hAcc><vAcc>0.664161</vAcc></extensions></trkpt>
      <trkpt lon="-123.279881" lat="44.563250"><ele>72.946579</ele><time>2020-12-16T00:26:36Z</time><extensions><speed>2.748970</speed><course>194.151199</course><hAcc>0.941152</hAcc><vAcc>0.664571</vAcc></extensions></trkpt>
      <trkpt lon="-123.279898" lat="44.563272"><ele>73.011208</ele><time>2020-12-16T00:26:37Z</time><extensions><speed>2.865247</speed><course>195.794388</course><hAcc>0.944280</hAcc><vAcc>0.666759</vAcc></extensions></trkpt>
      <trkpt lon="-123.279919" lat="44.563294"><ele>73.074951</ele><time>2020-12-16T00:26:38Z</time><extensions><speed>2.990671</speed><course>186.656586</course><hAcc>0.953307</hAcc><vAcc>0.673098</vAcc></extensions></trkpt>
      <trkpt lon="-123.279941" lat="44.563316"><ele>73.137154</ele><time>2020-12-16T00:26:39Z</time><extensions><speed>3.113225</speed><course>189.850922</course><hAcc>0.973388</hAcc><vAcc>0.687226</vAcc></extensions></trkpt>
      <trkpt lon="-123.279966" lat="44.563338"><ele>73.197868</ele><time>2020-12-16T00:26:40Z</time><extensions><speed>3.221745</speed><course>207.413498</course><hAcc>1.011491</hAcc><vAcc>0.714072</vAcc></extensions></trkpt>
      <trkpt lon="-123.280016" lat="44.563347"><ele>73.268509</ele><time>2020-12-16T00:26:41Z</time><extensions><speed>4.658538</speed><course>228.407959</course><hAcc>0.970844</hAcc><vAcc>0.685419</vAcc></extensions></trkpt>
      <trkpt lon="-123.280072" lat="44.563361"><ele>73.272903</ele><time>2020-12-16T00:26:42Z</time><extensions><speed>4.701296</speed><course>181.169235</course><hAcc>0.949781</hAcc><vAcc>0.670602</vAcc></extensions></trkpt>
      <trkpt lon="-123.280129" lat="44.563373"><ele>73.273170</ele><time>2020-12-16T00:26:43Z</time><extensions><speed>4.745332</speed><course>180.651520</course><hAcc>0.941066</hAcc><vAcc>0.664489</vAcc></extensions></trkpt>
      <trkpt lon="-123.280187" lat="44.563384"><ele>73.268639</ele><time>2020-12-16T00:26:44Z</time><extensions><speed>4.790555</speed><course>177.246353</course><hAcc>0.938854</hAcc><vAcc>0.662951</vAcc></extensions></trkpt>
      <trkpt lon="-123.280246" lat="44.563393"><ele>73.258957</ele><time>2020-12-16T00:26:45Z</time><extensions><speed>4.836585</speed><course>181.165649</course><hAcc>0.939328</hAcc><vAcc>0.663296</vAcc></extensions></trkpt>
      <trkpt lon="-123.280306" lat="44.563400"><ele>73.244064</ele><time>2020-12-16T00:26:46Z</time><extensions><speed>4.882318</speed><course>180.461334</course><hAcc>0.940301</hAcc><vAcc>0.663983</vAcc></extensions></trkpt>
      <trkpt lon="-123.280368" lat="44.563406"><ele>73.224213</ele><time>2020-12-16T00:26:47Z</time><extensions><speed>4.925947</speed><course>166.536957</course><hAcc>0.940736</hAcc><vAcc>0.664284</vAcc></extensions></trkpt>
      <trkpt lon="-123.280430" lat="44.563410"><ele>73.199898</ele><time>2020-12-16T00:26:48Z</time><extensions><speed>4.965567</speed><course>136.963715</course><hAcc>0.940310</hAcc><vAcc>0.663974</vAcc></extensions></trkpt>
      <trkpt lon="-123.280492" lat="44.563413"><ele>73.171867</ele><time>2020-12-16T00:26:49Z</time><extensions><speed>4.999570</speed><course>119.000587</course><hAcc>0.939109</hAcc><vAcc>0.663117</vAcc></extensions></trkpt>
      <trkpt lon="-123.280555" lat="44.563416"><ele>73.141090</ele><time>2020-12-16T00:26:50Z</time><extensions><speed>5.026801</speed><course>105.829887</course><hAcc>0.937405</hAcc><vAcc>0.661906</vAcc></extensions></trkpt>
      <trkpt lon="-123.280619" lat="44.563417"><ele>73.108826</ele><time>2020-12-16T00:26:51Z</time><extensions><speed>5.046993</speed><course>127.759743</course><hAcc>0.935528</hAcc><vAcc>0.660574</vAcc></extensions></trkpt>
      <trkpt lon="-123.280682" lat="44.563417"><ele>73.076454</ele><time>2020-12-16T00:26:52Z</time><extensions><speed>5.060486</speed><course>108.017120</course><hAcc>0.933787</hAcc><vAcc>0.659341</vAcc></extensions></trkpt>
      <trkpt lon="-123.280746" lat="44.563417"><ele>73.045280</ele><time>2020-12-16T00:26:53Z</time><extensions><speed>5.067531</speed><course>127.930283</course><hAcc>0.932430</hAcc><vAcc>0.658380</vAcc></extensions></trkpt>
      <trkpt lon="-123.280810" lat="44.563417"><ele>73.016380</ele><time>2020-12-16T00:26:54Z</time><extensions><speed>5.068013</speed><course>151.003036</course><hAcc>0.931629</hAcc><vAcc>0.657813</vAcc></extensions></trkpt>
      <trkpt lon="-123.280873" lat="44.563416"><ele>72.990555</ele><time>2020-12-16T00:26:55Z</time><extensions><speed>5.061748</speed><course>205.222900</course><hAcc>0.931474</hAcc><vAcc>0.657704</vAcc></extensions></trkpt>
      <trkpt lon="-123.280937" lat="44.563415"><ele>72.968193</ele><time>2020-12-16T00:26:56Z</time><extensions><speed>5.048698</speed><course>212.527908</course><hAcc>0.931976</hAcc><vAcc>0.658059</vAcc></extensions></trkpt>
      <trkpt lon="-123.281000" lat="44.563413"><ele>72.949333</ele><time>2020-12-16T00:26:57Z</time><extensions><speed>5.028596</speed><course>202.827469</course><hAcc>0.933065</hAcc><vAcc>0.658830</vAcc></extensions></trkpt>
      <trkpt lon="-123.281063" lat="44.563411"><ele>72.933792</ele><time>2020-12-16T00:26:58Z</time><extensions><speed>5.000988</speed><course>194.322556</course><hAcc>0.934598</hAcc><vAcc>0.659917</vAcc></extensions></trkpt>
      <trkpt lon="-123.281126" lat="44.563409"><ele>72.921211</ele><time>2020-12-16T00:26:59Z</time><extensions><speed>4.965245</speed><course>219.056519</course><hAcc>0.936363</hAcc><vAcc>0.661168</vAcc></extensions></trkpt>
      <trkpt lon="-123.281188" lat="44.563407"><ele>72.911064</ele><time>2020-12-16T00:27:00Z</time><extensions><speed>4.920655</speed><course>209.466431</course><hAcc>0.938095</hAcc><vAcc>0.662398</vAcc></extensions></trkpt>
      <trkpt lon="-123.281250" lat="44.563403"><ele>72.902664</ele><time>2020-12-16T00:27:01Z</time><extensions><speed>4.867284</speed><course>210.578140</course><hAcc>0.939512</hAcc><vAcc>0.663407</vAcc></extensions></trkpt>
      <trkpt lon="-123.281310" lat="44.563399"><ele>72.895164</ele><time>2020-12-16T00:27:02Z</time><extensions><speed>4.806226</speed><course>202.670120</course><hAcc>0.940385</hAcc><vAcc>0.664031</vAcc></extensions></trkpt>
      <trkpt lon="-123.281370" lat="44.563395"><ele>72.887474</ele><time>2020-12-16T00:27:03Z</time><extensions><speed>4.739521</speed><course>187.536926</course><hAcc>0.940655</hAcc><vAcc>0.664227</vAcc></extensions></trkpt>
      <trkpt lon="-123.281429" lat="44.563389"><ele>72.878319</ele><time>2020-12-16T00:27:04Z</time><extensions><speed>4.669627</speed><course>196.594711</course><hAcc>0.940617</hAcc><vAcc>0.664201</vAcc></extensions></trkpt>
      <trkpt lon="-123.281486" lat="44.563382"><ele>72.866577</ele><time>2020-12-16T00:27:05Z</time><extensions><speed>4.599307</speed><course>198.213242</course><hAcc>0.941198</hAcc><vAcc>0.664604</vAcc></extensions></trkpt>
      <trkpt lon="-123.281543" lat="44.563374"><ele>72.851715</ele><time>2020-12-16T00:27:06Z</time><extensions><speed>4.531375</speed><course>199.069733</course><hAcc>0.944326</hAcc><vAcc>0.666792</vAcc></extensions></trkpt>
      <trkpt lon="-123.281598" lat="44.563365"><ele>72.833832</ele><time>2020-12-16T00:27:07Z</time><extensions><speed>4.467443</speed><course>202.819763</course><hAcc>0.953359</hAcc><vAcc>0.673134</vAcc></extensions></trkpt>
      <trkpt lon="-123.281652" lat="44.563355"><ele>72.813362</ele><time>2020-12-16T00:27:08Z</time><extensions><speed>4.408523</speed><course>196.131943</course><hAcc>0.973443</hAcc><vAcc>0.687265</vAcc></extensions></trkpt>
      <trkpt lon="-123.281705" lat="44.563344"><ele>72.790878</ele><time>2020-12-16T00:27:09Z</time><extensions><speed>4.355617</speed><course>200.286255</course><hAcc>1.011542</hAcc><vAcc>0.714108</vAcc></extensions></trkpt>
      <trkpt lon="-123.281731" lat="44.563315"><ele>72.866463</ele><time>2020-12-16T00:27:10Z</time><extensions><speed>4.172675</speed><course>228.407959</course><hAcc>0.970878</hAcc><vAcc>0.685444</vAcc></extensions></trkpt>
      <trkpt lon="-123.281754" lat="44.563281"><ele>72.837181</ele><time>2020-12-16T00:27:11Z</time><extensions><speed>4.233439</speed><course>181.169235</course><hAcc>0.949826</hAcc><vAcc>0.670637</vAcc></extensions></trkpt>
      <trkpt lon="-123.281776" lat="44.563246"><ele>72.811569</ele><time>2020-12-16T00:27:13Z</time><extensions><speed>4.312055</speed><course>180.651520</course><hAcc>0.941118</hAcc><vAcc>0.664532</vAcc></extensions></trkpt>
      <trkpt lon="-123.281795" lat="44.563209"><ele>72.789238</ele><time>2020-12-16T00:27:14Z</time><extensions><speed>4.407184</speed><course>177.246353</course><hAcc>0.938927</hAcc><vAcc>0.663014</vAcc></extensions></trkpt>
      <trkpt lon="-123.281811" lat="44.563170"><ele>72.769150</ele><time>2020-12-16T00:27:15Z</time><extensions><speed>4.514480</speed><course>181.165649</course><hAcc>0.939451</hAcc><vAcc>0.663400</vAcc></extensions></trkpt>
      <trkpt lon="-123.281825" lat="44.563131"><ele>72.750145</ele><time>2020-12-16T00:27:16Z</time><extensions><speed>4.627306</speed><course>180.461334</course><hAcc>0.940519</hAcc><vAcc>0.664163</vAcc></extensions></trkpt>
      <trkpt lon="-123.281838" lat="44.563089"><ele>72.731262</ele><time>2020-12-16T00:27:17Z</time><extensions><speed>4.738431</speed><course>166.536957</course><hAcc>0.941111</hAcc><vAcc>0.664586</vAcc></extensions></trkpt>
      <trkpt lon="-123.281848" lat="44.563047"><ele>72.711967</ele><time>2020-12-16T00:27:18Z</time><extensions><speed>4.841697</speed><course>136.963715</course><hAcc>0.940923</hAcc><vAcc>0.664459</vAcc></extensions></trkpt>
      <trkpt lon="-123.281856" lat="44.563003"><ele>72.692055</ele><time>2020-12-16T00:27:19Z</time><extensions><speed>4.933130</speed><course>119.000587</course><hAcc>0.940061</hAcc><vAcc>0.663858</vAcc></extensions></trkpt>
      <trkpt lon="-123.281863" lat="44.562959"><ele>72.671425</ele><time>2020-12-16T00:27:20Z</time><extensions><speed>5.010268</speed><course>105.829887</course><hAcc>0.938815</hAcc><vAcc>0.662988</vAcc></extensions></trkpt>
      <trkpt lon="-123.281869" lat="44.562914"><ele>72.649918</ele><time>2020-12-16T00:27:21Z</time><extensions><speed>5.070955</speed><course>127.759743</course><hAcc>0.937524</hAcc><vAcc>0.662090</vAcc></extensions></trkpt>
      <trkpt lon="-123.281873" lat="44.562868"><ele>72.627457</ele><time>2020-12-16T00:27:22Z</time><extensions><speed>5.113285</speed><course>108.017120</course><hAcc>0.936494</hAcc><vAcc>0.661375</vAcc></extensions></trkpt>
      <trkpt lon="-123.281876" lat="44.562822"><ele>72.604156</ele><time>2020-12-16T00:27:23Z</time><extensions><speed>5.136084</speed><course>127.930283</course><hAcc>0.935945</hAcc><vAcc>0.660999</vAcc></extensions></trkpt>
      <trkpt lon="-123.281878" lat="44.562776"><ele>72.580368</ele><time>2020-12-16T00:27:24Z</time><extensions><speed>5.139071</speed><course>151.003036</course><hAcc>0.935993</hAcc><vAcc>0.661038</vAcc></extensions></trkpt>
      <trkpt lon="-123.281878" lat="44.562729"><ele>72.556534</ele><time>2020-12-16T00:27:25Z</time><extensions><speed>5.122576</speed><course>205.222900</course><hAcc>0.936633</hAcc><vAcc>0.661486</vAcc></extensions></trkpt>
      <trkpt lon="-123.281878" lat="44.562684"><ele>72.532921</ele><time>2020-12-16T00:27:26Z</time><extensions><speed>5.087634</speed><course>212.527908</course><hAcc>0.937738</hAcc><vAcc>0.662252</vAcc></extensions></trkpt>
      <trkpt lon="-123.281875" lat="44.562638"><ele>72.509460</ele><time>2020-12-16T00:27:27Z</time><extensions><speed>5.035602</speed><course>202.827469</course><hAcc>0.939069</hAcc><vAcc>0.663166</vAcc></extensions></trkpt>
      <trkpt lon="-123.281872" lat="44.562593"><ele>72.485718</ele><time>2020-12-16T00:27:28Z</time><extensions><speed>4.967782</speed><course>194.322556</course><hAcc>0.940289</hAcc><vAcc>0.663998</vAcc></extensions></trkpt>
      <trkpt lon="-123.281867" lat="44.562549"><ele>72.460983</ele><time>2020-12-16T00:27:29Z</time><extensions><speed>4.885788</speed><course>219.056519</course><hAcc>0.941011</hAcc><vAcc>0.664489</vAcc></extensions></trkpt>
      <trkpt lon="-123.281860" lat="44.562506"><ele>72.434273</ele><time>2020-12-16T00:27:30Z</time><extensions><speed>4.791974</speed><course>209.466431</course><hAcc>0.940876</hAcc><vAcc>0.664415</vAcc></extensions></trkpt>
      <trkpt lon="-123.281851" lat="44.562463"><ele>72.404388</ele><time>2020-12-16T00:27:31Z</time><extensions><speed>4.689642</speed><course>210.578140</course><hAcc>0.939689</hAcc><vAcc>0.663688</vAcc></extensions></trkpt>
      <trkpt lon="-123.281841" lat="44.562422"><ele>72.370010</ele><time>2020-12-16T00:27:32Z</time><extensions><speed>4.583160</speed><course>202.670120</course><hAcc>0.937637</hAcc><vAcc>0.662513</vAcc></extensions></trkpt>
      <trkpt lon="-123.281828" lat="44.562383"><ele>72.329803</ele><time>2020-12-16T00:27:33Z</time><extensions><speed>4.477146</speed><course>187.536926</course><hAcc>0.935619</hAcc><vAcc>0.661634</vAcc></extensions></trkpt>
      <trkpt lon="-123.281813" lat="44.562344"><ele>72.282616</ele><time>2020-12-16T00:27:34Z</time><extensions><speed>4.376218</speed><course>196.594711</course><hAcc>0.935692</hAcc><vAcc>0.662643</vAcc></extensions></trkpt>
      <trkpt lon="-123.281795" lat="44.562307"><ele>72.227844</ele><time>2020-12-16T00:27:35Z</time><extensions><speed>4.285532</speed><course>198.213242</course><hAcc>0.941615</hAcc><vAcc>0.668358</vAcc></extensions></trkpt>
      <trkpt lon="-123.281776" lat="44.562272"><ele>72.165558</ele><time>2020-12-16T00:27:36Z</time><extensions><speed>4.209650</speed><course>199.069733</course><hAcc>0.959324</hAcc><vAcc>0.683105</vAcc></extensions></trkpt>
      <trkpt lon="-123.281744" lat="44.562245"><ele>72.471504</ele><time>2020-12-16T00:27:37Z</time><extensions><speed>4.075295</speed><course>228.407959</course><hAcc>0.930634</hAcc><vAcc>0.661826</vAcc></extensions></trkpt>
      <trkpt lon="-123.281696" lat="44.562231"><ele>72.455528</ele><time>2020-12-16T00:27:38Z</time><extensions><speed>4.150774</speed><course>181.169235</course><hAcc>0.897529</hAcc><vAcc>0.639960</vAcc></extensions></trkpt>
      <trkpt lon="-123.281646" lat="44.562219"><ele>72.440414</ele><time>2020-12-16T00:27:39Z</time><extensions><speed>4.239551</speed><course>180.651520</course><hAcc>0.877692</hAcc><vAcc>0.627350</vAcc></extensions></trkpt>
      <trkpt lon="-123.281594" lat="44.562208"><ele>72.425575</ele><time>2020-12-16T00:27:40Z</time><extensions><speed>4.337703</speed><course>177.246353</course><hAcc>0.866816</hAcc><vAcc>0.620757</vAcc></extensions></trkpt>
      <trkpt lon="-123.281540" lat="44.562199"><ele>72.410385</ele><time>2020-12-16T00:27:41Z</time><extensions><speed>4.438873</speed><course>181.165649</course><hAcc>0.862527</hAcc><vAcc>0.618323</vAcc></extensions></trkpt>
      <trkpt lon="-123.281485" lat="44.562192"><ele>72.394806</ele><time>2020-12-16T00:27:42Z</time><extensions><speed>4.535753</speed><course>180.461334</course><hAcc>0.863419</hAcc><vAcc>0.618959</vAcc></extensions></trkpt>
      <trkpt lon="-123.281428" lat="44.562186"><ele>72.379349</ele><time>2020-12-16T00:27:43Z</time><extensions><speed>4.623118</speed><course>166.536957</course><hAcc>0.868285</hAcc><vAcc>0.621834</vAcc></extensions></trkpt>
      <trkpt lon="-123.281369" lat="44.562182"><ele>72.364838</ele><time>2020-12-16T00:27:44Z</time><extensions><speed>4.697818</speed><course>136.963715</course><hAcc>0.875731</hAcc><vAcc>0.626104</vAcc></extensions></trkpt>
      <trkpt lon="-123.281310" lat="44.562178"><ele>72.352219</ele><time>2020-12-16T00:27:45Z</time><extensions><speed>4.758206</speed><course>119.000587</course><hAcc>0.884234</hAcc><vAcc>0.630892</vAcc></extensions></trkpt>
      <trkpt lon="-123.281250" lat="44.562176"><ele>72.342415</ele><time>2020-12-16T00:27:46Z</time><extensions><speed>4.803070</speed><course>105.829887</course><hAcc>0.892574</hAcc><vAcc>0.635520</vAcc></extensions></trkpt>
      <trkpt lon="-123.281189" lat="44.562175"><ele>72.336227</ele><time>2020-12-16T00:27:47Z</time><extensions><speed>4.831800</speed><course>127.759743</course><hAcc>0.900019</hAcc><vAcc>0.639592</vAcc></extensions></trkpt>
      <trkpt lon="-123.281128" lat="44.562174"><ele>72.334114</ele><time>2020-12-16T00:27:48Z</time><extensions><speed>4.843703</speed><course>108.017120</course><hAcc>0.906220</hAcc><vAcc>0.642934</vAcc></extensions></trkpt>
      <trkpt lon="-123.281067" lat="44.562174"><ele>72.336189</ele><time>2020-12-16T00:27:49Z</time><extensions><speed>4.837277</speed><course>127.930283</course><hAcc>0.911095</hAcc><vAcc>0.645519</vAcc></extensions></trkpt>
      <trkpt lon="-123.281007" lat="44.562174"><ele>72.342255</ele><time>2020-12-16T00:27:50Z</time><extensions><speed>4.811405</speed><course>151.003036</course><hAcc>0.914731</hAcc><vAcc>0.647410</vAcc></extensions></trkpt>
      <trkpt lon="-123.280946" lat="44.562174"><ele>72.351715</ele><time>2020-12-16T00:27:51Z</time><extensions><speed>4.766176</speed><course>205.222900</course><hAcc>0.917310</hAcc><vAcc>0.648722</vAcc></extensions></trkpt>
      <trkpt lon="-123.280887" lat="44.562174"><ele>72.363640</ele><time>2020-12-16T00:27:52Z</time><extensions><speed>4.702271</speed><course>212.527908</course><hAcc>0.919052</hAcc><vAcc>0.649584</vAcc></extensions></trkpt>
      <trkpt lon="-123.280828" lat="44.562174"><ele>72.376991</ele><time>2020-12-16T00:27:53Z</time><extensions><speed>4.620846</speed><course>202.827469</course><hAcc>0.920179</hAcc><vAcc>0.650128</vAcc></extensions></trkpt>
      <trkpt lon="-123.280771" lat="44.562174"><ele>72.390823</ele><time>2020-12-16T00:27:54Z</time><extensions><speed>4.523674</speed><course>194.322556</course><hAcc>0.920901</hAcc><vAcc>0.650473</vAcc></extensions></trkpt>
      <trkpt lon="-123.280714" lat="44.562174"><ele>72.404366</ele><time>2020-12-16T00:27:55Z</time><extensions><speed>4.413098</speed><course>219.056519</course><hAcc>0.921400</hAcc><vAcc>0.650723</vAcc></extensions></trkpt>
      <trkpt lon="-123.280660" lat="44.562173"><ele>72.417084</ele><time>2020-12-16T00:27:56Z</time><extensions><speed>4.291986</speed><course>209.466431</course><hAcc>0.921828</hAcc><vAcc>0.650969</vAcc></extensions></trkpt>
      <trkpt lon="-123.280606" lat="44.562172"><ele>72.428581</ele><time>2020-12-16T00:27:57Z</time><extensions><speed>4.163366</speed><course>210.578140</course><hAcc>0.922317</hAcc><vAcc>0.651285</vAcc></extensions></trkpt>
      <trkpt lon="-123.280555" lat="44.562171"><ele>72.438370</ele><time>2020-12-16T00:27:58Z</time><extensions><speed>4.030348</speed><course>202.670120</course><hAcc>0.922970</hAcc><vAcc>0.651733</vAcc></extensions></trkpt>
      <trkpt lon="-123.280505" lat="44.562169"><ele>72.445786</ele><time>2020-12-16T00:27:59Z</time><extensions><speed>3.895994</speed><course>187.536926</course><hAcc>0.923870</hAcc><vAcc>0.652365</vAcc></extensions></trkpt>
      <trkpt lon="-123.280457" lat="44.562168"><ele>72.450378</ele><time>2020-12-16T00:28:00Z</time><extensions><speed>3.762806</speed><course>196.594711</course><hAcc>0.925077</hAcc><vAcc>0.653217</vAcc></extensions></trkpt>
      <trkpt lon="-123.280410" lat="44.562166"><ele>72.452164</ele><time>2020-12-16T00:28:01Z</time><extensions><speed>3.632120</speed><course>198.213242</course><hAcc>0.926621</hAcc><vAcc>0.654309</vAcc></extensions></trkpt>
      <trkpt lon="-123.280366" lat="44.562164"><ele>72.451332</ele><time>2020-12-16T00:28:02Z</time><extensions><speed>3.504000</speed><course>199.069733</course><hAcc>0.928497</hAcc><vAcc>0.655635</vAcc></extensions></trkpt>
      <trkpt lon="-123.280322" lat="44.562163"><ele>72.448143</ele><time>2020-12-16T00:28:03Z</time><extensions><speed>3.378278</speed><course>202.819763</course><hAcc>0.930654</hAcc><vAcc>0.657158</vAcc></extensions></trkpt>
      <trkpt lon="-123.280281" lat="44.562161"><ele>72.443092</ele><time>2020-12-16T00:28:04Z</time><extensions><speed>3.255918</speed><course>196.131943</course><hAcc>0.932983</hAcc><vAcc>0.658804</vAcc></extensions></trkpt>
      <trkpt lon="-123.280240" lat="44.562160"><ele>72.436859</ele><time>2020-12-16T00:28:05Z</time><extensions><speed>3.138745</speed><course>200.286255</course><hAcc>0.935318</hAcc><vAcc>0.660455</vAcc></extensions></trkpt>
      <trkpt lon="-123.280202" lat="44.562160"><ele>72.430023</ele><time>2020-12-16T00:28:06Z</time><extensions><speed>3.028617</speed><course>201.251785</course><hAcc>0.937442</hAcc><vAcc>0.661957</vAcc></extensions></trkpt>
      <trkpt lon="-123.280164" lat="44.562160"><ele>72.422905</ele><time>2020-12-16T00:28:07Z</time><extensions><speed>2.926772</speed><course>202.202698</course><hAcc>0.939116</hAcc><vAcc>0.663144</vAcc></extensions></trkpt>
      <trkpt lon="-123.280128" lat="44.562160"><ele>72.415512</ele><time>2020-12-16T00:28:08Z</time><extensions><speed>2.833516</speed><course>196.895386</course><hAcc>0.940150</hAcc><vAcc>0.663878</vAcc></extensions></trkpt>
      <trkpt lon="-123.280093" lat="44.562162"><ele>72.407677</ele><time>2020-12-16T00:28:09Z</time><extensions><speed>2.748795</speed><course>193.223190</course><hAcc>0.940514</hAcc><vAcc>0.664137</vAcc></extensions></trkpt>
      <trkpt lon="-123.280059" lat="44.562164"><ele>72.399300</ele><time>2020-12-16T00:28:10Z</time><extensions><speed>2.672034</speed><course>185.192734</course><hAcc>0.940526</hAcc><vAcc>0.664144</vAcc></extensions></trkpt>
      <trkpt lon="-123.280026" lat="44.562167"><ele>72.390388</ele><time>2020-12-16T00:28:11Z</time><extensions><speed>2.602811</speed><course>196.831329</course><hAcc>0.941131</hAcc><vAcc>0.664561</vAcc></extensions></trkpt>
      <trkpt lon="-123.279994" lat="44.562170"><ele>72.381050</ele><time>2020-12-16T00:28:12Z</time><extensions><speed>2.541269</speed><course>197.365341</course><hAcc>0.944267</hAcc><vAcc>0.666753</vAcc></extensions></trkpt>
      <trkpt lon="-123.279963" lat="44.562175"><ele>72.371429</ele><time>2020-12-16T00:28:13Z</time><extensions><speed>2.487444</speed><course>199.280273</course><hAcc>0.953301</hAcc><vAcc>0.673095</vAcc></extensions></trkpt>
      <trkpt lon="-123.279933" lat="44.562181"><ele>72.361610</ele><time>2020-12-16T00:28:14Z</time><extensions><speed>2.441391</speed><course>207.802399</course><hAcc>0.973386</hAcc><vAcc>0.687226</vAcc></extensions></trkpt>
      <trkpt lon="-123.279904" lat="44.562187"><ele>72.351601</ele><time>2020-12-16T00:28:15Z</time><extensions><speed>2.403312</speed><course>201.647430</course><hAcc>1.011491</hAcc><vAcc>0.714073</vAcc></extensions></trkpt>
      <trkpt lon="-123.279891" lat="44.562200"><ele>72.343323</ele><time>2020-12-16T00:28:16Z</time><extensions><speed>2.345657</speed><course>228.407959</course><hAcc>0.970800</hAcc><vAcc>0.685388</vAcc></extensions></trkpt>
      <trkpt lon="-123.279877" lat="44.562219"><ele>72.329376</ele><time>2020-12-16T00:28:17Z</time><extensions><speed>2.372187</speed><course>181.169235</course><hAcc>0.949740</hAcc><vAcc>0.670573</vAcc></extensions></trkpt>
      <trkpt lon="-123.279865" lat="44.562238"><ele>72.316185</ele><time>2020-12-16T00:28:18Z</time><extensions><speed>2.410665</speed><course>180.651520</course><hAcc>0.941025</hAcc><vAcc>0.664460</vAcc></extensions></trkpt>
      <trkpt lon="-123.279853" lat="44.562259"><ele>72.303795</ele><time>2020-12-16T00:28:19Z</time><extensions><speed>2.462274</speed><course>177.246353</course><hAcc>0.938808</hAcc><vAcc>0.662919</vAcc></extensions></trkpt>
      <trkpt lon="-123.279843" lat="44.562280"><ele>72.292267</ele><time>2020-12-16T00:28:20Z</time><extensions><speed>2.526452</speed><course>181.165649</course><hAcc>0.939264</hAcc><vAcc>0.663251</vAcc></extensions></trkpt>
      <trkpt lon="-123.279834" lat="44.562302"><ele>72.281670</ele><time>2020-12-16T00:28:21Z</time><extensions><speed>2.600811</speed><course>180.461334</course><hAcc>0.940198</hAcc><vAcc>0.663911</vAcc></extensions></trkpt>
      <trkpt lon="-123.279827" lat="44.562325"><ele>72.272026</ele><time>2020-12-16T00:28:22Z</time><extensions><speed>2.681798</speed><course>166.536957</course><hAcc>0.940556</hAcc><vAcc>0.664159</vAcc></extensions></trkpt>
      <trkpt lon="-123.279821" lat="44.562349"><ele>72.263237</ele><time>2020-12-16T00:28:23Z</time><extensions><speed>2.765774</speed><course>136.963715</course><hAcc>0.939997</hAcc><vAcc>0.663756</vAcc></extensions></trkpt>
      <trkpt lon="-123.279815" lat="44.562374"><ele>72.255150</ele><time>2020-12-16T00:28:24Z</time><extensions><speed>2.849355</speed><course>119.000587</course><hAcc>0.938577</hAcc><vAcc>0.662746</vAcc></extensions></trkpt>
      <trkpt lon="-123.279811" lat="44.562400"><ele>72.247696</ele><time>2020-12-16T00:28:25Z</time><extensions><speed>2.929459</speed><course>105.829887</course><hAcc>0.936534</hAcc><vAcc>0.661298</vAcc></extensions></trkpt>
      <trkpt lon="-123.279808" lat="44.562427"><ele>72.240944</ele><time>2020-12-16T00:28:26Z</time><extensions><speed>3.003684</speed><course>127.759743</course><hAcc>0.934155</hAcc><vAcc>0.659614</vAcc></extensions></trkpt>
      <trkpt lon="-123.279805" lat="44.562454"><ele>72.235016</ele><time>2020-12-16T00:28:27Z</time><extensions><speed>3.070144</speed><course>108.017120</course><hAcc>0.931701</hAcc><vAcc>0.657880</vAcc></extensions></trkpt>
      <trkpt lon="-123.279803" lat="44.562482"><ele>72.230072</ele><time>2020-12-16T00:28:28Z</time><extensions><speed>3.127809</speed><course>127.930283</course><hAcc>0.929373</hAcc><vAcc>0.656237</vAcc></extensions></trkpt>
      <trkpt lon="-123.279802" lat="44.562510"><ele>72.226212</ele><time>2020-12-16T00:28:29Z</time><extensions><speed>3.176599</speed><course>151.003036</course><hAcc>0.927304</hAcc><vAcc>0.654778</vAcc></extensions></trkpt>
      <trkpt lon="-123.279801" lat="44.562539"><ele>72.223434</ele><time>2020-12-16T00:28:30Z</time><extensions><speed>3.216962</speed><course>205.222900</course><hAcc>0.925561</hAcc><vAcc>0.653551</vAcc></extensions></trkpt>
      <trkpt lon="-123.279800" lat="44.562568"><ele>72.221718</ele><time>2020-12-16T00:28:31Z</time><extensions><speed>3.249858</speed><course>212.527908</course><hAcc>0.924161</hAcc><vAcc>0.652565</vAcc></extensions></trkpt>
      <trkpt lon="-123.279800" lat="44.562598"><ele>72.221100</ele><time>2020-12-16T00:28:32Z</time><extensions><speed>3.276042</speed><course>202.827469</course><hAcc>0.923085</hAcc><vAcc>0.651809</vAcc></extensions></trkpt>
      <trkpt lon="-123.279800" lat="44.562627"><ele>72.221764</ele><time>2020-12-16T00:28:33Z</time><extensions><speed>3.296067</speed><course>194.322556</course><hAcc>0.922293</hAcc><vAcc>0.651253</vAcc></extensions></trkpt>
      <trkpt lon="-123.279801" lat="44.562657"><ele>72.223862</ele><time>2020-12-16T00:28:34Z</time><extensions><speed>3.310493</speed><course>219.056519</course><hAcc>0.921735</hAcc><vAcc>0.650862</vAcc></extensions></trkpt>
      <trkpt lon="-123.279801" lat="44.562687"><ele>72.227539</ele><time>2020-12-16T00:28:35Z</time><extensions><speed>3.319377</speed><course>209.466431</course><hAcc>0.921359</hAcc><vAcc>0.650599</vAcc></extensions></trkpt>
      <trkpt lon="-123.279802" lat="44.562717"><ele>72.232964</ele><time>2020-12-16T00:28:36Z</time><extensions><speed>3.322382</speed><course>210.578140</course><hAcc>0.921119</hAcc><vAcc>0.650431</vAcc></extensions></trkpt>
      <trkpt lon="-123.279802" lat="44.562746"><ele>72.240318</ele><time>2020-12-16T00:28:37Z</time><extensions><speed>3.318719</speed><course>202.670120</course><hAcc>0.920976</hAcc><vAcc>0.650331</vAcc></extensions></trkpt>
      <trkpt lon="-123.279802" lat="44.562776"><ele>72.249741</ele><time>2020-12-16T00:28:38Z</time><extensions><speed>3.307233</speed><course>187.536926</course><hAcc>0.920903</hAcc><vAcc>0.650280</vAcc></extensions></trkpt>
      <trkpt lon="-123.279802" lat="44.562806"><ele>72.261314</ele><time>2020-12-16T00:28:39Z</time><extensions><speed>3.286677</speed><course>196.594711</course><hAcc>0.920880</hAcc><vAcc>0.650265</vAcc></extensions></trkpt>
      <trkpt lon="-123.279802" lat="44.562835"><ele>72.275139</ele><time>2020-12-16T00:28:40Z</time><extensions><speed>3.255905</speed><course>198.213242</course><hAcc>0.920902</hAcc><vAcc>0.650280</vAcc></extensions></trkpt>
      <trkpt lon="-123.279802" lat="44.562864"><ele>72.291405</ele><time>2020-12-16T00:28:41Z</time><extensions><speed>3.214180</speed><course>199.069733</course><hAcc>0.920972</hAcc><vAcc>0.650328</vAcc></extensions></trkpt>
      <trkpt lon="-123.279801" lat="44.562893"><ele>72.310463</ele><time>2020-12-16T00:28:42Z</time><extensions><speed>3.161476</speed><course>202.819763</course><hAcc>0.921104</hAcc><vAcc>0.650420</vAcc></extensions></trkpt>
      <trkpt lon="-123.279800" lat="44.562921"><ele>72.332855</ele><time>2020-12-16T00:28:43Z</time><extensions><speed>3.098141</speed><course>196.131943</course><hAcc>0.921323</hAcc><vAcc>0.650573</vAcc></extensions></trkpt>
      <trkpt lon="-123.279800" lat="44.562949"><ele>72.359146</ele><time>2020-12-16T00:28:44Z</time><extensions><speed>3.024503</speed><course>200.286255</course><hAcc>0.921663</hAcc><vAcc>0.650811</vAcc></extensions></trkpt>
      <trkpt lon="-123.279799" lat="44.562976"><ele>72.389778</ele><time>2020-12-16T00:28:45Z</time><extensions><speed>2.941028</speed><course>201.251785</course><hAcc>0.922166</hAcc><vAcc>0.651164</vAcc></extensions></trkpt>
      <trkpt lon="-123.279798" lat="44.563002"><ele>72.425026</ele><time>2020-12-16T00:28:46Z</time><extensions><speed>2.848795</speed><course>202.202698</course><hAcc>0.922879</hAcc><vAcc>0.651665</vAcc></extensions></trkpt>
      <trkpt lon="-123.279797" lat="44.563027"><ele>72.464897</ele><time>2020-12-16T00:28:47Z</time><extensions><speed>2.749360</speed><course>196.895386</course><hAcc>0.923850</hAcc><vAcc>0.652347</vAcc></extensions></trkpt>
      <trkpt lon="-123.279796" lat="44.563051"><ele>72.509018</ele><time>2020-12-16T00:28:48Z</time><extensions><speed>2.644512</speed><course>193.223190</course><hAcc>0.925118</hAcc><vAcc>0.653239</vAcc></extensions></trkpt>
      <trkpt lon="-123.279796" lat="44.563074"><ele>72.556641</ele><time>2020-12-16T00:28:49Z</time><extensions><speed>2.536343</speed><course>185.192734</course><hAcc>0.926707</hAcc><vAcc>0.654358</vAcc></extensions></trkpt>
      <trkpt lon="-123.279797" lat="44.563097"><ele>72.606781</ele><time>2020-12-16T00:28:50Z</time><extensions><speed>2.427096</speed><course>196.831329</course><hAcc>0.928609</hAcc><vAcc>0.655698</vAcc></extensions></trkpt>
      <trkpt lon="-123.279797" lat="44.563118"><ele>72.658249</ele><time>2020-12-16T00:28:51Z</time><extensions><speed>2.319284</speed><course>197.365341</course><hAcc>0.930774</hAcc><vAcc>0.657226</vAcc></extensions></trkpt>
      <trkpt lon="-123.279799" lat="44.563139"><ele>72.709656</ele><time>2020-12-16T00:28:52Z</time><extensions><speed>2.216395</speed><course>199.280273</course><hAcc>0.933100</hAcc><vAcc>0.658869</vAcc></extensions></trkpt>
      <trkpt lon="-123.279802" lat="44.563158"><ele>72.759506</ele><time>2020-12-16T00:28:53Z</time><extensions><speed>2.124233</speed><course>207.802399</course><hAcc>0.935424</hAcc><vAcc>0.660513</vAcc></extensions></trkpt>
      <trkpt lon="-123.279806" lat="44.563176"><ele>72.806488</ele><time>2020-12-16T00:28:54Z</time><extensions><speed>2.051411</speed><course>201.647430</course><hAcc>0.937532</hAcc><vAcc>0.662006</vAcc></extensions></trkpt>
      <trkpt lon="-123.279812" lat="44.563194"><ele>72.849464</ele><time>2020-12-16T00:28:55Z</time><extensions><speed>2.008225</speed><course>194.151199</course><hAcc>0.939189</hAcc><vAcc>0.663182</vAcc></extensions></trkpt>
      <trkpt lon="-123.279820" lat="44.563211"><ele>72.887497</ele><time>2020-12-16T00:28:56Z</time><extensions><speed>2.003941</speed><course>195.794388</course><hAcc>0.940207</hAcc><vAcc>0.663907</vAcc></extensions></trkpt>
      <trkpt lon="-123.279830" lat="44.563228"><ele>72.919739</ele><time>2020-12-16T00:28:57Z</time><extensions><speed>2.044275</speed><course>186.656586</course><hAcc>0.940555</hAcc><vAcc>0.664158</vAcc></extensions></trkpt>
      <trkpt lon="-123.279842" lat="44.563245"><ele>72.945465</ele><time>2020-12-16T00:28:58Z</time><extensions><speed>2.129583</speed><course>189.850922</course><hAcc>0.940555</hAcc><vAcc>0.664158</vAcc></extensions></trkpt>
      <trkpt lon="-123.279857" lat="44.563261"><ele>72.964180</ele><time>2020-12-16T00:28:59Z</time><extensions><speed>2.253244</speed><course>207.413498</course><hAcc>0.941150</hAcc><vAcc>0.664570</vAcc></extensions></trkpt>
      <trkpt lon="-123.279875" lat="44.563278"><ele>72.975784</ele><time>2020-12-16T00:29:00Z</time><extensions><speed>2.402571</speed><course>204.757538</course><hAcc>0.944279</hAcc><vAcc>0.666758</vAcc></extensions></trkpt>
      <trkpt lon="-123.279896" lat="44.563294"><ele>72.980965</ele><time>2020-12-16T00:29:01Z</time><extensions><speed>2.561985</speed><course>206.813416</course><hAcc>0.953307</hAcc><vAcc>0.673097</vAcc></extensions></trkpt>
      <trkpt lon="-123.279920" lat="44.563311"><ele>72.981339</ele><time>2020-12-16T00:29:02Z</time><extensions><speed>2.715800</speed><course>192.396255</course><hAcc>0.973388</hAcc><vAcc>0.687226</vAcc></extensions></trkpt>
      <trkpt lon="-123.279946" lat="44.563328"><ele>72.979095</ele><time>2020-12-16T00:29:03Z</time><extensions><speed>2.850918</speed><course>197.168304</course><hAcc>1.011491</hAcc><vAcc>0.714072</vAcc></extensions></trkpt>
      <trkpt lon="-123.279999" lat="44.563331"><ele>73.018402</ele><time>2020-12-16T00:29:04Z</time><extensions><speed>4.982478</speed><course>228.407959</course><hAcc>0.970845</hAcc><vAcc>0.685420</vAcc></extensions></trkpt>
      <trkpt lon="-123.280060" lat="44.563342"><ele>73.006691</ele><time>2020-12-16T00:29:05Z</time><extensions><speed>5.046760</speed><course>181.169235</course><hAcc>0.949782</hAcc><vAcc>0.670603</vAcc></extensions></trkpt>
      <trkpt lon="-123.280122" lat="44.563353"><ele>73.001450</ele><time>2020-12-16T00:29:06Z</time><extensions><speed>5.117229</speed><course>180.651520</course><hAcc>0.941071</hAcc><vAcc>0.664492</vAcc></extensions></trkpt>
      <trkpt lon="-123.280186" lat="44.563362"><ele>73.001968</ele><time>2020-12-16T00:29:07Z</time><extensions><speed>5.191638</speed><course>177.246353</course><hAcc>0.938871</hAcc><vAcc>0.662963</vAcc></extensions></trkpt>
      <trkpt lon="-123.280251" lat="44.563370"><ele>73.007454</ele><time>2020-12-16T00:29:08Z</time><extensions><speed>5.267302</speed><course>181.165649</course><hAcc>0.939368</hAcc><vAcc>0.663323</vAcc></extensions></trkpt>
      <trkpt lon="-123.280317" lat="44.563377"><ele>73.017197</ele><time>2020-12-16T00:29:09Z</time><extensions><speed>5.341301</speed><course>180.461334</course><hAcc>0.940380</hAcc><vAcc>0.664038</vAcc></extensions></trkpt>
      <trkpt lon="-123.280384" lat="44.563383"><ele>73.030716</ele><time>2020-12-16T00:29:10Z</time><extensions><speed>5.410522</speed><course>166.536957</course><hAcc>0.940875</hAcc><vAcc>0.664381</vAcc></extensions></trkpt>
      <trkpt lon="-123.280452" lat="44.563387"><ele>73.047729</ele><time>2020-12-16T00:29:11Z</time><extensions><speed>5.471935</speed><course>136.963715</course><hAcc>0.940538</hAcc><vAcc>0.664134</vAcc></extensions></trkpt>
      <trkpt lon="-123.280521" lat="44.563391"><ele>73.067902</ele><time>2020-12-16T00:29:12Z</time><extensions><speed>5.522491</speed><course>119.000587</course><hAcc>0.939461</hAcc><vAcc>0.663364</vAcc></extensions></trkpt>
      <trkpt lon="-123.280591" lat="44.563393"><ele>73.090607</ele><time>2020-12-16T00:29:13Z</time><extensions><speed>5.559526</speed><course>105.829887</course><hAcc>0.937924</hAcc><vAcc>0.662270</vAcc></extensions></trkpt>
      <trkpt lon="-123.280661" lat="44.563395"><ele>73.114990</ele><time>2020-12-16T00:29:14Z</time><extensions><speed>5.581331</speed><course>127.759743</course><hAcc>0.936261</hAcc><vAcc>0.661088</vAcc></extensions></trkpt>
      <trkpt lon="-123.280731" lat="44.563397"><ele>73.140106</ele><time>2020-12-16T00:29:15Z</time><extensions><speed>5.586944</speed><course>108.017120</course><hAcc>0.934779</hAcc><vAcc>0.660038</vAcc></extensions></trkpt>
      <trkpt lon="-123.280801" lat="44.563397"><ele>73.165031</ele><time>2020-12-16T00:29:16Z</time><extensions><speed>5.576261</speed><course>127.930283</course><hAcc>0.933721</hAcc><vAcc>0.659288</vAcc></extensions></trkpt>
      <trkpt lon="-123.280871" lat="44.563397"><ele>73.188911</ele><time>2020-12-16T00:29:17Z</time><extensions><speed>5.549809</speed><course>151.003036</course><hAcc>0.933241</hAcc><vAcc>0.658948</vAcc></extensions></trkpt>
      <trkpt lon="-123.280941" lat="44.563397"><ele>73.210991</ele><time>2020-12-16T00:29:18Z</time><extensions><speed>5.507811</speed><course>205.222900</course><hAcc>0.933399</hAcc><vAcc>0.659060</vAcc></extensions></trkpt>
      <trkpt lon="-123.281010" lat="44.563396"><ele>73.230492</ele><time>2020-12-16T00:29:19Z</time><extensions><speed>5.450990</speed><course>212.527908</course><hAcc>0.934164</hAcc><vAcc>0.659602</vAcc></extensions></trkpt>
      <trkpt lon="-123.281078" lat="44.563394"><ele>73.246498</ele><time>2020-12-16T00:29:20Z</time><extensions><speed>5.380692</speed><course>202.827469</course><hAcc>0.935411</hAcc><vAcc>0.660488</vAcc></extensions></trkpt>
      <trkpt lon="-123.281145" lat="44.563392"><ele>73.257919</ele><time>2020-12-16T00:29:21Z</time><extensions><speed>5.298236</speed><course>194.322556</course><hAcc>0.936940</hAcc><vAcc>0.661573</vAcc></extensions></trkpt>
      <trkpt lon="-123.281211" lat="44.563389"><ele>73.263626</ele><time>2020-12-16T00:29:22Z</time><extensions><speed>5.205656</speed><course>219.056519</course><hAcc>0.938486</hAcc><vAcc>0.662672</vAcc></extensions></trkpt>
      <trkpt lon="-123.281276" lat="44.563386"><ele>73.262604</ele><time>2020-12-16T00:29:23Z</time><extensions><speed>5.105583</speed><course>209.466431</course><hAcc>0.939763</hAcc><vAcc>0.663582</vAcc></extensions></trkpt>
      <trkpt lon="-123.281339" lat="44.563382"><ele>73.254135</ele><time>2020-12-16T00:29:24Z</time><extensions><speed>5.001145</speed><course>210.578140</course><hAcc>0.940536</hAcc><vAcc>0.664136</vAcc></extensions></trkpt>
      <trkpt lon="-123.281401" lat="44.563377"><ele>73.237968</ele><time>2020-12-16T00:29:25Z</time><extensions><speed>4.895934</speed><course>202.670120</course><hAcc>0.940736</hAcc><vAcc>0.664284</vAcc></extensions></trkpt>
      <trkpt lon="-123.281462" lat="44.563371"><ele>73.214310</ele><time>2020-12-16T00:29:26Z</time><extensions><speed>4.793333</speed><course>187.536926</course><hAcc>0.940652</hAcc><vAcc>0.664226</vAcc></extensions></trkpt>
      <trkpt lon="-123.281520" lat="44.563364"><ele>73.183762</ele><time>2020-12-16T00:29:27Z</time><extensions><speed>4.696122</speed><course>196.594711</course><hAcc>0.941205</hAcc><vAcc>0.664609</vAcc></extensions></trkpt>
      <trkpt lon="-123.281578" lat="44.563355"><ele>73.147301</ele><time>2020-12-16T00:29:28Z</time><extensions><speed>4.606285</speed><course>198.213242</course><hAcc>0.944318</hAcc><vAcc>0.666786</vAcc></extensions></trkpt>
      <trkpt lon="-123.281634" lat="44.563345"><ele>73.106277</ele><time>2020-12-16T00:29:29Z</time><extensions><speed>4.525209</speed><course>199.069733</course><hAcc>0.953345</hAcc><vAcc>0.673124</vAcc></extensions></trkpt>
      <trkpt lon="-123.281688" lat="44.563334"><ele>73.062157</ele><time>2020-12-16T00:29:30Z</time><extensions><speed>4.453788</speed><course>202.819763</course><hAcc>0.973432</hAcc><vAcc>0.687258</vAcc></extensions></trkpt>
      <trkpt lon="-123.281741" lat="44.563322"><ele>73.016258</ele><time>2020-12-16T00:29:31Z</time><extensions><speed>4.392517</speed><course>196.131943</course><hAcc>1.011544</hAcc><vAcc>0.714110</vAcc></extensions></trkpt>
      <trkpt lon="-123.281764" lat="44.563290"><ele>73.039749</ele><time>2020-12-16T00:29:32Z</time><extensions><speed>4.372409</speed><course>228.407959</course><hAcc>0.964231</hAcc><vAcc>0.681541</vAcc></extensions></trkpt>
      <trkpt lon="-123.281787" lat="44.563254"><ele>73.024269</ele><time>2020-12-16T00:29:33Z</time><extensions><speed>4.435206</speed><course>181.169235</course><hAcc>0.938000</hAcc><vAcc>0.663657</vAcc></extensions></trkpt>
      <trkpt lon="-123.281808" lat="44.563217"><ele>73.010315</ele><time>2020-12-16T00:29:34Z</time><extensions><speed>4.513460</speed><course>180.651520</course><hAcc>0.922240</hAcc><vAcc>0.653355</vAcc></extensions></trkpt>
      <trkpt lon="-123.281826" lat="44.563178"><ele>72.997032</ele><time>2020-12-16T00:29:35Z</time><extensions><speed>4.604041</speed><course>177.246353</course><hAcc>0.911001</hAcc><vAcc>0.646439</vAcc></extensions></trkpt>
      <trkpt lon="-123.281842" lat="44.563138"><ele>72.982895</ele><time>2020-12-16T00:29:36Z</time><extensions><speed>4.701653</speed><course>181.165649</course><hAcc>0.900397</hAcc><vAcc>0.640178</vAcc></extensions></trkpt>
      <trkpt lon="-123.281856" lat="44.563096"><ele>72.965950</ele><time>2020-12-16T00:29:37Z</time><extensions><speed>4.800337</speed><course>180.461334</course><hAcc>0.888295</hAcc><vAcc>0.633063</vAcc></extensions></trkpt>
      <trkpt lon="-123.281867" lat="44.563053"><ele>72.944427</ele><time>2020-12-16T00:29:38Z</time><extensions><speed>4.894985</speed><course>166.536957</course><hAcc>0.873937</hAcc><vAcc>0.624536</vAcc></extensions></trkpt>
      <trkpt lon="-123.281877" lat="44.563009"><ele>72.917191</ele><time>2020-12-16T00:29:39Z</time><extensions><speed>4.981395</speed><course>136.963715</course><hAcc>0.857634</hAcc><vAcc>0.614750</vAcc></extensions></trkpt>
      <trkpt lon="-123.281884" lat="44.562965"><ele>72.883842</ele><time>2020-12-16T00:29:40Z</time><extensions><speed>5.056203</speed><course>119.000587</course><hAcc>0.840558</hAcc><vAcc>0.604417</vAcc></extensions></trkpt>
      <trkpt lon="-123.281890" lat="44.562919"><ele>72.845009</ele><time>2020-12-16T00:29:41Z</time><extensions><speed>5.116467</speed><course>105.829887</course><hAcc>0.824322</hAcc><vAcc>0.594530</vAcc></extensions></trkpt>
      <trkpt lon="-123.281894" lat="44.562873"><ele>72.802315</ele><time>2020-12-16T00:29:42Z</time><extensions><speed>5.159647</speed><course>127.759743</course><hAcc>0.810344</hAcc><vAcc>0.585980</vAcc></extensions></trkpt>
      <trkpt lon="-123.281897" lat="44.562826"><ele>72.757721</ele><time>2020-12-16T00:29:43Z</time><extensions><speed>5.184188</speed><course>108.017120</course><hAcc>0.799555</hAcc><vAcc>0.579364</vAcc></extensions></trkpt>
      <trkpt lon="-123.281899" lat="44.562780"><ele>72.712959</ele><time>2020-12-16T00:29:44Z</time><extensions><speed>5.189767</speed><course>127.930283</course><hAcc>0.792458</hAcc><vAcc>0.575020</vAcc></extensions></trkpt>
      <trkpt lon="-123.281899" lat="44.562733"><ele>72.669426</ele><time>2020-12-16T00:29:45Z</time><extensions><speed>5.177107</speed><course>151.003036</course><hAcc>0.789234</hAcc><vAcc>0.573077</vAcc></extensions></trkpt>
      <trkpt lon="-123.281898" lat="44.562687"><ele>72.628296</ele><time>2020-12-16T00:29:46Z</time><extensions><speed>5.147082</speed><course>205.222900</course><hAcc>0.789850</hAcc><vAcc>0.573515</vAcc></extensions></trkpt>
      <trkpt lon="-123.281896" lat="44.562641"><ele>72.590370</ele><time>2020-12-16T00:29:47Z</time><extensions><speed>5.100216</speed><course>212.527908</course><hAcc>0.794123</hAcc><vAcc>0.576203</vAcc></extensions></trkpt>
      <trkpt lon="-123.281892" lat="44.562595"><ele>72.555565</ele><time>2020-12-16T00:29:48Z</time><extensions><speed>5.036969</speed><course>202.827469</course><hAcc>0.801747</hAcc><vAcc>0.580920</vAcc></extensions></trkpt>
      <trkpt lon="-123.281887" lat="44.562550"><ele>72.522720</ele><time>2020-12-16T00:29:49Z</time><extensions><speed>4.958559</speed><course>194.322556</course><hAcc>0.812271</hAcc><vAcc>0.587355</vAcc></extensions></trkpt>
      <trkpt lon="-123.281879" lat="44.562506"><ele>72.489861</ele><time>2020-12-16T00:29:50Z</time><extensions><speed>4.867660</speed><course>219.056519</course><hAcc>0.825073</hAcc><vAcc>0.595107</vAcc></extensions></trkpt>
      <trkpt lon="-123.281870" lat="44.562463"><ele>72.454651</ele><time>2020-12-16T00:29:51Z</time><extensions><speed>4.768130</speed><course>209.466431</course><hAcc>0.839360</hAcc><vAcc>0.603717</vAcc></extensions></trkpt>
      <trkpt lon="-123.281859" lat="44.562422"><ele>72.414864</ele><time>2020-12-16T00:29:52Z</time><extensions><speed>4.665164</speed><course>210.578140</course><hAcc>0.854269</hAcc><vAcc>0.612760</vAcc></extensions></trkpt>
      <trkpt lon="-123.281845" lat="44.562381"><ele>72.368591</ele><time>2020-12-16T00:29:53Z</time><extensions><speed>4.564206</speed><course>202.670120</course><hAcc>0.869376</hAcc><vAcc>0.622186</vAcc></extensions></trkpt>
      <trkpt lon="-123.281829" lat="44.562342"><ele>72.314133</ele><time>2020-12-16T00:29:54Z</time><extensions><speed>4.470445</speed><course>187.536926</course><hAcc>0.885613</hAcc><vAcc>0.632913</vAcc></extensions></trkpt>
      <trkpt lon="-123.281810" lat="44.562305"><ele>72.250015</ele><time>2020-12-16T00:29:55Z</time><extensions><speed>4.388861</speed><course>196.594711</course><hAcc>0.905972</hAcc><vAcc>0.647289</vAcc></extensions></trkpt>
      <trkpt lon="-123.281789" lat="44.562269"><ele>72.175278</ele><time>2020-12-16T00:29:56Z</time><extensions><speed>4.323111</speed><course>198.213242</course><hAcc>0.935862</hAcc><vAcc>0.669314</vAcc></extensions></trkpt>
      <trkpt lon="-123.281753" lat="44.562241"><ele>72.521935</ele><time>2020-12-16T00:29:57Z</time><extensions><speed>4.326895</speed><course>228.407959</course><hAcc>0.930708</hAcc><vAcc>0.661881</vAcc></extensions></trkpt>
      <trkpt lon="-123.281702" lat="44.562227"><ele>72.502319</ele><time>2020-12-16T00:29:58Z</time><extensions><speed>4.410109</speed><course>181.169235</course><hAcc>0.897669</hAcc><vAcc>0.640070</vAcc></extensions></trkpt>
      <trkpt lon="-123.281648" lat="44.562215"><ele>72.481918</ele><time>2020-12-16T00:29:59Z</time><extensions><speed>4.505744</speed><course>180.651520</course><hAcc>0.877993</hAcc><vAcc>0.627581</vAcc></extensions></trkpt>
      <trkpt lon="-123.281593" lat="44.562204"><ele>72.461418</ele><time>2020-12-16T00:30:00Z</time><extensions><speed>4.609449</speed><course>177.246353</course><hAcc>0.867408</hAcc><vAcc>0.621202</vAcc></extensions></trkpt>
      <trkpt lon="-123.281535" lat="44.562196"><ele>72.441559</ele><time>2020-12-16T00:30:01Z</time><extensions><speed>4.714506</speed><course>181.165649</course><hAcc>0.863585</hAcc><vAcc>0.619105</vAcc></extensions></trkpt>
      <trkpt lon="-123.281476" lat="44.562188"><ele>72.422791</ele><time>2020-12-16T00:30:02Z</time><extensions><speed>4.812581</speed><course>180.461334</course><hAcc>0.865167</hAcc><vAcc>0.620233</vAcc></extensions></trkpt>
      <trkpt lon="-123.281416" lat="44.562183"><ele>72.405174</ele><time>2020-12-16T00:30:03Z</time><extensions><speed>4.896896</speed><course>166.536957</course><hAcc>0.870995</hAcc><vAcc>0.623792</vAcc></extensions></trkpt>
      <trkpt lon="-123.281354" lat="44.562179"><ele>72.388687</ele><time>2020-12-16T00:30:04Z</time><extensions><speed>4.962292</speed><course>136.963715</course><hAcc>0.879716</hAcc><vAcc>0.628962</vAcc></extensions></trkpt>
      <trkpt lon="-123.281291" lat="44.562176"><ele>72.373474</ele><time>2020-12-16T00:30:05Z</time><extensions><speed>5.005391</speed><course>119.000587</course><hAcc>0.889822</hAcc><vAcc>0.634881</vAcc></extensions></trkpt>
      <trkpt lon="-123.281228" lat="44.562174"><ele>72.359856</ele><time>2020-12-16T00:30:06Z</time><extensions><speed>5.024399</speed><course>105.829887</course><hAcc>0.900084</hAcc><vAcc>0.640864</vAcc></extensions></trkpt>
      <trkpt lon="-123.281165" lat="44.562173"><ele>72.348114</ele><time>2020-12-16T00:30:07Z</time><extensions><speed>5.018533</speed><course>127.759743</course><hAcc>0.909719</hAcc><vAcc>0.646480</vAcc></extensions></trkpt>
      <trkpt lon="-123.281102" lat="44.562173"><ele>72.338448</ele><time>2020-12-16T00:30:08Z</time><extensions><speed>4.987381</speed><course>108.017120</course><hAcc>0.918272</hAcc><vAcc>0.651481</vAcc></extensions></trkpt>
      <trkpt lon="-123.281040" lat="44.562173"><ele>72.330894</ele><time>2020-12-16T00:30:09Z</time><extensions><speed>4.930606</speed><course>127.930283</course><hAcc>0.925499</hAcc><vAcc>0.655726</vAcc></extensions></trkpt>
      <trkpt lon="-123.280978" lat="44.562173"><ele>72.325348</ele><time>2020-12-16T00:30:10Z</time><extensions><speed>4.848852</speed><course>151.003036</course><hAcc>0.931273</hAcc><vAcc>0.659125</vAcc></extensions></trkpt>
      <trkpt lon="-123.280918" lat="44.562174"><ele>72.321442</ele><time>2020-12-16T00:30:11Z</time><extensions><speed>4.744268</speed><course>205.222900</course><hAcc>0.935534</hAcc><vAcc>0.661622</vAcc></extensions></trkpt>
      <trkpt lon="-123.280859" lat="44.562174"><ele>72.318634</ele><time>2020-12-16T00:30:12Z</time><extensions><speed>4.620228</speed><course>212.527908</course><hAcc>0.938300</hAcc><vAcc>0.663206</vAcc></extensions></trkpt>
      <trkpt lon="-123.280802" lat="44.562175"><ele>72.316528</ele><time>2020-12-16T00:30:13Z</time><extensions><speed>4.481211</speed><course>202.827469</course><hAcc>0.939748</hAcc><vAcc>0.663970</vAcc></extensions></trkpt>
      <trkpt lon="-123.280746" lat="44.562175"><ele>72.315117</ele><time>2020-12-16T00:30:14Z</time><extensions><speed>4.331927</speed><course>194.322556</course><hAcc>0.940377</hAcc><vAcc>0.664240</vAcc></extensions></trkpt>
      <trkpt lon="-123.280693" lat="44.562175"><ele>72.314568</ele><time>2020-12-16T00:30:15Z</time><extensions><speed>4.177412</speed><course>219.056519</course><hAcc>0.941277</hAcc><vAcc>0.664759</vAcc></extensions></trkpt>
      <trkpt lon="-123.280641" lat="44.562174"><ele>72.314888</ele><time>2020-12-16T00:30:16Z</time><extensions><speed>4.022861</speed><course>209.466431</course><hAcc>0.944500</hAcc><vAcc>0.666953</vAcc></extensions></trkpt>
      <trkpt lon="-123.280591" lat="44.562173"><ele>72.315903</ele><time>2020-12-16T00:30:17Z</time><extensions><speed>3.873954</speed><course>210.578140</course><hAcc>0.953494</hAcc><vAcc>0.673240</vAcc></extensions></trkpt>
      <trkpt lon="-123.280543" lat="44.562171"><ele>72.317413</ele><time>2020-12-16T00:30:18Z</time><extensions><speed>3.736734</speed><course>202.670120</course><hAcc>0.973470</hAcc><vAcc>0.687289</vAcc></extensions></trkpt>
      <trkpt lon="-123.280497" lat="44.562170"><ele>72.319176</ele><time>2020-12-16T00:30:19Z</time><extensions><speed>3.616568</speed><course>187.536926</course><hAcc>1.011438</hAcc><vAcc>0.714048</vAcc></extensions></trkpt>
      <trkpt lon="-123.280481" lat="44.562167"><ele>72.366692</ele><time>2020-12-16T00:30:20Z</time><extensions><speed>1.488956</speed><course>228.407959</course><hAcc>0.970639</hAcc><vAcc>0.685295</vAcc></extensions></trkpt>
      <trkpt lon="-123.280464" lat="44.562162"><ele>72.391739</ele><time>2020-12-16T00:30:21Z</time><extensions><speed>1.369942</speed><course>181.169235</course><hAcc>0.949592</hAcc><vAcc>0.670488</vAcc></extensions></trkpt>
      <trkpt lon="-123.280448" lat="44.562158"><ele>72.415489</ele><time>2020-12-16T00:30:22Z</time><extensions><speed>1.240788</speed><course>180.651520</course><hAcc>0.940896</hAcc><vAcc>0.664387</vAcc></extensions></trkpt>
      <trkpt lon="-123.280434" lat="44.562154"><ele>72.437965</ele><time>2020-12-16T00:30:23Z</time><extensions><speed>1.108029</speed><course>177.246353</course><hAcc>0.938699</hAcc><vAcc>0.662858</vAcc></extensions></trkpt>
      <trkpt lon="-123.280422" lat="44.562151"><ele>72.459145</ele><time>2020-12-16T00:30:24Z</time><extensions><speed>0.977892</speed><course>181.165649</course><hAcc>0.939162</hAcc><vAcc>0.663195</vAcc></extensions></trkpt>
      <trkpt lon="-123.280412" lat="44.562148"><ele>72.478676</ele><time>2020-12-16T00:30:25Z</time><extensions><speed>0.856147</speed><course>180.461334</course><hAcc>0.940067</hAcc><vAcc>0.663840</vAcc></extensions></trkpt>
      <trkpt lon="-123.280402" lat="44.562145"><ele>72.496094</ele><time>2020-12-16T00:30:26Z</time><extensions><speed>0.748152</speed><course>166.536957</course><hAcc>0.940323</hAcc><vAcc>0.664030</vAcc></extensions></trkpt>
      <trkpt lon="-123.280394" lat="44.562143"><ele>72.511078</ele><time>2020-12-16T00:30:27Z</time><extensions><speed>0.658583</speed><course>136.963715</course><hAcc>0.939531</hAcc><vAcc>0.663494</vAcc></extensions></trkpt>
      <trkpt lon="-123.280387" lat="44.562141"><ele>72.523506</ele><time>2020-12-16T00:30:28Z</time><extensions><speed>0.591379</speed><course>119.000587</course><hAcc>0.937663</hAcc><vAcc>0.662225</vAcc></extensions></trkpt>
      <trkpt lon="-123.280380" lat="44.562139"><ele>72.533318</ele><time>2020-12-16T00:30:29Z</time><extensions><speed>0.549935</speed><course>105.829887</course><hAcc>0.934841</hAcc><vAcc>0.660325</vAcc></extensions></trkpt>
      <trkpt lon="-123.280373" lat="44.562138"><ele>72.540405</ele><time>2020-12-16T00:30:30Z</time><extensions><speed>0.537192</speed><course>127.759743</course><hAcc>0.931204</hAcc><vAcc>0.657910</vAcc></extensions></trkpt>
      <trkpt lon="-123.280367" lat="44.562137"><ele>72.544624</ele><time>2020-12-16T00:30:31Z</time><extensions><speed>0.555241</speed><course>108.017120</course><hAcc>0.926833</hAcc><vAcc>0.655062</vAcc></extensions></trkpt>
      <trkpt lon="-123.280359" lat="44.562136"><ele>72.545868</ele><time>2020-12-16T00:30:32Z</time><extensions><speed>0.604726</speed><course>127.930283</course><hAcc>0.921724</hAcc><vAcc>0.651801</vAcc></extensions></trkpt>
      <trkpt lon="-123.280351" lat="44.562136"><ele>72.544067</ele><time>2020-12-16T00:30:33Z</time><extensions><speed>0.684577</speed><course>151.003036</course><hAcc>0.915797</hAcc><vAcc>0.648100</vAcc></extensions></trkpt>
      <trkpt lon="-123.280342" lat="44.562135"><ele>72.539200</ele><time>2020-12-16T00:30:34Z</time><extensions><speed>0.792293</speed><course>205.222900</course><hAcc>0.908933</hAcc><vAcc>0.643898</vAcc></extensions></trkpt>
      <trkpt lon="-123.280331" lat="44.562136"><ele>72.531342</ele><time>2020-12-16T00:30:35Z</time><extensions><speed>0.924317</speed><course>212.527908</course><hAcc>0.901026</hAcc><vAcc>0.639139</vAcc></extensions></trkpt>
      <trkpt lon="-123.280319" lat="44.562136"><ele>72.520683</ele><time>2020-12-16T00:30:36Z</time><extensions><speed>1.076230</speed><course>202.827469</course><hAcc>0.892057</hAcc><vAcc>0.633815</vAcc></extensions></trkpt>
      <trkpt lon="-123.280304" lat="44.562137"><ele>72.507584</ele><time>2020-12-16T00:30:37Z</time><extensions><speed>1.242844</speed><course>194.322556</course><hAcc>0.882186</hAcc><vAcc>0.628022</vAcc></extensions></trkpt>
      <trkpt lon="-123.280287" lat="44.562138"><ele>72.492447</ele><time>2020-12-16T00:30:38Z</time><extensions><speed>1.418940</speed><course>219.056519</course><hAcc>0.871835</hAcc><vAcc>0.622006</vAcc></extensions></trkpt>
      <trkpt lon="-123.280269" lat="44.562140"><ele>72.475777</ele><time>2020-12-16T00:30:39Z</time><extensions><speed>1.599451</speed><course>209.466431</course><hAcc>0.861769</hAcc><vAcc>0.616213</vAcc></extensions></trkpt>
      <trkpt lon="-123.280248" lat="44.562142"><ele>72.458168</ele><time>2020-12-16T00:30:40Z</time><extensions><speed>1.779133</speed><course>210.578140</course><hAcc>0.853110</hAcc><vAcc>0.611292</vAcc></extensions></trkpt>
      <trkpt lon="-123.280224" lat="44.562144"><ele>72.440186</ele><time>2020-12-16T00:30:41Z</time><extensions><speed>1.951519</speed><course>202.670120</course><hAcc>0.847023</hAcc><vAcc>0.607912</vAcc></extensions></trkpt>
      <trkpt lon="-123.280199" lat="44.562147"><ele>72.422272</ele><time>2020-12-16T00:30:42Z</time><extensions><speed>2.109085</speed><course>187.536926</course><hAcc>0.844071</hAcc><vAcc>0.606390</vAcc></extensions></trkpt>
      <trkpt lon="-123.280172" lat="44.562150"><ele>72.404816</ele><time>2020-12-16T00:30:43Z</time><extensions><speed>2.245717</speed><course>196.594711</course><hAcc>0.843912</hAcc><vAcc>0.606510</vAcc></extensions></trkpt>
      <trkpt lon="-123.280144" lat="44.562155"><ele>72.387993</ele><time>2020-12-16T00:30:44Z</time><extensions><speed>2.357816</speed><course>198.213242</course><hAcc>0.845386</hAcc><vAcc>0.607575</vAcc></extensions></trkpt>
      <trkpt lon="-123.280114" lat="44.562159"><ele>72.371635</ele><time>2020-12-16T00:30:45Z</time><extensions><speed>2.444270</speed><course>199.069733</course><hAcc>0.846995</hAcc><vAcc>0.608689</vAcc></extensions></trkpt>
      <trkpt lon="-123.280084" lat="44.562165"><ele>72.355423</ele><time>2020-12-16T00:30:46Z</time><extensions><speed>2.506111</speed><course>202.819763</course><hAcc>0.847709</hAcc><vAcc>0.609231</vAcc></extensions></trkpt>
      <trkpt lon="-123.280054" lat="44.562172"><ele>72.339005</ele><time>2020-12-16T00:30:47Z</time><extensions><speed>2.545924</speed><course>196.131943</course><hAcc>0.847491</hAcc><vAcc>0.609175</vAcc></extensions></trkpt>
      <trkpt lon="-123.280023" lat="44.562180"><ele>72.322037</ele><time>2020-12-16T00:30:48Z</time><extensions><speed>2.567431</speed><course>200.286255</course><hAcc>0.847508</hAcc><vAcc>0.609234</vAcc></extensions></trkpt>
      <trkpt lon="-123.279994" lat="44.562188"><ele>72.304291</ele><time>2020-12-16T00:30:49Z</time><extensions><speed>2.575071</speed><course>201.251785</course><hAcc>0.850045</hAcc><vAcc>0.610849</vAcc></extensions></trkpt>
      <trkpt lon="-123.279964" lat="44.562198"><ele>72.285721</ele><time>2020-12-16T00:30:50Z</time><extensions><speed>2.573888</speed><course>202.202698</course><hAcc>0.858157</hAcc><vAcc>0.616025</vAcc></extensions></trkpt>
      <trkpt lon="-123.279936" lat="44.562209"><ele>72.266533</ele><time>2020-12-16T00:30:51Z</time><extensions><speed>2.569324</speed><course>196.895386</course><hAcc>0.875599</hAcc><vAcc>0.627359</vAcc></extensions></trkpt>
      <trkpt lon="-123.279908" lat="44.562221"><ele>72.247086</ele><time>2020-12-16T00:30:52Z</time><extensions><speed>2.565433</speed><course>193.223190</course><hAcc>0.906965</hAcc><vAcc>0.648160</vAcc></extensions></trkpt>
      <trkpt lon="-123.279881" lat="44.562234"><ele>72.227661</ele><time>2020-12-16T00:30:53Z</time><extensions><speed>2.563381</speed><course>185.192734</course><hAcc>0.957846</hAcc><vAcc>0.682552</vAcc></extensions></trkpt>
      <trkpt lon="-123.279863" lat="44.562262"><ele>72.290543</ele><time>2020-12-16T00:30:54Z</time><extensions><speed>2.771534</speed><course>228.407959</course><hAcc>0.886779</hAcc><vAcc>0.635074</vAcc></extensions></trkpt>
      <trkpt lon="-123.279851" lat="44.562285"><ele>72.295815</ele><time>2020-12-16T00:30:55Z</time><extensions><speed>2.790292</speed><course>181.169235</course><hAcc>0.880981</hAcc><vAcc>0.629513</vAcc></extensions></trkpt>
      <trkpt lon="-123.279840" lat="44.562309"><ele>72.303001</ele><time>2020-12-16T00:30:56Z</time><extensions><speed>2.810984</speed><course>180.651520</course><hAcc>0.877946</hAcc><vAcc>0.626899</vAcc></extensions></trkpt>
      <trkpt lon="-123.279830" lat="44.562334"><ele>72.311867</ele><time>2020-12-16T00:30:57Z</time><extensions><speed>2.832275</speed><course>177.246353</course><hAcc>0.873470</hAcc><vAcc>0.624077</vAcc></extensions></trkpt>
      <trkpt lon="-123.279821" lat="44.562359"><ele>72.321915</ele><time>2020-12-16T00:30:58Z</time><extensions><speed>2.852693</speed><course>181.165649</course><hAcc>0.865802</hAcc><vAcc>0.619597</vAcc></extensions></trkpt>
      <trkpt lon="-123.279814" lat="44.562384"><ele>72.332336</ele><time>2020-12-16T00:30:59Z</time><extensions><speed>2.870634</speed><course>180.461334</course><hAcc>0.854985</hAcc><vAcc>0.613263</vAcc></extensions></trkpt>
      <trkpt lon="-123.279807" lat="44.562409"><ele>72.342087</ele><time>2020-12-16T00:31:00Z</time><extensions><speed>2.884303</speed><course>166.536957</course><hAcc>0.842358</hAcc><vAcc>0.605773</vAcc></extensions></trkpt>
      <trkpt lon="-123.279801" lat="44.562435"><ele>72.350121</ele><time>2020-12-16T00:31:01Z</time><extensions><speed>2.892454</speed><course>136.963715</course><hAcc>0.829939</hAcc><vAcc>0.598299</vAcc></extensions></trkpt>
      <trkpt lon="-123.279796" lat="44.562461"><ele>72.355682</ele><time>2020-12-16T00:31:02Z</time><extensions><speed>2.895365</speed><course>119.000587</course><hAcc>0.819645</hAcc><vAcc>0.591991</vAcc></extensions></trkpt>
      <trkpt lon="-123.279792" lat="44.562486"><ele>72.358360</ele><time>2020-12-16T00:31:03Z</time><extensions><speed>2.894578</speed><course>105.829887</course><hAcc>0.812863</hAcc><vAcc>0.587705</vAcc></extensions></trkpt>
      <trkpt lon="-123.279789" lat="44.562512"><ele>72.357941</ele><time>2020-12-16T00:31:04Z</time><extensions><speed>2.892081</speed><course>127.759743</course><hAcc>0.810386</hAcc><vAcc>0.585949</vAcc></extensions></trkpt>
      <trkpt lon="-123.279786" lat="44.562538"><ele>72.354218</ele><time>2020-12-16T00:31:05Z</time><extensions><speed>2.889977</speed><course>108.017120</course><hAcc>0.812396</hAcc><vAcc>0.586862</vAcc></extensions></trkpt>
      <trkpt lon="-123.279785" lat="44.562564"><ele>72.347054</ele><time>2020-12-16T00:31:06Z</time><extensions><speed>2.890382</speed><course>127.930283</course><hAcc>0.818461</hAcc><vAcc>0.590212</vAcc></extensions></trkpt>
      <trkpt lon="-123.279784" lat="44.562590"><ele>72.336678</ele><time>2020-12-16T00:31:07Z</time><extensions><speed>2.894653</speed><course>151.003036</course><hAcc>0.827547</hAcc><vAcc>0.595399</vAcc></extensions></trkpt>
      <trkpt lon="-123.279783" lat="44.562616"><ele>72.323921</ele><time>2020-12-16T00:31:08Z</time><extensions><speed>2.903720</speed><course>205.222900</course><hAcc>0.838042</hAcc><vAcc>0.601473</vAcc></extensions></trkpt>
      <trkpt lon="-123.279784" lat="44.562643"><ele>72.310135</ele><time>2020-12-16T00:31:09Z</time><extensions><speed>2.918904</speed><course>212.527908</course><hAcc>0.848069</hAcc><vAcc>0.607324</vAcc></extensions></trkpt>
      <trkpt lon="-123.279785" lat="44.562669"><ele>72.296867</ele><time>2020-12-16T00:31:10Z</time><extensions><speed>2.940942</speed><course>202.827469</course><hAcc>0.856069</hAcc><vAcc>0.612022</vAcc></extensions></trkpt>
      <trkpt lon="-123.279786" lat="44.562696"><ele>72.285591</ele><time>2020-12-16T00:31:11Z</time><extensions><speed>2.969043</speed><course>194.322556</course><hAcc>0.861072</hAcc><vAcc>0.614983</vAcc></extensions></trkpt>
      <trkpt lon="-123.279787" lat="44.562722"><ele>72.277512</ele><time>2020-12-16T00:31:12Z</time><extensions><speed>3.001168</speed><course>219.056519</course><hAcc>0.862663</hAcc><vAcc>0.615950</vAcc></extensions></trkpt>
      <trkpt lon="-123.279789" lat="44.562750"><ele>72.273460</ele><time>2020-12-16T00:31:13Z</time><extensions><speed>3.035612</speed><course>209.466431</course><hAcc>0.860930</hAcc><vAcc>0.614970</vAcc></extensions></trkpt>
      <trkpt lon="-123.279791" lat="44.562777"><ele>72.273933</ele><time>2020-12-16T00:31:14Z</time><extensions><speed>3.071409</speed><course>210.578140</course><hAcc>0.856433</hAcc><vAcc>0.612371</vAcc></extensions></trkpt>
      <trkpt lon="-123.279793" lat="44.562805"><ele>72.279045</ele><time>2020-12-16T00:31:15Z</time><extensions><speed>3.107614</speed><course>202.670120</course><hAcc>0.850188</hAcc><vAcc>0.608749</vAcc></extensions></trkpt>
      <trkpt lon="-123.279795" lat="44.562833"><ele>72.288437</ele><time>2020-12-16T00:31:16Z</time><extensions><speed>3.143414</speed><course>187.536926</course><hAcc>0.843619</hAcc><vAcc>0.604942</vAcc></extensions></trkpt>
      <trkpt lon="-123.279797" lat="44.562861"><ele>72.301422</ele><time>2020-12-16T00:31:17Z</time><extensions><speed>3.178747</speed><course>196.594711</course><hAcc>0.838202</hAcc><vAcc>0.601814</vAcc></extensions></trkpt>
      <trkpt lon="-123.279799" lat="44.562890"><ele>72.317291</ele><time>2020-12-16T00:31:18Z</time><extensions><speed>3.213662</speed><course>198.213242</course><hAcc>0.834805</hAcc><vAcc>0.599875</vAcc></extensions></trkpt>
      <trkpt lon="-123.279801" lat="44.562919"><ele>72.335419</ele><time>2020-12-16T00:31:19Z</time><extensions><speed>3.247307</speed><course>199.069733</course><hAcc>0.833359</hAcc><vAcc>0.599089</vAcc></extensions></trkpt>
      <trkpt lon="-123.279803" lat="44.562948"><ele>72.355263</ele><time>2020-12-16T00:31:20Z</time><extensions><speed>3.277528</speed><course>202.819763</course><hAcc>0.832907</hAcc><vAcc>0.598898</vAcc></extensions></trkpt>
      <trkpt lon="-123.279804" lat="44.562978"><ele>72.376297</ele><time>2020-12-16T00:31:21Z</time><extensions><speed>3.302348</speed><course>196.131943</course><hAcc>0.832044</hAcc><vAcc>0.598479</vAcc></extensions></trkpt>
      <trkpt lon="-123.279806" lat="44.563008"><ele>72.397919</ele><time>2020-12-16T00:31:22Z</time><extensions><speed>3.321052</speed><course>200.286255</course><hAcc>0.829646</hAcc><vAcc>0.597165</vAcc></extensions></trkpt>
      <trkpt lon="-123.279809" lat="44.563038"><ele>72.419342</ele><time>2020-12-16T00:31:23Z</time><extensions><speed>3.332970</speed><course>201.251785</course><hAcc>0.825290</hAcc><vAcc>0.594693</vAcc></extensions></trkpt>
      <trkpt lon="-123.279811" lat="44.563068"><ele>72.439651</ele><time>2020-12-16T00:31:24Z</time><extensions><speed>3.337291</speed><course>202.202698</course><hAcc>0.819316</hAcc><vAcc>0.591240</vAcc></extensions></trkpt>
      <trkpt lon="-123.279815" lat="44.563097"><ele>72.458298</ele><time>2020-12-16T00:31:25Z</time><extensions><speed>3.333537</speed><course>196.895386</course><hAcc>0.812553</hAcc><vAcc>0.587269</vAcc></extensions></trkpt>
      <trkpt lon="-123.279819" lat="44.563127"><ele>72.475418</ele><time>2020-12-16T00:31:26Z</time><extensions><speed>3.321879</speed><course>193.223190</course><hAcc>0.805786</hAcc><vAcc>0.583226</vAcc></extensions></trkpt>
      <trkpt lon="-123.279824" lat="44.563157"><ele>72.491669</ele><time>2020-12-16T00:31:27Z</time><extensions><speed>3.303130</speed><course>185.192734</course><hAcc>0.799581</hAcc><vAcc>0.579451</vAcc></extensions></trkpt>
      <trkpt lon="-123.279830" lat="44.563186"><ele>72.507843</ele><time>2020-12-16T00:31:28Z</time><extensions><speed>3.278744</speed><course>196.831329</course><hAcc>0.794517</hAcc><vAcc>0.576333</vAcc></extensions></trkpt>
      <trkpt lon="-123.279838" lat="44.563215"><ele>72.524719</ele><time>2020-12-16T00:31:29Z</time><extensions><speed>3.250090</speed><course>197.365341</course><hAcc>0.791580</hAcc><vAcc>0.574580</vAcc></extensions></trkpt>
      <trkpt lon="-123.279848" lat="44.563243"><ele>72.542999</ele><time>2020-12-16T00:31:30Z</time><extensions><speed>3.219319</speed><course>199.280273</course><hAcc>0.792708</hAcc><vAcc>0.575572</vAcc></extensions></trkpt>
      <trkpt lon="-123.279859" lat="44.563271"><ele>72.563255</ele><time>2020-12-16T00:31:31Z</time><extensions><speed>3.189018</speed><course>207.802399</course><hAcc>0.801394</hAcc><vAcc>0.581771</vAcc></extensions></trkpt>
      <trkpt lon="-123.279871" lat="44.563298"><ele>72.585747</ele><time>2020-12-16T00:31:32Z</time><extensions><speed>3.160922</speed><course>201.647430</course><hAcc>0.823167</hAcc><vAcc>0.597041</vAcc></extensions></trkpt>
      <trkpt lon="-123.279885" lat="44.563325"><ele>72.610413</ele><time>2020-12-16T00:31:33Z</time><extensions><speed>3.136396</speed><course>194.151199</course><hAcc>0.865534</hAcc><vAcc>0.626615</vAcc></extensions></trkpt>
      <trkpt lon="-123.279923" lat="44.563335"><ele>72.716606</ele><time>2020-12-16T00:31:34Z</time><extensions><speed>2.901052</speed><course>228.407959</course><hAcc>0.836191</hAcc><vAcc>0.603975</vAcc></extensions></trkpt>
      <trkpt lon="-123.279956" lat="44.563347"><ele>72.690247</ele><time>2020-12-16T00:31:35Z</time><extensions><speed>2.930744</speed><course>181.169235</course><hAcc>0.845089</hAcc><vAcc>0.607449</vAcc></extensions></trkpt>
      <trkpt lon="-123.279990" lat="44.563357"><ele>72.670891</ele><time>2020-12-16T00:31:36Z</time><extensions><speed>2.969179</speed><course>180.651520</course><hAcc>0.861638</hAcc><vAcc>0.616759</vAcc></extensions></trkpt>
      <trkpt lon="-123.280026" lat="44.563366"><ele>72.657425</ele><time>2020-12-16T00:31:37Z</time><extensions><speed>3.014783</speed><course>177.246353</course><hAcc>0.879774</hAcc><vAcc>0.627619</vAcc></extensions></trkpt>
      <trkpt lon="-123.280062" lat="44.563374"><ele>72.648666</ele><time>2020-12-16T00:31:38Z</time><extensions><speed>3.065339</speed><course>181.165649</course><hAcc>0.896051</hAcc><vAcc>0.637557</vAcc></extensions></trkpt>
      <trkpt lon="-123.280100" lat="44.563380"><ele>72.643837</ele><time>2020-12-16T00:31:39Z</time><extensions><speed>3.117829</speed><course>180.461334</course><hAcc>0.908976</hAcc><vAcc>0.645460</vAcc></extensions></trkpt>
      <trkpt lon="-123.280139" lat="44.563385"><ele>72.642387</ele><time>2020-12-16T00:31:40Z</time><extensions><speed>3.168889</speed><course>166.536957</course><hAcc>0.918241</hAcc><vAcc>0.651054</vAcc></extensions></trkpt>
      <trkpt lon="-123.280179" lat="44.563389"><ele>72.643913</ele><time>2020-12-16T00:31:41Z</time><extensions><speed>3.215585</speed><course>136.963715</course><hAcc>0.924183</hAcc><vAcc>0.654526</vAcc></extensions></trkpt>
      <trkpt lon="-123.280220" lat="44.563392"><ele>72.648239</ele><time>2020-12-16T00:31:42Z</time><extensions><speed>3.255933</speed><course>119.000587</course><hAcc>0.927428</hAcc><vAcc>0.656272</vAcc></extensions></trkpt>
      <trkpt lon="-123.280261" lat="44.563395"><ele>72.655602</ele><time>2020-12-16T00:31:43Z</time><extensions><speed>3.288747</speed><course>105.829887</course><hAcc>0.928677</hAcc><vAcc>0.656751</vAcc></extensions></trkpt>
      <trkpt lon="-123.280302" lat="44.563397"><ele>72.666496</ele><time>2020-12-16T00:31:44Z</time><extensions><speed>3.313391</speed><course>127.759743</course><hAcc>0.928585</hAcc><vAcc>0.656394</vAcc></extensions></trkpt>
      <trkpt lon="-123.280344" lat="44.563398"><ele>72.681114</ele><time>2020-12-16T00:31:45Z</time><extensions><speed>3.329621</speed><course>108.017120</course><hAcc>0.927700</hAcc><vAcc>0.655562</vAcc></extensions></trkpt>
      <trkpt lon="-123.280386" lat="44.563399"><ele>72.699074</ele><time>2020-12-16T00:31:46Z</time><extensions><speed>3.337467</speed><course>127.930283</course><hAcc>0.926440</hAcc><vAcc>0.654529</vAcc></extensions></trkpt>
      <trkpt lon="-123.280428" lat="44.563400"><ele>72.719543</ele><time>2020-12-16T00:31:47Z</time><extensions><speed>3.337251</speed><course>151.003036</course><hAcc>0.925099</hAcc><vAcc>0.653483</vAcc></extensions></trkpt>
      <trkpt lon="-123.280470" lat="44.563400"><ele>72.741577</ele><time>2020-12-16T00:31:48Z</time><extensions><speed>3.329197</speed><course>205.222900</course><hAcc>0.923862</hAcc><vAcc>0.652543</vAcc></extensions></trkpt>
      <trkpt lon="-123.280512" lat="44.563401"><ele>72.764290</ele><time>2020-12-16T00:31:49Z</time><extensions><speed>3.313530</speed><course>212.527908</course><hAcc>0.922828</hAcc><vAcc>0.651767</vAcc></extensions></trkpt>
      <trkpt lon="-123.280553" lat="44.563401"><ele>72.786736</ele><time>2020-12-16T00:31:50Z</time><extensions><speed>3.290984</speed><course>202.827469</course><hAcc>0.922031</hAcc><vAcc>0.651172</vAcc></extensions></trkpt>
      <trkpt lon="-123.280594" lat="44.563402"><ele>72.807884</ele><time>2020-12-16T00:31:51Z</time><extensions><speed>3.262381</speed><course>194.322556</course><hAcc>0.921461</hAcc><vAcc>0.650747</vAcc></extensions></trkpt>
      <trkpt lon="-123.280635" lat="44.563402"><ele>72.826675</ele><time>2020-12-16T00:31:52Z</time><extensions><speed>3.228755</speed><course>219.056519</course><hAcc>0.921080</hAcc><vAcc>0.650462</vAcc></extensions></trkpt>
      <trkpt lon="-123.280676" lat="44.563402"><ele>72.842209</ele><time>2020-12-16T00:31:53Z</time><extensions><speed>3.191950</speed><course>209.466431</course><hAcc>0.920824</hAcc><vAcc>0.650273</vAcc></extensions></trkpt>
      <trkpt lon="-123.280716" lat="44.563401"><ele>72.854019</ele><time>2020-12-16T00:31:54Z</time><extensions><speed>3.154170</speed><course>210.578140</course><hAcc>0.920613</hAcc><vAcc>0.650126</vAcc></extensions></trkpt>
      <trkpt lon="-123.280755" lat="44.563401"><ele>72.862190</ele><time>2020-12-16T00:31:55Z</time><extensions><speed>3.117321</speed><course>202.670120</course><hAcc>0.920348</hAcc><vAcc>0.649959</vAcc></extensions></trkpt>
      <trkpt lon="-123.280794" lat="44.563400"><ele>72.867264</ele><time>2020-12-16T00:31:56Z</time><extensions><speed>3.082722</speed><course>187.536926</course><hAcc>0.919909</hAcc><vAcc>0.649697</vAcc></extensions></trkpt>
      <trkpt lon="-123.280833" lat="44.563399"><ele>72.869987</ele><time>2020-12-16T00:31:57Z</time><extensions><speed>3.050805</speed><course>196.594711</course><hAcc>0.919151</hAcc><vAcc>0.649251</vAcc></extensions></trkpt>
      <trkpt lon="-123.280871" lat="44.563398"><ele>72.871117</ele><time>2020-12-16T00:31:58Z</time><extensions><speed>3.021402</speed><course>198.213242</course><hAcc>0.917899</hAcc><vAcc>0.648519</vAcc></extensions></trkpt>
      <trkpt lon="-123.280909" lat="44.563397"><ele>72.871300</ele><time>2020-12-16T00:31:59Z</time><extensions><speed>2.994298</speed><course>199.069733</course><hAcc>0.915956</hAcc><vAcc>0.647383</vAcc></extensions></trkpt>
      <trkpt lon="-123.280946" lat="44.563396"><ele>72.870972</ele><time>2020-12-16T00:32:00Z</time><extensions><speed>2.969654</speed><course>202.819763</course><hAcc>0.913107</hAcc><vAcc>0.645717</vAcc></extensions></trkpt>
      <trkpt lon="-123.280983" lat="44.563394"><ele>72.870338</ele><time>2020-12-16T00:32:01Z</time><extensions><speed>2.947829</speed><course>196.131943</course><hAcc>0.909139</hAcc><vAcc>0.643397</vAcc></extensions></trkpt>
      <trkpt lon="-123.281020" lat="44.563393"><ele>72.869560</ele><time>2020-12-16T00:32:02Z</time><extensions><speed>2.928675</speed><course>200.286255</course><hAcc>0.903874</hAcc><vAcc>0.640322</vAcc></extensions></trkpt>
      <trkpt lon="-123.281057" lat="44.563391"><ele>72.868919</ele><time>2020-12-16T00:32:03Z</time><extensions><speed>2.911788</speed><course>201.251785</course><hAcc>0.897221</hAcc><vAcc>0.636444</vAcc></extensions></trkpt>
      <trkpt lon="-123.281093" lat="44.563390"><ele>72.868729</ele><time>2020-12-16T00:32:04Z</time><extensions><speed>2.897161</speed><course>202.202698</course><hAcc>0.889243</hAcc><vAcc>0.631806</vAcc></extensions></trkpt>
      <trkpt lon="-123.281130" lat="44.563389"><ele>72.869225</ele><time>2020-12-16T00:32:05Z</time><extensions><speed>2.884607</speed><course>196.895386</course><hAcc>0.880241</hAcc><vAcc>0.626592</vAcc></extensions></trkpt>
      <trkpt lon="-123.281166" lat="44.563388"><ele>72.870415</ele><time>2020-12-16T00:32:06Z</time><extensions><speed>2.873511</speed><course>193.223190</course><hAcc>0.870849</hAcc><vAcc>0.621184</vAcc></extensions></trkpt>
      <trkpt lon="-123.281202" lat="44.563387"><ele>72.871971</ele><time>2020-12-16T00:32:07Z</time><extensions><speed>2.863413</speed><course>185.192734</course><hAcc>0.862113</hAcc><vAcc>0.616198</vAcc></extensions></trkpt>
      <trkpt lon="-123.281238" lat="44.563386"><ele>72.873268</ele><time>2020-12-16T00:32:08Z</time><extensions><speed>2.853882</speed><course>196.831329</course><hAcc>0.855507</hAcc><vAcc>0.612497</vAcc></extensions></trkpt>
      <trkpt lon="-123.281274" lat="44.563386"><ele>72.873558</ele><time>2020-12-16T00:32:09Z</time><extensions><speed>2.844115</speed><course>197.365341</course><hAcc>0.852590</hAcc><vAcc>0.610990</vAcc></extensions></trkpt>
      <trkpt lon="-123.281310" lat="44.563385"><ele>72.872360</ele><time>2020-12-16T00:32:10Z</time><extensions><speed>2.833416</speed><course>199.280273</course><hAcc>0.854319</hAcc><vAcc>0.612230</vAcc></extensions></trkpt>
      <trkpt lon="-123.281345" lat="44.563385"><ele>72.869865</ele><time>2020-12-16T00:32:11Z</time><extensions><speed>2.821760</speed><course>207.802399</course><hAcc>0.860660</hAcc><vAcc>0.616191</vAcc></extensions></trkpt>
      <trkpt lon="-123.281381" lat="44.563384"><ele>72.866791</ele><time>2020-12-16T00:32:12Z</time><extensions><speed>2.809672</speed><course>201.647430</course><hAcc>0.870572</hAcc><vAcc>0.622258</vAcc></extensions></trkpt>
      <trkpt lon="-123.281416" lat="44.563383"><ele>72.864067</ele><time>2020-12-16T00:32:13Z</time><extensions><speed>2.797693</speed><course>194.151199</course><hAcc>0.882381</hAcc><vAcc>0.629441</vAcc></extensions></trkpt>
      <trkpt lon="-123.281451" lat="44.563382"><ele>72.862450</ele><time>2020-12-16T00:32:14Z</time><extensions><speed>2.785880</speed><course>195.794388</course><hAcc>0.894461</hAcc><vAcc>0.636764</vAcc></extensions></trkpt>
      <trkpt lon="-123.281486" lat="44.563381"><ele>72.862312</ele><time>2020-12-16T00:32:15Z</time><extensions><speed>2.774437</speed><course>186.656586</course><hAcc>0.905595</hAcc><vAcc>0.643489</vAcc></extensions></trkpt>
      <trkpt lon="-123.281521" lat="44.563378"><ele>72.863632</ele><time>2020-12-16T00:32:16Z</time><extensions><speed>2.763568</speed><course>189.850922</course><hAcc>0.915014</hAcc><vAcc>0.649139</vAcc></extensions></trkpt>
      <trkpt lon="-123.281555" lat="44.563375"><ele>72.866127</ele><time>2020-12-16T00:32:17Z</time><extensions><speed>2.753096</speed><course>207.413498</course><hAcc>0.922428</hAcc><vAcc>0.653533</vAcc></extensions></trkpt>
      <trkpt lon="-123.281589" lat="44.563371"><ele>72.869400</ele><time>2020-12-16T00:32:18Z</time><extensions><speed>2.743158</speed><course>204.757538</course><hAcc>0.928111</hAcc><vAcc>0.656867</vAcc></extensions></trkpt>
      <trkpt lon="-123.281623" lat="44.563367"><ele>72.872948</ele><time>2020-12-16T00:32:19Z</time><extensions><speed>2.734607</speed><course>206.813416</course><hAcc>0.933096</hAcc><vAcc>0.659854</vAcc></extensions></trkpt>
      <trkpt lon="-123.281657" lat="44.563361"><ele>72.876167</ele><time>2020-12-16T00:32:20Z</time><extensions><speed>2.728623</speed><course>192.396255</course><hAcc>0.939472</hAcc><vAcc>0.663947</vAcc></extensions></trkpt>
      <trkpt lon="-123.281689" lat="44.563354"><ele>72.878456</ele><time>2020-12-16T00:32:21Z</time><extensions><speed>2.725853</speed><course>197.168304</course><hAcc>0.950772</hAcc><vAcc>0.671618</vAcc></extensions></trkpt>
      <trkpt lon="-123.281722" lat="44.563346"><ele>72.879311</ele><time>2020-12-16T00:32:22Z</time><extensions><speed>2.725815</speed><course>191.501495</course><hAcc>0.972307</hAcc><vAcc>0.686598</vAcc></extensions></trkpt>
      <trkpt lon="-123.281754" lat="44.563338"><ele>72.878456</ele><time>2020-12-16T00:32:23Z</time><extensions><speed>2.727236</speed><course>193.484879</course><hAcc>1.011187</hAcc><vAcc>0.713897</vAcc></extensions></trkpt>
      <trkpt lon="-123.281777" lat="44.563317"><ele>72.868896</ele><time>2020-12-16T00:32:24Z</time><extensions><speed>2.887840</speed><course>228.407959</course><hAcc>0.964249</hAcc><vAcc>0.681565</vAcc></extensions></trkpt>
      <trkpt lon="-123.281794" lat="44.563294"><ele>72.852463</ele><time>2020-12-16T00:32:25Z</time><extensions><speed>2.907211</speed><course>181.169235</course><hAcc>0.938446</hAcc><vAcc>0.663966</vAcc></extensions></trkpt>
      <trkpt lon="-123.281810" lat="44.563271"><ele>72.835915</ele><time>2020-12-16T00:32:26Z</time><extensions><speed>2.929205</speed><course>180.651520</course><hAcc>0.923493</hAcc><vAcc>0.654187</vAcc></extensions></trkpt>
      <trkpt lon="-123.281825" lat="44.563246"><ele>72.819786</ele><time>2020-12-16T00:32:27Z</time><extensions><speed>2.953434</speed><course>177.246353</course><hAcc>0.913546</hAcc><vAcc>0.648099</vAcc></extensions></trkpt>
      <trkpt lon="-123.281838" lat="44.563221"><ele>72.804695</ele><time>2020-12-16T00:32:28Z</time><extensions><speed>2.979069</speed><course>181.165649</course><hAcc>0.904851</hAcc><vAcc>0.643044</vAcc></extensions></trkpt>
      <trkpt lon="-123.281849" lat="44.563196"><ele>72.791229</ele><time>2020-12-16T00:32:29Z</time><extensions><speed>3.005213</speed><course>180.461334</course><hAcc>0.895422</hAcc><vAcc>0.637600</vAcc></extensions></trkpt>
      <trkpt lon="-123.281859" lat="44.563169"><ele>72.779709</ele><time>2020-12-16T00:32:30Z</time><extensions><speed>3.031013</speed><course>166.536957</course><hAcc>0.884642</hAcc><vAcc>0.631282</vAcc></extensions></trkpt>
      <trkpt lon="-123.281868" lat="44.563143"><ele>72.770134</ele><time>2020-12-16T00:32:31Z</time><extensions><speed>3.055702</speed><course>136.963715</course><hAcc>0.872914</hAcc><vAcc>0.624289</vAcc></extensions></trkpt>
      <trkpt lon="-123.281875" lat="44.563116"><ele>72.762314</ele><time>2020-12-16T00:32:32Z</time><extensions><speed>3.079011</speed><course>119.000587</course><hAcc>0.861387</hAcc><vAcc>0.617298</vAcc></extensions></trkpt>
      <trkpt lon="-123.281881" lat="44.563088"><ele>72.756088</ele><time>2020-12-16T00:32:33Z</time><extensions><speed>3.101208</speed><course>105.829887</course><hAcc>0.851433</hAcc><vAcc>0.611140</vAcc></extensions></trkpt>
      <trkpt lon="-123.281886" lat="44.563060"><ele>72.751297</ele><time>2020-12-16T00:32:34Z</time><extensions><speed>3.122373</speed><course>127.759743</course><hAcc>0.843887</hAcc><vAcc>0.606341</vAcc></extensions></trkpt>
      <trkpt lon="-123.281891" lat="44.563032"><ele>72.747627</ele><time>2020-12-16T00:32:35Z</time><extensions><speed>3.142221</speed><course>108.017120</course><hAcc>0.838676</hAcc><vAcc>0.602896</vAcc></extensions></trkpt>
      <trkpt lon="-123.281894" lat="44.563004"><ele>72.744522</ele><time>2020-12-16T00:32:36Z</time><extensions><speed>3.160523</speed><course>127.930283</course><hAcc>0.834866</hAcc><vAcc>0.600294</vAcc></extensions></trkpt>
      <trkpt lon="-123.281897" lat="44.562976"><ele>72.741386</ele><time>2020-12-16T00:32:37Z</time><extensions><speed>3.176872</speed><course>151.003036</course><hAcc>0.831110</hAcc><vAcc>0.597780</vAcc></extensions></trkpt>
      <trkpt lon="-123.281899" lat="44.562947"><ele>72.737808</ele><time>2020-12-16T00:32:38Z</time><extensions><speed>3.190109</speed><course>205.222900</course><hAcc>0.826425</hAcc><vAcc>0.594798</vAcc></extensions></trkpt>
      <trkpt lon="-123.281901" lat="44.562918"><ele>72.733589</ele><time>2020-12-16T00:32:39Z</time><extensions><speed>3.198334</speed><course>212.527908</course><hAcc>0.820638</hAcc><vAcc>0.591265</vAcc></extensions></trkpt>
      <trkpt lon="-123.281902" lat="44.562890"><ele>72.728790</ele><time>2020-12-16T00:32:40Z</time><extensions><speed>3.199438</speed><course>202.827469</course><hAcc>0.814469</hAcc><vAcc>0.587611</vAcc></extensions></trkpt>
      <trkpt lon="-123.281903" lat="44.562861"><ele>72.723663</ele><time>2020-12-16T00:32:41Z</time><extensions><speed>3.191090</speed><course>194.322556</course><hAcc>0.809242</hAcc><vAcc>0.584615</vAcc></extensions></trkpt>
      <trkpt lon="-123.281904" lat="44.562832"><ele>72.718620</ele><time>2020-12-16T00:32:42Z</time><extensions><speed>3.170810</speed><course>219.056519</course><hAcc>0.806275</hAcc><vAcc>0.583046</vAcc></extensions></trkpt>
      <trkpt lon="-123.281905" lat="44.562804"><ele>72.714035</ele><time>2020-12-16T00:32:43Z</time><extensions><speed>3.136202</speed><course>209.466431</course><hAcc>0.806526</hAcc><vAcc>0.583449</vAcc></extensions></trkpt>
      <trkpt lon="-123.281906" lat="44.562776"><ele>72.710037</ele><time>2020-12-16T00:32:44Z</time><extensions><speed>3.084926</speed><course>210.578140</course><hAcc>0.810534</hAcc><vAcc>0.586114</vAcc></extensions></trkpt>
      <trkpt lon="-123.281907" lat="44.562748"><ele>72.706589</ele><time>2020-12-16T00:32:45Z</time><extensions><speed>3.015391</speed><course>202.670120</course><hAcc>0.818385</hAcc><vAcc>0.591055</vAcc></extensions></trkpt>
      <trkpt lon="-123.281908" lat="44.562722"><ele>72.703644</ele><time>2020-12-16T00:32:46Z</time><extensions><speed>2.927851</speed><course>187.536926</course><hAcc>0.829695</hAcc><vAcc>0.598007</vAcc></extensions></trkpt>
      <trkpt lon="-123.281909" lat="44.562696"><ele>72.701042</ele><time>2020-12-16T00:32:47Z</time><extensions><speed>2.824511</speed><course>196.594711</course><hAcc>0.843624</hAcc><vAcc>0.606440</vAcc></extensions></trkpt>
      <trkpt lon="-123.281909" lat="44.562671"><ele>72.698479</ele><time>2020-12-16T00:32:48Z</time><extensions><speed>2.708940</speed><course>198.213242</course><hAcc>0.858954</hAcc><vAcc>0.615623</vAcc></extensions></trkpt>
      <trkpt lon="-123.281910" lat="44.562647"><ele>72.695694</ele><time>2020-12-16T00:32:49Z</time><extensions><speed>2.584884</speed><course>199.069733</course><hAcc>0.874528</hAcc><vAcc>0.624905</vAcc></extensions></trkpt>
      <trkpt lon="-123.281911" lat="44.562624"><ele>72.692642</ele><time>2020-12-16T00:32:50Z</time><extensions><speed>2.456188</speed><course>202.819763</course><hAcc>0.890047</hAcc><vAcc>0.634211</vAcc></extensions></trkpt>
      <trkpt lon="-123.281911" lat="44.562603"><ele>72.689186</ele><time>2020-12-16T00:32:51Z</time><extensions><speed>2.327904</speed><course>196.131943</course><hAcc>0.906655</hAcc><vAcc>0.644432</vAcc></extensions></trkpt>
      <trkpt lon="-123.281911" lat="44.562583"><ele>72.684898</ele><time>2020-12-16T00:32:52Z</time><extensions><speed>2.206159</speed><course>200.286255</course><hAcc>0.927253</hAcc><vAcc>0.657663</vAcc></extensions></trkpt>
      <trkpt lon="-123.281912" lat="44.562563"><ele>72.679138</ele><time>2020-12-16T00:32:53Z</time><extensions><speed>2.097209</speed><course>201.251785</course><hAcc>0.956739</hAcc><vAcc>0.677391</vAcc></extensions></trkpt>
      <trkpt lon="-123.281912" lat="44.562545"><ele>72.671402</ele><time>2020-12-16T00:32:54Z</time><extensions><speed>2.005883</speed><course>202.202698</course><hAcc>1.001955</hAcc><vAcc>0.708466</vAcc></extensions></trkpt>
      <trkpt lon="-123.281912" lat="44.562536"><ele>72.701447</ele><time>2020-12-16T00:32:55Z</time><extensions><speed>0.653561</speed><course>228.407959</course><hAcc>0.971542</hAcc><vAcc>0.685862</vAcc></extensions></trkpt>
      <trkpt lon="-123.281911" lat="44.562530"><ele>72.711761</ele><time>2020-12-16T00:32:56Z</time><extensions><speed>0.602275</speed><course>181.169235</course><hAcc>0.950820</hAcc><vAcc>0.671269</vAcc></extensions></trkpt>
      <trkpt lon="-123.281910" lat="44.562525"><ele>72.721039</ele><time>2020-12-16T00:32:57Z</time><extensions><speed>0.544600</speed><course>180.651520</course><hAcc>0.942777</hAcc><vAcc>0.665590</vAcc></extensions></trkpt>
      <trkpt lon="-123.281909" lat="44.562521"><ele>72.729744</ele><time>2020-12-16T00:32:58Z</time><extensions><speed>0.482842</speed><course>177.246353</course><hAcc>0.941690</hAcc><vAcc>0.664775</vAcc></extensions></trkpt>
      <trkpt lon="-123.281908" lat="44.562517"><ele>72.738014</ele><time>2020-12-16T00:32:59Z</time><extensions><speed>0.419644</speed><course>181.165649</course><hAcc>0.943902</hAcc><vAcc>0.666232</vAcc></extensions></trkpt>
      <trkpt lon="-123.281907" lat="44.562513"><ele>72.745514</ele><time>2020-12-16T00:33:00Z</time><extensions><speed>0.357244</speed><course>180.461334</course><hAcc>0.947437</hAcc><vAcc>0.668553</vAcc></extensions></trkpt>
      <trkpt lon="-123.281906" lat="44.562510"><ele>72.751564</ele><time>2020-12-16T00:33:01Z</time><extensions><speed>0.297347</speed><course>166.536957</course><hAcc>0.951512</hAcc><vAcc>0.671168</vAcc></extensions></trkpt>
      <trkpt lon="-123.281906" lat="44.562508"><ele>72.755417</ele><time>2020-12-16T00:33:02Z</time><extensions><speed>0.241420</speed><course>136.963715</course><hAcc>0.956096</hAcc><vAcc>0.674036</vAcc></extensions></trkpt>
      <trkpt lon="-123.281905" lat="44.562506"><ele>72.756485</ele><time>2020-12-16T00:33:03Z</time><extensions><speed>0.190653</speed><course>119.000587</course><hAcc>0.961571</hAcc><vAcc>0.677404</vAcc></extensions></trkpt>
      <trkpt lon="-123.281905" lat="44.562505"><ele>72.754387</ele><time>2020-12-16T00:33:04Z</time><extensions><speed>0.145537</speed><course>105.829887</course><hAcc>0.968479</hAcc><vAcc>0.681632</vAcc></extensions></trkpt>
      <trkpt lon="-123.281904" lat="44.562504"><ele>72.748993</ele><time>2020-12-16T00:33:05Z</time><extensions><speed>0.106117</speed><course>127.759743</course><hAcc>0.977327</hAcc><vAcc>0.687062</vAcc></extensions></trkpt>
      <trkpt lon="-123.281904" lat="44.562503"><ele>72.740486</ele><time>2020-12-16T00:33:06Z</time><extensions><speed>0.072648</speed><course>108.017120</course><hAcc>0.988452</hAcc><vAcc>0.693927</vAcc></extensions></trkpt>
      <trkpt lon="-123.281903" lat="44.562502"><ele>72.729263</ele><time>2020-12-16T00:33:07Z</time><extensions><speed>0.046365</speed><course>127.930283</course><hAcc>1.001923</hAcc><vAcc>0.702284</vAcc></extensions></trkpt>
      <trkpt lon="-123.281903" lat="44.562502"><ele>72.715836</ele><time>2020-12-16T00:33:08Z</time><extensions><speed>0.031450</speed><course>151.003036</course><hAcc>1.017487</hAcc><vAcc>0.711985</vAcc></extensions></trkpt>
      <trkpt lon="-123.281903" lat="44.562502"><ele>72.700783</ele><time>2020-12-16T00:33:09Z</time><extensions><speed>0.032923</speed><course>205.222900</course><hAcc>1.034727</hAcc><vAcc>0.722779</vAcc></extensions></trkpt>
      <trkpt lon="-123.281902" lat="44.562502"><ele>72.684708</ele><time>2020-12-16T00:33:10Z</time><extensions><speed>0.043575</speed><course>212.527908</course><hAcc>1.053408</hAcc><vAcc>0.734533</vAcc></extensions></trkpt>
      <trkpt lon="-123.281902" lat="44.562503"><ele>72.668221</ele><time>2020-12-16T00:33:11Z</time><extensions><speed>0.055577</speed><course>202.827469</course><hAcc>1.073616</hAcc><vAcc>0.747328</vAcc></extensions></trkpt>
      <trkpt lon="-123.281901" lat="44.562503"><ele>72.651917</ele><time>2020-12-16T00:33:12Z</time><extensions><speed>0.066905</speed><course>194.322556</course><hAcc>1.095693</hAcc><vAcc>0.761415</vAcc></extensions></trkpt>
      <trkpt lon="-123.281901" lat="44.562504"><ele>72.636337</ele><time>2020-12-16T00:33:13Z</time><extensions><speed>0.077281</speed><course>219.056519</course><hAcc>1.120121</hAcc><vAcc>0.777135</vAcc></extensions></trkpt>
      <trkpt lon="-123.281900" lat="44.562504"><ele>72.621887</ele><time>2020-12-16T00:33:14Z</time><extensions><speed>0.086706</speed><course>209.466431</course><hAcc>1.147374</hAcc><vAcc>0.794827</vAcc></extensions></trkpt>
      <trkpt lon="-123.281899" lat="44.562505"><ele>72.608864</ele><time>2020-12-16T00:33:15Z</time><extensions><speed>0.095235</speed><course>210.578140</course><hAcc>1.177767</hAcc><vAcc>0.814719</vAcc></extensions></trkpt>
      <trkpt lon="-123.281899" lat="44.562506"><ele>72.597389</ele><time>2020-12-16T00:33:16Z</time><extensions><speed>0.102953</speed><course>202.670120</course><hAcc>1.211298</hAcc><vAcc>0.836820</vAcc></extensions></trkpt>
      <trkpt lon="-123.281898" lat="44.562506"><ele>72.587471</ele><time>2020-12-16T00:33:17Z</time><extensions><speed>0.109898</speed><course>187.536926</course><hAcc>1.247518</hAcc><vAcc>0.860829</vAcc></extensions></trkpt>
      <trkpt lon="-123.281897" lat="44.562507"><ele>72.578972</ele><time>2020-12-16T00:33:18Z</time><extensions><speed>0.116012</speed><course>196.594711</course><hAcc>1.285437</hAcc><vAcc>0.886070</vAcc></extensions></trkpt>
      <trkpt lon="-123.281896" lat="44.562508"><ele>72.571709</ele><time>2020-12-16T00:33:19Z</time><extensions><speed>0.121250</speed><course>198.213242</course><hAcc>1.323667</hAcc><vAcc>0.911584</vAcc></extensions></trkpt>
      <trkpt lon="-123.281895" lat="44.562509"><ele>72.565422</ele><time>2020-12-16T00:33:20Z</time><extensions><speed>0.125606</speed><course>199.069733</course><hAcc>1.360774</hAcc><vAcc>0.936381</vAcc></extensions></trkpt>
      <trkpt lon="-123.281894" lat="44.562510"><ele>72.559860</ele><time>2020-12-16T00:33:21Z</time><extensions><speed>0.129039</speed><course>202.819763</course><hAcc>1.395447</hAcc><vAcc>0.959543</vAcc></extensions></trkpt>
      <trkpt lon="-123.281893" lat="44.562511"><ele>72.554771</ele><time>2020-12-16T00:33:22Z</time><extensions><speed>0.131501</speed><course>196.131943</course><hAcc>1.426468</hAcc><vAcc>0.980214</vAcc></extensions></trkpt>
      <trkpt lon="-123.281892" lat="44.562511"><ele>72.549911</ele><time>2020-12-16T00:33:23Z</time><extensions><speed>0.132965</speed><course>200.286255</course><hAcc>1.452762</hAcc><vAcc>0.997631</vAcc></extensions></trkpt>
      <trkpt lon="-123.281891" lat="44.562512"><ele>72.545082</ele><time>2020-12-16T00:33:24Z</time><extensions><speed>0.133402</speed><course>201.251785</course><hAcc>1.473552</hAcc><vAcc>1.011234</vAcc></extensions></trkpt>
      <trkpt lon="-123.281890" lat="44.562513"><ele>72.540115</ele><time>2020-12-16T00:33:25Z</time><extensions><speed>0.132757</speed><course>202.202698</course><hAcc>1.488486</hAcc><vAcc>1.020773</vAcc></extensions></trkpt>
      <trkpt lon="-123.281889" lat="44.562514"><ele>72.534851</ele><time>2020-12-16T00:33:26Z</time><extensions><speed>0.130936</speed><course>196.895386</course><hAcc>1.497691</hAcc><vAcc>1.026341</vAcc></extensions></trkpt>
      <trkpt lon="-123.281888" lat="44.562515"><ele>72.529190</ele><time>2020-12-16T00:33:27Z</time><extensions><speed>0.127791</speed><course>193.223190</course><hAcc>1.501672</hAcc><vAcc>1.028305</vAcc></extensions></trkpt>
      <trkpt lon="-123.281887" lat="44.562516"><ele>72.523132</ele><time>2020-12-16T00:33:28Z</time><extensions><speed>0.123264</speed><course>185.192734</course><hAcc>1.501216</hAcc><vAcc>1.027231</vAcc></extensions></trkpt>
      <trkpt lon="-123.281886" lat="44.562517"><ele>72.516785</ele><time>2020-12-16T00:33:29Z</time><extensions><speed>0.117477</speed><course>196.831329</course><hAcc>1.497360</hAcc><vAcc>1.023863</vAcc></extensions></trkpt>
      <trkpt lon="-123.281885" lat="44.562518"><ele>72.510338</ele><time>2020-12-16T00:33:30Z</time><extensions><speed>0.110681</speed><course>197.365341</course><hAcc>1.491264</hAcc><vAcc>1.019032</vAcc></extensions></trkpt>
      <trkpt lon="-123.281885" lat="44.562519"><ele>72.503960</ele><time>2020-12-16T00:33:31Z</time><extensions><speed>0.103147</speed><course>199.280273</course><hAcc>1.483997</hAcc><vAcc>1.013501</vAcc></extensions></trkpt>
      <trkpt lon="-123.281884" lat="44.562520"><ele>72.497742</ele><time>2020-12-16T00:33:32Z</time><extensions><speed>0.095105</speed><course>207.802399</course><hAcc>1.476425</hAcc><vAcc>1.007880</vAcc></extensions></trkpt>
      <trkpt lon="-123.281883" lat="44.562520"><ele>72.491753</ele><time>2020-12-16T00:33:33Z</time><extensions><speed>0.086730</speed><course>201.647430</course><hAcc>1.469194</hAcc><vAcc>1.002621</vAcc></extensions></trkpt>
      <trkpt lon="-123.281883" lat="44.562521"><ele>72.486000</ele><time>2020-12-16T00:33:34Z</time><extensions><speed>0.078208</speed><course>194.151199</course><hAcc>1.462743</hAcc><vAcc>0.998026</vAcc></extensions></trkpt>
      <trkpt lon="-123.281882" lat="44.562521"><ele>72.480507</ele><time>2020-12-16T00:33:35Z</time><extensions><speed>0.069746</speed><course>195.794388</course><hAcc>1.457317</hAcc><vAcc>0.994254</vAcc></extensions></trkpt>
      <trkpt lon="-123.281882" lat="44.562522"><ele>72.475304</ele><time>2020-12-16T00:33:36Z</time><extensions><speed>0.061512</speed><course>186.656586</course><hAcc>1.452991</hAcc><vAcc>0.991347</vAcc></extensions></trkpt>
      <trkpt lon="-123.281881" lat="44.562522"><ele>72.470390</ele><time>2020-12-16T00:33:37Z</time><extensions><speed>0.053636</speed><course>189.850922</course><hAcc>1.449703</hAcc><vAcc>0.989248</vAcc></extensions></trkpt>
      <trkpt lon="-123.281881" lat="44.562523"><ele>72.465790</ele><time>2020-12-16T00:33:38Z</time><extensions><speed>0.046217</speed><course>207.413498</course><hAcc>1.447286</hAcc><vAcc>0.987823</vAcc></extensions></trkpt>
      <trkpt lon="-123.281880" lat="44.562523"><ele>72.461510</ele><time>2020-12-16T00:33:39Z</time><extensions><speed>0.039324</speed><course>204.757538</course><hAcc>1.445511</hAcc><vAcc>0.986894</vAcc></extensions></trkpt>
      <trkpt lon="-123.281880" lat="44.562523"><ele>72.457565</ele><time>2020-12-16T00:33:40Z</time><extensions><speed>0.033004</speed><course>206.813416</course><hAcc>1.444126</hAcc><vAcc>0.986261</vAcc></extensions></trkpt>
      <trkpt lon="-123.281880" lat="44.562523"><ele>72.453949</ele><time>2020-12-16T00:33:41Z</time><extensions><speed>0.027283</speed><course>192.396255</course><hAcc>1.442919</hAcc><vAcc>0.985743</vAcc></extensions></trkpt>
      <trkpt lon="-123.281880" lat="44.562523"><ele>72.450653</ele><time>2020-12-16T00:33:42Z</time><extensions><speed>0.022170</speed><course>197.168304</course><hAcc>1.441772</hAcc><vAcc>0.985220</vAcc></extensions></trkpt>
      <trkpt lon="-123.281879" lat="44.562524"><ele>72.447685</ele><time>2020-12-16T00:33:43Z</time><extensions><speed>0.017663</speed><course>191.501495</course><hAcc>1.440755</hAcc><vAcc>0.984689</vAcc></extensions></trkpt>
      <trkpt lon="-123.281879" lat="44.562524"><ele>72.445015</ele><time>2020-12-16T00:33:44Z</time><extensions><speed>0.013749</speed><course>193.484879</course><hAcc>1.440224</hAcc><vAcc>0.984334</vAcc></extensions></trkpt>
      <trkpt lon="-123.281879" lat="44.562524"><ele>72.442642</ele><time>2020-12-16T00:33:45Z</time><extensions><speed>0.010411</speed><course>196.994720</course><hAcc>1.440951</hAcc><vAcc>0.984620</vAcc></extensions></trkpt>
      <trkpt lon="-123.281879" lat="44.562524"><ele>72.440529</ele><time>2020-12-16T00:33:46Z</time><extensions><speed>0.007635</speed><course>200.600067</course><hAcc>1.444275</hAcc><vAcc>0.986398</vAcc></extensions></trkpt>
      <trkpt lon="-123.281879" lat="44.562524"><ele>72.438660</ele><time>2020-12-16T00:33:47Z</time><extensions><speed>0.005419</speed><course>198.436539</course><hAcc>1.452263</hAcc><vAcc>0.991034</vAcc></extensions></trkpt>
      <trkpt lon="-123.281879" lat="44.562524"><ele>72.437004</ele><time>2020-12-16T00:33:48Z</time><extensions><speed>0.003794</speed><course>192.879364</course><hAcc>1.467857</hAcc><vAcc>1.000518</vAcc></extensions></trkpt>
      <trkpt lon="-123.281879" lat="44.562524"><ele>72.435539</ele><time>2020-12-16T00:33:49Z</time><extensions><speed>0.002841</speed><course>201.946960</course><hAcc>1.494933</hAcc><vAcc>1.017541</vAcc></extensions></trkpt>
      <trkpt lon="-123.281879" lat="44.562524"><ele>72.434235</ele><time>2020-12-16T00:33:50Z</time><extensions><speed>0.002577</speed><course>182.119858</course><hAcc>1.538231</hAcc><vAcc>1.045458</vAcc></extensions></trkpt>
      <trkpt lon="-123.281879" lat="44.562524"><ele>72.433067</ele><time>2020-12-16T00:33:51Z</time><extensions><speed>0.002756</speed><course>196.295090</course><hAcc>1.603048</hAcc><vAcc>1.088102</vAcc></extensions></trkpt>
      <trkpt lon="-123.281879" lat="44.562524"><ele>72.431999</ele><time>2020-12-16T00:33:52Z</time><extensions><speed>0.003061</speed><course>201.265747</course><hAcc>1.694727</hAcc><vAcc>1.149412</vAcc></extensions></trkpt>
      <trkpt lon="-123.281879" lat="44.562523"><ele>72.456566</ele><time>2020-12-16T00:33:53Z</time><extensions><speed>0.026769</speed><course>228.407959</course><hAcc>1.626385</hAcc><vAcc>1.102621</vAcc></extensions></trkpt>
      <trkpt lon="-123.281879" lat="44.562523"><ele>72.457428</ele><time>2020-12-16T00:33:54Z</time><extensions><speed>0.027550</speed><course>181.169235</course><hAcc>1.569533</hAcc><vAcc>1.065096</vAcc></extensions></trkpt>
      <trkpt lon="-123.281879" lat="44.562522"><ele>72.458130</ele><time>2020-12-16T00:33:55Z</time><extensions><speed>0.028437</speed><course>180.651520</course><hAcc>1.539170</hAcc><vAcc>1.045688</vAcc></extensions></trkpt>
      <trkpt lon="-123.281879" lat="44.562522"><ele>72.458618</ele><time>2020-12-16T00:33:56Z</time><extensions><speed>0.029378</speed><course>177.246353</course><hAcc>1.529512</hAcc><vAcc>1.040218</vAcc></extensions></trkpt>
      <trkpt lon="-123.281879" lat="44.562522"><ele>72.458855</ele><time>2020-12-16T00:33:57Z</time><extensions><speed>0.030303</speed><course>181.165649</course><hAcc>1.535208</hAcc><vAcc>1.044911</vAcc></extensions></trkpt>
      <trkpt lon="-123.281879" lat="44.562522"><ele>72.458794</ele><time>2020-12-16T00:33:58Z</time><extensions><speed>0.031127</speed><course>180.461334</course><hAcc>1.551730</hAcc><vAcc>1.056644</vAcc></extensions></trkpt>
      <trkpt lon="-123.281878" lat="44.562521"><ele>72.458374</ele><time>2020-12-16T00:33:59Z</time><extensions><speed>0.031743</speed><course>166.536957</course><hAcc>1.575481</hAcc><vAcc>1.072990</vAcc></extensions></trkpt>
      <trkpt lon="-123.281878" lat="44.562521"><ele>72.457565</ele><time>2020-12-16T00:34:00Z</time><extensions><speed>0.032029</speed><course>136.963715</course><hAcc>1.603695</hAcc><vAcc>1.092119</vAcc></extensions></trkpt>
      <trkpt lon="-123.281878" lat="44.562521"><ele>72.456306</ele><time>2020-12-16T00:34:01Z</time><extensions><speed>0.031842</speed><course>119.000587</course><hAcc>1.634255</hAcc><vAcc>1.112646</vAcc></extensions></trkpt>
      <trkpt lon="-123.281878" lat="44.562521"><ele>72.454559</ele><time>2020-12-16T00:34:02Z</time><extensions><speed>0.031054</speed><course>105.829887</course><hAcc>1.665587</hAcc><vAcc>1.133554</vAcc></extensions></trkpt>
      <trkpt lon="-123.281878" lat="44.562520"><ele>72.452293</ele><time>2020-12-16T00:34:03Z</time><extensions><speed>0.029559</speed><course>127.759743</course><hAcc>1.696669</hAcc><vAcc>1.154197</vAcc></extensions></trkpt>
      <trkpt lon="-123.281878" lat="44.562520"><ele>72.449478</ele><time>2020-12-16T00:34:04Z</time><extensions><speed>0.027241</speed><course>108.017120</course><hAcc>1.726972</hAcc><vAcc>1.174260</vAcc></extensions></trkpt>
      <trkpt lon="-123.281877" lat="44.562520"><ele>72.446083</ele><time>2020-12-16T00:34:05Z</time><extensions><speed>0.023978</speed><course>127.930283</course><hAcc>1.756328</hAcc><vAcc>1.193668</vAcc></extensions></trkpt>
      <trkpt lon="-123.281877" lat="44.562520"><ele>72.442108</ele><time>2020-12-16T00:34:06Z</time><extensions><speed>0.019656</speed><course>151.003036</course><hAcc>1.784820</hAcc><vAcc>1.212510</vAcc></extensions></trkpt>
      <trkpt lon="-123.281877" lat="44.562520"><ele>72.437561</ele><time>2020-12-16T00:34:07Z</time><extensions><speed>0.014209</speed><course>205.222900</course><hAcc>1.812698</hAcc><vAcc>1.230983</vAcc></extensions></trkpt>
      <trkpt lon="-123.281877" lat="44.562520"><ele>72.432442</ele><time>2020-12-16T00:34:08Z</time><extensions><speed>0.007920</speed><course>212.527908</course><hAcc>1.840323</hAcc><vAcc>1.249348</vAcc></extensions></trkpt>
      <trkpt lon="-123.281877" lat="44.562520"><ele>72.426796</ele><time>2020-12-16T00:34:09Z</time><extensions><speed>0.005512</speed><course>202.827469</course><hAcc>1.868122</hAcc><vAcc>1.267908</vAcc></extensions></trkpt>
      <trkpt lon="-123.281877" lat="44.562520"><ele>72.420677</ele><time>2020-12-16T00:34:10Z</time><extensions><speed>0.013849</speed><course>194.322556</course><hAcc>1.896573</hAcc><vAcc>1.286997</vAcc></extensions></trkpt>
      <trkpt lon="-123.281877" lat="44.562520"><ele>72.414146</ele><time>2020-12-16T00:34:11Z</time><extensions><speed>0.025745</speed><course>219.056519</course><hAcc>1.926288</hAcc><vAcc>1.307044</vAcc></extensions></trkpt>
      <trkpt lon="-123.281877" lat="44.562520"><ele>72.407295</ele><time>2020-12-16T00:34:12Z</time><extensions><speed>0.039845</speed><course>209.466431</course><hAcc>1.958182</hAcc><vAcc>1.328706</vAcc></extensions></trkpt>
      <trkpt lon="-123.281878" lat="44.562521"><ele>72.392830</ele><time>2020-12-16T00:34:14Z</time><extensions><speed>0.108906</speed><course>210.578140</course><hAcc>1.980968</hAcc><vAcc>1.342888</vAcc></extensions></trkpt>
      <trkpt lon="-123.281878" lat="44.562522"><ele>72.385384</ele><time>2020-12-16T00:34:15Z</time><extensions><speed>0.129322</speed><course>202.670120</course><hAcc>1.975289</hAcc><vAcc>1.337829</vAcc></extensions></trkpt>
      <trkpt lon="-123.281879" lat="44.562524"><ele>72.378059</ele><time>2020-12-16T00:34:16Z</time><extensions><speed>0.151902</speed><course>187.536926</course><hAcc>1.977037</hAcc><vAcc>1.338120</vAcc></extensions></trkpt>
      <trkpt lon="-123.281879" lat="44.562525"><ele>72.371017</ele><time>2020-12-16T00:34:17Z</time><extensions><speed>0.176667</speed><course>196.594711</course><hAcc>1.986520</hAcc><vAcc>1.343975</vAcc></extensions></trkpt>
      <trkpt lon="-123.281880" lat="44.562527"><ele>72.364433</ele><time>2020-12-16T00:34:18Z</time><extensions><speed>0.203582</speed><course>198.213242</course><hAcc>2.003939</hAcc><vAcc>1.355531</vAcc></extensions></trkpt>
      <trkpt lon="-123.281881" lat="44.562528"><ele>72.358498</ele><time>2020-12-16T00:34:19Z</time><extensions><speed>0.232545</speed><course>199.069733</course><hAcc>2.029359</hAcc><vAcc>1.372827</vAcc></extensions></trkpt>
      <trkpt lon="-123.281882" lat="44.562531"><ele>72.353416</ele><time>2020-12-16T00:34:20Z</time><extensions><speed>0.263382</speed><course>202.819763</course><hAcc>2.062690</hAcc><vAcc>1.395791</vAcc></extensions></trkpt>
      <trkpt lon="-123.281883" lat="44.562533"><ele>72.349403</ele><time>2020-12-16T00:34:21Z</time><extensions><speed>0.295833</speed><course>196.131943</course><hAcc>2.103676</hAcc><vAcc>1.424230</vAcc></extensions></trkpt>
      <trkpt lon="-123.281885" lat="44.562536"><ele>72.346680</ele><time>2020-12-16T00:34:22Z</time><extensions><speed>0.329540</speed><course>200.286255</course><hAcc>2.151900</hAcc><vAcc>1.457835</vAcc></extensions></trkpt>
      <trkpt lon="-123.281888" lat="44.562542"><ele>72.349358</ele><time>2020-12-16T00:34:24Z</time><extensions><speed>0.469725</speed><course>201.251785</course><hAcc>2.217605</hAcc><vAcc>1.502851</vAcc></extensions></trkpt>
      <trkpt lon="-123.281890" lat="44.562546"><ele>72.355064</ele><time>2020-12-16T00:34:25Z</time><extensions><speed>0.505798</speed><course>202.202698</course><hAcc>2.236059</hAcc><vAcc>1.514927</vAcc></extensions></trkpt>
      <trkpt lon="-123.281893" lat="44.562551"><ele>72.362808</ele><time>2020-12-16T00:34:26Z</time><extensions><speed>0.542065</speed><course>196.895386</course><hAcc>2.261122</hAcc><vAcc>1.531653</vAcc></extensions></trkpt>
      <trkpt lon="-123.281895" lat="44.562555"><ele>72.372734</ele><time>2020-12-16T00:34:27Z</time><extensions><speed>0.578015</speed><course>193.223190</course><hAcc>2.292407</hAcc><vAcc>1.552748</vAcc></extensions></trkpt>
      <trkpt lon="-123.281898" lat="44.562560"><ele>72.384911</ele><time>2020-12-16T00:34:28Z</time><extensions><speed>0.613044</speed><course>185.192734</course><hAcc>2.329889</hAcc><vAcc>1.578203</vAcc></extensions></trkpt>
      <trkpt lon="-123.281901" lat="44.562566"><ele>72.399361</ele><time>2020-12-16T00:34:29Z</time><extensions><speed>0.646449</speed><course>196.831329</course><hAcc>2.373880</hAcc><vAcc>1.608263</vAcc></extensions></trkpt>
      <trkpt lon="-123.281904" lat="44.562571"><ele>72.416046</ele><time>2020-12-16T00:34:30Z</time><extensions><speed>0.677422</speed><course>197.365341</course><hAcc>2.424993</hAcc><vAcc>1.643399</vAcc></extensions></trkpt>
      <trkpt lon="-123.281908" lat="44.562577"><ele>72.434822</ele><time>2020-12-16T00:34:31Z</time><extensions><speed>0.705045</speed><course>199.280273</course><hAcc>2.484090</hAcc><vAcc>1.684269</vAcc></extensions></trkpt>
      <trkpt lon="-123.281911" lat="44.562583"><ele>72.455444</ele><time>2020-12-16T00:34:32Z</time><extensions><speed>0.728283</speed><course>207.802399</course><hAcc>2.552217</hAcc><vAcc>1.731664</vAcc></extensions></trkpt>
      <trkpt lon="-123.281915" lat="44.562589"><ele>72.477570</ele><time>2020-12-16T00:34:33Z</time><extensions><speed>0.745986</speed><course>201.647430</course><hAcc>2.630532</hAcc><vAcc>1.786457</vAcc></extensions></trkpt>
      <trkpt lon="-123.281932" lat="44.562613"><ele>72.561867</ele><time>2020-12-16T00:34:37Z</time><extensions><speed>0.746742</speed><course>194.151199</course><hAcc>2.626828</hAcc><vAcc>1.783525</vAcc></extensions></trkpt>
      <trkpt lon="-123.281937" lat="44.562618"><ele>72.580391</ele><time>2020-12-16T00:34:38Z</time><extensions><speed>0.729309</speed><course>195.794388</course><hAcc>2.546799</hAcc><vAcc>1.727378</vAcc></extensions></trkpt>
      <trkpt lon="-123.281942" lat="44.562624"><ele>72.597000</ele><time>2020-12-16T00:34:39Z</time><extensions><speed>0.705873</speed><course>186.656586</course><hAcc>2.477306</hAcc><vAcc>1.678902</vAcc></extensions></trkpt>
      <trkpt lon="-123.281947" lat="44.562629"><ele>72.611420</ele><time>2020-12-16T00:34:40Z</time><extensions><speed>0.677512</speed><course>189.850922</course><hAcc>2.417300</hAcc><vAcc>1.637314</vAcc></extensions></trkpt>
      <trkpt lon="-123.281951" lat="44.562634"><ele>72.623535</ele><time>2020-12-16T00:34:41Z</time><extensions><speed>0.645211</speed><course>207.413498</course><hAcc>2.365813</hAcc><vAcc>1.601886</vAcc></extensions></trkpt>
      <trkpt lon="-123.281956" lat="44.562639"><ele>72.633377</ele><time>2020-12-16T00:34:42Z</time><extensions><speed>0.609797</speed><course>204.757538</course><hAcc>2.322015</hAcc><vAcc>1.571996</vAcc></extensions></trkpt>
      <trkpt lon="-123.281961" lat="44.562643"><ele>72.641090</ele><time>2020-12-16T00:34:43Z</time><extensions><speed>0.571929</speed><course>206.813416</course><hAcc>2.285268</hAcc><vAcc>1.547163</vAcc></extensions></trkpt>
      <trkpt lon="-123.281965" lat="44.562647"><ele>72.646873</ele><time>2020-12-16T00:34:44Z</time><extensions><speed>0.532069</speed><course>192.396255</course><hAcc>2.255158</hAcc><vAcc>1.527075</vAcc></extensions></trkpt>
      <trkpt lon="-123.281969" lat="44.562650"><ele>72.650963</ele><time>2020-12-16T00:34:45Z</time><extensions><speed>0.490561</speed><course>197.168304</course><hAcc>2.231516</hAcc><vAcc>1.511606</vAcc></extensions></trkpt>
      <trkpt lon="-123.281973" lat="44.562653"><ele>72.653580</ele><time>2020-12-16T00:34:46Z</time><extensions><speed>0.447867</speed><course>191.501495</course><hAcc>2.214320</hAcc><vAcc>1.500740</vAcc></extensions></trkpt>
      <trkpt lon="-123.281977" lat="44.562656"><ele>72.654930</ele><time>2020-12-16T00:34:47Z</time><extensions><speed>0.404519</speed><course>193.484879</course><hAcc>2.203502</hAcc><vAcc>1.494424</vAcc></extensions></trkpt>
      <trkpt lon="-123.281983" lat="44.562660"><ele>72.652748</ele><time>2020-12-16T00:34:49Z</time><extensions><speed>0.234878</speed><course>196.994720</course><hAcc>2.147091</hAcc><vAcc>1.456795</vAcc></extensions></trkpt>
      <trkpt lon="-123.281985" lat="44.562661"><ele>72.649460</ele><time>2020-12-16T00:34:50Z</time><extensions><speed>0.196320</speed><course>200.600067</course><hAcc>2.098579</hAcc><vAcc>1.423391</vAcc></extensions></trkpt>
      <trkpt lon="-123.281987" lat="44.562661"><ele>72.645546</ele><time>2020-12-16T00:34:51Z</time><extensions><speed>0.162064</speed><course>198.436539</course><hAcc>2.053094</hAcc><vAcc>1.392113</vAcc></extensions></trkpt>
      <trkpt lon="-123.281989" lat="44.562661"><ele>72.641190</ele><time>2020-12-16T00:34:52Z</time><extensions><speed>0.135924</speed><course>192.879364</course><hAcc>2.010420</hAcc><vAcc>1.362796</vAcc></extensions></trkpt>
      <trkpt lon="-123.281991" lat="44.562661"><ele>72.636559</ele><time>2020-12-16T00:34:53Z</time><extensions><speed>0.123451</speed><course>201.946960</course><hAcc>1.970622</hAcc><vAcc>1.335485</vAcc></extensions></trkpt>
      <trkpt lon="-123.281992" lat="44.562660"><ele>72.631844</ele><time>2020-12-16T00:34:54Z</time><extensions><speed>0.128624</speed><course>182.119858</course><hAcc>1.933956</hAcc><vAcc>1.310368</vAcc></extensions></trkpt>
      <trkpt lon="-123.281993" lat="44.562659"><ele>72.627266</ele><time>2020-12-16T00:34:55Z</time><extensions><speed>0.149116</speed><course>196.295090</course><hAcc>1.900668</hAcc><vAcc>1.287626</vAcc></extensions></trkpt>
      <trkpt lon="-123.281994" lat="44.562658"><ele>72.623062</ele><time>2020-12-16T00:34:56Z</time><extensions><speed>0.179036</speed><course>201.265747</course><hAcc>1.870893</hAcc><vAcc>1.267357</vAcc></extensions></trkpt>
      <trkpt lon="-123.281994" lat="44.562656"><ele>72.619423</ele><time>2020-12-16T00:34:57Z</time><extensions><speed>0.213873</speed><course>200.241653</course><hAcc>1.844656</hAcc><vAcc>1.249575</vAcc></extensions></trkpt>
      <trkpt lon="-123.281994" lat="44.562654"><ele>72.616501</ele><time>2020-12-16T00:34:58Z</time><extensions><speed>0.251291</speed><course>205.512634</course><hAcc>1.821874</hAcc><vAcc>1.234218</vAcc></extensions></trkpt>
      <trkpt lon="-123.281994" lat="44.562652"><ele>72.614349</ele><time>2020-12-16T00:34:59Z</time><extensions><speed>0.290287</speed><course>200.752853</course><hAcc>1.802378</hAcc><vAcc>1.221158</vAcc></extensions></trkpt>
      <trkpt lon="-123.281993" lat="44.562649"><ele>72.612961</ele><time>2020-12-16T00:35:00Z</time><extensions><speed>0.330435</speed><course>200.287506</course><hAcc>1.785932</hAcc><vAcc>1.210218</vAcc></extensions></trkpt>
      <trkpt lon="-123.281992" lat="44.562646"><ele>72.612259</ele><time>2020-12-16T00:35:01Z</time><extensions><speed>0.371501</speed><course>205.994064</course><hAcc>1.772254</hAcc><vAcc>1.201191</vAcc></extensions></trkpt>
      <trkpt lon="-123.281991" lat="44.562642"><ele>72.612114</ele><time>2020-12-16T00:35:02Z</time><extensions><speed>0.413285</speed><course>200.171295</course><hAcc>1.761033</hAcc><vAcc>1.193848</vAcc></extensions></trkpt>
      <trkpt lon="-123.281989" lat="44.562639"><ele>72.612381</ele><time>2020-12-16T00:35:03Z</time><extensions><speed>0.455545</speed><course>199.193375</course><hAcc>1.751955</hAcc><vAcc>1.187962</vAcc></extensions></trkpt>
      <trkpt lon="-123.281987" lat="44.562634"><ele>72.612900</ele><time>2020-12-16T00:35:04Z</time><extensions><speed>0.497938</speed><course>198.711853</course><hAcc>1.744713</hAcc><vAcc>1.183310</vAcc></extensions></trkpt>
      <trkpt lon="-123.281985" lat="44.562630"><ele>72.613510</ele><time>2020-12-16T00:35:05Z</time><extensions><speed>0.539986</speed><course>198.433380</course><hAcc>1.739021</hAcc><vAcc>1.179688</vAcc></extensions></trkpt>
      <trkpt lon="-123.281983" lat="44.562625"><ele>72.614082</ele><time>2020-12-16T00:35:06Z</time><extensions><speed>0.581053</speed><course>186.496796</course><hAcc>1.734625</hAcc><vAcc>1.176915</vAcc></extensions></trkpt>
      <trkpt lon="-123.281980" lat="44.562620"><ele>72.614525</ele><time>2020-12-16T00:35:07Z</time><extensions><speed>0.620321</speed><course>188.972534</course><hAcc>1.731307</hAcc><vAcc>1.174837</vAcc></extensions></trkpt>
      <trkpt lon="-123.281977" lat="44.562615"><ele>72.614792</ele><time>2020-12-16T00:35:08Z</time><extensions><speed>0.656776</speed><course>206.511810</course><hAcc>1.728887</hAcc><vAcc>1.173328</vAcc></extensions></trkpt>
      <trkpt lon="-123.281974" lat="44.562609"><ele>72.614952</ele><time>2020-12-16T00:35:09Z</time><extensions><speed>0.689184</speed><course>198.365051</course><hAcc>1.727231</hAcc><vAcc>1.172294</vAcc></extensions></trkpt>
      <trkpt lon="-123.281970" lat="44.562604"><ele>72.615143</ele><time>2020-12-16T00:35:10Z</time><extensions><speed>0.716085</speed><course>194.554016</course><hAcc>1.726243</hAcc><vAcc>1.171672</vAcc></extensions></trkpt>
      <trkpt lon="-123.281966" lat="44.562598"><ele>72.615593</ele><time>2020-12-16T00:35:11Z</time><extensions><speed>0.736589</speed><course>196.530319</course><hAcc>1.725872</hAcc><vAcc>1.171425</vAcc></extensions></trkpt>
      <trkpt lon="-123.281962" lat="44.562592"><ele>72.616562</ele><time>2020-12-16T00:35:12Z</time><extensions><speed>0.750638</speed><course>197.778198</course><hAcc>1.726101</hAcc><vAcc>1.171547</vAcc></extensions></trkpt>
      <trkpt lon="-123.281958" lat="44.562586"><ele>72.618286</ele><time>2020-12-16T00:35:13Z</time><extensions><speed>0.758428</speed><course>201.115982</course><hAcc>1.726954</hAcc><vAcc>1.172057</vAcc></extensions></trkpt>
      <trkpt lon="-123.281953" lat="44.562580"><ele>72.621010</ele><time>2020-12-16T00:35:14Z</time><extensions><speed>0.760342</speed><course>188.736481</course><hAcc>1.728484</hAcc><vAcc>1.172997</vAcc></extensions></trkpt>
      <trkpt lon="-123.281949" lat="44.562574"><ele>72.624992</ele><time>2020-12-16T00:35:15Z</time><extensions><speed>0.756866</speed><course>191.047333</course><hAcc>1.730773</hAcc><vAcc>1.174430</vAcc></extensions></trkpt>
      <trkpt lon="-123.281944" lat="44.562568"><ele>72.630463</ele><time>2020-12-16T00:35:16Z</time><extensions><speed>0.748647</speed><course>199.345947</course><hAcc>1.733921</hAcc><vAcc>1.176434</vAcc></extensions></trkpt>
      <trkpt lon="-123.281940" lat="44.562562"><ele>72.637627</ele><time>2020-12-16T00:35:17Z</time><extensions><speed>0.736444</speed><course>208.964233</course><hAcc>1.738044</hAcc><vAcc>1.179100</vAcc></extensions></trkpt>
      <trkpt lon="-123.281935" lat="44.562556"><ele>72.646622</ele><time>2020-12-16T00:35:18Z</time><extensions><speed>0.720994</speed><course>197.093628</course><hAcc>1.743255</hAcc><vAcc>1.182519</vAcc></extensions></trkpt>
      <trkpt lon="-123.281931" lat="44.562551"><ele>72.657524</ele><time>2020-12-16T00:35:19Z</time><extensions><speed>0.703100</speed><course>194.898514</course><hAcc>1.749661</hAcc><vAcc>1.186779</vAcc></extensions></trkpt>
      <trkpt lon="-123.281926" lat="44.562545"><ele>72.670326</ele><time>2020-12-16T00:35:20Z</time><extensions><speed>0.683430</speed><course>199.538986</course><hAcc>1.757339</hAcc><vAcc>1.191950</vAcc></extensions></trkpt>
      <trkpt lon="-123.281921" lat="44.562540"><ele>72.684937</ele><time>2020-12-16T00:35:21Z</time><extensions><speed>0.662518</speed><course>197.535797</course><hAcc>1.766322</hAcc><vAcc>1.198074</vAcc></extensions></trkpt>
      <trkpt lon="-123.281917" lat="44.562535"><ele>72.701195</ele><time>2020-12-16T00:35:22Z</time><extensions><speed>0.640858</speed><course>207.627167</course><hAcc>1.776580</hAcc><vAcc>1.205145</vAcc></extensions></trkpt>
      <trkpt lon="-123.281912" lat="44.562531"><ele>72.718887</ele><time>2020-12-16T00:35:23Z</time><extensions><speed>0.618661</speed><course>200.060623</course><hAcc>1.787997</hAcc><vAcc>1.213100</vAcc></extensions></trkpt>
      <trkpt lon="-123.281907" lat="44.562526"><ele>72.737762</ele><time>2020-12-16T00:35:24Z</time><extensions><speed>0.595915</speed><course>200.333908</course><hAcc>1.800349</hAcc><vAcc>1.221796</vAcc></extensions></trkpt>
      <trkpt lon="-123.281903" lat="44.562522"><ele>72.757477</ele><time>2020-12-16T00:35:25Z</time><extensions><speed>0.572484</speed><course>194.582474</course><hAcc>1.813288</hAcc><vAcc>1.230998</vAcc></extensions></trkpt>
      <trkpt lon="-123.281899" lat="44.562518"><ele>72.777634</ele><time>2020-12-16T00:35:26Z</time><extensions><speed>0.548084</speed><course>186.934814</course><hAcc>1.826323</hAcc><vAcc>1.240364</vAcc></extensions></trkpt>
      <trkpt lon="-123.281894" lat="44.562515"><ele>72.797729</ele><time>2020-12-16T00:35:27Z</time><extensions><speed>0.522332</speed><course>193.592453</course><hAcc>1.838806</hAcc><vAcc>1.249438</vAcc></extensions></trkpt>
      <trkpt lon="-123.281890" lat="44.562511"><ele>72.817215</ele><time>2020-12-16T00:35:28Z</time><extensions><speed>0.494981</speed><course>204.516876</course><hAcc>1.849935</hAcc><vAcc>1.257643</vAcc></extensions></trkpt>
      <trkpt lon="-123.281886" lat="44.562508"><ele>72.835564</ele><time>2020-12-16T00:35:29Z</time><extensions><speed>0.466010</speed><course>203.850876</course><hAcc>1.858758</hAcc><vAcc>1.264288</vAcc></extensions></trkpt>
      <trkpt lon="-123.281883" lat="44.562505"><ele>72.852257</ele><time>2020-12-16T00:35:30Z</time><extensions><speed>0.435474</speed><course>193.455780</course><hAcc>1.864276</hAcc><vAcc>1.268650</vAcc></extensions></trkpt>
      <trkpt lon="-123.281880" lat="44.562502"><ele>72.866844</ele><time>2020-12-16T00:35:31Z</time><extensions><speed>0.403439</speed><course>198.796356</course><hAcc>1.865637</hAcc><vAcc>1.270108</vAcc></extensions></trkpt>
      <trkpt lon="-123.281876" lat="44.562499"><ele>72.878937</ele><time>2020-12-16T00:35:32Z</time><extensions><speed>0.369917</speed><course>205.133240</course><hAcc>1.862243</hAcc><vAcc>1.268231</vAcc></extensions></trkpt>
      <trkpt lon="-123.281874" lat="44.562496"><ele>72.888184</ele><time>2020-12-16T00:35:33Z</time><extensions><speed>0.334926</speed><course>205.800964</course><hAcc>1.853753</hAcc><vAcc>1.262780</vAcc></extensions></trkpt>
      <trkpt lon="-123.281871" lat="44.562494"><ele>72.894310</ele><time>2020-12-16T00:35:34Z</time><extensions><speed>0.298496</speed><course>204.740570</course><hAcc>1.840095</hAcc><vAcc>1.253713</vAcc></extensions></trkpt>
      <trkpt lon="-123.281869" lat="44.562492"><ele>72.897079</ele><time>2020-12-16T00:35:35Z</time><extensions><speed>0.260535</speed><course>195.168915</course><hAcc>1.821459</hAcc><vAcc>1.241182</vAcc></extensions></trkpt>
      <trkpt lon="-123.281867" lat="44.562490"><ele>72.896332</ele><time>2020-12-16T00:35:36Z</time><extensions><speed>0.220766</speed><course>205.691681</course><hAcc>1.798289</hAcc><vAcc>1.225526</vAcc></extensions></trkpt>
      <trkpt lon="-123.281866" lat="44.562489"><ele>72.891937</ele><time>2020-12-16T00:35:37Z</time><extensions><speed>0.178535</speed><course>210.275787</course><hAcc>1.771190</hAcc><vAcc>1.207200</vAcc></extensions></trkpt>
      <trkpt lon="-123.281865" lat="44.562488"><ele>72.883865</ele><time>2020-12-16T00:35:38Z</time><extensions><speed>0.132861</speed><course>196.880341</course><hAcc>1.740751</hAcc><vAcc>1.186642</vAcc></extensions></trkpt>
      <trkpt lon="-123.281864" lat="44.562487"><ele>72.872215</ele><time>2020-12-16T00:35:39Z</time><extensions><speed>0.082850</speed><course>193.220123</course><hAcc>1.707460</hAcc><vAcc>1.164212</vAcc></extensions></trkpt>
      <trkpt lon="-123.281863" lat="44.562487"><ele>72.857224</ele><time>2020-12-16T00:35:40Z</time><extensions><speed>0.029775</speed><course>203.769318</course><hAcc>1.671721</hAcc><vAcc>1.140200</vAcc></extensions></trkpt>
      <trkpt lon="-123.281863" lat="44.562487"><ele>72.839279</ele><time>2020-12-16T00:35:41Z</time><extensions><speed>0.042720</speed><course>205.720001</course><hAcc>1.633887</hAcc><vAcc>1.114853</vAcc></extensions></trkpt>
      <trkpt lon="-123.281863" lat="44.562488"><ele>72.818886</ele><time>2020-12-16T00:35:42Z</time><extensions><speed>0.112044</speed><course>191.098373</course><hAcc>1.594296</hAcc><vAcc>1.088405</vAcc></extensions></trkpt>
      <trkpt lon="-123.281864" lat="44.562489"><ele>72.796631</ele><time>2020-12-16T00:35:43Z</time><extensions><speed>0.191232</speed><course>201.098389</course><hAcc>1.553324</hAcc><vAcc>1.061110</vAcc></extensions></trkpt>
      <trkpt lon="-123.281864" lat="44.562491"><ele>72.773132</ele><time>2020-12-16T00:35:44Z</time><extensions><speed>0.279170</speed><course>201.694397</course><hAcc>1.511425</hAcc><vAcc>1.033281</vAcc></extensions></trkpt>
      <trkpt lon="-123.281865" lat="44.562494"><ele>72.749054</ele><time>2020-12-16T00:35:45Z</time><extensions><speed>0.375894</speed><course>199.030945</course><hAcc>1.469086</hAcc><vAcc>1.005252</vAcc></extensions></trkpt>
      <trkpt lon="-123.281866" lat="44.562498"><ele>72.725098</ele><time>2020-12-16T00:35:46Z</time><extensions><speed>0.481519</speed><course>196.761139</course><hAcc>1.426687</hAcc><vAcc>0.977278</vAcc></extensions></trkpt>
      <trkpt lon="-123.281867" lat="44.562502"><ele>72.701920</ele><time>2020-12-16T00:35:47Z</time><extensions><speed>0.595668</speed><course>197.206741</course><hAcc>1.384476</hAcc><vAcc>0.949511</vAcc></extensions></trkpt>
      <trkpt lon="-123.281867" lat="44.562508"><ele>72.679977</ele><time>2020-12-16T00:35:48Z</time><extensions><speed>0.717110</speed><course>202.357346</course><hAcc>1.342641</hAcc><vAcc>0.922062</vAcc></extensions></trkpt>
      <trkpt lon="-123.281868" lat="44.562515"><ele>72.659462</ele><time>2020-12-16T00:35:49Z</time><extensions><speed>0.844254</speed><course>201.155884</course><hAcc>1.301412</hAcc><vAcc>0.895067</vAcc></extensions></trkpt>
      <trkpt lon="-123.281868" lat="44.562524"><ele>72.640350</ele><time>2020-12-16T00:35:50Z</time><extensions><speed>0.975603</speed><course>193.019150</course><hAcc>1.261152</hAcc><vAcc>0.868756</vAcc></extensions></trkpt>
      <trkpt lon="-123.281868" lat="44.562533"><ele>72.622505</ele><time>2020-12-16T00:35:51Z</time><extensions><speed>1.110033</speed><course>197.939194</course><hAcc>1.222437</hAcc><vAcc>0.843511</vAcc></extensions></trkpt>
      <trkpt lon="-123.281867" lat="44.562544"><ele>72.605850</ele><time>2020-12-16T00:35:52Z</time><extensions><speed>1.246341</speed><course>198.525146</course><hAcc>1.185928</hAcc><vAcc>0.819776</vAcc></extensions></trkpt>
      <trkpt lon="-123.281866" lat="44.562555"><ele>72.590401</ele><time>2020-12-16T00:35:53Z</time><extensions><speed>1.383046</speed><course>196.224564</course><hAcc>1.152044</hAcc><vAcc>0.797834</vAcc></extensions></trkpt>
      <trkpt lon="-123.281864" lat="44.562568"><ele>72.576309</ele><time>2020-12-16T00:35:54Z</time><extensions><speed>1.518848</speed><course>199.768036</course><hAcc>1.120854</hAcc><vAcc>0.777724</vAcc></extensions></trkpt>
      <trkpt lon="-123.281862" lat="44.562582"><ele>72.563774</ele><time>2020-12-16T00:35:55Z</time><extensions><speed>1.652390</speed><course>200.227356</course><hAcc>1.092175</hAcc><vAcc>0.759315</vAcc></extensions></trkpt>
      <trkpt lon="-123.281858" lat="44.562598"><ele>72.552979</ele><time>2020-12-16T00:35:56Z</time><extensions><speed>1.782439</speed><course>205.052841</course><hAcc>1.065720</hAcc><vAcc>0.742399</vAcc></extensions></trkpt>
      <trkpt lon="-123.281853" lat="44.562614"><ele>72.544037</ele><time>2020-12-16T00:35:57Z</time><extensions><speed>1.908047</speed><course>199.650818</course><hAcc>1.041242</hAcc><vAcc>0.726793</vAcc></extensions></trkpt>
      <trkpt lon="-123.281847" lat="44.562631"><ele>72.536873</ele><time>2020-12-16T00:35:58Z</time><extensions><speed>2.028225</speed><course>200.912704</course><hAcc>1.018679</hAcc><vAcc>0.712437</vAcc></extensions></trkpt>
      <trkpt lon="-123.281839" lat="44.562649"><ele>72.531258</ele><time>2020-12-16T00:35:59Z</time><extensions><speed>2.142390</speed><course>199.320969</course><hAcc>0.998258</hAcc><vAcc>0.699459</vAcc></extensions></trkpt>
      <trkpt lon="-123.281829" lat="44.562667"><ele>72.526825</ele><time>2020-12-16T00:36:00Z</time><extensions><speed>2.250304</speed><course>192.747452</course><hAcc>0.980389</hAcc><vAcc>0.688109</vAcc></extensions></trkpt>
      <trkpt lon="-123.281816" lat="44.562686"><ele>72.523178</ele><time>2020-12-16T00:36:01Z</time><extensions><speed>2.351889</speed><course>191.589478</course><hAcc>0.965353</hAcc><vAcc>0.678562</vAcc></extensions></trkpt>
      <trkpt lon="-123.281801" lat="44.562705"><ele>72.519928</ele><time>2020-12-16T00:36:02Z</time><extensions><speed>2.448245</speed><course>201.628342</course><hAcc>0.953173</hAcc><vAcc>0.670827</vAcc></extensions></trkpt>
      <trkpt lon="-123.281783" lat="44.562723"><ele>72.516640</ele><time>2020-12-16T00:36:03Z</time><extensions><speed>2.541317</speed><course>202.949097</course><hAcc>0.943663</hAcc><vAcc>0.664786</vAcc></extensions></trkpt>
      <trkpt lon="-123.281763" lat="44.562741"><ele>72.512802</ele><time>2020-12-16T00:36:04Z</time><extensions><speed>2.632299</speed><course>204.721741</course><hAcc>0.936503</hAcc><vAcc>0.660234</vAcc></extensions></trkpt>
      <trkpt lon="-123.281739" lat="44.562758"><ele>72.507874</ele><time>2020-12-16T00:36:05Z</time><extensions><speed>2.720649</speed><course>201.623886</course><hAcc>0.931303</hAcc><vAcc>0.656924</vAcc></extensions></trkpt>
      <trkpt lon="-123.281713" lat="44.562775"><ele>72.501572</ele><time>2020-12-16T00:36:06Z</time><extensions><speed>2.804453</speed><course>195.771088</course><hAcc>0.927661</hAcc><vAcc>0.654602</vAcc></extensions></trkpt>
      <trkpt lon="-123.281684" lat="44.562790"><ele>72.493996</ele><time>2020-12-16T00:36:07Z</time><extensions><speed>2.881344</speed><course>206.294907</course><hAcc>0.925204</hAcc><vAcc>0.653033</vAcc></extensions></trkpt>
      <trkpt lon="-123.281653" lat="44.562804"><ele>72.485466</ele><time>2020-12-16T00:36:08Z</time><extensions><speed>2.949144</speed><course>195.119202</course><hAcc>0.923609</hAcc><vAcc>0.652011</vAcc></extensions></trkpt>
      <trkpt lon="-123.281621" lat="44.562817"><ele>72.476425</ele><time>2020-12-16T00:36:09Z</time><extensions><speed>3.006028</speed><course>192.668015</course><hAcc>0.922613</hAcc><vAcc>0.651372</vAcc></extensions></trkpt>
      <trkpt lon="-123.281586" lat="44.562829"><ele>72.467415</ele><time>2020-12-16T00:36:10Z</time><extensions><speed>3.050389</speed><course>198.670517</course><hAcc>0.922016</hAcc><vAcc>0.650987</vAcc></extensions></trkpt>
      <trkpt lon="-123.281551" lat="44.562840"><ele>72.459236</ele><time>2020-12-16T00:36:11Z</time><extensions><speed>3.081030</speed><course>198.976166</course><hAcc>0.921670</hAcc><vAcc>0.650763</vAcc></extensions></trkpt>
      <trkpt lon="-123.281514" lat="44.562849"><ele>72.452904</ele><time>2020-12-16T00:36:12Z</time><extensions><speed>3.097424</speed><course>187.659882</course><hAcc>0.921472</hAcc><vAcc>0.650634</vAcc></extensions></trkpt>
      <trkpt lon="-123.281477" lat="44.562858"><ele>72.449371</ele><time>2020-12-16T00:36:13Z</time><extensions><speed>3.100092</speed><course>194.539413</course><hAcc>0.921355</hAcc><vAcc>0.650558</vAcc></extensions></trkpt>
      <trkpt lon="-123.281440" lat="44.562866"><ele>72.449257</ele><time>2020-12-16T00:36:14Z</time><extensions><speed>3.091047</speed><course>206.567413</course><hAcc>0.921278</hAcc><vAcc>0.650508</vAcc></extensions></trkpt>
      <trkpt lon="-123.281402" lat="44.562873"><ele>72.452843</ele><time>2020-12-16T00:36:15Z</time><extensions><speed>3.073097</speed><course>198.433945</course><hAcc>0.921217</hAcc><vAcc>0.650469</vAcc></extensions></trkpt>
      <trkpt lon="-123.281365" lat="44.562879"><ele>72.460289</ele><time>2020-12-16T00:36:16Z</time><extensions><speed>3.048467</speed><course>198.781387</course><hAcc>0.921162</hAcc><vAcc>0.650434</vAcc></extensions></trkpt>
      <trkpt lon="-123.281328" lat="44.562885"><ele>72.471878</ele><time>2020-12-16T00:36:17Z</time><extensions><speed>3.018803</speed><course>199.102402</course><hAcc>0.921108</hAcc><vAcc>0.650400</vAcc></extensions></trkpt>
      <trkpt lon="-123.281291" lat="44.562890"><ele>72.487923</ele><time>2020-12-16T00:36:18Z</time><extensions><speed>2.985689</speed><course>195.905029</course><hAcc>0.921056</hAcc><vAcc>0.650367</vAcc></extensions></trkpt>
      <trkpt lon="-123.281254" lat="44.562895"><ele>72.508461</ele><time>2020-12-16T00:36:19Z</time><extensions><speed>2.950675</speed><course>190.991241</course><hAcc>0.921005</hAcc><vAcc>0.650335</vAcc></extensions></trkpt>
      <trkpt lon="-123.281218" lat="44.562900"><ele>72.533150</ele><time>2020-12-16T00:36:20Z</time><extensions><speed>2.915162</speed><course>195.046173</course><hAcc>0.920959</hAcc><vAcc>0.650306</vAcc></extensions></trkpt>
      <trkpt lon="-123.281182" lat="44.562904"><ele>72.561272</ele><time>2020-12-16T00:36:21Z</time><extensions><speed>2.880121</speed><course>200.823685</course><hAcc>0.920917</hAcc><vAcc>0.650280</vAcc></extensions></trkpt>
      <trkpt lon="-123.281146" lat="44.562909"><ele>72.591835</ele><time>2020-12-16T00:36:22Z</time><extensions><speed>2.846122</speed><course>199.128204</course><hAcc>0.920883</hAcc><vAcc>0.650259</vAcc></extensions></trkpt>
      <trkpt lon="-123.281111" lat="44.562913"><ele>72.623650</ele><time>2020-12-16T00:36:23Z</time><extensions><speed>2.813855</speed><course>198.014832</course><hAcc>0.920855</hAcc><vAcc>0.650241</vAcc></extensions></trkpt>
      <trkpt lon="-123.281076" lat="44.562917"><ele>72.655403</ele><time>2020-12-16T00:36:24Z</time><extensions><speed>2.784193</speed><course>204.657867</course><hAcc>0.920833</hAcc><vAcc>0.650228</vAcc></extensions></trkpt>
      <trkpt lon="-123.281042" lat="44.562921"><ele>72.685677</ele><time>2020-12-16T00:36:25Z</time><extensions><speed>2.757996</speed><course>217.010574</course><hAcc>0.920817</hAcc><vAcc>0.650218</vAcc></extensions></trkpt>
      <trkpt lon="-123.281008" lat="44.562925"><ele>72.713112</ele><time>2020-12-16T00:36:26Z</time><extensions><speed>2.735972</speed><course>194.968628</course><hAcc>0.920807</hAcc><vAcc>0.650211</vAcc></extensions></trkpt>
      <trkpt lon="-123.280974" lat="44.562929"><ele>72.736626</ele><time>2020-12-16T00:36:27Z</time><extensions><speed>2.718359</speed><course>192.241440</course><hAcc>0.920801</hAcc><vAcc>0.650208</vAcc></extensions></trkpt>
      <trkpt lon="-123.280940" lat="44.562933"><ele>72.755508</ele><time>2020-12-16T00:36:28Z</time><extensions><speed>2.704670</speed><course>196.610428</course><hAcc>0.920798</hAcc><vAcc>0.650206</vAcc></extensions></trkpt>
      <trkpt lon="-123.280907" lat="44.562937"><ele>72.769371</ele><time>2020-12-16T00:36:29Z</time><extensions><speed>2.694366</speed><course>202.538879</course><hAcc>0.920798</hAcc><vAcc>0.650207</vAcc></extensions></trkpt>
      <trkpt lon="-123.280873" lat="44.562941"><ele>72.778038</ele><time>2020-12-16T00:36:30Z</time><extensions><speed>2.687356</speed><course>200.199219</course><hAcc>0.920800</hAcc><vAcc>0.650208</vAcc></extensions></trkpt>
      <trkpt lon="-123.280840" lat="44.562946"><ele>72.781548</ele><time>2020-12-16T00:36:31Z</time><extensions><speed>2.683486</speed><course>191.053223</course><hAcc>0.920802</hAcc><vAcc>0.650210</vAcc></extensions></trkpt>
      <trkpt lon="-123.280807" lat="44.562950"><ele>72.780128</ele><time>2020-12-16T00:36:32Z</time><extensions><speed>2.682035</speed><course>192.379410</course><hAcc>0.920804</hAcc><vAcc>0.650212</vAcc></extensions></trkpt>
      <trkpt lon="-123.280773" lat="44.562954"><ele>72.774132</ele><time>2020-12-16T00:36:33Z</time><extensions><speed>2.681970</speed><course>197.375092</course><hAcc>0.920806</hAcc><vAcc>0.650213</vAcc></extensions></trkpt>
      <trkpt lon="-123.280740" lat="44.562958"><ele>72.764000</ele><time>2020-12-16T00:36:34Z</time><extensions><speed>2.682433</speed><course>191.672775</course><hAcc>0.920806</hAcc><vAcc>0.650213</vAcc></extensions></trkpt>
      <trkpt lon="-123.280707" lat="44.562963"><ele>72.750206</ele><time>2020-12-16T00:36:35Z</time><extensions><speed>2.682603</speed><course>193.624222</course><hAcc>0.920806</hAcc><vAcc>0.650213</vAcc></extensions></trkpt>
      <trkpt lon="-123.280674" lat="44.562967"><ele>72.733299</ele><time>2020-12-16T00:36:36Z</time><extensions><speed>2.681781</speed><course>193.479538</course><hAcc>0.920807</hAcc><vAcc>0.650213</vAcc></extensions></trkpt>
      <trkpt lon="-123.280641" lat="44.562972"><ele>72.713913</ele><time>2020-12-16T00:36:37Z</time><extensions><speed>2.679466</speed><course>198.247833</course><hAcc>0.920812</hAcc><vAcc>0.650217</vAcc></extensions></trkpt>
      <trkpt lon="-123.280608" lat="44.562977"><ele>72.692810</ele><time>2020-12-16T00:36:38Z</time><extensions><speed>2.675264</speed><course>203.610138</course><hAcc>0.920828</hAcc><vAcc>0.650228</vAcc></extensions></trkpt>
      <trkpt lon="-123.280575" lat="44.562981"><ele>72.670807</ele><time>2020-12-16T00:36:39Z</time><extensions><speed>2.669104</speed><course>193.885712</course><hAcc>0.920865</hAcc><vAcc>0.650254</vAcc></extensions></trkpt>
      <trkpt lon="-123.280542" lat="44.562986"><ele>72.648796</ele><time>2020-12-16T00:36:40Z</time><extensions><speed>2.661181</speed><course>189.646042</course><hAcc>0.920938</hAcc><vAcc>0.650304</vAcc></extensions></trkpt>
      <trkpt lon="-123.280509" lat="44.562992"><ele>72.627640</ele><time>2020-12-16T00:36:41Z</time><extensions><speed>2.651650</speed><course>192.264175</course><hAcc>0.921069</hAcc><vAcc>0.650396</vAcc></extensions></trkpt>
      <trkpt lon="-123.280477" lat="44.562997"><ele>72.608246</ele><time>2020-12-16T00:36:42Z</time><extensions><speed>2.640354</speed><course>198.218735</course><hAcc>0.921286</hAcc><vAcc>0.650547</vAcc></extensions></trkpt>
      <trkpt lon="-123.280445" lat="44.563002"><ele>72.591530</ele><time>2020-12-16T00:36:43Z</time><extensions><speed>2.627033</speed><course>221.669327</course><hAcc>0.921625</hAcc><vAcc>0.650785</vAcc></extensions></trkpt>
      <trkpt lon="-123.280413" lat="44.563008"><ele>72.578331</ele><time>2020-12-16T00:36:44Z</time><extensions><speed>2.611747</speed><course>205.775467</course><hAcc>0.922129</hAcc><vAcc>0.651138</vAcc></extensions></trkpt>
      <trkpt lon="-123.280381" lat="44.563014"><ele>72.569305</ele><time>2020-12-16T00:36:45Z</time><extensions><speed>2.594466</speed><course>207.450821</course><hAcc>0.922845</hAcc><vAcc>0.651641</vAcc></extensions></trkpt>
      <trkpt lon="-123.280349" lat="44.563020"><ele>72.564812</ele><time>2020-12-16T00:36:46Z</time><extensions><speed>2.574728</speed><course>203.144638</course><hAcc>0.923820</hAcc><vAcc>0.652326</vAcc></extensions></trkpt>
      <trkpt lon="-123.280318" lat="44.563026"><ele>72.564796</ele><time>2020-12-16T00:36:47Z</time><extensions><speed>2.552059</speed><course>198.933456</course><hAcc>0.925093</hAcc><vAcc>0.653221</vAcc></extensions></trkpt>
      <trkpt lon="-123.280288" lat="44.563032"><ele>72.568817</ele><time>2020-12-16T00:36:48Z</time><extensions><speed>2.526032</speed><course>195.255875</course><hAcc>0.926686</hAcc><vAcc>0.654343</vAcc></extensions></trkpt>
      <trkpt lon="-123.280257" lat="44.563039"><ele>72.576164</ele><time>2020-12-16T00:36:49Z</time><extensions><speed>2.496258</speed><course>195.873062</course><hAcc>0.928593</hAcc><vAcc>0.655687</vAcc></extensions></trkpt>
      <trkpt lon="-123.280227" lat="44.563045"><ele>72.585983</ele><time>2020-12-16T00:36:50Z</time><extensions><speed>2.462614</speed><course>198.157089</course><hAcc>0.930762</hAcc><vAcc>0.657218</vAcc></extensions></trkpt>
      <trkpt lon="-123.280198" lat="44.563052"><ele>72.597412</ele><time>2020-12-16T00:36:51Z</time><extensions><speed>2.425024</speed><course>207.563141</course><hAcc>0.933091</hAcc><vAcc>0.658863</vAcc></extensions></trkpt>
      <trkpt lon="-123.280169" lat="44.563058"><ele>72.609741</ele><time>2020-12-16T00:36:52Z</time><extensions><speed>2.383012</speed><course>184.277771</course><hAcc>0.935417</hAcc><vAcc>0.660508</vAcc></extensions></trkpt>
      <trkpt lon="-123.280141" lat="44.563065"><ele>72.622414</ele><time>2020-12-16T00:36:53Z</time><extensions><speed>2.335897</speed><course>189.462341</course><hAcc>0.937527</hAcc><vAcc>0.662003</vAcc></extensions></trkpt>
      <trkpt lon="-123.280113" lat="44.563071"><ele>72.635048</ele><time>2020-12-16T00:36:54Z</time><extensions><speed>2.283319</speed><course>185.330933</course><hAcc>0.939186</hAcc><vAcc>0.663180</vAcc></extensions></trkpt>
      <trkpt lon="-123.280086" lat="44.563078"><ele>72.647499</ele><time>2020-12-16T00:36:55Z</time><extensions><speed>2.225231</speed><course>175.969360</course><hAcc>0.940205</hAcc><vAcc>0.663906</vAcc></extensions></trkpt>
      <trkpt lon="-123.280060" lat="44.563084"><ele>72.659760</ele><time>2020-12-16T00:36:56Z</time><extensions><speed>2.162138</speed><course>183.031113</course><hAcc>0.940554</hAcc><vAcc>0.664158</vAcc></extensions></trkpt>
      <trkpt lon="-123.280035" lat="44.563091"><ele>72.671829</ele><time>2020-12-16T00:36:57Z</time><extensions><speed>2.094661</speed><course>191.760742</course><hAcc>0.940555</hAcc><vAcc>0.664158</vAcc></extensions></trkpt>
      <trkpt lon="-123.280011" lat="44.563097"><ele>72.683792</ele><time>2020-12-16T00:36:58Z</time><extensions><speed>2.023373</speed><course>196.188187</course><hAcc>0.941150</hAcc><vAcc>0.664570</vAcc></extensions></trkpt>
      <trkpt lon="-123.279987" lat="44.563104"><ele>72.695801</ele><time>2020-12-16T00:36:59Z</time><extensions><speed>1.949559</speed><course>208.143448</course><hAcc>0.944278</hAcc><vAcc>0.666758</vAcc></extensions></trkpt>
      <trkpt lon="-123.279965" lat="44.563110"><ele>72.708084</ele><time>2020-12-16T00:37:00Z</time><extensions><speed>1.875624</speed><course>201.976028</course><hAcc>0.953306</hAcc><vAcc>0.673097</vAcc></extensions></trkpt>
      <trkpt lon="-123.279944" lat="44.563116"><ele>72.720818</ele><time>2020-12-16T00:37:01Z</time><extensions><speed>1.804984</speed><course>198.579056</course><hAcc>0.973388</hAcc><vAcc>0.687226</vAcc></extensions></trkpt>
      <trkpt lon="-123.279923" lat="44.563122"><ele>72.734009</ele><time>2020-12-16T00:37:02Z</time><extensions><speed>1.741431</speed><course>207.801300</course><hAcc>1.011491</hAcc><vAcc>0.714072</vAcc></extensions></trkpt>
      <trkpt lon="-123.279908" lat="44.563126"><ele>72.721771</ele><time>2020-12-16T00:37:03Z</time><extensions><speed>0.924036</speed><course>228.407959</course><hAcc>0.970645</hAcc><vAcc>0.685303</vAcc></extensions></trkpt>
      <trkpt lon="-123.279897" lat="44.563129"><ele>72.734833</ele><time>2020-12-16T00:37:04Z</time><extensions><speed>0.878036</speed><course>181.169235</course><hAcc>0.949684</hAcc><vAcc>0.670557</vAcc></extensions></trkpt>
      <trkpt lon="-123.279887" lat="44.563132"><ele>72.747658</ele><time>2020-12-16T00:37:05Z</time><extensions><speed>0.830385</speed><course>180.651520</course><hAcc>0.941044</hAcc><vAcc>0.664508</vAcc></extensions></trkpt>
      <trkpt lon="-123.279878" lat="44.563134"><ele>72.760323</ele><time>2020-12-16T00:37:06Z</time><extensions><speed>0.782925</speed><course>177.246353</course><hAcc>0.938838</hAcc><vAcc>0.663005</vAcc></extensions></trkpt>
      <trkpt lon="-123.279868" lat="44.563136"><ele>72.773102</ele><time>2020-12-16T00:37:07Z</time><extensions><speed>0.736471</speed><course>181.165649</course><hAcc>0.939177</hAcc><vAcc>0.663314</vAcc></extensions></trkpt>
      <trkpt lon="-123.279860" lat="44.563138"><ele>72.786339</ele><time>2020-12-16T00:37:08Z</time><extensions><speed>0.690421</speed><course>180.461334</course><hAcc>0.939774</hAcc><vAcc>0.663841</vAcc></extensions></trkpt>
      <trkpt lon="-123.279852" lat="44.563139"><ele>72.800407</ele><time>2020-12-16T00:37:09Z</time><extensions><speed>0.643534</speed><course>166.536957</course><hAcc>0.939440</hAcc><vAcc>0.663768</vAcc></extensions></trkpt>
      <trkpt lon="-123.279844" lat="44.563140"><ele>72.815651</ele><time>2020-12-16T00:37:10Z</time><extensions><speed>0.595004</speed><course>136.963715</course><hAcc>0.937653</hAcc><vAcc>0.662754</vAcc></extensions></trkpt>
      <trkpt lon="-123.279837" lat="44.563141"><ele>72.832314</ele><time>2020-12-16T00:37:11Z</time><extensions><speed>0.544394</speed><course>119.000587</course><hAcc>0.934235</hAcc><vAcc>0.660705</vAcc></extensions></trkpt>
      <trkpt lon="-123.279830" lat="44.563142"><ele>72.850395</ele><time>2020-12-16T00:37:12Z</time><extensions><speed>0.491059</speed><course>105.829887</course><hAcc>0.929139</hAcc><vAcc>0.657624</vAcc></extensions></trkpt>
      <trkpt lon="-123.279825" lat="44.563143"><ele>72.869675</ele><time>2020-12-16T00:37:13Z</time><extensions><speed>0.435165</speed><course>127.759743</course><hAcc>0.922340</hAcc><vAcc>0.653524</vAcc></extensions></trkpt>
      <trkpt lon="-123.279820" lat="44.563144"><ele>72.889824</ele><time>2020-12-16T00:37:14Z</time><extensions><speed>0.380513</speed><course>108.017120</course><hAcc>0.913783</hAcc><vAcc>0.648397</vAcc></extensions></trkpt>
      <trkpt lon="-123.279816" lat="44.563145"><ele>72.910423</ele><time>2020-12-16T00:37:15Z</time><extensions><speed>0.338575</speed><course>127.930283</course><hAcc>0.903408</hAcc><vAcc>0.642218</vAcc></extensions></trkpt>
      <trkpt lon="-123.279813" lat="44.563147"><ele>72.930984</ele><time>2020-12-16T00:37:16Z</time><extensions><speed>0.331505</speed><course>151.003036</course><hAcc>0.891219</hAcc><vAcc>0.634986</vAcc></extensions></trkpt>
      <trkpt lon="-123.279811" lat="44.563150"><ele>72.950981</ele><time>2020-12-16T00:37:17Z</time><extensions><speed>0.381007</speed><course>205.222900</course><hAcc>0.877402</hAcc><vAcc>0.626799</vAcc></extensions></trkpt>
      <trkpt lon="-123.279810" lat="44.563154"><ele>72.970001</ele><time>2020-12-16T00:37:18Z</time><extensions><speed>0.487659</speed><course>212.527908</course><hAcc>0.862478</hAcc><vAcc>0.617943</vAcc></extensions></trkpt>
      <trkpt lon="-123.279810" lat="44.563159"><ele>72.987709</ele><time>2020-12-16T00:37:19Z</time><extensions><speed>0.638301</speed><course>202.827469</course><hAcc>0.847478</hAcc><vAcc>0.609007</vAcc></extensions></trkpt>
      <trkpt lon="-123.279812" lat="44.563165"><ele>73.003929</ele><time>2020-12-16T00:37:20Z</time><extensions><speed>0.820998</speed><course>194.322556</course><hAcc>0.833864</hAcc><vAcc>0.600850</vAcc></extensions></trkpt>
      <trkpt lon="-123.279815" lat="44.563173"><ele>73.018715</ele><time>2020-12-16T00:37:21Z</time><extensions><speed>1.027036</speed><course>219.056519</course><hAcc>0.823229</hAcc><vAcc>0.594447</vAcc></extensions></trkpt>
      <trkpt lon="-123.279820" lat="44.563183"><ele>73.032471</ele><time>2020-12-16T00:37:22Z</time><extensions><speed>1.249028</speed><course>209.466431</course><hAcc>0.817390</hAcc><vAcc>0.590982</vAcc></extensions></trkpt>
      <trkpt lon="-123.279827" lat="44.563194"><ele>73.045860</ele><time>2020-12-16T00:37:23Z</time><extensions><speed>1.479020</speed><course>210.578140</course><hAcc>0.818864</hAcc><vAcc>0.592161</vAcc></extensions></trkpt>
      <trkpt lon="-123.279836" lat="44.563207"><ele>73.059792</ele><time>2020-12-16T00:37:24Z</time><extensions><speed>1.706649</speed><course>202.670120</course><hAcc>0.831354</hAcc><vAcc>0.600556</vAcc></extensions></trkpt>
      <trkpt lon="-123.279847" lat="44.563221"><ele>73.075272</ele><time>2020-12-16T00:37:25Z</time><extensions><speed>1.919106</speed><course>187.536926</course><hAcc>0.860001</hAcc><vAcc>0.619794</vAcc></extensions></trkpt>
      <trkpt lon="-123.279859" lat="44.563237"><ele>73.093224</ele><time>2020-12-16T00:37:26Z</time><extensions><speed>2.103378</speed><course>196.594711</course><hAcc>0.911107</hAcc><vAcc>0.654404</vAcc></extensions></trkpt>
      <trkpt lon="-123.279915" lat="44.563256"><ele>73.101135</ele><time>2020-12-16T00:37:27Z</time><extensions><speed>3.842444</speed><course>228.407959</course><hAcc>0.869495</hAcc><vAcc>0.624156</vAcc></extensions></trkpt>
      <trkpt lon="-123.279957" lat="44.563274"><ele>73.079399</ele><time>2020-12-16T00:37:28Z</time><extensions><speed>3.950565</speed><course>181.169235</course><hAcc>0.878921</hAcc><vAcc>0.627828</vAcc></extensions></trkpt>
      <trkpt lon="-123.280002" lat="44.563291"><ele>73.058960</ele><time>2020-12-16T00:37:29Z</time><extensions><speed>4.062163</speed><course>180.651520</course><hAcc>0.893389</hAcc><vAcc>0.635795</vAcc></extensions></trkpt>
      <trkpt lon="-123.280049" lat="44.563306"><ele>73.038574</ele><time>2020-12-16T00:37:30Z</time><extensions><speed>4.176231</speed><course>177.246353</course><hAcc>0.907763</hAcc><vAcc>0.644331</vAcc></extensions></trkpt>
      <trkpt lon="-123.280099" lat="44.563320"><ele>73.017097</ele><time>2020-12-16T00:37:31Z</time><extensions><speed>4.291269</speed><course>181.165649</course><hAcc>0.919540</hAcc><vAcc>0.651525</vAcc></extensions></trkpt>
      <trkpt lon="-123.280151" lat="44.563333"><ele>72.994110</ele><time>2020-12-16T00:37:32Z</time><extensions><speed>4.404056</speed><course>180.461334</course><hAcc>0.927881</hAcc><vAcc>0.656657</vAcc></extensions></trkpt>
      <trkpt lon="-123.280205" lat="44.563344"><ele>72.970016</ele><time>2020-12-16T00:37:33Z</time><extensions><speed>4.509946</speed><course>166.536957</course><hAcc>0.932891</hAcc><vAcc>0.659694</vAcc></extensions></trkpt>
      <trkpt lon="-123.280260" lat="44.563353"><ele>72.945671</ele><time>2020-12-16T00:37:34Z</time><extensions><speed>4.604540</speed><course>136.963715</course><hAcc>0.935134</hAcc><vAcc>0.660955</vAcc></extensions></trkpt>
      <trkpt lon="-123.280317" lat="44.563362"><ele>72.922104</ele><time>2020-12-16T00:37:35Z</time><extensions><speed>4.685168</speed><course>119.000587</course><hAcc>0.935333</hAcc><vAcc>0.660893</vAcc></extensions></trkpt>
      <trkpt lon="-123.280376" lat="44.563369"><ele>72.900185</ele><time>2020-12-16T00:37:36Z</time><extensions><speed>4.751114</speed><course>105.829887</course><hAcc>0.934205</hAcc><vAcc>0.659971</vAcc></extensions></trkpt>
      <trkpt lon="-123.280436" lat="44.563375"><ele>72.880402</ele><time>2020-12-16T00:37:37Z</time><extensions><speed>4.802781</speed><course>127.759743</course><hAcc>0.932366</hAcc><vAcc>0.658595</vAcc></extensions></trkpt>
      <trkpt lon="-123.280496" lat="44.563380"><ele>72.862831</ele><time>2020-12-16T00:37:38Z</time><extensions><speed>4.840718</speed><course>108.017120</course><hAcc>0.930300</hAcc><vAcc>0.657088</vAcc></extensions></trkpt>
      <trkpt lon="-123.280557" lat="44.563385"><ele>72.847343</ele><time>2020-12-16T00:37:39Z</time><extensions><speed>4.865551</speed><course>127.930283</course><hAcc>0.928356</hAcc><vAcc>0.655683</vAcc></extensions></trkpt>
      <trkpt lon="-123.280618" lat="44.563388"><ele>72.833748</ele><time>2020-12-16T00:37:40Z</time><extensions><speed>4.878484</speed><course>151.003036</course><hAcc>0.926765</hAcc><vAcc>0.654536</vAcc></extensions></trkpt>
      <trkpt lon="-123.280679" lat="44.563392"><ele>72.822006</ele><time>2020-12-16T00:37:41Z</time><extensions><speed>4.880821</speed><course>205.222900</course><hAcc>0.925667</hAcc><vAcc>0.653741</vAcc></extensions></trkpt>
      <trkpt lon="-123.280740" lat="44.563394"><ele>72.812233</ele><time>2020-12-16T00:37:42Z</time><extensions><speed>4.873505</speed><course>212.527908</course><hAcc>0.925134</hAcc><vAcc>0.653346</vAcc></extensions></trkpt>
      <trkpt lon="-123.280801" lat="44.563396"><ele>72.804794</ele><time>2020-12-16T00:37:43Z</time><extensions><speed>4.857404</speed><course>202.827469</course><hAcc>0.925189</hAcc><vAcc>0.653368</vAcc></extensions></trkpt>
      <trkpt lon="-123.280862" lat="44.563398"><ele>72.800186</ele><time>2020-12-16T00:37:44Z</time><extensions><speed>4.833945</speed><course>194.322556</course><hAcc>0.925825</hAcc><vAcc>0.653801</vAcc></extensions></trkpt>
      <trkpt lon="-123.280923" lat="44.563399"><ele>72.798798</ele><time>2020-12-16T00:37:45Z</time><extensions><speed>4.804931</speed><course>219.056519</course><hAcc>0.927007</hAcc><vAcc>0.654622</vAcc></extensions></trkpt>
      <trkpt lon="-123.280983" lat="44.563400"><ele>72.800758</ele><time>2020-12-16T00:37:46Z</time><extensions><speed>4.772013</speed><course>209.466431</course><hAcc>0.928671</hAcc><vAcc>0.655784</vAcc></extensions></trkpt>
      <trkpt lon="-123.281043" lat="44.563400"><ele>72.805992</ele><time>2020-12-16T00:37:47Z</time><extensions><speed>4.736661</speed><course>210.578140</course><hAcc>0.930716</hAcc><vAcc>0.657217</vAcc></extensions></trkpt>
      <trkpt lon="-123.281102" lat="44.563399"><ele>72.814445</ele><time>2020-12-16T00:37:48Z</time><extensions><speed>4.700054</speed><course>202.670120</course><hAcc>0.932997</hAcc><vAcc>0.658821</vAcc></extensions></trkpt>
      <trkpt lon="-123.281161" lat="44.563398"><ele>72.826225</ele><time>2020-12-16T00:37:49Z</time><extensions><speed>4.663269</speed><course>187.536926</course><hAcc>0.935320</hAcc><vAcc>0.660458</vAcc></extensions></trkpt>
      <trkpt lon="-123.281220" lat="44.563397"><ele>72.841499</ele><time>2020-12-16T00:37:50Z</time><extensions><speed>4.627012</speed><course>196.594711</course><hAcc>0.937449</hAcc><vAcc>0.661961</vAcc></extensions></trkpt>
      <trkpt lon="-123.281278" lat="44.563394"><ele>72.860207</ele><time>2020-12-16T00:37:51Z</time><extensions><speed>4.591174</speed><course>198.213242</course><hAcc>0.939136</hAcc><vAcc>0.663154</vAcc></extensions></trkpt>
      <trkpt lon="-123.281335" lat="44.563391"><ele>72.881744</ele><time>2020-12-16T00:37:52Z</time><extensions><speed>4.555477</speed><course>199.069733</course><hAcc>0.940181</hAcc><vAcc>0.663896</vAcc></extensions></trkpt>
      <trkpt lon="-123.281392" lat="44.563386"><ele>72.904884</ele><time>2020-12-16T00:37:53Z</time><extensions><speed>4.520289</speed><course>202.819763</course><hAcc>0.940554</hAcc><vAcc>0.664162</vAcc></extensions></trkpt>
      <trkpt lon="-123.281448" lat="44.563381"><ele>72.927879</ele><time>2020-12-16T00:37:54Z</time><extensions><speed>4.486135</speed><course>196.131943</course><hAcc>0.940570</hAcc><vAcc>0.664172</vAcc></extensions></trkpt>
      <trkpt lon="-123.281504" lat="44.563374"><ele>72.948975</ele><time>2020-12-16T00:37:55Z</time><extensions><speed>4.453234</speed><course>200.286255</course><hAcc>0.941175</hAcc><vAcc>0.664589</vAcc></extensions></trkpt>
      <trkpt lon="-123.281558" lat="44.563366"><ele>72.966896</ele><time>2020-12-16T00:37:56Z</time><extensions><speed>4.421405</speed><course>201.251785</course><hAcc>0.944308</hAcc><vAcc>0.666780</vAcc></extensions></trkpt>
      <trkpt lon="-123.281612" lat="44.563357"><ele>72.980934</ele><time>2020-12-16T00:37:57Z</time><extensions><speed>4.390358</speed><course>202.202698</course><hAcc>0.953336</hAcc><vAcc>0.673119</vAcc></extensions></trkpt>
      <trkpt lon="-123.281665" lat="44.563347"><ele>72.990776</ele><time>2020-12-16T00:37:58Z</time><extensions><speed>4.360219</speed><course>196.895386</course><hAcc>0.973415</hAcc><vAcc>0.687246</vAcc></extensions></trkpt>
      <trkpt lon="-123.281717" lat="44.563335"><ele>72.996475</ele><time>2020-12-16T00:37:59Z</time><extensions><speed>4.331574</speed><course>193.223190</course><hAcc>1.011512</hAcc><vAcc>0.714088</vAcc></extensions></trkpt>
      <trkpt lon="-123.281749" lat="44.563306"><ele>73.073120</ele><time>2020-12-16T00:38:00Z</time><extensions><speed>4.227804</speed><course>228.407959</course><hAcc>0.970845</hAcc><vAcc>0.685420</vAcc></extensions></trkpt>
      <trkpt lon="-123.281775" lat="44.563273"><ele>73.034546</ele><time>2020-12-16T00:38:01Z</time><extensions><speed>4.261371</speed><course>181.169235</course><hAcc>0.949785</hAcc><vAcc>0.670605</vAcc></extensions></trkpt>
      <trkpt lon="-123.281799" lat="44.563238"><ele>72.997871</ele><time>2020-12-16T00:38:02Z</time><extensions><speed>4.307972</speed><course>180.651520</course><hAcc>0.941086</hAcc><vAcc>0.664503</vAcc></extensions></trkpt>
      <trkpt lon="-123.281821" lat="44.563202"><ele>72.963402</ele><time>2020-12-16T00:38:03Z</time><extensions><speed>4.367818</speed><course>177.246353</course><hAcc>0.938910</hAcc><vAcc>0.662990</vAcc></extensions></trkpt>
      <trkpt lon="-123.281840" lat="44.563165"><ele>72.930939</ele><time>2020-12-16T00:38:04Z</time><extensions><speed>4.438742</speed><course>181.165649</course><hAcc>0.939446</hAcc><vAcc>0.663378</vAcc></extensions></trkpt>
      <trkpt lon="-123.281856" lat="44.563127"><ele>72.900070</ele><time>2020-12-16T00:38:05Z</time><extensions><speed>4.517195</speed><course>180.461334</course><hAcc>0.940521</hAcc><vAcc>0.664136</vAcc></extensions></trkpt>
      <trkpt lon="-123.281870" lat="44.563087"><ele>72.870308</ele><time>2020-12-16T00:38:06Z</time><extensions><speed>4.598954</speed><course>166.536957</course><hAcc>0.941106</hAcc><vAcc>0.664542</vAcc></extensions></trkpt>
      <trkpt lon="-123.281881" lat="44.563046"><ele>72.841057</ele><time>2020-12-16T00:38:07Z</time><extensions><speed>4.679474</speed><course>136.963715</course><hAcc>0.940895</hAcc><vAcc>0.664384</vAcc></extensions></trkpt>
      <trkpt lon="-123.281891" lat="44.563004"><ele>72.811920</ele><time>2020-12-16T00:38:08Z</time><extensions><speed>4.754303</speed><course>119.000587</course><hAcc>0.939986</hAcc><vAcc>0.663732</vAcc></extensions></trkpt>
      <trkpt lon="-123.281898" lat="44.562961"><ele>72.783012</ele><time>2020-12-16T00:38:09Z</time><extensions><speed>4.819643</speed><course>105.829887</course><hAcc>0.938663</hAcc><vAcc>0.662789</vAcc></extensions></trkpt>
      <trkpt lon="-123.281904" lat="44.562918"><ele>72.754822</ele><time>2020-12-16T00:38:10Z</time><extensions><speed>4.872653</speed><course>127.759743</course><hAcc>0.937260</hAcc><vAcc>0.661791</vAcc></extensions></trkpt>
      <trkpt lon="-123.281908" lat="44.562874"><ele>72.727928</ele><time>2020-12-16T00:38:11Z</time><extensions><speed>4.911743</speed><course>108.017120</course><hAcc>0.936077</hAcc><vAcc>0.660951</vAcc></extensions></trkpt>
      <trkpt lon="-123.281911" lat="44.562830"><ele>72.702972</ele><time>2020-12-16T00:38:12Z</time><extensions><speed>4.935941</speed><course>127.930283</course><hAcc>0.935340</hAcc><vAcc>0.660428</vAcc></extensions></trkpt>
      <trkpt lon="-123.281913" lat="44.562785"><ele>72.680710</ele><time>2020-12-16T00:38:13Z</time><extensions><speed>4.944131</speed><course>151.003036</course><hAcc>0.935173</hAcc><vAcc>0.660309</vAcc></extensions></trkpt>
      <trkpt lon="-123.281913" lat="44.562741"><ele>72.661888</ele><time>2020-12-16T00:38:14Z</time><extensions><speed>4.935224</speed><course>205.222900</course><hAcc>0.935593</hAcc><vAcc>0.660608</vAcc></extensions></trkpt>
      <trkpt lon="-123.281912" lat="44.562697"><ele>72.646965</ele><time>2020-12-16T00:38:15Z</time><extensions><speed>4.909055</speed><course>212.527908</course><hAcc>0.936516</hAcc><vAcc>0.661264</vAcc></extensions></trkpt>
      <trkpt lon="-123.281909" lat="44.562653"><ele>72.635994</ele><time>2020-12-16T00:38:16Z</time><extensions><speed>4.866655</speed><course>202.827469</course><hAcc>0.937758</hAcc><vAcc>0.662147</vAcc></extensions></trkpt>
      <trkpt lon="-123.281906" lat="44.562609"><ele>72.628548</ele><time>2020-12-16T00:38:17Z</time><extensions><speed>4.809490</speed><course>194.322556</course><hAcc>0.939066</hAcc><vAcc>0.663079</vAcc></extensions></trkpt>
      <trkpt lon="-123.281901" lat="44.562566"><ele>72.623726</ele><time>2020-12-16T00:38:18Z</time><extensions><speed>4.739450</speed><course>219.056519</course><hAcc>0.940157</hAcc><vAcc>0.663858</vAcc></extensions></trkpt>
      <trkpt lon="-123.281894" lat="44.562524"><ele>72.620247</ele><time>2020-12-16T00:38:19Z</time><extensions><speed>4.659003</speed><course>209.466431</course><hAcc>0.940789</hAcc><vAcc>0.664313</vAcc></extensions></trkpt>
      <trkpt lon="-123.281887" lat="44.562483"><ele>72.616615</ele><time>2020-12-16T00:38:20Z</time><extensions><speed>4.571025</speed><course>210.578140</course><hAcc>0.940889</hAcc><vAcc>0.664390</vAcc></extensions></trkpt>
      <trkpt lon="-123.281877" lat="44.562443"><ele>72.611443</ele><time>2020-12-16T00:38:21Z</time><extensions><speed>4.478629</speed><course>202.670120</course><hAcc>0.940736</hAcc><vAcc>0.664284</vAcc></extensions></trkpt>
      <trkpt lon="-123.281866" lat="44.562404"><ele>72.603584</ele><time>2020-12-16T00:38:22Z</time><extensions><speed>4.385084</speed><course>187.536926</course><hAcc>0.941245</hAcc><vAcc>0.664636</vAcc></extensions></trkpt>
      <trkpt lon="-123.281853" lat="44.562366"><ele>72.592194</ele><time>2020-12-16T00:38:23Z</time><extensions><speed>4.293703</speed><course>196.594711</course><hAcc>0.944332</hAcc><vAcc>0.666796</vAcc></extensions></trkpt>
      <trkpt lon="-123.281838" lat="44.562329"><ele>72.576813</ele><time>2020-12-16T00:38:24Z</time><extensions><speed>4.207762</speed><course>198.213242</course><hAcc>0.953346</hAcc><vAcc>0.673125</vAcc></extensions></trkpt>
      <trkpt lon="-123.281821" lat="44.562294"><ele>72.557320</ele><time>2020-12-16T00:38:25Z</time><extensions><speed>4.130376</speed><course>199.069733</course><hAcc>0.973430</hAcc><vAcc>0.687256</vAcc></extensions></trkpt>
      <trkpt lon="-123.281803" lat="44.562259"><ele>72.533890</ele><time>2020-12-16T00:38:26Z</time><extensions><speed>4.064332</speed><course>202.819763</course><hAcc>1.011544</hAcc><vAcc>0.714110</vAcc></extensions></trkpt>
      <trkpt lon="-123.281752" lat="44.562242"><ele>72.582741</ele><time>2020-12-16T00:38:27Z</time><extensions><speed>4.179759</speed><course>228.407959</course><hAcc>0.970800</hAcc><vAcc>0.685388</vAcc></extensions></trkpt>
      <trkpt lon="-123.281702" lat="44.562229"><ele>72.540627</ele><time>2020-12-16T00:38:28Z</time><extensions><speed>4.254726</speed><course>181.169235</course><hAcc>0.949741</hAcc><vAcc>0.670574</vAcc></extensions></trkpt>
      <trkpt lon="-123.281651" lat="44.562217"><ele>72.502373</ele><time>2020-12-16T00:38:29Z</time><extensions><speed>4.339189</speed><course>180.651520</course><hAcc>0.941027</hAcc><vAcc>0.664462</vAcc></extensions></trkpt>
      <trkpt lon="-123.281598" lat="44.562206"><ele>72.468613</ele><time>2020-12-16T00:38:30Z</time><extensions><speed>4.428060</speed><course>177.246353</course><hAcc>0.938812</hAcc><vAcc>0.662922</vAcc></extensions></trkpt>
      <trkpt lon="-123.281543" lat="44.562197"><ele>72.439484</ele><time>2020-12-16T00:38:31Z</time><extensions><speed>4.515660</speed><course>181.165649</course><hAcc>0.939269</hAcc><vAcc>0.663255</vAcc></extensions></trkpt>
      <trkpt lon="-123.281487" lat="44.562189"><ele>72.414497</ele><time>2020-12-16T00:38:32Z</time><extensions><speed>4.596536</speed><course>180.461334</course><hAcc>0.940205</hAcc><vAcc>0.663916</vAcc></extensions></trkpt>
      <trkpt lon="-123.281429" lat="44.562183"><ele>72.392792</ele><time>2020-12-16T00:38:33Z</time><extensions><speed>4.666657</speed><course>166.536957</course><hAcc>0.940566</hAcc><vAcc>0.664166</vAcc></extensions></trkpt>
      <trkpt lon="-123.281370" lat="44.562178"><ele>72.373322</ele><time>2020-12-16T00:38:34Z</time><extensions><speed>4.723801</speed><course>136.963715</course><hAcc>0.940010</hAcc><vAcc>0.663765</vAcc></extensions></trkpt>
      <trkpt lon="-123.281311" lat="44.562174"><ele>72.355209</ele><time>2020-12-16T00:38:35Z</time><extensions><speed>4.767183</speed><course>119.000587</course><hAcc>0.938593</hAcc><vAcc>0.662757</vAcc></extensions></trkpt>
      <trkpt lon="-123.281251" lat="44.562170"><ele>72.337929</ele><time>2020-12-16T00:38:36Z</time><extensions><speed>4.796562</speed><course>105.829887</course><hAcc>0.936552</hAcc><vAcc>0.661311</vAcc></extensions></trkpt>
      <trkpt lon="-123.281190" lat="44.562168"><ele>72.321236</ele><time>2020-12-16T00:38:37Z</time><extensions><speed>4.811914</speed><course>127.759743</course><hAcc>0.934175</hAcc><vAcc>0.659628</vAcc></extensions></trkpt>
      <trkpt lon="-123.281130" lat="44.562167"><ele>72.305077</ele><time>2020-12-16T00:38:38Z</time><extensions><speed>4.812932</speed><course>108.017120</course><hAcc>0.931722</hAcc><vAcc>0.657895</vAcc></extensions></trkpt>
      <trkpt lon="-123.281069" lat="44.562166"><ele>72.289490</ele><time>2020-12-16T00:38:39Z</time><extensions><speed>4.798935</speed><course>127.930283</course><hAcc>0.929394</hAcc><vAcc>0.656252</vAcc></extensions></trkpt>
      <trkpt lon="-123.281009" lat="44.562165"><ele>72.274460</ele><time>2020-12-16T00:38:40Z</time><extensions><speed>4.769107</speed><course>151.003036</course><hAcc>0.927323</hAcc><vAcc>0.654792</vAcc></extensions></trkpt>
      <trkpt lon="-123.280949" lat="44.562165"><ele>72.259979</ele><time>2020-12-16T00:38:41Z</time><extensions><speed>4.723065</speed><course>205.222900</course><hAcc>0.925576</hAcc><vAcc>0.653561</vAcc></extensions></trkpt>
      <trkpt lon="-123.280890" lat="44.562165"><ele>72.246178</ele><time>2020-12-16T00:38:42Z</time><extensions><speed>4.661072</speed><course>212.527908</course><hAcc>0.924172</hAcc><vAcc>0.652573</vAcc></extensions></trkpt>
      <trkpt lon="-123.280832" lat="44.562165"><ele>72.233414</ele><time>2020-12-16T00:38:43Z</time><extensions><speed>4.583405</speed><course>202.827469</course><hAcc>0.923093</hAcc><vAcc>0.651815</vAcc></extensions></trkpt>
      <trkpt lon="-123.280775" lat="44.562165"><ele>72.222115</ele><time>2020-12-16T00:38:44Z</time><extensions><speed>4.490677</speed><course>194.322556</course><hAcc>0.922302</hAcc><vAcc>0.651260</vAcc></extensions></trkpt>
      <trkpt lon="-123.280719" lat="44.562165"><ele>72.212494</ele><time>2020-12-16T00:38:45Z</time><extensions><speed>4.383853</speed><course>219.056519</course><hAcc>0.921758</hAcc><vAcc>0.650878</vAcc></extensions></trkpt>
      <trkpt lon="-123.280665" lat="44.562165"><ele>72.204407</ele><time>2020-12-16T00:38:46Z</time><extensions><speed>4.264157</speed><course>209.466431</course><hAcc>0.921418</hAcc><vAcc>0.650640</vAcc></extensions></trkpt>
      <trkpt lon="-123.280612" lat="44.562165"><ele>72.197418</ele><time>2020-12-16T00:38:47Z</time><extensions><speed>4.133886</speed><course>210.578140</course><hAcc>0.921251</hAcc><vAcc>0.650523</vAcc></extensions></trkpt>
      <trkpt lon="-123.280561" lat="44.562165"><ele>72.190842</ele><time>2020-12-16T00:38:48Z</time><extensions><speed>3.995693</speed><course>202.670120</course><hAcc>0.921239</hAcc><vAcc>0.650514</vAcc></extensions></trkpt>
      <trkpt lon="-123.280511" lat="44.562164"><ele>72.183868</ele><time>2020-12-16T00:38:49Z</time><extensions><speed>3.852297</speed><course>187.536926</course><hAcc>0.921377</hAcc><vAcc>0.650611</vAcc></extensions></trkpt>
      <trkpt lon="-123.280464" lat="44.562163"><ele>72.175850</ele><time>2020-12-16T00:38:50Z</time><extensions><speed>3.706708</speed><course>196.594711</course><hAcc>0.921678</hAcc><vAcc>0.650822</vAcc></extensions></trkpt>
      <trkpt lon="-123.280418" lat="44.562163"><ele>72.166519</ele><time>2020-12-16T00:38:51Z</time><extensions><speed>3.561487</speed><course>198.213242</course><hAcc>0.922167</hAcc><vAcc>0.651165</vAcc></extensions></trkpt>
      <trkpt lon="-123.280374" lat="44.562162"><ele>72.156166</ele><time>2020-12-16T00:38:52Z</time><extensions><speed>3.419063</speed><course>199.069733</course><hAcc>0.922880</hAcc><vAcc>0.651665</vAcc></extensions></trkpt>
      <trkpt lon="-123.280332" lat="44.562162"><ele>72.145546</ele><time>2020-12-16T00:38:53Z</time><extensions><speed>3.281803</speed><course>202.819763</course><hAcc>0.923856</hAcc><vAcc>0.652351</vAcc></extensions></trkpt>
      <trkpt lon="-123.280292" lat="44.562161"><ele>72.135551</ele><time>2020-12-16T00:38:54Z</time><extensions><speed>3.151551</speed><course>196.131943</course><hAcc>0.925131</hAcc><vAcc>0.653248</vAcc></extensions></trkpt>
      <trkpt lon="-123.280253" lat="44.562161"><ele>72.127007</ele><time>2020-12-16T00:38:55Z</time><extensions><speed>3.029509</speed><course>200.286255</course><hAcc>0.926725</hAcc><vAcc>0.654370</vAcc></extensions></trkpt>
      <trkpt lon="-123.280215" lat="44.562162"><ele>72.120674</ele><time>2020-12-16T00:38:56Z</time><extensions><speed>2.916641</speed><course>201.251785</course><hAcc>0.928630</hAcc><vAcc>0.655713</vAcc></extensions></trkpt>
      <trkpt lon="-123.280179" lat="44.562163"><ele>72.116989</ele><time>2020-12-16T00:38:57Z</time><extensions><speed>2.813661</speed><course>202.202698</course><hAcc>0.930796</hAcc><vAcc>0.657242</vAcc></extensions></trkpt>
      <trkpt lon="-123.280144" lat="44.562164"><ele>72.115906</ele><time>2020-12-16T00:38:58Z</time><extensions><speed>2.720517</speed><course>196.895386</course><hAcc>0.933122</hAcc><vAcc>0.658884</vAcc></extensions></trkpt>
      <trkpt lon="-123.280111" lat="44.562166"><ele>72.116928</ele><time>2020-12-16T00:38:59Z</time><extensions><speed>2.636552</speed><course>193.223190</course><hAcc>0.935443</hAcc><vAcc>0.660526</vAcc></extensions></trkpt>
      <trkpt lon="-123.280078" lat="44.562169"><ele>72.119263</ele><time>2020-12-16T00:39:00Z</time><extensions><speed>2.560557</speed><course>185.192734</course><hAcc>0.937548</hAcc><vAcc>0.662018</vAcc></extensions></trkpt>
      <trkpt lon="-123.280047" lat="44.562172"><ele>72.121933</ele><time>2020-12-16T00:39:01Z</time><extensions><speed>2.491143</speed><course>196.831329</course><hAcc>0.939203</hAcc><vAcc>0.663192</vAcc></extensions></trkpt>
      <trkpt lon="-123.280016" lat="44.562176"><ele>72.123909</ele><time>2020-12-16T00:39:02Z</time><extensions><speed>2.427110</speed><course>197.365341</course><hAcc>0.940217</hAcc><vAcc>0.663915</vAcc></extensions></trkpt>
      <trkpt lon="-123.279987" lat="44.562181"><ele>72.124344</ele><time>2020-12-16T00:39:03Z</time><extensions><speed>2.367538</speed><course>199.280273</course><hAcc>0.940564</hAcc><vAcc>0.664164</vAcc></extensions></trkpt>
      <trkpt lon="-123.279959" lat="44.562187"><ele>72.122765</ele><time>2020-12-16T00:39:04Z</time><extensions><speed>2.312163</speed><course>207.802399</course><hAcc>0.940561</hAcc><vAcc>0.664162</vAcc></extensions></trkpt>
      <trkpt lon="-123.279931" lat="44.562193"><ele>72.118889</ele><time>2020-12-16T00:39:05Z</time><extensions><speed>2.261636</speed><course>201.647430</course><hAcc>0.941154</hAcc><vAcc>0.664573</vAcc></extensions></trkpt>
      <trkpt lon="-123.279905" lat="44.562201"><ele>72.112495</ele><time>2020-12-16T00:39:06Z</time><extensions><speed>2.217210</speed><course>194.151199</course><hAcc>0.944281</hAcc><vAcc>0.666760</vAcc></extensions></trkpt>
      <trkpt lon="-123.279880" lat="44.562209"><ele>72.103363</ele><time>2020-12-16T00:39:07Z</time><extensions><speed>2.179521</speed><course>195.794388</course><hAcc>0.953308</hAcc><vAcc>0.673098</vAcc></extensions></trkpt>
      <trkpt lon="-123.279856" lat="44.562218"><ele>72.091415</ele><time>2020-12-16T00:39:08Z</time><extensions><speed>2.148544</speed><course>186.656586</course><hAcc>0.973388</hAcc><vAcc>0.687227</vAcc></extensions></trkpt>
      <trkpt lon="-123.279833" lat="44.562228"><ele>72.076797</ele><time>2020-12-16T00:39:09Z</time><extensions><speed>2.124415</speed><course>189.850922</course><hAcc>1.011491</hAcc><vAcc>0.714072</vAcc></extensions></trkpt>
      <trkpt lon="-123.279828" lat="44.562249"><ele>72.132507</ele><time>2020-12-16T00:39:10Z</time><extensions><speed>2.486976</speed><course>228.407959</course><hAcc>0.970524</hAcc><vAcc>0.685220</vAcc></extensions></trkpt>
      <trkpt lon="-123.279823" lat="44.562271"><ele>72.140266</ele><time>2020-12-16T00:39:11Z</time><extensions><speed>2.541159</speed><course>181.169235</course><hAcc>0.949484</hAcc><vAcc>0.670418</vAcc></extensions></trkpt>
      <trkpt lon="-123.279818" lat="44.562294"><ele>72.150429</ele><time>2020-12-16T00:39:12Z</time><extensions><speed>2.603929</speed><course>180.651520</course><hAcc>0.940745</hAcc><vAcc>0.664292</vAcc></extensions></trkpt>
      <trkpt lon="-123.279815" lat="44.562317"><ele>72.163437</ele><time>2020-12-16T00:39:13Z</time><extensions><speed>2.672267</speed><course>177.246353</course><hAcc>0.938418</hAcc><vAcc>0.662690</vAcc></extensions></trkpt>
      <trkpt lon="-123.279812" lat="44.562342"><ele>72.179382</ele><time>2020-12-16T00:39:14Z</time><extensions><speed>2.743271</speed><course>181.165649</course><hAcc>0.938621</hAcc><vAcc>0.662877</vAcc></extensions></trkpt>
      <trkpt lon="-123.279811" lat="44.562367"><ele>72.197845</ele><time>2020-12-16T00:39:15Z</time><extensions><speed>2.814194</speed><course>180.461334</course><hAcc>0.939069</hAcc><vAcc>0.663255</vAcc></extensions></trkpt>
      <trkpt lon="-123.279810" lat="44.562392"><ele>72.217873</ele><time>2020-12-16T00:39:16Z</time><extensions><speed>2.882537</speed><course>166.536957</course><hAcc>0.938583</hAcc><vAcc>0.663011</vAcc></extensions></trkpt>
      <trkpt lon="-123.279810" lat="44.562419"><ele>72.238182</ele><time>2020-12-16T00:39:17Z</time><extensions><speed>2.946539</speed><course>136.963715</course><hAcc>0.936652</hAcc><vAcc>0.661804</vAcc></extensions></trkpt>
      <trkpt lon="-123.279811" lat="44.562445"><ele>72.257576</ele><time>2020-12-16T00:39:18Z</time><extensions><speed>3.005103</speed><course>119.000587</course><hAcc>0.933111</hAcc><vAcc>0.659546</vAcc></extensions></trkpt>
      <trkpt lon="-123.279812" lat="44.562473"><ele>72.275162</ele><time>2020-12-16T00:39:19Z</time><extensions><speed>3.057088</speed><course>105.829887</course><hAcc>0.927933</hAcc><vAcc>0.656245</vAcc></extensions></trkpt>
      <trkpt lon="-123.279813" lat="44.562500"><ele>72.290382</ele><time>2020-12-16T00:39:20Z</time><extensions><speed>3.101501</speed><course>127.759743</course><hAcc>0.921104</hAcc><vAcc>0.651922</vAcc></extensions></trkpt>
      <trkpt lon="-123.279815" lat="44.562528"><ele>72.303009</ele><time>2020-12-16T00:39:21Z</time><extensions><speed>3.138261</speed><course>108.017120</course><hAcc>0.912568</hAcc><vAcc>0.646573</vAcc></extensions></trkpt>
      <trkpt lon="-123.279817" lat="44.562557"><ele>72.313126</ele><time>2020-12-16T00:39:22Z</time><extensions><speed>3.167903</speed><course>127.930283</course><hAcc>0.902241</hAcc><vAcc>0.640164</vAcc></extensions></trkpt>
      <trkpt lon="-123.279819" lat="44.562585"><ele>72.321045</ele><time>2020-12-16T00:39:23Z</time><extensions><speed>3.190881</speed><course>151.003036</course><hAcc>0.890052</hAcc><vAcc>0.632665</vAcc></extensions></trkpt>
      <trkpt lon="-123.279821" lat="44.562614"><ele>72.327087</ele><time>2020-12-16T00:39:24Z</time><extensions><speed>3.207736</speed><course>205.222900</course><hAcc>0.876034</hAcc><vAcc>0.624098</vAcc></extensions></trkpt>
      <trkpt lon="-123.279824" lat="44.562643"><ele>72.331474</ele><time>2020-12-16T00:39:25Z</time><extensions><speed>3.219477</speed><course>212.527908</course><hAcc>0.860431</hAcc><vAcc>0.614607</vAcc></extensions></trkpt>
      <trkpt lon="-123.279826" lat="44.562672"><ele>72.334373</ele><time>2020-12-16T00:39:26Z</time><extensions><speed>3.227084</speed><course>202.827469</course><hAcc>0.843821</hAcc><vAcc>0.604530</vAcc></extensions></trkpt>
      <trkpt lon="-123.279828" lat="44.562701"><ele>72.335922</ele><time>2020-12-16T00:39:27Z</time><extensions><speed>3.230953</speed><course>194.322556</course><hAcc>0.827207</hAcc><vAcc>0.594453</vAcc></extensions></trkpt>
      <trkpt lon="-123.279830" lat="44.562730"><ele>72.336395</ele><time>2020-12-16T00:39:28Z</time><extensions><speed>3.230865</speed><course>219.056519</course><hAcc>0.811807</hAcc><vAcc>0.585090</vAcc></extensions></trkpt>
      <trkpt lon="-123.279831" lat="44.562759"><ele>72.336296</ele><time>2020-12-16T00:39:29Z</time><extensions><speed>3.226203</speed><course>209.466431</course><hAcc>0.798542</hAcc><vAcc>0.576985</vAcc></extensions></trkpt>
      <trkpt lon="-123.279832" lat="44.562788"><ele>72.336288</ele><time>2020-12-16T00:39:30Z</time><extensions><speed>3.216479</speed><course>210.578140</course><hAcc>0.787825</hAcc><vAcc>0.570388</vAcc></extensions></trkpt>
      <trkpt lon="-123.279833" lat="44.562817"><ele>72.337120</ele><time>2020-12-16T00:39:31Z</time><extensions><speed>3.201121</speed><course>202.670120</course><hAcc>0.779659</hAcc><vAcc>0.565311</vAcc></extensions></trkpt>
      <trkpt lon="-123.279833" lat="44.562845"><ele>72.339409</ele><time>2020-12-16T00:39:32Z</time><extensions><speed>3.179117</speed><course>187.536926</course><hAcc>0.773779</hAcc><vAcc>0.561609</vAcc></extensions></trkpt>
      <trkpt lon="-123.279833" lat="44.562874"><ele>72.343422</ele><time>2020-12-16T00:39:33Z</time><extensions><speed>3.149700</speed><course>196.594711</course><hAcc>0.769779</hAcc><vAcc>0.559053</vAcc></extensions></trkpt>
      <trkpt lon="-123.279832" lat="44.562902"><ele>72.349144</ele><time>2020-12-16T00:39:34Z</time><extensions><speed>3.111692</speed><course>198.213242</course><hAcc>0.767222</hAcc><vAcc>0.557389</vAcc></extensions></trkpt>
      <trkpt lon="-123.279831" lat="44.562930"><ele>72.356270</ele><time>2020-12-16T00:39:35Z</time><extensions><speed>3.062380</speed><course>199.069733</course><hAcc>0.765704</hAcc><vAcc>0.556381</vAcc></extensions></trkpt>
      <trkpt lon="-123.279829" lat="44.562957"><ele>72.364319</ele><time>2020-12-16T00:39:36Z</time><extensions><speed>2.999080</speed><course>202.819763</course><hAcc>0.764899</hAcc><vAcc>0.555837</vAcc></extensions></trkpt>
      <trkpt lon="-123.279828" lat="44.562984"><ele>72.372864</ele><time>2020-12-16T00:39:37Z</time><extensions><speed>2.920852</speed><course>196.131943</course><hAcc>0.764574</hAcc><vAcc>0.555620</vAcc></extensions></trkpt>
      <trkpt lon="-123.279826" lat="44.563010"><ele>72.382057</ele><time>2020-12-16T00:39:38Z</time><extensions><speed>2.828365</speed><course>200.286255</course><hAcc>0.764591</hAcc><vAcc>0.555649</vAcc></extensions></trkpt>
      <trkpt lon="-123.279823" lat="44.563034"><ele>72.392784</ele><time>2020-12-16T00:39:39Z</time><extensions><speed>2.723009</speed><course>201.251785</course><hAcc>0.764906</hAcc><vAcc>0.555901</vAcc></extensions></trkpt>
      <trkpt lon="-123.279821" lat="44.563058"><ele>72.406265</ele><time>2020-12-16T00:39:40Z</time><extensions><speed>2.606293</speed><course>202.202698</course><hAcc>0.765562</hAcc><vAcc>0.556408</vAcc></extensions></trkpt>
      <trkpt lon="-123.279819" lat="44.563081"><ele>72.423302</ele><time>2020-12-16T00:39:41Z</time><extensions><speed>2.479786</speed><course>196.895386</course><hAcc>0.766685</hAcc><vAcc>0.557252</vAcc></extensions></trkpt>
      <trkpt lon="-123.279816" lat="44.563103"><ele>72.444199</ele><time>2020-12-16T00:39:42Z</time><extensions><speed>2.345564</speed><course>193.223190</course><hAcc>0.768482</hAcc><vAcc>0.558563</vAcc></extensions></trkpt>
      <trkpt lon="-123.279814" lat="44.563123"><ele>72.469078</ele><time>2020-12-16T00:39:43Z</time><extensions><speed>2.206947</speed><course>185.192734</course><hAcc>0.771229</hAcc><vAcc>0.560509</vAcc></extensions></trkpt>
      <trkpt lon="-123.279813" lat="44.563143"><ele>72.498016</ele><time>2020-12-16T00:39:44Z</time><extensions><speed>2.068984</speed><course>196.831329</course><hAcc>0.775256</hAcc><vAcc>0.563283</vAcc></extensions></trkpt>
      <trkpt lon="-123.279812" lat="44.563161"><ele>72.530952</ele><time>2020-12-16T00:39:45Z</time><extensions><speed>1.938278</speed><course>197.365341</course><hAcc>0.780917</hAcc><vAcc>0.567080</vAcc></extensions></trkpt>
      <trkpt lon="-123.279812" lat="44.563177"><ele>72.567650</ele><time>2020-12-16T00:39:46Z</time><extensions><speed>1.822389</speed><course>199.280273</course><hAcc>0.788537</hAcc><vAcc>0.572068</vAcc></extensions></trkpt>
      <trkpt lon="-123.279814" lat="44.563193"><ele>72.607864</ele><time>2020-12-16T00:39:47Z</time><extensions><speed>1.728971</speed><course>207.802399</course><hAcc>0.798343</hAcc><vAcc>0.578347</vAcc></extensions></trkpt>
      <trkpt lon="-123.279816" lat="44.563209"><ele>72.651436</ele><time>2020-12-16T00:39:48Z</time><extensions><speed>1.666380</speed><course>201.647430</course><hAcc>0.810393</hAcc><vAcc>0.585908</vAcc></extensions></trkpt>
      <trkpt lon="-123.279821" lat="44.563223"><ele>72.697876</ele><time>2020-12-16T00:39:49Z</time><extensions><speed>1.643209</speed><course>194.151199</course><hAcc>0.824508</hAcc><vAcc>0.594607</vAcc></extensions></trkpt>
      <trkpt lon="-123.279828" lat="44.563237"><ele>72.746094</ele><time>2020-12-16T00:39:50Z</time><extensions><speed>1.665819</speed><course>195.794388</course><hAcc>0.840251</hAcc><vAcc>0.604170</vAcc></extensions></trkpt>
      <trkpt lon="-123.279837" lat="44.563251"><ele>72.794502</ele><time>2020-12-16T00:39:51Z</time><extensions><speed>1.735490</speed><course>186.656586</course><hAcc>0.857013</hAcc><vAcc>0.614264</vAcc></extensions></trkpt>
      <trkpt lon="-123.279849" lat="44.563265"><ele>72.841331</ele><time>2020-12-16T00:39:52Z</time><extensions><speed>1.846394</speed><course>189.850922</course><hAcc>0.874477</hAcc><vAcc>0.624807</vAcc></extensions></trkpt>
      <trkpt lon="-123.279863" lat="44.563278"><ele>72.884911</ele><time>2020-12-16T00:39:53Z</time><extensions><speed>1.987396</speed><course>207.413498</course><hAcc>0.893490</hAcc><vAcc>0.636518</vAcc></extensions></trkpt>
      <trkpt lon="-123.279880" lat="44.563292"><ele>72.923943</ele><time>2020-12-16T00:39:54Z</time><extensions><speed>2.143990</speed><course>204.757538</course><hAcc>0.916678</hAcc><vAcc>0.651334</vAcc></extensions></trkpt>
      <trkpt lon="-123.279900" lat="44.563306"><ele>72.957603</ele><time>2020-12-16T00:39:55Z</time><extensions><speed>2.299935</speed><course>206.813416</course><hAcc>0.948713</hAcc><vAcc>0.672608</vAcc></extensions></trkpt>
      <trkpt lon="-123.279923" lat="44.563320"><ele>72.985703</ele><time>2020-12-16T00:39:56Z</time><extensions><speed>2.440196</speed><course>192.396255</course><hAcc>0.996248</hAcc><vAcc>0.705080</vAcc></extensions></trkpt>
      <trkpt lon="-123.279972" lat="44.563322"><ele>73.053833</ele><time>2020-12-16T00:39:57Z</time><extensions><speed>4.493785</speed><course>228.407959</course><hAcc>0.970838</hAcc><vAcc>0.685415</vAcc></extensions></trkpt>
      <trkpt lon="-123.280027" lat="44.563333"><ele>73.032326</ele><time>2020-12-16T00:39:58Z</time><extensions><speed>4.556624</speed><course>181.169235</course><hAcc>0.949780</hAcc><vAcc>0.670601</vAcc></extensions></trkpt>
      <trkpt lon="-123.280083" lat="44.563343"><ele>73.012108</ele><time>2020-12-16T00:39:59Z</time><extensions><speed>4.619797</speed><course>180.651520</course><hAcc>0.941065</hAcc><vAcc>0.664488</vAcc></extensions></trkpt>
      <trkpt lon="-123.280141" lat="44.563351"><ele>72.993973</ele><time>2020-12-16T00:40:00Z</time><extensions><speed>4.680582</speed><course>177.246353</course><hAcc>0.938848</hAcc><vAcc>0.662947</vAcc></extensions></trkpt>
      <trkpt lon="-123.280199" lat="44.563359"><ele>72.978622</ele><time>2020-12-16T00:40:01Z</time><extensions><speed>4.737185</speed><course>181.165649</course><hAcc>0.939304</hAcc><vAcc>0.663280</vAcc></extensions></trkpt>
      <trkpt lon="-123.280258" lat="44.563366"><ele>72.966507</ele><time>2020-12-16T00:40:02Z</time><extensions><speed>4.788432</speed><course>180.461334</course><hAcc>0.940244</hAcc><vAcc>0.663943</vAcc></extensions></trkpt>
      <trkpt lon="-123.280318" lat="44.563372"><ele>72.957794</ele><time>2020-12-16T00:40:03Z</time><extensions><speed>4.833735</speed><course>166.536957</course><hAcc>0.940618</hAcc><vAcc>0.664202</vAcc></extensions></trkpt>
      <trkpt lon="-123.280379" lat="44.563377"><ele>72.952385</ele><time>2020-12-16T00:40:04Z</time><extensions><speed>4.872856</speed><course>136.963715</course><hAcc>0.940096</hAcc><vAcc>0.663826</vAcc></extensions></trkpt>
      <trkpt lon="-123.280440" lat="44.563381"><ele>72.950012</ele><time>2020-12-16T00:40:05Z</time><extensions><speed>4.905607</speed><course>119.000587</course><hAcc>0.938749</hAcc><vAcc>0.662866</vAcc></extensions></trkpt>
      <trkpt lon="-123.280502" lat="44.563385"><ele>72.950134</ele><time>2020-12-16T00:40:06Z</time><extensions><speed>4.931881</speed><course>105.829887</course><hAcc>0.936835</hAcc><vAcc>0.661507</vAcc></extensions></trkpt>
      <trkpt lon="-123.280564" lat="44.563388"><ele>72.951881</ele><time>2020-12-16T00:40:07Z</time><extensions><speed>4.951926</speed><course>127.759743</course><hAcc>0.934670</hAcc><vAcc>0.659973</vAcc></extensions></trkpt>
      <trkpt lon="-123.280626" lat="44.563391"><ele>72.954269</ele><time>2020-12-16T00:40:08Z</time><extensions><speed>4.966390</speed><course>108.017120</course><hAcc>0.932551</hAcc><vAcc>0.658474</vAcc></extensions></trkpt>
      <trkpt lon="-123.280689" lat="44.563393"><ele>72.956360</ele><time>2020-12-16T00:40:09Z</time><extensions><speed>4.975709</speed><course>127.930283</course><hAcc>0.930723</hAcc><vAcc>0.657181</vAcc></extensions></trkpt>
      <trkpt lon="-123.280751" lat="44.563395"><ele>72.957314</ele><time>2020-12-16T00:40:10Z</time><extensions><speed>4.980127</speed><course>151.003036</course><hAcc>0.929365</hAcc><vAcc>0.656221</vAcc></extensions></trkpt>
      <trkpt lon="-123.280814" lat="44.563397"><ele>72.956474</ele><time>2020-12-16T00:40:11Z</time><extensions><speed>4.979250</speed><course>205.222900</course><hAcc>0.928592</hAcc><vAcc>0.655675</vAcc></extensions></trkpt>
      <trkpt lon="-123.280876" lat="44.563398"><ele>72.953674</ele><time>2020-12-16T00:40:12Z</time><extensions><speed>4.972091</speed><course>212.527908</course><hAcc>0.928460</hAcc><vAcc>0.655582</vAcc></extensions></trkpt>
      <trkpt lon="-123.280939" lat="44.563399"><ele>72.949501</ele><time>2020-12-16T00:40:13Z</time><extensions><speed>4.957648</speed><course>202.827469</course><hAcc>0.928974</hAcc><vAcc>0.655945</vAcc></extensions></trkpt>
      <trkpt lon="-123.281001" lat="44.563399"><ele>72.945259</ele><time>2020-12-16T00:40:14Z</time><extensions><speed>4.935508</speed><course>194.322556</course><hAcc>0.930085</hAcc><vAcc>0.656731</vAcc></extensions></trkpt>
      <trkpt lon="-123.281063" lat="44.563399"><ele>72.942619</ele><time>2020-12-16T00:40:15Z</time><extensions><speed>4.905809</speed><course>219.056519</course><hAcc>0.931696</hAcc><vAcc>0.657870</vAcc></extensions></trkpt>
      <trkpt lon="-123.281125" lat="44.563399"><ele>72.943130</ele><time>2020-12-16T00:40:16Z</time><extensions><speed>4.868460</speed><course>209.466431</course><hAcc>0.933649</hAcc><vAcc>0.659252</vAcc></extensions></trkpt>
      <trkpt lon="-123.281186" lat="44.563398"><ele>72.947922</ele><time>2020-12-16T00:40:17Z</time><extensions><speed>4.822908</speed><course>210.578140</course><hAcc>0.935736</hAcc><vAcc>0.660730</vAcc></extensions></trkpt>
      <trkpt lon="-123.281246" lat="44.563396"><ele>72.957695</ele><time>2020-12-16T00:40:18Z</time><extensions><speed>4.768559</speed><course>202.670120</course><hAcc>0.937702</hAcc><vAcc>0.662124</vAcc></extensions></trkpt>
      <trkpt lon="-123.281305" lat="44.563394"><ele>72.972549</ele><time>2020-12-16T00:40:19Z</time><extensions><speed>4.705079</speed><course>187.536926</course><hAcc>0.939282</hAcc><vAcc>0.663247</vAcc></extensions></trkpt>
      <trkpt lon="-123.281364" lat="44.563391"><ele>72.991768</ele><time>2020-12-16T00:40:20Z</time><extensions><speed>4.632512</speed><course>196.594711</course><hAcc>0.940261</hAcc><vAcc>0.663945</vAcc></extensions></trkpt>
      <trkpt lon="-123.281422" lat="44.563387"><ele>73.013855</ele><time>2020-12-16T00:40:21Z</time><extensions><speed>4.552050</speed><course>198.213242</course><hAcc>0.940595</hAcc><vAcc>0.664186</vAcc></extensions></trkpt>
      <trkpt lon="-123.281478" lat="44.563382"><ele>73.036934</ele><time>2020-12-16T00:40:22Z</time><extensions><speed>4.465871</speed><course>199.069733</course><hAcc>0.940591</hAcc><vAcc>0.664184</vAcc></extensions></trkpt>
      <trkpt lon="-123.281533" lat="44.563376"><ele>73.059219</ele><time>2020-12-16T00:40:23Z</time><extensions><speed>4.376701</speed><course>202.819763</course><hAcc>0.941188</hAcc><vAcc>0.664596</vAcc></extensions></trkpt>
      <trkpt lon="-123.281587" lat="44.563369"><ele>73.079445</ele><time>2020-12-16T00:40:24Z</time><extensions><speed>4.288033</speed><course>196.131943</course><hAcc>0.944319</hAcc><vAcc>0.666787</vAcc></extensions></trkpt>
      <trkpt lon="-123.281639" lat="44.563361"><ele>73.096970</ele><time>2020-12-16T00:40:25Z</time><extensions><speed>4.203946</speed><course>200.286255</course><hAcc>0.953348</hAcc><vAcc>0.673127</vAcc></extensions></trkpt>
      <trkpt lon="-123.281689" lat="44.563351"><ele>73.111763</ele><time>2020-12-16T00:40:26Z</time><extensions><speed>4.128243</speed><course>201.251785</course><hAcc>0.973429</hAcc><vAcc>0.687256</vAcc></extensions></trkpt>
      <trkpt lon="-123.281738" lat="44.563340"><ele>73.124176</ele><time>2020-12-16T00:40:27Z</time><extensions><speed>4.063715</speed><course>202.202698</course><hAcc>1.011530</hAcc><vAcc>0.714100</vAcc></extensions></trkpt>
      <trkpt lon="-123.281765" lat="44.563308"><ele>73.200874</ele><time>2020-12-16T00:40:28Z</time><extensions><speed>4.126195</speed><course>228.407959</course><hAcc>0.970845</hAcc><vAcc>0.685420</vAcc></extensions></trkpt>
      <trkpt lon="-123.281784" lat="44.563273"><ele>73.158936</ele><time>2020-12-16T00:40:29Z</time><extensions><speed>4.204092</speed><course>181.169235</course><hAcc>0.949785</hAcc><vAcc>0.670605</vAcc></extensions></trkpt>
      <trkpt lon="-123.281802" lat="44.563237"><ele>73.118126</ele><time>2020-12-16T00:40:30Z</time><extensions><speed>4.292899</speed><course>180.651520</course><hAcc>0.941086</hAcc><vAcc>0.664503</vAcc></extensions></trkpt>
      <trkpt lon="-123.281818" lat="44.563200"><ele>73.077934</ele><time>2020-12-16T00:40:31Z</time><extensions><speed>4.387856</speed><course>177.246353</course><hAcc>0.938910</hAcc><vAcc>0.662990</vAcc></extensions></trkpt>
      <trkpt lon="-123.281832" lat="44.563161"><ele>73.037445</ele><time>2020-12-16T00:40:32Z</time><extensions><speed>4.483037</speed><course>181.165649</course><hAcc>0.939446</hAcc><vAcc>0.663378</vAcc></extensions></trkpt>
      <trkpt lon="-123.281844" lat="44.563121"><ele>72.995911</ele><time>2020-12-16T00:40:33Z</time><extensions><speed>4.573255</speed><course>180.461334</course><hAcc>0.940521</hAcc><vAcc>0.664136</vAcc></extensions></trkpt>
      <trkpt lon="-123.281854" lat="44.563080"><ele>72.953079</ele><time>2020-12-16T00:40:34Z</time><extensions><speed>4.654892</speed><course>166.536957</course><hAcc>0.941106</hAcc><vAcc>0.664542</vAcc></extensions></trkpt>
      <trkpt lon="-123.281862" lat="44.563038"><ele>72.909088</ele><time>2020-12-16T00:40:35Z</time><extensions><speed>4.725595</speed><course>136.963715</course><hAcc>0.940895</hAcc><vAcc>0.664384</vAcc></extensions></trkpt>
      <trkpt lon="-123.281869" lat="44.562996"><ele>72.864227</ele><time>2020-12-16T00:40:36Z</time><extensions><speed>4.783887</speed><course>119.000587</course><hAcc>0.939986</hAcc><vAcc>0.663732</vAcc></extensions></trkpt>
      <trkpt lon="-123.281874" lat="44.562953"><ele>72.818817</ele><time>2020-12-16T00:40:37Z</time><extensions><speed>4.828859</speed><course>105.829887</course><hAcc>0.938663</hAcc><vAcc>0.662789</vAcc></extensions></trkpt>
      <trkpt lon="-123.281878" lat="44.562909"><ele>72.773232</ele><time>2020-12-16T00:40:38Z</time><extensions><speed>4.859653</speed><course>127.759743</course><hAcc>0.937260</hAcc><vAcc>0.661791</vAcc></extensions></trkpt>
      <trkpt lon="-123.281881" lat="44.562866"><ele>72.728020</ele><time>2020-12-16T00:40:39Z</time><extensions><speed>4.875742</speed><course>108.017120</course><hAcc>0.936077</hAcc><vAcc>0.660951</vAcc></extensions></trkpt>
      <trkpt lon="-123.281883" lat="44.562822"><ele>72.683975</ele><time>2020-12-16T00:40:40Z</time><extensions><speed>4.876902</speed><course>127.930283</course><hAcc>0.935340</hAcc><vAcc>0.660428</vAcc></extensions></trkpt>
      <trkpt lon="-123.281883" lat="44.562778"><ele>72.642212</ele><time>2020-12-16T00:40:41Z</time><extensions><speed>4.862931</speed><course>151.003036</course><hAcc>0.935173</hAcc><vAcc>0.660309</vAcc></extensions></trkpt>
      <trkpt lon="-123.281883" lat="44.562734"><ele>72.603966</ele><time>2020-12-16T00:40:42Z</time><extensions><speed>4.834047</speed><course>205.222900</course><hAcc>0.935593</hAcc><vAcc>0.660608</vAcc></extensions></trkpt>
      <trkpt lon="-123.281882" lat="44.562691"><ele>72.570152</ele><time>2020-12-16T00:40:43Z</time><extensions><speed>4.791256</speed><course>212.527908</course><hAcc>0.936516</hAcc><vAcc>0.661264</vAcc></extensions></trkpt>
      <trkpt lon="-123.281879" lat="44.562648"><ele>72.541183</ele><time>2020-12-16T00:40:44Z</time><extensions><speed>4.736333</speed><course>202.827469</course><hAcc>0.937758</hAcc><vAcc>0.662147</vAcc></extensions></trkpt>
      <trkpt lon="-123.281876" lat="44.562606"><ele>72.516975</ele><time>2020-12-16T00:40:45Z</time><extensions><speed>4.671441</speed><course>194.322556</course><hAcc>0.939066</hAcc><vAcc>0.663079</vAcc></extensions></trkpt>
      <trkpt lon="-123.281871" lat="44.562564"><ele>72.497200</ele><time>2020-12-16T00:40:46Z</time><extensions><speed>4.598941</speed><course>219.056519</course><hAcc>0.940157</hAcc><vAcc>0.663858</vAcc></extensions></trkpt>
      <trkpt lon="-123.281865" lat="44.562523"><ele>72.481430</ele><time>2020-12-16T00:40:47Z</time><extensions><speed>4.521301</speed><course>209.466431</course><hAcc>0.940789</hAcc><vAcc>0.664313</vAcc></extensions></trkpt>
      <trkpt lon="-123.281858" lat="44.562483"><ele>72.469200</ele><time>2020-12-16T00:40:48Z</time><extensions><speed>4.440619</speed><course>210.578140</course><hAcc>0.940889</hAcc><vAcc>0.664390</vAcc></extensions></trkpt>
      <trkpt lon="-123.281849" lat="44.562444"><ele>72.459892</ele><time>2020-12-16T00:40:49Z</time><extensions><speed>4.358788</speed><course>202.670120</course><hAcc>0.940736</hAcc><vAcc>0.664284</vAcc></extensions></trkpt>
      <trkpt lon="-123.281839" lat="44.562406"><ele>72.452675</ele><time>2020-12-16T00:40:50Z</time><extensions><speed>4.277886</speed><course>187.536926</course><hAcc>0.941245</hAcc><vAcc>0.664636</vAcc></extensions></trkpt>
      <trkpt lon="-123.281827" lat="44.562369"><ele>72.446655</ele><time>2020-12-16T00:40:51Z</time><extensions><speed>4.200063</speed><course>196.594711</course><hAcc>0.944332</hAcc><vAcc>0.666796</vAcc></extensions></trkpt>
      <trkpt lon="-123.281813" lat="44.562333"><ele>72.441048</ele><time>2020-12-16T00:40:52Z</time><extensions><speed>4.127498</speed><course>198.213242</course><hAcc>0.953346</hAcc><vAcc>0.673125</vAcc></extensions></trkpt>
      <trkpt lon="-123.281797" lat="44.562298"><ele>72.435104</ele><time>2020-12-16T00:40:53Z</time><extensions><speed>4.062492</speed><course>199.069733</course><hAcc>0.973430</hAcc><vAcc>0.687256</vAcc></extensions></trkpt>
      <trkpt lon="-123.281780" lat="44.562264"><ele>72.428299</ele><time>2020-12-16T00:40:54Z</time><extensions><speed>4.007101</speed><course>202.819763</course><hAcc>1.011544</hAcc><vAcc>0.714110</vAcc></extensions></trkpt>
      <trkpt lon="-123.281728" lat="44.562249"><ele>72.395767</ele><time>2020-12-16T00:40:55Z</time><extensions><speed>4.137916</speed><course>228.407959</course><hAcc>0.970801</hAcc><vAcc>0.685389</vAcc></extensions></trkpt>
      <trkpt lon="-123.281679" lat="44.562236"><ele>72.364700</ele><time>2020-12-16T00:40:56Z</time><extensions><speed>4.218259</speed><course>181.169235</course><hAcc>0.949742</hAcc><vAcc>0.670575</vAcc></extensions></trkpt>
      <trkpt lon="-123.281628" lat="44.562224"><ele>72.336502</ele><time>2020-12-16T00:40:57Z</time><extensions><speed>4.307937</speed><course>180.651520</course><hAcc>0.941029</hAcc><vAcc>0.664463</vAcc></extensions></trkpt>
      <trkpt lon="-123.281575" lat="44.562214"><ele>72.312080</ele><time>2020-12-16T00:40:58Z</time><extensions><speed>4.400555</speed><course>177.246353</course><hAcc>0.938814</hAcc><vAcc>0.662923</vAcc></extensions></trkpt>
      <trkpt lon="-123.281520" lat="44.562206"><ele>72.292366</ele><time>2020-12-16T00:40:59Z</time><extensions><speed>4.489722</speed><course>181.165649</course><hAcc>0.939272</hAcc><vAcc>0.663257</vAcc></extensions></trkpt>
      <trkpt lon="-123.281464" lat="44.562198"><ele>72.278381</ele><time>2020-12-16T00:41:00Z</time><extensions><speed>4.570051</speed><course>180.461334</course><hAcc>0.940208</hAcc><vAcc>0.663918</vAcc></extensions></trkpt>
      <trkpt lon="-123.281407" lat="44.562193"><ele>72.270790</ele><time>2020-12-16T00:41:01Z</time><extensions><speed>4.637719</speed><course>166.536957</course><hAcc>0.940569</hAcc><vAcc>0.664168</vAcc></extensions></trkpt>
      <trkpt lon="-123.281349" lat="44.562188"><ele>72.269409</ele><time>2020-12-16T00:41:02Z</time><extensions><speed>4.690535</speed><course>136.963715</course><hAcc>0.940014</hAcc><vAcc>0.663768</vAcc></extensions></trkpt>
      <trkpt lon="-123.281289" lat="44.562185"><ele>72.273308</ele><time>2020-12-16T00:41:03Z</time><extensions><speed>4.727783</speed><course>119.000587</course><hAcc>0.938597</hAcc><vAcc>0.662761</vAcc></extensions></trkpt>
      <trkpt lon="-123.281230" lat="44.562183"><ele>72.281181</ele><time>2020-12-16T00:41:04Z</time><extensions><speed>4.749423</speed><course>105.829887</course><hAcc>0.936557</hAcc><vAcc>0.661314</vAcc></extensions></trkpt>
      <trkpt lon="-123.281170" lat="44.562181"><ele>72.291489</ele><time>2020-12-16T00:41:05Z</time><extensions><speed>4.755404</speed><course>127.759743</course><hAcc>0.934179</hAcc><vAcc>0.659631</vAcc></extensions></trkpt>
      <trkpt lon="-123.281110" lat="44.562181"><ele>72.302689</ele><time>2020-12-16T00:41:06Z</time><extensions><speed>4.745194</speed><course>108.017120</course><hAcc>0.931725</hAcc><vAcc>0.657897</vAcc></extensions></trkpt>
      <trkpt lon="-123.281051" lat="44.562180"><ele>72.313622</ele><time>2020-12-16T00:41:07Z</time><extensions><speed>4.718066</speed><course>127.930283</course><hAcc>0.929396</hAcc><vAcc>0.656254</vAcc></extensions></trkpt>
      <trkpt lon="-123.280992" lat="44.562180"><ele>72.323509</ele><time>2020-12-16T00:41:08Z</time><extensions><speed>4.674147</speed><course>151.003036</course><hAcc>0.927324</hAcc><vAcc>0.654792</vAcc></extensions></trkpt>
      <trkpt lon="-123.280933" lat="44.562180"><ele>72.331718</ele><time>2020-12-16T00:41:09Z</time><extensions><speed>4.614114</speed><course>205.222900</course><hAcc>0.925576</hAcc><vAcc>0.653561</vAcc></extensions></trkpt>
      <trkpt lon="-123.280876" lat="44.562180"><ele>72.337761</ele><time>2020-12-16T00:41:10Z</time><extensions><speed>4.538291</speed><course>212.527908</course><hAcc>0.924173</hAcc><vAcc>0.652574</vAcc></extensions></trkpt>
      <trkpt lon="-123.280819" lat="44.562181"><ele>72.341156</ele><time>2020-12-16T00:41:11Z</time><extensions><speed>4.446928</speed><course>202.827469</course><hAcc>0.923098</hAcc><vAcc>0.651818</vAcc></extensions></trkpt>
      <trkpt lon="-123.280764" lat="44.562181"><ele>72.341393</ele><time>2020-12-16T00:41:12Z</time><extensions><speed>4.340439</speed><course>194.322556</course><hAcc>0.922318</hAcc><vAcc>0.651271</vAcc></extensions></trkpt>
      <trkpt lon="-123.280710" lat="44.562180"><ele>72.337982</ele><time>2020-12-16T00:41:13Z</time><extensions><speed>4.219663</speed><course>219.056519</course><hAcc>0.921795</hAcc><vAcc>0.650903</vAcc></extensions></trkpt>
      <trkpt lon="-123.280658" lat="44.562180"><ele>72.330750</ele><time>2020-12-16T00:41:14Z</time><extensions><speed>4.086065</speed><course>209.466431</course><hAcc>0.921491</hAcc><vAcc>0.650690</vAcc></extensions></trkpt>
      <trkpt lon="-123.280607" lat="44.562179"><ele>72.320000</ele><time>2020-12-16T00:41:15Z</time><extensions><speed>3.941604</speed><course>210.578140</course><hAcc>0.921382</hAcc><vAcc>0.650614</vAcc></extensions></trkpt>
      <trkpt lon="-123.280558" lat="44.562178"><ele>72.306549</ele><time>2020-12-16T00:41:16Z</time><extensions><speed>3.788997</speed><course>202.670120</course><hAcc>0.921456</hAcc><vAcc>0.650665</vAcc></extensions></trkpt>
      <trkpt lon="-123.280512" lat="44.562177"><ele>72.291595</ele><time>2020-12-16T00:41:17Z</time><extensions><speed>3.631513</speed><course>187.536926</course><hAcc>0.921716</hAcc><vAcc>0.650848</vAcc></extensions></trkpt>
      <trkpt lon="-123.280467" lat="44.562176"><ele>72.276390</ele><time>2020-12-16T00:41:18Z</time><extensions><speed>3.472546</speed><course>196.594711</course><hAcc>0.922182</hAcc><vAcc>0.651175</vAcc></extensions></trkpt>
      <trkpt lon="-123.280424" lat="44.562175"><ele>72.262131</ele><time>2020-12-16T00:41:19Z</time><extensions><speed>3.316137</speed><course>198.213242</course><hAcc>0.922883</hAcc><vAcc>0.651668</vAcc></extensions></trkpt>
      <trkpt lon="-123.280384" lat="44.562174"><ele>72.249985</ele><time>2020-12-16T00:41:20Z</time><extensions><speed>3.166805</speed><course>199.069733</course><hAcc>0.923855</hAcc><vAcc>0.652350</vAcc></extensions></trkpt>
      <trkpt lon="-123.280345" lat="44.562172"><ele>72.241104</ele><time>2020-12-16T00:41:21Z</time><extensions><speed>3.028038</speed><course>202.819763</course><hAcc>0.925129</hAcc><vAcc>0.653247</vAcc></extensions></trkpt>
      <trkpt lon="-123.280307" lat="44.562171"><ele>72.236404</ele><time>2020-12-16T00:41:22Z</time><extensions><speed>2.901932</speed><course>196.131943</course><hAcc>0.926724</hAcc><vAcc>0.654370</vAcc></extensions></trkpt>
      <trkpt lon="-123.280272" lat="44.562171"><ele>72.236435</ele><time>2020-12-16T00:41:23Z</time><extensions><speed>2.789737</speed><course>200.286255</course><hAcc>0.928631</hAcc><vAcc>0.655714</vAcc></extensions></trkpt>
      <trkpt lon="-123.280237" lat="44.562170"><ele>72.241455</ele><time>2020-12-16T00:41:24Z</time><extensions><speed>2.692192</speed><course>201.251785</course><hAcc>0.930799</hAcc><vAcc>0.657244</vAcc></extensions></trkpt>
      <trkpt lon="-123.280204" lat="44.562170"><ele>72.251480</ele><time>2020-12-16T00:41:25Z</time><extensions><speed>2.609329</speed><course>202.202698</course><hAcc>0.933126</hAcc><vAcc>0.658887</vAcc></extensions></trkpt>
      <trkpt lon="-123.280171" lat="44.562170"><ele>72.266197</ele><time>2020-12-16T00:41:26Z</time><extensions><speed>2.540014</speed><course>196.895386</course><hAcc>0.935448</hAcc><vAcc>0.660530</vAcc></extensions></trkpt>
      <trkpt lon="-123.280140" lat="44.562171"><ele>72.284821</ele><time>2020-12-16T00:41:27Z</time><extensions><speed>2.482063</speed><course>193.223190</course><hAcc>0.937553</hAcc><vAcc>0.662021</vAcc></extensions></trkpt>
      <trkpt lon="-123.280109" lat="44.562172"><ele>72.306091</ele><time>2020-12-16T00:41:28Z</time><extensions><speed>2.432735</speed><course>185.192734</course><hAcc>0.939208</hAcc><vAcc>0.663195</vAcc></extensions></trkpt>
      <trkpt lon="-123.280079" lat="44.562174"><ele>72.328583</ele><time>2020-12-16T00:41:29Z</time><extensions><speed>2.389691</speed><course>196.831329</course><hAcc>0.940222</hAcc><vAcc>0.663918</vAcc></extensions></trkpt>
      <trkpt lon="-123.280049" lat="44.562177"><ele>72.351006</ele><time>2020-12-16T00:41:30Z</time><extensions><speed>2.351220</speed><course>197.365341</course><hAcc>0.940567</hAcc><vAcc>0.664167</vAcc></extensions></trkpt>
      <trkpt lon="-123.280020" lat="44.562180"><ele>72.372269</ele><time>2020-12-16T00:41:31Z</time><extensions><speed>2.316532</speed><course>199.280273</course><hAcc>0.940564</hAcc><vAcc>0.664164</vAcc></extensions></trkpt>
      <trkpt lon="-123.279992" lat="44.562184"><ele>72.391510</ele><time>2020-12-16T00:41:32Z</time><extensions><speed>2.286014</speed><course>207.802399</course><hAcc>0.941156</hAcc><vAcc>0.664574</vAcc></extensions></trkpt>
      <trkpt lon="-123.279964" lat="44.562189"><ele>72.408180</ele><time>2020-12-16T00:41:33Z</time><extensions><speed>2.260197</speed><course>201.647430</course><hAcc>0.944283</hAcc><vAcc>0.666761</vAcc></extensions></trkpt>
      <trkpt lon="-123.279937" lat="44.562195"><ele>72.422089</ele><time>2020-12-16T00:41:34Z</time><extensions><speed>2.239377</speed><course>194.151199</course><hAcc>0.953309</hAcc><vAcc>0.673099</vAcc></extensions></trkpt>
      <trkpt lon="-123.279910" lat="44.562202"><ele>72.433411</ele><time>2020-12-16T00:41:35Z</time><extensions><speed>2.223263</speed><course>195.794388</course><hAcc>0.973389</hAcc><vAcc>0.687227</vAcc></extensions></trkpt>
      <trkpt lon="-123.279884" lat="44.562209"><ele>72.442390</ele><time>2020-12-16T00:41:36Z</time><extensions><speed>2.210681</speed><course>186.656586</course><hAcc>1.011491</hAcc><vAcc>0.714073</vAcc></extensions></trkpt>
      <trkpt lon="-123.279873" lat="44.562226"><ele>72.463730</ele><time>2020-12-16T00:41:37Z</time><extensions><speed>2.301995</speed><course>228.407959</course><hAcc>0.970738</hAcc><vAcc>0.685351</vAcc></extensions></trkpt>
      <trkpt lon="-123.279861" lat="44.562245"><ele>72.437286</ele><time>2020-12-16T00:41:38Z</time><extensions><speed>2.333989</speed><course>181.169235</course><hAcc>0.949652</hAcc><vAcc>0.670521</vAcc></extensions></trkpt>
      <trkpt lon="-123.279851" lat="44.562265"><ele>72.411598</ele><time>2020-12-16T00:41:39Z</time><extensions><speed>2.373599</speed><course>180.651520</course><hAcc>0.940907</hAcc><vAcc>0.664390</vAcc></extensions></trkpt>
      <trkpt lon="-123.279842" lat="44.562286"><ele>72.386894</ele><time>2020-12-16T00:41:40Z</time><extensions><speed>2.420799</speed><course>177.246353</course><hAcc>0.938659</hAcc><vAcc>0.662830</vAcc></extensions></trkpt>
      <trkpt lon="-123.279835" lat="44.562307"><ele>72.363419</ele><time>2020-12-16T00:41:41Z</time><extensions><speed>2.474582</speed><course>181.165649</course><hAcc>0.939085</hAcc><vAcc>0.663144</vAcc></extensions></trkpt>
      <trkpt lon="-123.279828" lat="44.562329"><ele>72.341331</ele><time>2020-12-16T00:41:42Z</time><extensions><speed>2.532760</speed><course>180.461334</course><hAcc>0.939991</hAcc><vAcc>0.663787</vAcc></extensions></trkpt>
      <trkpt lon="-123.279823" lat="44.562352"><ele>72.320618</ele><time>2020-12-16T00:41:43Z</time><extensions><speed>2.592497</speed><course>166.536957</course><hAcc>0.940328</hAcc><vAcc>0.664021</vAcc></extensions></trkpt>
      <trkpt lon="-123.279819" lat="44.562375"><ele>72.301056</ele><time>2020-12-16T00:41:44Z</time><extensions><speed>2.650965</speed><course>136.963715</course><hAcc>0.939756</hAcc><vAcc>0.663610</vAcc></extensions></trkpt>
      <trkpt lon="-123.279816" lat="44.562399"><ele>72.282349</ele><time>2020-12-16T00:41:45Z</time><extensions><speed>2.705537</speed><course>119.000587</course><hAcc>0.938330</hAcc><vAcc>0.662596</vAcc></extensions></trkpt>
      <trkpt lon="-123.279814" lat="44.562424"><ele>72.264297</ele><time>2020-12-16T00:41:46Z</time><extensions><speed>2.754181</speed><course>105.829887</course><hAcc>0.936287</hAcc><vAcc>0.661147</vAcc></extensions></trkpt>
      <trkpt lon="-123.279813" lat="44.562449"><ele>72.246658</ele><time>2020-12-16T00:41:47Z</time><extensions><speed>2.795705</speed><course>127.759743</course><hAcc>0.933903</hAcc><vAcc>0.659461</vAcc></extensions></trkpt>
      <trkpt lon="-123.279812" lat="44.562474"><ele>72.229134</ele><time>2020-12-16T00:41:48Z</time><extensions><speed>2.829703</speed><course>108.017120</course><hAcc>0.931417</hAcc><vAcc>0.657709</vAcc></extensions></trkpt>
      <trkpt lon="-123.279811" lat="44.562500"><ele>72.211433</ele><time>2020-12-16T00:41:49Z</time><extensions><speed>2.856400</speed><course>127.930283</course><hAcc>0.928992</hAcc><vAcc>0.656012</vAcc></extensions></trkpt>
      <trkpt lon="-123.279811" lat="44.562525"><ele>72.193375</ele><time>2020-12-16T00:41:50Z</time><extensions><speed>2.876288</speed><course>151.003036</course><hAcc>0.926699</hAcc><vAcc>0.654424</vAcc></extensions></trkpt>
      <trkpt lon="-123.279812" lat="44.562551"><ele>72.174950</ele><time>2020-12-16T00:41:51Z</time><extensions><speed>2.889864</speed><course>205.222900</course><hAcc>0.924510</hAcc><vAcc>0.652939</vAcc></extensions></trkpt>
      <trkpt lon="-123.279812" lat="44.562577"><ele>72.156349</ele><time>2020-12-16T00:41:52Z</time><extensions><speed>2.897854</speed><course>212.527908</course><hAcc>0.922313</hAcc><vAcc>0.651489</vAcc></extensions></trkpt>
      <trkpt lon="-123.279813" lat="44.562604"><ele>72.137985</ele><time>2020-12-16T00:41:53Z</time><extensions><speed>2.901260</speed><course>202.827469</course><hAcc>0.919910</hAcc><vAcc>0.649955</vAcc></extensions></trkpt>
      <trkpt lon="-123.279814" lat="44.562630"><ele>72.120560</ele><time>2020-12-16T00:41:54Z</time><extensions><speed>2.900882</speed><course>194.322556</course><hAcc>0.917040</hAcc><vAcc>0.648175</vAcc></extensions></trkpt>
      <trkpt lon="-123.279815" lat="44.562656"><ele>72.105034</ele><time>2020-12-16T00:41:55Z</time><extensions><speed>2.897174</speed><course>219.056519</course><hAcc>0.913382</hAcc><vAcc>0.645952</vAcc></extensions></trkpt>
      <trkpt lon="-123.279817" lat="44.562682"><ele>72.092514</ele><time>2020-12-16T00:41:56Z</time><extensions><speed>2.890491</speed><course>209.466431</course><hAcc>0.908583</hAcc><vAcc>0.643067</vAcc></extensions></trkpt>
      <trkpt lon="-123.279819" lat="44.562708"><ele>72.083992</ele><time>2020-12-16T00:41:57Z</time><extensions><speed>2.881111</speed><course>210.578140</course><hAcc>0.902283</hAcc><vAcc>0.639297</vAcc></extensions></trkpt>
      <trkpt lon="-123.279820" lat="44.562733"><ele>72.080154</ele><time>2020-12-16T00:41:58Z</time><extensions><speed>2.869320</speed><course>202.670120</course><hAcc>0.894156</hAcc><vAcc>0.634440</vAcc></extensions></trkpt>
      <trkpt lon="-123.279822" lat="44.562759"><ele>72.081268</ele><time>2020-12-16T00:41:59Z</time><extensions><speed>2.855373</speed><course>187.536926</course><hAcc>0.883968</hAcc><vAcc>0.628351</vAcc></extensions></trkpt>
      <trkpt lon="-123.279824" lat="44.562785"><ele>72.087082</ele><time>2020-12-16T00:42:00Z</time><extensions><speed>2.839213</speed><course>196.594711</course><hAcc>0.871660</hAcc><vAcc>0.620987</vAcc></extensions></trkpt>
      <trkpt lon="-123.279826" lat="44.562810"><ele>72.096855</ele><time>2020-12-16T00:42:01Z</time><extensions><speed>2.820912</speed><course>198.213242</course><hAcc>0.857438</hAcc><vAcc>0.612468</vAcc></extensions></trkpt>
      <trkpt lon="-123.279827" lat="44.562835"><ele>72.109558</ele><time>2020-12-16T00:42:02Z</time><extensions><speed>2.800744</speed><course>199.069733</course><hAcc>0.841883</hAcc><vAcc>0.603132</vAcc></extensions></trkpt>
      <trkpt lon="-123.279829" lat="44.562861"><ele>72.124146</ele><time>2020-12-16T00:42:03Z</time><extensions><speed>2.778672</speed><course>202.819763</course><hAcc>0.826027</hAcc><vAcc>0.593590</vAcc></extensions></trkpt>
      <trkpt lon="-123.279830" lat="44.562885"><ele>72.139694</ele><time>2020-12-16T00:42:04Z</time><extensions><speed>2.753844</speed><course>196.131943</course><hAcc>0.811135</hAcc><vAcc>0.584588</vAcc></extensions></trkpt>
      <trkpt lon="-123.279831" lat="44.562910"><ele>72.155502</ele><time>2020-12-16T00:42:05Z</time><extensions><speed>2.724594</speed><course>200.286255</course><hAcc>0.798186</hAcc><vAcc>0.576714</vAcc></extensions></trkpt>
      <trkpt lon="-123.279832" lat="44.562934"><ele>72.171219</ele><time>2020-12-16T00:42:06Z</time><extensions><speed>2.688810</speed><course>201.251785</course><hAcc>0.787666</hAcc><vAcc>0.570268</vAcc></extensions></trkpt>
      <trkpt lon="-123.279833" lat="44.562958"><ele>72.186882</ele><time>2020-12-16T00:42:07Z</time><extensions><speed>2.644105</speed><course>202.202698</course><hAcc>0.779666</hAcc><vAcc>0.565323</vAcc></extensions></trkpt>
      <trkpt lon="-123.279833" lat="44.562982"><ele>72.202820</ele><time>2020-12-16T00:42:08Z</time><extensions><speed>2.588940</speed><course>196.895386</course><hAcc>0.774027</hAcc><vAcc>0.561803</vAcc></extensions></trkpt>
      <trkpt lon="-123.279833" lat="44.563005"><ele>72.219559</ele><time>2020-12-16T00:42:09Z</time><extensions><speed>2.522810</speed><course>193.223190</course><hAcc>0.770476</hAcc><vAcc>0.559564</vAcc></extensions></trkpt>
      <trkpt lon="-123.279833" lat="44.563027"><ele>72.237732</ele><time>2020-12-16T00:42:10Z</time><extensions><speed>2.445659</speed><course>185.192734</course><hAcc>0.768735</hAcc><vAcc>0.558452</vAcc></extensions></trkpt>
      <trkpt lon="-123.279832" lat="44.563049"><ele>72.257950</ele><time>2020-12-16T00:42:11Z</time><extensions><speed>2.357154</speed><course>196.831329</course><hAcc>0.768598</hAcc><vAcc>0.558352</vAcc></extensions></trkpt>
      <trkpt lon="-123.279832" lat="44.563070"><ele>72.280785</ele><time>2020-12-16T00:42:12Z</time><extensions><speed>2.256553</speed><course>197.365341</course><hAcc>0.769955</hAcc><vAcc>0.559198</vAcc></extensions></trkpt>
      <trkpt lon="-123.279831" lat="44.563089"><ele>72.306686</ele><time>2020-12-16T00:42:13Z</time><extensions><speed>2.142949</speed><course>199.280273</course><hAcc>0.772791</hAcc><vAcc>0.560976</vAcc></extensions></trkpt>
      <trkpt lon="-123.279831" lat="44.563108"><ele>72.335884</ele><time>2020-12-16T00:42:14Z</time><extensions><speed>2.016008</speed><course>207.802399</course><hAcc>0.777143</hAcc><vAcc>0.563700</vAcc></extensions></trkpt>
      <trkpt lon="-123.279830" lat="44.563126"><ele>72.368378</ele><time>2020-12-16T00:42:15Z</time><extensions><speed>1.876884</speed><course>201.647430</course><hAcc>0.783029</hAcc><vAcc>0.567369</vAcc></extensions></trkpt>
      <trkpt lon="-123.279829" lat="44.563142"><ele>72.403938</ele><time>2020-12-16T00:42:16Z</time><extensions><speed>1.728287</speed><course>194.151199</course><hAcc>0.790355</hAcc><vAcc>0.571921</vAcc></extensions></trkpt>
      <trkpt lon="-123.279828" lat="44.563157"><ele>72.442078</ele><time>2020-12-16T00:42:17Z</time><extensions><speed>1.574697</speed><course>195.794388</course><hAcc>0.798819</hAcc><vAcc>0.577168</vAcc></extensions></trkpt>
      <trkpt lon="-123.279827" lat="44.563170"><ele>72.482155</ele><time>2020-12-16T00:42:18Z</time><extensions><speed>1.421289</speed><course>186.656586</course><hAcc>0.807826</hAcc><vAcc>0.582757</vAcc></extensions></trkpt>
      <trkpt lon="-123.279827" lat="44.563182"><ele>72.523590</ele><time>2020-12-16T00:42:19Z</time><extensions><speed>1.272890</speed><course>189.850922</course><hAcc>0.816454</hAcc><vAcc>0.588144</vAcc></extensions></trkpt>
      <trkpt lon="-123.279826" lat="44.563193"><ele>72.565681</ele><time>2020-12-16T00:42:20Z</time><extensions><speed>1.133493</speed><course>207.413498</course><hAcc>0.823742</hAcc><vAcc>0.592769</vAcc></extensions></trkpt>
      <trkpt lon="-123.279826" lat="44.563203"><ele>72.607635</ele><time>2020-12-16T00:42:21Z</time><extensions><speed>1.006650</speed><course>204.757538</course><hAcc>0.829270</hAcc><vAcc>0.596386</vAcc></extensions></trkpt>
      <trkpt lon="-123.279826" lat="44.563211"><ele>72.648735</ele><time>2020-12-16T00:42:22Z</time><extensions><speed>0.896487</speed><course>206.813416</course><hAcc>0.833441</hAcc><vAcc>0.599230</vAcc></extensions></trkpt>
      <trkpt lon="-123.279826" lat="44.563219"><ele>72.688248</ele><time>2020-12-16T00:42:23Z</time><extensions><speed>0.807896</speed><course>192.396255</course><hAcc>0.837411</hAcc><vAcc>0.601971</vAcc></extensions></trkpt>
      <trkpt lon="-123.279827" lat="44.563226"><ele>72.725327</ele><time>2020-12-16T00:42:24Z</time><extensions><speed>0.748257</speed><course>197.168304</course><hAcc>0.842657</hAcc><vAcc>0.605459</vAcc></extensions></trkpt>
      <trkpt lon="-123.279829" lat="44.563232"><ele>72.759064</ele><time>2020-12-16T00:42:25Z</time><extensions><speed>0.726804</speed><course>191.501495</course><hAcc>0.850222</hAcc><vAcc>0.610281</vAcc></extensions></trkpt>
      <trkpt lon="-123.279832" lat="44.563239"><ele>72.788513</ele><time>2020-12-16T00:42:26Z</time><extensions><speed>0.751039</speed><course>193.484879</course><hAcc>0.860269</hAcc><vAcc>0.616508</vAcc></extensions></trkpt>
      <trkpt lon="-123.279837" lat="44.563245"><ele>72.812851</ele><time>2020-12-16T00:42:27Z</time><extensions><speed>0.824018</speed><course>196.994720</course><hAcc>0.872038</hAcc><vAcc>0.623669</vAcc></extensions></trkpt>
      <trkpt lon="-123.279843" lat="44.563251"><ele>72.831383</ele><time>2020-12-16T00:42:28Z</time><extensions><speed>0.943575</speed><course>200.600067</course><hAcc>0.884215</hAcc><vAcc>0.630979</vAcc></extensions></trkpt>
      <trkpt lon="-123.279852" lat="44.563258"><ele>72.843536</ele><time>2020-12-16T00:42:29Z</time><extensions><speed>1.103297</speed><course>198.436539</course><hAcc>0.895681</hAcc><vAcc>0.637781</vAcc></extensions></trkpt>
      <trkpt lon="-123.279862" lat="44.563266"><ele>72.848892</ele><time>2020-12-16T00:42:30Z</time><extensions><speed>1.293983</speed><course>192.879364</course><hAcc>0.906010</hAcc><vAcc>0.643864</vAcc></extensions></trkpt>
      <trkpt lon="-123.279876" lat="44.563274"><ele>72.847252</ele><time>2020-12-16T00:42:31Z</time><extensions><speed>1.505484</speed><course>201.946960</course><hAcc>0.915709</hAcc><vAcc>0.649634</vAcc></extensions></trkpt>
      <trkpt lon="-123.279892" lat="44.563283"><ele>72.838676</ele><time>2020-12-16T00:42:32Z</time><extensions><speed>1.726978</speed><course>182.119858</course><hAcc>0.926512</hAcc><vAcc>0.656337</vAcc></extensions></trkpt>
      <trkpt lon="-123.279911" lat="44.563293"><ele>72.823517</ele><time>2020-12-16T00:42:33Z</time><extensions><speed>1.946484</speed><course>196.295090</course><hAcc>0.941728</hAcc><vAcc>0.666314</vAcc></extensions></trkpt>
      <trkpt lon="-123.279932" lat="44.563303"><ele>72.802467</ele><time>2020-12-16T00:42:34Z</time><extensions><speed>2.151082</speed><course>201.265747</course><hAcc>0.966528</hAcc><vAcc>0.683214</vAcc></extensions></trkpt>
      <trkpt lon="-123.279956" lat="44.563314"><ele>72.776649</ele><time>2020-12-16T00:42:35Z</time><extensions><speed>2.328494</speed><course>200.241653</course><hAcc>1.007939</hAcc><vAcc>0.711999</vAcc></extensions></trkpt>
      <trkpt lon="-123.280008" lat="44.563323"><ele>72.828819</ele><time>2020-12-16T00:42:36Z</time><extensions><speed>4.758855</speed><course>228.407959</course><hAcc>0.970844</hAcc><vAcc>0.685419</vAcc></extensions></trkpt>
      <trkpt lon="-123.280067" lat="44.563334"><ele>72.823555</ele><time>2020-12-16T00:42:37Z</time><extensions><speed>4.839791</speed><course>181.169235</course><hAcc>0.949781</hAcc><vAcc>0.670602</vAcc></extensions></trkpt>
      <trkpt lon="-123.280126" lat="44.563344"><ele>72.823341</ele><time>2020-12-16T00:42:38Z</time><extensions><speed>4.922887</speed><course>180.651520</course><hAcc>0.941066</hAcc><vAcc>0.664489</vAcc></extensions></trkpt>
      <trkpt lon="-123.280188" lat="44.563353"><ele>72.827858</ele><time>2020-12-16T00:42:39Z</time><extensions><speed>5.004982</speed><course>177.246353</course><hAcc>0.938854</hAcc><vAcc>0.662951</vAcc></extensions></trkpt>
      <trkpt lon="-123.280250" lat="44.563361"><ele>72.836136</ele><time>2020-12-16T00:42:40Z</time><extensions><speed>5.083184</speed><course>181.165649</course><hAcc>0.939328</hAcc><vAcc>0.663296</vAcc></extensions></trkpt>
      <trkpt lon="-123.280314" lat="44.563368"><ele>72.846916</ele><time>2020-12-16T00:42:41Z</time><extensions><speed>5.154714</speed><course>180.461334</course><hAcc>0.940301</hAcc><vAcc>0.663983</vAcc></extensions></trkpt>
      <trkpt lon="-123.280379" lat="44.563374"><ele>72.858864</ele><time>2020-12-16T00:42:42Z</time><extensions><speed>5.218025</speed><course>166.536957</course><hAcc>0.940736</hAcc><vAcc>0.664284</vAcc></extensions></trkpt>
      <trkpt lon="-123.280444" lat="44.563379"><ele>72.870911</ele><time>2020-12-16T00:42:43Z</time><extensions><speed>5.272438</speed><course>136.963715</course><hAcc>0.940310</hAcc><vAcc>0.663975</vAcc></extensions></trkpt>
      <trkpt lon="-123.280511" lat="44.563383"><ele>72.882423</ele><time>2020-12-16T00:42:44Z</time><extensions><speed>5.317239</speed><course>119.000587</course><hAcc>0.939109</hAcc><vAcc>0.663117</vAcc></extensions></trkpt>
      <trkpt lon="-123.280578" lat="44.563386"><ele>72.893105</ele><time>2020-12-16T00:42:45Z</time><extensions><speed>5.351725</speed><course>105.829887</course><hAcc>0.937405</hAcc><vAcc>0.661906</vAcc></extensions></trkpt>
      <trkpt lon="-123.280645" lat="44.563389"><ele>72.902962</ele><time>2020-12-16T00:42:46Z</time><extensions><speed>5.375042</speed><course>127.759743</course><hAcc>0.935528</hAcc><vAcc>0.660575</vAcc></extensions></trkpt>
      <trkpt lon="-123.280713" lat="44.563391"><ele>72.911911</ele><time>2020-12-16T00:42:47Z</time><extensions><speed>5.386110</speed><course>108.017120</course><hAcc>0.933788</hAcc><vAcc>0.659341</vAcc></extensions></trkpt>
      <trkpt lon="-123.280780" lat="44.563392"><ele>72.919327</ele><time>2020-12-16T00:42:48Z</time><extensions><speed>5.384162</speed><course>127.930283</course><hAcc>0.932431</hAcc><vAcc>0.658381</vAcc></extensions></trkpt>
      <trkpt lon="-123.280848" lat="44.563393"><ele>72.923897</ele><time>2020-12-16T00:42:49Z</time><extensions><speed>5.368699</speed><course>151.003036</course><hAcc>0.931630</hAcc><vAcc>0.657814</vAcc></extensions></trkpt>
      <trkpt lon="-123.280916" lat="44.563393"><ele>72.924316</ele><time>2020-12-16T00:42:50Z</time><extensions><speed>5.339549</speed><course>205.222900</course><hAcc>0.931476</hAcc><vAcc>0.657705</vAcc></extensions></trkpt>
      <trkpt lon="-123.280982" lat="44.563393"><ele>72.920059</ele><time>2020-12-16T00:42:51Z</time><extensions><speed>5.296916</speed><course>212.527908</course><hAcc>0.931978</hAcc><vAcc>0.658060</vAcc></extensions></trkpt>
      <trkpt lon="-123.281049" lat="44.563392"><ele>72.911575</ele><time>2020-12-16T00:42:52Z</time><extensions><speed>5.241634</speed><course>202.827469</course><hAcc>0.933067</hAcc><vAcc>0.658832</vAcc></extensions></trkpt>
      <trkpt lon="-123.281114" lat="44.563391"><ele>72.899910</ele><time>2020-12-16T00:42:53Z</time><extensions><speed>5.175147</speed><course>194.322556</course><hAcc>0.934600</hAcc><vAcc>0.659918</vAcc></extensions></trkpt>
      <trkpt lon="-123.281179" lat="44.563389"><ele>72.886475</ele><time>2020-12-16T00:42:54Z</time><extensions><speed>5.099129</speed><course>219.056519</course><hAcc>0.936365</hAcc><vAcc>0.661170</vAcc></extensions></trkpt>
      <trkpt lon="-123.281242" lat="44.563386"><ele>72.872887</ele><time>2020-12-16T00:42:55Z</time><extensions><speed>5.014966</speed><course>209.466431</course><hAcc>0.938097</hAcc><vAcc>0.662399</vAcc></extensions></trkpt>
      <trkpt lon="-123.281305" lat="44.563382"><ele>72.860825</ele><time>2020-12-16T00:42:56Z</time><extensions><speed>4.924009</speed><course>210.578140</course><hAcc>0.939513</hAcc><vAcc>0.663407</vAcc></extensions></trkpt>
      <trkpt lon="-123.281366" lat="44.563378"><ele>72.851768</ele><time>2020-12-16T00:42:57Z</time><extensions><speed>4.828376</speed><course>202.670120</course><hAcc>0.940385</hAcc><vAcc>0.664031</vAcc></extensions></trkpt>
      <trkpt lon="-123.281425" lat="44.563372"><ele>72.846947</ele><time>2020-12-16T00:42:58Z</time><extensions><speed>4.730598</speed><course>187.536926</course><hAcc>0.940652</hAcc><vAcc>0.664225</vAcc></extensions></trkpt>
      <trkpt lon="-123.281484" lat="44.563365"><ele>72.847099</ele><time>2020-12-16T00:42:59Z</time><extensions><speed>4.633487</speed><course>196.594711</course><hAcc>0.940611</hAcc><vAcc>0.664197</vAcc></extensions></trkpt>
      <trkpt lon="-123.281540" lat="44.563357"><ele>72.852463</ele><time>2020-12-16T00:43:00Z</time><extensions><speed>4.540623</speed><course>198.213242</course><hAcc>0.941190</hAcc><vAcc>0.664598</vAcc></extensions></trkpt>
      <trkpt lon="-123.281595" lat="44.563347"><ele>72.862900</ele><time>2020-12-16T00:43:01Z</time><extensions><speed>4.455637</speed><course>199.069733</course><hAcc>0.944315</hAcc><vAcc>0.666784</vAcc></extensions></trkpt>
      <trkpt lon="-123.281648" lat="44.563336"><ele>72.878258</ele><time>2020-12-16T00:43:02Z</time><extensions><speed>4.381130</speed><course>202.819763</course><hAcc>0.953347</hAcc><vAcc>0.673126</vAcc></extensions></trkpt>
      <trkpt lon="-123.281700" lat="44.563323"><ele>72.898453</ele><time>2020-12-16T00:43:03Z</time><extensions><speed>4.318484</speed><course>196.131943</course><hAcc>0.973433</hAcc><vAcc>0.687258</vAcc></extensions></trkpt>
      <trkpt lon="-123.281750" lat="44.563309"><ele>72.923286</ele><time>2020-12-16T00:43:04Z</time><extensions><speed>4.267738</speed><course>200.286255</course><hAcc>1.011541</hAcc><vAcc>0.714108</vAcc></extensions></trkpt>
      <trkpt lon="-123.281774" lat="44.563274"><ele>72.981453</ele><time>2020-12-16T00:43:05Z</time><extensions><speed>4.503320</speed><course>228.407959</course><hAcc>0.970855</hAcc><vAcc>0.685426</vAcc></extensions></trkpt>
      <trkpt lon="-123.281795" lat="44.563236"><ele>72.987045</ele><time>2020-12-16T00:43:06Z</time><extensions><speed>4.575807</speed><course>181.169235</course><hAcc>0.949828</hAcc><vAcc>0.670635</vAcc></extensions></trkpt>
      <trkpt lon="-123.281814" lat="44.563197"><ele>72.988693</ele><time>2020-12-16T00:43:07Z</time><extensions><speed>4.657736</speed><course>180.651520</course><hAcc>0.941194</hAcc><vAcc>0.664578</vAcc></extensions></trkpt>
      <trkpt lon="-123.281830" lat="44.563157"><ele>72.985001</ele><time>2020-12-16T00:43:08Z</time><extensions><speed>4.745546</speed><course>177.246353</course><hAcc>0.939125</hAcc><vAcc>0.663140</vAcc></extensions></trkpt>
      <trkpt lon="-123.281845" lat="44.563115"><ele>72.974991</ele><time>2020-12-16T00:43:09Z</time><extensions><speed>4.835027</speed><course>181.165649</course><hAcc>0.939820</hAcc><vAcc>0.663639</vAcc></extensions></trkpt>
      <trkpt lon="-123.281857" lat="44.563072"><ele>72.958130</ele><time>2020-12-16T00:43:10Z</time><extensions><speed>4.921960</speed><course>180.461334</course><hAcc>0.941118</hAcc><vAcc>0.664554</vAcc></extensions></trkpt>
      <trkpt lon="-123.281868" lat="44.563028"><ele>72.934441</ele><time>2020-12-16T00:43:11Z</time><extensions><speed>5.002596</speed><course>166.536957</course><hAcc>0.942004</hAcc><vAcc>0.665171</vAcc></extensions></trkpt>
      <trkpt lon="-123.281876" lat="44.562983"><ele>72.904503</ele><time>2020-12-16T00:43:12Z</time><extensions><speed>5.073563</speed><course>136.963715</course><hAcc>0.942182</hAcc><vAcc>0.665286</vAcc></extensions></trkpt>
      <trkpt lon="-123.281883" lat="44.562937"><ele>72.869377</ele><time>2020-12-16T00:43:13Z</time><extensions><speed>5.132049</speed><course>119.000587</course><hAcc>0.941752</hAcc><vAcc>0.664972</vAcc></extensions></trkpt>
      <trkpt lon="-123.281888" lat="44.562891"><ele>72.830597</ele><time>2020-12-16T00:43:14Z</time><extensions><speed>5.176056</speed><course>105.829887</course><hAcc>0.940992</hAcc><vAcc>0.664425</vAcc></extensions></trkpt>
      <trkpt lon="-123.281892" lat="44.562844"><ele>72.790070</ele><time>2020-12-16T00:43:15Z</time><extensions><speed>5.204183</speed><course>127.759743</course><hAcc>0.940210</hAcc><vAcc>0.663867</vAcc></extensions></trkpt>
      <trkpt lon="-123.281895" lat="44.562797"><ele>72.749954</ele><time>2020-12-16T00:43:16Z</time><extensions><speed>5.215696</speed><course>108.017120</course><hAcc>0.939662</hAcc><vAcc>0.663476</vAcc></extensions></trkpt>
      <trkpt lon="-123.281896" lat="44.562751"><ele>72.712311</ele><time>2020-12-16T00:43:17Z</time><extensions><speed>5.210514</speed><course>127.930283</course><hAcc>0.939500</hAcc><vAcc>0.663361</vAcc></extensions></trkpt>
      <trkpt lon="-123.281896" lat="44.562704"><ele>72.678886</ele><time>2020-12-16T00:43:18Z</time><extensions><speed>5.188897</speed><course>151.003036</course><hAcc>0.939752</hAcc><vAcc>0.663542</vAcc></extensions></trkpt>
      <trkpt lon="-123.281894" lat="44.562657"><ele>72.651039</ele><time>2020-12-16T00:43:19Z</time><extensions><speed>5.151783</speed><course>205.222900</course><hAcc>0.940323</hAcc><vAcc>0.663951</vAcc></extensions></trkpt>
      <trkpt lon="-123.281891" lat="44.562611"><ele>72.629799</ele><time>2020-12-16T00:43:20Z</time><extensions><speed>5.100977</speed><course>212.527908</course><hAcc>0.941016</hAcc><vAcc>0.664448</vAcc></extensions></trkpt>
      <trkpt lon="-123.281886" lat="44.562566"><ele>72.615776</ele><time>2020-12-16T00:43:21Z</time><extensions><speed>5.039008</speed><course>202.827469</course><hAcc>0.941578</hAcc><vAcc>0.664855</vAcc></extensions></trkpt>
      <trkpt lon="-123.281879" lat="44.562521"><ele>72.609001</ele><time>2020-12-16T00:43:22Z</time><extensions><speed>4.969030</speed><course>194.322556</course><hAcc>0.941780</hAcc><vAcc>0.665008</vAcc></extensions></trkpt>
      <trkpt lon="-123.281871" lat="44.562477"><ele>72.608917</ele><time>2020-12-16T00:43:23Z</time><extensions><speed>4.894508</speed><course>219.056519</course><hAcc>0.941545</hAcc><vAcc>0.664850</vAcc></extensions></trkpt>
      <trkpt lon="-123.281860" lat="44.562434"><ele>72.614433</ele><time>2020-12-16T00:43:24Z</time><extensions><speed>4.818854</speed><course>209.466431</course><hAcc>0.941145</hAcc><vAcc>0.664569</vAcc></extensions></trkpt>
      <trkpt lon="-123.281847" lat="44.562392"><ele>72.624107</ele><time>2020-12-16T00:43:25Z</time><extensions><speed>4.745430</speed><course>210.578140</course><hAcc>0.941478</hAcc><vAcc>0.664798</vAcc></extensions></trkpt>
      <trkpt lon="-123.281831" lat="44.562351"><ele>72.636391</ele><time>2020-12-16T00:43:26Z</time><extensions><speed>4.677621</speed><course>202.670120</course><hAcc>0.944447</hAcc><vAcc>0.666876</vAcc></extensions></trkpt>
      <trkpt lon="-123.281813" lat="44.562311"><ele>72.649834</ele><time>2020-12-16T00:43:27Z</time><extensions><speed>4.618539</speed><course>187.536926</course><hAcc>0.953389</hAcc><vAcc>0.673155</vAcc></extensions></trkpt>
      <trkpt lon="-123.281792" lat="44.562273"><ele>72.663124</ele><time>2020-12-16T00:43:28Z</time><extensions><speed>4.570599</speed><course>196.594711</course><hAcc>0.973436</hAcc><vAcc>0.687260</vAcc></extensions></trkpt>
      <trkpt lon="-123.281769" lat="44.562235"><ele>72.675156</ele><time>2020-12-16T00:43:29Z</time><extensions><speed>4.534781</speed><course>198.213242</course><hAcc>1.011540</hAcc><vAcc>0.714107</vAcc></extensions></trkpt>
      <trkpt lon="-123.281698" lat="44.562220"><ele>72.720490</ele><time>2020-12-16T00:43:30Z</time><extensions><speed>5.205440</speed><course>228.407959</course><hAcc>0.971198</hAcc><vAcc>0.685666</vAcc></extensions></trkpt>
      <trkpt lon="-123.281634" lat="44.562207"><ele>72.688164</ele><time>2020-12-16T00:43:31Z</time><extensions><speed>5.300484</speed><course>181.169235</course><hAcc>0.950529</hAcc><vAcc>0.671125</vAcc></extensions></trkpt>
      <trkpt lon="-123.281569" lat="44.562196"><ele>72.654152</ele><time>2020-12-16T00:43:32Z</time><extensions><speed>5.396501</speed><course>180.651520</course><hAcc>0.942402</hAcc><vAcc>0.665424</vAcc></extensions></trkpt>
      <trkpt lon="-123.281501" lat="44.562186"><ele>72.619339</ele><time>2020-12-16T00:43:33Z</time><extensions><speed>5.485188</speed><course>177.246353</course><hAcc>0.941002</hAcc><vAcc>0.664456</vAcc></extensions></trkpt>
      <trkpt lon="-123.281433" lat="44.562178"><ele>72.584625</ele><time>2020-12-16T00:43:34Z</time><extensions><speed>5.558966</speed><course>181.165649</course><hAcc>0.942534</hAcc><vAcc>0.665544</vAcc></extensions></trkpt>
      <trkpt lon="-123.281363" lat="44.562172"><ele>72.550682</ele><time>2020-12-16T00:43:35Z</time><extensions><speed>5.611647</speed><course>180.461334</course><hAcc>0.944833</hAcc><vAcc>0.667164</vAcc></extensions></trkpt>
      <trkpt lon="-123.281293" lat="44.562168"><ele>72.517715</ele><time>2020-12-16T00:43:36Z</time><extensions><speed>5.639067</speed><course>166.536957</course><hAcc>0.946861</hAcc><vAcc>0.668587</vAcc></extensions></trkpt>
      <trkpt lon="-123.281222" lat="44.562164"><ele>72.485481</ele><time>2020-12-16T00:43:37Z</time><extensions><speed>5.638191</speed><course>136.963715</course><hAcc>0.948265</hAcc><vAcc>0.669568</vAcc></extensions></trkpt>
      <trkpt lon="-123.281151" lat="44.562162"><ele>72.453560</ele><time>2020-12-16T00:43:38Z</time><extensions><speed>5.606363</speed><course>119.000587</course><hAcc>0.949051</hAcc><vAcc>0.670115</vAcc></extensions></trkpt>
      <trkpt lon="-123.281081" lat="44.562161"><ele>72.421761</ele><time>2020-12-16T00:43:39Z</time><extensions><speed>5.541697</speed><course>105.829887</course><hAcc>0.949354</hAcc><vAcc>0.670323</vAcc></extensions></trkpt>
      <trkpt lon="-123.281012" lat="44.562160"><ele>72.390343</ele><time>2020-12-16T00:43:40Z</time><extensions><speed>5.442997</speed><course>127.759743</course><hAcc>0.949298</hAcc><vAcc>0.670283</vAcc></extensions></trkpt>
      <trkpt lon="-123.280944" lat="44.562160"><ele>72.359711</ele><time>2020-12-16T00:43:41Z</time><extensions><speed>5.310537</speed><course>108.017120</course><hAcc>0.948933</hAcc><vAcc>0.670028</vAcc></extensions></trkpt>
      <trkpt lon="-123.280878" lat="44.562160"><ele>72.330368</ele><time>2020-12-16T00:43:42Z</time><extensions><speed>5.146708</speed><course>127.930283</course><hAcc>0.948223</hAcc><vAcc>0.669534</vAcc></extensions></trkpt>
      <trkpt lon="-123.280815" lat="44.562160"><ele>72.302979</ele><time>2020-12-16T00:43:43Z</time><extensions><speed>4.955545</speed><course>151.003036</course><hAcc>0.947111</hAcc><vAcc>0.668758</vAcc></extensions></trkpt>
      <trkpt lon="-123.280754" lat="44.562160"><ele>72.278450</ele><time>2020-12-16T00:43:44Z</time><extensions><speed>4.742887</speed><course>205.222900</course><hAcc>0.945637</hAcc><vAcc>0.667725</vAcc></extensions></trkpt>
      <trkpt lon="-123.280695" lat="44.562160"><ele>72.257782</ele><time>2020-12-16T00:43:45Z</time><extensions><speed>4.515671</speed><course>212.527908</course><hAcc>0.944141</hAcc><vAcc>0.666673</vAcc></extensions></trkpt>
      <trkpt lon="-123.280640" lat="44.562160"><ele>72.241928</ele><time>2020-12-16T00:43:46Z</time><extensions><speed>4.281528</speed><course>202.827469</course><hAcc>0.943555</hAcc><vAcc>0.666255</vAcc></extensions></trkpt>
      <trkpt lon="-123.280588" lat="44.562160"><ele>72.231659</ele><time>2020-12-16T00:43:47Z</time><extensions><speed>4.048781</speed><course>194.322556</course><hAcc>0.945789</hAcc><vAcc>0.667815</vAcc></extensions></trkpt>
      <trkpt lon="-123.280538" lat="44.562159"><ele>72.227486</ele><time>2020-12-16T00:43:48Z</time><extensions><speed>3.826632</speed><course>219.056519</course><hAcc>0.954172</hAcc><vAcc>0.673702</vAcc></extensions></trkpt>
      <trkpt lon="-123.280491" lat="44.562159"><ele>72.229538</ele><time>2020-12-16T00:43:49Z</time><extensions><speed>3.624778</speed><course>209.466431</course><hAcc>0.973822</hAcc><vAcc>0.687530</vAcc></extensions></trkpt>
      <trkpt lon="-123.280447" lat="44.562158"><ele>72.237518</ele><time>2020-12-16T00:43:50Z</time><extensions><speed>3.452060</speed><course>210.578140</course><hAcc>1.011677</hAcc><vAcc>0.714202</vAcc></extensions></trkpt>
      <trkpt lon="-123.280437" lat="44.562157"><ele>72.305435</ele><time>2020-12-16T00:43:51Z</time><extensions><speed>0.973602</speed><course>228.407959</course><hAcc>0.970537</hAcc><vAcc>0.685229</vAcc></extensions></trkpt>
      <trkpt lon="-123.280425" lat="44.562156"><ele>72.368484</ele><time>2020-12-16T00:43:52Z</time><extensions><speed>0.882613</speed><course>181.169235</course><hAcc>0.949489</hAcc><vAcc>0.670424</vAcc></extensions></trkpt>
      <trkpt lon="-123.280415" lat="44.562154"><ele>72.430016</ele><time>2020-12-16T00:43:53Z</time><extensions><speed>0.788379</speed><course>180.651520</course><hAcc>0.940695</hAcc><vAcc>0.664269</vAcc></extensions></trkpt>
      <trkpt lon="-123.280406" lat="44.562152"><ele>72.488785</ele><time>2020-12-16T00:43:54Z</time><extensions><speed>0.696203</speed><course>177.246353</course><hAcc>0.938248</hAcc><vAcc>0.662598</vAcc></extensions></trkpt>
      <trkpt lon="-123.280398" lat="44.562151"><ele>72.543510</ele><time>2020-12-16T00:43:55Z</time><extensions><speed>0.610918</speed><course>181.165649</course><hAcc>0.938236</hAcc><vAcc>0.662661</vAcc></extensions></trkpt>
      <trkpt lon="-123.280391" lat="44.562150"><ele>72.593117</ele><time>2020-12-16T00:43:56Z</time><extensions><speed>0.536626</speed><course>180.461334</course><hAcc>0.938343</hAcc><vAcc>0.662840</vAcc></extensions></trkpt>
      <trkpt lon="-123.280385" lat="44.562149"><ele>72.636978</ele><time>2020-12-16T00:43:57Z</time><extensions><speed>0.476496</speed><course>166.536957</course><hAcc>0.937346</hAcc><vAcc>0.662294</vAcc></extensions></trkpt>
      <trkpt lon="-123.280379" lat="44.562148"><ele>72.674965</ele><time>2020-12-16T00:43:58Z</time><extensions><speed>0.432732</speed><course>136.963715</course><hAcc>0.934689</hAcc><vAcc>0.660657</vAcc></extensions></trkpt>
      <trkpt lon="-123.280374" lat="44.562147"><ele>72.707176</ele><time>2020-12-16T00:43:59Z</time><extensions><speed>0.406891</speed><course>119.000587</course><hAcc>0.930161</hAcc><vAcc>0.657809</vAcc></extensions></trkpt>
      <trkpt lon="-123.280369" lat="44.562147"><ele>72.733826</ele><time>2020-12-16T00:44:00Z</time><extensions><speed>0.399887</speed><course>105.829887</course><hAcc>0.923697</hAcc><vAcc>0.653738</vAcc></extensions></trkpt>
      <trkpt lon="-123.280364" lat="44.562146"><ele>72.755135</ele><time>2020-12-16T00:44:01Z</time><extensions><speed>0.411923</speed><course>127.759743</course><hAcc>0.915265</hAcc><vAcc>0.648454</vAcc></extensions></trkpt>
      <trkpt lon="-123.280359" lat="44.562146"><ele>72.771301</ele><time>2020-12-16T00:44:02Z</time><extensions><speed>0.442375</speed><course>108.017120</course><hAcc>0.904834</hAcc><vAcc>0.641963</vAcc></extensions></trkpt>
      <trkpt lon="-123.280353" lat="44.562146"><ele>72.782501</ele><time>2020-12-16T00:44:03Z</time><extensions><speed>0.489758</speed><course>127.930283</course><hAcc>0.892397</hAcc><vAcc>0.634281</vAcc></extensions></trkpt>
      <trkpt lon="-123.280346" lat="44.562145"><ele>72.788841</ele><time>2020-12-16T00:44:04Z</time><extensions><speed>0.551808</speed><course>151.003036</course><hAcc>0.878045</hAcc><vAcc>0.625474</vAcc></extensions></trkpt>
      <trkpt lon="-123.280339" lat="44.562146"><ele>72.790321</ele><time>2020-12-16T00:44:05Z</time><extensions><speed>0.625808</speed><course>205.222900</course><hAcc>0.862077</hAcc><vAcc>0.615728</vAcc></extensions></trkpt>
      <trkpt lon="-123.280330" lat="44.562146"><ele>72.786781</ele><time>2020-12-16T00:44:06Z</time><extensions><speed>0.709317</speed><course>212.527908</course><hAcc>0.845125</hAcc><vAcc>0.605418</vAcc></extensions></trkpt>
      <trkpt lon="-123.280321" lat="44.562146"><ele>72.777954</ele><time>2020-12-16T00:44:07Z</time><extensions><speed>0.800681</speed><course>202.827469</course><hAcc>0.828260</hAcc><vAcc>0.595181</vAcc></extensions></trkpt>
      <trkpt lon="-123.280310" lat="44.562147"><ele>72.763649</ele><time>2020-12-16T00:44:08Z</time><extensions><speed>0.898775</speed><course>194.322556</course><hAcc>0.812799</hAcc><vAcc>0.585798</vAcc></extensions></trkpt>
      <trkpt lon="-123.280298" lat="44.562148"><ele>72.744011</ele><time>2020-12-16T00:44:09Z</time><extensions><speed>1.002770</speed><course>219.056519</course><hAcc>0.799809</hAcc><vAcc>0.577909</vAcc></extensions></trkpt>
      <trkpt lon="-123.280285" lat="44.562148"><ele>72.719406</ele><time>2020-12-16T00:44:10Z</time><extensions><speed>1.112011</speed><course>209.466431</course><hAcc>0.789920</hAcc><vAcc>0.571903</vAcc></extensions></trkpt>
      <trkpt lon="-123.280271" lat="44.562150"><ele>72.690254</ele><time>2020-12-16T00:44:11Z</time><extensions><speed>1.225918</speed><course>210.578140</course><hAcc>0.783436</hAcc><vAcc>0.567980</vAcc></extensions></trkpt>
      <trkpt lon="-123.280255" lat="44.562151"><ele>72.657097</ele><time>2020-12-16T00:44:12Z</time><extensions><speed>1.343542</speed><course>202.670120</course><hAcc>0.780476</hAcc><vAcc>0.566228</vAcc></extensions></trkpt>
      <trkpt lon="-123.280237" lat="44.562153"><ele>72.620598</ele><time>2020-12-16T00:44:13Z</time><extensions><speed>1.463287</speed><course>187.536926</course><hAcc>0.781090</hAcc><vAcc>0.566689</vAcc></extensions></trkpt>
      <trkpt lon="-123.280218" lat="44.562155"><ele>72.581398</ele><time>2020-12-16T00:44:14Z</time><extensions><speed>1.582673</speed><course>196.594711</course><hAcc>0.785312</hAcc><vAcc>0.569385</vAcc></extensions></trkpt>
      <trkpt lon="-123.280198" lat="44.562157"><ele>72.540092</ele><time>2020-12-16T00:44:15Z</time><extensions><speed>1.698797</speed><course>198.213242</course><hAcc>0.793150</hAcc><vAcc>0.574312</vAcc></extensions></trkpt>
      <trkpt lon="-123.280176" lat="44.562160"><ele>72.497139</ele><time>2020-12-16T00:44:16Z</time><extensions><speed>1.809200</speed><course>199.069733</course><hAcc>0.804504</hAcc><vAcc>0.581393</vAcc></extensions></trkpt>
      <trkpt lon="-123.280153" lat="44.562163"><ele>72.452858</ele><time>2020-12-16T00:44:17Z</time><extensions><speed>1.911237</speed><course>202.819763</course><hAcc>0.819026</hAcc><vAcc>0.590395</vAcc></extensions></trkpt>
      <trkpt lon="-123.280129" lat="44.562167"><ele>72.407631</ele><time>2020-12-16T00:44:18Z</time><extensions><speed>2.002160</speed><course>196.131943</course><hAcc>0.835978</hAcc><vAcc>0.600852</vAcc></extensions></trkpt>
      <trkpt lon="-123.280104" lat="44.562171"><ele>72.362068</ele><time>2020-12-16T00:44:19Z</time><extensions><speed>2.079249</speed><course>200.286255</course><hAcc>0.854106</hAcc><vAcc>0.611992</vAcc></extensions></trkpt>
      <trkpt lon="-123.280078" lat="44.562176"><ele>72.317039</ele><time>2020-12-16T00:44:20Z</time><extensions><speed>2.140519</speed><course>201.251785</course><hAcc>0.871864</hAcc><vAcc>0.622871</vAcc></extensions></trkpt>
      <trkpt lon="-123.280052" lat="44.562180"><ele>72.273628</ele><time>2020-12-16T00:44:21Z</time><extensions><speed>2.185018</speed><course>202.202698</course><hAcc>0.887941</hAcc><vAcc>0.632684</vAcc></extensions></trkpt>
      <trkpt lon="-123.280025" lat="44.562186"><ele>72.232872</ele><time>2020-12-16T00:44:22Z</time><extensions><speed>2.212489</speed><course>196.895386</course><hAcc>0.901541</hAcc><vAcc>0.640936</vAcc></extensions></trkpt>
      <trkpt lon="-123.279998" lat="44.562192"><ele>72.195717</ele><time>2020-12-16T00:44:23Z</time><extensions><speed>2.223523</speed><course>193.223190</course><hAcc>0.912400</hAcc><vAcc>0.647465</vAcc></extensions></trkpt>
      <trkpt lon="-123.279972" lat="44.562198"><ele>72.162933</ele><time>2020-12-16T00:44:24Z</time><extensions><speed>2.219614</speed><course>185.192734</course><hAcc>0.920856</hAcc><vAcc>0.652508</vAcc></extensions></trkpt>
      <trkpt lon="-123.279946" lat="44.562205"><ele>72.135109</ele><time>2020-12-16T00:44:25Z</time><extensions><speed>2.203381</speed><course>196.831329</course><hAcc>0.928020</hAcc><vAcc>0.656828</vAcc></extensions></trkpt>
      <trkpt lon="-123.279920" lat="44.562213"><ele>72.112595</ele><time>2020-12-16T00:44:26Z</time><extensions><speed>2.178043</speed><course>197.365341</course><hAcc>0.936065</hAcc><vAcc>0.661934</vAcc></extensions></trkpt>
      <trkpt lon="-123.279896" lat="44.562221"><ele>72.095612</ele><time>2020-12-16T00:44:27Z</time><extensions><speed>2.146910</speed><course>199.280273</course><hAcc>0.948600</hAcc><vAcc>0.670347</vAcc></extensions></trkpt>
      <trkpt lon="-123.279872" lat="44.562229"><ele>72.084091</ele><time>2020-12-16T00:44:28Z</time><extensions><speed>2.113426</speed><course>207.802399</course><hAcc>0.970998</hAcc><vAcc>0.685839</vAcc></extensions></trkpt>
      <trkpt lon="-123.279848" lat="44.562238"><ele>72.077591</ele><time>2020-12-16T00:44:29Z</time><extensions><speed>2.081066</speed><course>201.647430</course><hAcc>1.010422</hAcc><vAcc>0.713456</vAcc></extensions></trkpt>
      <trkpt lon="-123.279840" lat="44.562261"><ele>72.076118</ele><time>2020-12-16T00:44:30Z</time><extensions><speed>2.266769</speed><course>228.407959</course><hAcc>0.970715</hAcc><vAcc>0.685338</vAcc></extensions></trkpt>
      <trkpt lon="-123.279837" lat="44.562282"><ele>72.095512</ele><time>2020-12-16T00:44:31Z</time><extensions><speed>2.334191</speed><course>181.169235</course><hAcc>0.949625</hAcc><vAcc>0.670505</vAcc></extensions></trkpt>
      <trkpt lon="-123.279836" lat="44.562303"><ele>72.114647</ele><time>2020-12-16T00:44:32Z</time><extensions><speed>2.411122</speed><course>180.651520</course><hAcc>0.940878</hAcc><vAcc>0.664373</vAcc></extensions></trkpt>
      <trkpt lon="-123.279835" lat="44.562325"><ele>72.133057</ele><time>2020-12-16T00:44:33Z</time><extensions><speed>2.492137</speed><course>177.246353</course><hAcc>0.938630</hAcc><vAcc>0.662812</vAcc></extensions></trkpt>
      <trkpt lon="-123.279836" lat="44.562348"><ele>72.150391</ele><time>2020-12-16T00:44:34Z</time><extensions><speed>2.570784</speed><course>181.165649</course><hAcc>0.939058</hAcc><vAcc>0.663127</vAcc></extensions></trkpt>
      <trkpt lon="-123.279837" lat="44.562371"><ele>72.166527</ele><time>2020-12-16T00:44:35Z</time><extensions><speed>2.640868</speed><course>180.461334</course><hAcc>0.939970</hAcc><vAcc>0.663773</vAcc></extensions></trkpt>
      <trkpt lon="-123.279839" lat="44.562395"><ele>72.181709</ele><time>2020-12-16T00:44:36Z</time><extensions><speed>2.697818</speed><course>166.536957</course><hAcc>0.940314</hAcc><vAcc>0.664012</vAcc></extensions></trkpt>
      <trkpt lon="-123.279841" lat="44.562420"><ele>72.196449</ele><time>2020-12-16T00:44:37Z</time><extensions><speed>2.739088</speed><course>136.963715</course><hAcc>0.939750</hAcc><vAcc>0.663606</vAcc></extensions></trkpt>
      <trkpt lon="-123.279844" lat="44.562445"><ele>72.211281</ele><time>2020-12-16T00:44:38Z</time><extensions><speed>2.762888</speed><course>119.000587</course><hAcc>0.938330</hAcc><vAcc>0.662595</vAcc></extensions></trkpt>
      <trkpt lon="-123.279847" lat="44.562469"><ele>72.226463</ele><time>2020-12-16T00:44:39Z</time><extensions><speed>2.767768</speed><course>105.829887</course><hAcc>0.936281</hAcc><vAcc>0.661144</vAcc></extensions></trkpt>
      <trkpt lon="-123.279849" lat="44.562494"><ele>72.241776</ele><time>2020-12-16T00:44:40Z</time><extensions><speed>2.752899</speed><course>127.759743</course><hAcc>0.933869</hAcc><vAcc>0.659442</vAcc></extensions></trkpt>
      <trkpt lon="-123.279852" lat="44.562519"><ele>72.256813</ele><time>2020-12-16T00:44:41Z</time><extensions><speed>2.717714</speed><course>108.017120</course><hAcc>0.931316</hAcc><vAcc>0.657652</vAcc></extensions></trkpt>
      <trkpt lon="-123.279854" lat="44.562543"><ele>72.271255</ele><time>2020-12-16T00:44:42Z</time><extensions><speed>2.661714</speed><course>127.930283</course><hAcc>0.928762</hAcc><vAcc>0.655879</vAcc></extensions></trkpt>
      <trkpt lon="-123.279856" lat="44.562566"><ele>72.284828</ele><time>2020-12-16T00:44:43Z</time><extensions><speed>2.584798</speed><course>151.003036</course><hAcc>0.926245</hAcc><vAcc>0.654161</vAcc></extensions></trkpt>
      <trkpt lon="-123.279857" lat="44.562589"><ele>72.297165</ele><time>2020-12-16T00:44:44Z</time><extensions><speed>2.488137</speed><course>205.222900</course><hAcc>0.923698</hAcc><vAcc>0.652464</vAcc></extensions></trkpt>
      <trkpt lon="-123.279858" lat="44.562611"><ele>72.307724</ele><time>2020-12-16T00:44:45Z</time><extensions><speed>2.374799</speed><course>212.527908</course><hAcc>0.920964</hAcc><vAcc>0.650696</vAcc></extensions></trkpt>
      <trkpt lon="-123.279858" lat="44.562632"><ele>72.315834</ele><time>2020-12-16T00:44:46Z</time><extensions><speed>2.249077</speed><course>202.827469</course><hAcc>0.917798</hAcc><vAcc>0.648709</vAcc></extensions></trkpt>
      <trkpt lon="-123.279858" lat="44.562652"><ele>72.320877</ele><time>2020-12-16T00:44:47Z</time><extensions><speed>2.115695</speed><course>194.322556</course><hAcc>0.913892</hAcc><vAcc>0.646312</vAcc></extensions></trkpt>
      <trkpt lon="-123.279858" lat="44.562670"><ele>72.322525</ele><time>2020-12-16T00:44:48Z</time><extensions><speed>1.979431</speed><course>219.056519</course><hAcc>0.908893</hAcc><vAcc>0.643287</vAcc></extensions></trkpt>
      <trkpt lon="-123.279857" lat="44.562687"><ele>72.320740</ele><time>2020-12-16T00:44:49Z</time><extensions><speed>1.844472</speed><course>209.466431</course><hAcc>0.902436</hAcc><vAcc>0.639408</vAcc></extensions></trkpt>
      <trkpt lon="-123.279856" lat="44.562703"><ele>72.315872</ele><time>2020-12-16T00:44:50Z</time><extensions><speed>1.714073</speed><course>210.578140</course><hAcc>0.894190</hAcc><vAcc>0.634470</vAcc></extensions></trkpt>
      <trkpt lon="-123.279854" lat="44.562718"><ele>72.308647</ele><time>2020-12-16T00:44:51Z</time><extensions><speed>1.590450</speed><course>202.670120</course><hAcc>0.883916</hAcc><vAcc>0.628323</vAcc></extensions></trkpt>
      <trkpt lon="-123.279853" lat="44.562732"><ele>72.300156</ele><time>2020-12-16T00:44:52Z</time><extensions><speed>1.474866</speed><course>187.536926</course><hAcc>0.871548</hAcc><vAcc>0.620920</vAcc></extensions></trkpt>
      <trkpt lon="-123.279852" lat="44.562744"><ele>72.291656</ele><time>2020-12-16T00:44:53Z</time><extensions><speed>1.367957</speed><course>196.594711</course><hAcc>0.857290</hAcc><vAcc>0.612377</vAcc></extensions></trkpt>
      <trkpt lon="-123.279850" lat="44.562756"><ele>72.284370</ele><time>2020-12-16T00:44:54Z</time><extensions><speed>1.269861</speed><course>198.213242</course><hAcc>0.841718</hAcc><vAcc>0.603031</vAcc></extensions></trkpt>
      <trkpt lon="-123.279849" lat="44.562767"><ele>72.279343</ele><time>2020-12-16T00:44:55Z</time><extensions><speed>1.180251</speed><course>199.069733</course><hAcc>0.825862</hAcc><vAcc>0.593489</vAcc></extensions></trkpt>
      <trkpt lon="-123.279848" lat="44.562778"><ele>72.277298</ele><time>2020-12-16T00:44:56Z</time><extensions><speed>1.098770</speed><course>202.819763</course><hAcc>0.810980</hAcc><vAcc>0.584493</vAcc></extensions></trkpt>
      <trkpt lon="-123.279848" lat="44.562787"><ele>72.278473</ele><time>2020-12-16T00:44:57Z</time><extensions><speed>1.025459</speed><course>196.131943</course><hAcc>0.798041</hAcc><vAcc>0.576621</vAcc></extensions></trkpt>
      <trkpt lon="-123.279848" lat="44.562796"><ele>72.282570</ele><time>2020-12-16T00:44:58Z</time><extensions><speed>0.960561</speed><course>200.286255</course><hAcc>0.787506</hAcc><vAcc>0.570156</vAcc></extensions></trkpt>
      <trkpt lon="-123.279848" lat="44.562804"><ele>72.288887</ele><time>2020-12-16T00:44:59Z</time><extensions><speed>0.904365</speed><course>201.251785</course><hAcc>0.779422</hAcc><vAcc>0.565143</vAcc></extensions></trkpt>
      <trkpt lon="-123.279848" lat="44.562812"><ele>72.296555</ele><time>2020-12-16T00:45:00Z</time><extensions><speed>0.856880</speed><course>202.202698</course><hAcc>0.773562</hAcc><vAcc>0.561462</vAcc></extensions></trkpt>
      <trkpt lon="-123.279849" lat="44.562820"><ele>72.304604</ele><time>2020-12-16T00:45:01Z</time><extensions><speed>0.818043</speed><course>196.895386</course><hAcc>0.769548</hAcc><vAcc>0.558900</vAcc></extensions></trkpt>
      <trkpt lon="-123.279850" lat="44.562827"><ele>72.311859</ele><time>2020-12-16T00:45:02Z</time><extensions><speed>0.788852</speed><course>193.223190</course><hAcc>0.766957</hAcc><vAcc>0.557216</vAcc></extensions></trkpt>
      <trkpt lon="-123.279851" lat="44.562834"><ele>72.317055</ele><time>2020-12-16T00:45:03Z</time><extensions><speed>0.771170</speed><course>185.192734</course><hAcc>0.765395</hAcc><vAcc>0.556176</vAcc></extensions></trkpt>
      <trkpt lon="-123.279852" lat="44.562841"><ele>72.319099</ele><time>2020-12-16T00:45:04Z</time><extensions><speed>0.765806</speed><course>196.831329</course><hAcc>0.764528</hAcc><vAcc>0.555582</vAcc></extensions></trkpt>
      <trkpt lon="-123.279852" lat="44.562848"><ele>72.317513</ele><time>2020-12-16T00:45:05Z</time><extensions><speed>0.771553</speed><course>197.365341</course><hAcc>0.764099</hAcc><vAcc>0.555276</vAcc></extensions></trkpt>
      <trkpt lon="-123.279853" lat="44.562855"><ele>72.312447</ele><time>2020-12-16T00:45:06Z</time><extensions><speed>0.785992</speed><course>199.280273</course><hAcc>0.763926</hAcc><vAcc>0.555143</vAcc></extensions></trkpt>
      <trkpt lon="-123.279853" lat="44.562862"><ele>72.304688</ele><time>2020-12-16T00:45:07Z</time><extensions><speed>0.806648</speed><course>207.802399</course><hAcc>0.763885</hAcc><vAcc>0.555103</vAcc></extensions></trkpt>
      <trkpt lon="-123.279854" lat="44.562869"><ele>72.295517</ele><time>2020-12-16T00:45:08Z</time><extensions><speed>0.831363</speed><course>201.647430</course><hAcc>0.763900</hAcc><vAcc>0.555105</vAcc></extensions></trkpt>
      <trkpt lon="-123.279853" lat="44.562877"><ele>72.286270</ele><time>2020-12-16T00:45:09Z</time><extensions><speed>0.858458</speed><course>194.151199</course><hAcc>0.763928</hAcc><vAcc>0.555120</vAcc></extensions></trkpt>
      <trkpt lon="-123.279853" lat="44.562885"><ele>72.278015</ele><time>2020-12-16T00:45:10Z</time><extensions><speed>0.886887</speed><course>195.794388</course><hAcc>0.763947</hAcc><vAcc>0.555131</vAcc></extensions></trkpt>
      <trkpt lon="-123.279852" lat="44.562893"><ele>72.271553</ele><time>2020-12-16T00:45:11Z</time><extensions><speed>0.915686</speed><course>186.656586</course><hAcc>0.763946</hAcc><vAcc>0.555131</vAcc></extensions></trkpt>
      <trkpt lon="-123.279851" lat="44.562901"><ele>72.267387</ele><time>2020-12-16T00:45:12Z</time><extensions><speed>0.943790</speed><course>189.850922</course><hAcc>0.763927</hAcc><vAcc>0.555120</vAcc></extensions></trkpt>
      <trkpt lon="-123.279851" lat="44.562910"><ele>72.265625</ele><time>2020-12-16T00:45:13Z</time><extensions><speed>0.970291</speed><course>207.413498</course><hAcc>0.763898</hAcc><vAcc>0.555104</vAcc></extensions></trkpt>
      <trkpt lon="-123.279850" lat="44.562919"><ele>72.265915</ele><time>2020-12-16T00:45:14Z</time><extensions><speed>0.994726</speed><course>204.757538</course><hAcc>0.763882</hAcc><vAcc>0.555101</vAcc></extensions></trkpt>
      <trkpt lon="-123.279849" lat="44.562928"><ele>72.267769</ele><time>2020-12-16T00:45:15Z</time><extensions><speed>1.017079</speed><course>206.813416</course><hAcc>0.763922</hAcc><vAcc>0.555140</vAcc></extensions></trkpt>
      <trkpt lon="-123.279849" lat="44.562937"><ele>72.270721</ele><time>2020-12-16T00:45:16Z</time><extensions><speed>1.037504</speed><course>192.396255</course><hAcc>0.764093</hAcc><vAcc>0.555272</vAcc></extensions></trkpt>
      <trkpt lon="-123.279849" lat="44.562946"><ele>72.274605</ele><time>2020-12-16T00:45:17Z</time><extensions><speed>1.056247</speed><course>197.168304</course><hAcc>0.764520</hAcc><vAcc>0.555576</vAcc></extensions></trkpt>
      <trkpt lon="-123.279849" lat="44.562956"><ele>72.279625</ele><time>2020-12-16T00:45:18Z</time><extensions><speed>1.073428</speed><course>191.501495</course><hAcc>0.765384</hAcc><vAcc>0.556168</vAcc></extensions></trkpt>
      <trkpt lon="-123.279850" lat="44.562966"><ele>72.286270</ele><time>2020-12-16T00:45:19Z</time><extensions><speed>1.088864</speed><course>193.484879</course><hAcc>0.766943</hAcc><vAcc>0.557205</vAcc></extensions></trkpt>
      <trkpt lon="-123.279851" lat="44.562975"><ele>72.294968</ele><time>2020-12-16T00:45:20Z</time><extensions><speed>1.102317</speed><course>196.994720</course><hAcc>0.769530</hAcc><vAcc>0.558887</vAcc></extensions></trkpt>
      <trkpt lon="-123.279852" lat="44.562985"><ele>72.305893</ele><time>2020-12-16T00:45:21Z</time><extensions><speed>1.113814</speed><course>200.600067</course><hAcc>0.773542</hAcc><vAcc>0.561446</vAcc></extensions></trkpt>
      <trkpt lon="-123.279854" lat="44.562995"><ele>72.318916</ele><time>2020-12-16T00:45:22Z</time><extensions><speed>1.123884</speed><course>198.436539</course><hAcc>0.779399</hAcc><vAcc>0.565126</vAcc></extensions></trkpt>
      <trkpt lon="-123.279857" lat="44.563005"><ele>72.333611</ele><time>2020-12-16T00:45:23Z</time><extensions><speed>1.133333</speed><course>192.879364</course><hAcc>0.787481</hAcc><vAcc>0.570138</vAcc></extensions></trkpt>
      <trkpt lon="-123.279860" lat="44.563015"><ele>72.349426</ele><time>2020-12-16T00:45:24Z</time><extensions><speed>1.142458</speed><course>201.946960</course><hAcc>0.798017</hAcc><vAcc>0.576603</vAcc></extensions></trkpt>
      <trkpt lon="-123.279863" lat="44.563025"><ele>72.365913</ele><time>2020-12-16T00:45:25Z</time><extensions><speed>1.150828</speed><course>182.119858</course><hAcc>0.810955</hAcc><vAcc>0.584475</vAcc></extensions></trkpt>
      <trkpt lon="-123.279867" lat="44.563035"><ele>72.382767</ele><time>2020-12-16T00:45:26Z</time><extensions><speed>1.157869</speed><course>196.295090</course><hAcc>0.825836</hAcc><vAcc>0.593470</vAcc></extensions></trkpt>
      <trkpt lon="-123.279871" lat="44.563045"><ele>72.399734</ele><time>2020-12-16T00:45:27Z</time><extensions><speed>1.162582</speed><course>201.265747</course><hAcc>0.841685</hAcc><vAcc>0.603008</vAcc></extensions></trkpt>
      <trkpt lon="-123.279876" lat="44.563055"><ele>72.416557</ele><time>2020-12-16T00:45:28Z</time><extensions><speed>1.163682</speed><course>200.241653</course><hAcc>0.857237</hAcc><vAcc>0.612340</vAcc></extensions></trkpt>
      <trkpt lon="-123.279881" lat="44.563065"><ele>72.433014</ele><time>2020-12-16T00:45:29Z</time><extensions><speed>1.160267</speed><course>205.512634</course><hAcc>0.871451</hAcc><vAcc>0.620853</vAcc></extensions></trkpt>
      <trkpt lon="-123.279886" lat="44.563075"><ele>72.448959</ele><time>2020-12-16T00:45:30Z</time><extensions><speed>1.152074</speed><course>200.752853</course><hAcc>0.883734</hAcc><vAcc>0.628197</vAcc></extensions></trkpt>
      <trkpt lon="-123.279892" lat="44.563084"><ele>72.464462</ele><time>2020-12-16T00:45:31Z</time><extensions><speed>1.139680</speed><course>200.287506</course><hAcc>0.893859</hAcc><vAcc>0.634241</vAcc></extensions></trkpt>
      <trkpt lon="-123.279898" lat="44.563094"><ele>72.479958</ele><time>2020-12-16T00:45:32Z</time><extensions><speed>1.124115</speed><course>205.994064</course><hAcc>0.901860</hAcc><vAcc>0.639009</vAcc></extensions></trkpt>
      <trkpt lon="-123.279904" lat="44.563103"><ele>72.496262</ele><time>2020-12-16T00:45:33Z</time><extensions><speed>1.106467</speed><course>200.171295</course><hAcc>0.907937</hAcc><vAcc>0.642622</vAcc></extensions></trkpt>
      <trkpt lon="-123.279910" lat="44.563111"><ele>72.514351</ele><time>2020-12-16T00:45:34Z</time><extensions><speed>1.087400</speed><course>199.193375</course><hAcc>0.912375</hAcc><vAcc>0.645253</vAcc></extensions></trkpt>
      <trkpt lon="-123.279916" lat="44.563120"><ele>72.534996</ele><time>2020-12-16T00:45:35Z</time><extensions><speed>1.067061</speed><course>198.711853</course><hAcc>0.915488</hAcc><vAcc>0.647093</vAcc></extensions></trkpt>
      <trkpt lon="-123.279923" lat="44.563128"><ele>72.558525</ele><time>2020-12-16T00:45:36Z</time><extensions><speed>1.045950</speed><course>198.433380</course><hAcc>0.917577</hAcc><vAcc>0.648324</vAcc></extensions></trkpt>
      <trkpt lon="-123.279930" lat="44.563136"><ele>72.585152</ele><time>2020-12-16T00:45:37Z</time><extensions><speed>1.024790</speed><course>186.496796</course><hAcc>0.918913</hAcc><vAcc>0.649107</vAcc></extensions></trkpt>
      <trkpt lon="-123.279937" lat="44.563144"><ele>72.615227</ele><time>2020-12-16T00:45:38Z</time><extensions><speed>1.003786</speed><course>188.972534</course><hAcc>0.919718</hAcc><vAcc>0.649576</vAcc></extensions></trkpt>
      <trkpt lon="-123.279944" lat="44.563151"><ele>72.649048</ele><time>2020-12-16T00:45:39Z</time><extensions><speed>0.982944</speed><course>206.511810</course><hAcc>0.920168</hAcc><vAcc>0.649837</vAcc></extensions></trkpt>
      <trkpt lon="-123.279951" lat="44.563158"><ele>72.686401</ele><time>2020-12-16T00:45:40Z</time><extensions><speed>0.962799</speed><course>198.365051</course><hAcc>0.920397</hAcc><vAcc>0.649968</vAcc></extensions></trkpt>
      <trkpt lon="-123.279959" lat="44.563165"><ele>72.726364</ele><time>2020-12-16T00:45:41Z</time><extensions><speed>0.944155</speed><course>194.554016</course><hAcc>0.920497</hAcc><vAcc>0.650024</vAcc></extensions></trkpt>
      <trkpt lon="-123.279967" lat="44.563171"><ele>72.767426</ele><time>2020-12-16T00:45:42Z</time><extensions><speed>0.927436</speed><course>196.530319</course><hAcc>0.920531</hAcc><vAcc>0.650042</vAcc></extensions></trkpt>
      <trkpt lon="-123.279975" lat="44.563177"><ele>72.807816</ele><time>2020-12-16T00:45:43Z</time><extensions><speed>0.912399</speed><course>197.778198</course><hAcc>0.920537</hAcc><vAcc>0.650045</vAcc></extensions></trkpt>
      <trkpt lon="-123.279983" lat="44.563182"><ele>72.845535</ele><time>2020-12-16T00:45:44Z</time><extensions><speed>0.898394</speed><course>201.115982</course><hAcc>0.920537</hAcc><vAcc>0.650046</vAcc></extensions></trkpt>
      <trkpt lon="-123.279992" lat="44.563188"><ele>72.878532</ele><time>2020-12-16T00:45:45Z</time><extensions><speed>0.884789</speed><course>188.736481</course><hAcc>0.920542</hAcc><vAcc>0.650049</vAcc></extensions></trkpt>
      <trkpt lon="-123.280001" lat="44.563192"><ele>72.905090</ele><time>2020-12-16T00:45:46Z</time><extensions><speed>0.870398</speed><course>191.047333</course><hAcc>0.920554</hAcc><vAcc>0.650057</vAcc></extensions></trkpt>
      <trkpt lon="-123.280010" lat="44.563197"><ele>72.924179</ele><time>2020-12-16T00:45:47Z</time><extensions><speed>0.853725</speed><course>199.345947</course><hAcc>0.920574</hAcc><vAcc>0.650069</vAcc></extensions></trkpt>
      <trkpt lon="-123.280018" lat="44.563201"><ele>72.935577</ele><time>2020-12-16T00:45:48Z</time><extensions><speed>0.834300</speed><course>208.964233</course><hAcc>0.920599</hAcc><vAcc>0.650084</vAcc></extensions></trkpt>
      <trkpt lon="-123.280027" lat="44.563205"><ele>72.939728</ele><time>2020-12-16T00:45:49Z</time><extensions><speed>0.813273</speed><course>197.093628</course><hAcc>0.920625</hAcc><vAcc>0.650101</vAcc></extensions></trkpt>
      <trkpt lon="-123.280036" lat="44.563208"><ele>72.937523</ele><time>2020-12-16T00:45:50Z</time><extensions><speed>0.792738</speed><course>194.898514</course><hAcc>0.920651</hAcc><vAcc>0.650116</vAcc></extensions></trkpt>
      <trkpt lon="-123.280045" lat="44.563212"><ele>72.930336</ele><time>2020-12-16T00:45:51Z</time><extensions><speed>0.774474</speed><course>199.538986</course><hAcc>0.920673</hAcc><vAcc>0.650130</vAcc></extensions></trkpt>
      <trkpt lon="-123.280054" lat="44.563214"><ele>72.920052</ele><time>2020-12-16T00:45:52Z</time><extensions><speed>0.759110</speed><course>197.535797</course><hAcc>0.920691</hAcc><vAcc>0.650141</vAcc></extensions></trkpt>
      <trkpt lon="-123.280062" lat="44.563217"><ele>72.908691</ele><time>2020-12-16T00:45:53Z</time><extensions><speed>0.746735</speed><course>207.627167</course><hAcc>0.920704</hAcc><vAcc>0.650149</vAcc></extensions></trkpt>
      <trkpt lon="-123.280071" lat="44.563219"><ele>72.897926</ele><time>2020-12-16T00:45:54Z</time><extensions><speed>0.737519</speed><course>200.060623</course><hAcc>0.920711</hAcc><vAcc>0.650153</vAcc></extensions></trkpt>
      <trkpt lon="-123.280080" lat="44.563221"><ele>72.888771</ele><time>2020-12-16T00:45:55Z</time><extensions><speed>0.731903</speed><course>200.333908</course><hAcc>0.920713</hAcc><vAcc>0.650154</vAcc></extensions></trkpt>
      <trkpt lon="-123.280089" lat="44.563223"><ele>72.881699</ele><time>2020-12-16T00:45:56Z</time><extensions><speed>0.729966</speed><course>194.582474</course><hAcc>0.920708</hAcc><vAcc>0.650151</vAcc></extensions></trkpt>
      <trkpt lon="-123.280098" lat="44.563225"><ele>72.876717</ele><time>2020-12-16T00:45:57Z</time><extensions><speed>0.730211</speed><course>186.934814</course><hAcc>0.920699</hAcc><vAcc>0.650146</vAcc></extensions></trkpt>
      <trkpt lon="-123.280107" lat="44.563226"><ele>72.873390</ele><time>2020-12-16T00:45:58Z</time><extensions><speed>0.730450</speed><course>193.592453</course><hAcc>0.920686</hAcc><vAcc>0.650138</vAcc></extensions></trkpt>
      <trkpt lon="-123.280116" lat="44.563226"><ele>72.870773</ele><time>2020-12-16T00:45:59Z</time><extensions><speed>0.729080</speed><course>204.516876</course><hAcc>0.920671</hAcc><vAcc>0.650129</vAcc></extensions></trkpt>
      <trkpt lon="-123.280125" lat="44.563227"><ele>72.867561</ele><time>2020-12-16T00:46:00Z</time><extensions><speed>0.725186</speed><course>203.850876</course><hAcc>0.920655</hAcc><vAcc>0.650120</vAcc></extensions></trkpt>
      <trkpt lon="-123.280134" lat="44.563227"><ele>72.862518</ele><time>2020-12-16T00:46:01Z</time><extensions><speed>0.718023</speed><course>193.455780</course><hAcc>0.920642</hAcc><vAcc>0.650112</vAcc></extensions></trkpt>
      <trkpt lon="-123.280143" lat="44.563226"><ele>72.855080</ele><time>2020-12-16T00:46:02Z</time><extensions><speed>0.706361</speed><course>198.796356</course><hAcc>0.920635</hAcc><vAcc>0.650108</vAcc></extensions></trkpt>
      <trkpt lon="-123.280152" lat="44.563225"><ele>72.845528</ele><time>2020-12-16T00:46:03Z</time><extensions><speed>0.688947</speed><course>205.133240</course><hAcc>0.920637</hAcc><vAcc>0.650109</vAcc></extensions></trkpt>
      <trkpt lon="-123.280160" lat="44.563224"><ele>72.834618</ele><time>2020-12-16T00:46:04Z</time><extensions><speed>0.665693</speed><course>205.800964</course><hAcc>0.920649</hAcc><vAcc>0.650116</vAcc></extensions></trkpt>
      <trkpt lon="-123.280168" lat="44.563222"><ele>72.823341</ele><time>2020-12-16T00:46:05Z</time><extensions><speed>0.637568</speed><course>204.740570</course><hAcc>0.920673</hAcc><vAcc>0.650130</vAcc></extensions></trkpt>
      <trkpt lon="-123.280175" lat="44.563220"><ele>72.812737</ele><time>2020-12-16T00:46:06Z</time><extensions><speed>0.606381</speed><course>195.168915</course><hAcc>0.920704</hAcc><vAcc>0.650148</vAcc></extensions></trkpt>
      <trkpt lon="-123.280181" lat="44.563217"><ele>72.803635</ele><time>2020-12-16T00:46:07Z</time><extensions><speed>0.574763</speed><course>205.691681</course><hAcc>0.920729</hAcc><vAcc>0.650163</vAcc></extensions></trkpt>
      <trkpt lon="-123.280187" lat="44.563214"><ele>72.796623</ele><time>2020-12-16T00:46:08Z</time><extensions><speed>0.546431</speed><course>210.275787</course><hAcc>0.920725</hAcc><vAcc>0.650162</vAcc></extensions></trkpt>
      <trkpt lon="-123.280191" lat="44.563210"><ele>72.791893</ele><time>2020-12-16T00:46:09Z</time><extensions><speed>0.526610</speed><course>196.880341</course><hAcc>0.920651</hAcc><vAcc>0.650119</vAcc></extensions></trkpt>
      <trkpt lon="-123.280194" lat="44.563206"><ele>72.788910</ele><time>2020-12-16T00:46:10Z</time><extensions><speed>0.521070</speed><course>193.220123</course><hAcc>0.920444</hAcc><vAcc>0.649999</vAcc></extensions></trkpt>
      <trkpt lon="-123.280195" lat="44.563201"><ele>72.786385</ele><time>2020-12-16T00:46:11Z</time><extensions><speed>0.534523</speed><course>203.769318</course><hAcc>0.920013</hAcc><vAcc>0.649749</vAcc></extensions></trkpt>
      <trkpt lon="-123.280196" lat="44.563196"><ele>72.782570</ele><time>2020-12-16T00:46:12Z</time><extensions><speed>0.567792</speed><course>205.720001</course><hAcc>0.919235</hAcc><vAcc>0.649294</vAcc></extensions></trkpt>
      <trkpt lon="-123.280194" lat="44.563191"><ele>72.775764</ele><time>2020-12-16T00:46:13Z</time><extensions><speed>0.616391</speed><course>191.098373</course><hAcc>0.917951</hAcc><vAcc>0.648543</vAcc></extensions></trkpt>
      <trkpt lon="-123.280192" lat="44.563185"><ele>72.764870</ele><time>2020-12-16T00:46:14Z</time><extensions><speed>0.673132</speed><course>201.098389</course><hAcc>0.915970</hAcc><vAcc>0.647382</vAcc></extensions></trkpt>
      <trkpt lon="-123.280187" lat="44.563180"><ele>72.749611</ele><time>2020-12-16T00:46:15Z</time><extensions><speed>0.731402</speed><course>201.694397</course><hAcc>0.913077</hAcc><vAcc>0.645686</vAcc></extensions></trkpt>
      <trkpt lon="-123.280182" lat="44.563174"><ele>72.730629</ele><time>2020-12-16T00:46:16Z</time><extensions><speed>0.785982</speed><course>199.030945</course><hAcc>0.909052</hAcc><vAcc>0.643325</vAcc></extensions></trkpt>
      <trkpt lon="-123.280176" lat="44.563169"><ele>72.709221</ele><time>2020-12-16T00:46:17Z</time><extensions><speed>0.833020</speed><course>196.761139</course><hAcc>0.903705</hAcc><vAcc>0.640188</vAcc></extensions></trkpt>
      <trkpt lon="-123.280169" lat="44.563163"><ele>72.686935</ele><time>2020-12-16T00:46:18Z</time><extensions><speed>0.870169</speed><course>197.206741</course><hAcc>0.896922</hAcc><vAcc>0.636210</vAcc></extensions></trkpt>
      <trkpt lon="-123.280161" lat="44.563157"><ele>72.665390</ele><time>2020-12-16T00:46:19Z</time><extensions><speed>0.896416</speed><course>202.357346</course><hAcc>0.888734</hAcc><vAcc>0.631413</vAcc></extensions></trkpt>
      <trkpt lon="-123.280152" lat="44.563152"><ele>72.646332</ele><time>2020-12-16T00:46:20Z</time><extensions><speed>0.912431</speed><course>201.155884</course><hAcc>0.879403</hAcc><vAcc>0.625950</vAcc></extensions></trkpt>
      <trkpt lon="-123.280143" lat="44.563147"><ele>72.631546</ele><time>2020-12-16T00:46:21Z</time><extensions><speed>0.919784</speed><course>193.019150</course><hAcc>0.869509</hAcc><vAcc>0.620166</vAcc></extensions></trkpt>
      <trkpt lon="-123.280134" lat="44.563142"><ele>72.622581</ele><time>2020-12-16T00:46:22Z</time><extensions><speed>0.919907</speed><course>197.939194</course><hAcc>0.860038</hAcc><vAcc>0.614636</vAcc></extensions></trkpt>
      <trkpt lon="-123.280125" lat="44.563137"><ele>72.620308</ele><time>2020-12-16T00:46:23Z</time><extensions><speed>0.914181</speed><course>198.525146</course><hAcc>0.852403</hAcc><vAcc>0.610184</vAcc></extensions></trkpt>
      <trkpt lon="-123.280115" lat="44.563132"><ele>72.624779</ele><time>2020-12-16T00:46:24Z</time><extensions><speed>0.905139</speed><course>196.224564</course><hAcc>0.848114</hAcc><vAcc>0.607686</vAcc></extensions></trkpt>
      <trkpt lon="-123.280105" lat="44.563128"><ele>72.635330</ele><time>2020-12-16T00:46:25Z</time><extensions><speed>0.895045</speed><course>199.768036</course><hAcc>0.848114</hAcc><vAcc>0.607686</vAcc></extensions></trkpt>
      <trkpt lon="-123.280096" lat="44.563124"><ele>72.650681</ele><time>2020-12-16T00:46:26Z</time><extensions><speed>0.884712</speed><course>200.227356</course><hAcc>0.852403</hAcc><vAcc>0.610184</vAcc></extensions></trkpt>
      <trkpt lon="-123.280086" lat="44.563120"><ele>72.669334</ele><time>2020-12-16T00:46:27Z</time><extensions><speed>0.874889</speed><course>205.052841</course><hAcc>0.860038</hAcc><vAcc>0.614636</vAcc></extensions></trkpt>
      <trkpt lon="-123.280076" lat="44.563117"><ele>72.690002</ele><time>2020-12-16T00:46:28Z</time><extensions><speed>0.865943</speed><course>199.650818</course><hAcc>0.869509</hAcc><vAcc>0.620166</vAcc></extensions></trkpt>
      <trkpt lon="-123.280066" lat="44.563114"><ele>72.711723</ele><time>2020-12-16T00:46:29Z</time><extensions><speed>0.858129</speed><course>200.912704</course><hAcc>0.879403</hAcc><vAcc>0.625950</vAcc></extensions></trkpt>
      <trkpt lon="-123.280056" lat="44.563111"><ele>72.733833</ele><time>2020-12-16T00:46:30Z</time><extensions><speed>0.852256</speed><course>199.320969</course><hAcc>0.888734</hAcc><vAcc>0.631413</vAcc></extensions></trkpt>
      <trkpt lon="-123.280046" lat="44.563108"><ele>72.755936</ele><time>2020-12-16T00:46:31Z</time><extensions><speed>0.848940</speed><course>192.747452</course><hAcc>0.896922</hAcc><vAcc>0.636210</vAcc></extensions></trkpt>
      <trkpt lon="-123.280036" lat="44.563106"><ele>72.777748</ele><time>2020-12-16T00:46:32Z</time><extensions><speed>0.848347</speed><course>191.589478</course><hAcc>0.903705</hAcc><vAcc>0.640188</vAcc></extensions></trkpt>
      <trkpt lon="-123.280025" lat="44.563105"><ele>72.799049</ele><time>2020-12-16T00:46:33Z</time><extensions><speed>0.850719</speed><course>201.628342</course><hAcc>0.909052</hAcc><vAcc>0.643325</vAcc></extensions></trkpt>
      <trkpt lon="-123.280015" lat="44.563103"><ele>72.819633</ele><time>2020-12-16T00:46:34Z</time><extensions><speed>0.856016</speed><course>202.949097</course><hAcc>0.913077</hAcc><vAcc>0.645686</vAcc></extensions></trkpt>
      <trkpt lon="-123.280004" lat="44.563103"><ele>72.839287</ele><time>2020-12-16T00:46:35Z</time><extensions><speed>0.863991</speed><course>204.721741</course><hAcc>0.915970</hAcc><vAcc>0.647382</vAcc></extensions></trkpt>
      <trkpt lon="-123.279993" lat="44.563102"><ele>72.857803</ele><time>2020-12-16T00:46:36Z</time><extensions><speed>0.874449</speed><course>201.623886</course><hAcc>0.917952</hAcc><vAcc>0.648543</vAcc></extensions></trkpt>
      <trkpt lon="-123.279982" lat="44.563103"><ele>72.874962</ele><time>2020-12-16T00:46:37Z</time><extensions><speed>0.887138</speed><course>195.771088</course><hAcc>0.919236</hAcc><vAcc>0.649294</vAcc></extensions></trkpt>
      <trkpt lon="-123.279971" lat="44.563104"><ele>72.890480</ele><time>2020-12-16T00:46:38Z</time><extensions><speed>0.901640</speed><course>206.294907</course><hAcc>0.920013</hAcc><vAcc>0.649749</vAcc></extensions></trkpt>
      <trkpt lon="-123.279960" lat="44.563105"><ele>72.903824</ele><time>2020-12-16T00:46:39Z</time><extensions><speed>0.917180</speed><course>195.119202</course><hAcc>0.920444</hAcc><vAcc>0.650000</vAcc></extensions></trkpt>
      <trkpt lon="-123.279948" lat="44.563107"><ele>72.914276</ele><time>2020-12-16T00:46:40Z</time><extensions><speed>0.932386</speed><course>192.668015</course><hAcc>0.920651</hAcc><vAcc>0.650119</vAcc></extensions></trkpt>
      <trkpt lon="-123.279937" lat="44.563110"><ele>72.921082</ele><time>2020-12-16T00:46:41Z</time><extensions><speed>0.945249</speed><course>198.670517</course><hAcc>0.920725</hAcc><vAcc>0.650162</vAcc></extensions></trkpt>
      <trkpt lon="-123.279926" lat="44.563114"><ele>72.923752</ele><time>2020-12-16T00:46:42Z</time><extensions><speed>0.953615</speed><course>198.976166</course><hAcc>0.920729</hAcc><vAcc>0.650163</vAcc></extensions></trkpt>
      <trkpt lon="-123.279916" lat="44.563117"><ele>72.922112</ele><time>2020-12-16T00:46:43Z</time><extensions><speed>0.955611</speed><course>187.659882</course><hAcc>0.920704</hAcc><vAcc>0.650148</vAcc></extensions></trkpt>
      <trkpt lon="-123.279905" lat="44.563122"><ele>72.916153</ele><time>2020-12-16T00:46:44Z</time><extensions><speed>0.949559</speed><course>194.539413</course><hAcc>0.920674</hAcc><vAcc>0.650130</vAcc></extensions></trkpt>
      <trkpt lon="-123.279895" lat="44.563126"><ele>72.906067</ele><time>2020-12-16T00:46:45Z</time><extensions><speed>0.934001</speed><course>206.567413</course><hAcc>0.920650</hAcc><vAcc>0.650116</vAcc></extensions></trkpt>
      <trkpt lon="-123.279886" lat="44.563132"><ele>72.892319</ele><time>2020-12-16T00:46:46Z</time><extensions><speed>0.908151</speed><course>198.433945</course><hAcc>0.920637</hAcc><vAcc>0.650109</vAcc></extensions></trkpt>
      <trkpt lon="-123.279878" lat="44.563137"><ele>72.875694</ele><time>2020-12-16T00:46:47Z</time><extensions><speed>0.872095</speed><course>198.781387</course><hAcc>0.920636</hAcc><vAcc>0.650108</vAcc></extensions></trkpt>
      <trkpt lon="-123.279870" lat="44.563142"><ele>72.857262</ele><time>2020-12-16T00:46:48Z</time><extensions><speed>0.826585</speed><course>199.102402</course><hAcc>0.920644</hAcc><vAcc>0.650113</vAcc></extensions></trkpt>
      <trkpt lon="-123.279864" lat="44.563148"><ele>72.838211</ele><time>2020-12-16T00:46:49Z</time><extensions><speed>0.773107</speed><course>195.905029</course><hAcc>0.920657</hAcc><vAcc>0.650121</vAcc></extensions></trkpt>
      <trkpt lon="-123.279858" lat="44.563153"><ele>72.819656</ele><time>2020-12-16T00:46:50Z</time><extensions><speed>0.714203</speed><course>190.991241</course><hAcc>0.920674</hAcc><vAcc>0.650131</vAcc></extensions></trkpt>
      <trkpt lon="-123.279854" lat="44.563158"><ele>72.802330</ele><time>2020-12-16T00:46:51Z</time><extensions><speed>0.652986</speed><course>195.046173</course><hAcc>0.920692</hAcc><vAcc>0.650142</vAcc></extensions></trkpt>
      <trkpt lon="-123.279850" lat="44.563163"><ele>72.786583</ele><time>2020-12-16T00:46:52Z</time><extensions><speed>0.592584</speed><course>200.823685</course><hAcc>0.920709</hAcc><vAcc>0.650152</vAcc></extensions></trkpt>
      <trkpt lon="-123.279848" lat="44.563168"><ele>72.772430</ele><time>2020-12-16T00:46:53Z</time><extensions><speed>0.536453</speed><course>199.128204</course><hAcc>0.920724</hAcc><vAcc>0.650160</vAcc></extensions></trkpt>
      <trkpt lon="-123.279847" lat="44.563173"><ele>72.759712</ele><time>2020-12-16T00:46:54Z</time><extensions><speed>0.488070</speed><course>198.014832</course><hAcc>0.920736</hAcc><vAcc>0.650168</vAcc></extensions></trkpt>
      <trkpt lon="-123.279847" lat="44.563177"><ele>72.748215</ele><time>2020-12-16T00:46:55Z</time><extensions><speed>0.450238</speed><course>204.657867</course><hAcc>0.920746</hAcc><vAcc>0.650173</vAcc></extensions></trkpt>
      <trkpt lon="-123.279847" lat="44.563181"><ele>72.737907</ele><time>2020-12-16T00:46:56Z</time><extensions><speed>0.424356</speed><course>217.010574</course><hAcc>0.920753</hAcc><vAcc>0.650178</vAcc></extensions></trkpt>
      <trkpt lon="-123.279848" lat="44.563184"><ele>72.729034</ele><time>2020-12-16T00:46:57Z</time><extensions><speed>0.409309</speed><course>194.968628</course><hAcc>0.920759</hAcc><vAcc>0.650181</vAcc></extensions></trkpt>
      <trkpt lon="-123.279850" lat="44.563188"><ele>72.722122</ele><time>2020-12-16T00:46:58Z</time><extensions><speed>0.401905</speed><course>192.241440</course><hAcc>0.920762</hAcc><vAcc>0.650183</vAcc></extensions></trkpt>
      <trkpt lon="-123.279852" lat="44.563191"><ele>72.717636</ele><time>2020-12-16T00:46:59Z</time><extensions><speed>0.398243</speed><course>196.610428</course><hAcc>0.920765</hAcc><vAcc>0.650185</vAcc></extensions></trkpt>
      <trkpt lon="-123.279854" lat="44.563194"><ele>72.715698</ele><time>2020-12-16T00:47:00Z</time><extensions><speed>0.395348</speed><course>202.538879</course><hAcc>0.920766</hAcc><vAcc>0.650187</vAcc></extensions></trkpt>
      <trkpt lon="-123.279857" lat="44.563197"><ele>72.716087</ele><time>2020-12-16T00:47:01Z</time><extensions><speed>0.391689</speed><course>200.199219</course><hAcc>0.920767</hAcc><vAcc>0.650189</vAcc></extensions></trkpt>
      <trkpt lon="-123.279860" lat="44.563200"><ele>72.718376</ele><time>2020-12-16T00:47:02Z</time><extensions><speed>0.386309</speed><course>191.053223</course><hAcc>0.920767</hAcc><vAcc>0.650191</vAcc></extensions></trkpt>
      <trkpt lon="-123.279863" lat="44.563203"><ele>72.722099</ele><time>2020-12-16T00:47:03Z</time><extensions><speed>0.378334</speed><course>192.379410</course><hAcc>0.920768</hAcc><vAcc>0.650193</vAcc></extensions></trkpt>
      <trkpt lon="-123.279865" lat="44.563206"><ele>72.726822</ele><time>2020-12-16T00:47:04Z</time><extensions><speed>0.366823</speed><course>197.375092</course><hAcc>0.920768</hAcc><vAcc>0.650196</vAcc></extensions></trkpt>
      <trkpt lon="-123.279868" lat="44.563208"><ele>72.732147</ele><time>2020-12-16T00:47:05Z</time><extensions><speed>0.350834</speed><course>191.672775</course><hAcc>0.920769</hAcc><vAcc>0.650200</vAcc></extensions></trkpt>
      <trkpt lon="-123.279871" lat="44.563211"><ele>72.737770</ele><time>2020-12-16T00:47:06Z</time><extensions><speed>0.329705</speed><course>193.624222</course><hAcc>0.920770</hAcc><vAcc>0.650205</vAcc></extensions></trkpt>
      <trkpt lon="-123.279873" lat="44.563213"><ele>72.743576</ele><time>2020-12-16T00:47:07Z</time><extensions><speed>0.303962</speed><course>193.479538</course><hAcc>0.920772</hAcc><vAcc>0.650211</vAcc></extensions></trkpt>
      <trkpt lon="-123.279875" lat="44.563215"><ele>72.749573</ele><time>2020-12-16T00:47:08Z</time><extensions><speed>0.275268</speed><course>198.247833</course><hAcc>0.920776</hAcc><vAcc>0.650218</vAcc></extensions></trkpt>
      <trkpt lon="-123.279877" lat="44.563217"><ele>72.755806</ele><time>2020-12-16T00:47:09Z</time><extensions><speed>0.245331</speed><course>203.610138</course><hAcc>0.920781</hAcc><vAcc>0.650227</vAcc></extensions></trkpt>
      <trkpt lon="-123.279879" lat="44.563218"><ele>72.762352</ele><time>2020-12-16T00:47:10Z</time><extensions><speed>0.215551</speed><course>193.885712</course><hAcc>0.920788</hAcc><vAcc>0.650236</vAcc></extensions></trkpt>
      <trkpt lon="-123.279881" lat="44.563220"><ele>72.769333</ele><time>2020-12-16T00:47:11Z</time><extensions><speed>0.186989</speed><course>189.646042</course><hAcc>0.920797</hAcc><vAcc>0.650245</vAcc></extensions></trkpt>
      <trkpt lon="-123.279883" lat="44.563221"><ele>72.776848</ele><time>2020-12-16T00:47:12Z</time><extensions><speed>0.160453</speed><course>192.264175</course><hAcc>0.920810</hAcc><vAcc>0.650256</vAcc></extensions></trkpt>
      <trkpt lon="-123.279884" lat="44.563222"><ele>72.785027</ele><time>2020-12-16T00:47:13Z</time><extensions><speed>0.136592</speed><course>198.218735</course><hAcc>0.920825</hAcc><vAcc>0.650266</vAcc></extensions></trkpt>
      <trkpt lon="-123.279885" lat="44.563222"><ele>72.793976</ele><time>2020-12-16T00:47:14Z</time><extensions><speed>0.116007</speed><course>221.669327</course><hAcc>0.920843</hAcc><vAcc>0.650279</vAcc></extensions></trkpt>
      <trkpt lon="-123.279887" lat="44.563223"><ele>72.803772</ele><time>2020-12-16T00:47:15Z</time><extensions><speed>0.099357</speed><course>205.775467</course><hAcc>0.920864</hAcc><vAcc>0.650296</vAcc></extensions></trkpt>
      <trkpt lon="-123.279888" lat="44.563223"><ele>72.814468</ele><time>2020-12-16T00:47:16Z</time><extensions><speed>0.087414</speed><course>207.450821</course><hAcc>0.920887</hAcc><vAcc>0.650322</vAcc></extensions></trkpt>
      <trkpt lon="-123.279889" lat="44.563223"><ele>72.826035</ele><time>2020-12-16T00:47:17Z</time><extensions><speed>0.080959</speed><course>203.144638</course><hAcc>0.920910</hAcc><vAcc>0.650364</vAcc></extensions></trkpt>
      <trkpt lon="-123.279890" lat="44.563222"><ele>72.838379</ele><time>2020-12-16T00:47:18Z</time><extensions><speed>0.080464</speed><course>198.933456</course><hAcc>0.920932</hAcc><vAcc>0.650435</vAcc></extensions></trkpt>
      <trkpt lon="-123.279891" lat="44.563222"><ele>72.851326</ele><time>2020-12-16T00:47:19Z</time><extensions><speed>0.085853</speed><course>195.255875</course><hAcc>0.920952</hAcc><vAcc>0.650553</vAcc></extensions></trkpt>
      <trkpt lon="-123.279891" lat="44.563221"><ele>72.864563</ele><time>2020-12-16T00:47:20Z</time><extensions><speed>0.096774</speed><course>195.873062</course><hAcc>0.920967</hAcc><vAcc>0.650743</vAcc></extensions></trkpt>
      <trkpt lon="-123.279892" lat="44.563220"><ele>72.877655</ele><time>2020-12-16T00:47:21Z</time><extensions><speed>0.113128</speed><course>198.157089</course><hAcc>0.920981</hAcc><vAcc>0.651042</vAcc></extensions></trkpt>
      <trkpt lon="-123.279892" lat="44.563219"><ele>72.890015</ele><time>2020-12-16T00:47:22Z</time><extensions><speed>0.135342</speed><course>207.563141</course><hAcc>0.920997</hAcc><vAcc>0.651495</vAcc></extensions></trkpt>
      <trkpt lon="-123.279891" lat="44.563218"><ele>72.900963</ele><time>2020-12-16T00:47:23Z</time><extensions><speed>0.163741</speed><course>184.277771</course><hAcc>0.921027</hAcc><vAcc>0.652159</vAcc></extensions></trkpt>
      <trkpt lon="-123.279890" lat="44.563216"><ele>72.909935</ele><time>2020-12-16T00:47:24Z</time><extensions><speed>0.198060</speed><course>189.462341</course><hAcc>0.921092</hAcc><vAcc>0.653099</vAcc></extensions></trkpt>
      <trkpt lon="-123.279889" lat="44.563215"><ele>72.916534</ele><time>2020-12-16T00:47:25Z</time><extensions><speed>0.237960</speed><course>185.330933</course><hAcc>0.921229</hAcc><vAcc>0.654388</vAcc></extensions></trkpt>
      <trkpt lon="-123.279887" lat="44.563213"><ele>72.920563</ele><time>2020-12-16T00:47:26Z</time><extensions><speed>0.283070</speed><course>175.969360</course><hAcc>0.921492</hAcc><vAcc>0.656099</vAcc></extensions></trkpt>
      <trkpt lon="-123.279884" lat="44.563211"><ele>72.921921</ele><time>2020-12-16T00:47:27Z</time><extensions><speed>0.333022</speed><course>183.031113</course><hAcc>0.921961</hAcc><vAcc>0.658295</vAcc></extensions></trkpt>
      <trkpt lon="-123.279880" lat="44.563209"><ele>72.920670</ele><time>2020-12-16T00:47:28Z</time><extensions><speed>0.387480</speed><course>191.760742</course><hAcc>0.922746</hAcc><vAcc>0.661024</vAcc></extensions></trkpt>
      <trkpt lon="-123.279876" lat="44.563208"><ele>72.916985</ele><time>2020-12-16T00:47:29Z</time><extensions><speed>0.446166</speed><course>196.188187</course><hAcc>0.923991</hAcc><vAcc>0.664299</vAcc></extensions></trkpt>
      <trkpt lon="-123.279869" lat="44.563206"><ele>72.909760</ele><time>2020-12-16T00:47:30Z</time><extensions><speed>0.534782</speed><course>208.143448</course><hAcc>0.921685</hAcc><vAcc>0.665586</vAcc></extensions></trkpt>
      <trkpt lon="-123.279863" lat="44.563205"><ele>72.903229</ele><time>2020-12-16T00:47:31Z</time><extensions><speed>0.581003</speed><course>201.976028</course><hAcc>0.919509</hAcc><vAcc>0.666035</vAcc></extensions></trkpt>
      <trkpt lon="-123.279855" lat="44.563205"><ele>72.894379</ele><time>2020-12-16T00:47:32Z</time><extensions><speed>0.649602</speed><course>198.579056</course><hAcc>0.919832</hAcc><vAcc>0.668451</vAcc></extensions></trkpt>
      <trkpt lon="-123.279847" lat="44.563205"><ele>72.884911</ele><time>2020-12-16T00:47:33Z</time><extensions><speed>0.715569</speed><course>207.801300</course><hAcc>0.920333</hAcc><vAcc>0.670682</vAcc></extensions></trkpt>
      <trkpt lon="-123.279837" lat="44.563206"><ele>72.875237</ele><time>2020-12-16T00:47:34Z</time><extensions><speed>0.774156</speed><course>214.053680</course><hAcc>0.920936</hAcc><vAcc>0.672649</vAcc></extensions></trkpt>
      <trkpt lon="-123.279828" lat="44.563207"><ele>72.865524</ele><time>2020-12-16T00:47:35Z</time><extensions><speed>0.821318</speed><course>213.733963</course><hAcc>0.921576</hAcc><vAcc>0.674321</vAcc></extensions></trkpt>
      <trkpt lon="-123.279818" lat="44.563209"><ele>72.855545</ele><time>2020-12-16T00:47:36Z</time><extensions><speed>0.854709</speed><course>210.738098</course><hAcc>0.922206</hAcc><vAcc>0.675700</vAcc></extensions></trkpt>
      <trkpt lon="-123.279808" lat="44.563212"><ele>72.844849</ele><time>2020-12-16T00:47:37Z</time><extensions><speed>0.872749</speed><course>206.300461</course><hAcc>0.922798</hAcc><vAcc>0.676815</vAcc></extensions></trkpt>
      <trkpt lon="-123.279798" lat="44.563216"><ele>72.833015</ele><time>2020-12-16T00:47:38Z</time><extensions><speed>0.874731</speed><course>202.599731</course><hAcc>0.923339</hAcc><vAcc>0.677706</vAcc></extensions></trkpt>
      <trkpt lon="-123.279788" lat="44.563220"><ele>72.819862</ele><time>2020-12-16T00:47:39Z</time><extensions><speed>0.860784</speed><course>197.208603</course><hAcc>0.923831</hAcc><vAcc>0.678425</vAcc></extensions></trkpt>
      <trkpt lon="-123.279780" lat="44.563224"><ele>72.805412</ele><time>2020-12-16T00:47:40Z</time><extensions><speed>0.831933</speed><course>203.211685</course><hAcc>0.924288</hAcc><vAcc>0.679021</vAcc></extensions></trkpt>
      <trkpt lon="-123.279772" lat="44.563229"><ele>72.789864</ele><time>2020-12-16T00:47:41Z</time><extensions><speed>0.790042</speed><course>206.548401</course><hAcc>0.924726</hAcc><vAcc>0.679543</vAcc></extensions></trkpt>
      <trkpt lon="-123.279765" lat="44.563234"><ele>72.773727</ele><time>2020-12-16T00:47:42Z</time><extensions><speed>0.737918</speed><course>199.666870</course><hAcc>0.925166</hAcc><vAcc>0.680033</vAcc></extensions></trkpt>
      <trkpt lon="-123.279760" lat="44.563239"><ele>72.757622</ele><time>2020-12-16T00:47:43Z</time><extensions><speed>0.678649</speed><course>195.379929</course><hAcc>0.925624</hAcc><vAcc>0.680523</vAcc></extensions></trkpt>
      <trkpt lon="-123.279755" lat="44.563244"><ele>72.742004</ele><time>2020-12-16T00:47:44Z</time><extensions><speed>0.614897</speed><course>206.469131</course><hAcc>0.926109</hAcc><vAcc>0.681031</vAcc></extensions></trkpt>
      <trkpt lon="-123.279751" lat="44.563248"><ele>72.727005</ele><time>2020-12-16T00:47:45Z</time><extensions><speed>0.548518</speed><course>196.663696</course><hAcc>0.926617</hAcc><vAcc>0.681559</vAcc></extensions></trkpt>
      <trkpt lon="-123.279749" lat="44.563252"><ele>72.712379</ele><time>2020-12-16T00:47:46Z</time><extensions><speed>0.481164</speed><course>209.347580</course><hAcc>0.927132</hAcc><vAcc>0.682092</vAcc></extensions></trkpt>
      <trkpt lon="-123.279747" lat="44.563256"><ele>72.697601</ele><time>2020-12-16T00:47:47Z</time><extensions><speed>0.414799</speed><course>201.285172</course><hAcc>0.927625</hAcc><vAcc>0.682605</vAcc></extensions></trkpt>
      <trkpt lon="-123.279745" lat="44.563259"><ele>72.682022</ele><time>2020-12-16T00:47:48Z</time><extensions><speed>0.351645</speed><course>203.034027</course><hAcc>0.928074</hAcc><vAcc>0.683073</vAcc></extensions></trkpt>
      <trkpt lon="-123.279745" lat="44.563262"><ele>72.665154</ele><time>2020-12-16T00:47:49Z</time><extensions><speed>0.293786</speed><course>200.628265</course><hAcc>0.928463</hAcc><vAcc>0.683480</vAcc></extensions></trkpt>
      <trkpt lon="-123.279745" lat="44.563265"><ele>72.646698</ele><time>2020-12-16T00:47:50Z</time><extensions><speed>0.242774</speed><course>197.429932</course><hAcc>0.928784</hAcc><vAcc>0.683818</vAcc></extensions></trkpt>
      <trkpt lon="-123.279745" lat="44.563267"><ele>72.626602</ele><time>2020-12-16T00:47:51Z</time><extensions><speed>0.199945</speed><course>193.025009</course><hAcc>0.929035</hAcc><vAcc>0.684085</vAcc></extensions></trkpt>
      <trkpt lon="-123.279746" lat="44.563268"><ele>72.605087</ele><time>2020-12-16T00:47:52Z</time><extensions><speed>0.166536</speed><course>195.353729</course><hAcc>0.929219</hAcc><vAcc>0.684281</vAcc></extensions></trkpt>
      <trkpt lon="-123.279746" lat="44.563270"><ele>72.582535</ele><time>2020-12-16T00:47:53Z</time><extensions><speed>0.143516</speed><course>202.215546</course><hAcc>0.929342</hAcc><vAcc>0.684415</vAcc></extensions></trkpt>
      <trkpt lon="-123.279748" lat="44.563270"><ele>72.559311</ele><time>2020-12-16T00:47:54Z</time><extensions><speed>0.130954</speed><course>210.078690</course><hAcc>0.929416</hAcc><vAcc>0.684496</vAcc></extensions></trkpt>
      <trkpt lon="-123.279749" lat="44.563271"><ele>72.535515</ele><time>2020-12-16T00:47:55Z</time><extensions><speed>0.127197</speed><course>199.863953</course><hAcc>0.929449</hAcc><vAcc>0.684535</vAcc></extensions></trkpt>
      <trkpt lon="-123.279750" lat="44.563272"><ele>72.510941</ele><time>2020-12-16T00:47:56Z</time><extensions><speed>0.129283</speed><course>203.463150</course><hAcc>0.929452</hAcc><vAcc>0.684541</vAcc></extensions></trkpt>
      <trkpt lon="-123.279752" lat="44.563272"><ele>72.485153</ele><time>2020-12-16T00:47:57Z</time><extensions><speed>0.134322</speed><course>198.730148</course><hAcc>0.929432</hAcc><vAcc>0.684523</vAcc></extensions></trkpt>
      <trkpt lon="-123.279754" lat="44.563272"><ele>72.457695</ele><time>2020-12-16T00:47:58Z</time><extensions><speed>0.140209</speed><course>199.766876</course><hAcc>0.929393</hAcc><vAcc>0.684485</vAcc></extensions></trkpt>
      <trkpt lon="-123.279755" lat="44.563272"><ele>72.428223</ele><time>2020-12-16T00:47:59Z</time><extensions><speed>0.145542</speed><course>195.749954</course><hAcc>0.929342</hAcc><vAcc>0.684433</vAcc></extensions></trkpt>
      <trkpt lon="-123.279757" lat="44.563272"><ele>72.396561</ele><time>2020-12-16T00:48:00Z</time><extensions><speed>0.149366</speed><course>200.636017</course><hAcc>0.929282</hAcc><vAcc>0.684371</vAcc></extensions></trkpt>
      <trkpt lon="-123.279759" lat="44.563272"><ele>72.362740</ele><time>2020-12-16T00:48:01Z</time><extensions><speed>0.151092</speed><course>199.799698</course><hAcc>0.929216</hAcc><vAcc>0.684303</vAcc></extensions></trkpt>
      <trkpt lon="-123.279761" lat="44.563272"><ele>72.327141</ele><time>2020-12-16T00:48:02Z</time><extensions><speed>0.150312</speed><course>203.975311</course><hAcc>0.929148</hAcc><vAcc>0.684233</vAcc></extensions></trkpt>
      <trkpt lon="-123.279763" lat="44.563273"><ele>72.290428</ele><time>2020-12-16T00:48:03Z</time><extensions><speed>0.146902</speed><course>199.175598</course><hAcc>0.929080</hAcc><vAcc>0.684163</vAcc></extensions></trkpt>
      <trkpt lon="-123.279765" lat="44.563273"><ele>72.253365</ele><time>2020-12-16T00:48:04Z</time><extensions><speed>0.141230</speed><course>203.690918</course><hAcc>0.929015</hAcc><vAcc>0.684096</vAcc></extensions></trkpt>
      <trkpt lon="-123.279766" lat="44.563273"><ele>72.216766</ele><time>2020-12-16T00:48:05Z</time><extensions><speed>0.133922</speed><course>195.007507</course><hAcc>0.928952</hAcc><vAcc>0.684030</vAcc></extensions></trkpt>
      <trkpt lon="-123.279768" lat="44.563273"><ele>72.181656</ele><time>2020-12-16T00:48:06Z</time><extensions><speed>0.125703</speed><course>197.379303</course><hAcc>0.928892</hAcc><vAcc>0.683967</vAcc></extensions></trkpt>
      <trkpt lon="-123.279770" lat="44.563273"><ele>72.149117</ele><time>2020-12-16T00:48:07Z</time><extensions><speed>0.117304</speed><course>202.936020</course><hAcc>0.928835</hAcc><vAcc>0.683909</vAcc></extensions></trkpt>
      <trkpt lon="-123.279771" lat="44.563273"><ele>72.120102</ele><time>2020-12-16T00:48:08Z</time><extensions><speed>0.109402</speed><course>202.402252</course><hAcc>0.928784</hAcc><vAcc>0.683856</vAcc></extensions></trkpt>
      <trkpt lon="-123.279772" lat="44.563273"><ele>72.095116</ele><time>2020-12-16T00:48:09Z</time><extensions><speed>0.102551</speed><course>210.364548</course><hAcc>0.928742</hAcc><vAcc>0.683811</vAcc></extensions></trkpt>
      <trkpt lon="-123.279774" lat="44.563273"><ele>72.074142</ele><time>2020-12-16T00:48:10Z</time><extensions><speed>0.097004</speed><course>195.654144</course><hAcc>0.928707</hAcc><vAcc>0.683775</vAcc></extensions></trkpt>
      <trkpt lon="-123.279775" lat="44.563273"><ele>72.056641</ele><time>2020-12-16T00:48:11Z</time><extensions><speed>0.092631</speed><course>191.079483</course><hAcc>0.928681</hAcc><vAcc>0.683747</vAcc></extensions></trkpt>
      <trkpt lon="-123.279776" lat="44.563273"><ele>72.041740</ele><time>2020-12-16T00:48:12Z</time><extensions><speed>0.088924</speed><course>206.588272</course><hAcc>0.928662</hAcc><vAcc>0.683726</vAcc></extensions></trkpt>
      <trkpt lon="-123.279777" lat="44.563272"><ele>72.028389</ele><time>2020-12-16T00:48:13Z</time><extensions><speed>0.085463</speed><course>206.562729</course><hAcc>0.928645</hAcc><vAcc>0.683707</vAcc></extensions></trkpt>
      <trkpt lon="-123.279778" lat="44.563272"><ele>72.015457</ele><time>2020-12-16T00:48:14Z</time><extensions><speed>0.082170</speed><course>204.040985</course><hAcc>0.928625</hAcc><vAcc>0.683685</vAcc></extensions></trkpt>
      <trkpt lon="-123.279779" lat="44.563272"><ele>72.001907</ele><time>2020-12-16T00:48:15Z</time><extensions><speed>0.079369</speed><course>199.579681</course><hAcc>0.928598</hAcc><vAcc>0.683655</vAcc></extensions></trkpt>
      <trkpt lon="-123.279780" lat="44.563272"><ele>71.986923</ele><time>2020-12-16T00:48:16Z</time><extensions><speed>0.077538</speed><course>207.673599</course><hAcc>0.928558</hAcc><vAcc>0.683612</vAcc></extensions></trkpt>
      <trkpt lon="-123.279781" lat="44.563272"><ele>71.970039</ele><time>2020-12-16T00:48:17Z</time><extensions><speed>0.076817</speed><course>190.887924</course><hAcc>0.928504</hAcc><vAcc>0.683555</vAcc></extensions></trkpt>
      <trkpt lon="-123.279782" lat="44.563271"><ele>71.951294</ele><time>2020-12-16T00:48:18Z</time><extensions><speed>0.077040</speed><course>188.633057</course><hAcc>0.928437</hAcc><vAcc>0.683484</vAcc></extensions></trkpt>
      <trkpt lon="-123.279783" lat="44.563271"><ele>71.931274</ele><time>2020-12-16T00:48:19Z</time><extensions><speed>0.077854</speed><course>209.154373</course><hAcc>0.928360</hAcc><vAcc>0.683402</vAcc></extensions></trkpt>
      <trkpt lon="-123.279784" lat="44.563271"><ele>71.911102</ele><time>2020-12-16T00:48:20Z</time><extensions><speed>0.078734</speed><course>205.025482</course><hAcc>0.928277</hAcc><vAcc>0.683316</vAcc></extensions></trkpt>
      <trkpt lon="-123.279785" lat="44.563271"><ele>71.892151</ele><time>2020-12-16T00:48:21Z</time><extensions><speed>0.078983</speed><course>203.186127</course><hAcc>0.928194</hAcc><vAcc>0.683230</vAcc></extensions></trkpt>
      <trkpt lon="-123.279785" lat="44.563270"><ele>71.875740</ele><time>2020-12-16T00:48:22Z</time><extensions><speed>0.078111</speed><course>185.991241</course><hAcc>0.928119</hAcc><vAcc>0.683153</vAcc></extensions></trkpt>
      <trkpt lon="-123.279786" lat="44.563270"><ele>71.862907</ele><time>2020-12-16T00:48:23Z</time><extensions><speed>0.075803</speed><course>191.476257</course><hAcc>0.928061</hAcc><vAcc>0.683096</vAcc></extensions></trkpt>
      <trkpt lon="-123.279787" lat="44.563270"><ele>71.854195</ele><time>2020-12-16T00:48:24Z</time><extensions><speed>0.071632</speed><course>185.230698</course><hAcc>0.928035</hAcc><vAcc>0.683070</vAcc></extensions></trkpt>
      <trkpt lon="-123.279788" lat="44.563270"><ele>71.849594</ele><time>2020-12-16T00:48:25Z</time><extensions><speed>0.065218</speed><course>194.006577</course><hAcc>0.928055</hAcc><vAcc>0.683091</vAcc></extensions></trkpt>
      <trkpt lon="-123.279789" lat="44.563269"><ele>71.848686</ele><time>2020-12-16T00:48:26Z</time><extensions><speed>0.056584</speed><course>196.698212</course><hAcc>0.928143</hAcc><vAcc>0.683178</vAcc></extensions></trkpt>
      <trkpt lon="-123.279789" lat="44.563269"><ele>71.850906</ele><time>2020-12-16T00:48:27Z</time><extensions><speed>0.046320</speed><course>189.936676</course><hAcc>0.928321</hAcc><vAcc>0.683350</vAcc></extensions></trkpt>
      <trkpt lon="-123.279790" lat="44.563269"><ele>71.855713</ele><time>2020-12-16T00:48:28Z</time><extensions><speed>0.035261</speed><course>175.871399</course><hAcc>0.928620</hAcc><vAcc>0.683631</vAcc></extensions></trkpt>
      <trkpt lon="-123.279790" lat="44.563269"><ele>71.862671</ele><time>2020-12-16T00:48:29Z</time><extensions><speed>0.024687</speed><course>151.123825</course><hAcc>0.929073</hAcc><vAcc>0.684047</vAcc></extensions></trkpt>
      <trkpt lon="-123.279790" lat="44.563269"><ele>71.871391</ele><time>2020-12-16T00:48:30Z</time><extensions><speed>0.017866</speed><course>163.304916</course><hAcc>0.929716</hAcc><vAcc>0.684623</vAcc></extensions></trkpt>
      <trkpt lon="-123.279791" lat="44.563269"><ele>71.881599</ele><time>2020-12-16T00:48:31Z</time><extensions><speed>0.020102</speed><course>191.284103</course><hAcc>0.930589</hAcc><vAcc>0.685385</vAcc></extensions></trkpt>
      <trkpt lon="-123.279791" lat="44.563270"><ele>71.893295</ele><time>2020-12-16T00:48:32Z</time><extensions><speed>0.029685</speed><course>197.366394</course><hAcc>0.931726</hAcc><vAcc>0.686352</vAcc></extensions></trkpt>
      <trkpt lon="-123.279790" lat="44.563270"><ele>71.906830</ele><time>2020-12-16T00:48:33Z</time><extensions><speed>0.042303</speed><course>202.708740</course><hAcc>0.933157</hAcc><vAcc>0.687535</vAcc></extensions></trkpt>
      <trkpt lon="-123.279790" lat="44.563270"><ele>71.922791</ele><time>2020-12-16T00:48:34Z</time><extensions><speed>0.056918</speed><course>207.993820</course><hAcc>0.934891</hAcc><vAcc>0.688932</vAcc></extensions></trkpt>
      <trkpt lon="-123.279790" lat="44.563271"><ele>71.941879</ele><time>2020-12-16T00:48:35Z</time><extensions><speed>0.073865</speed><course>204.542328</course><hAcc>0.936910</hAcc><vAcc>0.690512</vAcc></extensions></trkpt>
      <trkpt lon="-123.279789" lat="44.563271"><ele>71.964828</ele><time>2020-12-16T00:48:36Z</time><extensions><speed>0.093799</speed><course>206.818604</course><hAcc>0.939156</hAcc><vAcc>0.692219</vAcc></extensions></trkpt>
      <trkpt lon="-123.279788" lat="44.563272"><ele>71.992294</ele><time>2020-12-16T00:48:37Z</time><extensions><speed>0.117460</speed><course>198.941986</course><hAcc>0.941522</hAcc><vAcc>0.693962</vAcc></extensions></trkpt>
      <trkpt lon="-123.279788" lat="44.563273"><ele>72.024902</ele><time>2020-12-16T00:48:38Z</time><extensions><speed>0.145649</speed><course>208.271103</course><hAcc>0.943850</hAcc><vAcc>0.695615</vAcc></extensions></trkpt>
      <trkpt lon="-123.279787" lat="44.563275"><ele>72.063225</ele><time>2020-12-16T00:48:39Z</time><extensions><speed>0.179086</speed><course>206.565796</course><hAcc>0.945936</hAcc><vAcc>0.697030</vAcc></extensions></trkpt>
      <trkpt lon="-123.279786" lat="44.563276"><ele>72.107658</ele><time>2020-12-16T00:48:40Z</time><extensions><speed>0.218372</speed><course>217.542496</course><hAcc>0.947562</hAcc><vAcc>0.698063</vAcc></extensions></trkpt>
      <trkpt lon="-123.279785" lat="44.563278"><ele>72.158371</ele><time>2020-12-16T00:48:41Z</time><extensions><speed>0.264158</speed><course>208.154770</course><hAcc>0.948562</hAcc><vAcc>0.698626</vAcc></extensions></trkpt>
      <trkpt lon="-123.279783" lat="44.563281"><ele>72.215210</ele><time>2020-12-16T00:48:42Z</time><extensions><speed>0.316837</speed><course>214.419464</course><hAcc>0.948943</hAcc><vAcc>0.698786</vAcc></extensions></trkpt>
      <trkpt lon="-123.279782" lat="44.563284"><ele>72.277687</ele><time>2020-12-16T00:48:43Z</time><extensions><speed>0.376258</speed><course>223.114532</course><hAcc>0.949072</hAcc><vAcc>0.698900</vAcc></extensions></trkpt>
      <trkpt lon="-123.279781" lat="44.563287"><ele>72.344978</ele><time>2020-12-16T00:48:44Z</time><extensions><speed>0.441886</speed><course>230.809158</course><hAcc>0.949944</hAcc><vAcc>0.699811</vAcc></extensions></trkpt>
      <trkpt lon="-123.279779" lat="44.563291"><ele>72.416092</ele><time>2020-12-16T00:48:45Z</time><extensions><speed>0.512615</speed><course>234.877472</course><hAcc>0.953549</hAcc><vAcc>0.703098</vAcc></extensions></trkpt>
      <trkpt lon="-123.279778" lat="44.563296"><ele>72.489883</ele><time>2020-12-16T00:48:46Z</time><extensions><speed>0.586556</speed><course>218.398605</course><hAcc>0.963286</hAcc><vAcc>0.711341</vAcc></extensions></trkpt>
      <trkpt lon="-123.279776" lat="44.563302"><ele>72.565178</ele><time>2020-12-16T00:48:47Z</time><extensions><speed>0.661045</speed><course>197.413757</course><hAcc>0.984301</hAcc><vAcc>0.728313</vAcc></extensions></trkpt>
      <trkpt lon="-123.279774" lat="44.563308"><ele>72.640961</ele><time>2020-12-16T00:48:48Z</time><extensions><speed>0.732507</speed><course>197.413757</course><hAcc>1.023498</hAcc><vAcc>0.758912</vAcc></extensions></trkpt>
      <trkpt lon="-123.279773" lat="44.563323"><ele>72.811699</ele><time>2020-12-16T00:48:49Z</time><extensions><speed>2.045224</speed><course>228.407959</course><hAcc>0.981942</hAcc><vAcc>0.726928</vAcc></extensions></trkpt>
      <trkpt lon="-123.279772" lat="44.563342"><ele>72.927063</ele><time>2020-12-16T00:48:50Z</time><extensions><speed>2.128024</speed><course>181.169235</course><hAcc>0.959904</hAcc><vAcc>0.709053</vAcc></extensions></trkpt>
      <trkpt lon="-123.279772" lat="44.563361"><ele>73.030716</ele><time>2020-12-16T00:48:51Z</time><extensions><speed>2.215193</speed><course>180.651520</course><hAcc>0.950467</hAcc><vAcc>0.700899</vAcc></extensions></trkpt>
      <trkpt lon="-123.279773" lat="44.563381"><ele>73.121613</ele><time>2020-12-16T00:48:52Z</time><extensions><speed>2.301221</speed><course>177.246353</course><hAcc>0.947804</hAcc><vAcc>0.698225</vAcc></extensions></trkpt>
      <trkpt lon="-123.279773" lat="44.563403"><ele>73.198845</ele><time>2020-12-16T00:48:53Z</time><extensions><speed>2.383324</speed><course>181.165649</course><hAcc>0.948057</hAcc><vAcc>0.698117</vAcc></extensions></trkpt>
      <trkpt lon="-123.279774" lat="44.563424"><ele>73.261879</ele><time>2020-12-16T00:48:54Z</time><extensions><speed>2.461656</speed><course>180.461334</course><hAcc>0.948976</hAcc><vAcc>0.698797</vAcc></extensions></trkpt>
      <trkpt lon="-123.279775" lat="44.563447"><ele>73.311249</ele><time>2020-12-16T00:48:55Z</time><extensions><speed>2.536155</speed><course>166.536957</course><hAcc>0.949442</hAcc><vAcc>0.699315</vAcc></extensions></trkpt>
      <trkpt lon="-123.279776" lat="44.563470"><ele>73.349274</ele><time>2020-12-16T00:48:56Z</time><extensions><speed>2.605734</speed><course>136.963715</course><hAcc>0.949047</hAcc><vAcc>0.699267</vAcc></extensions></trkpt>
      <trkpt lon="-123.279777" lat="44.563494"><ele>73.380608</ele><time>2020-12-16T00:48:57Z</time><extensions><speed>2.669540</speed><course>119.000587</course><hAcc>0.947789</hAcc><vAcc>0.698575</vAcc></extensions></trkpt>
      <trkpt lon="-123.279779" lat="44.563518"><ele>73.411919</ele><time>2020-12-16T00:48:58Z</time><extensions><speed>2.726705</speed><course>105.829887</course><hAcc>0.945854</hAcc><vAcc>0.697327</vAcc></extensions></trkpt>
      <trkpt lon="-123.279781" lat="44.563543"><ele>73.450195</ele><time>2020-12-16T00:48:59Z</time><extensions><speed>2.776595</speed><course>127.759743</course><hAcc>0.943499</hAcc><vAcc>0.695687</vAcc></extensions></trkpt>
      <trkpt lon="-123.279783" lat="44.563568"><ele>73.500557</ele><time>2020-12-16T00:49:00Z</time><extensions><speed>2.820665</speed><course>108.017120</course><hAcc>0.940969</hAcc><vAcc>0.693833</vAcc></extensions></trkpt>
      <trkpt lon="-123.279785" lat="44.563593"><ele>73.564560</ele><time>2020-12-16T00:49:01Z</time><extensions><speed>2.861367</speed><course>127.930283</course><hAcc>0.938471</hAcc><vAcc>0.691926</vAcc></extensions></trkpt>
      <trkpt lon="-123.279787" lat="44.563619"><ele>73.641006</ele><time>2020-12-16T00:49:02Z</time><extensions><speed>2.899820</speed><course>151.003036</course><hAcc>0.936158</hAcc><vAcc>0.690097</vAcc></extensions></trkpt>
      <trkpt lon="-123.279789" lat="44.563645"><ele>73.727989</ele><time>2020-12-16T00:49:03Z</time><extensions><speed>2.935086</speed><course>205.222900</course><hAcc>0.934123</hAcc><vAcc>0.688438</vAcc></extensions></trkpt>
      <trkpt lon="-123.279792" lat="44.563672"><ele>73.823593</ele><time>2020-12-16T00:49:04Z</time><extensions><speed>2.965584</speed><course>212.527908</course><hAcc>0.932410</hAcc><vAcc>0.686999</vAcc></extensions></trkpt>
      <trkpt lon="-123.279795" lat="44.563699"><ele>73.925941</ele><time>2020-12-16T00:49:05Z</time><extensions><speed>2.990110</speed><course>202.827469</course><hAcc>0.931022</hAcc><vAcc>0.685800</vAcc></extensions></trkpt>
      <trkpt lon="-123.279797" lat="44.563725"><ele>74.033554</ele><time>2020-12-16T00:49:06Z</time><extensions><speed>3.008412</speed><course>194.322556</course><hAcc>0.929934</hAcc><vAcc>0.684834</vAcc></extensions></trkpt>
      <trkpt lon="-123.279800" lat="44.563753"><ele>74.145462</ele><time>2020-12-16T00:49:07Z</time><extensions><speed>3.020972</speed><course>219.056519</course><hAcc>0.929108</hAcc><vAcc>0.684080</vAcc></extensions></trkpt>
      <trkpt lon="-123.279804" lat="44.563780"><ele>74.260979</ele><time>2020-12-16T00:49:08Z</time><extensions><speed>3.028146</speed><course>209.466431</course><hAcc>0.928499</hAcc><vAcc>0.683508</vAcc></extensions></trkpt>
      <trkpt lon="-123.279807" lat="44.563807"><ele>74.379745</ele><time>2020-12-16T00:49:09Z</time><extensions><speed>3.030654</speed><course>210.578140</course><hAcc>0.928064</hAcc><vAcc>0.683088</vAcc></extensions></trkpt>
      <trkpt lon="-123.279811" lat="44.563834"><ele>74.501884</ele><time>2020-12-16T00:49:10Z</time><extensions><speed>3.029305</speed><course>202.670120</course><hAcc>0.927765</hAcc><vAcc>0.682791</vAcc></extensions></trkpt>
      <trkpt lon="-123.279816" lat="44.563861"><ele>74.627678</ele><time>2020-12-16T00:49:11Z</time><extensions><speed>3.024674</speed><course>187.536926</course><hAcc>0.927572</hAcc><vAcc>0.682594</vAcc></extensions></trkpt>
      <trkpt lon="-123.279820" lat="44.563888"><ele>74.757133</ele><time>2020-12-16T00:49:12Z</time><extensions><speed>3.017443</speed><course>196.594711</course><hAcc>0.927459</hAcc><vAcc>0.682476</vAcc></extensions></trkpt>
      <trkpt lon="-123.279825" lat="44.563915"><ele>74.889885</ele><time>2020-12-16T00:49:13Z</time><extensions><speed>3.008557</speed><course>198.213242</course><hAcc>0.927406</hAcc><vAcc>0.682418</vAcc></extensions></trkpt>
      <trkpt lon="-123.279831" lat="44.563942"><ele>75.025558</ele><time>2020-12-16T00:49:14Z</time><extensions><speed>2.999027</speed><course>199.069733</course><hAcc>0.927396</hAcc><vAcc>0.682405</vAcc></extensions></trkpt>
      <trkpt lon="-123.279837" lat="44.563968"><ele>75.164223</ele><time>2020-12-16T00:49:15Z</time><extensions><speed>2.989097</speed><course>202.819763</course><hAcc>0.927415</hAcc><vAcc>0.682423</vAcc></extensions></trkpt>
      <trkpt lon="-123.279842" lat="44.563995"><ele>75.306732</ele><time>2020-12-16T00:49:16Z</time><extensions><speed>2.978652</speed><course>196.131943</course><hAcc>0.927452</hAcc><vAcc>0.682460</vAcc></extensions></trkpt>
      <trkpt lon="-123.279848" lat="44.564021"><ele>75.453995</ele><time>2020-12-16T00:49:17Z</time><extensions><speed>2.967616</speed><course>200.286255</course><hAcc>0.927497</hAcc><vAcc>0.682507</vAcc></extensions></trkpt>
      <trkpt lon="-123.279854" lat="44.564047"><ele>75.605591</ele><time>2020-12-16T00:49:18Z</time><extensions><speed>2.955918</speed><course>201.251785</course><hAcc>0.927542</hAcc><vAcc>0.682555</vAcc></extensions></trkpt>
      <trkpt lon="-123.279860" lat="44.564074"><ele>75.759377</ele><time>2020-12-16T00:49:19Z</time><extensions><speed>2.944047</speed><course>202.202698</course><hAcc>0.927583</hAcc><vAcc>0.682598</vAcc></extensions></trkpt>
      <trkpt lon="-123.279866" lat="44.564100"><ele>75.911835</ele><time>2020-12-16T00:49:20Z</time><extensions><speed>2.932246</speed><course>196.895386</course><hAcc>0.927614</hAcc><vAcc>0.682632</vAcc></extensions></trkpt>
      <trkpt lon="-123.279871" lat="44.564126"><ele>76.058594</ele><time>2020-12-16T00:49:21Z</time><extensions><speed>2.920551</speed><course>193.223190</course><hAcc>0.927634</hAcc><vAcc>0.682653</vAcc></extensions></trkpt>
      <trkpt lon="-123.279876" lat="44.564152"><ele>76.194801</ele><time>2020-12-16T00:49:22Z</time><extensions><speed>2.909633</speed><course>185.192734</course><hAcc>0.927640</hAcc><vAcc>0.682662</vAcc></extensions></trkpt>
      <trkpt lon="-123.279881" lat="44.564178"><ele>76.315453</ele><time>2020-12-16T00:49:23Z</time><extensions><speed>2.899973</speed><course>196.831329</course><hAcc>0.927634</hAcc><vAcc>0.682657</vAcc></extensions></trkpt>
      <trkpt lon="-123.279885" lat="44.564204"><ele>76.416107</ele><time>2020-12-16T00:49:24Z</time><extensions><speed>2.891642</speed><course>197.365341</course><hAcc>0.927617</hAcc><vAcc>0.682640</vAcc></extensions></trkpt>
      <trkpt lon="-123.279889" lat="44.564229"><ele>76.493515</ele><time>2020-12-16T00:49:25Z</time><extensions><speed>2.884772</speed><course>199.280273</course><hAcc>0.927591</hAcc><vAcc>0.682613</vAcc></extensions></trkpt>
      <trkpt lon="-123.279892" lat="44.564255"><ele>76.546204</ele><time>2020-12-16T00:49:26Z</time><extensions><speed>2.879442</speed><course>207.802399</course><hAcc>0.927560</hAcc><vAcc>0.682581</vAcc></extensions></trkpt>
      <trkpt lon="-123.279894" lat="44.564281"><ele>76.574776</ele><time>2020-12-16T00:49:27Z</time><extensions><speed>2.876101</speed><course>201.647430</course><hAcc>0.927529</hAcc><vAcc>0.682549</vAcc></extensions></trkpt>
      <trkpt lon="-123.279896" lat="44.564307"><ele>76.581795</ele><time>2020-12-16T00:49:28Z</time><extensions><speed>2.875840</speed><course>194.151199</course><hAcc>0.927502</hAcc><vAcc>0.682519</vAcc></extensions></trkpt>
      <trkpt lon="-123.279897" lat="44.564333"><ele>76.571518</ele><time>2020-12-16T00:49:29Z</time><extensions><speed>2.878944</speed><course>195.794388</course><hAcc>0.927478</hAcc><vAcc>0.682494</vAcc></extensions></trkpt>
      <trkpt lon="-123.279898" lat="44.564359"><ele>76.549377</ele><time>2020-12-16T00:49:30Z</time><extensions><speed>2.884742</speed><course>186.656586</course><hAcc>0.927459</hAcc><vAcc>0.682472</vAcc></extensions></trkpt>
      <trkpt lon="-123.279898" lat="44.564385"><ele>76.521011</ele><time>2020-12-16T00:49:31Z</time><extensions><speed>2.892800</speed><course>189.850922</course><hAcc>0.927441</hAcc><vAcc>0.682452</vAcc></extensions></trkpt>
      <trkpt lon="-123.279897" lat="44.564411"><ele>76.491699</ele><time>2020-12-16T00:49:32Z</time><extensions><speed>2.902346</speed><course>207.413498</course><hAcc>0.927421</hAcc><vAcc>0.682429</vAcc></extensions></trkpt>
      <trkpt lon="-123.279897" lat="44.564437"><ele>76.466637</ele><time>2020-12-16T00:49:33Z</time><extensions><speed>2.912160</speed><course>204.757538</course><hAcc>0.927397</hAcc><vAcc>0.682403</vAcc></extensions></trkpt>
      <trkpt lon="-123.279896" lat="44.564463"><ele>76.450676</ele><time>2020-12-16T00:49:34Z</time><extensions><speed>2.921513</speed><course>206.813416</course><hAcc>0.927369</hAcc><vAcc>0.682373</vAcc></extensions></trkpt>
      <trkpt lon="-123.279895" lat="44.564490"><ele>76.447449</ele><time>2020-12-16T00:49:35Z</time><extensions><speed>2.929981</speed><course>192.396255</course><hAcc>0.927338</hAcc><vAcc>0.682343</vAcc></extensions></trkpt>
      <trkpt lon="-123.279893" lat="44.564516"><ele>76.459251</ele><time>2020-12-16T00:49:36Z</time><extensions><speed>2.937782</speed><course>197.168304</course><hAcc>0.927310</hAcc><vAcc>0.682315</vAcc></extensions></trkpt>
      <trkpt lon="-123.279891" lat="44.564542"><ele>76.487686</ele><time>2020-12-16T00:49:37Z</time><extensions><speed>2.945351</speed><course>191.501495</course><hAcc>0.927292</hAcc><vAcc>0.682298</vAcc></extensions></trkpt>
      <trkpt lon="-123.279890" lat="44.564569"><ele>76.534073</ele><time>2020-12-16T00:49:38Z</time><extensions><speed>2.952291</speed><course>193.484879</course><hAcc>0.927298</hAcc><vAcc>0.682303</vAcc></extensions></trkpt>
      <trkpt lon="-123.279888" lat="44.564596"><ele>76.599480</ele><time>2020-12-16T00:49:39Z</time><extensions><speed>2.958521</speed><course>196.994720</course><hAcc>0.927345</hAcc><vAcc>0.682348</vAcc></extensions></trkpt>
      <trkpt lon="-123.279886" lat="44.564622"><ele>76.684555</ele><time>2020-12-16T00:49:40Z</time><extensions><speed>2.964849</speed><course>200.600067</course><hAcc>0.927460</hAcc><vAcc>0.682455</vAcc></extensions></trkpt>
      <trkpt lon="-123.279884" lat="44.564649"><ele>76.789047</ele><time>2020-12-16T00:49:41Z</time><extensions><speed>2.972393</speed><course>198.436539</course><hAcc>0.927677</hAcc><vAcc>0.682652</vAcc></extensions></trkpt>
      <trkpt lon="-123.279883" lat="44.564676"><ele>76.911598</ele><time>2020-12-16T00:49:42Z</time><extensions><speed>2.981562</speed><course>192.879364</course><hAcc>0.928035</hAcc><vAcc>0.682971</vAcc></extensions></trkpt>
      <trkpt lon="-123.279882" lat="44.564702"><ele>77.050056</ele><time>2020-12-16T00:49:43Z</time><extensions><speed>2.991651</speed><course>201.946960</course><hAcc>0.928579</hAcc><vAcc>0.683444</vAcc></extensions></trkpt>
      <trkpt lon="-123.279881" lat="44.564729"><ele>77.201637</ele><time>2020-12-16T00:49:44Z</time><extensions><speed>3.002516</speed><course>182.119858</course><hAcc>0.929354</hAcc><vAcc>0.684105</vAcc></extensions></trkpt>
      <trkpt lon="-123.279880" lat="44.564756"><ele>77.362633</ele><time>2020-12-16T00:49:45Z</time><extensions><speed>3.015301</speed><course>196.295090</course><hAcc>0.930403</hAcc><vAcc>0.684980</vAcc></extensions></trkpt>
      <trkpt lon="-123.279880" lat="44.564784"><ele>77.528366</ele><time>2020-12-16T00:49:46Z</time><extensions><speed>3.031344</speed><course>201.265747</course><hAcc>0.931758</hAcc><vAcc>0.686086</vAcc></extensions></trkpt>
      <trkpt lon="-123.279880" lat="44.564811"><ele>77.693481</ele><time>2020-12-16T00:49:47Z</time><extensions><speed>3.051591</speed><course>200.241653</course><hAcc>0.933433</hAcc><vAcc>0.687422</vAcc></extensions></trkpt>
      <trkpt lon="-123.279881" lat="44.564839"><ele>77.852242</ele><time>2020-12-16T00:49:48Z</time><extensions><speed>3.075222</speed><course>205.512634</course><hAcc>0.935410</hAcc><vAcc>0.688959</vAcc></extensions></trkpt>
      <trkpt lon="-123.279881" lat="44.564866"><ele>77.998436</ele><time>2020-12-16T00:49:49Z</time><extensions><speed>3.100658</speed><course>200.752853</course><hAcc>0.937629</hAcc><vAcc>0.690638</vAcc></extensions></trkpt>
      <trkpt lon="-123.279882" lat="44.564894"><ele>78.125443</ele><time>2020-12-16T00:49:50Z</time><extensions><speed>3.126153</speed><course>200.287506</course><hAcc>0.939977</hAcc><vAcc>0.692362</vAcc></extensions></trkpt>
      <trkpt lon="-123.279882" lat="44.564923"><ele>78.226830</ele><time>2020-12-16T00:49:51Z</time><extensions><speed>3.149830</speed><course>205.994064</course><hAcc>0.942291</hAcc><vAcc>0.694000</vAcc></extensions></trkpt>
      <trkpt lon="-123.279881" lat="44.564951"><ele>78.296463</ele><time>2020-12-16T00:49:52Z</time><extensions><speed>3.171625</speed><course>200.171295</course><hAcc>0.944360</hAcc><vAcc>0.695397</vAcc></extensions></trkpt>
      <trkpt lon="-123.279880" lat="44.564980"><ele>78.328949</ele><time>2020-12-16T00:49:53Z</time><extensions><speed>3.192187</speed><course>199.193375</course><hAcc>0.945965</hAcc><vAcc>0.696407</vAcc></extensions></trkpt>
      <trkpt lon="-123.279879" lat="44.565009"><ele>78.320679</ele><time>2020-12-16T00:49:54Z</time><extensions><speed>3.211136</speed><course>198.711853</course><hAcc>0.946937</hAcc><vAcc>0.696941</vAcc></extensions></trkpt>
      <trkpt lon="-123.279876" lat="44.565037"><ele>78.271034</ele><time>2020-12-16T00:49:55Z</time><extensions><speed>3.227687</speed><course>198.433380</course><hAcc>0.947279</hAcc><vAcc>0.697059</vAcc></extensions></trkpt>
      <trkpt lon="-123.279873" lat="44.565066"><ele>78.182678</ele><time>2020-12-16T00:49:56Z</time><extensions><speed>3.241994</speed><course>186.496796</course><hAcc>0.947349</hAcc><vAcc>0.697111</vAcc></extensions></trkpt>
      <trkpt lon="-123.279868" lat="44.565096"><ele>78.059975</ele><time>2020-12-16T00:49:57Z</time><extensions><speed>3.254230</speed><course>188.972534</course><hAcc>0.948130</hAcc><vAcc>0.697927</vAcc></extensions></trkpt>
      <trkpt lon="-123.279863" lat="44.565125"><ele>77.907310</ele><time>2020-12-16T00:49:58Z</time><extensions><speed>3.264791</speed><course>206.511810</course><hAcc>0.951599</hAcc><vAcc>0.701070</vAcc></extensions></trkpt>
      <trkpt lon="-123.279857" lat="44.565154"><ele>77.728867</ele><time>2020-12-16T00:49:59Z</time><extensions><speed>3.274063</speed><course>198.365051</course><hAcc>0.961141</hAcc><vAcc>0.709111</vAcc></extensions></trkpt>
      <trkpt lon="-123.279850" lat="44.565183"><ele>77.529205</ele><time>2020-12-16T00:50:00Z</time><extensions><speed>3.282030</speed><course>194.554016</course><hAcc>0.981897</hAcc><vAcc>0.725817</vAcc></extensions></trkpt>
      <trkpt lon="-123.279841" lat="44.565212"><ele>77.313202</ele><time>2020-12-16T00:50:01Z</time><extensions><speed>3.289150</speed><course>196.530319</course><hAcc>1.020777</hAcc><vAcc>0.756093</vAcc></extensions></trkpt>
      <trkpt lon="-123.279814" lat="44.565241"><ele>76.851181</ele><time>2020-12-16T00:50:02Z</time><extensions><speed>3.356790</speed><course>228.407959</course><hAcc>0.979376</hAcc><vAcc>0.724266</vAcc></extensions></trkpt>
      <trkpt lon="-123.279788" lat="44.565265"><ele>76.741577</ele><time>2020-12-16T00:50:03Z</time><extensions><speed>3.390134</speed><course>181.169235</course><hAcc>0.957355</hAcc><vAcc>0.706405</vAcc></extensions></trkpt>
      <trkpt lon="-123.279760" lat="44.565288"><ele>76.643875</ele><time>2020-12-16T00:50:04Z</time><extensions><speed>3.426461</speed><course>180.651520</course><hAcc>0.947879</hAcc><vAcc>0.698209</vAcc></extensions></trkpt>
      <trkpt lon="-123.279730" lat="44.565311"><ele>76.559914</ele><time>2020-12-16T00:50:05Z</time><extensions><speed>3.463383</speed><course>177.246353</course><hAcc>0.945126</hAcc><vAcc>0.695442</vAcc></extensions></trkpt>
      <trkpt lon="-123.279699" lat="44.565333"><ele>76.490913</ele><time>2020-12-16T00:50:06Z</time><extensions><speed>3.498706</speed><course>181.165649</course><hAcc>0.945251</hAcc><vAcc>0.695203</vAcc></extensions></trkpt>
      <trkpt lon="-123.279667" lat="44.565355"><ele>76.437813</ele><time>2020-12-16T00:50:07Z</time><extensions><speed>3.529754</speed><course>180.461334</course><hAcc>0.946021</hAcc><vAcc>0.695730</vAcc></extensions></trkpt>
      <trkpt lon="-123.279634" lat="44.565376"><ele>76.401367</ele><time>2020-12-16T00:50:08Z</time><extensions><speed>3.553321</speed><course>166.536957</course><hAcc>0.946335</hAcc><vAcc>0.696093</vAcc></extensions></trkpt>
      <trkpt lon="-123.279599" lat="44.565396"><ele>76.382149</ele><time>2020-12-16T00:50:09Z</time><extensions><speed>3.566838</speed><course>136.963715</course><hAcc>0.945807</hAcc><vAcc>0.695910</vAcc></extensions></trkpt>
      <trkpt lon="-123.279564" lat="44.565416"><ele>76.380394</ele><time>2020-12-16T00:50:10Z</time><extensions><speed>3.569257</speed><course>119.000587</course><hAcc>0.944455</hAcc><vAcc>0.695123</vAcc></extensions></trkpt>
      <trkpt lon="-123.279528" lat="44.565435"><ele>76.395714</ele><time>2020-12-16T00:50:11Z</time><extensions><speed>3.560966</speed><course>105.829887</course><hAcc>0.942490</hAcc><vAcc>0.693845</vAcc></extensions></trkpt>
      <trkpt lon="-123.279491" lat="44.565454"><ele>76.427162</ele><time>2020-12-16T00:50:12Z</time><extensions><speed>3.542803</speed><course>127.759743</course><hAcc>0.940181</hAcc><vAcc>0.692254</vAcc></extensions></trkpt>
      <trkpt lon="-123.279455" lat="44.565472"><ele>76.473190</ele><time>2020-12-16T00:50:13Z</time><extensions><speed>3.516599</speed><course>108.017120</course><hAcc>0.937780</hAcc><vAcc>0.690533</vAcc></extensions></trkpt>
      <trkpt lon="-123.279419" lat="44.565490"><ele>76.531654</ele><time>2020-12-16T00:50:14Z</time><extensions><speed>3.485200</speed><course>127.930283</course><hAcc>0.935487</hAcc><vAcc>0.688836</vAcc></extensions></trkpt>
      <trkpt lon="-123.279382" lat="44.565507"><ele>76.599991</ele><time>2020-12-16T00:50:15Z</time><extensions><speed>3.450527</speed><course>151.003036</course><hAcc>0.933434</hAcc><vAcc>0.687276</vAcc></extensions></trkpt>
      <trkpt lon="-123.279346" lat="44.565524"><ele>76.675308</ele><time>2020-12-16T00:50:16Z</time><extensions><speed>3.414221</speed><course>205.222900</course><hAcc>0.931694</hAcc><vAcc>0.685920</vAcc></extensions></trkpt>
      <trkpt lon="-123.279310" lat="44.565540"><ele>76.754761</ele><time>2020-12-16T00:50:17Z</time><extensions><speed>3.378278</speed><course>212.527908</course><hAcc>0.930289</hAcc><vAcc>0.684799</vAcc></extensions></trkpt>
      <trkpt lon="-123.279275" lat="44.565557"><ele>76.836586</ele><time>2020-12-16T00:50:18Z</time><extensions><speed>3.344545</speed><course>202.827469</course><hAcc>0.929205</hAcc><vAcc>0.683914</vAcc></extensions></trkpt>
      <trkpt lon="-123.279239" lat="44.565573"><ele>76.920532</ele><time>2020-12-16T00:50:19Z</time><extensions><speed>3.314607</speed><course>194.322556</course><hAcc>0.928406</hAcc><vAcc>0.683246</vAcc></extensions></trkpt>
      <trkpt lon="-123.279204" lat="44.565589"><ele>77.007515</ele><time>2020-12-16T00:50:20Z</time><extensions><speed>3.289131</speed><course>219.056519</course><hAcc>0.927843</hAcc><vAcc>0.682765</vAcc></extensions></trkpt>
      <trkpt lon="-123.279169" lat="44.565605"><ele>77.098755</ele><time>2020-12-16T00:50:21Z</time><extensions><speed>3.268008</speed><course>209.466431</course><hAcc>0.927470</hAcc><vAcc>0.682438</vAcc></extensions></trkpt>
      <trkpt lon="-123.279135" lat="44.565621"><ele>77.194893</ele><time>2020-12-16T00:50:22Z</time><extensions><speed>3.251008</speed><course>210.578140</course><hAcc>0.927240</hAcc><vAcc>0.682232</vAcc></extensions></trkpt>
      <trkpt lon="-123.279100" lat="44.565636"><ele>77.295547</ele><time>2020-12-16T00:50:23Z</time><extensions><speed>3.238086</speed><course>202.670120</course><hAcc>0.927115</hAcc><vAcc>0.682117</vAcc></extensions></trkpt>
      <trkpt lon="-123.279066" lat="44.565652"><ele>77.399506</ele><time>2020-12-16T00:50:24Z</time><extensions><speed>3.229060</speed><course>187.536926</course><hAcc>0.927064</hAcc><vAcc>0.682068</vAcc></extensions></trkpt>
      <trkpt lon="-123.279032" lat="44.565668"><ele>77.505226</ele><time>2020-12-16T00:50:25Z</time><extensions><speed>3.223639</speed><course>196.594711</course><hAcc>0.927061</hAcc><vAcc>0.682065</vAcc></extensions></trkpt>
      <trkpt lon="-123.278998" lat="44.565683"><ele>77.610909</ele><time>2020-12-16T00:50:26Z</time><extensions><speed>3.221209</speed><course>198.213242</course><hAcc>0.927087</hAcc><vAcc>0.682090</vAcc></extensions></trkpt>
      <trkpt lon="-123.278964" lat="44.565699"><ele>77.714523</ele><time>2020-12-16T00:50:27Z</time><extensions><speed>3.220535</speed><course>199.069733</course><hAcc>0.927127</hAcc><vAcc>0.682129</vAcc></extensions></trkpt>
      <trkpt lon="-123.278930" lat="44.565715"><ele>77.813957</ele><time>2020-12-16T00:50:28Z</time><extensions><speed>3.220578</speed><course>202.819763</course><hAcc>0.927172</hAcc><vAcc>0.682175</vAcc></extensions></trkpt>
      <trkpt lon="-123.278896" lat="44.565731"><ele>77.907227</ele><time>2020-12-16T00:50:29Z</time><extensions><speed>3.219817</speed><course>196.131943</course><hAcc>0.927215</hAcc><vAcc>0.682220</vAcc></extensions></trkpt>
      <trkpt lon="-123.278863" lat="44.565747"><ele>77.992699</ele><time>2020-12-16T00:50:30Z</time><extensions><speed>3.216835</speed><course>200.286255</course><hAcc>0.927255</hAcc><vAcc>0.682263</vAcc></extensions></trkpt>
      <trkpt lon="-123.278829" lat="44.565764"><ele>78.069115</ele><time>2020-12-16T00:50:31Z</time><extensions><speed>3.211164</speed><course>201.251785</course><hAcc>0.927292</hAcc><vAcc>0.682302</vAcc></extensions></trkpt>
      <trkpt lon="-123.278796" lat="44.565780"><ele>78.135880</ele><time>2020-12-16T00:50:32Z</time><extensions><speed>3.202951</speed><course>202.202698</course><hAcc>0.927328</hAcc><vAcc>0.682342</vAcc></extensions></trkpt>
      <trkpt lon="-123.278763" lat="44.565796"><ele>78.193123</ele><time>2020-12-16T00:50:33Z</time><extensions><speed>3.192750</speed><course>196.895386</course><hAcc>0.927366</hAcc><vAcc>0.682384</vAcc></extensions></trkpt>
      <trkpt lon="-123.278730" lat="44.565812"><ele>78.241402</ele><time>2020-12-16T00:50:34Z</time><extensions><speed>3.181017</speed><course>193.223190</course><hAcc>0.927409</hAcc><vAcc>0.682430</vAcc></extensions></trkpt>
      <trkpt lon="-123.278697" lat="44.565829"><ele>78.281479</ele><time>2020-12-16T00:50:35Z</time><extensions><speed>3.168180</speed><course>185.192734</course><hAcc>0.927458</hAcc><vAcc>0.682483</vAcc></extensions></trkpt>
      <trkpt lon="-123.278664" lat="44.565845"><ele>78.314255</ele><time>2020-12-16T00:50:36Z</time><extensions><speed>3.154773</speed><course>196.831329</course><hAcc>0.927514</hAcc><vAcc>0.682542</vAcc></extensions></trkpt>
      <trkpt lon="-123.278632" lat="44.565861"><ele>78.340347</ele><time>2020-12-16T00:50:37Z</time><extensions><speed>3.141433</speed><course>197.365341</course><hAcc>0.927575</hAcc><vAcc>0.682607</vAcc></extensions></trkpt>
      <trkpt lon="-123.278600" lat="44.565878"><ele>78.359947</ele><time>2020-12-16T00:50:38Z</time><extensions><speed>3.128599</speed><course>199.280273</course><hAcc>0.927640</hAcc><vAcc>0.682675</vAcc></extensions></trkpt>
      <trkpt lon="-123.278568" lat="44.565894"><ele>78.372879</ele><time>2020-12-16T00:50:39Z</time><extensions><speed>3.116736</speed><course>207.802399</course><hAcc>0.927705</hAcc><vAcc>0.682742</vAcc></extensions></trkpt>
      <trkpt lon="-123.278536" lat="44.565910"><ele>78.378601</ele><time>2020-12-16T00:50:40Z</time><extensions><speed>3.106139</speed><course>201.647430</course><hAcc>0.927763</hAcc><vAcc>0.682801</vAcc></extensions></trkpt>
      <trkpt lon="-123.278504" lat="44.565927"><ele>78.376266</ele><time>2020-12-16T00:50:41Z</time><extensions><speed>3.096944</speed><course>194.151199</course><hAcc>0.927805</hAcc><vAcc>0.682845</vAcc></extensions></trkpt>
      <trkpt lon="-123.278473" lat="44.565943"><ele>78.364792</ele><time>2020-12-16T00:50:42Z</time><extensions><speed>3.089008</speed><course>195.794388</course><hAcc>0.927824</hAcc><vAcc>0.682863</vAcc></extensions></trkpt>
      <trkpt lon="-123.278441" lat="44.565959"><ele>78.342865</ele><time>2020-12-16T00:50:43Z</time><extensions><speed>3.081692</speed><course>186.656586</course><hAcc>0.927812</hAcc><vAcc>0.682851</vAcc></extensions></trkpt>
      <trkpt lon="-123.278410" lat="44.565976"><ele>78.309174</ele><time>2020-12-16T00:50:44Z</time><extensions><speed>3.075018</speed><course>189.850922</course><hAcc>0.927769</hAcc><vAcc>0.682805</vAcc></extensions></trkpt>
      <trkpt lon="-123.278379" lat="44.565992"><ele>78.262726</ele><time>2020-12-16T00:50:45Z</time><extensions><speed>3.069314</speed><course>207.413498</course><hAcc>0.927692</hAcc><vAcc>0.682725</vAcc></extensions></trkpt>
      <trkpt lon="-123.278348" lat="44.566009"><ele>78.202881</ele><time>2020-12-16T00:50:46Z</time><extensions><speed>3.064216</speed><course>204.757538</course><hAcc>0.927581</hAcc><vAcc>0.682610</vAcc></extensions></trkpt>
      <trkpt lon="-123.278317" lat="44.566025"><ele>78.129295</ele><time>2020-12-16T00:50:47Z</time><extensions><speed>3.060048</speed><course>206.813416</course><hAcc>0.927437</hAcc><vAcc>0.682461</vAcc></extensions></trkpt>
      <trkpt lon="-123.278286" lat="44.566041"><ele>78.042496</ele><time>2020-12-16T00:50:48Z</time><extensions><speed>3.057215</speed><course>192.396255</course><hAcc>0.927263</hAcc><vAcc>0.682281</vAcc></extensions></trkpt>
      <trkpt lon="-123.278255" lat="44.566058"><ele>77.944321</ele><time>2020-12-16T00:50:49Z</time><extensions><speed>3.056233</speed><course>197.168304</course><hAcc>0.927066</hAcc><vAcc>0.682076</vAcc></extensions></trkpt>
      <trkpt lon="-123.278224" lat="44.566074"><ele>77.837196</ele><time>2020-12-16T00:50:50Z</time><extensions><speed>3.058638</speed><course>191.501495</course><hAcc>0.926854</hAcc><vAcc>0.681858</vAcc></extensions></trkpt>
      <trkpt lon="-123.278192" lat="44.566090"><ele>77.723503</ele><time>2020-12-16T00:50:51Z</time><extensions><speed>3.064793</speed><course>193.484879</course><hAcc>0.926642</hAcc><vAcc>0.681639</vAcc></extensions></trkpt>
      <trkpt lon="-123.278160" lat="44.566105"><ele>77.605705</ele><time>2020-12-16T00:50:52Z</time><extensions><speed>3.074480</speed><course>196.994720</course><hAcc>0.926442</hAcc><vAcc>0.681432</vAcc></extensions></trkpt>
      <trkpt lon="-123.278128" lat="44.566120"><ele>77.486595</ele><time>2020-12-16T00:50:53Z</time><extensions><speed>3.088561</speed><course>200.600067</course><hAcc>0.926265</hAcc><vAcc>0.681249</vAcc></extensions></trkpt>
      <trkpt lon="-123.278094" lat="44.566134"><ele>77.368767</ele><time>2020-12-16T00:50:54Z</time><extensions><speed>3.107245</speed><course>198.436539</course><hAcc>0.926120</hAcc><vAcc>0.681100</vAcc></extensions></trkpt>
      <trkpt lon="-123.278060" lat="44.566148"><ele>77.253815</ele><time>2020-12-16T00:50:55Z</time><extensions><speed>3.130237</speed><course>192.879364</course><hAcc>0.926016</hAcc><vAcc>0.680991</vAcc></extensions></trkpt>
      <trkpt lon="-123.278025" lat="44.566161"><ele>77.142479</ele><time>2020-12-16T00:50:56Z</time><extensions><speed>3.157890</speed><course>201.946960</course><hAcc>0.925957</hAcc><vAcc>0.680930</vAcc></extensions></trkpt>
      <trkpt lon="-123.277988" lat="44.566173"><ele>77.035049</ele><time>2020-12-16T00:50:57Z</time><extensions><speed>3.189618</speed><course>182.119858</course><hAcc>0.925943</hAcc><vAcc>0.680915</vAcc></extensions></trkpt>
      <trkpt lon="-123.277951" lat="44.566183"><ele>76.931259</ele><time>2020-12-16T00:50:58Z</time><extensions><speed>3.224051</speed><course>196.295090</course><hAcc>0.925966</hAcc><vAcc>0.680938</vAcc></extensions></trkpt>
      <trkpt lon="-123.277912" lat="44.566193"><ele>76.830544</ele><time>2020-12-16T00:50:59Z</time><extensions><speed>3.259501</speed><course>201.265747</course><hAcc>0.926017</hAcc><vAcc>0.680989</vAcc></extensions></trkpt>
      <trkpt lon="-123.277873" lat="44.566202"><ele>76.732368</ele><time>2020-12-16T00:51:00Z</time><extensions><speed>3.293633</speed><course>200.241653</course><hAcc>0.926083</hAcc><vAcc>0.681055</vAcc></extensions></trkpt>
      <trkpt lon="-123.277833" lat="44.566209"><ele>76.636719</ele><time>2020-12-16T00:51:01Z</time><extensions><speed>3.324367</speed><course>205.512634</course><hAcc>0.926148</hAcc><vAcc>0.681121</vAcc></extensions></trkpt>
      <trkpt lon="-123.277792" lat="44.566216"><ele>76.544487</ele><time>2020-12-16T00:51:02Z</time><extensions><speed>3.350034</speed><course>200.752853</course><hAcc>0.926196</hAcc><vAcc>0.681168</vAcc></extensions></trkpt>
      <trkpt lon="-123.277750" lat="44.566221"><ele>76.457642</ele><time>2020-12-16T00:51:03Z</time><extensions><speed>3.369230</speed><course>200.287506</course><hAcc>0.926212</hAcc><vAcc>0.681184</vAcc></extensions></trkpt>
      <trkpt lon="-123.277708" lat="44.566226"><ele>76.379646</ele><time>2020-12-16T00:51:04Z</time><extensions><speed>3.381819</speed><course>205.994064</course><hAcc>0.926183</hAcc><vAcc>0.681152</vAcc></extensions></trkpt>
      <trkpt lon="-123.277666" lat="44.566230"><ele>76.314758</ele><time>2020-12-16T00:51:05Z</time><extensions><speed>3.388770</speed><course>200.171295</course><hAcc>0.926099</hAcc><vAcc>0.681063</vAcc></extensions></trkpt>
      <trkpt lon="-123.277623" lat="44.566233"><ele>76.266441</ele><time>2020-12-16T00:51:06Z</time><extensions><speed>3.391971</speed><course>199.193375</course><hAcc>0.925950</hAcc><vAcc>0.680908</vAcc></extensions></trkpt>
      <trkpt lon="-123.277581" lat="44.566235"><ele>76.237137</ele><time>2020-12-16T00:51:07Z</time><extensions><speed>3.392604</speed><course>198.711853</course><hAcc>0.925735</hAcc><vAcc>0.680685</vAcc></extensions></trkpt>
      <trkpt lon="-123.277538" lat="44.566237"><ele>76.228966</ele><time>2020-12-16T00:51:08Z</time><extensions><speed>3.390316</speed><course>198.433380</course><hAcc>0.925458</hAcc><vAcc>0.680399</vAcc></extensions></trkpt>
      <trkpt lon="-123.277495" lat="44.566238"><ele>76.243607</ele><time>2020-12-16T00:51:09Z</time><extensions><speed>3.385771</speed><course>186.496796</course><hAcc>0.925138</hAcc><vAcc>0.680069</vAcc></extensions></trkpt>
      <trkpt lon="-123.277453" lat="44.566239"><ele>76.281326</ele><time>2020-12-16T00:51:10Z</time><extensions><speed>3.380305</speed><course>188.972534</course><hAcc>0.924803</hAcc><vAcc>0.679724</vAcc></extensions></trkpt>
      <trkpt lon="-123.277410" lat="44.566239"><ele>76.340752</ele><time>2020-12-16T00:51:11Z</time><extensions><speed>3.374637</speed><course>206.511810</course><hAcc>0.924485</hAcc><vAcc>0.679395</vAcc></extensions></trkpt>
      <trkpt lon="-123.277368" lat="44.566239"><ele>76.419823</ele><time>2020-12-16T00:51:12Z</time><extensions><speed>3.369074</speed><course>198.365051</course><hAcc>0.924214</hAcc><vAcc>0.679116</vAcc></extensions></trkpt>
      <trkpt lon="-123.277326" lat="44.566238"><ele>76.516655</ele><time>2020-12-16T00:51:13Z</time><extensions><speed>3.364196</speed><course>194.554016</course><hAcc>0.924016</hAcc><vAcc>0.678912</vAcc></extensions></trkpt>
      <trkpt lon="-123.277283" lat="44.566237"><ele>76.629364</ele><time>2020-12-16T00:51:14Z</time><extensions><speed>3.360437</speed><course>196.530319</course><hAcc>0.923909</hAcc><vAcc>0.678801</vAcc></extensions></trkpt>
      <trkpt lon="-123.277241" lat="44.566236"><ele>76.755440</ele><time>2020-12-16T00:51:15Z</time><extensions><speed>3.357469</speed><course>197.778198</course><hAcc>0.923898</hAcc><vAcc>0.678789</vAcc></extensions></trkpt>
      <trkpt lon="-123.277199" lat="44.566234"><ele>76.891869</ele><time>2020-12-16T00:51:16Z</time><extensions><speed>3.354032</speed><course>201.115982</course><hAcc>0.923978</hAcc><vAcc>0.678872</vAcc></extensions></trkpt>
      <trkpt lon="-123.277157" lat="44.566231"><ele>77.035255</ele><time>2020-12-16T00:51:17Z</time><extensions><speed>3.348791</speed><course>188.736481</course><hAcc>0.924135</hAcc><vAcc>0.679035</vAcc></extensions></trkpt>
      <trkpt lon="-123.277115" lat="44.566229"><ele>77.182152</ele><time>2020-12-16T00:51:18Z</time><extensions><speed>3.342218</speed><course>191.047333</course><hAcc>0.924354</hAcc><vAcc>0.679261</vAcc></extensions></trkpt>
      <trkpt lon="-123.277073" lat="44.566226"><ele>77.329811</ele><time>2020-12-16T00:51:19Z</time><extensions><speed>3.335513</speed><course>199.345947</course><hAcc>0.924620</hAcc><vAcc>0.679536</vAcc></extensions></trkpt>
      <trkpt lon="-123.277031" lat="44.566224"><ele>77.476639</ele><time>2020-12-16T00:51:20Z</time><extensions><speed>3.329454</speed><course>208.964233</course><hAcc>0.924920</hAcc><vAcc>0.679848</vAcc></extensions></trkpt>
      <trkpt lon="-123.276989" lat="44.566221"><ele>77.621872</ele><time>2020-12-16T00:51:21Z</time><extensions><speed>3.324715</speed><course>197.093628</course><hAcc>0.925244</hAcc><vAcc>0.680185</vAcc></extensions></trkpt>
      <trkpt lon="-123.276948" lat="44.566218"><ele>77.765091</ele><time>2020-12-16T00:51:22Z</time><extensions><speed>3.322016</speed><course>194.898514</course><hAcc>0.925585</hAcc><vAcc>0.680539</vAcc></extensions></trkpt>
      <trkpt lon="-123.276906" lat="44.566216"><ele>77.905853</ele><time>2020-12-16T00:51:23Z</time><extensions><speed>3.322186</speed><course>199.538986</course><hAcc>0.925935</hAcc><vAcc>0.680902</vAcc></extensions></trkpt>
      <trkpt lon="-123.276864" lat="44.566214"><ele>78.043259</ele><time>2020-12-16T00:51:24Z</time><extensions><speed>3.325037</speed><course>197.535797</course><hAcc>0.926283</hAcc><vAcc>0.681265</vAcc></extensions></trkpt>
      <trkpt lon="-123.276823" lat="44.566211"><ele>78.175743</ele><time>2020-12-16T00:51:25Z</time><extensions><speed>3.329365</speed><course>207.627167</course><hAcc>0.926624</hAcc><vAcc>0.681618</vAcc></extensions></trkpt>
      <trkpt lon="-123.276781" lat="44.566209"><ele>78.300957</ele><time>2020-12-16T00:51:26Z</time><extensions><speed>3.334272</speed><course>200.060623</course><hAcc>0.926946</hAcc><vAcc>0.681953</vAcc></extensions></trkpt>
      <trkpt lon="-123.276739" lat="44.566208"><ele>78.415565</ele><time>2020-12-16T00:51:27Z</time><extensions><speed>3.338736</speed><course>200.333908</course><hAcc>0.927241</hAcc><vAcc>0.682260</vAcc></extensions></trkpt>
      <trkpt lon="-123.276697" lat="44.566206"><ele>78.515045</ele><time>2020-12-16T00:51:28Z</time><extensions><speed>3.342051</speed><course>194.582474</course><hAcc>0.927502</hAcc><vAcc>0.682531</vAcc></extensions></trkpt>
      <trkpt lon="-123.276655" lat="44.566205"><ele>78.594498</ele><time>2020-12-16T00:51:29Z</time><extensions><speed>3.344401</speed><course>186.934814</course><hAcc>0.927723</hAcc><vAcc>0.682761</vAcc></extensions></trkpt>
      <trkpt lon="-123.276613" lat="44.566203"><ele>78.650299</ele><time>2020-12-16T00:51:30Z</time><extensions><speed>3.346070</speed><course>193.592453</course><hAcc>0.927904</hAcc><vAcc>0.682950</vAcc></extensions></trkpt>
      <trkpt lon="-123.276571" lat="44.566203"><ele>78.680618</ele><time>2020-12-16T00:51:31Z</time><extensions><speed>3.347570</speed><course>204.516876</course><hAcc>0.928045</hAcc><vAcc>0.683098</vAcc></extensions></trkpt>
      <trkpt lon="-123.276529" lat="44.566202"><ele>78.684547</ele><time>2020-12-16T00:51:32Z</time><extensions><speed>3.349137</speed><course>203.850876</course><hAcc>0.928152</hAcc><vAcc>0.683210</vAcc></extensions></trkpt>
      <trkpt lon="-123.276486" lat="44.566202"><ele>78.662224</ele><time>2020-12-16T00:51:33Z</time><extensions><speed>3.351095</speed><course>193.455780</course><hAcc>0.928231</hAcc><vAcc>0.683293</vAcc></extensions></trkpt>
      <trkpt lon="-123.276444" lat="44.566202"><ele>78.615013</ele><time>2020-12-16T00:51:34Z</time><extensions><speed>3.354441</speed><course>198.796356</course><hAcc>0.928288</hAcc><vAcc>0.683352</vAcc></extensions></trkpt>
      <trkpt lon="-123.276402" lat="44.566202"><ele>78.545349</ele><time>2020-12-16T00:51:35Z</time><extensions><speed>3.359833</speed><course>205.133240</course><hAcc>0.928324</hAcc><vAcc>0.683390</vAcc></extensions></trkpt>
      <trkpt lon="-123.276360" lat="44.566202"><ele>78.457069</ele><time>2020-12-16T00:51:36Z</time><extensions><speed>3.367811</speed><course>205.800964</course><hAcc>0.928343</hAcc><vAcc>0.683410</vAcc></extensions></trkpt>
      <trkpt lon="-123.276317" lat="44.566203"><ele>78.355476</ele><time>2020-12-16T00:51:37Z</time><extensions><speed>3.379634</speed><course>204.740570</course><hAcc>0.928342</hAcc><vAcc>0.683409</vAcc></extensions></trkpt>
      <trkpt lon="-123.276274" lat="44.566203"><ele>78.246712</ele><time>2020-12-16T00:51:38Z</time><extensions><speed>3.395757</speed><course>195.168915</course><hAcc>0.928321</hAcc><vAcc>0.683387</vAcc></extensions></trkpt>
      <trkpt lon="-123.276232" lat="44.566204"><ele>78.136475</ele><time>2020-12-16T00:51:39Z</time><extensions><speed>3.414640</speed><course>205.691681</course><hAcc>0.928276</hAcc><vAcc>0.683341</vAcc></extensions></trkpt>
      <trkpt lon="-123.276188" lat="44.566205"><ele>78.029121</ele><time>2020-12-16T00:51:40Z</time><extensions><speed>3.434409</speed><course>210.275787</course><hAcc>0.928210</hAcc><vAcc>0.683273</vAcc></extensions></trkpt>
      <trkpt lon="-123.276145" lat="44.566206"><ele>77.927582</ele><time>2020-12-16T00:51:41Z</time><extensions><speed>3.453843</speed><course>196.880341</course><hAcc>0.928126</hAcc><vAcc>0.683186</vAcc></extensions></trkpt>
      <trkpt lon="-123.276102" lat="44.566207"><ele>77.833755</ele><time>2020-12-16T00:51:42Z</time><extensions><speed>3.472656</speed><course>193.220123</course><hAcc>0.928031</hAcc><vAcc>0.683088</vAcc></extensions></trkpt>
      <trkpt lon="-123.276058" lat="44.566208"><ele>77.749084</ele><time>2020-12-16T00:51:43Z</time><extensions><speed>3.491349</speed><course>203.769318</course><hAcc>0.927932</hAcc><vAcc>0.682985</vAcc></extensions></trkpt>
      <trkpt lon="-123.276014" lat="44.566208"><ele>77.675331</ele><time>2020-12-16T00:51:44Z</time><extensions><speed>3.510262</speed><course>205.720001</course><hAcc>0.927837</hAcc><vAcc>0.682887</vAcc></extensions></trkpt>
      <trkpt lon="-123.275969" lat="44.566209"><ele>77.614342</ele><time>2020-12-16T00:51:45Z</time><extensions><speed>3.528666</speed><course>191.098373</course><hAcc>0.927752</hAcc><vAcc>0.682800</vAcc></extensions></trkpt>
      <trkpt lon="-123.275925" lat="44.566210"><ele>77.567032</ele><time>2020-12-16T00:51:46Z</time><extensions><speed>3.545200</speed><course>201.098389</course><hAcc>0.927680</hAcc><vAcc>0.682726</vAcc></extensions></trkpt>
      <trkpt lon="-123.275880" lat="44.566210"><ele>77.533295</ele><time>2020-12-16T00:51:47Z</time><extensions><speed>3.559227</speed><course>201.694397</course><hAcc>0.927622</hAcc><vAcc>0.682665</vAcc></extensions></trkpt>
      <trkpt lon="-123.275835" lat="44.566210"><ele>77.512329</ele><time>2020-12-16T00:51:48Z</time><extensions><speed>3.570240</speed><course>199.030945</course><hAcc>0.927579</hAcc><vAcc>0.682620</vAcc></extensions></trkpt>
      <trkpt lon="-123.275790" lat="44.566210"><ele>77.502869</ele><time>2020-12-16T00:51:49Z</time><extensions><speed>3.577106</speed><course>196.761139</course><hAcc>0.927550</hAcc><vAcc>0.682590</vAcc></extensions></trkpt>
      <trkpt lon="-123.275745" lat="44.566210"><ele>77.503593</ele><time>2020-12-16T00:51:50Z</time><extensions><speed>3.578809</speed><course>197.206741</course><hAcc>0.927537</hAcc><vAcc>0.682576</vAcc></extensions></trkpt>
      <trkpt lon="-123.275700" lat="44.566210"><ele>77.513206</ele><time>2020-12-16T00:51:51Z</time><extensions><speed>3.574489</speed><course>202.357346</course><hAcc>0.927539</hAcc><vAcc>0.682578</vAcc></extensions></trkpt>
      <trkpt lon="-123.275655" lat="44.566210"><ele>77.530144</ele><time>2020-12-16T00:51:52Z</time><extensions><speed>3.563631</speed><course>201.155884</course><hAcc>0.927555</hAcc><vAcc>0.682594</vAcc></extensions></trkpt>
      <trkpt lon="-123.275611" lat="44.566209"><ele>77.552467</ele><time>2020-12-16T00:51:53Z</time><extensions><speed>3.547061</speed><course>193.019150</course><hAcc>0.927581</hAcc><vAcc>0.682622</vAcc></extensions></trkpt>
      <trkpt lon="-123.275566" lat="44.566208"><ele>77.578133</ele><time>2020-12-16T00:51:54Z</time><extensions><speed>3.526792</speed><course>197.939194</course><hAcc>0.927615</hAcc><vAcc>0.682657</vAcc></extensions></trkpt>
      <trkpt lon="-123.275522" lat="44.566207"><ele>77.605721</ele><time>2020-12-16T00:51:55Z</time><extensions><speed>3.504306</speed><course>198.525146</course><hAcc>0.927651</hAcc><vAcc>0.682694</vAcc></extensions></trkpt>
      <trkpt lon="-123.275478" lat="44.566206"><ele>77.634537</ele><time>2020-12-16T00:51:56Z</time><extensions><speed>3.480264</speed><course>196.224564</course><hAcc>0.927687</hAcc><vAcc>0.682731</vAcc></extensions></trkpt>
      <trkpt lon="-123.275434" lat="44.566205"><ele>77.663925</ele><time>2020-12-16T00:51:57Z</time><extensions><speed>3.455284</speed><course>199.768036</course><hAcc>0.927722</hAcc><vAcc>0.682768</vAcc></extensions></trkpt>
      <trkpt lon="-123.275391" lat="44.566204"><ele>77.693085</ele><time>2020-12-16T00:51:58Z</time><extensions><speed>3.429730</speed><course>200.227356</course><hAcc>0.927756</hAcc><vAcc>0.682803</vAcc></extensions></trkpt>
      <trkpt lon="-123.275348" lat="44.566203"><ele>77.721092</ele><time>2020-12-16T00:51:59Z</time><extensions><speed>3.404076</speed><course>205.052841</course><hAcc>0.927790</hAcc><vAcc>0.682838</vAcc></extensions></trkpt>
      <trkpt lon="-123.275305" lat="44.566203"><ele>77.747017</ele><time>2020-12-16T00:52:00Z</time><extensions><speed>3.378724</speed><course>199.650818</course><hAcc>0.927823</hAcc><vAcc>0.682872</vAcc></extensions></trkpt>
      <trkpt lon="-123.275263" lat="44.566202"><ele>77.770088</ele><time>2020-12-16T00:52:01Z</time><extensions><speed>3.353943</speed><course>200.912704</course><hAcc>0.927851</hAcc><vAcc>0.682902</vAcc></extensions></trkpt>
      <trkpt lon="-123.275221" lat="44.566202"><ele>77.789223</ele><time>2020-12-16T00:52:02Z</time><extensions><speed>3.330342</speed><course>199.320969</course><hAcc>0.927871</hAcc><vAcc>0.682922</vAcc></extensions></trkpt>
      <trkpt lon="-123.275179" lat="44.566202"><ele>77.803139</ele><time>2020-12-16T00:52:03Z</time><extensions><speed>3.308409</speed><course>192.747452</course><hAcc>0.927879</hAcc><vAcc>0.682930</vAcc></extensions></trkpt>
      <trkpt lon="-123.275138" lat="44.566203"><ele>77.810822</ele><time>2020-12-16T00:52:04Z</time><extensions><speed>3.288271</speed><course>191.589478</course><hAcc>0.927873</hAcc><vAcc>0.682924</vAcc></extensions></trkpt>
      <trkpt lon="-123.275096" lat="44.566205"><ele>77.811378</ele><time>2020-12-16T00:52:05Z</time><extensions><speed>3.270434</speed><course>201.628342</course><hAcc>0.927852</hAcc><vAcc>0.682902</vAcc></extensions></trkpt>
      <trkpt lon="-123.275055" lat="44.566207"><ele>77.803802</ele><time>2020-12-16T00:52:06Z</time><extensions><speed>3.256222</speed><course>202.949097</course><hAcc>0.927816</hAcc><vAcc>0.682865</vAcc></extensions></trkpt>
      <trkpt lon="-123.275015" lat="44.566210"><ele>77.786873</ele><time>2020-12-16T00:52:07Z</time><extensions><speed>3.247078</speed><course>204.721741</course><hAcc>0.927768</hAcc><vAcc>0.682814</vAcc></extensions></trkpt>
      <trkpt lon="-123.274974" lat="44.566215"><ele>77.759117</ele><time>2020-12-16T00:52:08Z</time><extensions><speed>3.243945</speed><course>201.623886</course><hAcc>0.927705</hAcc><vAcc>0.682750</vAcc></extensions></trkpt>
      <trkpt lon="-123.274934" lat="44.566220"><ele>77.719215</ele><time>2020-12-16T00:52:09Z</time><extensions><speed>3.247161</speed><course>195.771088</course><hAcc>0.927629</hAcc><vAcc>0.682670</vAcc></extensions></trkpt>
      <trkpt lon="-123.274894" lat="44.566226"><ele>77.666954</ele><time>2020-12-16T00:52:10Z</time><extensions><speed>3.256255</speed><course>206.294907</course><hAcc>0.927537</hAcc><vAcc>0.682574</vAcc></extensions></trkpt>
      <trkpt lon="-123.274854" lat="44.566233"><ele>77.603333</ele><time>2020-12-16T00:52:11Z</time><extensions><speed>3.269812</speed><course>195.119202</course><hAcc>0.927428</hAcc><vAcc>0.682460</vAcc></extensions></trkpt>
      <trkpt lon="-123.274815" lat="44.566242"><ele>77.529999</ele><time>2020-12-16T00:52:12Z</time><extensions><speed>3.285331</speed><course>192.668015</course><hAcc>0.927300</hAcc><vAcc>0.682326</vAcc></extensions></trkpt>
      <trkpt lon="-123.274775" lat="44.566251"><ele>77.448975</ele><time>2020-12-16T00:52:13Z</time><extensions><speed>3.300146</speed><course>198.670517</course><hAcc>0.927148</hAcc><vAcc>0.682167</vAcc></extensions></trkpt>
      <trkpt lon="-123.274736" lat="44.566261"><ele>77.362373</ele><time>2020-12-16T00:52:14Z</time><extensions><speed>3.312058</speed><course>198.976166</course><hAcc>0.926964</hAcc><vAcc>0.681974</vAcc></extensions></trkpt>
      <trkpt lon="-123.274697" lat="44.566272"><ele>77.271904</ele><time>2020-12-16T00:52:15Z</time><extensions><speed>3.319564</speed><course>187.659882</course><hAcc>0.926740</hAcc><vAcc>0.681739</vAcc></extensions></trkpt>
      <trkpt lon="-123.274659" lat="44.566283"><ele>77.178818</ele><time>2020-12-16T00:52:16Z</time><extensions><speed>3.322012</speed><course>194.539413</course><hAcc>0.926467</hAcc><vAcc>0.681453</vAcc></extensions></trkpt>
      <trkpt lon="-123.274620" lat="44.566295"><ele>77.084290</ele><time>2020-12-16T00:52:17Z</time><extensions><speed>3.318944</speed><course>206.567413</course><hAcc>0.926134</hAcc><vAcc>0.681105</vAcc></extensions></trkpt>
      <trkpt lon="-123.274582" lat="44.566307"><ele>76.989410</ele><time>2020-12-16T00:52:18Z</time><extensions><speed>3.309886</speed><course>198.433945</course><hAcc>0.925734</hAcc><vAcc>0.680688</vAcc></extensions></trkpt>
      <trkpt lon="-123.274544" lat="44.566319"><ele>76.894829</ele><time>2020-12-16T00:52:19Z</time><extensions><speed>3.294931</speed><course>198.781387</course><hAcc>0.925263</hAcc><vAcc>0.680197</vAcc></extensions></trkpt>
      <trkpt lon="-123.274507" lat="44.566331"><ele>76.800819</ele><time>2020-12-16T00:52:20Z</time><extensions><speed>3.275203</speed><course>199.102402</course><hAcc>0.924725</hAcc><vAcc>0.679638</vAcc></extensions></trkpt>
      <trkpt lon="-123.274469" lat="44.566344"><ele>76.707428</ele><time>2020-12-16T00:52:21Z</time><extensions><speed>3.252269</speed><course>195.905029</course><hAcc>0.924134</hAcc><vAcc>0.679025</vAcc></extensions></trkpt>
      <trkpt lon="-123.274432" lat="44.566356"><ele>76.614265</ele><time>2020-12-16T00:52:22Z</time><extensions><speed>3.228042</speed><course>190.991241</course><hAcc>0.923515</hAcc><vAcc>0.678383</vAcc></extensions></trkpt>
      <trkpt lon="-123.274396" lat="44.566369"><ele>76.520515</ele><time>2020-12-16T00:52:23Z</time><extensions><speed>3.204998</speed><course>195.046173</course><hAcc>0.922900</hAcc><vAcc>0.677745</vAcc></extensions></trkpt>
      <trkpt lon="-123.274360" lat="44.566381"><ele>76.425095</ele><time>2020-12-16T00:52:24Z</time><extensions><speed>3.185048</speed><course>200.823685</course><hAcc>0.922326</hAcc><vAcc>0.677150</vAcc></extensions></trkpt>
      <trkpt lon="-123.274324" lat="44.566394"><ele>76.326370</ele><time>2020-12-16T00:52:25Z</time><extensions><speed>3.170417</speed><course>199.128204</course><hAcc>0.921828</hAcc><vAcc>0.676635</vAcc></extensions></trkpt>
      <trkpt lon="-123.274289" lat="44.566407"><ele>76.221764</ele><time>2020-12-16T00:52:26Z</time><extensions><speed>3.163949</speed><course>198.014832</course><hAcc>0.921438</hAcc><vAcc>0.676230</vAcc></extensions></trkpt>
      <trkpt lon="-123.274254" lat="44.566421"><ele>76.108337</ele><time>2020-12-16T00:52:27Z</time><extensions><speed>3.167298</speed><course>204.657867</course><hAcc>0.921181</hAcc><vAcc>0.675965</vAcc></extensions></trkpt>
      <trkpt lon="-123.274220" lat="44.566436"><ele>75.984032</ele><time>2020-12-16T00:52:28Z</time><extensions><speed>3.180616</speed><course>217.010574</course><hAcc>0.921083</hAcc><vAcc>0.675863</vAcc></extensions></trkpt>
      <trkpt lon="-123.274186" lat="44.566451"><ele>75.848450</ele><time>2020-12-16T00:52:29Z</time><extensions><speed>3.202706</speed><course>194.968628</course><hAcc>0.921156</hAcc><vAcc>0.675938</vAcc></extensions></trkpt>
      <trkpt lon="-123.274152" lat="44.566467"><ele>75.703049</ele><time>2020-12-16T00:52:30Z</time><extensions><speed>3.231832</speed><course>192.241440</course><hAcc>0.921393</hAcc><vAcc>0.676183</vAcc></extensions></trkpt>
      <trkpt lon="-123.274119" lat="44.566484"><ele>75.550995</ele><time>2020-12-16T00:52:31Z</time><extensions><speed>3.264839</speed><course>196.610428</course><hAcc>0.921763</hAcc><vAcc>0.676564</vAcc></extensions></trkpt>
      <trkpt lon="-123.274085" lat="44.566502"><ele>75.396156</ele><time>2020-12-16T00:52:32Z</time><extensions><speed>3.297943</speed><course>202.538879</course><hAcc>0.922218</hAcc><vAcc>0.677034</vAcc></extensions></trkpt>
      <trkpt lon="-123.274052" lat="44.566520"><ele>75.242523</ele><time>2020-12-16T00:52:33Z</time><extensions><speed>3.328823</speed><course>200.199219</course><hAcc>0.922713</hAcc><vAcc>0.677548</vAcc></extensions></trkpt>
      <trkpt lon="-123.274019" lat="44.566538"><ele>75.094200</ele><time>2020-12-16T00:52:34Z</time><extensions><speed>3.355852</speed><course>191.053223</course><hAcc>0.923212</hAcc><vAcc>0.678065</vAcc></extensions></trkpt>
      <trkpt lon="-123.273986" lat="44.566557"><ele>74.954750</ele><time>2020-12-16T00:52:35Z</time><extensions><speed>3.378126</speed><course>192.379410</course><hAcc>0.923686</hAcc><vAcc>0.678558</vAcc></extensions></trkpt>
      <trkpt lon="-123.273952" lat="44.566576"><ele>74.826210</ele><time>2020-12-16T00:52:36Z</time><extensions><speed>3.395593</speed><course>197.375092</course><hAcc>0.924121</hAcc><vAcc>0.679010</vAcc></extensions></trkpt>
      <trkpt lon="-123.273919" lat="44.566595"><ele>74.708725</ele><time>2020-12-16T00:52:37Z</time><extensions><speed>3.409094</speed><course>191.672775</course><hAcc>0.924509</hAcc><vAcc>0.679415</vAcc></extensions></trkpt>
      <trkpt lon="-123.273885" lat="44.566614"><ele>74.601273</ele><time>2020-12-16T00:52:38Z</time><extensions><speed>3.419497</speed><course>193.624222</course><hAcc>0.924849</hAcc><vAcc>0.679770</vAcc></extensions></trkpt>
      <trkpt lon="-123.273850" lat="44.566632"><ele>74.502823</ele><time>2020-12-16T00:52:39Z</time><extensions><speed>3.426376</speed><course>193.479538</course><hAcc>0.925142</hAcc><vAcc>0.680075</vAcc></extensions></trkpt>
      <trkpt lon="-123.273816" lat="44.566651"><ele>74.412590</ele><time>2020-12-16T00:52:40Z</time><extensions><speed>3.429541</speed><course>198.247833</course><hAcc>0.925384</hAcc><vAcc>0.680328</vAcc></extensions></trkpt>
      <trkpt lon="-123.273780" lat="44.566669"><ele>74.329437</ele><time>2020-12-16T00:52:41Z</time><extensions><speed>3.429028</speed><course>203.610138</course><hAcc>0.925575</hAcc><vAcc>0.680527</vAcc></extensions></trkpt>
      <trkpt lon="-123.273745" lat="44.566686"><ele>74.251167</ele><time>2020-12-16T00:52:42Z</time><extensions><speed>3.424939</speed><course>193.885712</course><hAcc>0.925711</hAcc><vAcc>0.680669</vAcc></extensions></trkpt>
      <trkpt lon="-123.273708" lat="44.566702"><ele>74.174591</ele><time>2020-12-16T00:52:43Z</time><extensions><speed>3.418354</speed><course>189.646042</course><hAcc>0.925792</hAcc><vAcc>0.680756</vAcc></extensions></trkpt>
      <trkpt lon="-123.273672" lat="44.566718"><ele>74.096077</ele><time>2020-12-16T00:52:44Z</time><extensions><speed>3.411174</speed><course>192.264175</course><hAcc>0.925826</hAcc><vAcc>0.680792</vAcc></extensions></trkpt>
      <trkpt lon="-123.273634" lat="44.566733"><ele>74.011948</ele><time>2020-12-16T00:52:45Z</time><extensions><speed>3.405344</speed><course>198.218735</course><hAcc>0.925822</hAcc><vAcc>0.680790</vAcc></extensions></trkpt>
      <trkpt lon="-123.273596" lat="44.566747"><ele>73.918922</ele><time>2020-12-16T00:52:46Z</time><extensions><speed>3.400947</speed><course>221.669327</course><hAcc>0.925794</hAcc><vAcc>0.680763</vAcc></extensions></trkpt>
      <trkpt lon="-123.273557" lat="44.566759"><ele>73.814804</ele><time>2020-12-16T00:52:47Z</time><extensions><speed>3.396808</speed><course>205.775467</course><hAcc>0.925753</hAcc><vAcc>0.680722</vAcc></extensions></trkpt>
      <trkpt lon="-123.273517" lat="44.566771"><ele>73.698090</ele><time>2020-12-16T00:52:48Z</time><extensions><speed>3.392536</speed><course>207.450821</course><hAcc>0.925714</hAcc><vAcc>0.680683</vAcc></extensions></trkpt>
      <trkpt lon="-123.273477" lat="44.566781"><ele>73.567368</ele><time>2020-12-16T00:52:49Z</time><extensions><speed>3.388964</speed><course>203.144638</course><hAcc>0.925693</hAcc><vAcc>0.680663</vAcc></extensions></trkpt>
      <trkpt lon="-123.273436" lat="44.566789"><ele>73.421593</ele><time>2020-12-16T00:52:50Z</time><extensions><speed>3.386297</speed><course>198.933456</course><hAcc>0.925703</hAcc><vAcc>0.680674</vAcc></extensions></trkpt>
      <trkpt lon="-123.273395" lat="44.566797"><ele>73.260704</ele><time>2020-12-16T00:52:51Z</time><extensions><speed>3.384632</speed><course>195.255875</course><hAcc>0.925749</hAcc><vAcc>0.680723</vAcc></extensions></trkpt>
      <trkpt lon="-123.273353" lat="44.566804"><ele>73.085487</ele><time>2020-12-16T00:52:52Z</time><extensions><speed>3.384341</speed><course>195.873062</course><hAcc>0.925831</hAcc><vAcc>0.680806</vAcc></extensions></trkpt>
      <trkpt lon="-123.273311" lat="44.566810"><ele>72.897797</ele><time>2020-12-16T00:52:53Z</time><extensions><speed>3.385008</speed><course>198.157089</course><hAcc>0.925940</hAcc><vAcc>0.680920</vAcc></extensions></trkpt>
      <trkpt lon="-123.273269" lat="44.566814"><ele>72.700974</ele><time>2020-12-16T00:52:54Z</time><extensions><speed>3.386719</speed><course>207.563141</course><hAcc>0.926069</hAcc><vAcc>0.681053</vAcc></extensions></trkpt>
      <trkpt lon="-123.273227" lat="44.566818"><ele>72.499588</ele><time>2020-12-16T00:52:55Z</time><extensions><speed>3.390371</speed><course>184.277771</course><hAcc>0.926206</hAcc><vAcc>0.681194</vAcc></extensions></trkpt>
      <trkpt lon="-123.273184" lat="44.566822"><ele>72.299118</ele><time>2020-12-16T00:52:56Z</time><extensions><speed>3.397171</speed><course>189.462341</course><hAcc>0.926339</hAcc><vAcc>0.681332</vAcc></extensions></trkpt>
      <trkpt lon="-123.273142" lat="44.566825"><ele>72.104767</ele><time>2020-12-16T00:52:57Z</time><extensions><speed>3.407590</speed><course>185.330933</course><hAcc>0.926461</hAcc><vAcc>0.681458</vAcc></extensions></trkpt>
      <trkpt lon="-123.273099" lat="44.566827"><ele>71.920090</ele><time>2020-12-16T00:52:58Z</time><extensions><speed>3.420768</speed><course>175.969360</course><hAcc>0.926567</hAcc><vAcc>0.681568</vAcc></extensions></trkpt>
      <trkpt lon="-123.273056" lat="44.566828"><ele>71.747002</ele><time>2020-12-16T00:52:59Z</time><extensions><speed>3.435147</speed><course>183.031113</course><hAcc>0.926654</hAcc><vAcc>0.681660</vAcc></extensions></trkpt>
      <trkpt lon="-123.273013" lat="44.566830"><ele>71.586151</ele><time>2020-12-16T00:53:00Z</time><extensions><speed>3.449271</speed><course>191.760742</course><hAcc>0.926727</hAcc><vAcc>0.681736</vAcc></extensions></trkpt>
      <trkpt lon="-123.272969" lat="44.566831"><ele>71.437386</ele><time>2020-12-16T00:53:01Z</time><extensions><speed>3.461861</speed><course>196.188187</course><hAcc>0.926787</hAcc><vAcc>0.681800</vAcc></extensions></trkpt>
      <trkpt lon="-123.272925" lat="44.566831"><ele>71.299904</ele><time>2020-12-16T00:53:02Z</time><extensions><speed>3.471396</speed><course>208.143448</course><hAcc>0.926841</hAcc><vAcc>0.681856</vAcc></extensions></trkpt>
      <trkpt lon="-123.272882" lat="44.566832"><ele>71.172707</ele><time>2020-12-16T00:53:03Z</time><extensions><speed>3.476392</speed><course>201.976028</course><hAcc>0.926890</hAcc><vAcc>0.681908</vAcc></extensions></trkpt>
      <trkpt lon="-123.272838" lat="44.566832"><ele>71.054924</ele><time>2020-12-16T00:53:04Z</time><extensions><speed>3.476329</speed><course>198.579056</course><hAcc>0.926939</hAcc><vAcc>0.681959</vAcc></extensions></trkpt>
      <trkpt lon="-123.272794" lat="44.566832"><ele>70.945534</ele><time>2020-12-16T00:53:05Z</time><extensions><speed>3.471205</speed><course>207.801300</course><hAcc>0.926987</hAcc><vAcc>0.682009</vAcc></extensions></trkpt>
      <trkpt lon="-123.272751" lat="44.566833"><ele>70.843330</ele><time>2020-12-16T00:53:06Z</time><extensions><speed>3.460718</speed><course>214.053680</course><hAcc>0.927035</hAcc><vAcc>0.682059</vAcc></extensions></trkpt>
      <trkpt lon="-123.272707" lat="44.566833"><ele>70.747139</ele><time>2020-12-16T00:53:07Z</time><extensions><speed>3.444114</speed><course>213.733963</course><hAcc>0.927081</hAcc><vAcc>0.682106</vAcc></extensions></trkpt>
      <trkpt lon="-123.272664" lat="44.566834"><ele>70.656082</ele><time>2020-12-16T00:53:08Z</time><extensions><speed>3.420584</speed><course>210.738098</course><hAcc>0.927122</hAcc><vAcc>0.682149</vAcc></extensions></trkpt>
      <trkpt lon="-123.272621" lat="44.566835"><ele>70.569878</ele><time>2020-12-16T00:53:09Z</time><extensions><speed>3.389755</speed><course>206.300461</course><hAcc>0.927157</hAcc><vAcc>0.682186</vAcc></extensions></trkpt>
      <trkpt lon="-123.272579" lat="44.566837"><ele>70.488686</ele><time>2020-12-16T00:53:10Z</time><extensions><speed>3.351057</speed><course>202.599731</course><hAcc>0.927183</hAcc><vAcc>0.682213</vAcc></extensions></trkpt>
      <trkpt lon="-123.272537" lat="44.566839"><ele>70.412590</ele><time>2020-12-16T00:53:11Z</time><extensions><speed>3.303482</speed><course>197.208603</course><hAcc>0.927201</hAcc><vAcc>0.682232</vAcc></extensions></trkpt>
      <trkpt lon="-123.272496" lat="44.566841"><ele>70.341194</ele><time>2020-12-16T00:53:12Z</time><extensions><speed>3.246346</speed><course>203.211685</course><hAcc>0.927212</hAcc><vAcc>0.682244</vAcc></extensions></trkpt>
      <trkpt lon="-123.272456" lat="44.566844"><ele>70.273552</ele><time>2020-12-16T00:53:13Z</time><extensions><speed>3.179984</speed><course>206.548401</course><hAcc>0.927219</hAcc><vAcc>0.682251</vAcc></extensions></trkpt>
      <trkpt lon="-123.272417" lat="44.566848"><ele>70.208191</ele><time>2020-12-16T00:53:14Z</time><extensions><speed>3.105318</speed><course>199.666870</course><hAcc>0.927226</hAcc><vAcc>0.682259</vAcc></extensions></trkpt>
      <trkpt lon="-123.272379" lat="44.566853"><ele>70.142967</ele><time>2020-12-16T00:53:15Z</time><extensions><speed>3.024953</speed><course>195.379929</course><hAcc>0.927235</hAcc><vAcc>0.682269</vAcc></extensions></trkpt>
      <trkpt lon="-123.272342" lat="44.566859"><ele>70.075447</ele><time>2020-12-16T00:53:16Z</time><extensions><speed>2.943167</speed><course>206.469131</course><hAcc>0.927248</hAcc><vAcc>0.682283</vAcc></extensions></trkpt>
      <trkpt lon="-123.272307" lat="44.566866"><ele>70.003281</ele><time>2020-12-16T00:53:17Z</time><extensions><speed>2.864654</speed><course>196.663696</course><hAcc>0.927265</hAcc><vAcc>0.682300</vAcc></extensions></trkpt>
      <trkpt lon="-123.272273" lat="44.566874"><ele>69.924263</ele><time>2020-12-16T00:53:18Z</time><extensions><speed>2.794143</speed><course>209.347580</course><hAcc>0.927282</hAcc><vAcc>0.682317</vAcc></extensions></trkpt>
      <trkpt lon="-123.272241" lat="44.566883"><ele>69.836487</ele><time>2020-12-16T00:53:19Z</time><extensions><speed>2.735477</speed><course>201.285172</course><hAcc>0.927296</hAcc><vAcc>0.682332</vAcc></extensions></trkpt>
      <trkpt lon="-123.272210" lat="44.566893"><ele>69.738632</ele><time>2020-12-16T00:53:20Z</time><extensions><speed>2.690988</speed><course>203.034027</course><hAcc>0.927305</hAcc><vAcc>0.682341</vAcc></extensions></trkpt>
      <trkpt lon="-123.272180" lat="44.566905"><ele>69.630478</ele><time>2020-12-16T00:53:21Z</time><extensions><speed>2.660890</speed><course>200.628265</course><hAcc>0.927309</hAcc><vAcc>0.682345</vAcc></extensions></trkpt>
      <trkpt lon="-123.272151" lat="44.566917"><ele>69.513046</ele><time>2020-12-16T00:53:22Z</time><extensions><speed>2.641955</speed><course>197.429932</course><hAcc>0.927307</hAcc><vAcc>0.682343</vAcc></extensions></trkpt>
      <trkpt lon="-123.272123" lat="44.566929"><ele>69.388466</ele><time>2020-12-16T00:53:23Z</time><extensions><speed>2.629457</speed><course>193.025009</course><hAcc>0.927301</hAcc><vAcc>0.682337</vAcc></extensions></trkpt>
      <trkpt lon="-123.272095" lat="44.566941"><ele>69.259628</ele><time>2020-12-16T00:53:24Z</time><extensions><speed>2.620035</speed><course>195.353729</course><hAcc>0.927292</hAcc><vAcc>0.682328</vAcc></extensions></trkpt>
      <trkpt lon="-123.272067" lat="44.566954"><ele>69.129791</ele><time>2020-12-16T00:53:25Z</time><extensions><speed>2.612707</speed><course>202.215546</course><hAcc>0.927282</hAcc><vAcc>0.682318</vAcc></extensions></trkpt>
      <trkpt lon="-123.272038" lat="44.566965"><ele>69.002319</ele><time>2020-12-16T00:53:26Z</time><extensions><speed>2.608894</speed><course>210.078690</course><hAcc>0.927273</hAcc><vAcc>0.682310</vAcc></extensions></trkpt>
      <trkpt lon="-123.272009" lat="44.566976"><ele>68.880707</ele><time>2020-12-16T00:53:27Z</time><extensions><speed>2.611370</speed><course>199.863953</course><hAcc>0.927269</hAcc><vAcc>0.682307</vAcc></extensions></trkpt>
      <trkpt lon="-123.271978" lat="44.566985"><ele>68.768616</ele><time>2020-12-16T00:53:28Z</time><extensions><speed>2.622705</speed><course>203.463150</course><hAcc>0.927275</hAcc><vAcc>0.682313</vAcc></extensions></trkpt>
      <trkpt lon="-123.271947" lat="44.566993"><ele>68.669609</ele><time>2020-12-16T00:53:29Z</time><extensions><speed>2.645296</speed><course>198.730148</course><hAcc>0.927296</hAcc><vAcc>0.682334</vAcc></extensions></trkpt>
      <trkpt lon="-123.271915" lat="44.566999"><ele>68.586761</ele><time>2020-12-16T00:53:30Z</time><extensions><speed>2.681585</speed><course>199.766876</course><hAcc>0.927334</hAcc><vAcc>0.682374</vAcc></extensions></trkpt>
      <trkpt lon="-123.271881" lat="44.567003"><ele>68.522484</ele><time>2020-12-16T00:53:31Z</time><extensions><speed>2.732774</speed><course>195.749954</course><hAcc>0.927393</hAcc><vAcc>0.682434</vAcc></extensions></trkpt>
      <trkpt lon="-123.271846" lat="44.567005"><ele>68.478134</ele><time>2020-12-16T00:53:32Z</time><extensions><speed>2.798706</speed><course>200.636017</course><hAcc>0.927473</hAcc><vAcc>0.682516</vAcc></extensions></trkpt>
      <trkpt lon="-123.271811" lat="44.567006"><ele>68.453926</ele><time>2020-12-16T00:53:33Z</time><extensions><speed>2.878158</speed><course>199.799698</course><hAcc>0.927572</hAcc><vAcc>0.682616</vAcc></extensions></trkpt>
      <trkpt lon="-123.271774" lat="44.567004"><ele>68.449249</ele><time>2020-12-16T00:53:34Z</time><extensions><speed>2.968971</speed><course>203.975311</course><hAcc>0.927682</hAcc><vAcc>0.682729</vAcc></extensions></trkpt>
      <trkpt lon="-123.271736" lat="44.567001"><ele>68.462830</ele><time>2020-12-16T00:53:35Z</time><extensions><speed>3.066566</speed><course>199.175598</course><hAcc>0.927796</hAcc><vAcc>0.682845</vAcc></extensions></trkpt>
      <trkpt lon="-123.271697" lat="44.566997"><ele>68.492874</ele><time>2020-12-16T00:53:36Z</time><extensions><speed>3.165323</speed><course>203.690918</course><hAcc>0.927905</hAcc><vAcc>0.682956</vAcc></extensions></trkpt>
      <trkpt lon="-123.271658" lat="44.566991"><ele>68.536598</ele><time>2020-12-16T00:53:37Z</time><extensions><speed>3.260669</speed><course>195.007507</course><hAcc>0.928002</hAcc><vAcc>0.683055</vAcc></extensions></trkpt>
      <trkpt lon="-123.271617" lat="44.566984"><ele>68.589638</ele><time>2020-12-16T00:53:38Z</time><extensions><speed>3.348746</speed><course>197.379303</course><hAcc>0.928080</hAcc><vAcc>0.683135</vAcc></extensions></trkpt>
      <trkpt lon="-123.271576" lat="44.566975"><ele>68.646347</ele><time>2020-12-16T00:53:39Z</time><extensions><speed>3.426031</speed><course>202.936020</course><hAcc>0.928134</hAcc><vAcc>0.683192</vAcc></extensions></trkpt>
      <trkpt lon="-123.271535" lat="44.566966"><ele>68.700394</ele><time>2020-12-16T00:53:40Z</time><extensions><speed>3.489712</speed><course>202.402252</course><hAcc>0.928165</hAcc><vAcc>0.683225</vAcc></extensions></trkpt>
      <trkpt lon="-123.271493" lat="44.566956"><ele>68.745865</ele><time>2020-12-16T00:53:41Z</time><extensions><speed>3.538806</speed><course>210.364548</course><hAcc>0.928177</hAcc><vAcc>0.683239</vAcc></extensions></trkpt>
      <trkpt lon="-123.271450" lat="44.566946"><ele>68.777740</ele><time>2020-12-16T00:53:42Z</time><extensions><speed>3.573421</speed><course>195.654144</course><hAcc>0.928185</hAcc><vAcc>0.683248</vAcc></extensions></trkpt>
      <trkpt lon="-123.271408" lat="44.566935"><ele>68.792076</ele><time>2020-12-16T00:53:43Z</time><extensions><speed>3.594236</speed><course>191.079483</course><hAcc>0.928210</hAcc><vAcc>0.683270</vAcc></extensions></trkpt>
      <trkpt lon="-123.271365" lat="44.566924"><ele>68.786377</ele><time>2020-12-16T00:53:44Z</time><extensions><speed>3.602232</speed><course>206.588272</course><hAcc>0.928282</hAcc><vAcc>0.683333</vAcc></extensions></trkpt>
      <trkpt lon="-123.271323" lat="44.566913"><ele>68.760162</ele><time>2020-12-16T00:53:45Z</time><extensions><speed>3.598767</speed><course>206.562729</course><hAcc>0.928438</hAcc><vAcc>0.683467</vAcc></extensions></trkpt>
      <trkpt lon="-123.271281" lat="44.566901"><ele>68.715210</ele><time>2020-12-16T00:53:46Z</time><extensions><speed>3.585378</speed><course>204.040985</course><hAcc>0.928724</hAcc><vAcc>0.683710</vAcc></extensions></trkpt>
      <trkpt lon="-123.271239" lat="44.566890"><ele>68.654549</ele><time>2020-12-16T00:53:47Z</time><extensions><speed>3.562835</speed><course>199.579681</course><hAcc>0.929186</hAcc><vAcc>0.684099</vAcc></extensions></trkpt>
      <trkpt lon="-123.271197" lat="44.566878"><ele>68.581223</ele><time>2020-12-16T00:53:48Z</time><extensions><speed>3.532150</speed><course>207.673599</course><hAcc>0.929873</hAcc><vAcc>0.684669</vAcc></extensions></trkpt>
      <trkpt lon="-123.271156" lat="44.566867"><ele>68.497925</ele><time>2020-12-16T00:53:49Z</time><extensions><speed>3.494822</speed><course>190.887924</course><hAcc>0.930828</hAcc><vAcc>0.685447</vAcc></extensions></trkpt>
      <trkpt lon="-123.271115" lat="44.566856"><ele>68.407143</ele><time>2020-12-16T00:53:50Z</time><extensions><speed>3.451953</speed><course>188.633057</course><hAcc>0.932087</hAcc><vAcc>0.686453</vAcc></extensions></trkpt>
      <trkpt lon="-123.271074" lat="44.566846"><ele>68.311539</ele><time>2020-12-16T00:53:51Z</time><extensions><speed>3.405054</speed><course>209.154373</course><hAcc>0.933664</hAcc><vAcc>0.687686</vAcc></extensions></trkpt>
      <trkpt lon="-123.271034" lat="44.566835"><ele>68.214142</ele><time>2020-12-16T00:53:52Z</time><extensions><speed>3.355622</speed><course>205.025482</course><hAcc>0.935546</hAcc><vAcc>0.689125</vAcc></extensions></trkpt>
      <trkpt lon="-123.270995" lat="44.566825"><ele>68.118385</ele><time>2020-12-16T00:53:53Z</time><extensions><speed>3.305013</speed><course>203.186127</course><hAcc>0.937677</hAcc><vAcc>0.690713</vAcc></extensions></trkpt>
      <trkpt lon="-123.270956" lat="44.566815"><ele>68.027939</ele><time>2020-12-16T00:53:54Z</time><extensions><speed>3.254580</speed><course>185.991241</course><hAcc>0.939948</hAcc><vAcc>0.692357</vAcc></extensions></trkpt>
      <trkpt lon="-123.270917" lat="44.566806"><ele>67.946442</ele><time>2020-12-16T00:53:55Z</time><extensions><speed>3.204770</speed><course>191.476257</course><hAcc>0.942198</hAcc><vAcc>0.693929</vAcc></extensions></trkpt>
      <trkpt lon="-123.270879" lat="44.566798"><ele>67.877296</ele><time>2020-12-16T00:53:56Z</time><extensions><speed>3.155855</speed><course>185.230698</course><hAcc>0.944218</hAcc><vAcc>0.695275</vAcc></extensions></trkpt>
      <trkpt lon="-123.270841" lat="44.566790"><ele>67.823112</ele><time>2020-12-16T00:53:57Z</time><extensions><speed>3.108555</speed><course>194.006577</course><hAcc>0.945787</hAcc><vAcc>0.696248</vAcc></extensions></trkpt>
      <trkpt lon="-123.270804" lat="44.566782"><ele>67.785286</ele><time>2020-12-16T00:53:58Z</time><extensions><speed>3.062877</speed><course>196.698212</course><hAcc>0.946737</hAcc><vAcc>0.696758</vAcc></extensions></trkpt>
      <trkpt lon="-123.270767" lat="44.566775"><ele>67.763542</ele><time>2020-12-16T00:53:59Z</time><extensions><speed>3.018273</speed><course>189.936676</course><hAcc>0.947074</hAcc><vAcc>0.696871</vAcc></extensions></trkpt>
      <trkpt lon="-123.270730" lat="44.566769"><ele>67.755898</ele><time>2020-12-16T00:54:00Z</time><extensions><speed>2.974883</speed><course>175.871399</course><hAcc>0.947159</hAcc><vAcc>0.696940</vAcc></extensions></trkpt>
      <trkpt lon="-123.270693" lat="44.566764"><ele>67.759644</ele><time>2020-12-16T00:54:01Z</time><extensions><speed>2.933015</speed><course>151.123825</course><hAcc>0.947986</hAcc><vAcc>0.697804</vAcc></extensions></trkpt>
      <trkpt lon="-123.270657" lat="44.566760"><ele>67.772224</ele><time>2020-12-16T00:54:02Z</time><extensions><speed>2.893318</speed><course>163.304916</course><hAcc>0.951542</hAcc><vAcc>0.701039</vAcc></extensions></trkpt>
      <trkpt lon="-123.270621" lat="44.566756"><ele>67.791260</ele><time>2020-12-16T00:54:03Z</time><extensions><speed>2.857215</speed><course>191.284103</course><hAcc>0.961220</hAcc><vAcc>0.709223</vAcc></extensions></trkpt>
      <trkpt lon="-123.270586" lat="44.566753"><ele>67.814194</ele><time>2020-12-16T00:54:04Z</time><extensions><speed>2.826005</speed><course>197.366394</course><hAcc>0.982167</hAcc><vAcc>0.726128</vAcc></extensions></trkpt>
      <trkpt lon="-123.270551" lat="44.566751"><ele>67.838379</ele><time>2020-12-16T00:54:05Z</time><extensions><speed>2.800550</speed><course>202.708740</course><hAcc>1.021285</hAcc><vAcc>0.756651</vAcc></extensions></trkpt>
      <trkpt lon="-123.270518" lat="44.566762"><ele>67.907158</ele><time>2020-12-16T00:54:06Z</time><extensions><speed>2.749659</speed><course>228.407959</course><hAcc>0.979443</hAcc><vAcc>0.724357</vAcc></extensions></trkpt>
      <trkpt lon="-123.270490" lat="44.566776"><ele>67.947441</ele><time>2020-12-16T00:54:07Z</time><extensions><speed>2.781559</speed><course>181.169235</course><hAcc>0.957543</hAcc><vAcc>0.706620</vAcc></extensions></trkpt>
      <trkpt lon="-123.270462" lat="44.566792"><ele>67.979622</ele><time>2020-12-16T00:54:08Z</time><extensions><speed>2.818049</speed><course>180.651520</course><hAcc>0.948133</hAcc><vAcc>0.698491</vAcc></extensions></trkpt>
      <trkpt lon="-123.270435" lat="44.566808"><ele>68.004967</ele><time>2020-12-16T00:54:09Z</time><extensions><speed>2.857378</speed><course>177.246353</course><hAcc>0.945393</hAcc><vAcc>0.695738</vAcc></extensions></trkpt>
      <trkpt lon="-123.270409" lat="44.566826"><ele>68.025665</ele><time>2020-12-16T00:54:10Z</time><extensions><speed>2.898093</speed><course>181.165649</course><hAcc>0.945488</hAcc><vAcc>0.695468</vAcc></extensions></trkpt>
      <trkpt lon="-123.270383" lat="44.566845"><ele>68.044502</ele><time>2020-12-16T00:54:11Z</time><extensions><speed>2.939118</speed><course>180.461334</course><hAcc>0.946195</hAcc><vAcc>0.695931</vAcc></extensions></trkpt>
      <trkpt lon="-123.270359" lat="44.566865"><ele>68.064453</ele><time>2020-12-16T00:54:12Z</time><extensions><speed>2.979544</speed><course>166.536957</course><hAcc>0.946430</hAcc><vAcc>0.696213</vAcc></extensions></trkpt>
      <trkpt lon="-123.270335" lat="44.566886"><ele>68.088364</ele><time>2020-12-16T00:54:13Z</time><extensions><speed>3.018873</speed><course>136.963715</course><hAcc>0.945821</hAcc><vAcc>0.695947</vAcc></extensions></trkpt>
      <trkpt lon="-123.270312" lat="44.566908"><ele>68.118584</ele><time>2020-12-16T00:54:14Z</time><extensions><speed>3.056703</speed><course>119.000587</course><hAcc>0.944398</hAcc><vAcc>0.695086</vAcc></extensions></trkpt>
      <trkpt lon="-123.270290" lat="44.566931"><ele>68.156776</ele><time>2020-12-16T00:54:15Z</time><extensions><speed>3.092738</speed><course>105.829887</course><hAcc>0.942378</hAcc><vAcc>0.693750</vAcc></extensions></trkpt>
      <trkpt lon="-123.270269" lat="44.566955"><ele>68.204018</ele><time>2020-12-16T00:54:16Z</time><extensions><speed>3.126957</speed><course>127.759743</course><hAcc>0.940034</hAcc><vAcc>0.692121</vAcc></extensions></trkpt>
      <trkpt lon="-123.270249" lat="44.566979"><ele>68.260925</ele><time>2020-12-16T00:54:17Z</time><extensions><speed>3.158726</speed><course>108.017120</course><hAcc>0.937620</hAcc><vAcc>0.690384</vAcc></extensions></trkpt>
      <trkpt lon="-123.270230" lat="44.567004"><ele>68.327881</ele><time>2020-12-16T00:54:18Z</time><extensions><speed>3.187526</speed><course>127.930283</course><hAcc>0.935330</hAcc><vAcc>0.688689</vAcc></extensions></trkpt>
      <trkpt lon="-123.270211" lat="44.567029"><ele>68.404282</ele><time>2020-12-16T00:54:19Z</time><extensions><speed>3.214315</speed><course>151.003036</course><hAcc>0.933292</hAcc><vAcc>0.687141</vAcc></extensions></trkpt>
      <trkpt lon="-123.270194" lat="44.567056"><ele>68.487785</ele><time>2020-12-16T00:54:20Z</time><extensions><speed>3.240310</speed><course>205.222900</course><hAcc>0.931568</hAcc><vAcc>0.685800</vAcc></extensions></trkpt>
      <trkpt lon="-123.270177" lat="44.567082"><ele>68.574715</ele><time>2020-12-16T00:54:21Z</time><extensions><speed>3.265317</speed><course>212.527908</course><hAcc>0.930174</hAcc><vAcc>0.684689</vAcc></extensions></trkpt>
      <trkpt lon="-123.270160" lat="44.567109"><ele>68.660690</ele><time>2020-12-16T00:54:22Z</time><extensions><speed>3.288866</speed><course>202.827469</course><hAcc>0.929090</hAcc><vAcc>0.683803</vAcc></extensions></trkpt>
      <trkpt lon="-123.270145" lat="44.567137"><ele>68.741409</ele><time>2020-12-16T00:54:23Z</time><extensions><speed>3.311283</speed><course>194.322556</course><hAcc>0.928278</hAcc><vAcc>0.683123</vAcc></extensions></trkpt>
      <trkpt lon="-123.270129" lat="44.567165"><ele>68.813202</ele><time>2020-12-16T00:54:24Z</time><extensions><speed>3.332647</speed><course>219.056519</course><hAcc>0.927697</hAcc><vAcc>0.682623</vAcc></extensions></trkpt>
      <trkpt lon="-123.270115" lat="44.567193"><ele>68.873169</ele><time>2020-12-16T00:54:25Z</time><extensions><speed>3.353100</speed><course>209.466431</course><hAcc>0.927306</hAcc><vAcc>0.682279</vAcc></extensions></trkpt>
      <trkpt lon="-123.270100" lat="44.567221"><ele>68.919670</ele><time>2020-12-16T00:54:26Z</time><extensions><speed>3.371962</speed><course>210.578140</course><hAcc>0.927072</hAcc><vAcc>0.682069</vAcc></extensions></trkpt>
      <trkpt lon="-123.270086" lat="44.567250"><ele>68.952690</ele><time>2020-12-16T00:54:27Z</time><extensions><speed>3.387573</speed><course>202.670120</course><hAcc>0.926972</hAcc><vAcc>0.681974</vAcc></extensions></trkpt>
      <trkpt lon="-123.270072" lat="44.567279"><ele>68.973534</ele><time>2020-12-16T00:54:28Z</time><extensions><speed>3.398340</speed><course>187.536926</course><hAcc>0.926995</hAcc><vAcc>0.681989</vAcc></extensions></trkpt>
      <trkpt lon="-123.270058" lat="44.567308"><ele>68.984314</ele><time>2020-12-16T00:54:29Z</time><extensions><speed>3.402730</speed><course>196.594711</course><hAcc>0.927144</hAcc><vAcc>0.682114</vAcc></extensions></trkpt>
      <trkpt lon="-123.270044" lat="44.567337"><ele>68.987503</ele><time>2020-12-16T00:54:30Z</time><extensions><speed>3.400267</speed><course>198.213242</course><hAcc>0.927432</hAcc><vAcc>0.682357</vAcc></extensions></trkpt>
      <trkpt lon="-123.270030" lat="44.567365"><ele>68.985596</ele><time>2020-12-16T00:54:31Z</time><extensions><speed>3.390870</speed><course>199.069733</course><hAcc>0.927887</hAcc><vAcc>0.682736</vAcc></extensions></trkpt>
      <trkpt lon="-123.270016" lat="44.567394"><ele>68.980461</ele><time>2020-12-16T00:54:32Z</time><extensions><speed>3.374152</speed><course>202.819763</course><hAcc>0.928543</hAcc><vAcc>0.683272</vAcc></extensions></trkpt>
      <trkpt lon="-123.270001" lat="44.567423"><ele>68.973007</ele><time>2020-12-16T00:54:33Z</time><extensions><speed>3.350126</speed><course>196.131943</course><hAcc>0.929443</hAcc><vAcc>0.683992</vAcc></extensions></trkpt>
      <trkpt lon="-123.269986" lat="44.567451"><ele>68.963242</ele><time>2020-12-16T00:54:34Z</time><extensions><speed>3.318860</speed><course>200.286255</course><hAcc>0.930620</hAcc><vAcc>0.684915</vAcc></extensions></trkpt>
      <trkpt lon="-123.269971" lat="44.567478"><ele>68.950203</ele><time>2020-12-16T00:54:35Z</time><extensions><speed>3.280422</speed><course>201.251785</course><hAcc>0.932098</hAcc><vAcc>0.686047</vAcc></extensions></trkpt>
      <trkpt lon="-123.269955" lat="44.567505"><ele>68.932175</ele><time>2020-12-16T00:54:36Z</time><extensions><speed>3.234889</speed><course>202.202698</course><hAcc>0.933867</hAcc><vAcc>0.687372</vAcc></extensions></trkpt>
      <trkpt lon="-123.269939" lat="44.567532"><ele>68.907127</ele><time>2020-12-16T00:54:37Z</time><extensions><speed>3.182108</speed><course>196.895386</course><hAcc>0.935883</hAcc><vAcc>0.688844</vAcc></extensions></trkpt>
      <trkpt lon="-123.269922" lat="44.567557"><ele>68.873390</ele><time>2020-12-16T00:54:38Z</time><extensions><speed>3.122634</speed><course>193.223190</course><hAcc>0.938049</hAcc><vAcc>0.690381</vAcc></extensions></trkpt>
      <trkpt lon="-123.269904" lat="44.567582"><ele>68.830460</ele><time>2020-12-16T00:54:39Z</time><extensions><speed>3.058227</speed><course>185.192734</course><hAcc>0.940215</hAcc><vAcc>0.691868</vAcc></extensions></trkpt>
      <trkpt lon="-123.269886" lat="44.567606"><ele>68.779572</ele><time>2020-12-16T00:54:40Z</time><extensions><speed>2.990776</speed><course>196.831329</course><hAcc>0.942188</hAcc><vAcc>0.693168</vAcc></extensions></trkpt>
      <trkpt lon="-123.269867" lat="44.567629"><ele>68.723518</ele><time>2020-12-16T00:54:41Z</time><extensions><speed>2.921801</speed><course>197.365341</course><hAcc>0.943763</hAcc><vAcc>0.694150</vAcc></extensions></trkpt>
      <trkpt lon="-123.269848" lat="44.567651"><ele>68.666183</ele><time>2020-12-16T00:54:42Z</time><extensions><speed>2.853261</speed><course>199.280273</course><hAcc>0.944791</hAcc><vAcc>0.694743</vAcc></extensions></trkpt>
      <trkpt lon="-123.269828" lat="44.567672"><ele>68.611801</ele><time>2020-12-16T00:54:43Z</time><extensions><speed>2.786965</speed><course>207.802399</course><hAcc>0.945291</hAcc><vAcc>0.695026</vAcc></extensions></trkpt>
      <trkpt lon="-123.269807" lat="44.567692"><ele>68.564697</ele><time>2020-12-16T00:54:44Z</time><extensions><speed>2.724642</speed><course>201.647430</course><hAcc>0.945631</hAcc><vAcc>0.695361</vAcc></extensions></trkpt>
      <trkpt lon="-123.269785" lat="44.567710"><ele>68.529213</ele><time>2020-12-16T00:54:45Z</time><extensions><speed>2.667852</speed><course>194.151199</course><hAcc>0.946807</hAcc><vAcc>0.696589</vAcc></extensions></trkpt>
      <trkpt lon="-123.269763" lat="44.567728"><ele>68.509209</ele><time>2020-12-16T00:54:46Z</time><extensions><speed>2.616919</speed><course>195.794388</course><hAcc>0.950804</hAcc><vAcc>0.700284</vAcc></extensions></trkpt>
      <trkpt lon="-123.269740" lat="44.567745"><ele>68.507111</ele><time>2020-12-16T00:54:47Z</time><extensions><speed>2.571946</speed><course>186.656586</course><hAcc>0.961012</hAcc><vAcc>0.709021</vAcc></extensions></trkpt>
      <trkpt lon="-123.269717" lat="44.567761"><ele>68.523376</ele><time>2020-12-16T00:54:48Z</time><extensions><speed>2.533506</speed><course>189.850922</course><hAcc>0.982566</hAcc><vAcc>0.726556</vAcc></extensions></trkpt>
      <trkpt lon="-123.269693" lat="44.567775"><ele>68.556587</ele><time>2020-12-16T00:54:49Z</time><extensions><speed>2.502320</speed><course>207.413498</course><hAcc>1.022343</hAcc><vAcc>0.757759</vAcc></extensions></trkpt>
      <trkpt lon="-123.269660" lat="44.567768"><ele>68.172806</ele><time>2020-12-16T00:54:50Z</time><extensions><speed>2.589158</speed><course>228.407959</course><hAcc>0.980915</hAcc><vAcc>0.725842</vAcc></extensions></trkpt>
      <trkpt lon="-123.269627" lat="44.567766"><ele>68.257004</ele><time>2020-12-16T00:54:51Z</time><extensions><speed>2.618452</speed><course>181.169235</course><hAcc>0.959902</hAcc><vAcc>0.708966</vAcc></extensions></trkpt>
      <trkpt lon="-123.269594" lat="44.567763"><ele>68.336769</ele><time>2020-12-16T00:54:52Z</time><extensions><speed>2.649463</speed><course>180.651520</course><hAcc>0.951528</hAcc><vAcc>0.701812</vAcc></extensions></trkpt>
      <trkpt lon="-123.269561" lat="44.567760"><ele>68.411278</ele><time>2020-12-16T00:54:53Z</time><extensions><speed>2.680137</speed><course>177.246353</course><hAcc>0.950003</hAcc><vAcc>0.700162</vAcc></extensions></trkpt>
      <trkpt lon="-123.269528" lat="44.567756"><ele>68.480492</ele><time>2020-12-16T00:54:54Z</time><extensions><speed>2.708834</speed><course>181.165649</course><hAcc>0.951522</hAcc><vAcc>0.701142</vAcc></extensions></trkpt>
      <trkpt lon="-123.269494" lat="44.567751"><ele>68.545006</ele><time>2020-12-16T00:54:55Z</time><extensions><speed>2.734805</speed><course>180.461334</course><hAcc>0.953892</hAcc><vAcc>0.703013</vAcc></extensions></trkpt>
      <trkpt lon="-123.269461" lat="44.567745"><ele>68.605598</ele><time>2020-12-16T00:54:56Z</time><extensions><speed>2.756939</speed><course>166.536957</course><hAcc>0.956034</hAcc><vAcc>0.704858</vAcc></extensions></trkpt>
      <trkpt lon="-123.269427" lat="44.567739"><ele>68.662582</ele><time>2020-12-16T00:54:57Z</time><extensions><speed>2.773722</speed><course>136.963715</course><hAcc>0.957555</hAcc><vAcc>0.706276</vAcc></extensions></trkpt>
      <trkpt lon="-123.269393" lat="44.567732"><ele>68.715904</ele><time>2020-12-16T00:54:58Z</time><extensions><speed>2.784022</speed><course>119.000587</course><hAcc>0.958423</hAcc><vAcc>0.707163</vAcc></extensions></trkpt>
      <trkpt lon="-123.269359" lat="44.567726"><ele>68.765366</ele><time>2020-12-16T00:54:59Z</time><extensions><speed>2.786958</speed><course>105.829887</course><hAcc>0.958743</hAcc><vAcc>0.707541</vAcc></extensions></trkpt>
      <trkpt lon="-123.269325" lat="44.567719"><ele>68.810692</ele><time>2020-12-16T00:55:00Z</time><extensions><speed>2.782564</speed><course>127.759743</course><hAcc>0.958629</hAcc><vAcc>0.707465</vAcc></extensions></trkpt>
      <trkpt lon="-123.269292" lat="44.567713"><ele>68.851837</ele><time>2020-12-16T00:55:01Z</time><extensions><speed>2.771883</speed><course>108.017120</course><hAcc>0.958133</hAcc><vAcc>0.706976</vAcc></extensions></trkpt>
      <trkpt lon="-123.269258" lat="44.567706"><ele>68.888954</ele><time>2020-12-16T00:55:02Z</time><extensions><speed>2.755615</speed><course>127.930283</course><hAcc>0.957245</hAcc><vAcc>0.706091</vAcc></extensions></trkpt>
      <trkpt lon="-123.269225" lat="44.567701"><ele>68.922577</ele><time>2020-12-16T00:55:03Z</time><extensions><speed>2.734251</speed><course>151.003036</course><hAcc>0.955943</hAcc><vAcc>0.704845</vAcc></extensions></trkpt>
      <trkpt lon="-123.269191" lat="44.567695"><ele>68.953529</ele><time>2020-12-16T00:55:04Z</time><extensions><speed>2.708269</speed><course>205.222900</course><hAcc>0.954312</hAcc><vAcc>0.703380</vAcc></extensions></trkpt>
      <trkpt lon="-123.269158" lat="44.567690"><ele>68.981949</ele><time>2020-12-16T00:55:05Z</time><extensions><speed>2.677573</speed><course>212.527908</course><hAcc>0.952746</hAcc><vAcc>0.702088</vAcc></extensions></trkpt>
      <trkpt lon="-123.269125" lat="44.567686"><ele>69.007347</ele><time>2020-12-16T00:55:06Z</time><extensions><speed>2.641788</speed><course>202.827469</course><hAcc>0.952230</hAcc><vAcc>0.701814</vAcc></extensions></trkpt>
      <trkpt lon="-123.269092" lat="44.567682"><ele>69.029160</ele><time>2020-12-16T00:55:07Z</time><extensions><speed>2.601282</speed><course>194.322556</course><hAcc>0.954719</hAcc><vAcc>0.704120</vAcc></extensions></trkpt>
      <trkpt lon="-123.269060" lat="44.567680"><ele>69.047256</ele><time>2020-12-16T00:55:08Z</time><extensions><speed>2.556992</speed><course>219.056519</course><hAcc>0.963569</hAcc><vAcc>0.711557</vAcc></extensions></trkpt>
      <trkpt lon="-123.269028" lat="44.567678"><ele>69.062340</ele><time>2020-12-16T00:55:09Z</time><extensions><speed>2.511127</speed><course>209.466431</course><hAcc>0.983885</hAcc><vAcc>0.727873</vAcc></extensions></trkpt>
      <trkpt lon="-123.268997" lat="44.567677"><ele>69.075508</ele><time>2020-12-16T00:55:10Z</time><extensions><speed>2.467576</speed><course>210.578140</course><hAcc>1.022540</hAcc><vAcc>0.757945</vAcc></extensions></trkpt>
      <trkpt lon="-123.268976" lat="44.567688"><ele>69.159035</ele><time>2020-12-16T00:55:11Z</time><extensions><speed>2.376906</speed><course>228.407959</course><hAcc>0.980829</hAcc><vAcc>0.725813</vAcc></extensions></trkpt>
      <trkpt lon="-123.268957" lat="44.567705"><ele>69.199409</ele><time>2020-12-16T00:55:12Z</time><extensions><speed>2.419204</speed><course>181.169235</course><hAcc>0.958669</hAcc><vAcc>0.707808</vAcc></extensions></trkpt>
      <trkpt lon="-123.268939" lat="44.567723"><ele>69.232040</ele><time>2020-12-16T00:55:13Z</time><extensions><speed>2.470681</speed><course>180.651520</course><hAcc>0.949090</hAcc><vAcc>0.699504</vAcc></extensions></trkpt>
      <trkpt lon="-123.268922" lat="44.567742"><ele>69.255127</ele><time>2020-12-16T00:55:14Z</time><extensions><speed>2.529434</speed><course>177.246353</course><hAcc>0.946272</hAcc><vAcc>0.696668</vAcc></extensions></trkpt>
      <trkpt lon="-123.268906" lat="44.567762"><ele>69.266632</ele><time>2020-12-16T00:55:15Z</time><extensions><speed>2.593040</speed><course>181.165649</course><hAcc>0.946366</hAcc><vAcc>0.696395</vAcc></extensions></trkpt>
      <trkpt lon="-123.268890" lat="44.567782"><ele>69.264809</ele><time>2020-12-16T00:55:16Z</time><extensions><speed>2.659294</speed><course>180.461334</course><hAcc>0.947130</hAcc><vAcc>0.696915</vAcc></extensions></trkpt>
      <trkpt lon="-123.268875" lat="44.567804"><ele>69.248901</ele><time>2020-12-16T00:55:17Z</time><extensions><speed>2.726729</speed><course>166.536957</course><hAcc>0.947455</hAcc><vAcc>0.697289</vAcc></extensions></trkpt>
      <trkpt lon="-123.268860" lat="44.567827"><ele>69.219116</ele><time>2020-12-16T00:55:18Z</time><extensions><speed>2.794749</speed><course>136.963715</course><hAcc>0.946947</hAcc><vAcc>0.697125</vAcc></extensions></trkpt>
      <trkpt lon="-123.268846" lat="44.567850"><ele>69.176544</ele><time>2020-12-16T00:55:19Z</time><extensions><speed>2.861514</speed><course>119.000587</course><hAcc>0.945615</hAcc><vAcc>0.696359</vAcc></extensions></trkpt>
      <trkpt lon="-123.268832" lat="44.567874"><ele>69.123352</ele><time>2020-12-16T00:55:20Z</time><extensions><speed>2.923148</speed><course>105.829887</course><hAcc>0.943665</hAcc><vAcc>0.695096</vAcc></extensions></trkpt>
      <trkpt lon="-123.268818" lat="44.567899"><ele>69.062416</ele><time>2020-12-16T00:55:21Z</time><extensions><speed>2.975404</speed><course>127.759743</course><hAcc>0.941359</hAcc><vAcc>0.693508</vAcc></extensions></trkpt>
      <trkpt lon="-123.268804" lat="44.567924"><ele>68.996834</ele><time>2020-12-16T00:55:22Z</time><extensions><speed>3.015652</speed><course>108.017120</course><hAcc>0.938945</hAcc><vAcc>0.691771</vAcc></extensions></trkpt>
      <trkpt lon="-123.268790" lat="44.567949"><ele>68.929291</ele><time>2020-12-16T00:55:23Z</time><extensions><speed>3.043552</speed><course>127.930283</course><hAcc>0.936616</hAcc><vAcc>0.690037</vAcc></extensions></trkpt>
      <trkpt lon="-123.268777" lat="44.567975"><ele>68.861969</ele><time>2020-12-16T00:55:24Z</time><extensions><speed>3.059664</speed><course>151.003036</course><hAcc>0.934502</hAcc><vAcc>0.688414</vAcc></extensions></trkpt>
      <trkpt lon="-123.268763" lat="44.568000"><ele>68.796753</ele><time>2020-12-16T00:55:25Z</time><extensions><speed>3.064621</speed><course>205.222900</course><hAcc>0.932674</hAcc><vAcc>0.686966</vAcc></extensions></trkpt>
      <trkpt lon="-123.268750" lat="44.568026"><ele>68.735199</ele><time>2020-12-16T00:55:26Z</time><extensions><speed>3.059669</speed><course>212.527908</course><hAcc>0.931156</hAcc><vAcc>0.685728</vAcc></extensions></trkpt>
      <trkpt lon="-123.268736" lat="44.568052"><ele>68.678284</ele><time>2020-12-16T00:55:27Z</time><extensions><speed>3.046027</speed><course>202.827469</course><hAcc>0.929936</hAcc><vAcc>0.684703</vAcc></extensions></trkpt>
      <trkpt lon="-123.268723" lat="44.568078"><ele>68.626152</ele><time>2020-12-16T00:55:28Z</time><extensions><speed>3.023815</speed><course>194.322556</course><hAcc>0.928985</hAcc><vAcc>0.683877</vAcc></extensions></trkpt>
      <trkpt lon="-123.268709" lat="44.568103"><ele>68.578468</ele><time>2020-12-16T00:55:29Z</time><extensions><speed>2.992579</speed><course>219.056519</course><hAcc>0.928261</hAcc><vAcc>0.683229</vAcc></extensions></trkpt>
      <trkpt lon="-123.268696" lat="44.568128"><ele>68.534973</ele><time>2020-12-16T00:55:30Z</time><extensions><speed>2.951412</speed><course>209.466431</course><hAcc>0.927723</hAcc><vAcc>0.682730</vAcc></extensions></trkpt>
      <trkpt lon="-123.268683" lat="44.568153"><ele>68.495667</ele><time>2020-12-16T00:55:31Z</time><extensions><speed>2.899662</speed><course>210.578140</course><hAcc>0.927331</hAcc><vAcc>0.682356</vAcc></extensions></trkpt>
      <trkpt lon="-123.268671" lat="44.568177"><ele>68.460693</ele><time>2020-12-16T00:55:32Z</time><extensions><speed>2.837425</speed><course>202.670120</course><hAcc>0.927052</hAcc><vAcc>0.682081</vAcc></extensions></trkpt>
      <trkpt lon="-123.268658" lat="44.568200"><ele>68.430595</ele><time>2020-12-16T00:55:33Z</time><extensions><speed>2.765740</speed><course>187.536926</course><hAcc>0.926859</hAcc><vAcc>0.681884</vAcc></extensions></trkpt>
      <trkpt lon="-123.268646" lat="44.568223"><ele>68.406326</ele><time>2020-12-16T00:55:34Z</time><extensions><speed>2.685900</speed><course>196.594711</course><hAcc>0.926725</hAcc><vAcc>0.681745</vAcc></extensions></trkpt>
      <trkpt lon="-123.268635" lat="44.568246"><ele>68.388680</ele><time>2020-12-16T00:55:35Z</time><extensions><speed>2.598805</speed><course>198.213242</course><hAcc>0.926633</hAcc><vAcc>0.681646</vAcc></extensions></trkpt>
      <trkpt lon="-123.268624" lat="44.568267"><ele>68.377754</ele><time>2020-12-16T00:55:36Z</time><extensions><speed>2.505658</speed><course>199.069733</course><hAcc>0.926564</hAcc><vAcc>0.681572</vAcc></extensions></trkpt>
      <trkpt lon="-123.268613" lat="44.568288"><ele>68.372673</ele><time>2020-12-16T00:55:37Z</time><extensions><speed>2.406509</speed><course>202.819763</course><hAcc>0.926506</hAcc><vAcc>0.681510</vAcc></extensions></trkpt>
      <trkpt lon="-123.268603" lat="44.568308"><ele>68.372040</ele><time>2020-12-16T00:55:38Z</time><extensions><speed>2.299758</speed><course>196.131943</course><hAcc>0.926452</hAcc><vAcc>0.681453</vAcc></extensions></trkpt>
      <trkpt lon="-123.268593" lat="44.568327"><ele>68.375008</ele><time>2020-12-16T00:55:39Z</time><extensions><speed>2.184381</speed><course>200.286255</course><hAcc>0.926401</hAcc><vAcc>0.681402</vAcc></extensions></trkpt>
      <trkpt lon="-123.268584" lat="44.568345"><ele>68.381783</ele><time>2020-12-16T00:55:40Z</time><extensions><speed>2.061291</speed><course>201.251785</course><hAcc>0.926359</hAcc><vAcc>0.681360</vAcc></extensions></trkpt>
      <trkpt lon="-123.268576" lat="44.568362"><ele>68.392731</ele><time>2020-12-16T00:55:41Z</time><extensions><speed>1.932250</speed><course>202.202698</course><hAcc>0.926332</hAcc><vAcc>0.681333</vAcc></extensions></trkpt>
      <trkpt lon="-123.268568" lat="44.568378"><ele>68.407875</ele><time>2020-12-16T00:55:42Z</time><extensions><speed>1.801494</speed><course>196.895386</course><hAcc>0.926320</hAcc><vAcc>0.681323</vAcc></extensions></trkpt>
      <trkpt lon="-123.268561" lat="44.568392"><ele>68.427246</ele><time>2020-12-16T00:55:43Z</time><extensions><speed>1.676574</speed><course>193.223190</course><hAcc>0.926324</hAcc><vAcc>0.681328</vAcc></extensions></trkpt>
      <trkpt lon="-123.268554" lat="44.568406"><ele>68.450508</ele><time>2020-12-16T00:55:44Z</time><extensions><speed>1.565655</speed><course>185.192734</course><hAcc>0.926339</hAcc><vAcc>0.681345</vAcc></extensions></trkpt>
      <trkpt lon="-123.268548" lat="44.568419"><ele>68.476456</ele><time>2020-12-16T00:55:45Z</time><extensions><speed>1.476949</speed><course>196.831329</course><hAcc>0.926361</hAcc><vAcc>0.681369</vAcc></extensions></trkpt>
      <trkpt lon="-123.268543" lat="44.568432"><ele>68.502892</ele><time>2020-12-16T00:55:46Z</time><extensions><speed>1.417973</speed><course>197.365341</course><hAcc>0.926388</hAcc><vAcc>0.681397</vAcc></extensions></trkpt>
      <trkpt lon="-123.268537" lat="44.568444"><ele>68.526825</ele><time>2020-12-16T00:55:47Z</time><extensions><speed>1.393854</speed><course>199.280273</course><hAcc>0.926416</hAcc><vAcc>0.681428</vAcc></extensions></trkpt>
      <trkpt lon="-123.268531" lat="44.568455"><ele>68.544785</ele><time>2020-12-16T00:55:48Z</time><extensions><speed>1.406928</speed><course>207.802399</course><hAcc>0.926447</hAcc><vAcc>0.681460</vAcc></extensions></trkpt>
      <trkpt lon="-123.268525" lat="44.568468"><ele>68.553459</ele><time>2020-12-16T00:55:49Z</time><extensions><speed>1.456918</speed><course>201.647430</course><hAcc>0.926480</hAcc><vAcc>0.681494</vAcc></extensions></trkpt>
      <trkpt lon="-123.268518" lat="44.568480"><ele>68.550278</ele><time>2020-12-16T00:55:50Z</time><extensions><speed>1.540756</speed><course>194.151199</course><hAcc>0.926515</hAcc><vAcc>0.681531</vAcc></extensions></trkpt>
      <trkpt lon="-123.268511" lat="44.568494"><ele>68.533806</ele><time>2020-12-16T00:55:51Z</time><extensions><speed>1.653108</speed><course>195.794388</course><hAcc>0.926551</hAcc><vAcc>0.681570</vAcc></extensions></trkpt>
      <trkpt lon="-123.268503" lat="44.568508"><ele>68.503899</ele><time>2020-12-16T00:55:52Z</time><extensions><speed>1.786942</speed><course>186.656586</course><hAcc>0.926591</hAcc><vAcc>0.681611</vAcc></extensions></trkpt>
      <trkpt lon="-123.268494" lat="44.568523"><ele>68.461876</ele><time>2020-12-16T00:55:53Z</time><extensions><speed>1.933078</speed><course>189.850922</course><hAcc>0.926635</hAcc><vAcc>0.681657</vAcc></extensions></trkpt>
      <trkpt lon="-123.268485" lat="44.568540"><ele>68.410141</ele><time>2020-12-16T00:55:54Z</time><extensions><speed>2.082084</speed><course>207.413498</course><hAcc>0.926682</hAcc><vAcc>0.681706</vAcc></extensions></trkpt>
      <trkpt lon="-123.268474" lat="44.568558"><ele>68.351501</ele><time>2020-12-16T00:55:55Z</time><extensions><speed>2.226612</speed><course>204.757538</course><hAcc>0.926732</hAcc><vAcc>0.681758</vAcc></extensions></trkpt>
      <trkpt lon="-123.268463" lat="44.568577"><ele>68.288795</ele><time>2020-12-16T00:55:56Z</time><extensions><speed>2.361503</speed><course>206.813416</course><hAcc>0.926785</hAcc><vAcc>0.681813</vAcc></extensions></trkpt>
      <trkpt lon="-123.268451" lat="44.568597"><ele>68.224800</ele><time>2020-12-16T00:55:57Z</time><extensions><speed>2.483985</speed><course>192.396255</course><hAcc>0.926838</hAcc><vAcc>0.681868</vAcc></extensions></trkpt>
      <trkpt lon="-123.268439" lat="44.568618"><ele>68.162170</ele><time>2020-12-16T00:55:58Z</time><extensions><speed>2.593111</speed><course>197.168304</course><hAcc>0.926892</hAcc><vAcc>0.681924</vAcc></extensions></trkpt>
      <trkpt lon="-123.268426" lat="44.568640"><ele>68.103302</ele><time>2020-12-16T00:55:59Z</time><extensions><speed>2.689402</speed><course>191.501495</course><hAcc>0.926944</hAcc><vAcc>0.681979</vAcc></extensions></trkpt>
      <trkpt lon="-123.268412" lat="44.568663"><ele>68.050049</ele><time>2020-12-16T00:56:00Z</time><extensions><speed>2.773952</speed><course>193.484879</course><hAcc>0.926994</hAcc><vAcc>0.682031</vAcc></extensions></trkpt>
      <trkpt lon="-123.268399" lat="44.568686"><ele>68.003677</ele><time>2020-12-16T00:56:01Z</time><extensions><speed>2.847929</speed><course>196.994720</course><hAcc>0.927043</hAcc><vAcc>0.682083</vAcc></extensions></trkpt>
      <trkpt lon="-123.268385" lat="44.568710"><ele>67.964958</ele><time>2020-12-16T00:56:02Z</time><extensions><speed>2.911892</speed><course>200.600067</course><hAcc>0.927091</hAcc><vAcc>0.682132</vAcc></extensions></trkpt>
      <trkpt lon="-123.268372" lat="44.568735"><ele>67.934532</ele><time>2020-12-16T00:56:03Z</time><extensions><speed>2.965582</speed><course>198.436539</course><hAcc>0.927136</hAcc><vAcc>0.682179</vAcc></extensions></trkpt>
      <trkpt lon="-123.268358" lat="44.568760"><ele>67.912498</ele><time>2020-12-16T00:56:04Z</time><extensions><speed>3.008637</speed><course>192.879364</course><hAcc>0.927180</hAcc><vAcc>0.682225</vAcc></extensions></trkpt>
      <trkpt lon="-123.268345" lat="44.568785"><ele>67.897758</ele><time>2020-12-16T00:56:05Z</time><extensions><speed>3.041609</speed><course>201.946960</course><hAcc>0.927221</hAcc><vAcc>0.682268</vAcc></extensions></trkpt>
      <trkpt lon="-123.268332" lat="44.568811"><ele>67.888603</ele><time>2020-12-16T00:56:06Z</time><extensions><speed>3.066113</speed><course>182.119858</course><hAcc>0.927259</hAcc><vAcc>0.682308</vAcc></extensions></trkpt>
      <trkpt lon="-123.268319" lat="44.568837"><ele>67.882835</ele><time>2020-12-16T00:56:07Z</time><extensions><speed>3.084416</speed><course>196.295090</course><hAcc>0.927292</hAcc><vAcc>0.682342</vAcc></extensions></trkpt>
      <trkpt lon="-123.268306" lat="44.568864"><ele>67.877670</ele><time>2020-12-16T00:56:08Z</time><extensions><speed>3.098540</speed><course>201.265747</course><hAcc>0.927319</hAcc><vAcc>0.682370</vAcc></extensions></trkpt>
      <trkpt lon="-123.268293" lat="44.568890"><ele>67.870880</ele><time>2020-12-16T00:56:09Z</time><extensions><speed>3.109416</speed><course>200.241653</course><hAcc>0.927341</hAcc><vAcc>0.682393</vAcc></extensions></trkpt>
      <trkpt lon="-123.268281" lat="44.568917"><ele>67.861259</ele><time>2020-12-16T00:56:10Z</time><extensions><speed>3.118358</speed><course>205.512634</course><hAcc>0.927358</hAcc><vAcc>0.682411</vAcc></extensions></trkpt>
      <trkpt lon="-123.268269" lat="44.568943"><ele>67.848198</ele><time>2020-12-16T00:56:11Z</time><extensions><speed>3.127288</speed><course>200.752853</course><hAcc>0.927373</hAcc><vAcc>0.682427</vAcc></extensions></trkpt>
      <trkpt lon="-123.268256" lat="44.568970"><ele>67.831200</ele><time>2020-12-16T00:56:12Z</time><extensions><speed>3.137785</speed><course>200.287506</course><hAcc>0.927385</hAcc><vAcc>0.682440</vAcc></extensions></trkpt>
      <trkpt lon="-123.268244" lat="44.568997"><ele>67.809258</ele><time>2020-12-16T00:56:13Z</time><extensions><speed>3.150736</speed><course>205.994064</course><hAcc>0.927395</hAcc><vAcc>0.682450</vAcc></extensions></trkpt>
      <trkpt lon="-123.268232" lat="44.569024"><ele>67.780647</ele><time>2020-12-16T00:56:14Z</time><extensions><speed>3.166638</speed><course>200.171295</course><hAcc>0.927401</hAcc><vAcc>0.682456</vAcc></extensions></trkpt>
      <trkpt lon="-123.268219" lat="44.569051"><ele>67.742996</ele><time>2020-12-16T00:56:15Z</time><extensions><speed>3.185920</speed><course>199.193375</course><hAcc>0.927401</hAcc><vAcc>0.682456</vAcc></extensions></trkpt>
      <trkpt lon="-123.268207" lat="44.569079"><ele>67.693336</ele><time>2020-12-16T00:56:16Z</time><extensions><speed>3.207927</speed><course>198.711853</course><hAcc>0.927396</hAcc><vAcc>0.682450</vAcc></extensions></trkpt>
      <trkpt lon="-123.268195" lat="44.569106"><ele>67.628372</ele><time>2020-12-16T00:56:17Z</time><extensions><speed>3.230675</speed><course>198.433380</course><hAcc>0.927382</hAcc><vAcc>0.682436</vAcc></extensions></trkpt>
      <trkpt lon="-123.268182" lat="44.569134"><ele>67.545273</ele><time>2020-12-16T00:56:18Z</time><extensions><speed>3.252520</speed><course>186.496796</course><hAcc>0.927357</hAcc><vAcc>0.682410</vAcc></extensions></trkpt>
      <trkpt lon="-123.268170" lat="44.569162"><ele>67.442642</ele><time>2020-12-16T00:56:19Z</time><extensions><speed>3.272403</speed><course>188.972534</course><hAcc>0.927321</hAcc><vAcc>0.682373</vAcc></extensions></trkpt>
      <trkpt lon="-123.268157" lat="44.569190"><ele>67.320496</ele><time>2020-12-16T00:56:20Z</time><extensions><speed>3.289725</speed><course>206.511810</course><hAcc>0.927276</hAcc><vAcc>0.682327</vAcc></extensions></trkpt>
      <trkpt lon="-123.268145" lat="44.569218"><ele>67.179977</ele><time>2020-12-16T00:56:21Z</time><extensions><speed>3.304898</speed><course>198.365051</course><hAcc>0.927225</hAcc><vAcc>0.682275</vAcc></extensions></trkpt>
      <trkpt lon="-123.268133" lat="44.569247"><ele>67.023697</ele><time>2020-12-16T00:56:22Z</time><extensions><speed>3.318365</speed><course>194.554016</course><hAcc>0.927173</hAcc><vAcc>0.682221</vAcc></extensions></trkpt>
      <trkpt lon="-123.268120" lat="44.569275"><ele>66.855927</ele><time>2020-12-16T00:56:23Z</time><extensions><speed>3.330604</speed><course>196.530319</course><hAcc>0.927124</hAcc><vAcc>0.682170</vAcc></extensions></trkpt>
      <trkpt lon="-123.268108" lat="44.569304"><ele>66.682114</ele><time>2020-12-16T00:56:24Z</time><extensions><speed>3.342603</speed><course>197.778198</course><hAcc>0.927081</hAcc><vAcc>0.682126</vAcc></extensions></trkpt>
      <trkpt lon="-123.268095" lat="44.569333"><ele>66.508698</ele><time>2020-12-16T00:56:25Z</time><extensions><speed>3.354106</speed><course>201.115982</course><hAcc>0.927048</hAcc><vAcc>0.682092</vAcc></extensions></trkpt>
      <trkpt lon="-123.268083" lat="44.569362"><ele>66.342537</ele><time>2020-12-16T00:56:26Z</time><extensions><speed>3.363866</speed><course>188.736481</course><hAcc>0.927026</hAcc><vAcc>0.682070</vAcc></extensions></trkpt>
      <trkpt lon="-123.268070" lat="44.569391"><ele>66.189110</ele><time>2020-12-16T00:56:27Z</time><extensions><speed>3.371085</speed><course>191.047333</course><hAcc>0.927017</hAcc><vAcc>0.682061</vAcc></extensions></trkpt>
      <trkpt lon="-123.268057" lat="44.569420"><ele>66.051636</ele><time>2020-12-16T00:56:28Z</time><extensions><speed>3.374902</speed><course>199.345947</course><hAcc>0.927022</hAcc><vAcc>0.682066</vAcc></extensions></trkpt>
      <trkpt lon="-123.268044" lat="44.569449"><ele>65.932274</ele><time>2020-12-16T00:56:29Z</time><extensions><speed>3.374228</speed><course>208.964233</course><hAcc>0.927043</hAcc><vAcc>0.682088</vAcc></extensions></trkpt>
      <trkpt lon="-123.268031" lat="44.569477"><ele>65.833160</ele><time>2020-12-16T00:56:30Z</time><extensions><speed>3.368695</speed><course>197.093628</course><hAcc>0.927081</hAcc><vAcc>0.682128</vAcc></extensions></trkpt>
      <trkpt lon="-123.268018" lat="44.569506"><ele>65.756050</ele><time>2020-12-16T00:56:31Z</time><extensions><speed>3.357656</speed><course>194.898514</course><hAcc>0.927137</hAcc><vAcc>0.682186</vAcc></extensions></trkpt>
      <trkpt lon="-123.268005" lat="44.569535"><ele>65.702003</ele><time>2020-12-16T00:56:32Z</time><extensions><speed>3.340456</speed><course>199.538986</course><hAcc>0.927212</hAcc><vAcc>0.682263</vAcc></extensions></trkpt>
      <trkpt lon="-123.267992" lat="44.569563"><ele>65.671730</ele><time>2020-12-16T00:56:33Z</time><extensions><speed>3.317154</speed><course>197.535797</course><hAcc>0.927300</hAcc><vAcc>0.682354</vAcc></extensions></trkpt>
      <trkpt lon="-123.267979" lat="44.569592"><ele>65.665237</ele><time>2020-12-16T00:56:34Z</time><extensions><speed>3.288275</speed><course>207.627167</course><hAcc>0.927395</hAcc><vAcc>0.682452</vAcc></extensions></trkpt>
      <trkpt lon="-123.267966" lat="44.569619"><ele>65.681129</ele><time>2020-12-16T00:56:35Z</time><extensions><speed>3.255521</speed><course>200.060623</course><hAcc>0.927487</hAcc><vAcc>0.682547</vAcc></extensions></trkpt>
      <trkpt lon="-123.267952" lat="44.569647"><ele>65.717056</ele><time>2020-12-16T00:56:36Z</time><extensions><speed>3.221186</speed><course>200.333908</course><hAcc>0.927566</hAcc><vAcc>0.682629</vAcc></extensions></trkpt>
      <trkpt lon="-123.267939" lat="44.569674"><ele>65.770309</ele><time>2020-12-16T00:56:37Z</time><extensions><speed>3.186653</speed><course>194.582474</course><hAcc>0.927626</hAcc><vAcc>0.682692</vAcc></extensions></trkpt>
      <trkpt lon="-123.267926" lat="44.569701"><ele>65.838257</ele><time>2020-12-16T00:56:38Z</time><extensions><speed>3.151814</speed><course>186.934814</course><hAcc>0.927665</hAcc><vAcc>0.682733</vAcc></extensions></trkpt>
      <trkpt lon="-123.267912" lat="44.569727"><ele>65.918907</ele><time>2020-12-16T00:56:39Z</time><extensions><speed>3.115879</speed><course>193.592453</course><hAcc>0.927686</hAcc><vAcc>0.682754</vAcc></extensions></trkpt>
      <trkpt lon="-123.267898" lat="44.569754"><ele>66.010780</ele><time>2020-12-16T00:56:40Z</time><extensions><speed>3.078815</speed><course>204.516876</course><hAcc>0.927693</hAcc><vAcc>0.682763</vAcc></extensions></trkpt>
      <trkpt lon="-123.267885" lat="44.569779"><ele>66.111954</ele><time>2020-12-16T00:56:41Z</time><extensions><speed>3.041271</speed><course>203.850876</course><hAcc>0.927692</hAcc><vAcc>0.682762</vAcc></extensions></trkpt>
      <trkpt lon="-123.267871" lat="44.569805"><ele>66.219658</ele><time>2020-12-16T00:56:42Z</time><extensions><speed>3.003685</speed><course>193.455780</course><hAcc>0.927686</hAcc><vAcc>0.682757</vAcc></extensions></trkpt>
      <trkpt lon="-123.267856" lat="44.569829"><ele>66.330544</ele><time>2020-12-16T00:56:43Z</time><extensions><speed>2.966092</speed><course>198.796356</course><hAcc>0.927678</hAcc><vAcc>0.682749</vAcc></extensions></trkpt>
      <trkpt lon="-123.267842" lat="44.569854"><ele>66.441078</ele><time>2020-12-16T00:56:44Z</time><extensions><speed>2.928609</speed><course>205.133240</course><hAcc>0.927668</hAcc><vAcc>0.682739</vAcc></extensions></trkpt>
      <trkpt lon="-123.267827" lat="44.569878"><ele>66.548355</ele><time>2020-12-16T00:56:45Z</time><extensions><speed>2.892326</speed><course>205.800964</course><hAcc>0.927660</hAcc><vAcc>0.682730</vAcc></extensions></trkpt>
      <trkpt lon="-123.267812" lat="44.569901"><ele>66.650551</ele><time>2020-12-16T00:56:46Z</time><extensions><speed>2.858564</speed><course>204.740570</course><hAcc>0.927653</hAcc><vAcc>0.682724</vAcc></extensions></trkpt>
      <trkpt lon="-123.267797" lat="44.569925"><ele>66.746857</ele><time>2020-12-16T00:56:47Z</time><extensions><speed>2.827338</speed><course>195.168915</course><hAcc>0.927649</hAcc><vAcc>0.682719</vAcc></extensions></trkpt>
      <trkpt lon="-123.267782" lat="44.569947"><ele>66.837341</ele><time>2020-12-16T00:56:48Z</time><extensions><speed>2.798367</speed><course>205.691681</course><hAcc>0.927644</hAcc><vAcc>0.682714</vAcc></extensions></trkpt>
      <trkpt lon="-123.267766" lat="44.569970"><ele>66.922745</ele><time>2020-12-16T00:56:49Z</time><extensions><speed>2.772468</speed><course>210.275787</course><hAcc>0.927637</hAcc><vAcc>0.682706</vAcc></extensions></trkpt>
      <trkpt lon="-123.267749" lat="44.569992"><ele>67.004402</ele><time>2020-12-16T00:56:50Z</time><extensions><speed>2.749761</speed><course>196.880341</course><hAcc>0.927623</hAcc><vAcc>0.682691</vAcc></extensions></trkpt>
      <trkpt lon="-123.267733" lat="44.570013"><ele>67.084084</ele><time>2020-12-16T00:56:51Z</time><extensions><speed>2.728624</speed><course>193.220123</course><hAcc>0.927599</hAcc><vAcc>0.682665</vAcc></extensions></trkpt>
      <trkpt lon="-123.267715" lat="44.570034"><ele>67.163857</ele><time>2020-12-16T00:56:52Z</time><extensions><speed>2.705731</speed><course>203.769318</course><hAcc>0.927560</hAcc><vAcc>0.682625</vAcc></extensions></trkpt>
      <trkpt lon="-123.267697" lat="44.570055"><ele>67.245705</ele><time>2020-12-16T00:56:53Z</time><extensions><speed>2.675970</speed><course>205.720001</course><hAcc>0.927508</hAcc><vAcc>0.682570</vAcc></extensions></trkpt>
      <trkpt lon="-123.267678" lat="44.570074"><ele>67.330666</ele><time>2020-12-16T00:56:54Z</time><extensions><speed>2.633095</speed><course>191.098373</course><hAcc>0.927442</hAcc><vAcc>0.682503</vAcc></extensions></trkpt>
      <trkpt lon="-123.267660" lat="44.570094"><ele>67.419075</ele><time>2020-12-16T00:56:55Z</time><extensions><speed>2.572415</speed><course>201.098389</course><hAcc>0.927368</hAcc><vAcc>0.682426</vAcc></extensions></trkpt>
      <trkpt lon="-123.267641" lat="44.570112"><ele>67.511894</ele><time>2020-12-16T00:56:56Z</time><extensions><speed>2.492446</speed><course>201.694397</course><hAcc>0.927291</hAcc><vAcc>0.682346</vAcc></extensions></trkpt>
      <trkpt lon="-123.267622" lat="44.570129"><ele>67.611168</ele><time>2020-12-16T00:56:57Z</time><extensions><speed>2.393919</speed><course>199.030945</course><hAcc>0.927217</hAcc><vAcc>0.682269</vAcc></extensions></trkpt>
      <trkpt lon="-123.267603" lat="44.570146"><ele>67.718803</ele><time>2020-12-16T00:56:58Z</time><extensions><speed>2.278271</speed><course>196.761139</course><hAcc>0.927149</hAcc><vAcc>0.682199</vAcc></extensions></trkpt>
      <trkpt lon="-123.267585" lat="44.570161"><ele>67.835754</ele><time>2020-12-16T00:56:59Z</time><extensions><speed>2.147632</speed><course>197.206741</course><hAcc>0.927092</hAcc><vAcc>0.682139</vAcc></extensions></trkpt>
      <trkpt lon="-123.267567" lat="44.570174"><ele>67.962311</ele><time>2020-12-16T00:57:00Z</time><extensions><speed>2.004645</speed><course>202.357346</course><hAcc>0.927044</hAcc><vAcc>0.682088</vAcc></extensions></trkpt>
      <trkpt lon="-123.267550" lat="44.570187"><ele>68.098152</ele><time>2020-12-16T00:57:01Z</time><extensions><speed>1.852169</speed><course>201.155884</course><hAcc>0.927004</hAcc><vAcc>0.682046</vAcc></extensions></trkpt>
      <trkpt lon="-123.267533" lat="44.570197"><ele>68.241806</ele><time>2020-12-16T00:57:02Z</time><extensions><speed>1.694337</speed><course>193.019150</course><hAcc>0.926968</hAcc><vAcc>0.682007</vAcc></extensions></trkpt>
      <trkpt lon="-123.267518" lat="44.570206"><ele>68.390762</ele><time>2020-12-16T00:57:03Z</time><extensions><speed>1.535393</speed><course>197.939194</course><hAcc>0.926931</hAcc><vAcc>0.681966</vAcc></extensions></trkpt>
      <trkpt lon="-123.267503" lat="44.570214"><ele>68.542076</ele><time>2020-12-16T00:57:04Z</time><extensions><speed>1.378653</speed><course>198.525146</course><hAcc>0.926885</hAcc><vAcc>0.681916</vAcc></extensions></trkpt>
      <trkpt lon="-123.267489" lat="44.570220"><ele>68.692947</ele><time>2020-12-16T00:57:05Z</time><extensions><speed>1.226084</speed><course>196.224564</course><hAcc>0.926821</hAcc><vAcc>0.681846</vAcc></extensions></trkpt>
      <trkpt lon="-123.267476" lat="44.570225"><ele>68.841064</ele><time>2020-12-16T00:57:06Z</time><extensions><speed>1.079217</speed><course>199.768036</course><hAcc>0.926728</hAcc><vAcc>0.681747</vAcc></extensions></trkpt>
      <trkpt lon="-123.267464" lat="44.570229"><ele>68.984306</ele><time>2020-12-16T00:57:07Z</time><extensions><speed>0.940426</speed><course>200.227356</course><hAcc>0.926598</hAcc><vAcc>0.681607</vAcc></extensions></trkpt>
      <trkpt lon="-123.267454" lat="44.570231"><ele>69.120308</ele><time>2020-12-16T00:57:08Z</time><extensions><speed>0.812851</speed><course>205.052841</course><hAcc>0.926416</hAcc><vAcc>0.681412</vAcc></extensions></trkpt>
      <trkpt lon="-123.267444" lat="44.570232"><ele>69.246422</ele><time>2020-12-16T00:57:09Z</time><extensions><speed>0.699928</speed><course>199.650818</course><hAcc>0.926167</hAcc><vAcc>0.681145</vAcc></extensions></trkpt>
      <trkpt lon="-123.267436" lat="44.570232"><ele>69.360100</ele><time>2020-12-16T00:57:10Z</time><extensions><speed>0.605252</speed><course>200.912704</course><hAcc>0.925827</hAcc><vAcc>0.680781</vAcc></extensions></trkpt>
      <trkpt lon="-123.267429" lat="44.570230"><ele>69.459373</ele><time>2020-12-16T00:57:11Z</time><extensions><speed>0.532264</speed><course>199.320969</course><hAcc>0.925363</hAcc><vAcc>0.680286</vAcc></extensions></trkpt>
      <trkpt lon="-123.267423" lat="44.570228"><ele>69.543205</ele><time>2020-12-16T00:57:12Z</time><extensions><speed>0.483451</speed><course>192.747452</course><hAcc>0.924730</hAcc><vAcc>0.679613</vAcc></extensions></trkpt>
      <trkpt lon="-123.267419" lat="44.570225"><ele>69.611801</ele><time>2020-12-16T00:57:13Z</time><extensions><speed>0.458862</speed><course>191.589478</course><hAcc>0.923873</hAcc><vAcc>0.678703</vAcc></extensions></trkpt>
      <trkpt lon="-123.267416" lat="44.570222"><ele>69.666252</ele><time>2020-12-16T00:57:14Z</time><extensions><speed>0.454486</speed><course>201.628342</course><hAcc>0.922724</hAcc><vAcc>0.677484</vAcc></extensions></trkpt>
      <trkpt lon="-123.267414" lat="44.570218"><ele>69.707909</ele><time>2020-12-16T00:57:15Z</time><extensions><speed>0.463016</speed><course>202.949097</course><hAcc>0.921203</hAcc><vAcc>0.675873</vAcc></extensions></trkpt>
      <trkpt lon="-123.267413" lat="44.570214"><ele>69.738167</ele><time>2020-12-16T00:57:16Z</time><extensions><speed>0.476141</speed><course>204.721741</course><hAcc>0.919226</hAcc><vAcc>0.673780</vAcc></extensions></trkpt>
      <trkpt lon="-123.267413" lat="44.570210"><ele>69.758453</ele><time>2020-12-16T00:57:17Z</time><extensions><speed>0.486342</speed><course>201.623886</course><hAcc>0.916705</hAcc><vAcc>0.671109</vAcc></extensions></trkpt>
      <trkpt lon="-123.267414" lat="44.570205"><ele>69.770103</ele><time>2020-12-16T00:57:18Z</time><extensions><speed>0.487963</speed><course>195.771088</course><hAcc>0.913558</hAcc><vAcc>0.667766</vAcc></extensions></trkpt>
      <trkpt lon="-123.267415" lat="44.570201"><ele>69.774139</ele><time>2020-12-16T00:57:19Z</time><extensions><speed>0.476900</speed><course>206.294907</course><hAcc>0.909720</hAcc><vAcc>0.663675</vAcc></extensions></trkpt>
      <trkpt lon="-123.267416" lat="44.570197"><ele>69.771027</ele><time>2020-12-16T00:57:20Z</time><extensions><speed>0.450183</speed><course>195.119202</course><hAcc>0.905156</hAcc><vAcc>0.658781</vAcc></extensions></trkpt>
      <trkpt lon="-123.267418" lat="44.570193"><ele>69.760651</ele><time>2020-12-16T00:57:21Z</time><extensions><speed>0.406954</speed><course>192.668015</course><hAcc>0.899867</hAcc><vAcc>0.653061</vAcc></extensions></trkpt>
      <trkpt lon="-123.267419" lat="44.570190"><ele>69.742592</ele><time>2020-12-16T00:57:22Z</time><extensions><speed>0.349775</speed><course>198.670517</course><hAcc>0.893904</hAcc><vAcc>0.646539</vAcc></extensions></trkpt>
      <trkpt lon="-123.267421" lat="44.570187"><ele>69.716965</ele><time>2020-12-16T00:57:23Z</time><extensions><speed>0.284589</speed><course>198.976166</course><hAcc>0.887409</hAcc><vAcc>0.639324</vAcc></extensions></trkpt>
      <trkpt lon="-123.267422" lat="44.570185"><ele>69.684624</ele><time>2020-12-16T00:57:24Z</time><extensions><speed>0.218169</speed><course>187.659882</course><hAcc>0.880647</hAcc><vAcc>0.631648</vAcc></extensions></trkpt>
      <trkpt lon="-123.267423" lat="44.570184"><ele>69.646965</ele><time>2020-12-16T00:57:25Z</time><extensions><speed>0.156900</speed><course>194.539413</course><hAcc>0.874027</hAcc><vAcc>0.623893</vAcc></extensions></trkpt>
      <trkpt lon="-123.267423" lat="44.570183"><ele>69.605659</ele><time>2020-12-16T00:57:26Z</time><extensions><speed>0.109170</speed><course>206.567413</course><hAcc>0.868088</hAcc><vAcc>0.616580</vAcc></extensions></trkpt>
      <trkpt lon="-123.267424" lat="44.570182"><ele>69.562424</ele><time>2020-12-16T00:57:27Z</time><extensions><speed>0.091767</speed><course>198.433945</course><hAcc>0.863403</hAcc><vAcc>0.610290</vAcc></extensions></trkpt>
      <trkpt lon="-123.267426" lat="44.570182"><ele>69.518684</ele><time>2020-12-16T00:57:28Z</time><extensions><speed>0.120903</speed><course>198.781387</course><hAcc>0.860438</hAcc><vAcc>0.605507</vAcc></extensions></trkpt>
      <trkpt lon="-123.267427" lat="44.570182"><ele>69.475456</ele><time>2020-12-16T00:57:29Z</time><extensions><speed>0.182804</speed><course>199.102402</course><hAcc>0.859402</hAcc><vAcc>0.602477</vAcc></extensions></trkpt>
      <trkpt lon="-123.267430" lat="44.570183"><ele>69.433411</ele><time>2020-12-16T00:57:30Z</time><extensions><speed>0.265176</speed><course>195.905029</course><hAcc>0.860210</hAcc><vAcc>0.601164</vAcc></extensions></trkpt>
      <trkpt lon="-123.267434" lat="44.570183"><ele>69.392754</ele><time>2020-12-16T00:57:31Z</time><extensions><speed>0.366770</speed><course>190.991241</course><hAcc>0.862551</hAcc><vAcc>0.601338</vAcc></extensions></trkpt>
      <trkpt lon="-123.267439" lat="44.570184"><ele>69.353180</ele><time>2020-12-16T00:57:32Z</time><extensions><speed>0.485258</speed><course>195.046173</course><hAcc>0.865960</hAcc><vAcc>0.602653</vAcc></extensions></trkpt>
      <trkpt lon="-123.267446" lat="44.570185"><ele>69.313957</ele><time>2020-12-16T00:57:33Z</time><extensions><speed>0.612820</speed><course>200.823685</course><hAcc>0.869880</hAcc><vAcc>0.604726</vAcc></extensions></trkpt>
      <trkpt lon="-123.267454" lat="44.570186"><ele>69.274376</ele><time>2020-12-16T00:57:34Z</time><extensions><speed>0.739004</speed><course>199.128204</course><hAcc>0.873731</hAcc><vAcc>0.607177</vAcc></extensions></trkpt>
      <trkpt lon="-123.267464" lat="44.570187"><ele>69.234192</ele><time>2020-12-16T00:57:35Z</time><extensions><speed>0.853243</speed><course>198.014832</course><hAcc>0.876930</hAcc><vAcc>0.609638</vAcc></extensions></trkpt>
      <trkpt lon="-123.267476" lat="44.570189"><ele>69.194000</ele><time>2020-12-16T00:57:36Z</time><extensions><speed>0.945496</speed><course>204.657867</course><hAcc>0.878959</hAcc><vAcc>0.611764</vAcc></extensions></trkpt>
      <trkpt lon="-123.267488" lat="44.570190"><ele>69.155182</ele><time>2020-12-16T00:57:37Z</time><extensions><speed>1.006423</speed><course>217.010574</course><hAcc>0.879558</hAcc><vAcc>0.613354</vAcc></extensions></trkpt>
      <trkpt lon="-123.267500" lat="44.570191"><ele>69.119591</ele><time>2020-12-16T00:57:38Z</time><extensions><speed>1.029853</speed><course>194.968628</course><hAcc>0.878920</hAcc><vAcc>0.614472</vAcc></extensions></trkpt>
      <trkpt lon="-123.267513" lat="44.570193"><ele>69.088882</ele><time>2020-12-16T00:57:39Z</time><extensions><speed>1.015045</speed><course>192.241440</course><hAcc>0.877568</hAcc><vAcc>0.615355</vAcc></extensions></trkpt>
      <trkpt lon="-123.267525" lat="44.570194"><ele>69.064041</ele><time>2020-12-16T00:57:40Z</time><extensions><speed>0.965461</speed><course>196.610428</course><hAcc>0.875997</hAcc><vAcc>0.616170</vAcc></extensions></trkpt>
      <trkpt lon="-123.267537" lat="44.570195"><ele>69.045311</ele><time>2020-12-16T00:57:41Z</time><extensions><speed>0.888716</speed><course>202.538879</course><hAcc>0.874467</hAcc><vAcc>0.616896</vAcc></extensions></trkpt>
      <trkpt lon="-123.267547" lat="44.570197"><ele>69.032425</ele><time>2020-12-16T00:57:42Z</time><extensions><speed>0.796440</speed><course>200.199219</course><hAcc>0.873030</hAcc><vAcc>0.617390</vAcc></extensions></trkpt>
      <trkpt lon="-123.267557" lat="44.570198"><ele>69.024780</ele><time>2020-12-16T00:57:43Z</time><extensions><speed>0.694647</speed><course>191.053223</course><hAcc>0.871624</hAcc><vAcc>0.617478</vAcc></extensions></trkpt>
      <trkpt lon="-123.267565" lat="44.570198"><ele>69.021584</ele><time>2020-12-16T00:57:44Z</time><extensions><speed>0.579843</speed><course>192.379410</course><hAcc>0.870162</hAcc><vAcc>0.617032</vAcc></extensions></trkpt>
      <trkpt lon="-123.267571" lat="44.570199"><ele>69.022079</ele><time>2020-12-16T00:57:45Z</time><extensions><speed>0.448778</speed><course>197.375092</course><hAcc>0.868611</hAcc><vAcc>0.616025</vAcc></extensions></trkpt>
      <trkpt lon="-123.267576" lat="44.570200"><ele>69.025803</ele><time>2020-12-16T00:57:46Z</time><extensions><speed>0.302816</speed><course>191.672775</course><hAcc>0.867050</hAcc><vAcc>0.614577</vAcc></extensions></trkpt>
      <trkpt lon="-123.267578" lat="44.570200"><ele>69.032516</ele><time>2020-12-16T00:57:47Z</time><extensions><speed>0.147432</speed><course>193.624222</course><hAcc>0.865685</hAcc><vAcc>0.612943</vAcc></extensions></trkpt>
      <trkpt lon="-123.267579" lat="44.570201"><ele>69.041840</ele><time>2020-12-16T00:57:48Z</time><extensions><speed>0.022086</speed><course>193.479538</course><hAcc>0.864771</hAcc><vAcc>0.611420</vAcc></extensions></trkpt>
      <trkpt lon="-123.267578" lat="44.570201"><ele>69.053040</ele><time>2020-12-16T00:57:49Z</time><extensions><speed>0.181082</speed><course>198.247833</course><hAcc>0.864529</hAcc><vAcc>0.610207</vAcc></extensions></trkpt>
      <trkpt lon="-123.267575" lat="44.570200"><ele>69.065125</ele><time>2020-12-16T00:57:50Z</time><extensions><speed>0.353999</speed><course>203.610138</course><hAcc>0.865124</hAcc><vAcc>0.609369</vAcc></extensions></trkpt>
      <trkpt lon="-123.267569" lat="44.570199"><ele>69.077141</ele><time>2020-12-16T00:57:51Z</time><extensions><speed>0.537975</speed><course>193.885712</course><hAcc>0.866732</hAcc><vAcc>0.608938</vAcc></extensions></trkpt>
      <trkpt lon="-123.267562" lat="44.570197"><ele>69.088310</ele><time>2020-12-16T00:57:52Z</time><extensions><speed>0.728628</speed><course>189.646042</course><hAcc>0.869638</hAcc><vAcc>0.609070</vAcc></extensions></trkpt>
      <trkpt lon="-123.267552" lat="44.570195"><ele>69.098145</ele><time>2020-12-16T00:57:53Z</time><extensions><speed>0.920356</speed><course>192.264175</course><hAcc>0.874237</hAcc><vAcc>0.610072</vAcc></extensions></trkpt>
      <trkpt lon="-123.267539" lat="44.570193"><ele>69.106438</ele><time>2020-12-16T00:57:54Z</time><extensions><speed>1.103793</speed><course>198.218735</course><hAcc>0.880928</hAcc><vAcc>0.612313</vAcc></extensions></trkpt>
      <trkpt lon="-123.267525" lat="44.570190"><ele>69.113098</ele><time>2020-12-16T00:57:55Z</time><extensions><speed>1.263621</speed><course>221.669327</course><hAcc>0.890002</hAcc><vAcc>0.616136</vAcc></extensions></trkpt>
      <trkpt lon="-123.267509" lat="44.570186"><ele>69.117950</ele><time>2020-12-16T00:57:56Z</time><extensions><speed>1.387282</speed><course>205.775467</course><hAcc>0.901643</hAcc><vAcc>0.621819</vAcc></extensions></trkpt>
      <trkpt lon="-123.267492" lat="44.570182"><ele>69.120506</ele><time>2020-12-16T00:57:57Z</time><extensions><speed>1.472201</speed><course>207.450821</course><hAcc>0.916045</hAcc><vAcc>0.629615</vAcc></extensions></trkpt>
      <trkpt lon="-123.267474" lat="44.570178"><ele>69.120293</ele><time>2020-12-16T00:57:58Z</time><extensions><speed>1.522465</speed><course>203.144638</course><hAcc>0.933373</hAcc><vAcc>0.639700</vAcc></extensions></trkpt>
      <trkpt lon="-123.267455" lat="44.570175"><ele>69.117279</ele><time>2020-12-16T00:57:59Z</time><extensions><speed>1.543498</speed><course>198.933456</course><hAcc>0.953543</hAcc><vAcc>0.652029</vAcc></extensions></trkpt>
      <trkpt lon="-123.267437" lat="44.570171"><ele>69.111771</ele><time>2020-12-16T00:58:00Z</time><extensions><speed>1.538880</speed><course>195.255875</course><hAcc>0.976205</hAcc><vAcc>0.666330</vAcc></extensions></trkpt>
      <trkpt lon="-123.267418" lat="44.570167"><ele>69.103996</ele><time>2020-12-16T00:58:01Z</time><extensions><speed>1.509518</speed><course>195.873062</course><hAcc>1.000893</hAcc><vAcc>0.682236</vAcc></extensions></trkpt>
      <trkpt lon="-123.267400" lat="44.570163"><ele>69.094254</ele><time>2020-12-16T00:58:02Z</time><extensions><speed>1.455128</speed><course>198.157089</course><hAcc>1.027175</hAcc><vAcc>0.699393</vAcc></extensions></trkpt>
      <trkpt lon="-123.267383" lat="44.570160"><ele>69.083076</ele><time>2020-12-16T00:58:03Z</time><extensions><speed>1.378375</speed><course>207.563141</course><hAcc>1.054698</hAcc><vAcc>0.717513</vAcc></extensions></trkpt>
      <trkpt lon="-123.267367" lat="44.570157"><ele>69.071136</ele><time>2020-12-16T00:58:04Z</time><extensions><speed>1.284157</speed><course>184.277771</course><hAcc>1.083180</hAcc><vAcc>0.736372</vAcc></extensions></trkpt>
      <trkpt lon="-123.267352" lat="44.570155"><ele>69.059174</ele><time>2020-12-16T00:58:05Z</time><extensions><speed>1.176341</speed><course>189.462341</course><hAcc>1.112451</hAcc><vAcc>0.755843</vAcc></extensions></trkpt>
      <trkpt lon="-123.267338" lat="44.570153"><ele>69.047890</ele><time>2020-12-16T00:58:06Z</time><extensions><speed>1.059540</speed><course>185.330933</course><hAcc>1.142523</hAcc><vAcc>0.775949</vAcc></extensions></trkpt>
      <trkpt lon="-123.267325" lat="44.570152"><ele>69.037743</ele><time>2020-12-16T00:58:07Z</time><extensions><speed>0.939272</speed><course>175.969360</course><hAcc>1.173602</hAcc><vAcc>0.796862</vAcc></extensions></trkpt>
      <trkpt lon="-123.267314" lat="44.570151"><ele>69.028885</ele><time>2020-12-16T00:58:08Z</time><extensions><speed>0.820181</speed><course>183.031113</course><hAcc>1.205902</hAcc><vAcc>0.818769</vAcc></extensions></trkpt>
      <trkpt lon="-123.267305" lat="44.570150"><ele>69.021362</ele><time>2020-12-16T00:58:09Z</time><extensions><speed>0.704467</speed><course>191.760742</course><hAcc>1.239305</hAcc><vAcc>0.841620</vAcc></extensions></trkpt>
      <trkpt lon="-123.267297" lat="44.570150"><ele>69.015152</ele><time>2020-12-16T00:58:10Z</time><extensions><speed>0.593554</speed><course>196.188187</course><hAcc>1.273169</hAcc><vAcc>0.864986</vAcc></extensions></trkpt>
      <trkpt lon="-123.267290" lat="44.570151"><ele>69.009995</ele><time>2020-12-16T00:58:11Z</time><extensions><speed>0.489543</speed><course>208.143448</course><hAcc>1.306377</hAcc><vAcc>0.888090</vAcc></extensions></trkpt>
      <trkpt lon="-123.267284" lat="44.570151"><ele>69.005516</ele><time>2020-12-16T00:58:12Z</time><extensions><speed>0.395032</speed><course>201.976028</course><hAcc>1.337509</hAcc><vAcc>0.909931</vAcc></extensions></trkpt>
      <trkpt lon="-123.267280" lat="44.570153"><ele>69.001366</ele><time>2020-12-16T00:58:13Z</time><extensions><speed>0.314274</speed><course>198.579056</course><hAcc>1.365050</hAcc><vAcc>0.929435</vAcc></extensions></trkpt>
      <trkpt lon="-123.267277" lat="44.570154"><ele>68.997238</ele><time>2020-12-16T00:58:14Z</time><extensions><speed>0.254696</speed><course>207.801300</course><hAcc>1.387595</hAcc><vAcc>0.945599</vAcc></extensions></trkpt>
      <trkpt lon="-123.267276" lat="44.570156"><ele>68.992874</ele><time>2020-12-16T00:58:15Z</time><extensions><speed>0.225737</speed><course>214.053680</course><hAcc>1.403982</hAcc><vAcc>0.957602</vAcc></extensions></trkpt>
      <trkpt lon="-123.267275" lat="44.570158"><ele>68.988060</ele><time>2020-12-16T00:58:16Z</time><extensions><speed>0.230778</speed><course>213.733963</course><hAcc>1.413292</hAcc><vAcc>0.964791</vAcc></extensions></trkpt>
      <trkpt lon="-123.267275" lat="44.570160"><ele>68.982674</ele><time>2020-12-16T00:58:17Z</time><extensions><speed>0.260372</speed><course>210.738098</course><hAcc>1.414742</hAcc><vAcc>0.966607</vAcc></extensions></trkpt>
      <trkpt lon="-123.267277" lat="44.570162"><ele>68.976631</ele><time>2020-12-16T00:58:18Z</time><extensions><speed>0.300465</speed><course>206.300461</course><hAcc>1.407650</hAcc><vAcc>0.962546</vAcc></extensions></trkpt>
      <trkpt lon="-123.267279" lat="44.570165"><ele>68.969910</ele><time>2020-12-16T00:58:19Z</time><extensions><speed>0.340563</speed><course>202.599731</course><hAcc>1.391521</hAcc><vAcc>0.952227</vAcc></extensions></trkpt>
      <trkpt lon="-123.267282" lat="44.570167"><ele>68.962494</ele><time>2020-12-16T00:58:20Z</time><extensions><speed>0.374226</speed><course>197.208603</course><hAcc>1.366173</hAcc><vAcc>0.935489</vAcc></extensions></trkpt>
      <trkpt lon="-123.267285" lat="44.570170"><ele>68.954361</ele><time>2020-12-16T00:58:21Z</time><extensions><speed>0.397709</speed><course>203.211685</course><hAcc>1.331833</hAcc><vAcc>0.912459</vAcc></extensions></trkpt>
      <trkpt lon="-123.267289" lat="44.570172"><ele>68.945541</ele><time>2020-12-16T00:58:22Z</time><extensions><speed>0.409628</speed><course>206.548401</course><hAcc>1.289231</hAcc><vAcc>0.883621</vAcc></extensions></trkpt>
      <trkpt lon="-123.267293" lat="44.570174"><ele>68.936195</ele><time>2020-12-16T00:58:23Z</time><extensions><speed>0.409265</speed><course>199.666870</course><hAcc>1.239696</hAcc><vAcc>0.849886</vAcc></extensions></trkpt>
      <trkpt lon="-123.267297" lat="44.570177"><ele>68.926552</ele><time>2020-12-16T00:58:24Z</time><extensions><speed>0.395753</speed><course>195.379929</course><hAcc>1.185284</hAcc><vAcc>0.812689</vAcc></extensions></trkpt>
      <trkpt lon="-123.267301" lat="44.570178"><ele>68.916908</ele><time>2020-12-16T00:58:25Z</time><extensions><speed>0.370464</speed><course>206.469131</course><hAcc>1.128840</hAcc><vAcc>0.774031</vAcc></extensions></trkpt>
      <trkpt lon="-123.267305" lat="44.570180"><ele>68.907623</ele><time>2020-12-16T00:58:26Z</time><extensions><speed>0.335625</speed><course>196.663696</course><hAcc>1.073783</hAcc><vAcc>0.736313</vAcc></extensions></trkpt>
      <trkpt lon="-123.267308" lat="44.570181"><ele>68.898964</ele><time>2020-12-16T00:58:27Z</time><extensions><speed>0.292574</speed><course>209.347580</course><hAcc>1.023483</hAcc><vAcc>0.701888</vAcc></extensions></trkpt>
      <trkpt lon="-123.267311" lat="44.570183"><ele>68.891090</ele><time>2020-12-16T00:58:28Z</time><extensions><speed>0.244351</speed><course>201.285172</course><hAcc>0.980410</hAcc><vAcc>0.672467</vAcc></extensions></trkpt>
      <trkpt lon="-123.267314" lat="44.570183"><ele>68.884087</ele><time>2020-12-16T00:58:29Z</time><extensions><speed>0.195263</speed><course>203.034027</course><hAcc>0.945684</hAcc><vAcc>0.648833</vAcc></extensions></trkpt>
      <trkpt lon="-123.267316" lat="44.570184"><ele>68.877876</ele><time>2020-12-16T00:58:30Z</time><extensions><speed>0.148942</speed><course>200.628265</course><hAcc>0.919250</hAcc><vAcc>0.630980</vAcc></extensions></trkpt>
      <trkpt lon="-123.267317" lat="44.570184"><ele>68.872307</ele><time>2020-12-16T00:58:31Z</time><extensions><speed>0.109151</speed><course>197.429932</course><hAcc>0.900287</hAcc><vAcc>0.618358</vAcc></extensions></trkpt>
      <trkpt lon="-123.267318" lat="44.570184"><ele>68.867210</ele><time>2020-12-16T00:58:32Z</time><extensions><speed>0.079279</speed><course>193.025009</course><hAcc>0.887396</hAcc><vAcc>0.610012</vAcc></extensions></trkpt>
      <trkpt lon="-123.267319" lat="44.570184"><ele>68.862625</ele><time>2020-12-16T00:58:33Z</time><extensions><speed>0.058784</speed><course>195.353729</course><hAcc>0.878887</hAcc><vAcc>0.604787</vAcc></extensions></trkpt>
      <trkpt lon="-123.267320" lat="44.570184"><ele>68.858963</ele><time>2020-12-16T00:58:34Z</time><extensions><speed>0.044637</speed><course>202.215546</course><hAcc>0.873267</hAcc><vAcc>0.601660</vAcc></extensions></trkpt>
      <trkpt lon="-123.267320" lat="44.570184"><ele>68.856956</ele><time>2020-12-16T00:58:35Z</time><extensions><speed>0.046343</speed><course>210.078690</course><hAcc>0.869422</hAcc><vAcc>0.599863</vAcc></extensions></trkpt>
      <trkpt lon="-123.267321" lat="44.570185"><ele>68.857483</ele><time>2020-12-16T00:58:36Z</time><extensions><speed>0.079664</speed><course>199.863953</course><hAcc>0.866485</hAcc><vAcc>0.598796</vAcc></extensions></trkpt>
      <trkpt lon="-123.267321" lat="44.570185"><ele>68.861053</ele><time>2020-12-16T00:58:37Z</time><extensions><speed>0.129766</speed><course>203.463150</course><hAcc>0.863783</hAcc><vAcc>0.597996</vAcc></extensions></trkpt>
      <trkpt lon="-123.267322" lat="44.570187"><ele>68.867668</ele><time>2020-12-16T00:58:38Z</time><extensions><speed>0.183672</speed><course>198.730148</course><hAcc>0.861022</hAcc><vAcc>0.597237</vAcc></extensions></trkpt>
      <trkpt lon="-123.267323" lat="44.570189"><ele>68.876808</ele><time>2020-12-16T00:58:39Z</time><extensions><speed>0.231765</speed><course>199.766876</course><hAcc>0.858335</hAcc><vAcc>0.596568</vAcc></extensions></trkpt>
      <trkpt lon="-123.267323" lat="44.570191"><ele>68.887512</ele><time>2020-12-16T00:58:40Z</time><extensions><speed>0.263704</speed><course>195.749954</course><hAcc>0.855955</hAcc><vAcc>0.596090</vAcc></extensions></trkpt>
      <trkpt lon="-123.267324" lat="44.570193"><ele>68.898552</ele><time>2020-12-16T00:58:41Z</time><extensions><speed>0.270633</speed><course>200.636017</course><hAcc>0.854034</hAcc><vAcc>0.595873</vAcc></extensions></trkpt>
      <trkpt lon="-123.267324" lat="44.570196"><ele>68.908676</ele><time>2020-12-16T00:58:42Z</time><extensions><speed>0.252810</speed><course>199.799698</course><hAcc>0.852690</hAcc><vAcc>0.596011</vAcc></extensions></trkpt>
      <trkpt lon="-123.267323" lat="44.570198"><ele>68.916878</ele><time>2020-12-16T00:58:43Z</time><extensions><speed>0.221156</speed><course>203.975311</course><hAcc>0.851976</hAcc><vAcc>0.596590</vAcc></extensions></trkpt>
      <trkpt lon="-123.267322" lat="44.570199"><ele>68.922684</ele><time>2020-12-16T00:58:44Z</time><extensions><speed>0.188272</speed><course>199.175598</course><hAcc>0.851888</hAcc><vAcc>0.597650</vAcc></extensions></trkpt>
      <trkpt lon="-123.267321" lat="44.570201"><ele>68.926315</ele><time>2020-12-16T00:58:45Z</time><extensions><speed>0.163514</speed><course>203.690918</course><hAcc>0.852361</hAcc><vAcc>0.599142</vAcc></extensions></trkpt>
      <trkpt lon="-123.267320" lat="44.570202"><ele>68.928413</ele><time>2020-12-16T00:58:46Z</time><extensions><speed>0.149733</speed><course>195.007507</course><hAcc>0.853256</hAcc><vAcc>0.600924</vAcc></extensions></trkpt>
      <trkpt lon="-123.267318" lat="44.570202"><ele>68.929695</ele><time>2020-12-16T00:58:47Z</time><extensions><speed>0.143386</speed><course>197.379303</course><hAcc>0.854376</hAcc><vAcc>0.602794</vAcc></extensions></trkpt>
      <trkpt lon="-123.267316" lat="44.570203"><ele>68.930702</ele><time>2020-12-16T00:58:48Z</time><extensions><speed>0.138953</speed><course>202.936020</course><hAcc>0.855494</hAcc><vAcc>0.604517</vAcc></extensions></trkpt>
      <trkpt lon="-123.267315" lat="44.570203"><ele>68.931801</ele><time>2020-12-16T00:58:49Z</time><extensions><speed>0.132486</speed><course>202.402252</course><hAcc>0.856412</hAcc><vAcc>0.605895</vAcc></extensions></trkpt>
      <trkpt lon="-123.267313" lat="44.570203"><ele>68.933220</ele><time>2020-12-16T00:58:50Z</time><extensions><speed>0.122147</speed><course>210.364548</course><hAcc>0.856991</hAcc><vAcc>0.606799</vAcc></extensions></trkpt>
      <trkpt lon="-123.267312" lat="44.570203"><ele>68.935089</ele><time>2020-12-16T00:58:51Z</time><extensions><speed>0.107529</speed><course>195.654144</course><hAcc>0.857167</hAcc><vAcc>0.607178</vAcc></extensions></trkpt>
      <trkpt lon="-123.267310" lat="44.570203"><ele>68.937538</ele><time>2020-12-16T00:58:52Z</time><extensions><speed>0.088994</speed><course>191.079483</course><hAcc>0.856967</hAcc><vAcc>0.607082</vAcc></extensions></trkpt>
      <trkpt lon="-123.267309" lat="44.570203"><ele>68.940750</ele><time>2020-12-16T00:58:53Z</time><extensions><speed>0.068433</speed><course>206.588272</course><hAcc>0.856544</hAcc><vAcc>0.606695</vAcc></extensions></trkpt>
      <trkpt lon="-123.267309" lat="44.570202"><ele>68.944809</ele><time>2020-12-16T00:58:54Z</time><extensions><speed>0.051211</speed><course>206.562729</course><hAcc>0.856161</hAcc><vAcc>0.606315</vAcc></extensions></trkpt>
      <trkpt lon="-123.267308" lat="44.570202"><ele>68.949692</ele><time>2020-12-16T00:58:55Z</time><extensions><speed>0.045524</speed><course>204.040985</course><hAcc>0.856131</hAcc><vAcc>0.606298</vAcc></extensions></trkpt>
      <trkpt lon="-123.267308" lat="44.570202"><ele>68.955284</ele><time>2020-12-16T00:58:56Z</time><extensions><speed>0.052340</speed><course>199.579681</course><hAcc>0.856751</hAcc><vAcc>0.606977</vAcc></extensions></trkpt>
      <trkpt lon="-123.267308" lat="44.570201"><ele>68.961380</ele><time>2020-12-16T00:58:57Z</time><extensions><speed>0.062969</speed><course>207.673599</course><hAcc>0.858242</hAcc><vAcc>0.608596</vAcc></extensions></trkpt>
      <trkpt lon="-123.267309" lat="44.570201"><ele>68.967728</ele><time>2020-12-16T00:58:58Z</time><extensions><speed>0.070508</speed><course>190.887924</course><hAcc>0.860735</hAcc><vAcc>0.611296</vAcc></extensions></trkpt>
      <trkpt lon="-123.267309" lat="44.570200"><ele>68.974121</ele><time>2020-12-16T00:58:59Z</time><extensions><speed>0.072560</speed><course>188.633057</course><hAcc>0.864253</hAcc><vAcc>0.615097</vAcc></extensions></trkpt>
      <trkpt lon="-123.267310" lat="44.570200"><ele>68.980347</ele><time>2020-12-16T00:59:00Z</time><extensions><speed>0.069698</speed><course>209.154373</course><hAcc>0.868711</hAcc><vAcc>0.619905</vAcc></extensions></trkpt>
      <trkpt lon="-123.267310" lat="44.570199"><ele>68.986198</ele><time>2020-12-16T00:59:01Z</time><extensions><speed>0.062638</speed><course>205.025482</course><hAcc>0.873939</hAcc><vAcc>0.625531</vAcc></extensions></trkpt>
      <trkpt lon="-123.267311" lat="44.570199"><ele>68.991516</ele><time>2020-12-16T00:59:02Z</time><extensions><speed>0.052212</speed><course>203.186127</course><hAcc>0.879651</hAcc><vAcc>0.631664</vAcc></extensions></trkpt>
      <trkpt lon="-123.267311" lat="44.570199"><ele>68.996101</ele><time>2020-12-16T00:59:03Z</time><extensions><speed>0.039220</speed><course>185.991241</course><hAcc>0.885448</hAcc><vAcc>0.637877</vAcc></extensions></trkpt>
      <trkpt lon="-123.267312" lat="44.570198"><ele>68.999817</ele><time>2020-12-16T00:59:04Z</time><extensions><speed>0.024421</speed><course>191.476257</course><hAcc>0.890949</hAcc><vAcc>0.643762</vAcc></extensions></trkpt>
      <trkpt lon="-123.267312" lat="44.570198"><ele>69.002563</ele><time>2020-12-16T00:59:05Z</time><extensions><speed>0.008960</speed><course>185.230698</course><hAcc>0.895875</hAcc><vAcc>0.649023</vAcc></extensions></trkpt>
      <trkpt lon="-123.267312" lat="44.570198"><ele>69.004265</ele><time>2020-12-16T00:59:06Z</time><extensions><speed>0.009959</speed><course>194.006577</course><hAcc>0.900055</hAcc><vAcc>0.653478</vAcc></extensions></trkpt>
      <trkpt lon="-123.267312" lat="44.570198"><ele>69.004890</ele><time>2020-12-16T00:59:07Z</time><extensions><speed>0.026151</speed><course>196.698212</course><hAcc>0.903403</hAcc><vAcc>0.657033</vAcc></extensions></trkpt>
      <trkpt lon="-123.267311" lat="44.570198"><ele>69.004440</ele><time>2020-12-16T00:59:08Z</time><extensions><speed>0.042201</speed><course>189.936676</course><hAcc>0.905887</hAcc><vAcc>0.659647</vAcc></extensions></trkpt>
      <trkpt lon="-123.267311" lat="44.570199"><ele>69.002930</ele><time>2020-12-16T00:59:09Z</time><extensions><speed>0.057005</speed><course>175.871399</course><hAcc>0.907509</hAcc><vAcc>0.661311</vAcc></extensions></trkpt>
      <trkpt lon="-123.267310" lat="44.570199"><ele>69.000443</ele><time>2020-12-16T00:59:10Z</time><extensions><speed>0.069732</speed><course>151.123825</course><hAcc>0.908284</hAcc><vAcc>0.662022</vAcc></extensions></trkpt>
      <trkpt lon="-123.267309" lat="44.570199"><ele>68.997093</ele><time>2020-12-16T00:59:11Z</time><extensions><speed>0.079482</speed><course>163.304916</course><hAcc>0.908230</hAcc><vAcc>0.661774</vAcc></extensions></trkpt>
      <trkpt lon="-123.267308" lat="44.570200"><ele>68.993080</ele><time>2020-12-16T00:59:12Z</time><extensions><speed>0.085231</speed><course>191.284103</course><hAcc>0.907364</hAcc><vAcc>0.660555</vAcc></extensions></trkpt>
      <trkpt lon="-123.267307" lat="44.570200"><ele>68.988693</ele><time>2020-12-16T00:59:13Z</time><extensions><speed>0.085819</speed><course>197.366394</course><hAcc>0.905714</hAcc><vAcc>0.658357</vAcc></extensions></trkpt>
      <trkpt lon="-123.267307" lat="44.570201"><ele>68.984253</ele><time>2020-12-16T00:59:14Z</time><extensions><speed>0.081455</speed><course>202.708740</course><hAcc>0.903330</hAcc><vAcc>0.655194</vAcc></extensions></trkpt>
      <trkpt lon="-123.267306" lat="44.570201"><ele>68.980011</ele><time>2020-12-16T00:59:15Z</time><extensions><speed>0.073808</speed><course>207.993820</course><hAcc>0.900309</hAcc><vAcc>0.651129</vAcc></extensions></trkpt>
      <trkpt lon="-123.267305" lat="44.570201"><ele>68.976059</ele><time>2020-12-16T00:59:16Z</time><extensions><speed>0.064456</speed><course>204.542328</course><hAcc>0.896817</hAcc><vAcc>0.646311</vAcc></extensions></trkpt>
      <trkpt lon="-123.267305" lat="44.570202"><ele>68.972420</ele><time>2020-12-16T00:59:17Z</time><extensions><speed>0.054618</speed><course>206.818604</course><hAcc>0.893107</hAcc><vAcc>0.641000</vAcc></extensions></trkpt>
      <trkpt lon="-123.267304" lat="44.570202"><ele>68.969055</ele><time>2020-12-16T00:59:18Z</time><extensions><speed>0.045743</speed><course>198.941986</course><hAcc>0.889499</hAcc><vAcc>0.635572</vAcc></extensions></trkpt>
      <trkpt lon="-123.267304" lat="44.570203"><ele>68.965919</ele><time>2020-12-16T00:59:19Z</time><extensions><speed>0.040020</speed><course>208.271103</course><hAcc>0.886317</hAcc><vAcc>0.630462</vAcc></extensions></trkpt>
      <trkpt lon="-123.267304" lat="44.570203"><ele>68.962967</ele><time>2020-12-16T00:59:20Z</time><extensions><speed>0.039359</speed><course>206.565796</course><hAcc>0.883779</hAcc><vAcc>0.626065</vAcc></extensions></trkpt>
      <trkpt lon="-123.267304" lat="44.570203"><ele>68.960136</ele><time>2020-12-16T00:59:21Z</time><extensions><speed>0.043529</speed><course>217.542496</course><hAcc>0.881867</hAcc><vAcc>0.622594</vAcc></extensions></trkpt>
      <trkpt lon="-123.267305" lat="44.570204"><ele>68.957397</ele><time>2020-12-16T00:59:22Z</time><extensions><speed>0.050224</speed><course>208.154770</course><hAcc>0.880276</hAcc><vAcc>0.619965</vAcc></extensions></trkpt>
      <trkpt lon="-123.267305" lat="44.570204"><ele>68.954720</ele><time>2020-12-16T00:59:23Z</time><extensions><speed>0.057151</speed><course>214.419464</course><hAcc>0.878664</hAcc><vAcc>0.617923</vAcc></extensions></trkpt>
      <trkpt lon="-123.267306" lat="44.570204"><ele>68.952118</ele><time>2020-12-16T00:59:24Z</time><extensions><speed>0.062693</speed><course>223.114532</course><hAcc>0.877015</hAcc><vAcc>0.616297</vAcc></extensions></trkpt>
      <trkpt lon="-123.267306" lat="44.570205"><ele>68.949615</ele><time>2020-12-16T00:59:25Z</time><extensions><speed>0.065466</speed><course>230.809158</course><hAcc>0.875602</hAcc><vAcc>0.615024</vAcc></extensions></trkpt>
      <trkpt lon="-123.267307" lat="44.570205"><ele>68.947250</ele><time>2020-12-16T00:59:26Z</time><extensions><speed>0.065155</speed><course>234.877472</course><hAcc>0.874743</hAcc><vAcc>0.614071</vAcc></extensions></trkpt>
      <trkpt lon="-123.267308" lat="44.570205"><ele>68.945076</ele><time>2020-12-16T00:59:27Z</time><extensions><speed>0.062494</speed><course>218.398605</course><hAcc>0.874739</hAcc><vAcc>0.613471</vAcc></extensions></trkpt>
      <trkpt lon="-123.267308" lat="44.570206"><ele>68.943115</ele><time>2020-12-16T00:59:28Z</time><extensions><speed>0.058150</speed><course>197.413757</course><hAcc>0.875892</hAcc><vAcc>0.613365</vAcc></extensions></trkpt>
      <trkpt lon="-123.267309" lat="44.570206"><ele>68.941391</ele><time>2020-12-16T00:59:29Z</time><extensions><speed>0.052707</speed><course>197.413757</course><hAcc>0.878455</hAcc><vAcc>0.613956</vAcc></extensions></trkpt>
      <trkpt lon="-123.267310" lat="44.570206"><ele>68.939911</ele><time>2020-12-16T00:59:30Z</time><extensions><speed>0.046672</speed><course>197.413757</course><hAcc>0.882528</hAcc><vAcc>0.615399</vAcc></extensions></trkpt>
      <trkpt lon="-123.267310" lat="44.570206"><ele>68.938675</ele><time>2020-12-16T00:59:31Z</time><extensions><speed>0.040455</speed><course>197.413757</course><hAcc>0.887951</hAcc><vAcc>0.617699</vAcc></extensions></trkpt>
      <trkpt lon="-123.267310" lat="44.570206"><ele>68.937683</ele><time>2020-12-16T00:59:32Z</time><extensions><speed>0.034365</speed><course>197.413757</course><hAcc>0.894296</hAcc><vAcc>0.620680</vAcc></extensions></trkpt>
      <trkpt lon="-123.267311" lat="44.570206"><ele>68.936913</ele><time>2020-12-16T00:59:33Z</time><extensions><speed>0.028611</speed><course>197.413757</course><hAcc>0.900981</hAcc><vAcc>0.624033</vAcc></extensions></trkpt>
      <trkpt lon="-123.267311" lat="44.570206"><ele>68.936333</ele><time>2020-12-16T00:59:34Z</time><extensions><speed>0.023317</speed><course>222.069260</course><hAcc>0.907507</hAcc><vAcc>0.627468</vAcc></extensions></trkpt>
      <trkpt lon="-123.267311" lat="44.570207"><ele>68.935936</ele><time>2020-12-16T00:59:35Z</time><extensions><speed>0.018550</speed><course>225.509277</course><hAcc>0.913702</hAcc><vAcc>0.630888</vAcc></extensions></trkpt>
      <trkpt lon="-123.267312" lat="44.570207"><ele>68.935677</ele><time>2020-12-16T00:59:36Z</time><extensions><speed>0.014345</speed><course>232.088837</course><hAcc>0.919693</hAcc><vAcc>0.634392</vAcc></extensions></trkpt>
      <trkpt lon="-123.267312" lat="44.570207"><ele>68.935547</ele><time>2020-12-16T00:59:37Z</time><extensions><speed>0.010717</speed><course>242.106842</course><hAcc>0.925566</hAcc><vAcc>0.638078</vAcc></extensions></trkpt>
      <trkpt lon="-123.267312" lat="44.570207"><ele>68.935509</ele><time>2020-12-16T00:59:38Z</time><extensions><speed>0.007658</speed><course>251.941483</course><hAcc>0.931211</hAcc><vAcc>0.641946</vAcc></extensions></trkpt>
      <trkpt lon="-123.267312" lat="44.570207"><ele>68.935547</ele><time>2020-12-16T00:59:39Z</time><extensions><speed>0.005146</speed><course>250.127853</course><hAcc>0.936457</hAcc><vAcc>0.645983</vAcc></extensions></trkpt>
      <trkpt lon="-123.267312" lat="44.570207"><ele>68.935646</ele><time>2020-12-16T00:59:40Z</time><extensions><speed>0.003179</speed><course>238.158676</course><hAcc>0.941320</hAcc><vAcc>0.650328</vAcc></extensions></trkpt>
      <trkpt lon="-123.267312" lat="44.570207"><ele>68.935791</ele><time>2020-12-16T00:59:41Z</time><extensions><speed>0.001866</speed><course>254.059448</course><hAcc>0.946540</hAcc><vAcc>0.655641</vAcc></extensions></trkpt>
      <trkpt lon="-123.267312" lat="44.570207"><ele>68.935959</ele><time>2020-12-16T00:59:42Z</time><extensions><speed>0.001535</speed><course>279.436584</course><hAcc>0.954360</hAcc><vAcc>0.663628</vAcc></extensions></trkpt>
      <trkpt lon="-123.267312" lat="44.570207"><ele>68.936157</ele><time>2020-12-16T00:59:43Z</time><extensions><speed>0.001966</speed><course>287.820496</course><hAcc>0.969263</hAcc><vAcc>0.677526</vAcc></extensions></trkpt>
      <trkpt lon="-123.267312" lat="44.570207"><ele>68.936363</ele><time>2020-12-16T00:59:44Z</time><extensions><speed>0.002486</speed><course>298.704193</course><hAcc>0.998415</hAcc><vAcc>0.702332</vAcc></extensions></trkpt>
      <trkpt lon="-123.267312" lat="44.570206"><ele>68.937782</ele><time>2020-12-16T00:59:45Z</time><extensions><speed>0.000000</speed><course>228.407959</course><hAcc>0.982375</hAcc><vAcc>0.686555</vAcc></extensions></trkpt>
      <trkpt lon="-123.267312" lat="44.570206"><ele>68.937782</ele><time>2020-12-16T00:59:46Z</time><extensions><speed>0.000000</speed><course>181.169235</course><hAcc>0.946708</hAcc><vAcc>0.666971</vAcc></extensions></trkpt>
      <trkpt lon="-123.267312" lat="44.570206"><ele>68.937782</ele><time>2020-12-16T00:59:47Z</time><extensions><speed>0.000000</speed><course>180.651520</course><hAcc>0.926972</hAcc><vAcc>0.657331</vAcc></extensions></trkpt>
      <trkpt lon="-123.267312" lat="44.570206"><ele>68.937782</ele><time>2020-12-16T00:59:48Z</time><extensions><speed>0.000000</speed><course>177.246353</course><hAcc>0.917245</hAcc><vAcc>0.653396</vAcc></extensions></trkpt>
      <trkpt lon="-123.267312" lat="44.570206"><ele>68.937782</ele><time>2020-12-16T00:59:49Z</time><extensions><speed>0.000000</speed><course>181.165649</course><hAcc>0.913150</hAcc><vAcc>0.652169</vAcc></extensions></trkpt>
      <trkpt lon="-123.267312" lat="44.570206"><ele>68.937782</ele><time>2020-12-16T00:59:50Z</time><extensions><speed>0.000000</speed><course>180.461334</course><hAcc>0.911810</hAcc><vAcc>0.651760</vAcc></extensions></trkpt>
      <trkpt lon="-123.267312" lat="44.570206"><ele>68.937782</ele><time>2020-12-16T00:59:51Z</time><extensions><speed>0.000000</speed><course>166.536957</course><hAcc>0.911568</hAcc><vAcc>0.651145</vAcc></extensions></trkpt>
      <trkpt lon="-123.267312" lat="44.570206"><ele>68.937782</ele><time>2020-12-16T00:59:52Z</time><extensions><speed>0.000000</speed><course>136.963715</course><hAcc>0.911661</hAcc><vAcc>0.649914</vAcc></extensions></trkpt>
      <trkpt lon="-123.267312" lat="44.570206"><ele>68.937782</ele><time>2020-12-16T00:59:53Z</time><extensions><speed>0.000000</speed><course>119.000587</course><hAcc>0.911917</hAcc><vAcc>0.648075</vAcc></extensions></trkpt>
      <trkpt lon="-123.267312" lat="44.570206"><ele>68.937782</ele><time>2020-12-16T00:59:54Z</time><extensions><speed>0.000000</speed><course>105.829887</course><hAcc>0.912544</hAcc><vAcc>0.645929</vAcc></extensions></trkpt>
      <trkpt lon="-123.267312" lat="44.570206"><ele>68.937782</ele><time>2020-12-16T00:59:55Z</time><extensions><speed>0.000000</speed><course>127.759743</course><hAcc>0.913956</hAcc><vAcc>0.643957</vAcc></extensions></trkpt>
      <trkpt lon="-123.267312" lat="44.570206"><ele>68.937782</ele><time>2020-12-16T00:59:56Z</time><extensions><speed>0.000000</speed><course>108.017120</course><hAcc>0.916614</hAcc><vAcc>0.642696</vAcc></extensions></trkpt>
      <trkpt lon="-123.267312" lat="44.570206"><ele>68.937782</ele><time>2020-12-16T00:59:57Z</time><extensions><speed>0.000000</speed><course>127.930283</course><hAcc>0.920920</hAcc><vAcc>0.642598</vAcc></extensions></trkpt>
      <trkpt lon="-123.267312" lat="44.570206"><ele>68.937782</ele><time>2020-12-16T00:59:58Z</time><extensions><speed>0.000000</speed><course>151.003036</course><hAcc>0.927370</hAcc><vAcc>0.644081</vAcc></extensions></trkpt>
      <trkpt lon="-123.267312" lat="44.570206"><ele>68.937782</ele><time>2020-12-16T00:59:59Z</time><extensions><speed>0.000000</speed><course>205.222900</course><hAcc>0.936791</hAcc><vAcc>0.647681</vAcc></extensions></trkpt>
      <trkpt lon="-123.267312" lat="44.570206"><ele>68.937782</ele><time>2020-12-16T01:00:00Z</time><extensions><speed>0.000000</speed><course>212.527908</course><hAcc>0.950422</hAcc><vAcc>0.654160</vAcc></extensions></trkpt>
      <trkpt lon="-123.267312" lat="44.570206"><ele>68.937782</ele><time>2020-12-16T01:00:01Z</time><extensions><speed>0.000000</speed><course>202.827469</course><hAcc>0.970117</hAcc><vAcc>0.664687</vAcc></extensions></trkpt>
      <trkpt lon="-123.267312" lat="44.570206"><ele>68.937782</ele><time>2020-12-16T01:00:02Z</time><extensions><speed>0.000000</speed><course>194.322556</course><hAcc>0.998855</hAcc><vAcc>0.681231</vAcc></extensions></trkpt>
      <trkpt lon="-123.267312" lat="44.570206"><ele>68.937782</ele><time>2020-12-16T01:00:03Z</time><extensions><speed>0.000000</speed><course>219.056519</course><hAcc>1.041114</hAcc><vAcc>0.706881</vAcc></extensions></trkpt>
      <trkpt lon="-123.267312" lat="44.570206"><ele>68.937782</ele><time>2020-12-16T01:00:04Z</time><extensions><speed>0.000000</speed><course>209.466431</course><hAcc>1.102724</hAcc><vAcc>0.745791</vAcc></extensions></trkpt>
      <trkpt lon="-123.267312" lat="44.570206"><ele>68.937782</ele><time>2020-12-16T01:00:05Z</time><extensions><speed>0.000000</speed><course>210.578140</course><hAcc>1.190097</hAcc><vAcc>0.802671</vAcc></extensions></trkpt>
      <trkpt lon="-123.267312" lat="44.570206"><ele>68.937782</ele><time>2020-12-16T01:00:06Z</time><extensions><speed>0.000000</speed><course>228.407959</course><hAcc>1.147962</hAcc><vAcc>0.774710</vAcc></extensions></trkpt>
      <trkpt lon="-123.267312" lat="44.570206"><ele>68.937782</ele><time>2020-12-16T01:00:07Z</time><extensions><speed>0.000000</speed><course>181.169235</course><hAcc>1.146878</hAcc><vAcc>0.775701</vAcc></extensions></trkpt>
      <trkpt lon="-123.267312" lat="44.570206"><ele>68.937782</ele><time>2020-12-16T01:00:08Z</time><extensions><speed>0.000000</speed><course>180.651520</course><hAcc>1.159961</hAcc><vAcc>0.786003</vAcc></extensions></trkpt>
      <trkpt lon="-123.267312" lat="44.570206"><ele>68.937782</ele><time>2020-12-16T01:00:09Z</time><extensions><speed>0.000000</speed><course>177.246353</course><hAcc>1.178972</hAcc><vAcc>0.799880</vAcc></extensions></trkpt>
      <trkpt lon="-123.267312" lat="44.570206"><ele>68.937782</ele><time>2020-12-16T01:00:10Z</time><extensions><speed>0.000000</speed><course>181.165649</course><hAcc>1.198077</hAcc><vAcc>0.813368</vAcc></extensions></trkpt>
      <trkpt lon="-123.267312" lat="44.570206"><ele>68.937782</ele><time>2020-12-16T01:00:11Z</time><extensions><speed>0.000000</speed><course>180.461334</course><hAcc>1.213495</hAcc><vAcc>0.823961</vAcc></extensions></trkpt>
      <trkpt lon="-123.267312" lat="44.570206"><ele>68.937782</ele><time>2020-12-16T01:00:12Z</time><extensions><speed>0.000000</speed><course>166.536957</course><hAcc>1.222991</hAcc><vAcc>0.830221</vAcc></extensions></trkpt>
      <trkpt lon="-123.267312" lat="44.570206"><ele>68.937782</ele><time>2020-12-16T01:00:13Z</time><extensions><speed>0.000000</speed><course>136.963715</course><hAcc>1.225488</hAcc><vAcc>0.831491</vAcc></extensions></trkpt>
      <trkpt lon="-123.267312" lat="44.570206"><ele>68.937782</ele><time>2020-12-16T01:00:14Z</time><extensions><speed>0.000000</speed><course>119.000587</course><hAcc>1.220808</hAcc><vAcc>0.827720</vAcc></extensions></trkpt>
      <trkpt lon="-123.267312" lat="44.570206"><ele>68.937782</ele><time>2020-12-16T01:00:15Z</time><extensions><speed>0.000000</speed><course>105.829887</course><hAcc>1.209564</hAcc><vAcc>0.819389</vAcc></extensions></trkpt>
      <trkpt lon="-123.267312" lat="44.570206"><ele>68.937782</ele><time>2020-12-16T01:00:16Z</time><extensions><speed>0.000000</speed><course>127.759743</course><hAcc>1.193153</hAcc><vAcc>0.807518</vAcc></extensions></trkpt>
      <trkpt lon="-123.267312" lat="44.570206"><ele>68.937782</ele><time>2020-12-16T01:00:17Z</time><extensions><speed>0.000000</speed><course>108.017120</course><hAcc>1.173703</hAcc><vAcc>0.793625</vAcc></extensions></trkpt>
      <trkpt lon="-123.267312" lat="44.570206"><ele>68.937782</ele><time>2020-12-16T01:00:18Z</time><extensions><speed>0.000000</speed><course>127.930283</course><hAcc>1.153794</hAcc><vAcc>0.779513</vAcc></extensions></trkpt>
      <trkpt lon="-123.267312" lat="44.570206"><ele>68.937782</ele><time>2020-12-16T01:00:19Z</time><extensions><speed>0.000000</speed><course>151.003036</course><hAcc>1.136172</hAcc><vAcc>0.767041</vAcc></extensions></trkpt>
      <trkpt lon="-123.267312" lat="44.570206"><ele>68.937782</ele><time>2020-12-16T01:00:20Z</time><extensions><speed>0.000000</speed><course>205.222900</course><hAcc>1.123743</hAcc><vAcc>0.758121</vAcc></extensions></trkpt>
      <trkpt lon="-123.267312" lat="44.570206"><ele>68.937782</ele><time>2020-12-16T01:00:21Z</time><extensions><speed>0.000000</speed><course>212.527908</course><hAcc>1.119731</hAcc><vAcc>0.754833</vAcc></extensions></trkpt>
      <trkpt lon="-123.267312" lat="44.570206"><ele>68.937782</ele><time>2020-12-16T01:00:22Z</time><extensions><speed>0.000000</speed><course>202.827469</course><hAcc>1.127835</hAcc><vAcc>0.759569</vAcc></extensions></trkpt>
      <trkpt lon="-123.267312" lat="44.570206"><ele>68.937782</ele><time>2020-12-16T01:00:23Z</time><extensions><speed>0.000000</speed><course>194.322556</course><hAcc>1.152282</hAcc><vAcc>0.775124</vAcc></extensions></trkpt>
      <trkpt lon="-123.267312" lat="44.570206"><ele>68.937782</ele><time>2020-12-16T01:00:24Z</time><extensions><speed>0.000000</speed><course>219.056519</course><hAcc>1.197706</hAcc><vAcc>0.804667</vAcc></extensions></trkpt>
      <trkpt lon="-123.267312" lat="44.570206"><ele>68.937782</ele><time>2020-12-16T01:00:25Z</time><extensions><speed>0.000000</speed><course>209.466431</course><hAcc>1.268806</hAcc><vAcc>0.851549</vAcc></extensions></trkpt>
      <trkpt lon="-123.267312" lat="44.570206"><ele>68.937782</ele><time>2020-12-16T01:00:26Z</time><extensions><speed>0.000000</speed><course>210.578140</course><hAcc>1.369896</hAcc><vAcc>0.918989</vAcc></extensions></trkpt>
      <trkpt lon="-123.267312" lat="44.570206"><ele>68.937782</ele><time>2020-12-16T01:00:27Z</time><extensions><speed>0.000000</speed><course>228.407959</course><hAcc>1.239206</hAcc><vAcc>0.835655</vAcc></extensions></trkpt>
      <trkpt lon="-123.267312" lat="44.570206"><ele>68.937782</ele><time>2020-12-16T01:00:28Z</time><extensions><speed>0.000000</speed><course>181.169235</course><hAcc>1.223093</hAcc><vAcc>0.827152</vAcc></extensions></trkpt>
      <trkpt lon="-123.267312" lat="44.570206"><ele>68.937782</ele><time>2020-12-16T01:00:29Z</time><extensions><speed>0.000000</speed><course>180.651520</course><hAcc>1.216486</hAcc><vAcc>0.824750</vAcc></extensions></trkpt>
      <trkpt lon="-123.267312" lat="44.570206"><ele>68.937782</ele><time>2020-12-16T01:00:30Z</time><extensions><speed>0.000000</speed><course>177.246353</course><hAcc>1.212737</hAcc><vAcc>0.823803</vAcc></extensions></trkpt>
      <trkpt lon="-123.267312" lat="44.570206"><ele>68.937782</ele><time>2020-12-16T01:00:31Z</time><extensions><speed>0.000000</speed><course>181.165649</course><hAcc>1.207159</hAcc><vAcc>0.821128</vAcc></extensions></trkpt>
      <trkpt lon="-123.267312" lat="44.570206"><ele>68.937782</ele><time>2020-12-16T01:00:32Z</time><extensions><speed>0.000000</speed><course>180.461334</course><hAcc>1.196909</hAcc><vAcc>0.814867</vAcc></extensions></trkpt>
      <trkpt lon="-123.267312" lat="44.570206"><ele>68.937782</ele><time>2020-12-16T01:00:33Z</time><extensions><speed>0.000000</speed><course>166.536957</course><hAcc>1.180695</hAcc><vAcc>0.804250</vAcc></extensions></trkpt>
      <trkpt lon="-123.267312" lat="44.570206"><ele>68.937782</ele><time>2020-12-16T01:00:34Z</time><extensions><speed>0.000000</speed><course>136.963715</course><hAcc>1.158401</hAcc><vAcc>0.789313</vAcc></extensions></trkpt>
      <trkpt lon="-123.267312" lat="44.570206"><ele>68.937782</ele><time>2020-12-16T01:00:35Z</time><extensions><speed>0.000000</speed><course>119.000587</course><hAcc>1.130815</hAcc><vAcc>0.770695</vAcc></extensions></trkpt>
      <trkpt lon="-123.267312" lat="44.570206"><ele>68.937782</ele><time>2020-12-16T01:00:36Z</time><extensions><speed>0.000000</speed><course>105.829887</course><hAcc>1.099648</hAcc><vAcc>0.749648</vAcc></extensions></trkpt>
      <trkpt lon="-123.267312" lat="44.570206"><ele>68.937782</ele><time>2020-12-16T01:00:37Z</time><extensions><speed>0.000000</speed><course>127.759743</course><hAcc>1.067590</hAcc><vAcc>0.728083</vAcc></extensions></trkpt>
      <trkpt lon="-123.267312" lat="44.570206"><ele>68.937782</ele><time>2020-12-16T01:00:38Z</time><extensions><speed>0.000000</speed><course>108.017120</course><hAcc>1.037960</hAcc><vAcc>0.708287</vAcc></extensions></trkpt>
      <trkpt lon="-123.267312" lat="44.570206"><ele>68.937782</ele><time>2020-12-16T01:00:39Z</time><extensions><speed>0.000000</speed><course>127.930283</course><hAcc>1.014118</hAcc><vAcc>0.692476</vAcc></extensions></trkpt>
      <trkpt lon="-123.267312" lat="44.570206"><ele>68.937782</ele><time>2020-12-16T01:00:40Z</time><extensions><speed>0.000000</speed><course>151.003036</course><hAcc>0.999144</hAcc><vAcc>0.682575</vAcc></extensions></trkpt>
      <trkpt lon="-123.267312" lat="44.570206"><ele>68.937782</ele><time>2020-12-16T01:00:41Z</time><extensions><speed>0.000000</speed><course>205.222900</course><hAcc>0.995919</hAcc><vAcc>0.680313</vAcc></extensions></trkpt>
      <trkpt lon="-123.267312" lat="44.570206"><ele>68.937782</ele><time>2020-12-16T01:00:42Z</time><extensions><speed>0.000000</speed><course>212.527908</course><hAcc>1.007340</hAcc><vAcc>0.687433</vAcc></extensions></trkpt>
      <trkpt lon="-123.267312" lat="44.570206"><ele>68.937782</ele><time>2020-12-16T01:00:43Z</time><extensions><speed>0.000000</speed><course>202.827469</course><hAcc>1.036493</hAcc><vAcc>0.705917</vAcc></extensions></trkpt>
      <trkpt lon="-123.267312" lat="44.570206"><ele>68.937782</ele><time>2020-12-16T01:00:44Z</time><extensions><speed>0.000000</speed><course>194.322556</course><hAcc>1.086644</hAcc><vAcc>0.738035</vAcc></extensions></trkpt>
      <trkpt lon="-123.267312" lat="44.570206"><ele>68.937782</ele><time>2020-12-16T01:00:45Z</time><extensions><speed>0.000000</speed><course>219.056519</course><hAcc>1.161108</hAcc><vAcc>0.786264</vAcc></extensions></trkpt>
      <trkpt lon="-123.267312" lat="44.570206"><ele>68.937782</ele><time>2020-12-16T01:00:46Z</time><extensions><speed>0.000000</speed><course>209.466431</course><hAcc>1.263133</hAcc><vAcc>0.853172</vAcc></extensions></trkpt>
      <trkpt lon="-123.267312" lat="44.570206"><ele>68.937782</ele><time>2020-12-16T01:00:47Z</time><extensions><speed>0.000000</speed><course>210.578140</course><hAcc>1.395653</hAcc><vAcc>0.941188</vAcc></extensions></trkpt>
      <trkpt lon="-123.267312" lat="44.570206"><ele>68.937782</ele><time>2020-12-16T01:00:48Z</time><extensions><speed>0.000000</speed><course>228.407959</course><hAcc>1.238396</hAcc><vAcc>0.839950</vAcc></extensions></trkpt>
      <trkpt lon="-123.267312" lat="44.570206"><ele>68.937782</ele><time>2020-12-16T01:00:49Z</time><extensions><speed>0.000000</speed><course>181.169235</course><hAcc>1.242396</hAcc><vAcc>0.844249</vAcc></extensions></trkpt>
      <trkpt lon="-123.267312" lat="44.570206"><ele>68.937782</ele><time>2020-12-16T01:00:50Z</time><extensions><speed>0.000000</speed><course>180.651520</course><hAcc>1.252127</hAcc><vAcc>0.852133</vAcc></extensions></trkpt>
      <trkpt lon="-123.267312" lat="44.570206"><ele>68.937782</ele><time>2020-12-16T01:00:51Z</time><extensions><speed>0.000000</speed><course>177.246353</course><hAcc>1.260780</hAcc><vAcc>0.858831</vAcc></extensions></trkpt>
      <trkpt lon="-123.267312" lat="44.570206"><ele>68.937782</ele><time>2020-12-16T01:00:52Z</time><extensions><speed>0.000000</speed><course>181.165649</course><hAcc>1.263900</hAcc><vAcc>0.861288</vAcc></extensions></trkpt>
      <trkpt lon="-123.267312" lat="44.570206"><ele>68.937782</ele><time>2020-12-16T01:00:53Z</time><extensions><speed>0.000000</speed><course>180.461334</course><hAcc>1.258988</hAcc><vAcc>0.857843</vAcc></extensions></trkpt>
      <trkpt lon="-123.267312" lat="44.570206"><ele>68.937782</ele><time>2020-12-16T01:00:54Z</time><extensions><speed>0.000000</speed><course>166.536957</course><hAcc>1.245107</hAcc><vAcc>0.847945</vAcc></extensions></trkpt>
      <trkpt lon="-123.267312" lat="44.570206"><ele>68.937782</ele><time>2020-12-16T01:00:55Z</time><extensions><speed>0.000000</speed><course>136.963715</course><hAcc>1.222632</hAcc><vAcc>0.831975</vAcc></extensions></trkpt>
      <trkpt lon="-123.267312" lat="44.570206"><ele>68.937782</ele><time>2020-12-16T01:00:56Z</time><extensions><speed>0.000000</speed><course>119.000587</course><hAcc>1.193006</hAcc><vAcc>0.811075</vAcc></extensions></trkpt>
      <trkpt lon="-123.267312" lat="44.570206"><ele>68.937782</ele><time>2020-12-16T01:00:57Z</time><extensions><speed>0.000000</speed><course>105.829887</course><hAcc>1.158389</hAcc><vAcc>0.786898</vAcc></extensions></trkpt>
      <trkpt lon="-123.267312" lat="44.570206"><ele>68.937782</ele><time>2020-12-16T01:00:58Z</time><extensions><speed>0.000000</speed><course>127.759743</course><hAcc>1.121211</hAcc><vAcc>0.761276</vAcc></extensions></trkpt>
      <trkpt lon="-123.267312" lat="44.570206"><ele>68.937782</ele><time>2020-12-16T01:00:59Z</time><extensions><speed>0.000000</speed><course>108.017120</course><hAcc>1.083739</hAcc><vAcc>0.735893</vAcc></extensions></trkpt>
      <trkpt lon="-123.267312" lat="44.570206"><ele>68.937782</ele><time>2020-12-16T01:01:00Z</time><extensions><speed>0.000000</speed><course>127.930283</course><hAcc>1.047874</hAcc><vAcc>0.712127</vAcc></extensions></trkpt>
      <trkpt lon="-123.267312" lat="44.570206"><ele>68.937782</ele><time>2020-12-16T01:01:01Z</time><extensions><speed>0.000000</speed><course>151.003036</course><hAcc>1.015058</hAcc><vAcc>0.690979</vAcc></extensions></trkpt>
      <trkpt lon="-123.267312" lat="44.570206"><ele>68.937782</ele><time>2020-12-16T01:01:02Z</time><extensions><speed>0.000000</speed><course>205.222900</course><hAcc>0.986202</hAcc><vAcc>0.673014</vAcc></extensions></trkpt>
      <trkpt lon="-123.267312" lat="44.570206"><ele>68.937782</ele><time>2020-12-16T01:01:03Z</time><extensions><speed>0.000000</speed><course>212.527908</course><hAcc>0.961863</hAcc><vAcc>0.658490</vAcc></extensions></trkpt>
      <trkpt lon="-123.267312" lat="44.570206"><ele>68.937782</ele><time>2020-12-16T01:01:04Z</time><extensions><speed>0.000000</speed><course>202.827469</course><hAcc>0.942664</hAcc><vAcc>0.647677</vAcc></extensions></trkpt>
      <trkpt lon="-123.267312" lat="44.570206"><ele>68.937782</ele><time>2020-12-16T01:01:05Z</time><extensions><speed>0.000000</speed><course>194.322556</course><hAcc>0.929853</hAcc><vAcc>0.641276</vAcc></extensions></trkpt>
      <trkpt lon="-123.267312" lat="44.570206"><ele>68.937782</ele><time>2020-12-16T01:01:06Z</time><extensions><speed>0.000000</speed><course>219.056519</course><hAcc>0.925944</hAcc><vAcc>0.640882</vAcc></extensions></trkpt>
      <trkpt lon="-123.267312" lat="44.570206"><ele>68.937782</ele><time>2020-12-16T01:01:07Z</time><extensions><speed>0.000000</speed><course>209.466431</course><hAcc>0.935312</hAcc><vAcc>0.649388</vAcc></extensions></trkpt>
      <trkpt lon="-123.267312" lat="44.570206"><ele>68.937782</ele><time>2020-12-16T01:01:08Z</time><extensions><speed>0.000000</speed><course>210.578140</course><hAcc>0.964415</hAcc><vAcc>0.671152</vAcc></extensions></trkpt>
      <trkpt lon="-123.267312" lat="44.570206"><ele>68.937660</ele><time>2020-12-16T01:01:09Z</time><extensions><speed>0.001219</speed><course>228.407959</course><hAcc>0.936208</hAcc><vAcc>0.651605</vAcc></extensions></trkpt>
      <trkpt lon="-123.267312" lat="44.570206"><ele>68.937683</ele><time>2020-12-16T01:01:10Z</time><extensions><speed>0.001239</speed><course>181.169235</course><hAcc>0.923067</hAcc><vAcc>0.643194</vAcc></extensions></trkpt>
      <trkpt lon="-123.267312" lat="44.570206"><ele>68.937721</ele><time>2020-12-16T01:01:11Z</time><extensions><speed>0.001248</speed><course>180.651520</course><hAcc>0.921718</hAcc><vAcc>0.642519</vAcc></extensions></trkpt>
      <trkpt lon="-123.267312" lat="44.570206"><ele>68.937767</ele><time>2020-12-16T01:01:12Z</time><extensions><speed>0.001238</speed><course>177.246353</course><hAcc>0.926020</hAcc><vAcc>0.645438</vAcc></extensions></trkpt>
      <trkpt lon="-123.267312" lat="44.570206"><ele>68.937828</ele><time>2020-12-16T01:01:13Z</time><extensions><speed>0.001201</speed><course>181.165649</course><hAcc>0.931797</hAcc><vAcc>0.649254</vAcc></extensions></trkpt>
      <trkpt lon="-123.267312" lat="44.570206"><ele>68.937912</ele><time>2020-12-16T01:01:14Z</time><extensions><speed>0.001130</speed><course>180.461334</course><hAcc>0.936346</hAcc><vAcc>0.652299</vAcc></extensions></trkpt>
      <trkpt lon="-123.267312" lat="44.570206"><ele>68.938019</ele><time>2020-12-16T01:01:15Z</time><extensions><speed>0.001033</speed><course>166.536957</course><hAcc>0.938042</hAcc><vAcc>0.653592</vAcc></extensions></trkpt>
      <trkpt lon="-123.267312" lat="44.570206"><ele>68.938141</ele><time>2020-12-16T01:01:16Z</time><extensions><speed>0.000944</speed><course>136.963715</course><hAcc>0.936267</hAcc><vAcc>0.652764</vAcc></extensions></trkpt>
      <trkpt lon="-123.267312" lat="44.570206"><ele>68.938293</ele><time>2020-12-16T01:01:17Z</time><extensions><speed>0.000943</speed><course>119.000587</course><hAcc>0.931450</hAcc><vAcc>0.650096</vAcc></extensions></trkpt>
      <trkpt lon="-123.267312" lat="44.570206"><ele>68.938454</ele><time>2020-12-16T01:01:18Z</time><extensions><speed>0.001132</speed><course>105.829887</course><hAcc>0.924761</hAcc><vAcc>0.646314</vAcc></extensions></trkpt>
      <trkpt lon="-123.267312" lat="44.570206"><ele>68.938637</ele><time>2020-12-16T01:01:19Z</time><extensions><speed>0.001553</speed><course>127.759743</course><hAcc>0.917497</hAcc><vAcc>0.642191</vAcc></extensions></trkpt>
      <trkpt lon="-123.267312" lat="44.570207"><ele>68.938835</ele><time>2020-12-16T01:01:20Z</time><extensions><speed>0.002193</speed><course>108.017120</course><hAcc>0.910707</hAcc><vAcc>0.638325</vAcc></extensions></trkpt>
      <trkpt lon="-123.267312" lat="44.570207"><ele>68.939026</ele><time>2020-12-16T01:01:21Z</time><extensions><speed>0.003039</speed><course>127.930283</course><hAcc>0.905113</hAcc><vAcc>0.635120</vAcc></extensions></trkpt>
      <trkpt lon="-123.267312" lat="44.570207"><ele>68.939217</ele><time>2020-12-16T01:01:22Z</time><extensions><speed>0.004089</speed><course>151.003036</course><hAcc>0.901107</hAcc><vAcc>0.632786</vAcc></extensions></trkpt>
      <trkpt lon="-123.267312" lat="44.570207"><ele>68.939384</ele><time>2020-12-16T01:01:23Z</time><extensions><speed>0.005346</speed><course>205.222900</course><hAcc>0.898766</hAcc><vAcc>0.631363</vAcc></extensions></trkpt>
      <trkpt lon="-123.267312" lat="44.570207"><ele>68.939522</ele><time>2020-12-16T01:01:24Z</time><extensions><speed>0.006811</speed><course>212.527908</course><hAcc>0.897905</hAcc><vAcc>0.630748</vAcc></extensions></trkpt>
      <trkpt lon="-123.267312" lat="44.570207"><ele>68.939606</ele><time>2020-12-16T01:01:25Z</time><extensions><speed>0.008478</speed><course>202.827469</course><hAcc>0.898131</hAcc><vAcc>0.630736</vAcc></extensions></trkpt>
      <trkpt lon="-123.267312" lat="44.570207"><ele>68.939621</ele><time>2020-12-16T01:01:26Z</time><extensions><speed>0.010332</speed><course>194.322556</course><hAcc>0.898915</hAcc><vAcc>0.631057</vAcc></extensions></trkpt>
      <trkpt lon="-123.267312" lat="44.570207"><ele>68.939537</ele><time>2020-12-16T01:01:27Z</time><extensions><speed>0.012342</speed><course>219.056519</course><hAcc>0.899684</hAcc><vAcc>0.631411</vAcc></extensions></trkpt>
      <trkpt lon="-123.267312" lat="44.570207"><ele>68.939331</ele><time>2020-12-16T01:01:28Z</time><extensions><speed>0.014464</speed><course>209.466431</course><hAcc>0.899958</hAcc><vAcc>0.631513</vAcc></extensions></trkpt>
      <trkpt lon="-123.267312" lat="44.570207"><ele>68.938972</ele><time>2020-12-16T01:01:29Z</time><extensions><speed>0.016646</speed><course>210.578140</course><hAcc>0.899662</hAcc><vAcc>0.631245</vAcc></extensions></trkpt>
      <trkpt lon="-123.267313" lat="44.570207"><ele>68.938423</ele><time>2020-12-16T01:01:30Z</time><extensions><speed>0.018813</speed><course>202.670120</course><hAcc>0.899468</hAcc><vAcc>0.630890</vAcc></extensions></trkpt>
      <trkpt lon="-123.267313" lat="44.570207"><ele>68.937645</ele><time>2020-12-16T01:01:31Z</time><extensions><speed>0.020858</speed><course>187.536926</course><hAcc>0.901015</hAcc><vAcc>0.631312</vAcc></extensions></trkpt>
      <trkpt lon="-123.267313" lat="44.570207"><ele>68.936607</ele><time>2020-12-16T01:01:32Z</time><extensions><speed>0.022648</speed><course>196.594711</course><hAcc>0.907205</hAcc><vAcc>0.634235</vAcc></extensions></trkpt>
      <trkpt lon="-123.267313" lat="44.570207"><ele>68.935265</ele><time>2020-12-16T01:01:33Z</time><extensions><speed>0.024033</speed><course>198.213242</course><hAcc>0.922601</hAcc><vAcc>0.642592</vAcc></extensions></trkpt>
      <trkpt lon="-123.267314" lat="44.570207"><ele>68.933586</ele><time>2020-12-16T01:01:34Z</time><extensions><speed>0.024859</speed><course>199.069733</course><hAcc>0.953592</hAcc><vAcc>0.660756</vAcc></extensions></trkpt>
      <trkpt lon="-123.267314" lat="44.570207"><ele>68.931541</ele><time>2020-12-16T01:01:35Z</time><extensions><speed>0.025009</speed><course>202.819763</course><hAcc>1.007976</hAcc><vAcc>0.694363</vAcc></extensions></trkpt>
      <trkpt lon="-123.267314" lat="44.570206"><ele>68.929100</ele><time>2020-12-16T01:01:36Z</time><extensions><speed>0.024484</speed><course>196.131943</course><hAcc>1.093715</hAcc><vAcc>0.749475</vAcc></extensions></trkpt>
      <trkpt lon="-123.267315" lat="44.570206"><ele>68.926262</ele><time>2020-12-16T01:01:37Z</time><extensions><speed>0.023607</speed><course>200.286255</course><hAcc>1.217183</hAcc><vAcc>0.831188</vAcc></extensions></trkpt>
      <trkpt lon="-123.267315" lat="44.570206"><ele>68.923096</ele><time>2020-12-16T01:01:38Z</time><extensions><speed>0.023352</speed><course>201.251785</course><hAcc>1.381929</hAcc><vAcc>0.942514</vAcc></extensions></trkpt>
      <trkpt lon="-123.267315" lat="44.570206"><ele>68.919731</ele><time>2020-12-16T01:01:39Z</time><extensions><speed>0.023300</speed><course>202.202698</course><hAcc>1.588550</hAcc><vAcc>1.084151</vAcc></extensions></trkpt>
      <trkpt lon="-123.267315" lat="44.570206"><ele>68.916298</ele><time>2020-12-16T01:01:40Z</time><extensions><speed>0.023164</speed><course>196.895386</course><hAcc>1.835226</hAcc><vAcc>1.254861</vAcc></extensions></trkpt>
    </trkseg>
  </trk>
</gpx>