<?xml version="1.0" encoding="UTF-8"?>
<gpx version="1.1" creator="Apple Health Export" xmlns="http://www.topografix.com/GPX/1/1" xmlns:xsi="http://www.w3.org/2001/XMLSchema-instance" xsi:schemaLocation="http://www.topografix.com/GPX/1/1 http://www.topografix.com/GPX/1/1/gpx.xsd">
  <metadata>
    <time>2021-02-21T19:24:48Z</time>
  </metadata>
  <trk>
    <name>Route 2020-12-08 2:45pm</name>
    <trkseg>
      <trkpt lon="-123.279041" lat="44.563185"><ele>71.705574</ele><time>2020-12-08T22:31:19Z</time><extensions><speed>0.770000</speed><course>204.257812</course><hAcc>49.273991</hAcc><vAcc>16.000000</vAcc></extensions></trkpt>
      <trkpt lon="-123.279240" lat="44.563226"><ele>73.294502</ele><time>2020-12-08T22:31:20Z</time><extensions><speed>2.550000</speed><course>311.484375</course><hAcc>6.707415</hAcc><vAcc>3.000000</vAcc></extensions></trkpt>
      <trkpt lon="-123.279194" lat="44.563234"><ele>73.024666</ele><time>2020-12-08T22:31:21Z</time><extensions><speed>0.770000</speed><course>22.500000</course><hAcc>5.637527</hAcc><vAcc>3.000000</vAcc></extensions></trkpt>
      <trkpt lon="-123.279174" lat="44.563240"><ele>73.857063</ele><time>2020-12-08T22:31:22Z</time><extensions><speed>0.930000</speed><course>352.617188</course><hAcc>4.262635</hAcc><vAcc>3.000000</vAcc></extensions></trkpt>
      <trkpt lon="-123.279172" lat="44.563244"><ele>74.226631</ele><time>2020-12-08T22:31:23Z</time><extensions><speed>0.750000</speed><course>346.289062</course><hAcc>3.695954</hAcc><vAcc>3.000000</vAcc></extensions></trkpt>
      <trkpt lon="-123.279177" lat="44.563248"><ele>73.972603</ele><time>2020-12-08T22:31:24Z</time><extensions><speed>1.290000</speed><course>327.304688</course><hAcc>3.706136</hAcc><vAcc>3.000000</vAcc></extensions></trkpt>
      <trkpt lon="-123.279191" lat="44.563249"><ele>74.538216</ele><time>2020-12-08T22:31:24Z</time><extensions><speed>1.640000</speed><course>288.632812</course><hAcc>3.535534</hAcc><vAcc>3.000000</vAcc></extensions></trkpt>
      <trkpt lon="-123.279207" lat="44.563249"><ele>74.830147</ele><time>2020-12-08T22:31:25Z</time><extensions><speed>1.310000</speed><course>289.335938</course><hAcc>3.535534</hAcc><vAcc>3.000000</vAcc></extensions></trkpt>
      <trkpt lon="-123.279224" lat="44.563246"><ele>74.809029</ele><time>2020-12-08T22:31:26Z</time><extensions><speed>1.500000</speed><course>288.632812</course><hAcc>3.535534</hAcc><vAcc>3.000000</vAcc></extensions></trkpt>
      <trkpt lon="-123.279238" lat="44.563243"><ele>74.410347</ele><time>2020-12-08T22:31:27Z</time><extensions><speed>1.420000</speed><course>295.664062</course><hAcc>3.535534</hAcc><vAcc>3.000000</vAcc></extensions></trkpt>
      <trkpt lon="-123.279252" lat="44.563240"><ele>74.373604</ele><time>2020-12-08T22:31:28Z</time><extensions><speed>1.490000</speed><course>292.148438</course><hAcc>3.535534</hAcc><vAcc>3.000000</vAcc></extensions></trkpt>
      <trkpt lon="-123.279266" lat="44.563238"><ele>74.154121</ele><time>2020-12-08T22:31:29Z</time><extensions><speed>1.490000</speed><course>289.687500</course><hAcc>3.535534</hAcc><vAcc>3.000000</vAcc></extensions></trkpt>
      <trkpt lon="-123.279283" lat="44.563236"><ele>74.117622</ele><time>2020-12-08T22:31:30Z</time><extensions><speed>1.490000</speed><course>279.843750</course><hAcc>3.535534</hAcc><vAcc>3.000000</vAcc></extensions></trkpt>
      <trkpt lon="-123.279302" lat="44.563238"><ele>74.117622</ele><time>2020-12-08T22:31:31Z</time><extensions><speed>1.490000</speed><course>279.843750</course><hAcc>4.569110</hAcc><vAcc>3.598300</vAcc></extensions></trkpt>
      <trkpt lon="-123.279317" lat="44.563236"><ele>74.006905</ele><time>2020-12-08T22:31:32Z</time><extensions><speed>1.390000</speed><course>283.710938</course><hAcc>4.569110</hAcc><vAcc>3.598300</vAcc></extensions></trkpt>
      <trkpt lon="-123.279333" lat="44.563232"><ele>73.673531</ele><time>2020-12-08T22:31:33Z</time><extensions><speed>1.430000</speed><course>279.843750</course><hAcc>4.569110</hAcc><vAcc>3.598300</vAcc></extensions></trkpt>
      <trkpt lon="-123.279351" lat="44.563232"><ele>73.577156</ele><time>2020-12-08T22:31:34Z</time><extensions><speed>1.590000</speed><course>284.062500</course><hAcc>4.569110</hAcc><vAcc>3.598300</vAcc></extensions></trkpt>
      <trkpt lon="-123.279365" lat="44.563231"><ele>73.644661</ele><time>2020-12-08T22:31:35Z</time><extensions><speed>1.430000</speed><course>284.062500</course><hAcc>4.569110</hAcc><vAcc>3.598300</vAcc></extensions></trkpt>
      <trkpt lon="-123.279385" lat="44.563231"><ele>73.756355</ele><time>2020-12-08T22:31:36Z</time><extensions><speed>1.590000</speed><course>283.710938</course><hAcc>4.569110</hAcc><vAcc>3.598300</vAcc></extensions></trkpt>
      <trkpt lon="-123.279399" lat="44.563229"><ele>73.566475</ele><time>2020-12-08T22:31:37Z</time><extensions><speed>1.250000</speed><course>278.085938</course><hAcc>4.569110</hAcc><vAcc>3.598301</vAcc></extensions></trkpt>
      <trkpt lon="-123.279416" lat="44.563226"><ele>73.735481</ele><time>2020-12-08T22:31:38Z</time><extensions><speed>1.330000</speed><course>276.679688</course><hAcc>4.569110</hAcc><vAcc>3.598301</vAcc></extensions></trkpt>
      <trkpt lon="-123.279430" lat="44.563224"><ele>73.601204</ele><time>2020-12-08T22:31:39Z</time><extensions><speed>1.250000</speed><course>273.867188</course><hAcc>4.569110</hAcc><vAcc>3.598301</vAcc></extensions></trkpt>
      <trkpt lon="-123.279444" lat="44.563222"><ele>73.691048</ele><time>2020-12-08T22:31:40Z</time><extensions><speed>1.260000</speed><course>274.570312</course><hAcc>4.569110</hAcc><vAcc>3.598301</vAcc></extensions></trkpt>
      <trkpt lon="-123.279456" lat="44.563223"><ele>73.503304</ele><time>2020-12-08T22:31:41Z</time><extensions><speed>1.170000</speed><course>281.601562</course><hAcc>4.569110</hAcc><vAcc>3.598301</vAcc></extensions></trkpt>
      <trkpt lon="-123.279466" lat="44.563227"><ele>73.355049</ele><time>2020-12-08T22:31:42Z</time><extensions><speed>1.170000</speed><course>293.906250</course><hAcc>4.569110</hAcc><vAcc>3.598301</vAcc></extensions></trkpt>
      <trkpt lon="-123.279472" lat="44.563237"><ele>73.375923</ele><time>2020-12-08T22:31:43Z</time><extensions><speed>1.170000</speed><course>305.156250</course><hAcc>4.569110</hAcc><vAcc>3.598301</vAcc></extensions></trkpt>
      <trkpt lon="-123.279459" lat="44.563255"><ele>73.196419</ele><time>2020-12-08T22:31:44Z</time><extensions><speed>1.340000</speed><course>2.460938</course><hAcc>4.569110</hAcc><vAcc>3.598301</vAcc></extensions></trkpt>
      <trkpt lon="-123.279448" lat="44.563264"><ele>73.095894</ele><time>2020-12-08T22:31:45Z</time><extensions><speed>1.150000</speed><course>15.468753</course><hAcc>4.569110</hAcc><vAcc>3.598301</vAcc></extensions></trkpt>
      <trkpt lon="-123.279439" lat="44.563274"><ele>73.076851</ele><time>2020-12-08T22:31:46Z</time><extensions><speed>1.150000</speed><course>18.984379</course><hAcc>4.569110</hAcc><vAcc>3.598300</vAcc></extensions></trkpt>
      <trkpt lon="-123.279437" lat="44.563285"><ele>73.063911</ele><time>2020-12-08T22:31:47Z</time><extensions><speed>1.150000</speed><course>7.734376</course><hAcc>4.569110</hAcc><vAcc>3.598300</vAcc></extensions></trkpt>
      <trkpt lon="-123.279436" lat="44.563295"><ele>72.936226</ele><time>2020-12-08T22:31:48Z</time><extensions><speed>1.130000</speed><course>2.109375</course><hAcc>4.569110</hAcc><vAcc>3.598300</vAcc></extensions></trkpt>
      <trkpt lon="-123.279430" lat="44.563301"><ele>73.035286</ele><time>2020-12-08T22:31:49Z</time><extensions><speed>0.890000</speed><course>20.390627</course><hAcc>4.569110</hAcc><vAcc>3.598300</vAcc></extensions></trkpt>
      <trkpt lon="-123.279427" lat="44.563308"><ele>72.914680</ele><time>2020-12-08T22:31:50Z</time><extensions><speed>0.890000</speed><course>20.039064</course><hAcc>4.569110</hAcc><vAcc>3.598300</vAcc></extensions></trkpt>
      <trkpt lon="-123.279420" lat="44.563313"><ele>72.748970</ele><time>2020-12-08T22:31:51Z</time><extensions><speed>0.064455</speed><course>-1.000000</course><hAcc>4.801982</hAcc><vAcc>3.281083</vAcc></extensions></trkpt>
      <trkpt lon="-123.279422" lat="44.563313"><ele>72.948128</ele><time>2020-12-08T22:31:52Z</time><extensions><speed>0.015941</speed><course>-1.000000</course><hAcc>4.805099</hAcc><vAcc>3.276515</vAcc></extensions></trkpt>
      <trkpt lon="-123.279429" lat="44.563310"><ele>73.125137</ele><time>2020-12-08T22:31:53Z</time><extensions><speed>0.149658</speed><course>-1.000000</course><hAcc>4.805191</hAcc><vAcc>3.276382</vAcc></extensions></trkpt>
      <trkpt lon="-123.279430" lat="44.563307"><ele>73.018394</ele><time>2020-12-08T22:31:54Z</time><extensions><speed>0.322609</speed><course>-1.000000</course><hAcc>4.807894</hAcc><vAcc>3.272414</vAcc></extensions></trkpt>
      <trkpt lon="-123.279419" lat="44.563310"><ele>72.776741</ele><time>2020-12-08T22:31:55Z</time><extensions><speed>0.179141</speed><course>-1.000000</course><hAcc>4.807018</hAcc><vAcc>3.273700</vAcc></extensions></trkpt>
      <trkpt lon="-123.279423" lat="44.563312"><ele>72.518143</ele><time>2020-12-08T22:31:56Z</time><extensions><speed>0.320547</speed><course>-1.000000</course><hAcc>4.802782</hAcc><vAcc>3.279912</vAcc></extensions></trkpt>
      <trkpt lon="-123.279422" lat="44.563307"><ele>72.365082</ele><time>2020-12-08T22:31:57Z</time><extensions><speed>0.191526</speed><course>-1.000000</course><hAcc>4.802527</hAcc><vAcc>3.280285</vAcc></extensions></trkpt>
      <trkpt lon="-123.279426" lat="44.563298"><ele>72.402962</ele><time>2020-12-08T22:31:58Z</time><extensions><speed>0.000000</speed><course>157.072083</course><hAcc>4.734999</hAcc><vAcc>3.377029</vAcc></extensions></trkpt>
      <trkpt lon="-123.279430" lat="44.563298"><ele>72.396446</ele><time>2020-12-08T22:31:59Z</time><extensions><speed>0.000000</speed><course>157.072083</course><hAcc>4.727805</hAcc><vAcc>3.387092</vAcc></extensions></trkpt>
      <trkpt lon="-123.279429" lat="44.563297"><ele>72.422752</ele><time>2020-12-08T22:32:00Z</time><extensions><speed>0.000000</speed><course>157.072083</course><hAcc>4.724609</hAcc><vAcc>3.391549</vAcc></extensions></trkpt>
      <trkpt lon="-123.279428" lat="44.563297"><ele>72.434044</ele><time>2020-12-08T22:32:01Z</time><extensions><speed>0.000000</speed><course>157.072083</course><hAcc>4.727661</hAcc><vAcc>3.387293</vAcc></extensions></trkpt>
      <trkpt lon="-123.279427" lat="44.563296"><ele>72.401115</ele><time>2020-12-08T22:32:03Z</time><extensions><speed>0.000000</speed><course>157.072083</course><hAcc>4.727808</hAcc><vAcc>3.387088</vAcc></extensions></trkpt>
      <trkpt lon="-123.279425" lat="44.563295"><ele>72.444176</ele><time>2020-12-08T22:32:04Z</time><extensions><speed>0.000000</speed><course>157.072083</course><hAcc>4.725277</hAcc><vAcc>3.390618</vAcc></extensions></trkpt>
      <trkpt lon="-123.279421" lat="44.563295"><ele>72.418747</ele><time>2020-12-08T22:32:05Z</time><extensions><speed>0.000000</speed><course>157.072083</course><hAcc>4.728688</hAcc><vAcc>3.385860</vAcc></extensions></trkpt>
      <trkpt lon="-123.279419" lat="44.563292"><ele>72.462791</ele><time>2020-12-08T22:32:06Z</time><extensions><speed>0.000000</speed><course>157.072083</course><hAcc>4.729165</hAcc><vAcc>3.385194</vAcc></extensions></trkpt>
      <trkpt lon="-123.279414" lat="44.563294"><ele>72.679466</ele><time>2020-12-08T22:32:07Z</time><extensions><speed>0.000000</speed><course>157.072083</course><hAcc>4.729841</hAcc><vAcc>3.384249</vAcc></extensions></trkpt>
      <trkpt lon="-123.279414" lat="44.563296"><ele>72.383820</ele><time>2020-12-08T22:32:08Z</time><extensions><speed>0.000000</speed><course>157.072083</course><hAcc>4.732426</hAcc><vAcc>3.380634</vAcc></extensions></trkpt>
      <trkpt lon="-123.279412" lat="44.563296"><ele>72.501862</ele><time>2020-12-08T22:32:09Z</time><extensions><speed>0.000000</speed><course>157.072083</course><hAcc>4.729167</hAcc><vAcc>3.385191</vAcc></extensions></trkpt>
      <trkpt lon="-123.279408" lat="44.563299"><ele>72.760468</ele><time>2020-12-08T22:32:10Z</time><extensions><speed>0.000000</speed><course>157.072083</course><hAcc>4.729689</hAcc><vAcc>3.384462</vAcc></extensions></trkpt>
      <trkpt lon="-123.279407" lat="44.563300"><ele>72.813637</ele><time>2020-12-08T22:32:11Z</time><extensions><speed>0.000000</speed><course>157.072083</course><hAcc>4.727469</hAcc><vAcc>3.387561</vAcc></extensions></trkpt>
      <trkpt lon="-123.279404" lat="44.563299"><ele>72.794029</ele><time>2020-12-08T22:32:12Z</time><extensions><speed>0.000000</speed><course>157.072083</course><hAcc>4.731260</hAcc><vAcc>3.382264</vAcc></extensions></trkpt>
      <trkpt lon="-123.279400" lat="44.563299"><ele>72.836983</ele><time>2020-12-08T22:32:13Z</time><extensions><speed>0.000000</speed><course>157.072083</course><hAcc>4.731933</hAcc><vAcc>3.381323</vAcc></extensions></trkpt>
      <trkpt lon="-123.279400" lat="44.563297"><ele>72.677086</ele><time>2020-12-08T22:32:14Z</time><extensions><speed>0.000000</speed><course>157.072083</course><hAcc>4.729020</hAcc><vAcc>3.385396</vAcc></extensions></trkpt>
      <trkpt lon="-123.279396" lat="44.563296"><ele>72.513664</ele><time>2020-12-08T22:32:15Z</time><extensions><speed>0.000000</speed><course>157.072098</course><hAcc>4.731103</hAcc><vAcc>3.382484</vAcc></extensions></trkpt>
      <trkpt lon="-123.279394" lat="44.563294"><ele>72.496407</ele><time>2020-12-08T22:32:16Z</time><extensions><speed>0.000000</speed><course>157.072098</course><hAcc>4.729766</hAcc><vAcc>3.384354</vAcc></extensions></trkpt>
      <trkpt lon="-123.279394" lat="44.563295"><ele>72.368851</ele><time>2020-12-08T22:32:17Z</time><extensions><speed>0.000000</speed><course>157.072098</course><hAcc>4.730829</hAcc><vAcc>3.382868</vAcc></extensions></trkpt>
      <trkpt lon="-123.279392" lat="44.563295"><ele>72.441948</ele><time>2020-12-08T22:32:18Z</time><extensions><speed>0.000000</speed><course>157.072098</course><hAcc>4.730828</hAcc><vAcc>3.382869</vAcc></extensions></trkpt>
      <trkpt lon="-123.279390" lat="44.563296"><ele>72.578545</ele><time>2020-12-08T22:32:19Z</time><extensions><speed>0.000000</speed><course>157.072098</course><hAcc>4.734090</hAcc><vAcc>3.378303</vAcc></extensions></trkpt>
      <trkpt lon="-123.279393" lat="44.563295"><ele>72.501274</ele><time>2020-12-08T22:32:20Z</time><extensions><speed>0.000000</speed><course>157.072098</course><hAcc>4.733566</hAcc><vAcc>3.379037</vAcc></extensions></trkpt>
      <trkpt lon="-123.279388" lat="44.563295"><ele>72.860435</ele><time>2020-12-08T22:32:21Z</time><extensions><speed>0.000000</speed><course>157.072098</course><hAcc>4.735068</hAcc><vAcc>3.376932</vAcc></extensions></trkpt>
      <trkpt lon="-123.279387" lat="44.563295"><ele>72.793449</ele><time>2020-12-08T22:32:22Z</time><extensions><speed>0.000000</speed><course>157.072098</course><hAcc>4.736374</hAcc><vAcc>3.375100</vAcc></extensions></trkpt>
      <trkpt lon="-123.279386" lat="44.563296"><ele>72.981155</ele><time>2020-12-08T22:32:23Z</time><extensions><speed>0.000000</speed><course>157.072098</course><hAcc>4.735678</hAcc><vAcc>3.376076</vAcc></extensions></trkpt>
      <trkpt lon="-123.279381" lat="44.563298"><ele>73.135696</ele><time>2020-12-08T22:32:24Z</time><extensions><speed>0.000000</speed><course>157.072098</course><hAcc>4.737420</hAcc><vAcc>3.373632</vAcc></extensions></trkpt>
      <trkpt lon="-123.279379" lat="44.563301"><ele>73.374901</ele><time>2020-12-08T22:32:25Z</time><extensions><speed>0.000000</speed><course>157.072098</course><hAcc>4.733521</hAcc><vAcc>3.379100</vAcc></extensions></trkpt>
      <trkpt lon="-123.279387" lat="44.563300"><ele>73.167809</ele><time>2020-12-08T22:32:26Z</time><extensions><speed>0.000000</speed><course>157.072098</course><hAcc>4.728838</hAcc><vAcc>3.385650</vAcc></extensions></trkpt>
      <trkpt lon="-123.279399" lat="44.563299"><ele>73.966072</ele><time>2020-12-08T22:32:27Z</time><extensions><speed>0.663960</speed><course>246.865997</course><hAcc>4.734333</hAcc><vAcc>3.377963</vAcc></extensions></trkpt>
      <trkpt lon="-123.279416" lat="44.563293"><ele>73.295563</ele><time>2020-12-08T22:32:28Z</time><extensions><speed>1.292968</speed><course>238.297699</course><hAcc>4.735216</hAcc><vAcc>3.376725</vAcc></extensions></trkpt>
      <trkpt lon="-123.279423" lat="44.563281"><ele>73.102638</ele><time>2020-12-08T22:32:29Z</time><extensions><speed>1.242169</speed><course>213.392075</course><hAcc>4.729771</hAcc><vAcc>3.384348</vAcc></extensions></trkpt>
      <trkpt lon="-123.279428" lat="44.563258"><ele>72.501755</ele><time>2020-12-08T22:32:30Z</time><extensions><speed>1.882444</speed><course>200.990143</course><hAcc>4.741716</hAcc><vAcc>3.367590</vAcc></extensions></trkpt>
      <trkpt lon="-123.279434" lat="44.563232"><ele>72.784325</ele><time>2020-12-08T22:32:31Z</time><extensions><speed>2.361270</speed><course>198.448303</course><hAcc>4.746395</hAcc><vAcc>3.360993</vAcc></extensions></trkpt>
      <trkpt lon="-123.279450" lat="44.563201"><ele>72.887009</ele><time>2020-12-08T22:32:32Z</time><extensions><speed>2.848581</speed><course>188.357712</course><hAcc>4.735728</hAcc><vAcc>3.376006</vAcc></extensions></trkpt>
      <trkpt lon="-123.279458" lat="44.563159"><ele>72.598412</ele><time>2020-12-08T22:32:33Z</time><extensions><speed>3.465677</speed><course>184.291443</course><hAcc>4.740260</hAcc><vAcc>3.369640</vAcc></extensions></trkpt>
      <trkpt lon="-123.279461" lat="44.563111"><ele>73.174759</ele><time>2020-12-08T22:32:34Z</time><extensions><speed>4.656761</speed><course>178.663330</course><hAcc>4.736176</hAcc><vAcc>3.375378</vAcc></extensions></trkpt>
      <trkpt lon="-123.279468" lat="44.563071"><ele>72.613686</ele><time>2020-12-08T22:32:35Z</time><extensions><speed>4.484313</speed><course>179.626831</course><hAcc>4.739703</hAcc><vAcc>3.370423</vAcc></extensions></trkpt>
      <trkpt lon="-123.279472" lat="44.563020"><ele>72.812943</ele><time>2020-12-08T22:32:36Z</time><extensions><speed>5.301280</speed><course>180.685028</course><hAcc>4.735621</hAcc><vAcc>3.376156</vAcc></extensions></trkpt>
      <trkpt lon="-123.279477" lat="44.562973"><ele>72.025383</ele><time>2020-12-08T22:32:37Z</time><extensions><speed>5.222412</speed><course>180.086700</course><hAcc>4.739175</hAcc><vAcc>3.371166</vAcc></extensions></trkpt>
      <trkpt lon="-123.279483" lat="44.562916"><ele>72.050812</ele><time>2020-12-08T22:32:38Z</time><extensions><speed>5.823518</speed><course>180.822586</course><hAcc>4.735479</hAcc><vAcc>3.376356</vAcc></extensions></trkpt>
      <trkpt lon="-123.279485" lat="44.562861"><ele>72.247070</ele><time>2020-12-08T22:32:39Z</time><extensions><speed>6.148081</speed><course>182.691971</course><hAcc>4.738245</hAcc><vAcc>3.372473</vAcc></extensions></trkpt>
      <trkpt lon="-123.279490" lat="44.562809"><ele>71.380318</ele><time>2020-12-08T22:32:40Z</time><extensions><speed>5.956335</speed><course>183.256104</course><hAcc>4.736759</hAcc><vAcc>3.374559</vAcc></extensions></trkpt>
      <trkpt lon="-123.279470" lat="44.562756"><ele>71.115067</ele><time>2020-12-08T22:32:41Z</time><extensions><speed>6.004870</speed><course>172.331635</course><hAcc>4.734680</hAcc><vAcc>3.377476</vAcc></extensions></trkpt>
      <trkpt lon="-123.279478" lat="44.562691"><ele>72.276642</ele><time>2020-12-08T22:32:42Z</time><extensions><speed>6.666580</speed><course>181.646271</course><hAcc>4.737402</hAcc><vAcc>3.373657</vAcc></extensions></trkpt>
      <trkpt lon="-123.279505" lat="44.562632"><ele>70.824547</ele><time>2020-12-08T22:32:43Z</time><extensions><speed>6.632522</speed><course>190.465759</course><hAcc>4.738286</hAcc><vAcc>3.372415</vAcc></extensions></trkpt>
      <trkpt lon="-123.279491" lat="44.562573"><ele>71.800529</ele><time>2020-12-08T22:32:44Z</time><extensions><speed>6.639812</speed><course>176.531586</course><hAcc>4.736970</hAcc><vAcc>3.374263</vAcc></extensions></trkpt>
      <trkpt lon="-123.279452" lat="44.562513"><ele>71.448128</ele><time>2020-12-08T22:32:45Z</time><extensions><speed>7.128011</speed><course>160.581665</course><hAcc>4.737289</hAcc><vAcc>3.373814</vAcc></extensions></trkpt>
      <trkpt lon="-123.279380" lat="44.562468"><ele>71.770157</ele><time>2020-12-08T22:32:46Z</time><extensions><speed>7.400708</speed><course>137.259384</course><hAcc>4.739943</hAcc><vAcc>3.370085</vAcc></extensions></trkpt>
      <trkpt lon="-123.279300" lat="44.562455"><ele>71.364029</ele><time>2020-12-08T22:32:47Z</time><extensions><speed>6.419826</speed><course>118.957039</course><hAcc>4.741199</hAcc><vAcc>3.368319</vAcc></extensions></trkpt>
      <trkpt lon="-123.279216" lat="44.562410"><ele>71.107491</ele><time>2020-12-08T22:32:48Z</time><extensions><speed>7.433308</speed><course>127.554337</course><hAcc>4.741166</hAcc><vAcc>3.368365</vAcc></extensions></trkpt>
      <trkpt lon="-123.279169" lat="44.562357"><ele>70.803894</ele><time>2020-12-08T22:32:49Z</time><extensions><speed>7.144026</speed><course>141.673340</course><hAcc>4.743987</hAcc><vAcc>3.364390</vAcc></extensions></trkpt>
      <trkpt lon="-123.279132" lat="44.562300"><ele>71.407928</ele><time>2020-12-08T22:32:50Z</time><extensions><speed>7.034451</speed><course>150.946915</course><hAcc>4.740681</hAcc><vAcc>3.369047</vAcc></extensions></trkpt>
      <trkpt lon="-123.279117" lat="44.562243"><ele>71.229042</ele><time>2020-12-08T22:32:51Z</time><extensions><speed>6.384683</speed><course>161.346802</course><hAcc>4.734291</hAcc><vAcc>3.378021</vAcc></extensions></trkpt>
      <trkpt lon="-123.279097" lat="44.562186"><ele>71.601616</ele><time>2020-12-08T22:32:52Z</time><extensions><speed>6.207248</speed><course>162.387741</course><hAcc>4.739686</hAcc><vAcc>3.370446</vAcc></extensions></trkpt>
      <trkpt lon="-123.279056" lat="44.562137"><ele>71.690331</ele><time>2020-12-08T22:32:53Z</time><extensions><speed>6.252029</speed><course>151.086258</course><hAcc>4.742681</hAcc><vAcc>3.366231</vAcc></extensions></trkpt>
      <trkpt lon="-123.279007" lat="44.562100"><ele>71.597412</ele><time>2020-12-08T22:32:54Z</time><extensions><speed>5.953434</speed><course>141.327988</course><hAcc>4.743292</hAcc><vAcc>3.365370</vAcc></extensions></trkpt>
      <trkpt lon="-123.278950" lat="44.562062"><ele>71.912575</ele><time>2020-12-08T22:32:55Z</time><extensions><speed>6.020700</speed><course>135.131439</course><hAcc>4.741520</hAcc><vAcc>3.367866</vAcc></extensions></trkpt>
      <trkpt lon="-123.278890" lat="44.562031"><ele>71.269478</ele><time>2020-12-08T22:32:56Z</time><extensions><speed>5.986819</speed><course>128.876541</course><hAcc>4.742848</hAcc><vAcc>3.365996</vAcc></extensions></trkpt>
      <trkpt lon="-123.278827" lat="44.562010"><ele>71.229126</ele><time>2020-12-08T22:32:57Z</time><extensions><speed>5.659379</speed><course>121.685684</course><hAcc>4.743166</hAcc><vAcc>3.365547</vAcc></extensions></trkpt>
      <trkpt lon="-123.278761" lat="44.561984"><ele>71.373299</ele><time>2020-12-08T22:32:58Z</time><extensions><speed>5.818566</speed><course>118.439728</course><hAcc>4.745037</hAcc><vAcc>3.362910</vAcc></extensions></trkpt>
      <trkpt lon="-123.278704" lat="44.561968"><ele>71.331322</ele><time>2020-12-08T22:32:59Z</time><extensions><speed>5.116767</speed><course>114.822174</course><hAcc>4.746989</hAcc><vAcc>3.360153</vAcc></extensions></trkpt>
      <trkpt lon="-123.278632" lat="44.561944"><ele>71.132591</ele><time>2020-12-08T22:33:00Z</time><extensions><speed>5.891472</speed><course>114.758240</course><hAcc>4.750033</hAcc><vAcc>3.355850</vAcc></extensions></trkpt>
      <trkpt lon="-123.278566" lat="44.561919"><ele>71.733261</ele><time>2020-12-08T22:33:01Z</time><extensions><speed>6.003215</speed><course>112.582703</course><hAcc>4.742037</hAcc><vAcc>3.367138</vAcc></extensions></trkpt>
      <trkpt lon="-123.278477" lat="44.561922"><ele>71.201416</ele><time>2020-12-08T22:33:02Z</time><extensions><speed>6.764084</speed><course>93.289955</course><hAcc>4.742824</hAcc><vAcc>3.366031</vAcc></extensions></trkpt>
      <trkpt lon="-123.278402" lat="44.561920"><ele>70.862190</ele><time>2020-12-08T22:33:03Z</time><extensions><speed>6.180708</speed><course>91.990524</course><hAcc>4.784028</hAcc><vAcc>3.307206</vAcc></extensions></trkpt>
      <trkpt lon="-123.278312" lat="44.561922"><ele>72.121628</ele><time>2020-12-08T22:33:04Z</time><extensions><speed>6.711643</speed><course>89.454170</course><hAcc>4.745490</hAcc><vAcc>3.362271</vAcc></extensions></trkpt>
      <trkpt lon="-123.278233" lat="44.561913"><ele>71.481728</ele><time>2020-12-08T22:33:05Z</time><extensions><speed>6.512283</speed><course>92.012474</course><hAcc>4.749541</hAcc><vAcc>3.356546</vAcc></extensions></trkpt>
      <trkpt lon="-123.278160" lat="44.561915"><ele>71.515823</ele><time>2020-12-08T22:33:06Z</time><extensions><speed>6.039242</speed><course>88.455956</course><hAcc>4.744693</hAcc><vAcc>3.363395</vAcc></extensions></trkpt>
      <trkpt lon="-123.278080" lat="44.561910"><ele>71.325867</ele><time>2020-12-08T22:33:07Z</time><extensions><speed>6.167089</speed><course>90.679680</course><hAcc>4.742406</hAcc><vAcc>3.366618</vAcc></extensions></trkpt>
      <trkpt lon="-123.278011" lat="44.561903"><ele>70.944160</ele><time>2020-12-08T22:33:08Z</time><extensions><speed>5.852648</speed><course>92.289047</course><hAcc>4.742227</hAcc><vAcc>3.366872</vAcc></extensions></trkpt>
      <trkpt lon="-123.277940" lat="44.561900"><ele>70.667549</ele><time>2020-12-08T22:33:09Z</time><extensions><speed>5.715294</speed><course>90.103622</course><hAcc>4.741928</hAcc><vAcc>3.367292</vAcc></extensions></trkpt>
      <trkpt lon="-123.277866" lat="44.561898"><ele>70.929482</ele><time>2020-12-08T22:33:10Z</time><extensions><speed>5.805784</speed><course>91.777496</course><hAcc>4.751484</hAcc><vAcc>3.353794</vAcc></extensions></trkpt>
      <trkpt lon="-123.277793" lat="44.561893"><ele>71.037476</ele><time>2020-12-08T22:33:11Z</time><extensions><speed>5.909765</speed><course>95.378120</course><hAcc>4.752831</hAcc><vAcc>3.351885</vAcc></extensions></trkpt>
      <trkpt lon="-123.277712" lat="44.561892"><ele>70.004669</ele><time>2020-12-08T22:33:12Z</time><extensions><speed>6.146026</speed><course>92.259041</course><hAcc>4.743158</hAcc><vAcc>3.365559</vAcc></extensions></trkpt>
      <trkpt lon="-123.277651" lat="44.561893"><ele>70.482979</ele><time>2020-12-08T22:33:13Z</time><extensions><speed>5.560240</speed><course>89.426857</course><hAcc>4.743900</hAcc><vAcc>3.364514</vAcc></extensions></trkpt>
      <trkpt lon="-123.277580" lat="44.561894"><ele>70.019402</ele><time>2020-12-08T22:33:14Z</time><extensions><speed>5.560009</speed><course>90.964989</course><hAcc>4.746561</hAcc><vAcc>3.360758</vAcc></extensions></trkpt>
      <trkpt lon="-123.277515" lat="44.561894"><ele>70.443474</ele><time>2020-12-08T22:33:15Z</time><extensions><speed>5.323080</speed><course>90.489098</course><hAcc>4.733253</hAcc><vAcc>3.379476</vAcc></extensions></trkpt>
      <trkpt lon="-123.277447" lat="44.561895"><ele>70.245018</ele><time>2020-12-08T22:33:16Z</time><extensions><speed>5.390212</speed><course>88.494003</course><hAcc>4.737545</hAcc><vAcc>3.373456</vAcc></extensions></trkpt>
      <trkpt lon="-123.277383" lat="44.561888"><ele>70.407295</ele><time>2020-12-08T22:33:17Z</time><extensions><speed>5.269371</speed><course>93.855698</course><hAcc>4.737877</hAcc><vAcc>3.372989</vAcc></extensions></trkpt>
      <trkpt lon="-123.277316" lat="44.561892"><ele>70.295555</ele><time>2020-12-08T22:33:18Z</time><extensions><speed>5.327538</speed><course>89.421684</course><hAcc>4.740346</hAcc><vAcc>3.369518</vAcc></extensions></trkpt>
      <trkpt lon="-123.277250" lat="44.561897"><ele>69.646873</ele><time>2020-12-08T22:33:19Z</time><extensions><speed>5.245857</speed><course>86.969353</course><hAcc>4.737851</hAcc><vAcc>3.373026</vAcc></extensions></trkpt>
      <trkpt lon="-123.277186" lat="44.561895"><ele>70.380127</ele><time>2020-12-08T22:33:20Z</time><extensions><speed>5.177697</speed><course>89.443695</course><hAcc>4.739585</hAcc><vAcc>3.370588</vAcc></extensions></trkpt>
      <trkpt lon="-123.277122" lat="44.561898"><ele>69.977135</ele><time>2020-12-08T22:33:21Z</time><extensions><speed>5.076868</speed><course>85.140060</course><hAcc>4.739120</hAcc><vAcc>3.371243</vAcc></extensions></trkpt>
      <trkpt lon="-123.277054" lat="44.561902"><ele>70.229759</ele><time>2020-12-08T22:33:22Z</time><extensions><speed>5.198290</speed><course>87.192085</course><hAcc>4.737932</hAcc><vAcc>3.372913</vAcc></extensions></trkpt>
      <trkpt lon="-123.276992" lat="44.561905"><ele>69.097504</ele><time>2020-12-08T22:33:23Z</time><extensions><speed>5.098508</speed><course>89.212479</course><hAcc>4.738118</hAcc><vAcc>3.372652</vAcc></extensions></trkpt>
      <trkpt lon="-123.276934" lat="44.561896"><ele>69.778038</ele><time>2020-12-08T22:33:24Z</time><extensions><speed>4.780810</speed><course>96.456284</course><hAcc>4.737094</hAcc><vAcc>3.374089</vAcc></extensions></trkpt>
      <trkpt lon="-123.276873" lat="44.561893"><ele>69.598976</ele><time>2020-12-08T22:33:25Z</time><extensions><speed>4.887358</speed><course>94.421585</course><hAcc>4.737912</hAcc><vAcc>3.372941</vAcc></extensions></trkpt>
      <trkpt lon="-123.276816" lat="44.561889"><ele>69.391159</ele><time>2020-12-08T22:33:26Z</time><extensions><speed>4.638982</speed><course>94.114616</course><hAcc>4.738693</hAcc><vAcc>3.371843</vAcc></extensions></trkpt>
      <trkpt lon="-123.276752" lat="44.561889"><ele>69.557373</ele><time>2020-12-08T22:33:27Z</time><extensions><speed>4.952788</speed><course>92.804115</course><hAcc>4.739537</hAcc><vAcc>3.370656</vAcc></extensions></trkpt>
      <trkpt lon="-123.276694" lat="44.561888"><ele>69.116112</ele><time>2020-12-08T22:33:28Z</time><extensions><speed>4.776520</speed><course>92.131119</course><hAcc>4.739023</hAcc><vAcc>3.371380</vAcc></extensions></trkpt>
      <trkpt lon="-123.276632" lat="44.561884"><ele>69.630600</ele><time>2020-12-08T22:33:29Z</time><extensions><speed>4.964765</speed><course>93.644974</course><hAcc>4.740274</hAcc><vAcc>3.369619</vAcc></extensions></trkpt>
      <trkpt lon="-123.276565" lat="44.561885"><ele>69.160225</ele><time>2020-12-08T22:33:30Z</time><extensions><speed>5.184704</speed><course>90.285446</course><hAcc>4.739192</hAcc><vAcc>3.371141</vAcc></extensions></trkpt>
      <trkpt lon="-123.276509" lat="44.561885"><ele>69.247627</ele><time>2020-12-08T22:33:31Z</time><extensions><speed>4.898046</speed><course>91.748680</course><hAcc>4.740314</hAcc><vAcc>3.369564</vAcc></extensions></trkpt>
      <trkpt lon="-123.276457" lat="44.561866"><ele>69.226509</ele><time>2020-12-08T22:33:32Z</time><extensions><speed>4.762509</speed><course>112.249207</course><hAcc>4.741386</hAcc><vAcc>3.368055</vAcc></extensions></trkpt>
      <trkpt lon="-123.276417" lat="44.561836"><ele>69.533073</ele><time>2020-12-08T22:33:33Z</time><extensions><speed>4.546188</speed><course>132.486374</course><hAcc>4.741630</hAcc><vAcc>3.367711</vAcc></extensions></trkpt>
      <trkpt lon="-123.276406" lat="44.561806"><ele>69.782967</ele><time>2020-12-08T22:33:34Z</time><extensions><speed>3.891820</speed><course>152.340363</course><hAcc>4.744177</hAcc><vAcc>3.364123</vAcc></extensions></trkpt>
      <trkpt lon="-123.276376" lat="44.561771"><ele>69.691826</ele><time>2020-12-08T22:33:35Z</time><extensions><speed>4.396661</speed><course>146.248016</course><hAcc>4.745836</hAcc><vAcc>3.361781</vAcc></extensions></trkpt>
      <trkpt lon="-123.276326" lat="44.561742"><ele>69.050629</ele><time>2020-12-08T22:33:36Z</time><extensions><speed>5.003639</speed><course>132.398926</course><hAcc>4.745196</hAcc><vAcc>3.362685</vAcc></extensions></trkpt>
      <trkpt lon="-123.276273" lat="44.561724"><ele>69.418076</ele><time>2020-12-08T22:33:37Z</time><extensions><speed>4.848674</speed><course>119.013855</course><hAcc>4.745649</hAcc><vAcc>3.362046</vAcc></extensions></trkpt>
      <trkpt lon="-123.276203" lat="44.561724"><ele>69.127899</ele><time>2020-12-08T22:33:38Z</time><extensions><speed>5.053374</speed><course>97.651123</course><hAcc>4.746163</hAcc><vAcc>3.361320</vAcc></extensions></trkpt>
      <trkpt lon="-123.276156" lat="44.561725"><ele>69.463371</ele><time>2020-12-08T22:33:39Z</time><extensions><speed>4.535118</speed><course>89.829651</course><hAcc>4.744680</hAcc><vAcc>3.363413</vAcc></extensions></trkpt>
      <trkpt lon="-123.276109" lat="44.561726"><ele>69.696426</ele><time>2020-12-08T22:33:40Z</time><extensions><speed>4.287012</speed><course>86.957443</course><hAcc>4.746556</hAcc><vAcc>3.360765</vAcc></extensions></trkpt>
      <trkpt lon="-123.276057" lat="44.561721"><ele>70.234146</ele><time>2020-12-08T22:33:41Z</time><extensions><speed>4.170308</speed><course>94.719711</course><hAcc>4.744963</hAcc><vAcc>3.363015</vAcc></extensions></trkpt>
      <trkpt lon="-123.275996" lat="44.561717"><ele>69.253990</ele><time>2020-12-08T22:33:42Z</time><extensions><speed>4.703792</speed><course>95.570595</course><hAcc>4.745385</hAcc><vAcc>3.362419</vAcc></extensions></trkpt>
      <trkpt lon="-123.275931" lat="44.561725"><ele>70.257912</ele><time>2020-12-08T22:33:43Z</time><extensions><speed>5.242688</speed><course>87.276489</course><hAcc>4.741660</hAcc><vAcc>3.367670</vAcc></extensions></trkpt>
      <trkpt lon="-123.275880" lat="44.561723"><ele>69.577599</ele><time>2020-12-08T22:33:44Z</time><extensions><speed>4.576458</speed><course>88.306236</course><hAcc>4.749743</hAcc><vAcc>3.356261</vAcc></extensions></trkpt>
      <trkpt lon="-123.275801" lat="44.561713"><ele>68.862022</ele><time>2020-12-08T22:33:45Z</time><extensions><speed>5.432106</speed><course>93.303574</course><hAcc>4.741657</hAcc><vAcc>3.367674</vAcc></extensions></trkpt>
      <trkpt lon="-123.275738" lat="44.561713"><ele>69.625626</ele><time>2020-12-08T22:33:46Z</time><extensions><speed>5.350165</speed><course>92.472298</course><hAcc>4.747257</hAcc><vAcc>3.359775</vAcc></extensions></trkpt>
      <trkpt lon="-123.275678" lat="44.561715"><ele>69.860741</ele><time>2020-12-08T22:33:47Z</time><extensions><speed>4.988661</speed><course>90.890427</course><hAcc>4.745324</hAcc><vAcc>3.362505</vAcc></extensions></trkpt>
      <trkpt lon="-123.275590" lat="44.561717"><ele>70.692032</ele><time>2020-12-08T22:33:48Z</time><extensions><speed>6.326405</speed><course>90.643547</course><hAcc>4.748050</hAcc><vAcc>3.358654</vAcc></extensions></trkpt>
      <trkpt lon="-123.275556" lat="44.561716"><ele>69.690170</ele><time>2020-12-08T22:33:49Z</time><extensions><speed>4.237113</speed><course>92.423897</course><hAcc>4.748507</hAcc><vAcc>3.358008</vAcc></extensions></trkpt>
      <trkpt lon="-123.275537" lat="44.561729"><ele>70.291405</ele><time>2020-12-08T22:33:50Z</time><extensions><speed>2.590080</speed><course>74.020401</course><hAcc>4.753933</hAcc><vAcc>3.350322</vAcc></extensions></trkpt>
      <trkpt lon="-123.275468" lat="44.561764"><ele>68.566650</ele><time>2020-12-08T22:33:51Z</time><extensions><speed>4.091765</speed><course>56.204514</course><hAcc>4.768683</hAcc><vAcc>3.329294</vAcc></extensions></trkpt>
      <trkpt lon="-123.275360" lat="44.561724"><ele>69.829796</ele><time>2020-12-08T22:33:52Z</time><extensions><speed>5.291993</speed><course>95.803139</course><hAcc>4.779988</hAcc><vAcc>3.313042</vAcc></extensions></trkpt>
      <trkpt lon="-123.275277" lat="44.561714"><ele>69.559029</ele><time>2020-12-08T22:33:53Z</time><extensions><speed>6.019670</speed><course>96.618652</course><hAcc>4.785354</hAcc><vAcc>3.305287</vAcc></extensions></trkpt>
      <trkpt lon="-123.275204" lat="44.561696"><ele>68.926743</ele><time>2020-12-08T22:33:54Z</time><extensions><speed>5.949168</speed><course>103.180054</course><hAcc>4.763918</hAcc><vAcc>3.336109</vAcc></extensions></trkpt>
      <trkpt lon="-123.275144" lat="44.561694"><ele>69.532730</ele><time>2020-12-08T22:33:55Z</time><extensions><speed>5.077780</speed><course>97.393616</course><hAcc>4.769685</hAcc><vAcc>3.327858</vAcc></extensions></trkpt>
      <trkpt lon="-123.275093" lat="44.561700"><ele>68.000656</ele><time>2020-12-08T22:33:56Z</time><extensions><speed>4.104073</speed><course>86.414330</course><hAcc>4.762031</hAcc><vAcc>3.338802</vAcc></extensions></trkpt>
      <trkpt lon="-123.275020" lat="44.561704"><ele>68.739273</ele><time>2020-12-08T22:33:57Z</time><extensions><speed>4.463693</speed><course>85.466049</course><hAcc>4.755566</hAcc><vAcc>3.348004</vAcc></extensions></trkpt>
      <trkpt lon="-123.274951" lat="44.561700"><ele>69.237724</ele><time>2020-12-08T22:33:58Z</time><extensions><speed>4.884380</speed><course>88.618881</course><hAcc>4.755206</hAcc><vAcc>3.348515</vAcc></extensions></trkpt>
      <trkpt lon="-123.274889" lat="44.561683"><ele>67.849831</ele><time>2020-12-08T22:33:59Z</time><extensions><speed>4.847962</speed><course>102.118729</course><hAcc>4.750736</hAcc><vAcc>3.354854</vAcc></extensions></trkpt>
      <trkpt lon="-123.274806" lat="44.561686"><ele>68.588043</ele><time>2020-12-08T22:34:00Z</time><extensions><speed>5.674303</speed><course>92.873886</course><hAcc>4.750006</hAcc><vAcc>3.355887</vAcc></extensions></trkpt>
      <trkpt lon="-123.274745" lat="44.561691"><ele>68.531960</ele><time>2020-12-08T22:34:01Z</time><extensions><speed>5.125853</speed><course>84.992287</course><hAcc>4.745786</hAcc><vAcc>3.361852</vAcc></extensions></trkpt>
      <trkpt lon="-123.274680" lat="44.561706"><ele>69.456276</ele><time>2020-12-08T22:34:02Z</time><extensions><speed>5.052748</speed><course>76.105225</course><hAcc>4.746775</hAcc><vAcc>3.360457</vAcc></extensions></trkpt>
      <trkpt lon="-123.274615" lat="44.561718"><ele>69.054337</ele><time>2020-12-08T22:34:03Z</time><extensions><speed>5.076919</speed><course>77.095901</course><hAcc>4.747191</hAcc><vAcc>3.359869</vAcc></extensions></trkpt>
      <trkpt lon="-123.274554" lat="44.561725"><ele>68.887672</ele><time>2020-12-08T22:34:04Z</time><extensions><speed>4.898295</speed><course>84.451866</course><hAcc>4.739399</hAcc><vAcc>3.370850</vAcc></extensions></trkpt>
      <trkpt lon="-123.274519" lat="44.561704"><ele>69.113495</ele><time>2020-12-08T22:34:05Z</time><extensions><speed>3.643207</speed><course>113.767792</course><hAcc>4.746801</hAcc><vAcc>3.360419</vAcc></extensions></trkpt>
      <trkpt lon="-123.274496" lat="44.561661"><ele>69.300964</ele><time>2020-12-08T22:34:06Z</time><extensions><speed>4.012967</speed><course>144.261810</course><hAcc>4.742973</hAcc><vAcc>3.365820</vAcc></extensions></trkpt>
      <trkpt lon="-123.274495" lat="44.561621"><ele>67.690857</ele><time>2020-12-08T22:34:07Z</time><extensions><speed>4.129007</speed><course>166.466385</course><hAcc>4.744062</hAcc><vAcc>3.364285</vAcc></extensions></trkpt>
      <trkpt lon="-123.274496" lat="44.561564"><ele>69.079872</ele><time>2020-12-08T22:34:08Z</time><extensions><speed>5.584041</speed><course>179.870087</course><hAcc>4.741516</hAcc><vAcc>3.367872</vAcc></extensions></trkpt>
      <trkpt lon="-123.274504" lat="44.561527"><ele>68.094513</ele><time>2020-12-08T22:34:09Z</time><extensions><speed>4.989917</speed><course>184.571899</course><hAcc>4.744081</hAcc><vAcc>3.364258</vAcc></extensions></trkpt>
      <trkpt lon="-123.274476" lat="44.561482"><ele>68.331703</ele><time>2020-12-08T22:34:10Z</time><extensions><speed>5.276815</speed><course>169.354553</course><hAcc>4.743854</hAcc><vAcc>3.364578</vAcc></extensions></trkpt>
      <trkpt lon="-123.274444" lat="44.561448"><ele>68.566940</ele><time>2020-12-08T22:34:11Z</time><extensions><speed>4.918323</speed><course>150.875519</course><hAcc>4.752177</hAcc><vAcc>3.352812</vAcc></extensions></trkpt>
      <trkpt lon="-123.274434" lat="44.561393"><ele>69.319901</ele><time>2020-12-08T22:34:12Z</time><extensions><speed>5.365935</speed><course>157.803452</course><hAcc>4.746494</hAcc><vAcc>3.360853</vAcc></extensions></trkpt>
      <trkpt lon="-123.274437" lat="44.561355"><ele>68.706596</ele><time>2020-12-08T22:34:13Z</time><extensions><speed>4.667804</speed><course>167.626144</course><hAcc>4.736482</hAcc><vAcc>3.374948</vAcc></extensions></trkpt>
      <trkpt lon="-123.274448" lat="44.561308"><ele>67.822472</ele><time>2020-12-08T22:34:14Z</time><extensions><speed>4.898295</speed><course>179.863739</course><hAcc>4.734473</hAcc><vAcc>3.377766</vAcc></extensions></trkpt>
      <trkpt lon="-123.274438" lat="44.561236"><ele>68.289116</ele><time>2020-12-08T22:34:15Z</time><extensions><speed>6.644201</speed><course>176.540054</course><hAcc>4.735615</hAcc><vAcc>3.376164</vAcc></extensions></trkpt>
      <trkpt lon="-123.274416" lat="44.561192"><ele>68.466560</ele><time>2020-12-08T22:34:16Z</time><extensions><speed>5.870432</speed><course>167.719269</course><hAcc>4.740195</hAcc><vAcc>3.369731</vAcc></extensions></trkpt>
      <trkpt lon="-123.274375" lat="44.561144"><ele>67.153435</ele><time>2020-12-08T22:34:17Z</time><extensions><speed>5.868394</speed><course>151.112030</course><hAcc>4.740811</hAcc><vAcc>3.368865</vAcc></extensions></trkpt>
      <trkpt lon="-123.274349" lat="44.561080"><ele>68.391640</ele><time>2020-12-08T22:34:18Z</time><extensions><speed>6.581995</speed><course>162.822845</course><hAcc>4.739851</hAcc><vAcc>3.370215</vAcc></extensions></trkpt>
      <trkpt lon="-123.274342" lat="44.561026"><ele>67.309769</ele><time>2020-12-08T22:34:19Z</time><extensions><speed>6.487759</speed><course>171.858444</course><hAcc>4.740777</hAcc><vAcc>3.368912</vAcc></extensions></trkpt>
      <trkpt lon="-123.274338" lat="44.560966"><ele>67.576912</ele><time>2020-12-08T22:34:20Z</time><extensions><speed>6.509470</speed><course>172.918045</course><hAcc>4.741041</hAcc><vAcc>3.368541</vAcc></extensions></trkpt>
      <trkpt lon="-123.274313" lat="44.560902"><ele>67.833099</ele><time>2020-12-08T22:34:21Z</time><extensions><speed>6.943007</speed><course>167.107666</course><hAcc>4.740336</hAcc><vAcc>3.369532</vAcc></extensions></trkpt>
      <trkpt lon="-123.274285" lat="44.560841"><ele>68.744850</ele><time>2020-12-08T22:34:22Z</time><extensions><speed>7.284079</speed><course>161.565979</course><hAcc>4.740769</hAcc><vAcc>3.368923</vAcc></extensions></trkpt>
      <trkpt lon="-123.274247" lat="44.560792"><ele>68.122498</ele><time>2020-12-08T22:34:23Z</time><extensions><speed>6.698339</speed><course>156.032745</course><hAcc>4.742129</hAcc><vAcc>3.367008</vAcc></extensions></trkpt>
      <trkpt lon="-123.274231" lat="44.560732"><ele>68.512718</ele><time>2020-12-08T22:34:24Z</time><extensions><speed>6.617512</speed><course>167.219727</course><hAcc>4.741880</hAcc><vAcc>3.367360</vAcc></extensions></trkpt>
      <trkpt lon="-123.274215" lat="44.560670"><ele>68.853737</ele><time>2020-12-08T22:34:25Z</time><extensions><speed>6.780594</speed><course>167.633011</course><hAcc>4.740427</hAcc><vAcc>3.369406</vAcc></extensions></trkpt>
      <trkpt lon="-123.274188" lat="44.560610"><ele>68.577538</ele><time>2020-12-08T22:34:26Z</time><extensions><speed>7.128042</speed><course>160.907761</course><hAcc>4.741981</hAcc><vAcc>3.367217</vAcc></extensions></trkpt>
      <trkpt lon="-123.274169" lat="44.560554"><ele>68.811668</ele><time>2020-12-08T22:34:27Z</time><extensions><speed>6.798545</speed><course>164.688187</course><hAcc>4.741773</hAcc><vAcc>3.367510</vAcc></extensions></trkpt>
      <trkpt lon="-123.274158" lat="44.560493"><ele>68.036446</ele><time>2020-12-08T22:34:28Z</time><extensions><speed>6.770108</speed><course>170.409836</course><hAcc>4.737512</hAcc><vAcc>3.373502</vAcc></extensions></trkpt>
      <trkpt lon="-123.274162" lat="44.560434"><ele>68.320953</ele><time>2020-12-08T22:34:29Z</time><extensions><speed>6.478776</speed><course>176.963989</course><hAcc>4.744980</hAcc><vAcc>3.362990</vAcc></extensions></trkpt>
      <trkpt lon="-123.274153" lat="44.560375"><ele>68.671082</ele><time>2020-12-08T22:34:30Z</time><extensions><speed>6.644783</speed><course>176.692764</course><hAcc>4.743732</hAcc><vAcc>3.364750</vAcc></extensions></trkpt>
      <trkpt lon="-123.274121" lat="44.560321"><ele>67.721001</ele><time>2020-12-08T22:34:31Z</time><extensions><speed>6.491473</speed><course>167.285141</course><hAcc>4.741120</hAcc><vAcc>3.368430</vAcc></extensions></trkpt>
      <trkpt lon="-123.274090" lat="44.560270"><ele>68.366913</ele><time>2020-12-08T22:34:32Z</time><extensions><speed>6.261028</speed><course>156.683075</course><hAcc>4.741865</hAcc><vAcc>3.367381</vAcc></extensions></trkpt>
      <trkpt lon="-123.274052" lat="44.560219"><ele>68.971138</ele><time>2020-12-08T22:34:33Z</time><extensions><speed>6.304496</speed><course>153.197418</course><hAcc>4.742972</hAcc><vAcc>3.365822</vAcc></extensions></trkpt>
      <trkpt lon="-123.274000" lat="44.560176"><ele>68.391525</ele><time>2020-12-08T22:34:34Z</time><extensions><speed>6.249714</speed><course>145.736969</course><hAcc>4.742303</hAcc><vAcc>3.366764</vAcc></extensions></trkpt>
      <trkpt lon="-123.273966" lat="44.560127"><ele>68.221008</ele><time>2020-12-08T22:34:35Z</time><extensions><speed>6.091489</speed><course>148.572418</course><hAcc>4.743340</hAcc><vAcc>3.365303</vAcc></extensions></trkpt>
      <trkpt lon="-123.273932" lat="44.560079"><ele>68.814178</ele><time>2020-12-08T22:34:36Z</time><extensions><speed>6.030562</speed><course>150.975586</course><hAcc>4.743486</hAcc><vAcc>3.365097</vAcc></extensions></trkpt>
      <trkpt lon="-123.273876" lat="44.560040"><ele>68.932945</ele><time>2020-12-08T22:34:37Z</time><extensions><speed>6.180117</speed><course>140.047394</course><hAcc>4.744578</hAcc><vAcc>3.363557</vAcc></extensions></trkpt>
      <trkpt lon="-123.273815" lat="44.560006"><ele>68.668549</ele><time>2020-12-08T22:34:38Z</time><extensions><speed>6.085360</speed><course>129.932373</course><hAcc>4.740128</hAcc><vAcc>3.369826</vAcc></extensions></trkpt>
      <trkpt lon="-123.273735" lat="44.559989"><ele>69.390984</ele><time>2020-12-08T22:34:39Z</time><extensions><speed>6.193748</speed><course>112.188324</course><hAcc>4.738185</hAcc><vAcc>3.372557</vAcc></extensions></trkpt>
      <trkpt lon="-123.273658" lat="44.559974"><ele>69.599228</ele><time>2020-12-08T22:34:40Z</time><extensions><speed>6.172666</speed><course>106.358986</course><hAcc>4.741826</hAcc><vAcc>3.367436</vAcc></extensions></trkpt>
      <trkpt lon="-123.273585" lat="44.559978"><ele>68.756454</ele><time>2020-12-08T22:34:41Z</time><extensions><speed>5.715889</speed><course>92.659805</course><hAcc>4.738807</hAcc><vAcc>3.371683</vAcc></extensions></trkpt>
      <trkpt lon="-123.273489" lat="44.559985"><ele>69.923973</ele><time>2020-12-08T22:34:42Z</time><extensions><speed>6.716232</speed><course>86.304825</course><hAcc>4.739082</hAcc><vAcc>3.371296</vAcc></extensions></trkpt>
      <trkpt lon="-123.273418" lat="44.559996"><ele>69.152390</ele><time>2020-12-08T22:34:43Z</time><extensions><speed>6.188636</speed><course>83.780724</course><hAcc>4.740683</hAcc><vAcc>3.369045</vAcc></extensions></trkpt>
      <trkpt lon="-123.273348" lat="44.560002"><ele>68.213501</ele><time>2020-12-08T22:34:44Z</time><extensions><speed>5.740323</speed><course>82.414078</course><hAcc>4.741026</hAcc><vAcc>3.368562</vAcc></extensions></trkpt>
      <trkpt lon="-123.273261" lat="44.560008"><ele>69.292732</ele><time>2020-12-08T22:34:45Z</time><extensions><speed>6.398835</speed><course>82.030754</course><hAcc>4.743900</hAcc><vAcc>3.364513</vAcc></extensions></trkpt>
      <trkpt lon="-123.273189" lat="44.560022"><ele>69.318672</ele><time>2020-12-08T22:34:46Z</time><extensions><speed>6.095122</speed><course>79.635567</course><hAcc>4.748748</hAcc><vAcc>3.357667</vAcc></extensions></trkpt>
      <trkpt lon="-123.273120" lat="44.560013"><ele>69.196465</ele><time>2020-12-08T22:34:47Z</time><extensions><speed>5.551001</speed><course>87.172684</course><hAcc>4.747272</hAcc><vAcc>3.359754</vAcc></extensions></trkpt>
      <trkpt lon="-123.273043" lat="44.560012"><ele>68.391243</ele><time>2020-12-08T22:34:48Z</time><extensions><speed>5.950060</speed><course>85.948181</course><hAcc>4.745135</hAcc><vAcc>3.362771</vAcc></extensions></trkpt>
      <trkpt lon="-123.272955" lat="44.560022"><ele>70.033310</ele><time>2020-12-08T22:34:49Z</time><extensions><speed>6.504497</speed><course>83.161606</course><hAcc>4.744287</hAcc><vAcc>3.363968</vAcc></extensions></trkpt>
      <trkpt lon="-123.272898" lat="44.560029"><ele>68.649284</ele><time>2020-12-08T22:34:50Z</time><extensions><speed>5.207485</speed><course>82.930222</course><hAcc>4.746927</hAcc><vAcc>3.360241</vAcc></extensions></trkpt>
      <trkpt lon="-123.272816" lat="44.560040"><ele>69.046097</ele><time>2020-12-08T22:34:51Z</time><extensions><speed>5.833138</speed><course>81.361488</course><hAcc>4.743852</hAcc><vAcc>3.364582</vAcc></extensions></trkpt>
      <trkpt lon="-123.272743" lat="44.560046"><ele>69.035103</ele><time>2020-12-08T22:34:52Z</time><extensions><speed>5.946958</speed><course>83.448586</course><hAcc>4.746583</hAcc><vAcc>3.360727</vAcc></extensions></trkpt>
      <trkpt lon="-123.272667" lat="44.560061"><ele>69.092026</ele><time>2020-12-08T22:34:53Z</time><extensions><speed>6.031440</speed><course>77.792969</course><hAcc>4.743990</hAcc><vAcc>3.364386</vAcc></extensions></trkpt>
      <trkpt lon="-123.272602" lat="44.560065"><ele>68.762657</ele><time>2020-12-08T22:34:54Z</time><extensions><speed>5.311160</speed><course>85.783775</course><hAcc>4.747765</hAcc><vAcc>3.359058</vAcc></extensions></trkpt>
      <trkpt lon="-123.272546" lat="44.560041"><ele>69.018456</ele><time>2020-12-08T22:34:55Z</time><extensions><speed>4.692521</speed><course>112.458717</course><hAcc>4.744188</hAcc><vAcc>3.364107</vAcc></extensions></trkpt>
      <trkpt lon="-123.272481" lat="44.560003"><ele>68.546021</ele><time>2020-12-08T22:34:56Z</time><extensions><speed>5.757375</speed><course>120.998436</course><hAcc>4.742393</hAcc><vAcc>3.366637</vAcc></extensions></trkpt>
      <trkpt lon="-123.272417" lat="44.559988"><ele>69.520081</ele><time>2020-12-08T22:34:57Z</time><extensions><speed>5.464729</speed><course>112.645935</course><hAcc>4.737030</hAcc><vAcc>3.374180</vAcc></extensions></trkpt>
      <trkpt lon="-123.272345" lat="44.559982"><ele>69.380234</ele><time>2020-12-08T22:34:58Z</time><extensions><speed>5.794011</speed><course>101.071892</course><hAcc>4.738358</hAcc><vAcc>3.372314</vAcc></extensions></trkpt>
      <trkpt lon="-123.272283" lat="44.559978"><ele>68.599022</ele><time>2020-12-08T22:34:59Z</time><extensions><speed>5.277793</speed><course>95.681015</course><hAcc>4.739548</hAcc><vAcc>3.370641</vAcc></extensions></trkpt>
      <trkpt lon="-123.272199" lat="44.559986"><ele>68.946701</ele><time>2020-12-08T22:35:00Z</time><extensions><speed>6.012669</speed><course>87.235283</course><hAcc>4.742317</hAcc><vAcc>3.366744</vAcc></extensions></trkpt>
      <trkpt lon="-123.272121" lat="44.559995"><ele>68.712379</ele><time>2020-12-08T22:35:01Z</time><extensions><speed>6.355271</speed><course>86.600861</course><hAcc>4.742115</hAcc><vAcc>3.367029</vAcc></extensions></trkpt>
      <trkpt lon="-123.272055" lat="44.560001"><ele>67.524231</ele><time>2020-12-08T22:35:02Z</time><extensions><speed>5.731595</speed><course>84.609489</course><hAcc>4.739311</hAcc><vAcc>3.370975</vAcc></extensions></trkpt>
      <trkpt lon="-123.271960" lat="44.560008"><ele>68.552010</ele><time>2020-12-08T22:35:03Z</time><extensions><speed>6.703467</speed><course>83.532692</course><hAcc>4.739482</hAcc><vAcc>3.370733</vAcc></extensions></trkpt>
      <trkpt lon="-123.271878" lat="44.560012"><ele>69.213440</ele><time>2020-12-08T22:35:04Z</time><extensions><speed>6.878372</speed><course>86.114090</course><hAcc>4.741134</hAcc><vAcc>3.368410</vAcc></extensions></trkpt>
      <trkpt lon="-123.271816" lat="44.560026"><ele>67.652138</ele><time>2020-12-08T22:35:05Z</time><extensions><speed>5.917830</speed><course>80.738724</course><hAcc>4.740775</hAcc><vAcc>3.368915</vAcc></extensions></trkpt>
      <trkpt lon="-123.271723" lat="44.560031"><ele>68.566063</ele><time>2020-12-08T22:35:06Z</time><extensions><speed>6.697780</speed><course>83.838081</course><hAcc>4.740187</hAcc><vAcc>3.369743</vAcc></extensions></trkpt>
      <trkpt lon="-123.271645" lat="44.560036"><ele>69.097534</ele><time>2020-12-08T22:35:07Z</time><extensions><speed>6.402159</speed><course>86.262512</course><hAcc>4.740199</hAcc><vAcc>3.369726</vAcc></extensions></trkpt>
      <trkpt lon="-123.271579" lat="44.560031"><ele>69.419205</ele><time>2020-12-08T22:35:08Z</time><extensions><speed>5.754819</speed><course>90.345467</course><hAcc>4.751441</hAcc><vAcc>3.353854</vAcc></extensions></trkpt>
      <trkpt lon="-123.271546" lat="44.560059"><ele>69.283852</ele><time>2020-12-08T22:35:09Z</time><extensions><speed>4.113272</speed><course>74.850739</course><hAcc>4.749563</hAcc><vAcc>3.356514</vAcc></extensions></trkpt>
      <trkpt lon="-123.271437" lat="44.560073"><ele>68.446259</ele><time>2020-12-08T22:35:10Z</time><extensions><speed>6.319606</speed><course>76.851295</course><hAcc>4.738556</hAcc><vAcc>3.372036</vAcc></extensions></trkpt>
      <trkpt lon="-123.271371" lat="44.560073"><ele>68.215714</ele><time>2020-12-08T22:35:11Z</time><extensions><speed>5.853817</speed><course>78.529297</course><hAcc>4.738178</hAcc><vAcc>3.372566</vAcc></extensions></trkpt>
      <trkpt lon="-123.271301" lat="44.560080"><ele>68.574997</ele><time>2020-12-08T22:35:12Z</time><extensions><speed>5.677683</speed><course>79.266792</course><hAcc>4.739765</hAcc><vAcc>3.370336</vAcc></extensions></trkpt>
      <trkpt lon="-123.271237" lat="44.560078"><ele>68.463783</ele><time>2020-12-08T22:35:13Z</time><extensions><speed>5.390338</speed><course>83.606071</course><hAcc>4.745596</hAcc><vAcc>3.362120</vAcc></extensions></trkpt>
      <trkpt lon="-123.271171" lat="44.560083"><ele>68.603943</ele><time>2020-12-08T22:35:14Z</time><extensions><speed>5.099346</speed><course>83.654572</course><hAcc>4.753700</hAcc><vAcc>3.350653</vAcc></extensions></trkpt>
      <trkpt lon="-123.271094" lat="44.560071"><ele>68.217461</ele><time>2020-12-08T22:35:15Z</time><extensions><speed>5.711709</speed><course>96.080635</course><hAcc>4.746939</hAcc><vAcc>3.360225</vAcc></extensions></trkpt>
      <trkpt lon="-123.271041" lat="44.560053"><ele>68.454659</ele><time>2020-12-08T22:35:16Z</time><extensions><speed>5.462606</speed><course>114.817734</course><hAcc>4.750290</hAcc><vAcc>3.355485</vAcc></extensions></trkpt>
      <trkpt lon="-123.271028" lat="44.560000"><ele>68.635780</ele><time>2020-12-08T22:35:17Z</time><extensions><speed>5.042887</speed><course>151.833450</course><hAcc>4.752334</hAcc><vAcc>3.352590</vAcc></extensions></trkpt>
      <trkpt lon="-123.271042" lat="44.559964"><ele>69.159187</ele><time>2020-12-08T22:35:18Z</time><extensions><speed>4.392967</speed><course>173.046738</course><hAcc>4.746957</hAcc><vAcc>3.360199</vAcc></extensions></trkpt>
      <trkpt lon="-123.271026" lat="44.559919"><ele>68.692299</ele><time>2020-12-08T22:35:19Z</time><extensions><speed>4.949617</speed><course>166.628677</course><hAcc>4.746492</hAcc><vAcc>3.360856</vAcc></extensions></trkpt>
      <trkpt lon="-123.271012" lat="44.559868"><ele>68.868843</ele><time>2020-12-08T22:35:20Z</time><extensions><speed>5.673826</speed><course>164.966766</course><hAcc>4.743320</hAcc><vAcc>3.365331</vAcc></extensions></trkpt>
      <trkpt lon="-123.270995" lat="44.559835"><ele>69.189278</ele><time>2020-12-08T22:35:21Z</time><extensions><speed>4.773073</speed><course>161.097473</course><hAcc>4.741423</hAcc><vAcc>3.368003</vAcc></extensions></trkpt>
      <trkpt lon="-123.270985" lat="44.559795"><ele>69.459106</ele><time>2020-12-08T22:35:22Z</time><extensions><speed>4.813789</speed><course>164.710022</course><hAcc>4.743534</hAcc><vAcc>3.365030</vAcc></extensions></trkpt>
      <trkpt lon="-123.270986" lat="44.559752"><ele>68.793045</ele><time>2020-12-08T22:35:23Z</time><extensions><speed>4.671532</speed><course>172.729507</course><hAcc>4.743582</hAcc><vAcc>3.364962</vAcc></extensions></trkpt>
      <trkpt lon="-123.270987" lat="44.559705"><ele>69.226921</ele><time>2020-12-08T22:35:24Z</time><extensions><speed>5.141359</speed><course>177.191483</course><hAcc>4.745411</hAcc><vAcc>3.362381</vAcc></extensions></trkpt>
      <trkpt lon="-123.270978" lat="44.559668"><ele>69.269363</ele><time>2020-12-08T22:35:25Z</time><extensions><speed>4.847933</speed><course>176.291107</course><hAcc>4.745912</hAcc><vAcc>3.361676</vAcc></extensions></trkpt>
      <trkpt lon="-123.270970" lat="44.559610"><ele>68.749611</ele><time>2020-12-08T22:35:26Z</time><extensions><speed>5.820480</speed><course>174.076202</course><hAcc>4.772859</hAcc><vAcc>3.323304</vAcc></extensions></trkpt>
      <trkpt lon="-123.270974" lat="44.559575"><ele>68.842369</ele><time>2020-12-08T22:35:27Z</time><extensions><speed>5.032508</speed><course>178.775742</course><hAcc>4.751473</hAcc><vAcc>3.353810</vAcc></extensions></trkpt>
      <trkpt lon="-123.270956" lat="44.559543"><ele>69.356277</ele><time>2020-12-08T22:35:28Z</time><extensions><speed>4.585217</speed><course>164.755295</course><hAcc>4.742191</hAcc><vAcc>3.366922</vAcc></extensions></trkpt>
      <trkpt lon="-123.270947" lat="44.559505"><ele>68.437370</ele><time>2020-12-08T22:35:29Z</time><extensions><speed>4.490222</speed><course>166.129669</course><hAcc>4.740486</hAcc><vAcc>3.369322</vAcc></extensions></trkpt>
      <trkpt lon="-123.270946" lat="44.559458"><ele>69.024536</ele><time>2020-12-08T22:35:30Z</time><extensions><speed>4.859810</speed><course>170.102264</course><hAcc>4.744185</hAcc><vAcc>3.364111</vAcc></extensions></trkpt>
      <trkpt lon="-123.270942" lat="44.559422"><ele>68.864418</ele><time>2020-12-08T22:35:31Z</time><extensions><speed>4.527320</speed><course>175.616440</course><hAcc>4.740424</hAcc><vAcc>3.369409</vAcc></extensions></trkpt>
      <trkpt lon="-123.270922" lat="44.559382"><ele>68.718979</ele><time>2020-12-08T22:35:32Z</time><extensions><speed>4.684668</speed><course>165.994873</course><hAcc>4.741978</hAcc><vAcc>3.367222</vAcc></extensions></trkpt>
      <trkpt lon="-123.270931" lat="44.559339"><ele>68.901321</ele><time>2020-12-08T22:35:33Z</time><extensions><speed>4.889416</speed><course>176.765305</course><hAcc>4.742440</hAcc><vAcc>3.366571</vAcc></extensions></trkpt>
      <trkpt lon="-123.270914" lat="44.559297"><ele>68.656281</ele><time>2020-12-08T22:35:34Z</time><extensions><speed>4.997931</speed><course>168.802826</course><hAcc>4.742633</hAcc><vAcc>3.366298</vAcc></extensions></trkpt>
      <trkpt lon="-123.270928" lat="44.559256"><ele>68.624825</ele><time>2020-12-08T22:35:35Z</time><extensions><speed>4.911665</speed><course>184.476700</course><hAcc>4.744989</hAcc><vAcc>3.362977</vAcc></extensions></trkpt>
      <trkpt lon="-123.270935" lat="44.559216"><ele>68.486977</ele><time>2020-12-08T22:35:36Z</time><extensions><speed>4.722189</speed><course>184.235931</course><hAcc>4.742191</hAcc><vAcc>3.366921</vAcc></extensions></trkpt>
      <trkpt lon="-123.270923" lat="44.559163"><ele>68.669754</ele><time>2020-12-08T22:35:37Z</time><extensions><speed>5.403908</speed><course>174.507675</course><hAcc>4.742496</hAcc><vAcc>3.366493</vAcc></extensions></trkpt>
      <trkpt lon="-123.270916" lat="44.559122"><ele>67.758476</ele><time>2020-12-08T22:35:38Z</time><extensions><speed>4.822872</speed><course>173.470718</course><hAcc>4.741381</hAcc><vAcc>3.368062</vAcc></extensions></trkpt>
      <trkpt lon="-123.270892" lat="44.559058"><ele>69.200111</ele><time>2020-12-08T22:35:39Z</time><extensions><speed>6.244532</speed><course>166.071274</course><hAcc>4.740849</hAcc><vAcc>3.368811</vAcc></extensions></trkpt>
      <trkpt lon="-123.270861" lat="44.559027"><ele>69.031700</ele><time>2020-12-08T22:35:40Z</time><extensions><speed>5.094033</speed><course>156.914459</course><hAcc>4.737858</hAcc><vAcc>3.373016</vAcc></extensions></trkpt>
      <trkpt lon="-123.270881" lat="44.558974"><ele>69.696663</ele><time>2020-12-08T22:35:41Z</time><extensions><speed>5.219660</speed><course>179.537033</course><hAcc>4.743343</hAcc><vAcc>3.365299</vAcc></extensions></trkpt>
      <trkpt lon="-123.270858" lat="44.558931"><ele>69.740288</ele><time>2020-12-08T22:35:42Z</time><extensions><speed>5.040180</speed><course>168.833115</course><hAcc>4.743956</hAcc><vAcc>3.364434</vAcc></extensions></trkpt>
      <trkpt lon="-123.270839" lat="44.558883"><ele>69.974571</ele><time>2020-12-08T22:35:43Z</time><extensions><speed>5.275726</speed><course>165.322433</course><hAcc>4.746353</hAcc><vAcc>3.361052</vAcc></extensions></trkpt>
      <trkpt lon="-123.270841" lat="44.558844"><ele>69.426857</ele><time>2020-12-08T22:35:44Z</time><extensions><speed>4.718676</speed><course>168.794403</course><hAcc>4.740651</hAcc><vAcc>3.369089</vAcc></extensions></trkpt>
      <trkpt lon="-123.270827" lat="44.558806"><ele>69.565475</ele><time>2020-12-08T22:35:45Z</time><extensions><speed>4.407601</speed><course>165.728882</course><hAcc>4.738404</hAcc><vAcc>3.372249</vAcc></extensions></trkpt>
      <trkpt lon="-123.270806" lat="44.558763"><ele>69.658073</ele><time>2020-12-08T22:35:46Z</time><extensions><speed>4.660718</speed><course>164.216003</course><hAcc>4.733781</hAcc><vAcc>3.378735</vAcc></extensions></trkpt>
      <trkpt lon="-123.270815" lat="44.558729"><ele>69.522858</ele><time>2020-12-08T22:35:47Z</time><extensions><speed>4.162467</speed><course>184.122940</course><hAcc>4.741087</hAcc><vAcc>3.368476</vAcc></extensions></trkpt>
      <trkpt lon="-123.270855" lat="44.558706"><ele>68.176086</ele><time>2020-12-08T22:35:48Z</time><extensions><speed>3.749491</speed><course>211.820602</course><hAcc>4.740872</hAcc><vAcc>3.368779</vAcc></extensions></trkpt>
      <trkpt lon="-123.270897" lat="44.558695"><ele>68.371826</ele><time>2020-12-08T22:35:49Z</time><extensions><speed>3.293314</speed><course>234.748199</course><hAcc>4.739879</hAcc><vAcc>3.370176</vAcc></extensions></trkpt>
      <trkpt lon="-123.270943" lat="44.558694"><ele>68.118011</ele><time>2020-12-08T22:35:50Z</time><extensions><speed>2.638071</speed><course>254.179306</course><hAcc>4.742989</hAcc><vAcc>3.365798</vAcc></extensions></trkpt>
      <trkpt lon="-123.270963" lat="44.558687"><ele>67.024620</ele><time>2020-12-08T22:35:51Z</time><extensions><speed>2.256536</speed><course>246.209641</course><hAcc>4.740824</hAcc><vAcc>3.368846</vAcc></extensions></trkpt>
      <trkpt lon="-123.270960" lat="44.558693"><ele>67.871689</ele><time>2020-12-08T22:35:52Z</time><extensions><speed>0.483607</speed><course>275.540741</course><hAcc>4.731261</hAcc><vAcc>3.382264</vAcc></extensions></trkpt>
      <trkpt lon="-123.270962" lat="44.558694"><ele>68.599472</ele><time>2020-12-08T22:35:53Z</time><extensions><speed>0.614711</speed><course>274.303375</course><hAcc>4.730019</hAcc><vAcc>3.384000</vAcc></extensions></trkpt>
      <trkpt lon="-123.270961" lat="44.558694"><ele>68.519890</ele><time>2020-12-08T22:35:54Z</time><extensions><speed>0.000000</speed><course>267.540436</course><hAcc>4.734837</hAcc><vAcc>3.377256</vAcc></extensions></trkpt>
      <trkpt lon="-123.270984" lat="44.558696"><ele>68.941444</ele><time>2020-12-08T22:35:55Z</time><extensions><speed>1.531651</speed><course>276.681427</course><hAcc>4.738462</hAcc><vAcc>3.372167</vAcc></extensions></trkpt>
      <trkpt lon="-123.271005" lat="44.558692"><ele>69.476181</ele><time>2020-12-08T22:35:56Z</time><extensions><speed>1.766989</speed><course>258.327148</course><hAcc>4.777815</hAcc><vAcc>3.316176</vAcc></extensions></trkpt>
      <trkpt lon="-123.271046" lat="44.558703"><ele>68.943283</ele><time>2020-12-08T22:35:57Z</time><extensions><speed>2.587973</speed><course>279.213318</course><hAcc>4.744706</hAcc><vAcc>3.363376</vAcc></extensions></trkpt>
      <trkpt lon="-123.271093" lat="44.558695"><ele>69.178848</ele><time>2020-12-08T22:35:58Z</time><extensions><speed>3.193834</speed><course>268.794647</course><hAcc>4.751905</hAcc><vAcc>3.353198</vAcc></extensions></trkpt>
      <trkpt lon="-123.271127" lat="44.558697"><ele>68.889008</ele><time>2020-12-08T22:35:59Z</time><extensions><speed>3.002422</speed><course>271.297882</course><hAcc>4.757854</hAcc><vAcc>3.344752</vAcc></extensions></trkpt>
      <trkpt lon="-123.271128" lat="44.558690"><ele>68.924622</ele><time>2020-12-08T22:36:00Z</time><extensions><speed>1.458617</speed><course>265.835480</course><hAcc>4.765501</hAcc><vAcc>3.333846</vAcc></extensions></trkpt>
      <trkpt lon="-123.271130" lat="44.558695"><ele>69.332558</ele><time>2020-12-08T22:36:01Z</time><extensions><speed>0.823357</speed><course>291.032196</course><hAcc>4.775026</hAcc><vAcc>3.320190</vAcc></extensions></trkpt>
      <trkpt lon="-123.271159" lat="44.558694"><ele>69.333351</ele><time>2020-12-08T22:36:02Z</time><extensions><speed>1.421368</speed><course>275.351807</course><hAcc>4.788928</hAcc><vAcc>3.300107</vAcc></extensions></trkpt>
      <trkpt lon="-123.271166" lat="44.558691"><ele>69.051018</ele><time>2020-12-08T22:36:03Z</time><extensions><speed>0.869932</speed><course>263.604095</course><hAcc>4.784363</hAcc><vAcc>3.306722</vAcc></extensions></trkpt>
      <trkpt lon="-123.271151" lat="44.558721"><ele>70.280014</ele><time>2020-12-08T22:36:04Z</time><extensions><speed>1.042532</speed><course>16.385900</course><hAcc>4.789512</hAcc><vAcc>3.299260</vAcc></extensions></trkpt>
      <trkpt lon="-123.271163" lat="44.558734"><ele>70.362274</ele><time>2020-12-08T22:36:05Z</time><extensions><speed>1.478364</speed><course>1.793889</course><hAcc>4.781411</hAcc><vAcc>3.310989</vAcc></extensions></trkpt>
      <trkpt lon="-123.271157" lat="44.558727"><ele>70.356949</ele><time>2020-12-08T22:36:06Z</time><extensions><speed>0.732649</speed><course>16.939320</course><hAcc>4.766756</hAcc><vAcc>3.332052</vAcc></extensions></trkpt>
      <trkpt lon="-123.271157" lat="44.558721"><ele>70.038071</ele><time>2020-12-08T22:36:07Z</time><extensions><speed>0.000000</speed><course>16.258818</course><hAcc>4.767164</hAcc><vAcc>3.331468</vAcc></extensions></trkpt>
      <trkpt lon="-123.271156" lat="44.558714"><ele>70.029884</ele><time>2020-12-08T22:36:08Z</time><extensions><speed>0.000000</speed><course>16.258818</course><hAcc>4.774646</hAcc><vAcc>3.320737</vAcc></extensions></trkpt>
      <trkpt lon="-123.271148" lat="44.558712"><ele>69.688972</ele><time>2020-12-08T22:36:09Z</time><extensions><speed>0.000000</speed><course>16.258821</course><hAcc>4.773555</hAcc><vAcc>3.322305</vAcc></extensions></trkpt>
      <trkpt lon="-123.271147" lat="44.558712"><ele>69.566353</ele><time>2020-12-08T22:36:10Z</time><extensions><speed>0.000000</speed><course>16.258823</course><hAcc>4.768598</hAcc><vAcc>3.329417</vAcc></extensions></trkpt>
      <trkpt lon="-123.271131" lat="44.558703"><ele>69.861145</ele><time>2020-12-08T22:36:11Z</time><extensions><speed>0.000000</speed><course>73.127205</course><hAcc>4.811482</hAcc><vAcc>3.267135</vAcc></extensions></trkpt>
      <trkpt lon="-123.271103" lat="44.558709"><ele>69.622337</ele><time>2020-12-08T22:36:12Z</time><extensions><speed>1.189262</speed><course>62.375896</course><hAcc>4.762725</hAcc><vAcc>3.337811</vAcc></extensions></trkpt>
      <trkpt lon="-123.271090" lat="44.558683"><ele>69.468147</ele><time>2020-12-08T22:36:13Z</time><extensions><speed>1.052643</speed><course>110.184662</course><hAcc>4.758286</hAcc><vAcc>3.344137</vAcc></extensions></trkpt>
      <trkpt lon="-123.271073" lat="44.558671"><ele>70.935150</ele><time>2020-12-08T22:36:14Z</time><extensions><speed>1.134701</speed><course>118.143936</course><hAcc>4.752663</hAcc><vAcc>3.352123</vAcc></extensions></trkpt>
      <trkpt lon="-123.271080" lat="44.558674"><ele>70.535194</ele><time>2020-12-08T22:36:15Z</time><extensions><speed>0.000000</speed><course>123.030800</course><hAcc>4.752388</hAcc><vAcc>3.352514</vAcc></extensions></trkpt>
      <trkpt lon="-123.271079" lat="44.558678"><ele>70.327713</ele><time>2020-12-08T22:36:16Z</time><extensions><speed>0.000000</speed><course>123.030800</course><hAcc>4.763053</hAcc><vAcc>3.337343</vAcc></extensions></trkpt>
      <trkpt lon="-123.271073" lat="44.558674"><ele>70.976120</ele><time>2020-12-08T22:36:17Z</time><extensions><speed>0.000000</speed><course>123.030800</course><hAcc>4.768371</hAcc><vAcc>3.329741</vAcc></extensions></trkpt>
      <trkpt lon="-123.271069" lat="44.558674"><ele>70.408066</ele><time>2020-12-08T22:36:18Z</time><extensions><speed>0.000000</speed><course>123.030807</course><hAcc>4.758558</hAcc><vAcc>3.343749</vAcc></extensions></trkpt>
      <trkpt lon="-123.271050" lat="44.558667"><ele>71.383781</ele><time>2020-12-08T22:36:19Z</time><extensions><speed>0.817739</speed><course>110.144249</course><hAcc>4.758088</hAcc><vAcc>3.344419</vAcc></extensions></trkpt>
      <trkpt lon="-123.271039" lat="44.558667"><ele>71.230484</ele><time>2020-12-08T22:36:20Z</time><extensions><speed>0.782523</speed><course>104.746521</course><hAcc>4.754328</hAcc><vAcc>3.349761</vAcc></extensions></trkpt>
      <trkpt lon="-123.271024" lat="44.558675"><ele>70.623932</ele><time>2020-12-08T22:36:21Z</time><extensions><speed>0.965221</speed><course>83.501503</course><hAcc>4.756727</hAcc><vAcc>3.346354</vAcc></extensions></trkpt>
      <trkpt lon="-123.271013" lat="44.558679"><ele>70.264320</ele><time>2020-12-08T22:36:22Z</time><extensions><speed>0.932934</speed><course>77.693039</course><hAcc>4.754279</hAcc><vAcc>3.349831</vAcc></extensions></trkpt>
      <trkpt lon="-123.270993" lat="44.558678"><ele>70.746132</ele><time>2020-12-08T22:36:23Z</time><extensions><speed>1.272420</speed><course>85.583023</course><hAcc>4.751907</hAcc><vAcc>3.353195</vAcc></extensions></trkpt>
      <trkpt lon="-123.270978" lat="44.558674"><ele>70.749130</ele><time>2020-12-08T22:36:24Z</time><extensions><speed>1.247309</speed><course>91.285973</course><hAcc>4.758208</hAcc><vAcc>3.344247</vAcc></extensions></trkpt>
      <trkpt lon="-123.270964" lat="44.558675"><ele>69.881622</ele><time>2020-12-08T22:36:25Z</time><extensions><speed>1.043232</speed><course>91.685913</course><hAcc>4.752155</hAcc><vAcc>3.352843</vAcc></extensions></trkpt>
      <trkpt lon="-123.270947" lat="44.558689"><ele>69.406944</ele><time>2020-12-08T22:36:26Z</time><extensions><speed>1.171278</speed><course>62.696541</course><hAcc>4.751632</hAcc><vAcc>3.353585</vAcc></extensions></trkpt>
      <trkpt lon="-123.270936" lat="44.558692"><ele>69.785278</ele><time>2020-12-08T22:36:27Z</time><extensions><speed>0.989420</speed><course>62.491489</course><hAcc>4.752538</hAcc><vAcc>3.352300</vAcc></extensions></trkpt>
      <trkpt lon="-123.270922" lat="44.558703"><ele>69.726425</ele><time>2020-12-08T22:36:28Z</time><extensions><speed>1.292646</speed><course>47.948586</course><hAcc>4.748478</hAcc><vAcc>3.358048</vAcc></extensions></trkpt>
      <trkpt lon="-123.270924" lat="44.558718"><ele>69.588501</ele><time>2020-12-08T22:36:29Z</time><extensions><speed>1.140925</speed><course>22.544470</course><hAcc>4.747274</hAcc><vAcc>3.359751</vAcc></extensions></trkpt>
      <trkpt lon="-123.270922" lat="44.558731"><ele>69.715492</ele><time>2020-12-08T22:36:30Z</time><extensions><speed>1.280894</speed><course>10.158908</course><hAcc>4.744127</hAcc><vAcc>3.364193</vAcc></extensions></trkpt>
      <trkpt lon="-123.270927" lat="44.558733"><ele>69.235344</ele><time>2020-12-08T22:36:31Z</time><extensions><speed>0.550067</speed><course>345.548767</course><hAcc>4.742102</hAcc><vAcc>3.367048</vAcc></extensions></trkpt>
      <trkpt lon="-123.270940" lat="44.558740"><ele>69.633163</ele><time>2020-12-08T22:36:32Z</time><extensions><speed>0.703190</speed><course>297.910553</course><hAcc>4.743715</hAcc><vAcc>3.364775</vAcc></extensions></trkpt>
      <trkpt lon="-123.270935" lat="44.558741"><ele>69.207260</ele><time>2020-12-08T22:36:33Z</time><extensions><speed>0.000000</speed><course>293.068787</course><hAcc>4.747342</hAcc><vAcc>3.359655</vAcc></extensions></trkpt>
      <trkpt lon="-123.270935" lat="44.558746"><ele>69.788025</ele><time>2020-12-08T22:36:34Z</time><extensions><speed>0.000000</speed><course>293.068787</course><hAcc>4.749524</hAcc><vAcc>3.356569</vAcc></extensions></trkpt>
      <trkpt lon="-123.270935" lat="44.558751"><ele>69.816566</ele><time>2020-12-08T22:36:35Z</time><extensions><speed>0.000000</speed><course>293.068787</course><hAcc>4.753340</hAcc><vAcc>3.351163</vAcc></extensions></trkpt>
      <trkpt lon="-123.270948" lat="44.558751"><ele>69.658730</ele><time>2020-12-08T22:36:36Z</time><extensions><speed>0.711221</speed><course>288.356476</course><hAcc>4.757119</hAcc><vAcc>3.345797</vAcc></extensions></trkpt>
      <trkpt lon="-123.270953" lat="44.558744"><ele>69.596092</ele><time>2020-12-08T22:36:37Z</time><extensions><speed>0.859544</speed><course>252.485214</course><hAcc>4.763037</hAcc><vAcc>3.337367</vAcc></extensions></trkpt>
      <trkpt lon="-123.270934" lat="44.558744"><ele>69.619278</ele><time>2020-12-08T22:36:38Z</time><extensions><speed>0.000000</speed><course>252.670456</course><hAcc>4.747833</hAcc><vAcc>3.358961</vAcc></extensions></trkpt>
      <trkpt lon="-123.270937" lat="44.558746"><ele>69.921745</ele><time>2020-12-08T22:36:39Z</time><extensions><speed>0.000000</speed><course>252.670456</course><hAcc>4.812285</hAcc><vAcc>3.265953</vAcc></extensions></trkpt>
      <trkpt lon="-123.270947" lat="44.558759"><ele>70.088913</ele><time>2020-12-08T22:36:40Z</time><extensions><speed>0.000000</speed><course>252.670441</course><hAcc>4.906676</hAcc><vAcc>3.122350</vAcc></extensions></trkpt>
      <trkpt lon="-123.270974" lat="44.558740"><ele>69.935394</ele><time>2020-12-08T22:36:41Z</time><extensions><speed>1.551268</speed><course>235.663620</course><hAcc>4.861515</hAcc><vAcc>3.192211</vAcc></extensions></trkpt>
      <trkpt lon="-123.270956" lat="44.558733"><ele>70.078079</ele><time>2020-12-08T22:36:42Z</time><extensions><speed>0.989966</speed><course>203.041794</course><hAcc>4.862623</hAcc><vAcc>3.190523</vAcc></extensions></trkpt>
      <trkpt lon="-123.270972" lat="44.558746"><ele>69.464134</ele><time>2020-12-08T22:36:43Z</time><extensions><speed>0.800165</speed><course>238.985199</course><hAcc>4.860341</hAcc><vAcc>3.193998</vAcc></extensions></trkpt>
      <trkpt lon="-123.270956" lat="44.558738"><ele>69.720863</ele><time>2020-12-08T22:36:44Z</time><extensions><speed>0.000000</speed><course>236.536835</course><hAcc>4.872282</hAcc><vAcc>3.175753</vAcc></extensions></trkpt>
      <trkpt lon="-123.270910" lat="44.558766"><ele>69.887947</ele><time>2020-12-08T22:36:45Z</time><extensions><speed>1.417858</speed><course>50.065060</course><hAcc>4.947314</hAcc><vAcc>3.057552</vAcc></extensions></trkpt>
      <trkpt lon="-123.270903" lat="44.558776"><ele>69.697968</ele><time>2020-12-08T22:36:46Z</time><extensions><speed>1.339290</speed><course>45.860619</course><hAcc>5.068871</hAcc><vAcc>2.851506</vAcc></extensions></trkpt>
      <trkpt lon="-123.270863" lat="44.558769"><ele>69.429497</ele><time>2020-12-08T22:36:47Z</time><extensions><speed>1.492621</speed><course>68.515320</course><hAcc>5.093526</hAcc><vAcc>2.807227</vAcc></extensions></trkpt>
      <trkpt lon="-123.270901" lat="44.558761"><ele>69.550690</ele><time>2020-12-08T22:36:48Z</time><extensions><speed>0.000000</speed><course>71.513412</course><hAcc>5.050210</hAcc><vAcc>2.884427</vAcc></extensions></trkpt>
      <trkpt lon="-123.270883" lat="44.558751"><ele>69.321671</ele><time>2020-12-08T22:36:49Z</time><extensions><speed>0.000000</speed><course>73.041443</course><hAcc>4.859803</hAcc><vAcc>3.194816</vAcc></extensions></trkpt>
      <trkpt lon="-123.270881" lat="44.558745"><ele>69.389496</ele><time>2020-12-08T22:36:50Z</time><extensions><speed>0.000000</speed><course>73.041443</course><hAcc>4.817715</hAcc><vAcc>3.257938</vAcc></extensions></trkpt>
      <trkpt lon="-123.270881" lat="44.558749"><ele>69.459541</ele><time>2020-12-08T22:36:51Z</time><extensions><speed>0.000000</speed><course>73.041443</course><hAcc>4.820669</hAcc><vAcc>3.253565</vAcc></extensions></trkpt>
      <trkpt lon="-123.270877" lat="44.558743"><ele>69.228035</ele><time>2020-12-08T22:36:52Z</time><extensions><speed>0.000000</speed><course>73.041451</course><hAcc>4.789103</hAcc><vAcc>3.299853</vAcc></extensions></trkpt>
      <trkpt lon="-123.270879" lat="44.558737"><ele>69.184555</ele><time>2020-12-08T22:36:53Z</time><extensions><speed>0.000000</speed><course>73.041451</course><hAcc>4.790816</hAcc><vAcc>3.297365</vAcc></extensions></trkpt>
      <trkpt lon="-123.270880" lat="44.558732"><ele>69.127731</ele><time>2020-12-08T22:36:54Z</time><extensions><speed>0.000000</speed><course>73.041451</course><hAcc>4.784890</hAcc><vAcc>3.305959</vAcc></extensions></trkpt>
      <trkpt lon="-123.270879" lat="44.558730"><ele>69.452988</ele><time>2020-12-08T22:36:55Z</time><extensions><speed>0.000000</speed><course>73.041451</course><hAcc>4.783461</hAcc><vAcc>3.308027</vAcc></extensions></trkpt>
      <trkpt lon="-123.270868" lat="44.558726"><ele>69.714935</ele><time>2020-12-08T22:36:56Z</time><extensions><speed>0.000000</speed><course>94.929489</course><hAcc>4.772465</hAcc><vAcc>3.323871</vAcc></extensions></trkpt>
      <trkpt lon="-123.270859" lat="44.558728"><ele>69.066338</ele><time>2020-12-08T22:36:57Z</time><extensions><speed>0.282928</speed><course>95.471283</course><hAcc>4.775846</hAcc><vAcc>3.319011</vAcc></extensions></trkpt>
      <trkpt lon="-123.270847" lat="44.558723"><ele>69.657837</ele><time>2020-12-08T22:36:58Z</time><extensions><speed>0.488453</speed><course>107.427742</course><hAcc>4.758625</hAcc><vAcc>3.343654</vAcc></extensions></trkpt>
      <trkpt lon="-123.270836" lat="44.558714"><ele>69.286812</ele><time>2020-12-08T22:36:59Z</time><extensions><speed>1.294363</speed><course>127.459709</course><hAcc>4.756796</hAcc><vAcc>3.346256</vAcc></extensions></trkpt>
      <trkpt lon="-123.270861" lat="44.558711"><ele>69.422424</ele><time>2020-12-08T22:37:00Z</time><extensions><speed>0.838313</speed><course>214.634750</course><hAcc>4.743873</hAcc><vAcc>3.364551</vAcc></extensions></trkpt>
      <trkpt lon="-123.270870" lat="44.558709"><ele>68.660065</ele><time>2020-12-08T22:37:01Z</time><extensions><speed>0.544150</speed><course>198.490005</course><hAcc>4.744112</hAcc><vAcc>3.364213</vAcc></extensions></trkpt>
      <trkpt lon="-123.270894" lat="44.558696"><ele>68.425285</ele><time>2020-12-08T22:37:02Z</time><extensions><speed>1.159812</speed><course>217.242996</course><hAcc>4.764105</hAcc><vAcc>3.335841</vAcc></extensions></trkpt>
      <trkpt lon="-123.270937" lat="44.558706"><ele>68.472305</ele><time>2020-12-08T22:37:03Z</time><extensions><speed>1.454232</speed><course>273.112793</course><hAcc>4.745802</hAcc><vAcc>3.361829</vAcc></extensions></trkpt>
      <trkpt lon="-123.270973" lat="44.558704"><ele>68.840813</ele><time>2020-12-08T22:37:04Z</time><extensions><speed>2.079146</speed><course>269.723083</course><hAcc>4.746817</hAcc><vAcc>3.360397</vAcc></extensions></trkpt>
      <trkpt lon="-123.270985" lat="44.558696"><ele>68.833931</ele><time>2020-12-08T22:37:05Z</time><extensions><speed>1.436604</speed><course>262.442505</course><hAcc>4.747385</hAcc><vAcc>3.359594</vAcc></extensions></trkpt>
      <trkpt lon="-123.271012" lat="44.558693"><ele>67.987938</ele><time>2020-12-08T22:37:06Z</time><extensions><speed>1.562593</speed><course>260.047302</course><hAcc>4.742113</hAcc><vAcc>3.367031</vAcc></extensions></trkpt>
      <trkpt lon="-123.271029" lat="44.558699"><ele>68.441490</ele><time>2020-12-08T22:37:07Z</time><extensions><speed>1.188799</speed><course>274.008148</course><hAcc>4.742897</hAcc><vAcc>3.365927</vAcc></extensions></trkpt>
      <trkpt lon="-123.271036" lat="44.558698"><ele>68.735298</ele><time>2020-12-08T22:37:08Z</time><extensions><speed>0.711648</speed><course>273.529358</course><hAcc>4.744401</hAcc><vAcc>3.363807</vAcc></extensions></trkpt>
      <trkpt lon="-123.271054" lat="44.558695"><ele>67.828400</ele><time>2020-12-08T22:37:09Z</time><extensions><speed>0.819539</speed><course>291.158966</course><hAcc>4.748027</hAcc><vAcc>3.358687</vAcc></extensions></trkpt>
      <trkpt lon="-123.271078" lat="44.558688"><ele>68.034431</ele><time>2020-12-08T22:37:10Z</time><extensions><speed>1.121777</speed><course>276.968384</course><hAcc>4.750842</hAcc><vAcc>3.354704</vAcc></extensions></trkpt>
      <trkpt lon="-123.271088" lat="44.558686"><ele>68.525696</ele><time>2020-12-08T22:37:11Z</time><extensions><speed>0.876783</speed><course>280.196533</course><hAcc>4.750402</hAcc><vAcc>3.355326</vAcc></extensions></trkpt>
      <trkpt lon="-123.271096" lat="44.558683"><ele>68.943787</ele><time>2020-12-08T22:37:12Z</time><extensions><speed>0.785862</speed><course>272.112946</course><hAcc>4.758625</hAcc><vAcc>3.343655</vAcc></extensions></trkpt>
      <trkpt lon="-123.271090" lat="44.558679"><ele>69.228241</ele><time>2020-12-08T22:37:13Z</time><extensions><speed>0.000000</speed><course>271.882263</course><hAcc>4.760919</hAcc><vAcc>3.340388</vAcc></extensions></trkpt>
      <trkpt lon="-123.271096" lat="44.558682"><ele>69.524216</ele><time>2020-12-08T22:37:14Z</time><extensions><speed>0.000000</speed><course>271.882233</course><hAcc>4.783879</hAcc><vAcc>3.307421</vAcc></extensions></trkpt>
      <trkpt lon="-123.271127" lat="44.558691"><ele>69.509148</ele><time>2020-12-08T22:37:15Z</time><extensions><speed>1.091063</speed><course>301.614044</course><hAcc>4.826302</hAcc><vAcc>3.245203</vAcc></extensions></trkpt>
      <trkpt lon="-123.271139" lat="44.558707"><ele>69.209831</ele><time>2020-12-08T22:37:16Z</time><extensions><speed>1.157213</speed><course>326.449738</course><hAcc>4.812819</hAcc><vAcc>3.265165</vAcc></extensions></trkpt>
      <trkpt lon="-123.271135" lat="44.558693"><ele>69.100143</ele><time>2020-12-08T22:37:17Z</time><extensions><speed>0.000000</speed><course>327.946228</course><hAcc>4.797643</hAcc><vAcc>3.287424</vAcc></extensions></trkpt>
      <trkpt lon="-123.271156" lat="44.558686"><ele>68.961479</ele><time>2020-12-08T22:37:18Z</time><extensions><speed>0.624197</speed><course>253.911804</course><hAcc>4.797356</hAcc><vAcc>3.287844</vAcc></extensions></trkpt>
      <trkpt lon="-123.271167" lat="44.558687"><ele>69.530594</ele><time>2020-12-08T22:37:19Z</time><extensions><speed>0.790503</speed><course>249.630173</course><hAcc>4.778942</hAcc><vAcc>3.314552</vAcc></extensions></trkpt>
      <trkpt lon="-123.271179" lat="44.558693"><ele>69.432899</ele><time>2020-12-08T22:37:20Z</time><extensions><speed>0.600509</speed><course>262.698425</course><hAcc>4.769838</hAcc><vAcc>3.327639</vAcc></extensions></trkpt>
      <trkpt lon="-123.271185" lat="44.558699"><ele>68.592468</ele><time>2020-12-08T22:37:21Z</time><extensions><speed>0.442454</speed><course>283.118896</course><hAcc>4.767143</hAcc><vAcc>3.331499</vAcc></extensions></trkpt>
      <trkpt lon="-123.271185" lat="44.558699"><ele>69.178482</ele><time>2020-12-08T22:37:22Z</time><extensions><speed>0.000000</speed><course>279.839264</course><hAcc>4.770658</hAcc><vAcc>3.326464</vAcc></extensions></trkpt>
      <trkpt lon="-123.271180" lat="44.558694"><ele>69.287613</ele><time>2020-12-08T22:37:23Z</time><extensions><speed>0.000000</speed><course>279.839264</course><hAcc>4.797351</hAcc><vAcc>3.287851</vAcc></extensions></trkpt>
      <trkpt lon="-123.271176" lat="44.558697"><ele>69.413246</ele><time>2020-12-08T22:37:24Z</time><extensions><speed>0.000000</speed><course>279.839294</course><hAcc>4.814467</hAcc><vAcc>3.262735</vAcc></extensions></trkpt>
      <trkpt lon="-123.271174" lat="44.558685"><ele>69.792297</ele><time>2020-12-08T22:37:25Z</time><extensions><speed>0.000000</speed><course>279.839264</course><hAcc>4.789156</hAcc><vAcc>3.299776</vAcc></extensions></trkpt>
      <trkpt lon="-123.271174" lat="44.558681"><ele>69.820450</ele><time>2020-12-08T22:37:26Z</time><extensions><speed>0.000000</speed><course>279.839264</course><hAcc>4.760747</hAcc><vAcc>3.340632</vAcc></extensions></trkpt>
      <trkpt lon="-123.271170" lat="44.558681"><ele>69.927994</ele><time>2020-12-08T22:37:27Z</time><extensions><speed>0.000000</speed><course>279.839264</course><hAcc>4.760064</hAcc><vAcc>3.341605</vAcc></extensions></trkpt>
      <trkpt lon="-123.271165" lat="44.558687"><ele>69.396698</ele><time>2020-12-08T22:37:28Z</time><extensions><speed>0.000000</speed><course>279.839264</course><hAcc>4.764220</hAcc><vAcc>3.335677</vAcc></extensions></trkpt>
      <trkpt lon="-123.271164" lat="44.558706"><ele>69.667931</ele><time>2020-12-08T22:37:29Z</time><extensions><speed>1.758235</speed><course>359.747650</course><hAcc>4.804542</hAcc><vAcc>3.277333</vAcc></extensions></trkpt>
      <trkpt lon="-123.271173" lat="44.558691"><ele>69.610970</ele><time>2020-12-08T22:37:30Z</time><extensions><speed>0.630166</speed><course>327.792175</course><hAcc>4.813287</hAcc><vAcc>3.264476</vAcc></extensions></trkpt>
      <trkpt lon="-123.271167" lat="44.558684"><ele>69.820869</ele><time>2020-12-08T22:37:31Z</time><extensions><speed>0.000000</speed><course>328.779053</course><hAcc>4.804770</hAcc><vAcc>3.276998</vAcc></extensions></trkpt>
      <trkpt lon="-123.271165" lat="44.558684"><ele>69.898911</ele><time>2020-12-08T22:37:32Z</time><extensions><speed>0.000000</speed><course>328.779053</course><hAcc>4.802378</hAcc><vAcc>3.280503</vAcc></extensions></trkpt>
      <trkpt lon="-123.271162" lat="44.558684"><ele>69.850716</ele><time>2020-12-08T22:37:33Z</time><extensions><speed>0.000000</speed><course>328.779053</course><hAcc>4.809873</hAcc><vAcc>3.269504</vAcc></extensions></trkpt>
      <trkpt lon="-123.271162" lat="44.558685"><ele>69.801544</ele><time>2020-12-08T22:37:34Z</time><extensions><speed>0.000000</speed><course>328.779053</course><hAcc>4.809778</hAcc><vAcc>3.269644</vAcc></extensions></trkpt>
      <trkpt lon="-123.271159" lat="44.558683"><ele>70.145012</ele><time>2020-12-08T22:37:35Z</time><extensions><speed>0.000000</speed><course>328.779083</course><hAcc>4.818272</hAcc><vAcc>3.257115</vAcc></extensions></trkpt>
      <trkpt lon="-123.271140" lat="44.558669"><ele>70.253555</ele><time>2020-12-08T22:37:36Z</time><extensions><speed>1.082705</speed><course>151.238144</course><hAcc>4.806345</hAcc><vAcc>3.274688</vAcc></extensions></trkpt>
      <trkpt lon="-123.271134" lat="44.558669"><ele>69.566383</ele><time>2020-12-08T22:37:37Z</time><extensions><speed>0.422069</speed><course>133.858658</course><hAcc>4.784752</hAcc><vAcc>3.306159</vAcc></extensions></trkpt>
      <trkpt lon="-123.271130" lat="44.558669"><ele>69.393867</ele><time>2020-12-08T22:37:38Z</time><extensions><speed>0.000000</speed><course>108.645462</course><hAcc>4.781505</hAcc><vAcc>3.310853</vAcc></extensions></trkpt>
      <trkpt lon="-123.271120" lat="44.558665"><ele>69.525032</ele><time>2020-12-08T22:37:39Z</time><extensions><speed>0.000000</speed><course>81.253548</course><hAcc>4.775528</hAcc><vAcc>3.319468</vAcc></extensions></trkpt>
      <trkpt lon="-123.271119" lat="44.558664"><ele>69.496170</ele><time>2020-12-08T22:37:40Z</time><extensions><speed>0.000000</speed><course>81.253548</course><hAcc>4.771104</hAcc><vAcc>3.325824</vAcc></extensions></trkpt>
      <trkpt lon="-123.271120" lat="44.558660"><ele>69.559425</ele><time>2020-12-08T22:37:41Z</time><extensions><speed>0.000000</speed><course>81.253548</course><hAcc>4.775421</hAcc><vAcc>3.319623</vAcc></extensions></trkpt>
      <trkpt lon="-123.271116" lat="44.558658"><ele>69.582130</ele><time>2020-12-08T22:37:42Z</time><extensions><speed>0.000000</speed><course>81.253548</course><hAcc>4.775519</hAcc><vAcc>3.319480</vAcc></extensions></trkpt>
      <trkpt lon="-123.271108" lat="44.558651"><ele>69.733231</ele><time>2020-12-08T22:37:43Z</time><extensions><speed>0.000000</speed><course>117.081856</course><hAcc>4.787508</hAcc><vAcc>3.302167</vAcc></extensions></trkpt>
      <trkpt lon="-123.271105" lat="44.558653"><ele>70.031685</ele><time>2020-12-08T22:37:44Z</time><extensions><speed>0.000000</speed><course>117.081856</course><hAcc>4.799386</hAcc><vAcc>3.284879</vAcc></extensions></trkpt>
      <trkpt lon="-123.271110" lat="44.558690"><ele>70.396591</ele><time>2020-12-08T22:37:45Z</time><extensions><speed>1.849245</speed><course>358.623627</course><hAcc>4.831091</hAcc><vAcc>3.238070</vAcc></extensions></trkpt>
      <trkpt lon="-123.271129" lat="44.558688"><ele>70.345757</ele><time>2020-12-08T22:37:46Z</time><extensions><speed>1.305728</speed><course>336.754761</course><hAcc>4.883562</hAcc><vAcc>3.158379</vAcc></extensions></trkpt>
      <trkpt lon="-123.271117" lat="44.558680"><ele>70.386818</ele><time>2020-12-08T22:37:47Z</time><extensions><speed>0.000000</speed><course>337.160797</course><hAcc>4.863898</hAcc><vAcc>3.188579</vAcc></extensions></trkpt>
      <trkpt lon="-123.271125" lat="44.558678"><ele>70.487236</ele><time>2020-12-08T22:37:48Z</time><extensions><speed>0.000000</speed><course>337.160797</course><hAcc>4.848697</hAcc><vAcc>3.211647</vAcc></extensions></trkpt>
      <trkpt lon="-123.271129" lat="44.558677"><ele>70.494118</ele><time>2020-12-08T22:37:49Z</time><extensions><speed>0.000000</speed><course>337.160797</course><hAcc>4.824980</hAcc><vAcc>3.247168</vAcc></extensions></trkpt>
      <trkpt lon="-123.271121" lat="44.558676"><ele>70.548073</ele><time>2020-12-08T22:37:50Z</time><extensions><speed>0.000000</speed><course>337.160797</course><hAcc>4.816160</hAcc><vAcc>3.260237</vAcc></extensions></trkpt>
      <trkpt lon="-123.271122" lat="44.558671"><ele>70.777855</ele><time>2020-12-08T22:37:51Z</time><extensions><speed>0.000000</speed><course>337.160797</course><hAcc>4.796822</hAcc><vAcc>3.288622</vAcc></extensions></trkpt>
      <trkpt lon="-123.271112" lat="44.558669"><ele>70.855255</ele><time>2020-12-08T22:37:52Z</time><extensions><speed>0.000000</speed><course>337.160797</course><hAcc>4.783614</hAcc><vAcc>3.307805</vAcc></extensions></trkpt>
      <trkpt lon="-123.271135" lat="44.558672"><ele>70.115929</ele><time>2020-12-08T22:37:53Z</time><extensions><speed>0.606430</speed><course>285.951294</course><hAcc>4.784998</hAcc><vAcc>3.305803</vAcc></extensions></trkpt>
      <trkpt lon="-123.271149" lat="44.558679"><ele>70.389465</ele><time>2020-12-08T22:37:54Z</time><extensions><speed>0.983005</speed><course>300.199036</course><hAcc>4.788709</hAcc><vAcc>3.300425</vAcc></extensions></trkpt>
      <trkpt lon="-123.271151" lat="44.558688"><ele>69.671570</ele><time>2020-12-08T22:37:55Z</time><extensions><speed>0.627239</speed><course>322.319794</course><hAcc>4.804318</hAcc><vAcc>3.277662</vAcc></extensions></trkpt>
      <trkpt lon="-123.271160" lat="44.558687"><ele>69.834709</ele><time>2020-12-08T22:37:56Z</time><extensions><speed>0.555583</speed><course>304.611603</course><hAcc>4.786440</hAcc><vAcc>3.303715</vAcc></extensions></trkpt>
      <trkpt lon="-123.271164" lat="44.558686"><ele>69.672462</ele><time>2020-12-08T22:37:57Z</time><extensions><speed>0.000000</speed><course>304.416840</course><hAcc>4.786981</hAcc><vAcc>3.302931</vAcc></extensions></trkpt>
      <trkpt lon="-123.271164" lat="44.558690"><ele>69.591545</ele><time>2020-12-08T22:37:58Z</time><extensions><speed>0.000000</speed><course>304.416840</course><hAcc>4.809153</hAcc><vAcc>3.270564</vAcc></extensions></trkpt>
      <trkpt lon="-123.271159" lat="44.558689"><ele>69.705551</ele><time>2020-12-08T22:37:59Z</time><extensions><speed>0.000000</speed><course>304.416840</course><hAcc>4.819404</hAcc><vAcc>3.255440</vAcc></extensions></trkpt>
      <trkpt lon="-123.271142" lat="44.558686"><ele>69.622978</ele><time>2020-12-08T22:38:00Z</time><extensions><speed>0.000000</speed><course>304.416870</course><hAcc>4.816007</hAcc><vAcc>3.260462</vAcc></extensions></trkpt>
      <trkpt lon="-123.271133" lat="44.558684"><ele>69.790146</ele><time>2020-12-08T22:38:01Z</time><extensions><speed>0.000000</speed><course>304.416870</course><hAcc>4.805499</hAcc><vAcc>3.275931</vAcc></extensions></trkpt>
      <trkpt lon="-123.271122" lat="44.558684"><ele>69.782867</ele><time>2020-12-08T22:38:02Z</time><extensions><speed>0.000000</speed><course>62.983868</course><hAcc>4.795686</hAcc><vAcc>3.290279</vAcc></extensions></trkpt>
      <trkpt lon="-123.271126" lat="44.558678"><ele>69.637627</ele><time>2020-12-08T22:38:03Z</time><extensions><speed>0.000000</speed><course>62.983864</course><hAcc>4.783997</hAcc><vAcc>3.307251</vAcc></extensions></trkpt>
      <trkpt lon="-123.271115" lat="44.558699"><ele>70.198799</ele><time>2020-12-08T22:38:04Z</time><extensions><speed>1.288694</speed><course>22.987051</course><hAcc>4.813892</hAcc><vAcc>3.263584</vAcc></extensions></trkpt>
      <trkpt lon="-123.271104" lat="44.558723"><ele>70.523666</ele><time>2020-12-08T22:38:05Z</time><extensions><speed>1.945938</speed><course>23.433125</course><hAcc>4.817616</hAcc><vAcc>3.258085</vAcc></extensions></trkpt>
      <trkpt lon="-123.271094" lat="44.558738"><ele>69.873810</ele><time>2020-12-08T22:38:06Z</time><extensions><speed>1.638401</speed><course>34.922897</course><hAcc>4.829920</hAcc><vAcc>3.239816</vAcc></extensions></trkpt>
      <trkpt lon="-123.271108" lat="44.558724"><ele>70.104584</ele><time>2020-12-08T22:38:07Z</time><extensions><speed>0.000000</speed><course>-1.000000</course><hAcc>4.841210</hAcc><vAcc>3.222921</vAcc></extensions></trkpt>
      <trkpt lon="-123.271120" lat="44.558728"><ele>69.982674</ele><time>2020-12-08T22:38:08Z</time><extensions><speed>0.539834</speed><course>282.421417</course><hAcc>4.898547</hAcc><vAcc>3.135087</vAcc></extensions></trkpt>
      <trkpt lon="-123.271110" lat="44.558726"><ele>70.589088</ele><time>2020-12-08T22:38:09Z</time><extensions><speed>0.000000</speed><course>282.266418</course><hAcc>4.953421</hAcc><vAcc>3.047648</vAcc></extensions></trkpt>
      <trkpt lon="-123.271086" lat="44.558729"><ele>70.423332</ele><time>2020-12-08T22:38:10Z</time><extensions><speed>0.000000</speed><course>84.322105</course><hAcc>4.965511</hAcc><vAcc>3.027909</vAcc></extensions></trkpt>
      <trkpt lon="-123.271076" lat="44.558733"><ele>70.418518</ele><time>2020-12-08T22:38:11Z</time><extensions><speed>0.000000</speed><course>84.322113</course><hAcc>5.085399</hAcc><vAcc>2.821924</vAcc></extensions></trkpt>
      <trkpt lon="-123.271084" lat="44.558765"><ele>70.158463</ele><time>2020-12-08T22:38:12Z</time><extensions><speed>0.895330</speed><course>11.781307</course><hAcc>4.962317</hAcc><vAcc>3.033141</vAcc></extensions></trkpt>
      <trkpt lon="-123.271073" lat="44.558752"><ele>70.253700</ele><time>2020-12-08T22:38:13Z</time><extensions><speed>0.000000</speed><course>12.614770</course><hAcc>4.917588</hAcc><vAcc>3.105135</vAcc></extensions></trkpt>
      <trkpt lon="-123.271069" lat="44.558746"><ele>70.204697</ele><time>2020-12-08T22:38:14Z</time><extensions><speed>0.000000</speed><course>12.614773</course><hAcc>4.925234</hAcc><vAcc>3.092993</vAcc></extensions></trkpt>
      <trkpt lon="-123.271063" lat="44.558751"><ele>70.178871</ele><time>2020-12-08T22:38:15Z</time><extensions><speed>0.000000</speed><course>12.614778</course><hAcc>4.905710</hAcc><vAcc>3.123867</vAcc></extensions></trkpt>
      <trkpt lon="-123.271057" lat="44.558735"><ele>69.894180</ele><time>2020-12-08T22:38:16Z</time><extensions><speed>0.000000</speed><course>14.643312</course><hAcc>4.879595</hAcc><vAcc>3.164504</vAcc></extensions></trkpt>
      <trkpt lon="-123.271056" lat="44.558742"><ele>70.203743</ele><time>2020-12-08T22:38:17Z</time><extensions><speed>0.000000</speed><course>14.643312</course><hAcc>4.882129</hAcc><vAcc>3.160594</vAcc></extensions></trkpt>
      <trkpt lon="-123.271082" lat="44.558759"><ele>69.961037</ele><time>2020-12-08T22:38:18Z</time><extensions><speed>1.402075</speed><course>317.487274</course><hAcc>4.928436</hAcc><vAcc>3.087889</vAcc></extensions></trkpt>
      <trkpt lon="-123.271083" lat="44.558763"><ele>70.092911</ele><time>2020-12-08T22:38:19Z</time><extensions><speed>1.222663</speed><course>315.802612</course><hAcc>4.843934</hAcc><vAcc>3.218826</vAcc></extensions></trkpt>
      <trkpt lon="-123.271101" lat="44.558774"><ele>69.736450</ele><time>2020-12-08T22:38:20Z</time><extensions><speed>1.284121</speed><course>314.899780</course><hAcc>4.882899</hAcc><vAcc>3.159405</vAcc></extensions></trkpt>
      <trkpt lon="-123.271107" lat="44.558771"><ele>70.266426</ele><time>2020-12-08T22:38:21Z</time><extensions><speed>0.792072</speed><course>306.121490</course><hAcc>4.906045</hAcc><vAcc>3.123341</vAcc></extensions></trkpt>
      <trkpt lon="-123.271099" lat="44.558771"><ele>70.315872</ele><time>2020-12-08T22:38:22Z</time><extensions><speed>0.000000</speed><course>308.992523</course><hAcc>4.966096</hAcc><vAcc>3.026950</vAcc></extensions></trkpt>
      <trkpt lon="-123.271089" lat="44.558770"><ele>70.305550</ele><time>2020-12-08T22:38:23Z</time><extensions><speed>0.000000</speed><course>308.992523</course><hAcc>5.001688</hAcc><vAcc>2.967770</vAcc></extensions></trkpt>
      <trkpt lon="-123.271081" lat="44.558760"><ele>69.828964</ele><time>2020-12-08T22:38:24Z</time><extensions><speed>0.000000</speed><course>308.992523</course><hAcc>4.868576</hAcc><vAcc>3.181432</vAcc></extensions></trkpt>
      <trkpt lon="-123.271074" lat="44.558758"><ele>69.939072</ele><time>2020-12-08T22:38:25Z</time><extensions><speed>0.000000</speed><course>315.559387</course><hAcc>4.859863</hAcc><vAcc>3.194725</vAcc></extensions></trkpt>
      <trkpt lon="-123.271073" lat="44.558748"><ele>69.730598</ele><time>2020-12-08T22:38:26Z</time><extensions><speed>0.000000</speed><course>315.559387</course><hAcc>4.837666</hAcc><vAcc>3.228240</vAcc></extensions></trkpt>
      <trkpt lon="-123.271073" lat="44.558748"><ele>69.822647</ele><time>2020-12-08T22:38:27Z</time><extensions><speed>0.000000</speed><course>315.559387</course><hAcc>4.834407</hAcc><vAcc>3.233117</vAcc></extensions></trkpt>
      <trkpt lon="-123.271062" lat="44.558748"><ele>69.783615</ele><time>2020-12-08T22:38:28Z</time><extensions><speed>0.000000</speed><course>315.559387</course><hAcc>4.831807</hAcc><vAcc>3.237002</vAcc></extensions></trkpt>
      <trkpt lon="-123.271076" lat="44.558765"><ele>69.386627</ele><time>2020-12-08T22:38:29Z</time><extensions><speed>1.291416</speed><course>314.635468</course><hAcc>4.884611</hAcc><vAcc>3.156757</vAcc></extensions></trkpt>
      <trkpt lon="-123.271077" lat="44.558778"><ele>69.842430</ele><time>2020-12-08T22:38:30Z</time><extensions><speed>1.111575</speed><course>326.594910</course><hAcc>4.905985</hAcc><vAcc>3.123436</vAcc></extensions></trkpt>
      <trkpt lon="-123.271078" lat="44.558766"><ele>70.055138</ele><time>2020-12-08T22:38:31Z</time><extensions><speed>0.000000</speed><course>300.267517</course><hAcc>4.891123</hAcc><vAcc>3.146658</vAcc></extensions></trkpt>
      <trkpt lon="-123.271106" lat="44.558799"><ele>70.180130</ele><time>2020-12-08T22:38:32Z</time><extensions><speed>1.470621</speed><course>335.380249</course><hAcc>4.865272</hAcc><vAcc>3.186481</vAcc></extensions></trkpt>
      <trkpt lon="-123.271126" lat="44.558758"><ele>70.003654</ele><time>2020-12-08T22:38:33Z</time><extensions><speed>1.127475</speed><course>230.164932</course><hAcc>4.837310</hAcc><vAcc>3.228771</vAcc></extensions></trkpt>
      <trkpt lon="-123.271103" lat="44.558740"><ele>70.195770</ele><time>2020-12-08T22:38:34Z</time><extensions><speed>1.079055</speed><course>165.674225</course><hAcc>4.805735</hAcc><vAcc>3.275584</vAcc></extensions></trkpt>
      <trkpt lon="-123.271096" lat="44.558716"><ele>70.285744</ele><time>2020-12-08T22:38:35Z</time><extensions><speed>1.459936</speed><course>165.843826</course><hAcc>4.795933</hAcc><vAcc>3.289919</vAcc></extensions></trkpt>
      <trkpt lon="-123.271109" lat="44.558723"><ele>69.852440</ele><time>2020-12-08T22:38:36Z</time><extensions><speed>0.000000</speed><course>169.859238</course><hAcc>4.799819</hAcc><vAcc>3.284246</vAcc></extensions></trkpt>
      <trkpt lon="-123.271108" lat="44.558713"><ele>70.249138</ele><time>2020-12-08T22:38:37Z</time><extensions><speed>0.000000</speed><course>169.859238</course><hAcc>4.807355</hAcc><vAcc>3.273205</vAcc></extensions></trkpt>
      <trkpt lon="-123.271107" lat="44.558701"><ele>70.349747</ele><time>2020-12-08T22:38:38Z</time><extensions><speed>0.000000</speed><course>169.859238</course><hAcc>4.777497</hAcc><vAcc>3.316634</vAcc></extensions></trkpt>
      <trkpt lon="-123.271116" lat="44.558697"><ele>69.837166</ele><time>2020-12-08T22:38:39Z</time><extensions><speed>0.000000</speed><course>169.859222</course><hAcc>4.782973</hAcc><vAcc>3.308731</vAcc></extensions></trkpt>
      <trkpt lon="-123.271123" lat="44.558692"><ele>69.810738</ele><time>2020-12-08T22:38:40Z</time><extensions><speed>0.000000</speed><course>169.859222</course><hAcc>4.840987</hAcc><vAcc>3.223256</vAcc></extensions></trkpt>
      <trkpt lon="-123.271150" lat="44.558724"><ele>69.874611</ele><time>2020-12-08T22:38:41Z</time><extensions><speed>1.328950</speed><course>339.343964</course><hAcc>4.810648</hAcc><vAcc>3.268364</vAcc></extensions></trkpt>
      <trkpt lon="-123.271177" lat="44.558711"><ele>69.132599</ele><time>2020-12-08T22:38:42Z</time><extensions><speed>1.148158</speed><course>291.683502</course><hAcc>4.785476</hAcc><vAcc>3.305111</vAcc></extensions></trkpt>
      <trkpt lon="-123.271181" lat="44.558700"><ele>68.783554</ele><time>2020-12-08T22:38:43Z</time><extensions><speed>0.499001</speed><course>236.943756</course><hAcc>4.772995</hAcc><vAcc>3.323109</vAcc></extensions></trkpt>
      <trkpt lon="-123.271183" lat="44.558697"><ele>69.288750</ele><time>2020-12-08T22:38:44Z</time><extensions><speed>0.000000</speed><course>220.384918</course><hAcc>4.761636</hAcc><vAcc>3.339365</vAcc></extensions></trkpt>
      <trkpt lon="-123.271184" lat="44.558697"><ele>69.136986</ele><time>2020-12-08T22:38:45Z</time><extensions><speed>0.000000</speed><course>220.384918</course><hAcc>4.761428</hAcc><vAcc>3.339661</vAcc></extensions></trkpt>
      <trkpt lon="-123.271182" lat="44.558691"><ele>69.457809</ele><time>2020-12-08T22:38:46Z</time><extensions><speed>0.000000</speed><course>220.384918</course><hAcc>4.750089</hAcc><vAcc>3.355770</vAcc></extensions></trkpt>
      <trkpt lon="-123.271175" lat="44.558689"><ele>69.481293</ele><time>2020-12-08T22:38:47Z</time><extensions><speed>0.000000</speed><course>220.384918</course><hAcc>4.746740</hAcc><vAcc>3.360505</vAcc></extensions></trkpt>
      <trkpt lon="-123.271172" lat="44.558688"><ele>69.869690</ele><time>2020-12-08T22:38:48Z</time><extensions><speed>0.000000</speed><course>220.384918</course><hAcc>4.745382</hAcc><vAcc>3.362422</vAcc></extensions></trkpt>
      <trkpt lon="-123.271173" lat="44.558673"><ele>69.938622</ele><time>2020-12-08T22:38:49Z</time><extensions><speed>0.716064</speed><course>181.006989</course><hAcc>4.743795</hAcc><vAcc>3.364661</vAcc></extensions></trkpt>
      <trkpt lon="-123.271162" lat="44.558673"><ele>69.834999</ele><time>2020-12-08T22:38:50Z</time><extensions><speed>0.502646</speed><course>146.088791</course><hAcc>4.787607</hAcc><vAcc>3.302023</vAcc></extensions></trkpt>
      <trkpt lon="-123.271147" lat="44.558666"><ele>69.901703</ele><time>2020-12-08T22:38:51Z</time><extensions><speed>0.772910</speed><course>134.811417</course><hAcc>4.896911</hAcc><vAcc>3.137642</vAcc></extensions></trkpt>
      <trkpt lon="-123.271121" lat="44.558663"><ele>70.111450</ele><time>2020-12-08T22:38:52Z</time><extensions><speed>1.139014</speed><course>120.418633</course><hAcc>5.009243</hAcc><vAcc>2.955000</vAcc></extensions></trkpt>
      <trkpt lon="-123.271098" lat="44.558662"><ele>69.781624</ele><time>2020-12-08T22:38:53Z</time><extensions><speed>1.318466</speed><course>114.564262</course><hAcc>5.068684</hAcc><vAcc>2.851839</vAcc></extensions></trkpt>
      <trkpt lon="-123.271064" lat="44.558665"><ele>70.079285</ele><time>2020-12-08T22:38:54Z</time><extensions><speed>1.869996</speed><course>91.492348</course><hAcc>4.838289</hAcc><vAcc>3.227305</vAcc></extensions></trkpt>
      <trkpt lon="-123.271020" lat="44.558655"><ele>70.628349</ele><time>2020-12-08T22:38:55Z</time><extensions><speed>2.706139</speed><course>95.205452</course><hAcc>4.794541</hAcc><vAcc>3.291947</vAcc></extensions></trkpt>
      <trkpt lon="-123.270991" lat="44.558660"><ele>70.461899</ele><time>2020-12-08T22:38:56Z</time><extensions><speed>2.323211</speed><course>88.667854</course><hAcc>4.787775</hAcc><vAcc>3.301780</vAcc></extensions></trkpt>
      <trkpt lon="-123.270948" lat="44.558650"><ele>69.959663</ele><time>2020-12-08T22:38:57Z</time><extensions><speed>2.991573</speed><course>98.294693</course><hAcc>4.782441</hAcc><vAcc>3.309501</vAcc></extensions></trkpt>
      <trkpt lon="-123.270893" lat="44.558646"><ele>70.011002</ele><time>2020-12-08T22:38:58Z</time><extensions><speed>3.880548</speed><course>95.388420</course><hAcc>4.772443</hAcc><vAcc>3.323902</vAcc></extensions></trkpt>
      <trkpt lon="-123.270857" lat="44.558659"><ele>69.776093</ele><time>2020-12-08T22:38:59Z</time><extensions><speed>3.449950</speed><course>77.451035</course><hAcc>4.763151</hAcc><vAcc>3.337204</vAcc></extensions></trkpt>
      <trkpt lon="-123.270822" lat="44.558678"><ele>69.394310</ele><time>2020-12-08T22:39:00Z</time><extensions><speed>3.411894</speed><course>61.822319</course><hAcc>4.757140</hAcc><vAcc>3.345767</vAcc></extensions></trkpt>
      <trkpt lon="-123.270797" lat="44.558721"><ele>69.783943</ele><time>2020-12-08T22:39:01Z</time><extensions><speed>3.852641</speed><course>33.627567</course><hAcc>4.754779</hAcc><vAcc>3.349121</vAcc></extensions></trkpt>
      <trkpt lon="-123.270792" lat="44.558753"><ele>69.643707</ele><time>2020-12-08T22:39:02Z</time><extensions><speed>3.372937</speed><course>13.933936</course><hAcc>4.752368</hAcc><vAcc>3.352541</vAcc></extensions></trkpt>
      <trkpt lon="-123.270794" lat="44.558785"><ele>69.407539</ele><time>2020-12-08T22:39:03Z</time><extensions><speed>3.161083</speed><course>358.992493</course><hAcc>4.751273</hAcc><vAcc>3.354094</vAcc></extensions></trkpt>
      <trkpt lon="-123.270801" lat="44.558810"><ele>69.312737</ele><time>2020-12-08T22:39:04Z</time><extensions><speed>2.716363</speed><course>348.387634</course><hAcc>4.751496</hAcc><vAcc>3.353778</vAcc></extensions></trkpt>
      <trkpt lon="-123.270798" lat="44.558844"><ele>69.188484</ele><time>2020-12-08T22:39:05Z</time><extensions><speed>2.922447</speed><course>356.170929</course><hAcc>4.752417</hAcc><vAcc>3.352472</vAcc></extensions></trkpt>
      <trkpt lon="-123.270798" lat="44.558866"><ele>69.844620</ele><time>2020-12-08T22:39:06Z</time><extensions><speed>2.633830</speed><course>357.135742</course><hAcc>4.748091</hAcc><vAcc>3.358597</vAcc></extensions></trkpt>
      <trkpt lon="-123.270800" lat="44.558907"><ele>68.940918</ele><time>2020-12-08T22:39:07Z</time><extensions><speed>3.418069</speed><course>354.390594</course><hAcc>4.737160</hAcc><vAcc>3.373997</vAcc></extensions></trkpt>
      <trkpt lon="-123.270799" lat="44.558948"><ele>68.639809</ele><time>2020-12-08T22:39:08Z</time><extensions><speed>3.836932</speed><course>0.262267</course><hAcc>4.741947</hAcc><vAcc>3.367266</vAcc></extensions></trkpt>
      <trkpt lon="-123.270807" lat="44.558984"><ele>69.092964</ele><time>2020-12-08T22:39:09Z</time><extensions><speed>4.140381</speed><course>355.339233</course><hAcc>4.735687</hAcc><vAcc>3.376064</vAcc></extensions></trkpt>
      <trkpt lon="-123.270806" lat="44.559015"><ele>69.237297</ele><time>2020-12-08T22:39:10Z</time><extensions><speed>3.611726</speed><course>356.355316</course><hAcc>4.740345</hAcc><vAcc>3.369521</vAcc></extensions></trkpt>
      <trkpt lon="-123.270801" lat="44.559059"><ele>68.869614</ele><time>2020-12-08T22:39:11Z</time><extensions><speed>4.104640</speed><course>359.781586</course><hAcc>4.743090</hAcc><vAcc>3.365655</vAcc></extensions></trkpt>
      <trkpt lon="-123.270810" lat="44.559095"><ele>69.631714</ele><time>2020-12-08T22:39:12Z</time><extensions><speed>3.871361</speed><course>354.239807</course><hAcc>4.739524</hAcc><vAcc>3.370675</vAcc></extensions></trkpt>
      <trkpt lon="-123.270834" lat="44.559143"><ele>69.065376</ele><time>2020-12-08T22:39:13Z</time><extensions><speed>4.628786</speed><course>344.194916</course><hAcc>4.750334</hAcc><vAcc>3.355423</vAcc></extensions></trkpt>
      <trkpt lon="-123.270819" lat="44.559185"><ele>69.699623</ele><time>2020-12-08T22:39:14Z</time><extensions><speed>4.568462</speed><course>359.914917</course><hAcc>4.744248</hAcc><vAcc>3.364022</vAcc></extensions></trkpt>
      <trkpt lon="-123.270825" lat="44.559223"><ele>69.129616</ele><time>2020-12-08T22:39:15Z</time><extensions><speed>4.416574</speed><course>353.275909</course><hAcc>4.746795</hAcc><vAcc>3.360428</vAcc></extensions></trkpt>
      <trkpt lon="-123.270845" lat="44.559250"><ele>68.799820</ele><time>2020-12-08T22:39:16Z</time><extensions><speed>3.965820</speed><course>343.798584</course><hAcc>4.749123</hAcc><vAcc>3.357136</vAcc></extensions></trkpt>
      <trkpt lon="-123.270864" lat="44.559288"><ele>69.435387</ele><time>2020-12-08T22:39:17Z</time><extensions><speed>4.278833</speed><course>344.488007</course><hAcc>4.751287</hAcc><vAcc>3.354073</vAcc></extensions></trkpt>
      <trkpt lon="-123.270866" lat="44.559326"><ele>68.674179</ele><time>2020-12-08T22:39:18Z</time><extensions><speed>4.166434</speed><course>348.681152</course><hAcc>4.746881</hAcc><vAcc>3.360306</vAcc></extensions></trkpt>
      <trkpt lon="-123.270871" lat="44.559363"><ele>69.255569</ele><time>2020-12-08T22:39:19Z</time><extensions><speed>3.987424</speed><course>353.012939</course><hAcc>4.746176</hAcc><vAcc>3.361302</vAcc></extensions></trkpt>
      <trkpt lon="-123.270870" lat="44.559396"><ele>68.670464</ele><time>2020-12-08T22:39:20Z</time><extensions><speed>3.597396</speed><course>353.729797</course><hAcc>4.747998</hAcc><vAcc>3.358728</vAcc></extensions></trkpt>
      <trkpt lon="-123.270881" lat="44.559440"><ele>68.300659</ele><time>2020-12-08T22:39:21Z</time><extensions><speed>4.226783</speed><course>351.951935</course><hAcc>4.742463</hAcc><vAcc>3.366538</vAcc></extensions></trkpt>
      <trkpt lon="-123.270894" lat="44.559476"><ele>67.790344</ele><time>2020-12-08T22:39:22Z</time><extensions><speed>4.209679</speed><course>344.369781</course><hAcc>4.740563</hAcc><vAcc>3.369213</vAcc></extensions></trkpt>
      <trkpt lon="-123.270896" lat="44.559503"><ele>68.791008</ele><time>2020-12-08T22:39:23Z</time><extensions><speed>3.532061</speed><course>346.969696</course><hAcc>4.741080</hAcc><vAcc>3.368486</vAcc></extensions></trkpt>
      <trkpt lon="-123.270894" lat="44.559535"><ele>68.961357</ele><time>2020-12-08T22:39:24Z</time><extensions><speed>3.299349</speed><course>353.217896</course><hAcc>4.742843</hAcc><vAcc>3.366003</vAcc></extensions></trkpt>
      <trkpt lon="-123.270902" lat="44.559570"><ele>69.380707</ele><time>2020-12-08T22:39:25Z</time><extensions><speed>3.922708</speed><course>353.861084</course><hAcc>4.741735</hAcc><vAcc>3.367563</vAcc></extensions></trkpt>
      <trkpt lon="-123.270910" lat="44.559596"><ele>69.062889</ele><time>2020-12-08T22:39:26Z</time><extensions><speed>3.565749</speed><course>352.120575</course><hAcc>4.744745</hAcc><vAcc>3.363322</vAcc></extensions></trkpt>
      <trkpt lon="-123.270915" lat="44.559639"><ele>69.688026</ele><time>2020-12-08T22:39:27Z</time><extensions><speed>4.323336</speed><course>354.373688</course><hAcc>4.738507</hAcc><vAcc>3.372104</vAcc></extensions></trkpt>
      <trkpt lon="-123.270919" lat="44.559664"><ele>69.865128</ele><time>2020-12-08T22:39:28Z</time><extensions><speed>3.554861</speed><course>346.831055</course><hAcc>4.745321</hAcc><vAcc>3.362508</vAcc></extensions></trkpt>
      <trkpt lon="-123.270940" lat="44.559710"><ele>70.468399</ele><time>2020-12-08T22:39:29Z</time><extensions><speed>4.366816</speed><course>344.895050</course><hAcc>4.744530</hAcc><vAcc>3.363625</vAcc></extensions></trkpt>
      <trkpt lon="-123.270920" lat="44.559744"><ele>69.422531</ele><time>2020-12-08T22:39:30Z</time><extensions><speed>3.890318</speed><course>6.152517</course><hAcc>4.737065</hAcc><vAcc>3.374130</vAcc></extensions></trkpt>
      <trkpt lon="-123.270939" lat="44.559795"><ele>69.709770</ele><time>2020-12-08T22:39:31Z</time><extensions><speed>4.751087</speed><course>355.744354</course><hAcc>4.738059</hAcc><vAcc>3.372735</vAcc></extensions></trkpt>
      <trkpt lon="-123.270952" lat="44.559835"><ele>69.690575</ele><time>2020-12-08T22:39:32Z</time><extensions><speed>4.833194</speed><course>346.800171</course><hAcc>4.744589</hAcc><vAcc>3.363542</vAcc></extensions></trkpt>
      <trkpt lon="-123.270950" lat="44.559869"><ele>69.883102</ele><time>2020-12-08T22:39:33Z</time><extensions><speed>4.213326</speed><course>346.449371</course><hAcc>4.746573</hAcc><vAcc>3.360741</vAcc></extensions></trkpt>
      <trkpt lon="-123.270975" lat="44.559896"><ele>69.395210</ele><time>2020-12-08T22:39:34Z</time><extensions><speed>3.608479</speed><course>336.814819</course><hAcc>4.743559</hAcc><vAcc>3.364994</vAcc></extensions></trkpt>
      <trkpt lon="-123.271003" lat="44.559920"><ele>68.363815</ele><time>2020-12-08T22:39:35Z</time><extensions><speed>3.227250</speed><course>325.998444</course><hAcc>4.741910</hAcc><vAcc>3.367318</vAcc></extensions></trkpt>
      <trkpt lon="-123.271001" lat="44.559957"><ele>68.855629</ele><time>2020-12-08T22:39:36Z</time><extensions><speed>3.358192</speed><course>341.907349</course><hAcc>4.764355</hAcc><vAcc>3.335485</vAcc></extensions></trkpt>
      <trkpt lon="-123.270994" lat="44.559995"><ele>68.777153</ele><time>2020-12-08T22:39:37Z</time><extensions><speed>3.696294</speed><course>351.626587</course><hAcc>4.767429</hAcc><vAcc>3.331089</vAcc></extensions></trkpt>
      <trkpt lon="-123.270990" lat="44.560027"><ele>68.900032</ele><time>2020-12-08T22:39:38Z</time><extensions><speed>3.616464</speed><course>359.516144</course><hAcc>4.762500</hAcc><vAcc>3.338132</vAcc></extensions></trkpt>
      <trkpt lon="-123.270988" lat="44.560058"><ele>68.796402</ele><time>2020-12-08T22:39:39Z</time><extensions><speed>3.430423</speed><course>1.540993</course><hAcc>4.769313</hAcc><vAcc>3.328392</vAcc></extensions></trkpt>
      <trkpt lon="-123.271009" lat="44.560091"><ele>68.840157</ele><time>2020-12-08T22:39:40Z</time><extensions><speed>3.423731</speed><course>337.617798</course><hAcc>4.766900</hAcc><vAcc>3.331847</vAcc></extensions></trkpt>
      <trkpt lon="-123.271033" lat="44.560093"><ele>68.962616</ele><time>2020-12-08T22:39:41Z</time><extensions><speed>1.970074</speed><course>289.934357</course><hAcc>4.765586</hAcc><vAcc>3.333726</vAcc></extensions></trkpt>
      <trkpt lon="-123.271055" lat="44.560082"><ele>70.136604</ele><time>2020-12-08T22:39:42Z</time><extensions><speed>1.393045</speed><course>240.180267</course><hAcc>4.770955</hAcc><vAcc>3.326038</vAcc></extensions></trkpt>
      <trkpt lon="-123.271058" lat="44.560054"><ele>69.780853</ele><time>2020-12-08T22:39:43Z</time><extensions><speed>2.014408</speed><course>197.780823</course><hAcc>4.774311</hAcc><vAcc>3.321219</vAcc></extensions></trkpt>
      <trkpt lon="-123.271042" lat="44.560023"><ele>69.225487</ele><time>2020-12-08T22:39:44Z</time><extensions><speed>2.425428</speed><course>175.165222</course><hAcc>4.773887</hAcc><vAcc>3.321827</vAcc></extensions></trkpt>
      <trkpt lon="-123.271030" lat="44.559984"><ele>69.401550</ele><time>2020-12-08T22:39:45Z</time><extensions><speed>3.483887</speed><course>169.219727</course><hAcc>4.764752</hAcc><vAcc>3.334918</vAcc></extensions></trkpt>
      <trkpt lon="-123.271034" lat="44.559945"><ele>69.113838</ele><time>2020-12-08T22:39:46Z</time><extensions><speed>3.747423</speed><course>173.769775</course><hAcc>4.755694</hAcc><vAcc>3.347822</vAcc></extensions></trkpt>
      <trkpt lon="-123.271031" lat="44.559911"><ele>68.863388</ele><time>2020-12-08T22:39:47Z</time><extensions><speed>3.601579</speed><course>170.586121</course><hAcc>4.753775</hAcc><vAcc>3.350546</vAcc></extensions></trkpt>
      <trkpt lon="-123.271013" lat="44.559875"><ele>69.047714</ele><time>2020-12-08T22:39:48Z</time><extensions><speed>3.663002</speed><course>162.074905</course><hAcc>4.750509</hAcc><vAcc>3.355175</vAcc></extensions></trkpt>
      <trkpt lon="-123.271006" lat="44.559827"><ele>69.664719</ele><time>2020-12-08T22:39:49Z</time><extensions><speed>4.497848</speed><course>168.429123</course><hAcc>4.748755</hAcc><vAcc>3.357658</vAcc></extensions></trkpt>
      <trkpt lon="-123.270993" lat="44.559784"><ele>68.478279</ele><time>2020-12-08T22:39:50Z</time><extensions><speed>4.598782</speed><course>167.394882</course><hAcc>4.747816</hAcc><vAcc>3.358985</vAcc></extensions></trkpt>
      <trkpt lon="-123.270972" lat="44.559738"><ele>69.591530</ele><time>2020-12-08T22:39:51Z</time><extensions><speed>5.088056</speed><course>162.279205</course><hAcc>4.744043</hAcc><vAcc>3.364311</vAcc></extensions></trkpt>
      <trkpt lon="-123.270962" lat="44.559703"><ele>69.217728</ele><time>2020-12-08T22:39:52Z</time><extensions><speed>4.656286</speed><course>163.583939</course><hAcc>4.743777</hAcc><vAcc>3.364687</vAcc></extensions></trkpt>
      <trkpt lon="-123.270972" lat="44.559646"><ele>68.826057</ele><time>2020-12-08T22:39:53Z</time><extensions><speed>5.168986</speed><course>176.916245</course><hAcc>4.741065</hAcc><vAcc>3.368507</vAcc></extensions></trkpt>
      <trkpt lon="-123.270954" lat="44.559586"><ele>69.693199</ele><time>2020-12-08T22:39:54Z</time><extensions><speed>6.014431</speed><course>171.893143</course><hAcc>4.742731</hAcc><vAcc>3.366162</vAcc></extensions></trkpt>
      <trkpt lon="-123.270954" lat="44.559535"><ele>69.478340</ele><time>2020-12-08T22:39:55Z</time><extensions><speed>6.063705</speed><course>174.869217</course><hAcc>4.735681</hAcc><vAcc>3.376073</vAcc></extensions></trkpt>
      <trkpt lon="-123.270956" lat="44.559488"><ele>68.544998</ele><time>2020-12-08T22:39:56Z</time><extensions><speed>5.448975</speed><course>177.477798</course><hAcc>4.734496</hAcc><vAcc>3.377733</vAcc></extensions></trkpt>
      <trkpt lon="-123.270933" lat="44.559433"><ele>70.095833</ele><time>2020-12-08T22:39:57Z</time><extensions><speed>5.926794</speed><course>168.250427</course><hAcc>4.738588</hAcc><vAcc>3.371990</vAcc></extensions></trkpt>
      <trkpt lon="-123.270933" lat="44.559382"><ele>69.149452</ele><time>2020-12-08T22:39:58Z</time><extensions><speed>5.801927</speed><course>174.744492</course><hAcc>4.738438</hAcc><vAcc>3.372201</vAcc></extensions></trkpt>
      <trkpt lon="-123.270923" lat="44.559331"><ele>68.856071</ele><time>2020-12-08T22:39:59Z</time><extensions><speed>5.801063</speed><course>173.157150</course><hAcc>4.739682</hAcc><vAcc>3.370453</vAcc></extensions></trkpt>
      <trkpt lon="-123.270923" lat="44.559282"><ele>68.715256</ele><time>2020-12-08T22:40:00Z</time><extensions><speed>5.656983</speed><course>177.674896</course><hAcc>4.742109</hAcc><vAcc>3.367037</vAcc></extensions></trkpt>
      <trkpt lon="-123.270914" lat="44.559233"><ele>68.352539</ele><time>2020-12-08T22:40:01Z</time><extensions><speed>5.573275</speed><course>174.464157</course><hAcc>4.741908</hAcc><vAcc>3.367321</vAcc></extensions></trkpt>
      <trkpt lon="-123.270916" lat="44.559188"><ele>67.968056</ele><time>2020-12-08T22:40:02Z</time><extensions><speed>5.169804</speed><course>174.219528</course><hAcc>4.737564</hAcc><vAcc>3.373429</vAcc></extensions></trkpt>
      <trkpt lon="-123.270896" lat="44.559132"><ele>68.910515</ele><time>2020-12-08T22:40:03Z</time><extensions><speed>5.789978</speed><course>168.470245</course><hAcc>4.735755</hAcc><vAcc>3.375968</vAcc></extensions></trkpt>
      <trkpt lon="-123.270883" lat="44.559098"><ele>68.168854</ele><time>2020-12-08T22:40:04Z</time><extensions><speed>4.661563</speed><course>167.843369</course><hAcc>4.737311</hAcc><vAcc>3.373784</vAcc></extensions></trkpt>
      <trkpt lon="-123.270863" lat="44.559045"><ele>68.733109</ele><time>2020-12-08T22:40:05Z</time><extensions><speed>5.400629</speed><course>164.868790</course><hAcc>4.736282</hAcc><vAcc>3.375229</vAcc></extensions></trkpt>
      <trkpt lon="-123.270854" lat="44.559002"><ele>68.500038</ele><time>2020-12-08T22:40:06Z</time><extensions><speed>5.006481</speed><course>167.539429</course><hAcc>4.735584</hAcc><vAcc>3.376208</vAcc></extensions></trkpt>
      <trkpt lon="-123.270853" lat="44.558953"><ele>68.879341</ele><time>2020-12-08T22:40:07Z</time><extensions><speed>5.228892</speed><course>171.953171</course><hAcc>4.735388</hAcc><vAcc>3.376483</vAcc></extensions></trkpt>
      <trkpt lon="-123.270871" lat="44.558944"><ele>69.671577</ele><time>2020-12-08T22:40:08Z</time><extensions><speed>2.855248</speed><course>192.800522</course><hAcc>4.738742</hAcc><vAcc>3.371774</vAcc></extensions></trkpt>
      <trkpt lon="-123.270888" lat="44.558904"><ele>70.455688</ele><time>2020-12-08T22:40:09Z</time><extensions><speed>3.409387</speed><course>202.110825</course><hAcc>4.766588</hAcc><vAcc>3.332293</vAcc></extensions></trkpt>
      <trkpt lon="-123.270884" lat="44.558849"><ele>69.682892</ele><time>2020-12-08T22:40:10Z</time><extensions><speed>4.320789</speed><course>190.791229</course><hAcc>4.769351</hAcc><vAcc>3.328337</vAcc></extensions></trkpt>
      <trkpt lon="-123.270844" lat="44.558805"><ele>69.213875</ele><time>2020-12-08T22:40:11Z</time><extensions><speed>4.580767</speed><course>168.858475</course><hAcc>4.750212</hAcc><vAcc>3.355597</vAcc></extensions></trkpt>
      <trkpt lon="-123.270844" lat="44.558770"><ele>69.374619</ele><time>2020-12-08T22:40:12Z</time><extensions><speed>4.301253</speed><course>171.754303</course><hAcc>4.750581</hAcc><vAcc>3.355074</vAcc></extensions></trkpt>
      <trkpt lon="-123.270863" lat="44.558734"><ele>69.655365</ele><time>2020-12-08T22:40:13Z</time><extensions><speed>4.152838</speed><course>196.972092</course><hAcc>4.747275</hAcc><vAcc>3.359750</vAcc></extensions></trkpt>
      <trkpt lon="-123.270890" lat="44.558706"><ele>69.229942</ele><time>2020-12-08T22:40:14Z</time><extensions><speed>3.720271</speed><course>213.783752</course><hAcc>4.754245</hAcc><vAcc>3.349880</vAcc></extensions></trkpt>
      <trkpt lon="-123.270920" lat="44.558702"><ele>69.087418</ele><time>2020-12-08T22:40:15Z</time><extensions><speed>2.208850</speed><course>231.465576</course><hAcc>4.774535</hAcc><vAcc>3.320897</vAcc></extensions></trkpt>
      <trkpt lon="-123.270933" lat="44.558692"><ele>69.526329</ele><time>2020-12-08T22:40:16Z</time><extensions><speed>1.633319</speed><course>222.864288</course><hAcc>4.789951</hAcc><vAcc>3.298621</vAcc></extensions></trkpt>
      <trkpt lon="-123.270939" lat="44.558724"><ele>69.223473</ele><time>2020-12-08T22:40:17Z</time><extensions><speed>1.091003</speed><course>287.060852</course><hAcc>4.800459</hAcc><vAcc>3.283311</vAcc></extensions></trkpt>
      <trkpt lon="-123.270922" lat="44.558742"><ele>69.360077</ele><time>2020-12-08T22:40:18Z</time><extensions><speed>0.552962</speed><course>349.146515</course><hAcc>4.812850</hAcc><vAcc>3.265120</vAcc></extensions></trkpt>
      <trkpt lon="-123.270907" lat="44.558743"><ele>69.620705</ele><time>2020-12-08T22:40:19Z</time><extensions><speed>0.562996</speed><course>18.859247</course><hAcc>4.751693</hAcc><vAcc>3.353498</vAcc></extensions></trkpt>
      <trkpt lon="-123.270907" lat="44.558740"><ele>69.785934</ele><time>2020-12-08T22:40:20Z</time><extensions><speed>0.000000</speed><course>4.653127</course><hAcc>4.745208</hAcc><vAcc>3.362668</vAcc></extensions></trkpt>
      <trkpt lon="-123.270914" lat="44.558751"><ele>69.062973</ele><time>2020-12-08T22:40:21Z</time><extensions><speed>0.558445</speed><course>339.444763</course><hAcc>4.749723</hAcc><vAcc>3.356288</vAcc></extensions></trkpt>
      <trkpt lon="-123.270917" lat="44.558766"><ele>69.626320</ele><time>2020-12-08T22:40:22Z</time><extensions><speed>0.981593</speed><course>339.674194</course><hAcc>4.756229</hAcc><vAcc>3.347061</vAcc></extensions></trkpt>
      <trkpt lon="-123.270922" lat="44.558769"><ele>70.580353</ele><time>2020-12-08T22:40:23Z</time><extensions><speed>0.710023</speed><course>315.273804</course><hAcc>4.755755</hAcc><vAcc>3.347736</vAcc></extensions></trkpt>
      <trkpt lon="-123.270918" lat="44.558766"><ele>69.646919</ele><time>2020-12-08T22:40:24Z</time><extensions><speed>0.000000</speed><course>278.143066</course><hAcc>4.757771</hAcc><vAcc>3.344870</vAcc></extensions></trkpt>
      <trkpt lon="-123.270924" lat="44.558763"><ele>69.260361</ele><time>2020-12-08T22:40:25Z</time><extensions><speed>0.000000</speed><course>280.759521</course><hAcc>4.838504</hAcc><vAcc>3.226982</vAcc></extensions></trkpt>
      <trkpt lon="-123.270937" lat="44.558754"><ele>70.420891</ele><time>2020-12-08T22:40:26Z</time><extensions><speed>0.676358</speed><course>227.341156</course><hAcc>4.782496</hAcc><vAcc>3.309422</vAcc></extensions></trkpt>
      <trkpt lon="-123.270931" lat="44.558747"><ele>69.456711</ele><time>2020-12-08T22:40:27Z</time><extensions><speed>0.610021</speed><course>191.484848</course><hAcc>4.764991</hAcc><vAcc>3.334576</vAcc></extensions></trkpt>
      <trkpt lon="-123.270934" lat="44.558737"><ele>69.140320</ele><time>2020-12-08T22:40:28Z</time><extensions><speed>0.897392</speed><course>196.620026</course><hAcc>4.757356</hAcc><vAcc>3.345460</vAcc></extensions></trkpt>
      <trkpt lon="-123.270934" lat="44.558743"><ele>69.456352</ele><time>2020-12-08T22:40:29Z</time><extensions><speed>0.000000</speed><course>192.357819</course><hAcc>4.758847</hAcc><vAcc>3.343338</vAcc></extensions></trkpt>
      <trkpt lon="-123.270936" lat="44.558745"><ele>69.487816</ele><time>2020-12-08T22:40:30Z</time><extensions><speed>0.000000</speed><course>192.357819</course><hAcc>4.820008</hAcc><vAcc>3.254545</vAcc></extensions></trkpt>
      <trkpt lon="-123.270932" lat="44.558741"><ele>69.274765</ele><time>2020-12-08T22:40:31Z</time><extensions><speed>0.000000</speed><course>192.357819</course><hAcc>4.788311</hAcc><vAcc>3.301002</vAcc></extensions></trkpt>
      <trkpt lon="-123.270926" lat="44.558745"><ele>69.628799</ele><time>2020-12-08T22:40:32Z</time><extensions><speed>0.000000</speed><course>192.357819</course><hAcc>4.784365</hAcc><vAcc>3.306718</vAcc></extensions></trkpt>
      <trkpt lon="-123.270921" lat="44.558750"><ele>69.328011</ele><time>2020-12-08T22:40:33Z</time><extensions><speed>0.671040</speed><course>249.239075</course><hAcc>4.763981</hAcc><vAcc>3.336019</vAcc></extensions></trkpt>
      <trkpt lon="-123.270909" lat="44.558750"><ele>69.566757</ele><time>2020-12-08T22:40:34Z</time><extensions><speed>0.000000</speed><course>247.381256</course><hAcc>4.767406</hAcc><vAcc>3.331123</vAcc></extensions></trkpt>
      <trkpt lon="-123.270903" lat="44.558747"><ele>69.420380</ele><time>2020-12-08T22:40:35Z</time><extensions><speed>0.000000</speed><course>247.381256</course><hAcc>4.768005</hAcc><vAcc>3.330265</vAcc></extensions></trkpt>
      <trkpt lon="-123.270900" lat="44.558735"><ele>69.615349</ele><time>2020-12-08T22:40:36Z</time><extensions><speed>0.962344</speed><course>177.406097</course><hAcc>4.780571</hAcc><vAcc>3.312201</vAcc></extensions></trkpt>
      <trkpt lon="-123.270895" lat="44.558727"><ele>69.248001</ele><time>2020-12-08T22:40:37Z</time><extensions><speed>0.898139</speed><course>155.258957</course><hAcc>4.780552</hAcc><vAcc>3.312229</vAcc></extensions></trkpt>
      <trkpt lon="-123.270879" lat="44.558736"><ele>68.976532</ele><time>2020-12-08T22:40:38Z</time><extensions><speed>0.377287</speed><course>70.830070</course><hAcc>4.762579</hAcc><vAcc>3.338020</vAcc></extensions></trkpt>
      <trkpt lon="-123.270879" lat="44.558733"><ele>68.941566</ele><time>2020-12-08T22:40:39Z</time><extensions><speed>0.000000</speed><course>90.278908</course><hAcc>4.758581</hAcc><vAcc>3.343717</vAcc></extensions></trkpt>
      <trkpt lon="-123.270874" lat="44.558737"><ele>68.069756</ele><time>2020-12-08T22:40:40Z</time><extensions><speed>0.466495</speed><course>330.256531</course><hAcc>4.756476</hAcc><vAcc>3.346710</vAcc></extensions></trkpt>
      <trkpt lon="-123.270865" lat="44.558738"><ele>67.850471</ele><time>2020-12-08T22:40:41Z</time><extensions><speed>0.624097</speed><course>345.685028</course><hAcc>4.753968</hAcc><vAcc>3.350273</vAcc></extensions></trkpt>
      <trkpt lon="-123.270851" lat="44.558728"><ele>67.626892</ele><time>2020-12-08T22:40:42Z</time><extensions><speed>0.404758</speed><course>117.334526</course><hAcc>4.752588</hAcc><vAcc>3.352229</vAcc></extensions></trkpt>
      <trkpt lon="-123.270853" lat="44.558725"><ele>67.978828</ele><time>2020-12-08T22:40:43Z</time><extensions><speed>0.000000</speed><course>122.877014</course><hAcc>4.816609</hAcc><vAcc>3.259572</vAcc></extensions></trkpt>
      <trkpt lon="-123.270856" lat="44.558710"><ele>67.523445</ele><time>2020-12-08T22:40:44Z</time><extensions><speed>0.783773</speed><course>174.281921</course><hAcc>4.784827</hAcc><vAcc>3.306050</vAcc></extensions></trkpt>
      <trkpt lon="-123.270872" lat="44.558708"><ele>66.828857</ele><time>2020-12-08T22:40:45Z</time><extensions><speed>0.586310</speed><course>204.318863</course><hAcc>4.745564</hAcc><vAcc>3.362166</vAcc></extensions></trkpt>
      <trkpt lon="-123.270892" lat="44.558705"><ele>66.846359</ele><time>2020-12-08T22:40:46Z</time><extensions><speed>0.675903</speed><course>234.177628</course><hAcc>4.738331</hAcc><vAcc>3.372351</vAcc></extensions></trkpt>
      <trkpt lon="-123.270919" lat="44.558692"><ele>66.515663</ele><time>2020-12-08T22:40:47Z</time><extensions><speed>1.349860</speed><course>232.736130</course><hAcc>4.739115</hAcc><vAcc>3.371250</vAcc></extensions></trkpt>
      <trkpt lon="-123.270940" lat="44.558687"><ele>66.980324</ele><time>2020-12-08T22:40:48Z</time><extensions><speed>1.288071</speed><course>241.528839</course><hAcc>4.740831</hAcc><vAcc>3.368836</vAcc></extensions></trkpt>
      <trkpt lon="-123.270959" lat="44.558697"><ele>66.642769</ele><time>2020-12-08T22:40:49Z</time><extensions><speed>1.125294</speed><course>278.038971</course><hAcc>4.741827</hAcc><vAcc>3.367434</vAcc></extensions></trkpt>
      <trkpt lon="-123.270983" lat="44.558693"><ele>66.947838</ele><time>2020-12-08T22:40:50Z</time><extensions><speed>1.346069</speed><course>267.994202</course><hAcc>4.742200</hAcc><vAcc>3.366909</vAcc></extensions></trkpt>
      <trkpt lon="-123.270998" lat="44.558690"><ele>67.626579</ele><time>2020-12-08T22:40:51Z</time><extensions><speed>1.216773</speed><course>261.079773</course><hAcc>4.745148</hAcc><vAcc>3.362753</vAcc></extensions></trkpt>
      <trkpt lon="-123.271020" lat="44.558690"><ele>68.298073</ele><time>2020-12-08T22:40:52Z</time><extensions><speed>1.278842</speed><course>260.782654</course><hAcc>4.747850</hAcc><vAcc>3.358937</vAcc></extensions></trkpt>
      <trkpt lon="-123.271033" lat="44.558687"><ele>67.875908</ele><time>2020-12-08T22:40:53Z</time><extensions><speed>0.988210</speed><course>262.496582</course><hAcc>4.743815</hAcc><vAcc>3.364634</vAcc></extensions></trkpt>
      <trkpt lon="-123.271048" lat="44.558688"><ele>67.422943</ele><time>2020-12-08T22:40:54Z</time><extensions><speed>0.902105</speed><course>281.107666</course><hAcc>4.746123</hAcc><vAcc>3.361377</vAcc></extensions></trkpt>
      <trkpt lon="-123.271070" lat="44.558688"><ele>66.824394</ele><time>2020-12-08T22:40:55Z</time><extensions><speed>1.283446</speed><course>294.820496</course><hAcc>4.746132</hAcc><vAcc>3.361364</vAcc></extensions></trkpt>
      <trkpt lon="-123.271088" lat="44.558692"><ele>66.787872</ele><time>2020-12-08T22:40:56Z</time><extensions><speed>1.434248</speed><course>305.517395</course><hAcc>4.743340</hAcc><vAcc>3.365302</vAcc></extensions></trkpt>
      <trkpt lon="-123.271090" lat="44.558691"><ele>66.387497</ele><time>2020-12-08T22:40:57Z</time><extensions><speed>0.933614</speed><course>314.066833</course><hAcc>4.744354</hAcc><vAcc>3.363874</vAcc></extensions></trkpt>
      <trkpt lon="-123.271101" lat="44.558689"><ele>66.923340</ele><time>2020-12-08T22:40:58Z</time><extensions><speed>0.937672</speed><course>298.394257</course><hAcc>4.753392</hAcc><vAcc>3.351089</vAcc></extensions></trkpt>
      <trkpt lon="-123.271117" lat="44.558689"><ele>67.303459</ele><time>2020-12-08T22:40:59Z</time><extensions><speed>1.170701</speed><course>285.405670</course><hAcc>4.755896</hAcc><vAcc>3.347535</vAcc></extensions></trkpt>
      <trkpt lon="-123.271116" lat="44.558685"><ele>67.713051</ele><time>2020-12-08T22:41:00Z</time><extensions><speed>0.612608</speed><course>273.061066</course><hAcc>4.765382</hAcc><vAcc>3.334017</vAcc></extensions></trkpt>
      <trkpt lon="-123.271109" lat="44.558682"><ele>68.064339</ele><time>2020-12-08T22:41:01Z</time><extensions><speed>0.000000</speed><course>267.957214</course><hAcc>4.778239</hAcc><vAcc>3.315564</vAcc></extensions></trkpt>
      <trkpt lon="-123.271117" lat="44.558678"><ele>68.508682</ele><time>2020-12-08T22:41:02Z</time><extensions><speed>0.000000</speed><course>267.957184</course><hAcc>4.792349</hAcc><vAcc>3.295137</vAcc></extensions></trkpt>
      <trkpt lon="-123.271137" lat="44.558680"><ele>68.293037</ele><time>2020-12-08T22:41:03Z</time><extensions><speed>0.807455</speed><course>279.612427</course><hAcc>4.795317</hAcc><vAcc>3.290817</vAcc></extensions></trkpt>
      <trkpt lon="-123.271156" lat="44.558686"><ele>68.460861</ele><time>2020-12-08T22:41:04Z</time><extensions><speed>0.944295</speed><course>276.656219</course><hAcc>4.800678</hAcc><vAcc>3.282991</vAcc></extensions></trkpt>
      <trkpt lon="-123.271138" lat="44.558685"><ele>68.197708</ele><time>2020-12-08T22:41:05Z</time><extensions><speed>0.000000</speed><course>270.682831</course><hAcc>4.775892</hAcc><vAcc>3.318945</vAcc></extensions></trkpt>
      <trkpt lon="-123.271134" lat="44.558690"><ele>68.249298</ele><time>2020-12-08T22:41:06Z</time><extensions><speed>0.000000</speed><course>270.682861</course><hAcc>4.772964</hAcc><vAcc>3.323154</vAcc></extensions></trkpt>
      <trkpt lon="-123.271128" lat="44.558692"><ele>68.195099</ele><time>2020-12-08T22:41:07Z</time><extensions><speed>0.000000</speed><course>270.682861</course><hAcc>4.772794</hAcc><vAcc>3.323398</vAcc></extensions></trkpt>
      <trkpt lon="-123.271116" lat="44.558689"><ele>68.561554</ele><time>2020-12-08T22:41:08Z</time><extensions><speed>0.000000</speed><course>270.682861</course><hAcc>4.802217</hAcc><vAcc>3.280739</vAcc></extensions></trkpt>
      <trkpt lon="-123.271105" lat="44.558689"><ele>68.605423</ele><time>2020-12-08T22:41:09Z</time><extensions><speed>0.000000</speed><course>270.682861</course><hAcc>4.795136</hAcc><vAcc>3.291080</vAcc></extensions></trkpt>
      <trkpt lon="-123.271106" lat="44.558678"><ele>68.785927</ele><time>2020-12-08T22:41:10Z</time><extensions><speed>0.000000</speed><course>270.682861</course><hAcc>4.786515</hAcc><vAcc>3.303606</vAcc></extensions></trkpt>
      <trkpt lon="-123.271102" lat="44.558673"><ele>68.922485</ele><time>2020-12-08T22:41:11Z</time><extensions><speed>0.000000</speed><course>270.682861</course><hAcc>4.766279</hAcc><vAcc>3.332734</vAcc></extensions></trkpt>
      <trkpt lon="-123.271091" lat="44.558666"><ele>69.278793</ele><time>2020-12-08T22:41:12Z</time><extensions><speed>0.000000</speed><course>270.682861</course><hAcc>4.780131</hAcc><vAcc>3.312836</vAcc></extensions></trkpt>
      <trkpt lon="-123.271087" lat="44.558662"><ele>69.100388</ele><time>2020-12-08T22:41:13Z</time><extensions><speed>0.000000</speed><course>270.682861</course><hAcc>4.790672</hAcc><vAcc>3.297574</vAcc></extensions></trkpt>
      <trkpt lon="-123.271077" lat="44.558657"><ele>68.974869</ele><time>2020-12-08T22:41:14Z</time><extensions><speed>0.000000</speed><course>270.682861</course><hAcc>4.805763</hAcc><vAcc>3.275542</vAcc></extensions></trkpt>
      <trkpt lon="-123.271072" lat="44.558654"><ele>69.299278</ele><time>2020-12-08T22:41:15Z</time><extensions><speed>0.000000</speed><course>270.682861</course><hAcc>4.815826</hAcc><vAcc>3.260730</vAcc></extensions></trkpt>
      <trkpt lon="-123.271076" lat="44.558657"><ele>69.744980</ele><time>2020-12-08T22:41:16Z</time><extensions><speed>0.000000</speed><course>270.682861</course><hAcc>4.813176</hAcc><vAcc>3.264641</vAcc></extensions></trkpt>
      <trkpt lon="-123.271099" lat="44.558662"><ele>69.453773</ele><time>2020-12-08T22:41:17Z</time><extensions><speed>0.694772</speed><course>270.479309</course><hAcc>4.840662</hAcc><vAcc>3.223744</vAcc></extensions></trkpt>
      <trkpt lon="-123.271093" lat="44.558668"><ele>69.588219</ele><time>2020-12-08T22:41:18Z</time><extensions><speed>0.000000</speed><course>291.339874</course><hAcc>4.828179</hAcc><vAcc>3.242410</vAcc></extensions></trkpt>
      <trkpt lon="-123.271089" lat="44.558672"><ele>69.761520</ele><time>2020-12-08T22:41:19Z</time><extensions><speed>0.000000</speed><course>291.339905</course><hAcc>4.826148</hAcc><vAcc>3.245433</vAcc></extensions></trkpt>
      <trkpt lon="-123.271096" lat="44.558674"><ele>70.006592</ele><time>2020-12-08T22:41:20Z</time><extensions><speed>0.000000</speed><course>291.339905</course><hAcc>4.849943</hAcc><vAcc>3.209765</vAcc></extensions></trkpt>
      <trkpt lon="-123.271105" lat="44.558675"><ele>69.838432</ele><time>2020-12-08T22:41:21Z</time><extensions><speed>0.000000</speed><course>291.339874</course><hAcc>4.855147</hAcc><vAcc>3.201887</vAcc></extensions></trkpt>
      <trkpt lon="-123.271106" lat="44.558677"><ele>69.657089</ele><time>2020-12-08T22:41:22Z</time><extensions><speed>0.000000</speed><course>291.339874</course><hAcc>4.920228</hAcc><vAcc>3.100950</vAcc></extensions></trkpt>
      <trkpt lon="-123.271106" lat="44.558677"><ele>69.657089</ele><time>2020-12-08T22:41:23Z</time><extensions><speed>0.000000</speed><course>291.339874</course><hAcc>4.905650</hAcc><vAcc>3.123961</vAcc></extensions></trkpt>
      <trkpt lon="-123.271134" lat="44.558696"><ele>70.147362</ele><time>2020-12-08T22:41:24Z</time><extensions><speed>1.124165</speed><course>305.486938</course><hAcc>4.909525</hAcc><vAcc>3.117868</vAcc></extensions></trkpt>
      <trkpt lon="-123.271139" lat="44.558697"><ele>70.443695</ele><time>2020-12-08T22:41:25Z</time><extensions><speed>0.802964</speed><course>300.237213</course><hAcc>4.904628</hAcc><vAcc>3.125566</vAcc></extensions></trkpt>
      <trkpt lon="-123.271155" lat="44.558703"><ele>69.977890</ele><time>2020-12-08T22:41:26Z</time><extensions><speed>1.117367</speed><course>299.935791</course><hAcc>4.937329</hAcc><vAcc>3.073650</vAcc></extensions></trkpt>
      <trkpt lon="-123.271157" lat="44.558704"><ele>69.922325</ele><time>2020-12-08T22:41:27Z</time><extensions><speed>0.737471</speed><course>297.444031</course><hAcc>4.950121</hAcc><vAcc>3.053004</vAcc></extensions></trkpt>
      <trkpt lon="-123.271152" lat="44.558702"><ele>70.103691</ele><time>2020-12-08T22:41:28Z</time><extensions><speed>0.000000</speed><course>297.368347</course><hAcc>4.917659</hAcc><vAcc>3.105023</vAcc></extensions></trkpt>
      <trkpt lon="-123.271116" lat="44.558700"><ele>70.162361</ele><time>2020-12-08T22:41:29Z</time><extensions><speed>1.042325</speed><course>103.443634</course><hAcc>4.894310</hAcc><vAcc>3.141698</vAcc></extensions></trkpt>
      <trkpt lon="-123.271116" lat="44.558697"><ele>69.754074</ele><time>2020-12-08T22:41:30Z</time><extensions><speed>0.679266</speed><course>93.086067</course><hAcc>4.858652</hAcc><vAcc>3.196567</vAcc></extensions></trkpt>
      <trkpt lon="-123.271122" lat="44.558693"><ele>69.948349</ele><time>2020-12-08T22:41:31Z</time><extensions><speed>0.000000</speed><course>92.737717</course><hAcc>4.837858</hAcc><vAcc>3.227950</vAcc></extensions></trkpt>
      <trkpt lon="-123.271101" lat="44.558690"><ele>69.653656</ele><time>2020-12-08T22:41:32Z</time><extensions><speed>0.757374</speed><course>99.339333</course><hAcc>4.835188</hAcc><vAcc>3.231949</vAcc></extensions></trkpt>
      <trkpt lon="-123.271100" lat="44.558682"><ele>69.598969</ele><time>2020-12-08T22:41:33Z</time><extensions><speed>0.000000</speed><course>118.383484</course><hAcc>4.842385</hAcc><vAcc>3.221155</vAcc></extensions></trkpt>
      <trkpt lon="-123.271108" lat="44.558678"><ele>69.651176</ele><time>2020-12-08T22:41:34Z</time><extensions><speed>0.000000</speed><course>118.383476</course><hAcc>4.849263</hAcc><vAcc>3.210792</vAcc></extensions></trkpt>
      <trkpt lon="-123.271110" lat="44.558678"><ele>69.969154</ele><time>2020-12-08T22:41:35Z</time><extensions><speed>0.000000</speed><course>118.383476</course><hAcc>4.824663</hAcc><vAcc>3.247639</vAcc></extensions></trkpt>
      <trkpt lon="-123.271120" lat="44.558682"><ele>70.367859</ele><time>2020-12-08T22:41:36Z</time><extensions><speed>0.000000</speed><course>118.383469</course><hAcc>4.846626</hAcc><vAcc>3.214771</vAcc></extensions></trkpt>
      <trkpt lon="-123.271121" lat="44.558685"><ele>70.102310</ele><time>2020-12-08T22:41:37Z</time><extensions><speed>0.000000</speed><course>118.383469</course><hAcc>4.824234</hAcc><vAcc>3.248276</vAcc></extensions></trkpt>
      <trkpt lon="-123.271128" lat="44.558701"><ele>70.370399</ele><time>2020-12-08T22:41:38Z</time><extensions><speed>0.000000</speed><course>118.383469</course><hAcc>4.856817</hAcc><vAcc>3.199355</vAcc></extensions></trkpt>
      <trkpt lon="-123.271122" lat="44.558701"><ele>70.637352</ele><time>2020-12-08T22:41:39Z</time><extensions><speed>0.000000</speed><course>118.383469</course><hAcc>4.844155</hAcc><vAcc>3.218493</vAcc></extensions></trkpt>
      <trkpt lon="-123.271121" lat="44.558710"><ele>70.342178</ele><time>2020-12-08T22:41:40Z</time><extensions><speed>0.000000</speed><course>118.383469</course><hAcc>4.866349</hAcc><vAcc>3.184837</vAcc></extensions></trkpt>
      <trkpt lon="-123.271111" lat="44.558724"><ele>70.329071</ele><time>2020-12-08T22:41:41Z</time><extensions><speed>0.000000</speed><course>118.383476</course><hAcc>4.881013</hAcc><vAcc>3.162317</vAcc></extensions></trkpt>
      <trkpt lon="-123.271108" lat="44.558711"><ele>70.365402</ele><time>2020-12-08T22:41:42Z</time><extensions><speed>1.114241</speed><course>165.962067</course><hAcc>4.933873</hAcc><vAcc>3.079194</vAcc></extensions></trkpt>
      <trkpt lon="-123.271102" lat="44.558726"><ele>70.387596</ele><time>2020-12-08T22:41:43Z</time><extensions><speed>0.000000</speed><course>124.469048</course><hAcc>4.998236</hAcc><vAcc>2.973580</vAcc></extensions></trkpt>
      <trkpt lon="-123.271116" lat="44.558742"><ele>70.454620</ele><time>2020-12-08T22:41:44Z</time><extensions><speed>0.000000</speed><course>124.469040</course><hAcc>5.011873</hAcc><vAcc>2.950536</vAcc></extensions></trkpt>
      <trkpt lon="-123.271108" lat="44.558717"><ele>70.817787</ele><time>2020-12-08T22:41:45Z</time><extensions><speed>1.197880</speed><course>188.039734</course><hAcc>4.923388</hAcc><vAcc>3.095931</vAcc></extensions></trkpt>
      <trkpt lon="-123.271091" lat="44.558723"><ele>70.957741</ele><time>2020-12-08T22:41:46Z</time><extensions><speed>0.855163</speed><course>159.342285</course><hAcc>4.903121</hAcc><vAcc>3.127929</vAcc></extensions></trkpt>
      <trkpt lon="-123.271084" lat="44.558735"><ele>69.917336</ele><time>2020-12-08T22:41:47Z</time><extensions><speed>0.000000</speed><course>160.822144</course><hAcc>4.828645</hAcc><vAcc>3.241716</vAcc></extensions></trkpt>
      <trkpt lon="-123.271071" lat="44.558733"><ele>70.573357</ele><time>2020-12-08T22:41:48Z</time><extensions><speed>0.000000</speed><course>160.822159</course><hAcc>4.840166</hAcc><vAcc>3.224490</vAcc></extensions></trkpt>
      <trkpt lon="-123.271072" lat="44.558728"><ele>70.542915</ele><time>2020-12-08T22:41:49Z</time><extensions><speed>0.000000</speed><course>160.822159</course><hAcc>4.863473</hAcc><vAcc>3.189227</vAcc></extensions></trkpt>
      <trkpt lon="-123.271079" lat="44.558724"><ele>70.221161</ele><time>2020-12-08T22:41:50Z</time><extensions><speed>0.000000</speed><course>160.822144</course><hAcc>4.821777</hAcc><vAcc>3.251923</vAcc></extensions></trkpt>
      <trkpt lon="-123.271081" lat="44.558729"><ele>70.236000</ele><time>2020-12-08T22:41:51Z</time><extensions><speed>0.000000</speed><course>160.822144</course><hAcc>4.855912</hAcc><vAcc>3.200727</vAcc></extensions></trkpt>
      <trkpt lon="-123.271073" lat="44.558724"><ele>70.307167</ele><time>2020-12-08T22:41:52Z</time><extensions><speed>0.000000</speed><course>160.822159</course><hAcc>4.978180</hAcc><vAcc>3.007035</vAcc></extensions></trkpt>
      <trkpt lon="-123.271068" lat="44.558722"><ele>70.282059</ele><time>2020-12-08T22:41:53Z</time><extensions><speed>0.000000</speed><course>160.822159</course><hAcc>4.901594</hAcc><vAcc>3.130321</vAcc></extensions></trkpt>
      <trkpt lon="-123.271062" lat="44.558727"><ele>70.048294</ele><time>2020-12-08T22:41:54Z</time><extensions><speed>0.000000</speed><course>160.822159</course><hAcc>4.926884</hAcc><vAcc>3.090365</vAcc></extensions></trkpt>
      <trkpt lon="-123.271061" lat="44.558727"><ele>70.220955</ele><time>2020-12-08T22:41:55Z</time><extensions><speed>0.000000</speed><course>160.822159</course><hAcc>4.962059</hAcc><vAcc>3.033564</vAcc></extensions></trkpt>
      <trkpt lon="-123.271070" lat="44.558732"><ele>70.313004</ele><time>2020-12-08T22:41:56Z</time><extensions><speed>0.000000</speed><course>160.822159</course><hAcc>5.056111</hAcc><vAcc>2.874070</vAcc></extensions></trkpt>
      <trkpt lon="-123.271071" lat="44.558732"><ele>70.517822</ele><time>2020-12-08T22:41:57Z</time><extensions><speed>0.000000</speed><course>160.822159</course><hAcc>5.117581</hAcc><vAcc>2.763133</vAcc></extensions></trkpt>
      <trkpt lon="-123.271061" lat="44.558729"><ele>70.593117</ele><time>2020-12-08T22:41:58Z</time><extensions><speed>0.000000</speed><course>160.822159</course><hAcc>5.005274</hAcc><vAcc>2.961717</vAcc></extensions></trkpt>
      <trkpt lon="-123.271053" lat="44.558726"><ele>70.519623</ele><time>2020-12-08T22:41:59Z</time><extensions><speed>0.000000</speed><course>160.822174</course><hAcc>5.058612</hAcc><vAcc>2.869666</vAcc></extensions></trkpt>
      <trkpt lon="-123.271048" lat="44.558724"><ele>70.460732</ele><time>2020-12-08T22:42:00Z</time><extensions><speed>0.000000</speed><course>160.822174</course><hAcc>5.068389</hAcc><vAcc>2.852362</vAcc></extensions></trkpt>
      <trkpt lon="-123.271044" lat="44.558723"><ele>70.410103</ele><time>2020-12-08T22:42:01Z</time><extensions><speed>0.000000</speed><course>160.822174</course><hAcc>5.200314</hAcc><vAcc>2.604087</vAcc></extensions></trkpt>
      <trkpt lon="-123.271050" lat="44.558722"><ele>70.504173</ele><time>2020-12-08T22:42:02Z</time><extensions><speed>0.000000</speed><course>160.822174</course><hAcc>5.157739</hAcc><vAcc>2.687428</vAcc></extensions></trkpt>
      <trkpt lon="-123.271040" lat="44.558723"><ele>70.580727</ele><time>2020-12-08T22:42:03Z</time><extensions><speed>0.000000</speed><course>160.822174</course><hAcc>5.065877</hAcc><vAcc>2.856822</vAcc></extensions></trkpt>
      <trkpt lon="-123.271049" lat="44.558722"><ele>70.524048</ele><time>2020-12-08T22:42:04Z</time><extensions><speed>0.000000</speed><course>160.822174</course><hAcc>5.010739</hAcc><vAcc>2.952462</vAcc></extensions></trkpt>
      <trkpt lon="-123.271038" lat="44.558721"><ele>70.508186</ele><time>2020-12-08T22:42:05Z</time><extensions><speed>0.000000</speed><course>160.822174</course><hAcc>5.082695</hAcc><vAcc>2.826791</vAcc></extensions></trkpt>
      <trkpt lon="-123.271037" lat="44.558723"><ele>70.418747</ele><time>2020-12-08T22:42:06Z</time><extensions><speed>0.000000</speed><course>160.822174</course><hAcc>5.099290</hAcc><vAcc>2.796744</vAcc></extensions></trkpt>
      <trkpt lon="-123.271033" lat="44.558725"><ele>70.551880</ele><time>2020-12-08T22:42:07Z</time><extensions><speed>0.000000</speed><course>160.822189</course><hAcc>5.070626</hAcc><vAcc>2.848383</vAcc></extensions></trkpt>
      <trkpt lon="-123.271013" lat="44.558728"><ele>70.350121</ele><time>2020-12-08T22:42:08Z</time><extensions><speed>0.000000</speed><course>160.822205</course><hAcc>5.047089</hAcc><vAcc>2.889884</vAcc></extensions></trkpt>
      <trkpt lon="-123.271018" lat="44.558730"><ele>70.311783</ele><time>2020-12-08T22:42:09Z</time><extensions><speed>0.000000</speed><course>160.822189</course><hAcc>5.023745</hAcc><vAcc>2.930277</vAcc></extensions></trkpt>
      <trkpt lon="-123.271008" lat="44.558730"><ele>70.656342</ele><time>2020-12-08T22:42:10Z</time><extensions><speed>0.000000</speed><course>160.822205</course><hAcc>5.033033</hAcc><vAcc>2.914296</vAcc></extensions></trkpt>
      <trkpt lon="-123.271014" lat="44.558729"><ele>70.774025</ele><time>2020-12-08T22:42:11Z</time><extensions><speed>0.000000</speed><course>160.822189</course><hAcc>5.008463</hAcc><vAcc>2.956321</vAcc></extensions></trkpt>
      <trkpt lon="-123.271026" lat="44.558730"><ele>70.561935</ele><time>2020-12-08T22:42:12Z</time><extensions><speed>0.000000</speed><course>160.822189</course><hAcc>5.019691</hAcc><vAcc>2.937217</vAcc></extensions></trkpt>
      <trkpt lon="-123.271033" lat="44.558732"><ele>70.472298</ele><time>2020-12-08T22:42:13Z</time><extensions><speed>0.000000</speed><course>160.822189</course><hAcc>4.928647</hAcc><vAcc>3.087552</vAcc></extensions></trkpt>
      <trkpt lon="-123.271034" lat="44.558745"><ele>70.245216</ele><time>2020-12-08T22:42:14Z</time><extensions><speed>0.000000</speed><course>160.822189</course><hAcc>4.919878</hAcc><vAcc>3.101506</vAcc></extensions></trkpt>
      <trkpt lon="-123.271044" lat="44.558755"><ele>70.136871</ele><time>2020-12-08T22:42:15Z</time><extensions><speed>0.000000</speed><course>160.822174</course><hAcc>4.955559</hAcc><vAcc>3.044170</vAcc></extensions></trkpt>
      <trkpt lon="-123.271049" lat="44.558762"><ele>70.074844</ele><time>2020-12-08T22:42:16Z</time><extensions><speed>0.000000</speed><course>160.822174</course><hAcc>4.959561</hAcc><vAcc>3.037645</vAcc></extensions></trkpt>
      <trkpt lon="-123.271067" lat="44.558768"><ele>70.136963</ele><time>2020-12-08T22:42:17Z</time><extensions><speed>0.000000</speed><course>160.822159</course><hAcc>4.868321</hAcc><vAcc>3.181821</vAcc></extensions></trkpt>
      <trkpt lon="-123.271083" lat="44.558758"><ele>70.247025</ele><time>2020-12-08T22:42:18Z</time><extensions><speed>0.639948</speed><course>200.874176</course><hAcc>4.876767</hAcc><vAcc>3.168861</vAcc></extensions></trkpt>
      <trkpt lon="-123.271101" lat="44.558762"><ele>69.604630</ele><time>2020-12-08T22:42:19Z</time><extensions><speed>0.460837</speed><course>259.746887</course><hAcc>4.921993</hAcc><vAcc>3.098149</vAcc></extensions></trkpt>
      <trkpt lon="-123.271113" lat="44.558762"><ele>68.883789</ele><time>2020-12-08T22:42:20Z</time><extensions><speed>0.336844</speed><course>276.411102</course><hAcc>4.901423</hAcc><vAcc>3.130589</vAcc></extensions></trkpt>
      <trkpt lon="-123.271123" lat="44.558760"><ele>68.736511</ele><time>2020-12-08T22:42:21Z</time><extensions><speed>0.290445</speed><course>230.140137</course><hAcc>4.884300</hAcc><vAcc>3.157238</vAcc></extensions></trkpt>
      <trkpt lon="-123.271091" lat="44.558755"><ele>69.788940</ele><time>2020-12-08T22:42:22Z</time><extensions><speed>1.201146</speed><course>94.919586</course><hAcc>4.824175</hAcc><vAcc>3.248365</vAcc></extensions></trkpt>
      <trkpt lon="-123.271088" lat="44.558742"><ele>68.912895</ele><time>2020-12-08T22:42:23Z</time><extensions><speed>0.620367</speed><course>110.217529</course><hAcc>4.817765</hAcc><vAcc>3.257864</vAcc></extensions></trkpt>
      <trkpt lon="-123.271098" lat="44.558728"><ele>69.104340</ele><time>2020-12-08T22:42:24Z</time><extensions><speed>0.707853</speed><course>162.993256</course><hAcc>4.793979</hAcc><vAcc>3.292766</vAcc></extensions></trkpt>
      <trkpt lon="-123.271109" lat="44.558728"><ele>69.708145</ele><time>2020-12-08T22:42:25Z</time><extensions><speed>0.000000</speed><course>162.993240</course><hAcc>4.830469</hAcc><vAcc>3.238997</vAcc></extensions></trkpt>
      <trkpt lon="-123.271118" lat="44.558729"><ele>69.185707</ele><time>2020-12-08T22:42:26Z</time><extensions><speed>0.000000</speed><course>162.993240</course><hAcc>4.851632</hAcc><vAcc>3.207211</vAcc></extensions></trkpt>
      <trkpt lon="-123.271113" lat="44.558721"><ele>69.503151</ele><time>2020-12-08T22:42:27Z</time><extensions><speed>0.000000</speed><course>162.993240</course><hAcc>4.821074</hAcc><vAcc>3.252965</vAcc></extensions></trkpt>
      <trkpt lon="-123.271117" lat="44.558710"><ele>69.447250</ele><time>2020-12-08T22:42:28Z</time><extensions><speed>0.000000</speed><course>162.993240</course><hAcc>4.799012</hAcc><vAcc>3.285426</vAcc></extensions></trkpt>
      <trkpt lon="-123.271118" lat="44.558702"><ele>69.451866</ele><time>2020-12-08T22:42:29Z</time><extensions><speed>0.000000</speed><course>162.993240</course><hAcc>4.792921</hAcc><vAcc>3.294305</vAcc></extensions></trkpt>
      <trkpt lon="-123.271132" lat="44.558698"><ele>69.442520</ele><time>2020-12-08T22:42:30Z</time><extensions><speed>0.000000</speed><course>162.993240</course><hAcc>4.826811</hAcc><vAcc>3.244446</vAcc></extensions></trkpt>
      <trkpt lon="-123.271153" lat="44.558704"><ele>69.126434</ele><time>2020-12-08T22:42:31Z</time><extensions><speed>0.752987</speed><course>303.032684</course><hAcc>4.805155</hAcc><vAcc>3.276435</vAcc></extensions></trkpt>
      <trkpt lon="-123.271166" lat="44.558697"><ele>68.634949</ele><time>2020-12-08T22:42:32Z</time><extensions><speed>0.485114</speed><course>242.648422</course><hAcc>4.790140</hAcc><vAcc>3.298348</vAcc></extensions></trkpt>
      <trkpt lon="-123.271159" lat="44.558700"><ele>68.922386</ele><time>2020-12-08T22:42:33Z</time><extensions><speed>0.000000</speed><course>243.427231</course><hAcc>4.797425</hAcc><vAcc>3.287742</vAcc></extensions></trkpt>
      <trkpt lon="-123.271143" lat="44.558696"><ele>69.088570</ele><time>2020-12-08T22:42:34Z</time><extensions><speed>0.000000</speed><course>243.427231</course><hAcc>4.815087</hAcc><vAcc>3.261821</vAcc></extensions></trkpt>
      <trkpt lon="-123.271119" lat="44.558686"><ele>69.235695</ele><time>2020-12-08T22:42:35Z</time><extensions><speed>0.771579</speed><course>128.290817</course><hAcc>4.784141</hAcc><vAcc>3.307043</vAcc></extensions></trkpt>
      <trkpt lon="-123.271102" lat="44.558677"><ele>69.827187</ele><time>2020-12-08T22:42:36Z</time><extensions><speed>1.098820</speed><course>128.158691</course><hAcc>4.784158</hAcc><vAcc>3.307018</vAcc></extensions></trkpt>
      <trkpt lon="-123.271079" lat="44.558668"><ele>69.743256</ele><time>2020-12-08T22:42:37Z</time><extensions><speed>1.576297</speed><course>118.454445</course><hAcc>4.796699</hAcc><vAcc>3.288802</vAcc></extensions></trkpt>
      <trkpt lon="-123.271073" lat="44.558658"><ele>70.829964</ele><time>2020-12-08T22:42:38Z</time><extensions><speed>1.123441</speed><course>130.510773</course><hAcc>4.759459</hAcc><vAcc>3.342467</vAcc></extensions></trkpt>
      <trkpt lon="-123.271053" lat="44.558662"><ele>71.124779</ele><time>2020-12-08T22:42:39Z</time><extensions><speed>1.011911</speed><course>106.947830</course><hAcc>4.758696</hAcc><vAcc>3.343554</vAcc></extensions></trkpt>
      <trkpt lon="-123.271027" lat="44.558669"><ele>70.778702</ele><time>2020-12-08T22:42:40Z</time><extensions><speed>1.366725</speed><course>88.188873</course><hAcc>4.777794</hAcc><vAcc>3.316206</vAcc></extensions></trkpt>
      <trkpt lon="-123.271014" lat="44.558666"><ele>70.638672</ele><time>2020-12-08T22:42:41Z</time><extensions><speed>1.063447</speed><course>94.775383</course><hAcc>4.750496</hAcc><vAcc>3.355193</vAcc></extensions></trkpt>
      <trkpt lon="-123.270996" lat="44.558669"><ele>69.992149</ele><time>2020-12-08T22:42:42Z</time><extensions><speed>0.976964</speed><course>88.602959</course><hAcc>4.746537</hAcc><vAcc>3.360792</vAcc></extensions></trkpt>
      <trkpt lon="-123.270985" lat="44.558674"><ele>69.150047</ele><time>2020-12-08T22:42:43Z</time><extensions><speed>0.972778</speed><course>85.019157</course><hAcc>4.744009</hAcc><vAcc>3.364360</vAcc></extensions></trkpt>
      <trkpt lon="-123.270964" lat="44.558675"><ele>69.416214</ele><time>2020-12-08T22:42:44Z</time><extensions><speed>1.182459</speed><course>88.829849</course><hAcc>4.744574</hAcc><vAcc>3.363564</vAcc></extensions></trkpt>
      <trkpt lon="-123.270948" lat="44.558676"><ele>69.474602</ele><time>2020-12-08T22:42:45Z</time><extensions><speed>1.151799</speed><course>91.985306</course><hAcc>4.743115</hAcc><vAcc>3.365620</vAcc></extensions></trkpt>
      <trkpt lon="-123.270931" lat="44.558680"><ele>69.634949</ele><time>2020-12-08T22:42:46Z</time><extensions><speed>1.078816</speed><course>86.259819</course><hAcc>4.744555</hAcc><vAcc>3.363589</vAcc></extensions></trkpt>
      <trkpt lon="-123.270915" lat="44.558684"><ele>69.492294</ele><time>2020-12-08T22:42:47Z</time><extensions><speed>1.077090</speed><course>82.124832</course><hAcc>4.744778</hAcc><vAcc>3.363275</vAcc></extensions></trkpt>
      <trkpt lon="-123.270897" lat="44.558685"><ele>69.617378</ele><time>2020-12-08T22:42:48Z</time><extensions><speed>1.110124</speed><course>80.806496</course><hAcc>4.743108</hAcc><vAcc>3.365629</vAcc></extensions></trkpt>
      <trkpt lon="-123.270882" lat="44.558687"><ele>69.773941</ele><time>2020-12-08T22:42:49Z</time><extensions><speed>1.021446</speed><course>81.012848</course><hAcc>4.743117</hAcc><vAcc>3.365617</vAcc></extensions></trkpt>
      <trkpt lon="-123.270868" lat="44.558691"><ele>69.487160</ele><time>2020-12-08T22:42:50Z</time><extensions><speed>1.017519</speed><course>79.328178</course><hAcc>4.741271</hAcc><vAcc>3.368216</vAcc></extensions></trkpt>
      <trkpt lon="-123.270858" lat="44.558697"><ele>69.528595</ele><time>2020-12-08T22:42:51Z</time><extensions><speed>0.998219</speed><course>69.377541</course><hAcc>4.740142</hAcc><vAcc>3.369805</vAcc></extensions></trkpt>
      <trkpt lon="-123.270849" lat="44.558702"><ele>69.608093</ele><time>2020-12-08T22:42:52Z</time><extensions><speed>0.825327</speed><course>66.330193</course><hAcc>4.742364</hAcc><vAcc>3.366677</vAcc></extensions></trkpt>
      <trkpt lon="-123.270851" lat="44.558706"><ele>69.861763</ele><time>2020-12-08T22:42:53Z</time><extensions><speed>0.000000</speed><course>55.054256</course><hAcc>4.742819</hAcc><vAcc>3.366037</vAcc></extensions></trkpt>
      <trkpt lon="-123.270861" lat="44.558722"><ele>69.704308</ele><time>2020-12-08T22:42:54Z</time><extensions><speed>1.154185</speed><course>341.177185</course><hAcc>4.744577</hAcc><vAcc>3.363559</vAcc></extensions></trkpt>
      <trkpt lon="-123.270869" lat="44.558726"><ele>69.479919</ele><time>2020-12-08T22:42:55Z</time><extensions><speed>0.710272</speed><course>332.327118</course><hAcc>4.741796</hAcc><vAcc>3.367478</vAcc></extensions></trkpt>
      <trkpt lon="-123.270875" lat="44.558726"><ele>69.254700</ele><time>2020-12-08T22:42:56Z</time><extensions><speed>0.000000</speed><course>314.607239</course><hAcc>4.739545</hAcc><vAcc>3.370645</vAcc></extensions></trkpt>
      <trkpt lon="-123.270885" lat="44.558733"><ele>67.006279</ele><time>2020-12-08T22:42:57Z</time><extensions><speed>1.522111</speed><course>-1.000000</course><hAcc>4.738294</hAcc><vAcc>3.372405</vAcc></extensions></trkpt>
      <trkpt lon="-123.270891" lat="44.558743"><ele>66.568619</ele><time>2020-12-08T22:42:58Z</time><extensions><speed>1.068021</speed><course>335.992859</course><hAcc>4.738175</hAcc><vAcc>3.372571</vAcc></extensions></trkpt>
      <trkpt lon="-123.270915" lat="44.558732"><ele>67.784462</ele><time>2020-12-08T22:42:59Z</time><extensions><speed>1.484360</speed><course>267.724213</course><hAcc>4.736791</hAcc><vAcc>3.374515</vAcc></extensions></trkpt>
      <trkpt lon="-123.270891" lat="44.558733"><ele>67.939133</ele><time>2020-12-08T22:43:00Z</time><extensions><speed>0.000000</speed><course>264.765656</course><hAcc>4.708383</hAcc><vAcc>3.414040</vAcc></extensions></trkpt>
      <trkpt lon="-123.270888" lat="44.558730"><ele>68.327393</ele><time>2020-12-08T22:43:01Z</time><extensions><speed>0.000000</speed><course>264.765656</course><hAcc>4.734950</hAcc><vAcc>3.377098</vAcc></extensions></trkpt>
      <trkpt lon="-123.270888" lat="44.558732"><ele>68.240921</ele><time>2020-12-08T22:43:02Z</time><extensions><speed>0.000000</speed><course>264.765656</course><hAcc>4.728256</hAcc><vAcc>3.386463</vAcc></extensions></trkpt>
      <trkpt lon="-123.270880" lat="44.558734"><ele>68.097298</ele><time>2020-12-08T22:43:03Z</time><extensions><speed>0.000000</speed><course>264.765656</course><hAcc>4.743624</hAcc><vAcc>3.364902</vAcc></extensions></trkpt>
      <trkpt lon="-123.270881" lat="44.558737"><ele>68.142624</ele><time>2020-12-08T22:43:04Z</time><extensions><speed>0.000000</speed><course>264.765656</course><hAcc>4.728756</hAcc><vAcc>3.385765</vAcc></extensions></trkpt>
      <trkpt lon="-123.270877" lat="44.558735"><ele>68.278862</ele><time>2020-12-08T22:43:05Z</time><extensions><speed>0.000000</speed><course>264.765656</course><hAcc>4.728689</hAcc><vAcc>3.385859</vAcc></extensions></trkpt>
      <trkpt lon="-123.270872" lat="44.558735"><ele>68.554214</ele><time>2020-12-08T22:43:06Z</time><extensions><speed>0.000000</speed><course>264.765656</course><hAcc>4.729603</hAcc><vAcc>3.384582</vAcc></extensions></trkpt>
      <trkpt lon="-123.270868" lat="44.558734"><ele>68.866348</ele><time>2020-12-08T22:43:07Z</time><extensions><speed>0.000000</speed><course>264.765656</course><hAcc>4.729571</hAcc><vAcc>3.384626</vAcc></extensions></trkpt>
      <trkpt lon="-123.270864" lat="44.558733"><ele>69.212471</ele><time>2020-12-08T22:43:08Z</time><extensions><speed>0.000000</speed><course>264.765656</course><hAcc>4.733052</hAcc><vAcc>3.379757</vAcc></extensions></trkpt>
      <trkpt lon="-123.270861" lat="44.558733"><ele>69.436394</ele><time>2020-12-08T22:43:09Z</time><extensions><speed>0.000000</speed><course>264.765686</course><hAcc>4.735733</hAcc><vAcc>3.375999</vAcc></extensions></trkpt>
      <trkpt lon="-123.270856" lat="44.558732"><ele>69.674675</ele><time>2020-12-08T22:43:10Z</time><extensions><speed>0.000000</speed><course>264.765686</course><hAcc>4.734324</hAcc><vAcc>3.377975</vAcc></extensions></trkpt>
      <trkpt lon="-123.270850" lat="44.558729"><ele>69.988747</ele><time>2020-12-08T22:43:11Z</time><extensions><speed>0.000000</speed><course>264.765686</course><hAcc>4.739388</hAcc><vAcc>3.370867</vAcc></extensions></trkpt>
      <trkpt lon="-123.270847" lat="44.558730"><ele>70.025551</ele><time>2020-12-08T22:43:12Z</time><extensions><speed>0.000000</speed><course>264.765686</course><hAcc>4.737193</hAcc><vAcc>3.373951</vAcc></extensions></trkpt>
      <trkpt lon="-123.270844" lat="44.558730"><ele>69.912399</ele><time>2020-12-08T22:43:13Z</time><extensions><speed>0.000000</speed><course>264.765686</course><hAcc>4.726632</hAcc><vAcc>3.388729</vAcc></extensions></trkpt>
      <trkpt lon="-123.270848" lat="44.558730"><ele>69.587883</ele><time>2020-12-08T22:43:14Z</time><extensions><speed>0.000000</speed><course>264.765686</course><hAcc>4.729566</hAcc><vAcc>3.384633</vAcc></extensions></trkpt>
      <trkpt lon="-123.270843" lat="44.558730"><ele>69.433563</ele><time>2020-12-08T22:43:15Z</time><extensions><speed>0.000000</speed><course>264.765686</course><hAcc>4.734378</hAcc><vAcc>3.377898</vAcc></extensions></trkpt>
      <trkpt lon="-123.270845" lat="44.558729"><ele>69.786972</ele><time>2020-12-08T22:43:16Z</time><extensions><speed>0.000000</speed><course>264.765686</course><hAcc>4.777308</hAcc><vAcc>3.316905</vAcc></extensions></trkpt>
      <trkpt lon="-123.270844" lat="44.558729"><ele>70.000366</ele><time>2020-12-08T22:43:17Z</time><extensions><speed>0.000000</speed><course>264.765686</course><hAcc>4.834299</hAcc><vAcc>3.233278</vAcc></extensions></trkpt>
      <trkpt lon="-123.270847" lat="44.558728"><ele>70.084297</ele><time>2020-12-08T22:43:18Z</time><extensions><speed>0.000000</speed><course>264.765686</course><hAcc>5.005724</hAcc><vAcc>2.960957</vAcc></extensions></trkpt>
      <trkpt lon="-123.270867" lat="44.558717"><ele>70.124886</ele><time>2020-12-08T22:43:19Z</time><extensions><speed>0.000000</speed><course>264.765656</course><hAcc>5.113572</hAcc><vAcc>2.770545</vAcc></extensions></trkpt>
      <trkpt lon="-123.270859" lat="44.558719"><ele>70.050041</ele><time>2020-12-08T22:43:20Z</time><extensions><speed>0.000000</speed><course>264.765686</course><hAcc>5.007673</hAcc><vAcc>2.957659</vAcc></extensions></trkpt>
      <trkpt lon="-123.270855" lat="44.558725"><ele>70.192154</ele><time>2020-12-08T22:43:21Z</time><extensions><speed>0.000000</speed><course>264.765686</course><hAcc>4.877208</hAcc><vAcc>3.168183</vAcc></extensions></trkpt>
      <trkpt lon="-123.270841" lat="44.558735"><ele>69.453903</ele><time>2020-12-08T22:43:22Z</time><extensions><speed>0.830811</speed><course>51.685005</course><hAcc>4.821508</hAcc><vAcc>3.252322</vAcc></extensions></trkpt>
      <trkpt lon="-123.270843" lat="44.558732"><ele>69.356567</ele><time>2020-12-08T22:43:23Z</time><extensions><speed>0.000000</speed><course>51.948387</course><hAcc>4.842907</hAcc><vAcc>3.220371</vAcc></extensions></trkpt>
      <trkpt lon="-123.270826" lat="44.558725"><ele>69.618080</ele><time>2020-12-08T22:43:24Z</time><extensions><speed>0.922469</speed><course>105.384071</course><hAcc>4.777088</hAcc><vAcc>3.317223</vAcc></extensions></trkpt>
      <trkpt lon="-123.270829" lat="44.558714"><ele>69.763771</ele><time>2020-12-08T22:43:25Z</time><extensions><speed>0.767821</speed><course>129.499771</course><hAcc>4.765705</hAcc><vAcc>3.333556</vAcc></extensions></trkpt>
      <trkpt lon="-123.270845" lat="44.558704"><ele>70.012001</ele><time>2020-12-08T22:43:26Z</time><extensions><speed>0.576611</speed><course>180.167419</course><hAcc>4.752491</hAcc><vAcc>3.352367</vAcc></extensions></trkpt>
      <trkpt lon="-123.270858" lat="44.558689"><ele>70.311615</ele><time>2020-12-08T22:43:27Z</time><extensions><speed>1.237064</speed><course>186.435013</course><hAcc>4.751856</hAcc><vAcc>3.353267</vAcc></extensions></trkpt>
      <trkpt lon="-123.270881" lat="44.558685"><ele>69.561554</ele><time>2020-12-08T22:43:28Z</time><extensions><speed>1.055283</speed><course>207.093445</course><hAcc>4.748910</hAcc><vAcc>3.357438</vAcc></extensions></trkpt>
      <trkpt lon="-123.270902" lat="44.558683"><ele>69.160141</ele><time>2020-12-08T22:43:29Z</time><extensions><speed>0.990709</speed><course>229.487717</course><hAcc>4.744496</hAcc><vAcc>3.363673</vAcc></extensions></trkpt>
      <trkpt lon="-123.270927" lat="44.558678"><ele>69.090462</ele><time>2020-12-08T22:43:30Z</time><extensions><speed>1.308881</speed><course>240.473526</course><hAcc>4.744138</hAcc><vAcc>3.364177</vAcc></extensions></trkpt>
      <trkpt lon="-123.270947" lat="44.558675"><ele>69.988121</ele><time>2020-12-08T22:43:31Z</time><extensions><speed>1.385414</speed><course>244.886917</course><hAcc>4.743632</hAcc><vAcc>3.364891</vAcc></extensions></trkpt>
      <trkpt lon="-123.270961" lat="44.558670"><ele>70.391670</ele><time>2020-12-08T22:43:32Z</time><extensions><speed>1.220580</speed><course>241.573212</course><hAcc>4.743160</hAcc><vAcc>3.365557</vAcc></extensions></trkpt>
      <trkpt lon="-123.270978" lat="44.558670"><ele>70.261406</ele><time>2020-12-08T22:43:33Z</time><extensions><speed>1.144386</speed><course>248.920242</course><hAcc>4.745839</hAcc><vAcc>3.361778</vAcc></extensions></trkpt>
      <trkpt lon="-123.270997" lat="44.558667"><ele>69.685959</ele><time>2020-12-08T22:43:34Z</time><extensions><speed>1.162458</speed><course>250.988083</course><hAcc>4.745106</hAcc><vAcc>3.362813</vAcc></extensions></trkpt>
      <trkpt lon="-123.271009" lat="44.558669"><ele>68.408386</ele><time>2020-12-08T22:43:35Z</time><extensions><speed>0.834631</speed><course>264.547729</course><hAcc>4.744670</hAcc><vAcc>3.363427</vAcc></extensions></trkpt>
      <trkpt lon="-123.271027" lat="44.558663"><ele>68.628662</ele><time>2020-12-08T22:43:36Z</time><extensions><speed>0.895520</speed><course>258.470795</course><hAcc>4.746862</hAcc><vAcc>3.360332</vAcc></extensions></trkpt>
      <trkpt lon="-123.271032" lat="44.558665"><ele>68.335007</ele><time>2020-12-08T22:43:37Z</time><extensions><speed>0.497546</speed><course>288.320709</course><hAcc>4.746673</hAcc><vAcc>3.360600</vAcc></extensions></trkpt>
      <trkpt lon="-123.271053" lat="44.558660"><ele>66.855019</ele><time>2020-12-08T22:43:38Z</time><extensions><speed>0.798263</speed><course>274.403717</course><hAcc>4.745147</hAcc><vAcc>3.362755</vAcc></extensions></trkpt>
      <trkpt lon="-123.271071" lat="44.558673"><ele>66.443268</ele><time>2020-12-08T22:43:39Z</time><extensions><speed>1.193539</speed><course>307.864868</course><hAcc>4.745655</hAcc><vAcc>3.362038</vAcc></extensions></trkpt>
      <trkpt lon="-123.271089" lat="44.558677"><ele>66.533600</ele><time>2020-12-08T22:43:40Z</time><extensions><speed>1.340001</speed><course>299.257080</course><hAcc>4.741639</hAcc><vAcc>3.367699</vAcc></extensions></trkpt>
      <trkpt lon="-123.271094" lat="44.558675"><ele>67.789680</ele><time>2020-12-08T22:43:41Z</time><extensions><speed>0.979442</speed><course>284.042572</course><hAcc>4.748408</hAcc><vAcc>3.358148</vAcc></extensions></trkpt>
      <trkpt lon="-123.271109" lat="44.558681"><ele>68.159233</ele><time>2020-12-08T22:43:42Z</time><extensions><speed>1.132302</speed><course>289.108002</course><hAcc>4.756230</hAcc><vAcc>3.347060</vAcc></extensions></trkpt>
      <trkpt lon="-123.271124" lat="44.558681"><ele>68.306999</ele><time>2020-12-08T22:43:43Z</time><extensions><speed>0.946445</speed><course>279.922852</course><hAcc>4.764109</hAcc><vAcc>3.335835</vAcc></extensions></trkpt>
      <trkpt lon="-123.271147" lat="44.558682"><ele>68.240349</ele><time>2020-12-08T22:43:44Z</time><extensions><speed>1.060921</speed><course>278.893768</course><hAcc>4.759318</hAcc><vAcc>3.342668</vAcc></extensions></trkpt>
      <trkpt lon="-123.271169" lat="44.558696"><ele>69.128059</ele><time>2020-12-08T22:43:45Z</time><extensions><speed>1.280279</speed><course>290.513489</course><hAcc>4.759891</hAcc><vAcc>3.341852</vAcc></extensions></trkpt>
      <trkpt lon="-123.271173" lat="44.558691"><ele>69.578323</ele><time>2020-12-08T22:43:46Z</time><extensions><speed>0.458222</speed><course>253.202454</course><hAcc>4.754040</hAcc><vAcc>3.350170</vAcc></extensions></trkpt>
      <trkpt lon="-123.271177" lat="44.558691"><ele>69.576347</ele><time>2020-12-08T22:43:47Z</time><extensions><speed>0.000000</speed><course>253.202454</course><hAcc>4.756967</hAcc><vAcc>3.346013</vAcc></extensions></trkpt>
      <trkpt lon="-123.271177" lat="44.558696"><ele>69.115395</ele><time>2020-12-08T22:43:48Z</time><extensions><speed>0.000000</speed><course>253.202454</course><hAcc>4.762731</hAcc><vAcc>3.337803</vAcc></extensions></trkpt>
      <trkpt lon="-123.271185" lat="44.558699"><ele>69.435570</ele><time>2020-12-08T22:43:49Z</time><extensions><speed>0.000000</speed><course>253.202438</course><hAcc>4.760501</hAcc><vAcc>3.340983</vAcc></extensions></trkpt>
      <trkpt lon="-123.271181" lat="44.558702"><ele>70.037018</ele><time>2020-12-08T22:43:50Z</time><extensions><speed>0.000000</speed><course>253.202454</course><hAcc>4.761387</hAcc><vAcc>3.339720</vAcc></extensions></trkpt>
      <trkpt lon="-123.271177" lat="44.558700"><ele>69.676865</ele><time>2020-12-08T22:43:51Z</time><extensions><speed>0.000000</speed><course>253.202454</course><hAcc>4.756093</hAcc><vAcc>3.347256</vAcc></extensions></trkpt>
      <trkpt lon="-123.271177" lat="44.558700"><ele>69.893761</ele><time>2020-12-08T22:43:52Z</time><extensions><speed>0.000000</speed><course>253.202454</course><hAcc>4.760252</hAcc><vAcc>3.341338</vAcc></extensions></trkpt>
      <trkpt lon="-123.271181" lat="44.558696"><ele>69.908607</ele><time>2020-12-08T22:43:53Z</time><extensions><speed>0.000000</speed><course>253.202454</course><hAcc>4.760328</hAcc><vAcc>3.341230</vAcc></extensions></trkpt>
      <trkpt lon="-123.271176" lat="44.558697"><ele>69.928116</ele><time>2020-12-08T22:43:54Z</time><extensions><speed>0.000000</speed><course>238.202133</course><hAcc>4.767878</hAcc><vAcc>3.330447</vAcc></extensions></trkpt>
      <trkpt lon="-123.271186" lat="44.558695"><ele>69.492744</ele><time>2020-12-08T22:43:55Z</time><extensions><speed>0.400340</speed><course>271.553192</course><hAcc>4.764813</hAcc><vAcc>3.334830</vAcc></extensions></trkpt>
      <trkpt lon="-123.271178" lat="44.558689"><ele>69.570290</ele><time>2020-12-08T22:43:56Z</time><extensions><speed>0.000000</speed><course>179.759888</course><hAcc>4.774982</hAcc><vAcc>3.320254</vAcc></extensions></trkpt>
      <trkpt lon="-123.271160" lat="44.558693"><ele>69.502731</ele><time>2020-12-08T22:43:57Z</time><extensions><speed>0.968592</speed><course>76.372482</course><hAcc>4.793593</hAcc><vAcc>3.293327</vAcc></extensions></trkpt>
      <trkpt lon="-123.271184" lat="44.558702"><ele>69.261101</ele><time>2020-12-08T22:43:58Z</time><extensions><speed>0.790525</speed><course>304.107239</course><hAcc>4.772311</hAcc><vAcc>3.324092</vAcc></extensions></trkpt>
      <trkpt lon="-123.271176" lat="44.558699"><ele>69.210876</ele><time>2020-12-08T22:43:59Z</time><extensions><speed>0.000000</speed><course>303.129730</course><hAcc>4.762477</hAcc><vAcc>3.338165</vAcc></extensions></trkpt>
      <trkpt lon="-123.271180" lat="44.558695"><ele>69.468666</ele><time>2020-12-08T22:44:00Z</time><extensions><speed>0.000000</speed><course>303.129730</course><hAcc>4.767498</hAcc><vAcc>3.330991</vAcc></extensions></trkpt>
      <trkpt lon="-123.271169" lat="44.558695"><ele>69.436356</ele><time>2020-12-08T22:44:01Z</time><extensions><speed>0.000000</speed><course>303.129761</course><hAcc>4.771158</hAcc><vAcc>3.325746</vAcc></extensions></trkpt>
      <trkpt lon="-123.271145" lat="44.558694"><ele>68.979263</ele><time>2020-12-08T22:44:02Z</time><extensions><speed>1.138823</speed><course>79.056709</course><hAcc>4.774215</hAcc><vAcc>3.321356</vAcc></extensions></trkpt>
      <trkpt lon="-123.271140" lat="44.558684"><ele>68.874840</ele><time>2020-12-08T22:44:03Z</time><extensions><speed>0.659518</speed><course>115.500916</course><hAcc>4.788231</hAcc><vAcc>3.301118</vAcc></extensions></trkpt>
      <trkpt lon="-123.271139" lat="44.558681"><ele>68.554642</ele><time>2020-12-08T22:44:04Z</time><extensions><speed>0.000000</speed><course>-1.000000</course><hAcc>4.781859</hAcc><vAcc>3.310342</vAcc></extensions></trkpt>
      <trkpt lon="-123.271134" lat="44.558687"><ele>68.392418</ele><time>2020-12-08T22:44:05Z</time><extensions><speed>0.491514</speed><course>330.140930</course><hAcc>4.779140</hAcc><vAcc>3.314266</vAcc></extensions></trkpt>
      <trkpt lon="-123.271126" lat="44.558679"><ele>68.733528</ele><time>2020-12-08T22:44:06Z</time><extensions><speed>0.000000</speed><course>334.605255</course><hAcc>4.785177</hAcc><vAcc>3.305543</vAcc></extensions></trkpt>
      <trkpt lon="-123.271131" lat="44.558680"><ele>68.751404</ele><time>2020-12-08T22:44:07Z</time><extensions><speed>0.000000</speed><course>334.605255</course><hAcc>4.777563</hAcc><vAcc>3.316538</vAcc></extensions></trkpt>
      <trkpt lon="-123.271127" lat="44.558680"><ele>69.229927</ele><time>2020-12-08T22:44:08Z</time><extensions><speed>0.000000</speed><course>334.605255</course><hAcc>4.796415</hAcc><vAcc>3.289215</vAcc></extensions></trkpt>
      <trkpt lon="-123.271146" lat="44.558692"><ele>70.261322</ele><time>2020-12-08T22:44:09Z</time><extensions><speed>0.907493</speed><course>303.806641</course><hAcc>4.818669</hAcc><vAcc>3.256527</vAcc></extensions></trkpt>
      <trkpt lon="-123.271146" lat="44.558715"><ele>69.429871</ele><time>2020-12-08T22:44:10Z</time><extensions><speed>1.084712</speed><course>333.536560</course><hAcc>4.827380</hAcc><vAcc>3.243600</vAcc></extensions></trkpt>
      <trkpt lon="-123.271135" lat="44.558728"><ele>69.652786</ele><time>2020-12-08T22:44:11Z</time><extensions><speed>0.565280</speed><course>357.396912</course><hAcc>4.850527</hAcc><vAcc>3.208882</vAcc></extensions></trkpt>
      <trkpt lon="-123.271136" lat="44.558733"><ele>69.926025</ele><time>2020-12-08T22:44:12Z</time><extensions><speed>0.000000</speed><course>358.093658</course><hAcc>4.838899</hAcc><vAcc>3.226391</vAcc></extensions></trkpt>
      <trkpt lon="-123.271125" lat="44.558732"><ele>70.912254</ele><time>2020-12-08T22:44:13Z</time><extensions><speed>0.808838</speed><course>-1.000000</course><hAcc>4.882379</hAcc><vAcc>3.160208</vAcc></extensions></trkpt>
      <trkpt lon="-123.271115" lat="44.558735"><ele>70.322525</ele><time>2020-12-08T22:44:14Z</time><extensions><speed>0.000000</speed><course>90.703590</course><hAcc>4.905560</hAcc><vAcc>3.124103</vAcc></extensions></trkpt>
      <trkpt lon="-123.271102" lat="44.558745"><ele>70.308670</ele><time>2020-12-08T22:44:15Z</time><extensions><speed>0.000000</speed><course>55.672737</course><hAcc>4.886203</hAcc><vAcc>3.154292</vAcc></extensions></trkpt>
      <trkpt lon="-123.271085" lat="44.558737"><ele>70.405136</ele><time>2020-12-08T22:44:16Z</time><extensions><speed>0.000000</speed><course>55.672749</course><hAcc>4.857869</hAcc><vAcc>3.197756</vAcc></extensions></trkpt>
      <trkpt lon="-123.271089" lat="44.558743"><ele>70.215904</ele><time>2020-12-08T22:44:17Z</time><extensions><speed>0.000000</speed><course>55.672745</course><hAcc>4.908988</hAcc><vAcc>3.118714</vAcc></extensions></trkpt>
      <trkpt lon="-123.271082" lat="44.558735"><ele>70.205376</ele><time>2020-12-08T22:44:18Z</time><extensions><speed>0.000000</speed><course>55.672752</course><hAcc>4.901786</hAcc><vAcc>3.130021</vAcc></extensions></trkpt>
      <trkpt lon="-123.271084" lat="44.558736"><ele>70.005348</ele><time>2020-12-08T22:44:19Z</time><extensions><speed>0.000000</speed><course>55.672749</course><hAcc>4.871283</hAcc><vAcc>3.177285</vAcc></extensions></trkpt>
      <trkpt lon="-123.271089" lat="44.558744"><ele>69.709473</ele><time>2020-12-08T22:44:20Z</time><extensions><speed>0.000000</speed><course>55.672745</course><hAcc>4.855610</hAcc><vAcc>3.201185</vAcc></extensions></trkpt>
      <trkpt lon="-123.271097" lat="44.558748"><ele>69.618210</ele><time>2020-12-08T22:44:21Z</time><extensions><speed>0.000000</speed><course>55.672741</course><hAcc>4.898703</hAcc><vAcc>3.134845</vAcc></extensions></trkpt>
      <trkpt lon="-123.271094" lat="44.558749"><ele>69.938408</ele><time>2020-12-08T22:44:22Z</time><extensions><speed>0.000000</speed><course>55.672741</course><hAcc>4.863772</hAcc><vAcc>3.188770</vAcc></extensions></trkpt>
      <trkpt lon="-123.271093" lat="44.558753"><ele>69.780548</ele><time>2020-12-08T22:44:23Z</time><extensions><speed>0.000000</speed><course>55.672741</course><hAcc>4.987649</hAcc><vAcc>2.991303</vAcc></extensions></trkpt>
      <trkpt lon="-123.271105" lat="44.558765"><ele>69.627151</ele><time>2020-12-08T22:44:24Z</time><extensions><speed>0.000000</speed><course>55.672733</course><hAcc>5.021056</hAcc><vAcc>2.934882</vAcc></extensions></trkpt>
      <trkpt lon="-123.271090" lat="44.558765"><ele>69.873192</ele><time>2020-12-08T22:44:25Z</time><extensions><speed>0.000000</speed><course>97.085770</course><hAcc>4.916127</hAcc><vAcc>3.107448</vAcc></extensions></trkpt>
      <trkpt lon="-123.271094" lat="44.558771"><ele>69.701172</ele><time>2020-12-08T22:44:26Z</time><extensions><speed>0.000000</speed><course>97.085770</course><hAcc>4.893083</hAcc><vAcc>3.143609</vAcc></extensions></trkpt>
      <trkpt lon="-123.271090" lat="44.558772"><ele>69.622459</ele><time>2020-12-08T22:44:27Z</time><extensions><speed>0.000000</speed><course>97.085770</course><hAcc>4.905008</hAcc><vAcc>3.124969</vAcc></extensions></trkpt>
      <trkpt lon="-123.271094" lat="44.558779"><ele>69.735992</ele><time>2020-12-08T22:44:28Z</time><extensions><speed>0.000000</speed><course>97.085770</course><hAcc>5.035901</hAcc><vAcc>2.909337</vAcc></extensions></trkpt>
      <trkpt lon="-123.271095" lat="44.558780"><ele>69.769997</ele><time>2020-12-08T22:44:29Z</time><extensions><speed>0.000000</speed><course>97.085770</course><hAcc>4.983346</hAcc><vAcc>2.998466</vAcc></extensions></trkpt>
      <trkpt lon="-123.271098" lat="44.558785"><ele>69.701927</ele><time>2020-12-08T22:44:30Z</time><extensions><speed>0.000000</speed><course>97.085762</course><hAcc>5.006417</hAcc><vAcc>2.959784</vAcc></extensions></trkpt>
      <trkpt lon="-123.271090" lat="44.558773"><ele>69.660522</ele><time>2020-12-08T22:44:31Z</time><extensions><speed>0.000000</speed><course>97.085770</course><hAcc>5.027569</hAcc><vAcc>2.923712</vAcc></extensions></trkpt>
      <trkpt lon="-123.271080" lat="44.558760"><ele>69.506950</ele><time>2020-12-08T22:44:32Z</time><extensions><speed>0.000000</speed><course>97.085777</course><hAcc>4.938691</hAcc><vAcc>3.071461</vAcc></extensions></trkpt>
      <trkpt lon="-123.271074" lat="44.558757"><ele>69.649529</ele><time>2020-12-08T22:44:33Z</time><extensions><speed>0.000000</speed><course>97.085785</course><hAcc>5.005472</hAcc><vAcc>2.961383</vAcc></extensions></trkpt>
      <trkpt lon="-123.271075" lat="44.558749"><ele>69.648460</ele><time>2020-12-08T22:44:34Z</time><extensions><speed>0.000000</speed><course>97.085785</course><hAcc>4.970527</hAcc><vAcc>3.019669</vAcc></extensions></trkpt>
      <trkpt lon="-123.271057" lat="44.558746"><ele>69.708664</ele><time>2020-12-08T22:44:35Z</time><extensions><speed>0.736721</speed><course>98.242386</course><hAcc>4.943807</hAcc><vAcc>3.063218</vAcc></extensions></trkpt>
      <trkpt lon="-123.271050" lat="44.558756"><ele>70.235382</ele><time>2020-12-08T22:44:36Z</time><extensions><speed>0.733722</speed><course>56.684185</course><hAcc>4.950259</hAcc><vAcc>3.052781</vAcc></extensions></trkpt>
      <trkpt lon="-123.271039" lat="44.558757"><ele>70.194847</ele><time>2020-12-08T22:44:37Z</time><extensions><speed>0.840969</speed><course>62.670055</course><hAcc>4.926826</hAcc><vAcc>3.090457</vAcc></extensions></trkpt>
      <trkpt lon="-123.271047" lat="44.558763"><ele>70.646011</ele><time>2020-12-08T22:44:38Z</time><extensions><speed>0.000000</speed><course>44.009914</course><hAcc>4.894781</hAcc><vAcc>3.140964</vAcc></extensions></trkpt>
      <trkpt lon="-123.271059" lat="44.558767"><ele>70.164650</ele><time>2020-12-08T22:44:39Z</time><extensions><speed>0.000000</speed><course>44.009914</course><hAcc>4.923567</hAcc><vAcc>3.095646</vAcc></extensions></trkpt>
      <trkpt lon="-123.271060" lat="44.558779"><ele>70.367729</ele><time>2020-12-08T22:44:40Z</time><extensions><speed>0.714198</speed><course>355.517029</course><hAcc>4.987278</hAcc><vAcc>2.991921</vAcc></extensions></trkpt>
      <trkpt lon="-123.271065" lat="44.558775"><ele>70.292496</ele><time>2020-12-08T22:44:41Z</time><extensions><speed>0.000000</speed><course>355.517029</course><hAcc>4.932810</hAcc><vAcc>3.080896</vAcc></extensions></trkpt>
      <trkpt lon="-123.271068" lat="44.558781"><ele>70.084564</ele><time>2020-12-08T22:44:42Z</time><extensions><speed>0.810347</speed><course>24.079428</course><hAcc>4.926546</hAcc><vAcc>3.090903</vAcc></extensions></trkpt>
      <trkpt lon="-123.271078" lat="44.558786"><ele>70.220741</ele><time>2020-12-08T22:44:43Z</time><extensions><speed>0.989301</speed><course>25.883493</course><hAcc>4.906393</hAcc><vAcc>3.122794</vAcc></extensions></trkpt>
      <trkpt lon="-123.271076" lat="44.558788"><ele>70.104843</ele><time>2020-12-08T22:44:44Z</time><extensions><speed>0.558002</speed><course>21.026165</course><hAcc>4.942449</hAcc><vAcc>3.065410</vAcc></extensions></trkpt>
      <trkpt lon="-123.271071" lat="44.558782"><ele>70.096672</ele><time>2020-12-08T22:44:45Z</time><extensions><speed>0.000000</speed><course>21.026169</course><hAcc>4.920052</hAcc><vAcc>3.101231</vAcc></extensions></trkpt>
      <trkpt lon="-123.271056" lat="44.558765"><ele>69.713661</ele><time>2020-12-08T22:44:46Z</time><extensions><speed>0.000000</speed><course>21.026180</course><hAcc>4.912961</hAcc><vAcc>3.112450</vAcc></extensions></trkpt>
      <trkpt lon="-123.271057" lat="44.558763"><ele>69.922699</ele><time>2020-12-08T22:44:47Z</time><extensions><speed>0.000000</speed><course>21.026178</course><hAcc>4.935580</hAcc><vAcc>3.076457</vAcc></extensions></trkpt>
      <trkpt lon="-123.271038" lat="44.558757"><ele>69.992821</ele><time>2020-12-08T22:44:48Z</time><extensions><speed>0.000000</speed><course>21.026194</course><hAcc>4.962837</hAcc><vAcc>3.032290</vAcc></extensions></trkpt>
      <trkpt lon="-123.271047" lat="44.558766"><ele>69.943069</ele><time>2020-12-08T22:44:49Z</time><extensions><speed>0.000000</speed><course>21.026186</course><hAcc>4.951084</hAcc><vAcc>3.051443</vAcc></extensions></trkpt>
      <trkpt lon="-123.271048" lat="44.558764"><ele>69.825668</ele><time>2020-12-08T22:44:50Z</time><extensions><speed>0.000000</speed><course>21.026186</course><hAcc>4.926657</hAcc><vAcc>3.090726</vAcc></extensions></trkpt>
      <trkpt lon="-123.271047" lat="44.558766"><ele>69.828583</ele><time>2020-12-08T22:44:51Z</time><extensions><speed>0.000000</speed><course>21.026186</course><hAcc>4.934091</hAcc><vAcc>3.078845</vAcc></extensions></trkpt>
      <trkpt lon="-123.271062" lat="44.558758"><ele>69.954666</ele><time>2020-12-08T22:44:52Z</time><extensions><speed>0.000000</speed><course>21.026175</course><hAcc>5.051541</hAcc><vAcc>2.882095</vAcc></extensions></trkpt>
      <trkpt lon="-123.271043" lat="44.558747"><ele>70.192230</ele><time>2020-12-08T22:44:53Z</time><extensions><speed>0.727050</speed><course>112.296463</course><hAcc>5.037001</hAcc><vAcc>2.907432</vAcc></extensions></trkpt>
      <trkpt lon="-123.271046" lat="44.558750"><ele>70.194069</ele><time>2020-12-08T22:44:54Z</time><extensions><speed>0.000000</speed><course>111.465111</course><hAcc>4.978201</hAcc><vAcc>3.007000</vAcc></extensions></trkpt>
      <trkpt lon="-123.271050" lat="44.558745"><ele>69.932190</ele><time>2020-12-08T22:44:55Z</time><extensions><speed>0.000000</speed><course>98.650337</course><hAcc>4.962603</hAcc><vAcc>3.032674</vAcc></extensions></trkpt>
      <trkpt lon="-123.271055" lat="44.558742"><ele>70.002495</ele><time>2020-12-08T22:44:56Z</time><extensions><speed>0.000000</speed><course>98.650330</course><hAcc>4.948328</hAcc><vAcc>3.055910</vAcc></extensions></trkpt>
      <trkpt lon="-123.271060" lat="44.558744"><ele>69.917725</ele><time>2020-12-08T22:44:57Z</time><extensions><speed>0.000000</speed><course>98.650330</course><hAcc>4.948759</hAcc><vAcc>3.055213</vAcc></extensions></trkpt>
      <trkpt lon="-123.271049" lat="44.558737"><ele>69.916359</ele><time>2020-12-08T22:44:58Z</time><extensions><speed>0.000000</speed><course>98.650337</course><hAcc>4.968680</hAcc><vAcc>3.022706</vAcc></extensions></trkpt>
      <trkpt lon="-123.271065" lat="44.558739"><ele>70.272369</ele><time>2020-12-08T22:44:59Z</time><extensions><speed>0.000000</speed><course>98.650322</course><hAcc>4.929359</hAcc><vAcc>3.086415</vAcc></extensions></trkpt>
      <trkpt lon="-123.271071" lat="44.558747"><ele>70.484245</ele><time>2020-12-08T22:45:00Z</time><extensions><speed>0.000000</speed><course>98.650322</course><hAcc>4.969668</hAcc><vAcc>3.021082</vAcc></extensions></trkpt>
      <trkpt lon="-123.271054" lat="44.558741"><ele>70.280197</ele><time>2020-12-08T22:45:01Z</time><extensions><speed>0.000000</speed><course>98.650330</course><hAcc>4.975217</hAcc><vAcc>3.011935</vAcc></extensions></trkpt>
      <trkpt lon="-123.271068" lat="44.558749"><ele>70.288269</ele><time>2020-12-08T22:45:02Z</time><extensions><speed>0.000000</speed><course>98.650322</course><hAcc>5.000144</hAcc><vAcc>2.970369</vAcc></extensions></trkpt>
      <trkpt lon="-123.271081" lat="44.558757"><ele>70.246834</ele><time>2020-12-08T22:45:03Z</time><extensions><speed>0.000000</speed><course>98.650314</course><hAcc>4.962541</hAcc><vAcc>3.032776</vAcc></extensions></trkpt>
      <trkpt lon="-123.271081" lat="44.558744"><ele>70.377319</ele><time>2020-12-08T22:45:04Z</time><extensions><speed>0.000000</speed><course>98.650314</course><hAcc>5.009773</hAcc><vAcc>2.954101</vAcc></extensions></trkpt>
      <trkpt lon="-123.271082" lat="44.558752"><ele>70.381363</ele><time>2020-12-08T22:45:05Z</time><extensions><speed>0.000000</speed><course>98.650314</course><hAcc>5.088144</hAcc><vAcc>2.816972</vAcc></extensions></trkpt>
      <trkpt lon="-123.271091" lat="44.558749"><ele>70.653900</ele><time>2020-12-08T22:45:06Z</time><extensions><speed>0.000000</speed><course>98.650307</course><hAcc>5.074780</hAcc><vAcc>2.840977</vAcc></extensions></trkpt>
      <trkpt lon="-123.271093" lat="44.558743"><ele>70.452858</ele><time>2020-12-08T22:45:07Z</time><extensions><speed>0.000000</speed><course>98.650307</course><hAcc>5.112513</hAcc><vAcc>2.772500</vAcc></extensions></trkpt>
      <trkpt lon="-123.271091" lat="44.558743"><ele>70.682907</ele><time>2020-12-08T22:45:08Z</time><extensions><speed>0.000000</speed><course>98.650307</course><hAcc>5.174093</hAcc><vAcc>2.655805</vAcc></extensions></trkpt>
      <trkpt lon="-123.271097" lat="44.558748"><ele>70.617249</ele><time>2020-12-08T22:45:09Z</time><extensions><speed>0.000000</speed><course>98.650299</course><hAcc>5.131115</hAcc><vAcc>2.737918</vAcc></extensions></trkpt>
      <trkpt lon="-123.271098" lat="44.558751"><ele>70.503593</ele><time>2020-12-08T22:45:10Z</time><extensions><speed>0.000000</speed><course>98.650299</course><hAcc>5.129671</hAcc><vAcc>2.740623</vAcc></extensions></trkpt>
      <trkpt lon="-123.271099" lat="44.558758"><ele>70.723747</ele><time>2020-12-08T22:45:11Z</time><extensions><speed>0.000000</speed><course>98.650299</course><hAcc>5.149566</hAcc><vAcc>2.703056</vAcc></extensions></trkpt>
      <trkpt lon="-123.271102" lat="44.558758"><ele>70.421494</ele><time>2020-12-08T22:45:12Z</time><extensions><speed>0.000000</speed><course>98.650299</course><hAcc>5.181855</hAcc><vAcc>2.640627</vAcc></extensions></trkpt>
      <trkpt lon="-123.271089" lat="44.558754"><ele>70.573082</ele><time>2020-12-08T22:45:13Z</time><extensions><speed>0.000000</speed><course>98.650307</course><hAcc>5.225277</hAcc><vAcc>2.553627</vAcc></extensions></trkpt>
      <trkpt lon="-123.271091" lat="44.558756"><ele>70.382050</ele><time>2020-12-08T22:45:14Z</time><extensions><speed>0.000000</speed><course>98.650307</course><hAcc>5.226266</hAcc><vAcc>2.551603</vAcc></extensions></trkpt>
    </trkseg>
  </trk>
</gpx>