<?xml version="1.0" encoding="UTF-8"?>
<gpx version="1.1" creator="Apple Health Export" xmlns="http://www.topografix.com/GPX/1/1" xmlns:xsi="http://www.w3.org/2001/XMLSchema-instance" xsi:schemaLocation="http://www.topografix.com/GPX/1/1 http://www.topografix.com/GPX/1/1/gpx.xsd">
  <metadata>
    <time>2021-02-21T19:24:48Z</time>
  </metadata>
  <trk>
    <name>Route 2020-12-11 2:20pm</name>
    <trkseg>
      <trkpt lon="-123.279238" lat="44.563374"><ele>76.873238</ele><time>2020-12-11T22:10:07Z</time><extensions><speed>2.410000</speed><course>329.414062</course><hAcc>12.077298</hAcc><vAcc>12.000000</vAcc></extensions></trkpt>
      <trkpt lon="-123.279248" lat="44.563386"><ele>77.655647</ele><time>2020-12-11T22:10:07Z</time><extensions><speed>2.410000</speed><course>329.414062</course><hAcc>12.731030</hAcc><vAcc>12.000000</vAcc></extensions></trkpt>
      <trkpt lon="-123.279194" lat="44.563331"><ele>75.159798</ele><time>2020-12-11T22:10:08Z</time><extensions><speed>2.410000</speed><course>329.414062</course><hAcc>9.613436</hAcc><vAcc>3.000000</vAcc></extensions></trkpt>
      <trkpt lon="-123.279256" lat="44.563279"><ele>75.162300</ele><time>2020-12-11T22:10:09Z</time><extensions><speed>1.110000</speed><course>280.898438</course><hAcc>7.316117</hAcc><vAcc>3.000000</vAcc></extensions></trkpt>
      <trkpt lon="-123.279251" lat="44.563256"><ele>74.584175</ele><time>2020-12-11T22:10:10Z</time><extensions><speed>1.060000</speed><course>225.000000</course><hAcc>5.711887</hAcc><vAcc>3.000000</vAcc></extensions></trkpt>
      <trkpt lon="-123.279260" lat="44.563205"><ele>75.910469</ele><time>2020-12-11T22:10:11Z</time><extensions><speed>1.110000</speed><course>302.343750</course><hAcc>4.210958</hAcc><vAcc>3.000000</vAcc></extensions></trkpt>
      <trkpt lon="-123.279308" lat="44.563216"><ele>75.627754</ele><time>2020-12-11T22:10:12Z</time><extensions><speed>1.190000</speed><course>306.562500</course><hAcc>3.925420</hAcc><vAcc>3.000000</vAcc></extensions></trkpt>
      <trkpt lon="-123.279325" lat="44.563206"><ele>75.683723</ele><time>2020-12-11T22:10:13Z</time><extensions><speed>1.590000</speed><course>282.304688</course><hAcc>3.535534</hAcc><vAcc>3.000000</vAcc></extensions></trkpt>
      <trkpt lon="-123.279343" lat="44.563206"><ele>75.705818</ele><time>2020-12-11T22:10:14Z</time><extensions><speed>1.190000</speed><course>281.953125</course><hAcc>3.535534</hAcc><vAcc>3.000000</vAcc></extensions></trkpt>
      <trkpt lon="-123.279361" lat="44.563208"><ele>75.748177</ele><time>2020-12-11T22:10:15Z</time><extensions><speed>1.220000</speed><course>281.953125</course><hAcc>3.535534</hAcc><vAcc>3.000000</vAcc></extensions></trkpt>
      <trkpt lon="-123.279391" lat="44.563208"><ele>75.339241</ele><time>2020-12-11T22:10:16Z</time><extensions><speed>1.220000</speed><course>281.953125</course><hAcc>3.535534</hAcc><vAcc>3.000000</vAcc></extensions></trkpt>
      <trkpt lon="-123.279403" lat="44.563216"><ele>75.358345</ele><time>2020-12-11T22:10:17Z</time><extensions><speed>1.340000</speed><course>281.953125</course><hAcc>3.535534</hAcc><vAcc>3.000000</vAcc></extensions></trkpt>
      <trkpt lon="-123.279420" lat="44.563221"><ele>74.420418</ele><time>2020-12-11T22:10:18Z</time><extensions><speed>1.350000</speed><course>286.875000</course><hAcc>3.535534</hAcc><vAcc>3.000000</vAcc></extensions></trkpt>
      <trkpt lon="-123.279431" lat="44.563228"><ele>74.563545</ele><time>2020-12-11T22:10:19Z</time><extensions><speed>1.340000</speed><course>287.226562</course><hAcc>3.535534</hAcc><vAcc>3.000000</vAcc></extensions></trkpt>
      <trkpt lon="-123.279447" lat="44.563231"><ele>74.563545</ele><time>2020-12-11T22:10:20Z</time><extensions><speed>1.340000</speed><course>287.226562</course><hAcc>4.569110</hAcc><vAcc>3.598301</vAcc></extensions></trkpt>
      <trkpt lon="-123.279453" lat="44.563239"><ele>74.103645</ele><time>2020-12-11T22:10:21Z</time><extensions><speed>1.350000</speed><course>286.523438</course><hAcc>4.569110</hAcc><vAcc>3.598301</vAcc></extensions></trkpt>
      <trkpt lon="-123.279445" lat="44.563261"><ele>73.758980</ele><time>2020-12-11T22:10:22Z</time><extensions><speed>1.460000</speed><course>345.234375</course><hAcc>4.569110</hAcc><vAcc>3.598301</vAcc></extensions></trkpt>
      <trkpt lon="-123.279441" lat="44.563278"><ele>73.294502</ele><time>2020-12-11T22:10:23Z</time><extensions><speed>1.740000</speed><course>354.726562</course><hAcc>4.569110</hAcc><vAcc>3.598300</vAcc></extensions></trkpt>
      <trkpt lon="-123.279435" lat="44.563296"><ele>73.196358</ele><time>2020-12-11T22:10:24Z</time><extensions><speed>1.930000</speed><course>358.242188</course><hAcc>4.569110</hAcc><vAcc>3.598300</vAcc></extensions></trkpt>
      <trkpt lon="-123.279429" lat="44.563304"><ele>73.215889</ele><time>2020-12-11T22:10:25Z</time><extensions><speed>1.740000</speed><course>358.242188</course><hAcc>4.569668</hAcc><vAcc>3.597593</vAcc></extensions></trkpt>
      <trkpt lon="-123.279424" lat="44.563302"><ele>72.934822</ele><time>2020-12-11T22:10:26Z</time><extensions><speed>0.910000</speed><course>358.593750</course><hAcc>4.569110</hAcc><vAcc>3.598300</vAcc></extensions></trkpt>
      <trkpt lon="-123.279420" lat="44.563312"><ele>72.395210</ele><time>2020-12-11T22:10:27Z</time><extensions><speed>0.910000</speed><course>358.242188</course><hAcc>4.569110</hAcc><vAcc>3.598300</vAcc></extensions></trkpt>
      <trkpt lon="-123.279413" lat="44.563336"><ele>71.922798</ele><time>2020-12-11T22:10:28Z</time><extensions><speed>1.880000</speed><course>4.218751</course><hAcc>4.569110</hAcc><vAcc>3.598300</vAcc></extensions></trkpt>
      <trkpt lon="-123.279411" lat="44.563325"><ele>71.890999</ele><time>2020-12-11T22:10:29Z</time><extensions><speed>0.220000</speed><course>-1.000000</course><hAcc>4.569110</hAcc><vAcc>3.598300</vAcc></extensions></trkpt>
      <trkpt lon="-123.279410" lat="44.563324"><ele>71.881538</ele><time>2020-12-11T22:10:30Z</time><extensions><speed>0.000000</speed><course>-1.000000</course><hAcc>4.569110</hAcc><vAcc>3.598300</vAcc></extensions></trkpt>
      <trkpt lon="-123.279412" lat="44.563322"><ele>71.977058</ele><time>2020-12-11T22:10:31Z</time><extensions><speed>0.000000</speed><course>-1.000000</course><hAcc>4.573039</hAcc><vAcc>3.593307</vAcc></extensions></trkpt>
      <trkpt lon="-123.279414" lat="44.563320"><ele>71.737129</ele><time>2020-12-11T22:10:32Z</time><extensions><speed>0.000000</speed><course>-1.000000</course><hAcc>4.569110</hAcc><vAcc>3.598300</vAcc></extensions></trkpt>
      <trkpt lon="-123.279416" lat="44.563319"><ele>71.518379</ele><time>2020-12-11T22:10:33Z</time><extensions><speed>0.000000</speed><course>-1.000000</course><hAcc>4.569110</hAcc><vAcc>3.598300</vAcc></extensions></trkpt>
      <trkpt lon="-123.279418" lat="44.563318"><ele>71.494392</ele><time>2020-12-11T22:10:34Z</time><extensions><speed>0.000000</speed><course>-1.000000</course><hAcc>4.569110</hAcc><vAcc>3.598300</vAcc></extensions></trkpt>
      <trkpt lon="-123.279419" lat="44.563317"><ele>71.507149</ele><time>2020-12-11T22:10:35Z</time><extensions><speed>0.000000</speed><course>-1.000000</course><hAcc>4.569110</hAcc><vAcc>3.598300</vAcc></extensions></trkpt>
      <trkpt lon="-123.279420" lat="44.563316"><ele>71.463264</ele><time>2020-12-11T22:10:36Z</time><extensions><speed>0.000000</speed><course>-1.000000</course><hAcc>4.569110</hAcc><vAcc>3.598300</vAcc></extensions></trkpt>
      <trkpt lon="-123.279420" lat="44.563315"><ele>71.548653</ele><time>2020-12-11T22:10:37Z</time><extensions><speed>0.000000</speed><course>-1.000000</course><hAcc>4.569110</hAcc><vAcc>3.598300</vAcc></extensions></trkpt>
      <trkpt lon="-123.279420" lat="44.563314"><ele>71.519600</ele><time>2020-12-11T22:10:38Z</time><extensions><speed>0.000000</speed><course>-1.000000</course><hAcc>4.569110</hAcc><vAcc>3.598300</vAcc></extensions></trkpt>
      <trkpt lon="-123.279419" lat="44.563313"><ele>71.485786</ele><time>2020-12-11T22:10:39Z</time><extensions><speed>0.000000</speed><course>-1.000000</course><hAcc>4.569110</hAcc><vAcc>3.598300</vAcc></extensions></trkpt>
      <trkpt lon="-123.279406" lat="44.563312"><ele>72.471008</ele><time>2020-12-11T22:10:40Z</time><extensions><speed>0.029924</speed><course>-1.000000</course><hAcc>4.793278</hAcc><vAcc>3.293786</vAcc></extensions></trkpt>
      <trkpt lon="-123.279401" lat="44.563315"><ele>72.316986</ele><time>2020-12-11T22:10:41Z</time><extensions><speed>0.109519</speed><course>-1.000000</course><hAcc>4.794095</hAcc><vAcc>3.292596</vAcc></extensions></trkpt>
      <trkpt lon="-123.279401" lat="44.563315"><ele>72.363129</ele><time>2020-12-11T22:10:42Z</time><extensions><speed>0.041646</speed><course>-1.000000</course><hAcc>4.792346</hAcc><vAcc>3.295141</vAcc></extensions></trkpt>
      <trkpt lon="-123.279408" lat="44.563314"><ele>72.369553</ele><time>2020-12-11T22:10:43Z</time><extensions><speed>0.032058</speed><course>-1.000000</course><hAcc>4.798054</hAcc><vAcc>3.286825</vAcc></extensions></trkpt>
      <trkpt lon="-123.279419" lat="44.563312"><ele>72.521278</ele><time>2020-12-11T22:10:44Z</time><extensions><speed>0.067702</speed><course>-1.000000</course><hAcc>4.791693</hAcc><vAcc>3.296091</vAcc></extensions></trkpt>
      <trkpt lon="-123.279428" lat="44.563309"><ele>72.813133</ele><time>2020-12-11T22:10:45Z</time><extensions><speed>0.082105</speed><course>-1.000000</course><hAcc>4.804185</hAcc><vAcc>3.277856</vAcc></extensions></trkpt>
      <trkpt lon="-123.279439" lat="44.563312"><ele>73.009789</ele><time>2020-12-11T22:10:46Z</time><extensions><speed>0.078093</speed><course>-1.000000</course><hAcc>4.807876</hAcc><vAcc>3.272440</vAcc></extensions></trkpt>
      <trkpt lon="-123.279448" lat="44.563313"><ele>73.157608</ele><time>2020-12-11T22:10:47Z</time><extensions><speed>0.097771</speed><course>-1.000000</course><hAcc>4.814688</hAcc><vAcc>3.262410</vAcc></extensions></trkpt>
      <trkpt lon="-123.279447" lat="44.563317"><ele>73.119308</ele><time>2020-12-11T22:10:48Z</time><extensions><speed>0.100387</speed><course>-1.000000</course><hAcc>4.827148</hAcc><vAcc>3.243945</vAcc></extensions></trkpt>
      <trkpt lon="-123.279441" lat="44.563316"><ele>73.133316</ele><time>2020-12-11T22:10:49Z</time><extensions><speed>0.094282</speed><course>-1.000000</course><hAcc>4.814583</hAcc><vAcc>3.262564</vAcc></extensions></trkpt>
      <trkpt lon="-123.279433" lat="44.563314"><ele>73.161133</ele><time>2020-12-11T22:10:50Z</time><extensions><speed>0.043372</speed><course>-1.000000</course><hAcc>4.810242</hAcc><vAcc>3.268962</vAcc></extensions></trkpt>
      <trkpt lon="-123.279429" lat="44.563313"><ele>73.070053</ele><time>2020-12-11T22:10:51Z</time><extensions><speed>0.039282</speed><course>-1.000000</course><hAcc>4.808855</hAcc><vAcc>3.271002</vAcc></extensions></trkpt>
      <trkpt lon="-123.279430" lat="44.563315"><ele>73.140709</ele><time>2020-12-11T22:10:52Z</time><extensions><speed>0.097055</speed><course>-1.000000</course><hAcc>4.807034</hAcc><vAcc>3.273677</vAcc></extensions></trkpt>
      <trkpt lon="-123.279427" lat="44.563314"><ele>73.207619</ele><time>2020-12-11T22:10:53Z</time><extensions><speed>0.062504</speed><course>-1.000000</course><hAcc>4.813449</hAcc><vAcc>3.264238</vAcc></extensions></trkpt>
      <trkpt lon="-123.279436" lat="44.563316"><ele>73.332428</ele><time>2020-12-11T22:10:54Z</time><extensions><speed>0.164836</speed><course>-1.000000</course><hAcc>4.816614</hAcc><vAcc>3.259566</vAcc></extensions></trkpt>
      <trkpt lon="-123.279434" lat="44.563313"><ele>73.357658</ele><time>2020-12-11T22:10:55Z</time><extensions><speed>0.170138</speed><course>-1.000000</course><hAcc>4.812685</hAcc><vAcc>3.265364</vAcc></extensions></trkpt>
      <trkpt lon="-123.279431" lat="44.563310"><ele>73.294762</ele><time>2020-12-11T22:10:56Z</time><extensions><speed>0.089538</speed><course>-1.000000</course><hAcc>4.807264</hAcc><vAcc>3.273339</vAcc></extensions></trkpt>
      <trkpt lon="-123.279430" lat="44.563308"><ele>73.293922</ele><time>2020-12-11T22:10:57Z</time><extensions><speed>0.024218</speed><course>-1.000000</course><hAcc>4.803922</hAcc><vAcc>3.278242</vAcc></extensions></trkpt>
      <trkpt lon="-123.279437" lat="44.563309"><ele>73.312485</ele><time>2020-12-11T22:10:58Z</time><extensions><speed>0.424789</speed><course>-1.000000</course><hAcc>4.801388</hAcc><vAcc>3.281953</vAcc></extensions></trkpt>
      <trkpt lon="-123.279438" lat="44.563314"><ele>73.203232</ele><time>2020-12-11T22:10:59Z</time><extensions><speed>0.220717</speed><course>-1.000000</course><hAcc>4.799220</hAcc><vAcc>3.285122</vAcc></extensions></trkpt>
      <trkpt lon="-123.279439" lat="44.563312"><ele>73.355247</ele><time>2020-12-11T22:11:00Z</time><extensions><speed>0.668982</speed><course>-1.000000</course><hAcc>4.812546</hAcc><vAcc>3.265568</vAcc></extensions></trkpt>
      <trkpt lon="-123.279461" lat="44.563294"><ele>73.260628</ele><time>2020-12-11T22:11:01Z</time><extensions><speed>1.372119</speed><course>218.106476</course><hAcc>4.806386</hAcc><vAcc>3.274629</vAcc></extensions></trkpt>
      <trkpt lon="-123.279474" lat="44.563276"><ele>73.400185</ele><time>2020-12-11T22:11:02Z</time><extensions><speed>1.650882</speed><course>213.865723</course><hAcc>4.808456</hAcc><vAcc>3.271588</vAcc></extensions></trkpt>
      <trkpt lon="-123.279483" lat="44.563251"><ele>72.969048</ele><time>2020-12-11T22:11:03Z</time><extensions><speed>2.247415</speed><course>206.325684</course><hAcc>4.798460</hAcc><vAcc>3.286232</vAcc></extensions></trkpt>
      <trkpt lon="-123.279487" lat="44.563232"><ele>72.916779</ele><time>2020-12-11T22:11:04Z</time><extensions><speed>2.026678</speed><course>196.225296</course><hAcc>4.795394</hAcc><vAcc>3.290704</vAcc></extensions></trkpt>
      <trkpt lon="-123.279502" lat="44.563217"><ele>72.858490</ele><time>2020-12-11T22:11:05Z</time><extensions><speed>2.138498</speed><course>205.091797</course><hAcc>4.799438</hAcc><vAcc>3.284802</vAcc></extensions></trkpt>
      <trkpt lon="-123.279518" lat="44.563197"><ele>73.046745</ele><time>2020-12-11T22:11:06Z</time><extensions><speed>2.231243</speed><course>207.819809</course><hAcc>4.806639</hAcc><vAcc>3.274257</vAcc></extensions></trkpt>
      <trkpt lon="-123.279516" lat="44.563176"><ele>72.858864</ele><time>2020-12-11T22:11:07Z</time><extensions><speed>2.276409</speed><course>198.060760</course><hAcc>4.797577</hAcc><vAcc>3.287521</vAcc></extensions></trkpt>
      <trkpt lon="-123.279508" lat="44.563150"><ele>72.603287</ele><time>2020-12-11T22:11:08Z</time><extensions><speed>2.333647</speed><course>184.443237</course><hAcc>4.789897</hAcc><vAcc>3.298700</vAcc></extensions></trkpt>
      <trkpt lon="-123.279490" lat="44.563116"><ele>72.540970</ele><time>2020-12-11T22:11:09Z</time><extensions><speed>2.888449</speed><course>166.454178</course><hAcc>4.790671</hAcc><vAcc>3.297575</vAcc></extensions></trkpt>
      <trkpt lon="-123.279492" lat="44.563088"><ele>72.397644</ele><time>2020-12-11T22:11:10Z</time><extensions><speed>2.841897</speed><course>175.071915</course><hAcc>4.791446</hAcc><vAcc>3.296450</vAcc></extensions></trkpt>
      <trkpt lon="-123.279488" lat="44.563060"><ele>72.319504</ele><time>2020-12-11T22:11:11Z</time><extensions><speed>3.077927</speed><course>177.577728</course><hAcc>4.787222</hAcc><vAcc>3.302580</vAcc></extensions></trkpt>
      <trkpt lon="-123.279495" lat="44.563026"><ele>72.335915</ele><time>2020-12-11T22:11:12Z</time><extensions><speed>3.522109</speed><course>186.364182</course><hAcc>4.788078</hAcc><vAcc>3.301340</vAcc></extensions></trkpt>
      <trkpt lon="-123.279489" lat="44.562995"><ele>72.253708</ele><time>2020-12-11T22:11:13Z</time><extensions><speed>3.465067</speed><course>180.896225</course><hAcc>4.782916</hAcc><vAcc>3.308815</vAcc></extensions></trkpt>
      <trkpt lon="-123.279483" lat="44.562967"><ele>72.566589</ele><time>2020-12-11T22:11:14Z</time><extensions><speed>3.209040</speed><course>173.063705</course><hAcc>4.785496</hAcc><vAcc>3.305081</vAcc></extensions></trkpt>
      <trkpt lon="-123.279492" lat="44.562933"><ele>72.483200</ele><time>2020-12-11T22:11:15Z</time><extensions><speed>3.499942</speed><course>183.428696</course><hAcc>4.789644</hAcc><vAcc>3.299068</vAcc></extensions></trkpt>
      <trkpt lon="-123.279491" lat="44.562901"><ele>72.388588</ele><time>2020-12-11T22:11:16Z</time><extensions><speed>3.557355</speed><course>180.689423</course><hAcc>4.794276</hAcc><vAcc>3.292333</vAcc></extensions></trkpt>
      <trkpt lon="-123.279482" lat="44.562869"><ele>72.228912</ele><time>2020-12-11T22:11:17Z</time><extensions><speed>3.603386</speed><course>173.973541</course><hAcc>4.796180</hAcc><vAcc>3.289559</vAcc></extensions></trkpt>
      <trkpt lon="-123.279480" lat="44.562828"><ele>71.413956</ele><time>2020-12-11T22:11:18Z</time><extensions><speed>4.323109</speed><course>179.204880</course><hAcc>4.789660</hAcc><vAcc>3.299044</vAcc></extensions></trkpt>
      <trkpt lon="-123.279483" lat="44.562799"><ele>71.908806</ele><time>2020-12-11T22:11:19Z</time><extensions><speed>3.664929</speed><course>178.779770</course><hAcc>4.788558</hAcc><vAcc>3.300644</vAcc></extensions></trkpt>
      <trkpt lon="-123.279487" lat="44.562766"><ele>71.627296</ele><time>2020-12-11T22:11:20Z</time><extensions><speed>3.566452</speed><course>182.952576</course><hAcc>4.728109</hAcc><vAcc>3.386669</vAcc></extensions></trkpt>
      <trkpt lon="-123.279491" lat="44.562725"><ele>71.384956</ele><time>2020-12-11T22:11:21Z</time><extensions><speed>4.172204</speed><course>179.962173</course><hAcc>4.727542</hAcc><vAcc>3.387459</vAcc></extensions></trkpt>
      <trkpt lon="-123.279496" lat="44.562690"><ele>71.026260</ele><time>2020-12-11T22:11:22Z</time><extensions><speed>3.986034</speed><course>182.104599</course><hAcc>4.730401</hAcc><vAcc>3.383466</vAcc></extensions></trkpt>
      <trkpt lon="-123.279494" lat="44.562656"><ele>72.191139</ele><time>2020-12-11T22:11:23Z</time><extensions><speed>3.764229</speed><course>179.169983</course><hAcc>4.734996</hAcc><vAcc>3.377032</vAcc></extensions></trkpt>
      <trkpt lon="-123.279487" lat="44.562621"><ele>71.564682</ele><time>2020-12-11T22:11:24Z</time><extensions><speed>3.751756</speed><course>176.092972</course><hAcc>4.734266</hAcc><vAcc>3.378056</vAcc></extensions></trkpt>
      <trkpt lon="-123.279488" lat="44.562582"><ele>71.920410</ele><time>2020-12-11T22:11:25Z</time><extensions><speed>3.984463</speed><course>180.137497</course><hAcc>4.733355</hAcc><vAcc>3.379333</vAcc></extensions></trkpt>
      <trkpt lon="-123.279485" lat="44.562545"><ele>71.671867</ele><time>2020-12-11T22:11:26Z</time><extensions><speed>4.123955</speed><course>174.772186</course><hAcc>4.738023</hAcc><vAcc>3.372784</vAcc></extensions></trkpt>
      <trkpt lon="-123.279472" lat="44.562510"><ele>71.886971</ele><time>2020-12-11T22:11:27Z</time><extensions><speed>4.257398</speed><course>162.825546</course><hAcc>4.743134</hAcc><vAcc>3.365593</vAcc></extensions></trkpt>
      <trkpt lon="-123.279423" lat="44.562478"><ele>71.461800</ele><time>2020-12-11T22:11:28Z</time><extensions><speed>4.646205</speed><course>144.065201</course><hAcc>4.737574</hAcc><vAcc>3.373415</vAcc></extensions></trkpt>
      <trkpt lon="-123.279365" lat="44.562466"><ele>71.589905</ele><time>2020-12-11T22:11:29Z</time><extensions><speed>4.440103</speed><course>118.359955</course><hAcc>4.735949</hAcc><vAcc>3.375697</vAcc></extensions></trkpt>
      <trkpt lon="-123.279312" lat="44.562438"><ele>71.892181</ele><time>2020-12-11T22:11:30Z</time><extensions><speed>4.809992</speed><course>125.194519</course><hAcc>4.738786</hAcc><vAcc>3.371712</vAcc></extensions></trkpt>
      <trkpt lon="-123.279259" lat="44.562412"><ele>71.677269</ele><time>2020-12-11T22:11:31Z</time><extensions><speed>4.795735</speed><course>127.180656</course><hAcc>4.735662</hAcc><vAcc>3.376098</vAcc></extensions></trkpt>
      <trkpt lon="-123.279222" lat="44.562370"><ele>71.855492</ele><time>2020-12-11T22:11:32Z</time><extensions><speed>5.138520</speed><course>142.978455</course><hAcc>4.738157</hAcc><vAcc>3.372596</vAcc></extensions></trkpt>
      <trkpt lon="-123.279199" lat="44.562328"><ele>71.836578</ele><time>2020-12-11T22:11:33Z</time><extensions><speed>4.977317</speed><course>154.232437</course><hAcc>4.739980</hAcc><vAcc>3.370034</vAcc></extensions></trkpt>
      <trkpt lon="-123.279174" lat="44.562284"><ele>71.967842</ele><time>2020-12-11T22:11:34Z</time><extensions><speed>5.288556</speed><course>159.278671</course><hAcc>4.739414</hAcc><vAcc>3.370830</vAcc></extensions></trkpt>
      <trkpt lon="-123.279151" lat="44.562246"><ele>71.485954</ele><time>2020-12-11T22:11:35Z</time><extensions><speed>4.928811</speed><course>157.175797</course><hAcc>4.742714</hAcc><vAcc>3.366184</vAcc></extensions></trkpt>
      <trkpt lon="-123.279128" lat="44.562196"><ele>72.336006</ele><time>2020-12-11T22:11:36Z</time><extensions><speed>5.608515</speed><course>155.128235</course><hAcc>4.739167</hAcc><vAcc>3.371177</vAcc></extensions></trkpt>
      <trkpt lon="-123.279112" lat="44.562161"><ele>72.484825</ele><time>2020-12-11T22:11:37Z</time><extensions><speed>4.911804</speed><course>155.364273</course><hAcc>4.744770</hAcc><vAcc>3.363287</vAcc></extensions></trkpt>
      <trkpt lon="-123.279083" lat="44.562125"><ele>72.872498</ele><time>2020-12-11T22:11:38Z</time><extensions><speed>4.702969</speed><course>149.615051</course><hAcc>4.747906</hAcc><vAcc>3.358858</vAcc></extensions></trkpt>
      <trkpt lon="-123.279032" lat="44.562089"><ele>72.872536</ele><time>2020-12-11T22:11:39Z</time><extensions><speed>5.039818</speed><course>141.213501</course><hAcc>4.744300</hAcc><vAcc>3.363949</vAcc></extensions></trkpt>
      <trkpt lon="-123.278987" lat="44.562056"><ele>72.349831</ele><time>2020-12-11T22:11:40Z</time><extensions><speed>4.966133</speed><course>139.796844</course><hAcc>4.740260</hAcc><vAcc>3.369640</vAcc></extensions></trkpt>
      <trkpt lon="-123.278928" lat="44.562034"><ele>72.425758</ele><time>2020-12-11T22:11:41Z</time><extensions><speed>4.927222</speed><course>126.805931</course><hAcc>4.737814</hAcc><vAcc>3.373078</vAcc></extensions></trkpt>
      <trkpt lon="-123.278877" lat="44.562012"><ele>72.216179</ele><time>2020-12-11T22:11:42Z</time><extensions><speed>4.786427</speed><course>122.140511</course><hAcc>4.735981</hAcc><vAcc>3.375651</vAcc></extensions></trkpt>
      <trkpt lon="-123.278816" lat="44.561997"><ele>71.374031</ele><time>2020-12-11T22:11:43Z</time><extensions><speed>4.718515</speed><course>113.342789</course><hAcc>4.738648</hAcc><vAcc>3.371906</vAcc></extensions></trkpt>
      <trkpt lon="-123.278757" lat="44.561984"><ele>71.511452</ele><time>2020-12-11T22:11:44Z</time><extensions><speed>4.711816</speed><course>106.730919</course><hAcc>4.741050</hAcc><vAcc>3.368528</vAcc></extensions></trkpt>
      <trkpt lon="-123.278696" lat="44.561977"><ele>71.465218</ele><time>2020-12-11T22:11:45Z</time><extensions><speed>4.641776</speed><course>101.301834</course><hAcc>4.735392</hAcc><vAcc>3.376478</vAcc></extensions></trkpt>
      <trkpt lon="-123.278624" lat="44.561969"><ele>71.196693</ele><time>2020-12-11T22:11:46Z</time><extensions><speed>5.391815</speed><course>98.898376</course><hAcc>4.739491</hAcc><vAcc>3.370721</vAcc></extensions></trkpt>
      <trkpt lon="-123.278560" lat="44.561969"><ele>71.460564</ele><time>2020-12-11T22:11:47Z</time><extensions><speed>5.039315</speed><course>91.851540</course><hAcc>4.737710</hAcc><vAcc>3.373224</vAcc></extensions></trkpt>
      <trkpt lon="-123.278481" lat="44.561965"><ele>71.242271</ele><time>2020-12-11T22:11:48Z</time><extensions><speed>5.742446</speed><course>94.361221</course><hAcc>4.740972</hAcc><vAcc>3.368639</vAcc></extensions></trkpt>
      <trkpt lon="-123.278416" lat="44.561954"><ele>70.955383</ele><time>2020-12-11T22:11:49Z</time><extensions><speed>5.420114</speed><course>100.620689</course><hAcc>4.745103</hAcc><vAcc>3.362817</vAcc></extensions></trkpt>
      <trkpt lon="-123.278345" lat="44.561928"><ele>71.761856</ele><time>2020-12-11T22:11:50Z</time><extensions><speed>5.794602</speed><course>111.549683</course><hAcc>4.739379</hAcc><vAcc>3.370878</vAcc></extensions></trkpt>
      <trkpt lon="-123.278267" lat="44.561917"><ele>71.042885</ele><time>2020-12-11T22:11:51Z</time><extensions><speed>6.088783</speed><course>103.900696</course><hAcc>4.740059</hAcc><vAcc>3.369922</vAcc></extensions></trkpt>
      <trkpt lon="-123.278198" lat="44.561909"><ele>71.285362</ele><time>2020-12-11T22:11:52Z</time><extensions><speed>5.842551</speed><course>98.876610</course><hAcc>4.734031</hAcc><vAcc>3.378386</vAcc></extensions></trkpt>
      <trkpt lon="-123.278113" lat="44.561901"><ele>70.583710</ele><time>2020-12-11T22:11:53Z</time><extensions><speed>6.309422</speed><course>96.866745</course><hAcc>4.733345</hAcc><vAcc>3.379347</vAcc></extensions></trkpt>
      <trkpt lon="-123.278041" lat="44.561906"><ele>71.131187</ele><time>2020-12-11T22:11:54Z</time><extensions><speed>5.929905</speed><course>89.166679</course><hAcc>4.742910</hAcc><vAcc>3.365908</vAcc></extensions></trkpt>
      <trkpt lon="-123.277960" lat="44.561905"><ele>71.254150</ele><time>2020-12-11T22:11:55Z</time><extensions><speed>5.964203</speed><course>89.435501</course><hAcc>4.745833</hAcc><vAcc>3.361786</vAcc></extensions></trkpt>
      <trkpt lon="-123.277886" lat="44.561904"><ele>70.448509</ele><time>2020-12-11T22:11:56Z</time><extensions><speed>5.919215</speed><course>91.977142</course><hAcc>4.766933</hAcc><vAcc>3.331799</vAcc></extensions></trkpt>
      <trkpt lon="-123.277815" lat="44.561896"><ele>70.647804</ele><time>2020-12-11T22:11:57Z</time><extensions><speed>5.641114</speed><course>96.612923</course><hAcc>4.792947</hAcc><vAcc>3.294267</vAcc></extensions></trkpt>
      <trkpt lon="-123.277740" lat="44.561902"><ele>70.958931</ele><time>2020-12-11T22:11:58Z</time><extensions><speed>5.758547</speed><course>91.387405</course><hAcc>4.786622</hAcc><vAcc>3.303450</vAcc></extensions></trkpt>
      <trkpt lon="-123.277672" lat="44.561889"><ele>70.454773</ele><time>2020-12-11T22:11:59Z</time><extensions><speed>5.665980</speed><course>95.539001</course><hAcc>4.757683</hAcc><vAcc>3.344995</vAcc></extensions></trkpt>
      <trkpt lon="-123.277599" lat="44.561887"><ele>70.958382</ele><time>2020-12-11T22:12:00Z</time><extensions><speed>5.534006</speed><course>93.956894</course><hAcc>4.749369</hAcc><vAcc>3.356789</vAcc></extensions></trkpt>
      <trkpt lon="-123.277526" lat="44.561887"><ele>70.971474</ele><time>2020-12-11T22:12:01Z</time><extensions><speed>5.735919</speed><course>90.509659</course><hAcc>4.748413</hAcc><vAcc>3.358141</vAcc></extensions></trkpt>
      <trkpt lon="-123.277463" lat="44.561890"><ele>70.359169</ele><time>2020-12-11T22:12:02Z</time><extensions><speed>5.269577</speed><course>88.264488</course><hAcc>4.750219</hAcc><vAcc>3.355586</vAcc></extensions></trkpt>
      <trkpt lon="-123.277397" lat="44.561889"><ele>70.979980</ele><time>2020-12-11T22:12:03Z</time><extensions><speed>5.194518</speed><course>88.467766</course><hAcc>4.748841</hAcc><vAcc>3.357535</vAcc></extensions></trkpt>
      <trkpt lon="-123.277330" lat="44.561895"><ele>70.441383</ele><time>2020-12-11T22:12:04Z</time><extensions><speed>5.271889</speed><course>89.119270</course><hAcc>4.750713</hAcc><vAcc>3.354887</vAcc></extensions></trkpt>
      <trkpt lon="-123.277262" lat="44.561889"><ele>70.514923</ele><time>2020-12-11T22:12:05Z</time><extensions><speed>5.278630</speed><course>94.268539</course><hAcc>4.748205</hAcc><vAcc>3.358436</vAcc></extensions></trkpt>
      <trkpt lon="-123.277193" lat="44.561883"><ele>70.417175</ele><time>2020-12-11T22:12:06Z</time><extensions><speed>5.565773</speed><course>91.857986</course><hAcc>4.749398</hAcc><vAcc>3.356748</vAcc></extensions></trkpt>
      <trkpt lon="-123.277132" lat="44.561884"><ele>70.488441</ele><time>2020-12-11T22:12:07Z</time><extensions><speed>5.228146</speed><course>89.386147</course><hAcc>4.750914</hAcc><vAcc>3.354603</vAcc></extensions></trkpt>
      <trkpt lon="-123.277061" lat="44.561886"><ele>70.638458</ele><time>2020-12-11T22:12:08Z</time><extensions><speed>5.440194</speed><course>89.948013</course><hAcc>4.747918</hAcc><vAcc>3.358841</vAcc></extensions></trkpt>
      <trkpt lon="-123.276997" lat="44.561887"><ele>69.912071</ele><time>2020-12-11T22:12:09Z</time><extensions><speed>5.236742</speed><course>89.476547</course><hAcc>4.751152</hAcc><vAcc>3.354265</vAcc></extensions></trkpt>
      <trkpt lon="-123.276932" lat="44.561883"><ele>70.230377</ele><time>2020-12-11T22:12:10Z</time><extensions><speed>5.138165</speed><course>93.237061</course><hAcc>4.748227</hAcc><vAcc>3.358404</vAcc></extensions></trkpt>
      <trkpt lon="-123.276871" lat="44.561878"><ele>70.084160</ele><time>2020-12-11T22:12:11Z</time><extensions><speed>5.074697</speed><course>94.308784</course><hAcc>4.745652</hAcc><vAcc>3.362042</vAcc></extensions></trkpt>
      <trkpt lon="-123.276811" lat="44.561878"><ele>69.973686</ele><time>2020-12-11T22:12:12Z</time><extensions><speed>4.858214</speed><course>91.383522</course><hAcc>4.745124</hAcc><vAcc>3.362786</vAcc></extensions></trkpt>
      <trkpt lon="-123.276745" lat="44.561882"><ele>69.957870</ele><time>2020-12-11T22:12:13Z</time><extensions><speed>5.102004</speed><course>87.478310</course><hAcc>4.747147</hAcc><vAcc>3.359931</vAcc></extensions></trkpt>
      <trkpt lon="-123.276689" lat="44.561880"><ele>69.950653</ele><time>2020-12-11T22:12:14Z</time><extensions><speed>4.685826</speed><course>91.224686</course><hAcc>4.747090</hAcc><vAcc>3.360011</vAcc></extensions></trkpt>
      <trkpt lon="-123.276624" lat="44.561881"><ele>70.093285</ele><time>2020-12-11T22:12:15Z</time><extensions><speed>4.894558</speed><course>90.552467</course><hAcc>4.746109</hAcc><vAcc>3.361396</vAcc></extensions></trkpt>
      <trkpt lon="-123.276566" lat="44.561878"><ele>70.056198</ele><time>2020-12-11T22:12:16Z</time><extensions><speed>4.869758</speed><course>91.355591</course><hAcc>4.745874</hAcc><vAcc>3.361728</vAcc></extensions></trkpt>
      <trkpt lon="-123.276500" lat="44.561872"><ele>70.570763</ele><time>2020-12-11T22:12:17Z</time><extensions><speed>5.134916</speed><course>97.107574</course><hAcc>4.737398</hAcc><vAcc>3.373662</vAcc></extensions></trkpt>
      <trkpt lon="-123.276428" lat="44.561872"><ele>70.038193</ele><time>2020-12-11T22:12:18Z</time><extensions><speed>5.379856</speed><course>94.542130</course><hAcc>4.743604</hAcc><vAcc>3.364931</vAcc></extensions></trkpt>
      <trkpt lon="-123.276361" lat="44.561871"><ele>70.630737</ele><time>2020-12-11T22:12:19Z</time><extensions><speed>5.370719</speed><course>91.658760</course><hAcc>4.737395</hAcc><vAcc>3.373667</vAcc></extensions></trkpt>
      <trkpt lon="-123.276277" lat="44.561873"><ele>70.064384</ele><time>2020-12-11T22:12:20Z</time><extensions><speed>6.154043</speed><course>90.537613</course><hAcc>4.738778</hAcc><vAcc>3.371723</vAcc></extensions></trkpt>
      <trkpt lon="-123.276214" lat="44.561870"><ele>70.533646</ele><time>2020-12-11T22:12:21Z</time><extensions><speed>5.588296</speed><course>91.477661</course><hAcc>4.741226</hAcc><vAcc>3.368280</vAcc></extensions></trkpt>
      <trkpt lon="-123.276125" lat="44.561864"><ele>69.629066</ele><time>2020-12-11T22:12:22Z</time><extensions><speed>6.370122</speed><course>93.209137</course><hAcc>4.735527</hAcc><vAcc>3.376288</vAcc></extensions></trkpt>
      <trkpt lon="-123.276050" lat="44.561850"><ele>70.387001</ele><time>2020-12-11T22:12:23Z</time><extensions><speed>6.449141</speed><course>100.895844</course><hAcc>4.740499</hAcc><vAcc>3.369303</vAcc></extensions></trkpt>
      <trkpt lon="-123.275982" lat="44.561862"><ele>70.713516</ele><time>2020-12-11T22:12:24Z</time><extensions><speed>5.701150</speed><course>89.904709</course><hAcc>4.740629</hAcc><vAcc>3.369120</vAcc></extensions></trkpt>
      <trkpt lon="-123.275886" lat="44.561868"><ele>70.016693</ele><time>2020-12-11T22:12:25Z</time><extensions><speed>6.665628</speed><course>84.242386</course><hAcc>4.736957</hAcc><vAcc>3.374281</vAcc></extensions></trkpt>
      <trkpt lon="-123.275795" lat="44.561876"><ele>69.553558</ele><time>2020-12-11T22:12:26Z</time><extensions><speed>7.235587</speed><course>81.823601</course><hAcc>4.740417</hAcc><vAcc>3.369419</vAcc></extensions></trkpt>
      <trkpt lon="-123.275723" lat="44.561884"><ele>71.296356</ele><time>2020-12-11T22:12:27Z</time><extensions><speed>6.411306</speed><course>80.501068</course><hAcc>4.741842</hAcc><vAcc>3.367413</vAcc></extensions></trkpt>
      <trkpt lon="-123.275648" lat="44.561894"><ele>71.448799</ele><time>2020-12-11T22:12:28Z</time><extensions><speed>6.155890</speed><course>81.049576</course><hAcc>4.739053</hAcc><vAcc>3.371337</vAcc></extensions></trkpt>
      <trkpt lon="-123.275555" lat="44.561901"><ele>69.593002</ele><time>2020-12-11T22:12:29Z</time><extensions><speed>6.523037</speed><course>85.008514</course><hAcc>4.738749</hAcc><vAcc>3.371765</vAcc></extensions></trkpt>
      <trkpt lon="-123.275472" lat="44.561904"><ele>69.920090</ele><time>2020-12-11T22:12:30Z</time><extensions><speed>6.553473</speed><course>87.647408</course><hAcc>4.752468</hAcc><vAcc>3.352400</vAcc></extensions></trkpt>
      <trkpt lon="-123.275388" lat="44.561906"><ele>69.786438</ele><time>2020-12-11T22:12:31Z</time><extensions><speed>6.673672</speed><course>88.183060</course><hAcc>4.770718</hAcc><vAcc>3.326378</vAcc></extensions></trkpt>
      <trkpt lon="-123.275317" lat="44.561903"><ele>68.996452</ele><time>2020-12-11T22:12:32Z</time><extensions><speed>6.102845</speed><course>90.015213</course><hAcc>4.776790</hAcc><vAcc>3.317652</vAcc></extensions></trkpt>
      <trkpt lon="-123.275250" lat="44.561882"><ele>69.197746</ele><time>2020-12-11T22:12:33Z</time><extensions><speed>5.677984</speed><course>100.863647</course><hAcc>4.756502</hAcc><vAcc>3.346673</vAcc></extensions></trkpt>
      <trkpt lon="-123.275173" lat="44.561883"><ele>70.062645</ele><time>2020-12-11T22:12:34Z</time><extensions><speed>5.828386</speed><course>94.596909</course><hAcc>4.764286</hAcc><vAcc>3.335583</vAcc></extensions></trkpt>
      <trkpt lon="-123.275099" lat="44.561892"><ele>68.914948</ele><time>2020-12-11T22:12:35Z</time><extensions><speed>5.623797</speed><course>90.332993</course><hAcc>4.755216</hAcc><vAcc>3.348500</vAcc></extensions></trkpt>
      <trkpt lon="-123.275055" lat="44.561887"><ele>72.911354</ele><time>2020-12-11T22:12:36Z</time><extensions><speed>4.315423</speed><course>92.631310</course><hAcc>4.754720</hAcc><vAcc>3.349205</vAcc></extensions></trkpt>
      <trkpt lon="-123.274963" lat="44.561893"><ele>71.273842</ele><time>2020-12-11T22:12:37Z</time><extensions><speed>5.518556</speed><course>89.131546</course><hAcc>4.748800</hAcc><vAcc>3.357593</vAcc></extensions></trkpt>
      <trkpt lon="-123.274902" lat="44.561894"><ele>70.918266</ele><time>2020-12-11T22:12:38Z</time><extensions><speed>5.094745</speed><course>90.280121</course><hAcc>4.750413</hAcc><vAcc>3.355310</vAcc></extensions></trkpt>
      <trkpt lon="-123.274824" lat="44.561899"><ele>70.694023</ele><time>2020-12-11T22:12:39Z</time><extensions><speed>5.588544</speed><course>90.087875</course><hAcc>4.745171</hAcc><vAcc>3.362721</vAcc></extensions></trkpt>
      <trkpt lon="-123.274757" lat="44.561901"><ele>69.549515</ele><time>2020-12-11T22:12:40Z</time><extensions><speed>5.425204</speed><course>90.537125</course><hAcc>4.746295</hAcc><vAcc>3.361133</vAcc></extensions></trkpt>
      <trkpt lon="-123.274694" lat="44.561903"><ele>70.333244</ele><time>2020-12-11T22:12:41Z</time><extensions><speed>5.158397</speed><course>90.870705</course><hAcc>4.743912</hAcc><vAcc>3.364497</vAcc></extensions></trkpt>
      <trkpt lon="-123.274624" lat="44.561900"><ele>69.775650</ele><time>2020-12-11T22:12:42Z</time><extensions><speed>5.256344</speed><course>91.800545</course><hAcc>4.745161</hAcc><vAcc>3.362735</vAcc></extensions></trkpt>
      <trkpt lon="-123.274564" lat="44.561901"><ele>69.390900</ele><time>2020-12-11T22:12:43Z</time><extensions><speed>4.980096</speed><course>92.310051</course><hAcc>4.746180</hAcc><vAcc>3.361296</vAcc></extensions></trkpt>
      <trkpt lon="-123.274499" lat="44.561907"><ele>69.602592</ele><time>2020-12-11T22:12:44Z</time><extensions><speed>4.951307</speed><course>89.168762</course><hAcc>4.741163</hAcc><vAcc>3.368369</vAcc></extensions></trkpt>
      <trkpt lon="-123.274458" lat="44.561881"><ele>69.718941</ele><time>2020-12-11T22:12:45Z</time><extensions><speed>4.201676</speed><course>116.879784</course><hAcc>4.741240</hAcc><vAcc>3.368261</vAcc></extensions></trkpt>
      <trkpt lon="-123.274442" lat="44.561844"><ele>69.996765</ele><time>2020-12-11T22:12:46Z</time><extensions><speed>4.005498</speed><course>150.397491</course><hAcc>4.743834</hAcc><vAcc>3.364607</vAcc></extensions></trkpt>
      <trkpt lon="-123.274425" lat="44.561818"><ele>70.083122</ele><time>2020-12-11T22:12:47Z</time><extensions><speed>3.669339</speed><course>159.186935</course><hAcc>4.741258</hAcc><vAcc>3.368236</vAcc></extensions></trkpt>
      <trkpt lon="-123.274427" lat="44.561779"><ele>70.550385</ele><time>2020-12-11T22:12:48Z</time><extensions><speed>4.102691</speed><course>172.276321</course><hAcc>4.742485</hAcc><vAcc>3.366508</vAcc></extensions></trkpt>
      <trkpt lon="-123.274433" lat="44.561751"><ele>69.782112</ele><time>2020-12-11T22:12:49Z</time><extensions><speed>3.730961</speed><course>178.294113</course><hAcc>4.744937</hAcc><vAcc>3.363050</vAcc></extensions></trkpt>
      <trkpt lon="-123.274441" lat="44.561716"><ele>69.848267</ele><time>2020-12-11T22:12:50Z</time><extensions><speed>3.829589</speed><course>185.775711</course><hAcc>4.747123</hAcc><vAcc>3.359964</vAcc></extensions></trkpt>
      <trkpt lon="-123.274432" lat="44.561688"><ele>72.062653</ele><time>2020-12-11T22:12:51Z</time><extensions><speed>3.639666</speed><course>176.880600</course><hAcc>4.743024</hAcc><vAcc>3.365748</vAcc></extensions></trkpt>
      <trkpt lon="-123.274435" lat="44.561648"><ele>71.685303</ele><time>2020-12-11T22:12:52Z</time><extensions><speed>4.042065</speed><course>179.538010</course><hAcc>4.748200</hAcc><vAcc>3.358442</vAcc></extensions></trkpt>
      <trkpt lon="-123.274439" lat="44.561606"><ele>71.880295</ele><time>2020-12-11T22:12:53Z</time><extensions><speed>4.510757</speed><course>181.687042</course><hAcc>4.748897</hAcc><vAcc>3.357456</vAcc></extensions></trkpt>
      <trkpt lon="-123.274445" lat="44.561569"><ele>71.241135</ele><time>2020-12-11T22:12:54Z</time><extensions><speed>4.209854</speed><course>185.249542</course><hAcc>4.747859</hAcc><vAcc>3.358925</vAcc></extensions></trkpt>
      <trkpt lon="-123.274440" lat="44.561517"><ele>70.390877</ele><time>2020-12-11T22:12:55Z</time><extensions><speed>5.041633</speed><course>180.193604</course><hAcc>4.760230</hAcc><vAcc>3.341370</vAcc></extensions></trkpt>
      <trkpt lon="-123.274436" lat="44.561483"><ele>70.485611</ele><time>2020-12-11T22:12:56Z</time><extensions><speed>4.496624</speed><course>177.548965</course><hAcc>4.749674</hAcc><vAcc>3.356357</vAcc></extensions></trkpt>
      <trkpt lon="-123.274420" lat="44.561440"><ele>70.618546</ele><time>2020-12-11T22:12:57Z</time><extensions><speed>4.811156</speed><course>166.828262</course><hAcc>4.752962</hAcc><vAcc>3.351699</vAcc></extensions></trkpt>
      <trkpt lon="-123.274414" lat="44.561411"><ele>71.573128</ele><time>2020-12-11T22:12:58Z</time><extensions><speed>4.045900</speed><course>164.073090</course><hAcc>4.751693</hAcc><vAcc>3.353499</vAcc></extensions></trkpt>
      <trkpt lon="-123.274417" lat="44.561368"><ele>71.580193</ele><time>2020-12-11T22:12:59Z</time><extensions><speed>4.381241</speed><course>172.697556</course><hAcc>4.749729</hAcc><vAcc>3.356280</vAcc></extensions></trkpt>
      <trkpt lon="-123.274403" lat="44.561334"><ele>72.180298</ele><time>2020-12-11T22:13:00Z</time><extensions><speed>4.065628</speed><course>171.078049</course><hAcc>4.748898</hAcc><vAcc>3.357455</vAcc></extensions></trkpt>
      <trkpt lon="-123.274387" lat="44.561284"><ele>70.976936</ele><time>2020-12-11T22:13:01Z</time><extensions><speed>5.021559</speed><course>168.841003</course><hAcc>4.749296</hAcc><vAcc>3.356892</vAcc></extensions></trkpt>
      <trkpt lon="-123.274387" lat="44.561248"><ele>70.500107</ele><time>2020-12-11T22:13:02Z</time><extensions><speed>4.354331</speed><course>176.102798</course><hAcc>4.743499</hAcc><vAcc>3.365078</vAcc></extensions></trkpt>
      <trkpt lon="-123.274358" lat="44.561205"><ele>70.634850</ele><time>2020-12-11T22:13:03Z</time><extensions><speed>4.715284</speed><course>161.512726</course><hAcc>4.744531</hAcc><vAcc>3.363623</vAcc></extensions></trkpt>
      <trkpt lon="-123.274337" lat="44.561171"><ele>70.549332</ele><time>2020-12-11T22:13:04Z</time><extensions><speed>4.380538</speed><course>160.917374</course><hAcc>4.743757</hAcc><vAcc>3.364715</vAcc></extensions></trkpt>
      <trkpt lon="-123.274322" lat="44.561127"><ele>70.461052</ele><time>2020-12-11T22:13:05Z</time><extensions><speed>4.704629</speed><course>164.950790</course><hAcc>4.743404</hAcc><vAcc>3.365212</vAcc></extensions></trkpt>
      <trkpt lon="-123.274329" lat="44.561090"><ele>69.849472</ele><time>2020-12-11T22:13:06Z</time><extensions><speed>4.367000</speed><course>174.800064</course><hAcc>4.744083</hAcc><vAcc>3.364254</vAcc></extensions></trkpt>
      <trkpt lon="-123.274328" lat="44.561051"><ele>70.451668</ele><time>2020-12-11T22:13:07Z</time><extensions><speed>4.343131</speed><course>177.277161</course><hAcc>4.742110</hAcc><vAcc>3.367036</vAcc></extensions></trkpt>
      <trkpt lon="-123.274319" lat="44.561002"><ele>70.182076</ele><time>2020-12-11T22:13:08Z</time><extensions><speed>4.871417</speed><course>174.597748</course><hAcc>4.744342</hAcc><vAcc>3.363890</vAcc></extensions></trkpt>
      <trkpt lon="-123.274298" lat="44.560950"><ele>70.506294</ele><time>2020-12-11T22:13:09Z</time><extensions><speed>5.402392</speed><course>168.740952</course><hAcc>4.740883</hAcc><vAcc>3.368763</vAcc></extensions></trkpt>
      <trkpt lon="-123.274296" lat="44.560908"><ele>70.356972</ele><time>2020-12-11T22:13:10Z</time><extensions><speed>5.005277</speed><course>171.586243</course><hAcc>4.740654</hAcc><vAcc>3.369085</vAcc></extensions></trkpt>
      <trkpt lon="-123.274280" lat="44.560875"><ele>69.911926</ele><time>2020-12-11T22:13:11Z</time><extensions><speed>4.041523</speed><course>167.614349</course><hAcc>4.739175</hAcc><vAcc>3.371166</vAcc></extensions></trkpt>
      <trkpt lon="-123.274270" lat="44.560817"><ele>69.595329</ele><time>2020-12-11T22:13:12Z</time><extensions><speed>5.100846</speed><course>169.822433</course><hAcc>4.741844</hAcc><vAcc>3.367410</vAcc></extensions></trkpt>
      <trkpt lon="-123.274255" lat="44.560767"><ele>69.772850</ele><time>2020-12-11T22:13:13Z</time><extensions><speed>5.426994</speed><course>169.458374</course><hAcc>4.741312</hAcc><vAcc>3.368160</vAcc></extensions></trkpt>
      <trkpt lon="-123.274234" lat="44.560718"><ele>69.940483</ele><time>2020-12-11T22:13:14Z</time><extensions><speed>5.620450</speed><course>166.704758</course><hAcc>4.743950</hAcc><vAcc>3.364443</vAcc></extensions></trkpt>
      <trkpt lon="-123.274230" lat="44.560670"><ele>70.014687</ele><time>2020-12-11T22:13:15Z</time><extensions><speed>5.452864</speed><course>169.642609</course><hAcc>4.740462</hAcc><vAcc>3.369356</vAcc></extensions></trkpt>
      <trkpt lon="-123.274219" lat="44.560614"><ele>69.736229</ele><time>2020-12-11T22:13:16Z</time><extensions><speed>5.826365</speed><course>169.647507</course><hAcc>4.737731</hAcc><vAcc>3.373196</vAcc></extensions></trkpt>
      <trkpt lon="-123.274200" lat="44.560562"><ele>69.887451</ele><time>2020-12-11T22:13:17Z</time><extensions><speed>5.986526</speed><course>167.253860</course><hAcc>4.740318</hAcc><vAcc>3.369559</vAcc></extensions></trkpt>
      <trkpt lon="-123.274203" lat="44.560514"><ele>69.766747</ele><time>2020-12-11T22:13:18Z</time><extensions><speed>5.326261</speed><course>172.795181</course><hAcc>4.739496</hAcc><vAcc>3.370715</vAcc></extensions></trkpt>
      <trkpt lon="-123.274187" lat="44.560458"><ele>70.443596</ele><time>2020-12-11T22:13:19Z</time><extensions><speed>5.876317</speed><course>172.798950</course><hAcc>4.736667</hAcc><vAcc>3.374689</vAcc></extensions></trkpt>
      <trkpt lon="-123.274175" lat="44.560408"><ele>69.763702</ele><time>2020-12-11T22:13:20Z</time><extensions><speed>5.690797</speed><course>171.062546</course><hAcc>4.739586</hAcc><vAcc>3.370588</vAcc></extensions></trkpt>
      <trkpt lon="-123.274165" lat="44.560358"><ele>70.386307</ele><time>2020-12-11T22:13:21Z</time><extensions><speed>5.531838</speed><course>171.440460</course><hAcc>4.739746</hAcc><vAcc>3.370362</vAcc></extensions></trkpt>
      <trkpt lon="-123.274146" lat="44.560310"><ele>69.992966</ele><time>2020-12-11T22:13:22Z</time><extensions><speed>5.384489</speed><course>170.271118</course><hAcc>4.739663</hAcc><vAcc>3.370480</vAcc></extensions></trkpt>
      <trkpt lon="-123.274136" lat="44.560265"><ele>69.736420</ele><time>2020-12-11T22:13:23Z</time><extensions><speed>5.042655</speed><course>171.025757</course><hAcc>4.737078</hAcc><vAcc>3.374112</vAcc></extensions></trkpt>
      <trkpt lon="-123.274127" lat="44.560218"><ele>69.880676</ele><time>2020-12-11T22:13:24Z</time><extensions><speed>5.116986</speed><course>170.060226</course><hAcc>4.734982</hAcc><vAcc>3.377052</vAcc></extensions></trkpt>
      <trkpt lon="-123.274105" lat="44.560179"><ele>69.867149</ele><time>2020-12-11T22:13:25Z</time><extensions><speed>4.772620</speed><course>164.212555</course><hAcc>4.735704</hAcc><vAcc>3.376040</vAcc></extensions></trkpt>
      <trkpt lon="-123.274087" lat="44.560140"><ele>69.596275</ele><time>2020-12-11T22:13:26Z</time><extensions><speed>4.694854</speed><course>166.291077</course><hAcc>4.734105</hAcc><vAcc>3.378282</vAcc></extensions></trkpt>
      <trkpt lon="-123.274065" lat="44.560103"><ele>69.485588</ele><time>2020-12-11T22:13:27Z</time><extensions><speed>4.421511</speed><course>164.040161</course><hAcc>4.735721</hAcc><vAcc>3.376016</vAcc></extensions></trkpt>
      <trkpt lon="-123.274060" lat="44.560048"><ele>69.745956</ele><time>2020-12-11T22:13:28Z</time><extensions><speed>5.325882</speed><course>173.720261</course><hAcc>4.735831</hAcc><vAcc>3.375862</vAcc></extensions></trkpt>
      <trkpt lon="-123.274052" lat="44.560012"><ele>69.648911</ele><time>2020-12-11T22:13:29Z</time><extensions><speed>4.631120</speed><course>170.374054</course><hAcc>4.739981</hAcc><vAcc>3.370032</vAcc></extensions></trkpt>
      <trkpt lon="-123.274037" lat="44.559962"><ele>69.579491</ele><time>2020-12-11T22:13:30Z</time><extensions><speed>5.358835</speed><course>167.026749</course><hAcc>4.737075</hAcc><vAcc>3.374116</vAcc></extensions></trkpt>
      <trkpt lon="-123.274012" lat="44.559923"><ele>69.744110</ele><time>2020-12-11T22:13:31Z</time><extensions><speed>5.064806</speed><course>154.561813</course><hAcc>4.741677</hAcc><vAcc>3.367646</vAcc></extensions></trkpt>
      <trkpt lon="-123.273957" lat="44.559892"><ele>69.862869</ele><time>2020-12-11T22:13:32Z</time><extensions><speed>5.218349</speed><course>134.988434</course><hAcc>4.736712</hAcc><vAcc>3.374624</vAcc></extensions></trkpt>
      <trkpt lon="-123.273890" lat="44.559878"><ele>69.725708</ele><time>2020-12-11T22:13:33Z</time><extensions><speed>5.160492</speed><course>116.611786</course><hAcc>4.737060</hAcc><vAcc>3.374137</vAcc></extensions></trkpt>
      <trkpt lon="-123.273820" lat="44.559866"><ele>69.861099</ele><time>2020-12-11T22:13:34Z</time><extensions><speed>5.277036</speed><course>106.051300</course><hAcc>4.734401</hAcc><vAcc>3.377867</vAcc></extensions></trkpt>
      <trkpt lon="-123.273756" lat="44.559859"><ele>70.332550</ele><time>2020-12-11T22:13:35Z</time><extensions><speed>5.275346</speed><course>101.339806</course><hAcc>4.736224</hAcc><vAcc>3.375311</vAcc></extensions></trkpt>
      <trkpt lon="-123.273680" lat="44.559863"><ele>69.951263</ele><time>2020-12-11T22:13:36Z</time><extensions><speed>5.579028</speed><course>90.024712</course><hAcc>4.736932</hAcc><vAcc>3.374316</vAcc></extensions></trkpt>
      <trkpt lon="-123.273615" lat="44.559859"><ele>70.343460</ele><time>2020-12-11T22:13:37Z</time><extensions><speed>5.365292</speed><course>88.363922</course><hAcc>4.735463</hAcc><vAcc>3.376378</vAcc></extensions></trkpt>
      <trkpt lon="-123.273542" lat="44.559867"><ele>69.665573</ele><time>2020-12-11T22:13:38Z</time><extensions><speed>5.362362</speed><course>84.881554</course><hAcc>4.738329</hAcc><vAcc>3.372354</vAcc></extensions></trkpt>
      <trkpt lon="-123.273457" lat="44.559878"><ele>70.062134</ele><time>2020-12-11T22:13:39Z</time><extensions><speed>5.913296</speed><course>82.054756</course><hAcc>4.741203</hAcc><vAcc>3.368313</vAcc></extensions></trkpt>
      <trkpt lon="-123.273377" lat="44.559884"><ele>69.791748</ele><time>2020-12-11T22:13:40Z</time><extensions><speed>6.141716</speed><course>82.973122</course><hAcc>4.745186</hAcc><vAcc>3.362699</vAcc></extensions></trkpt>
      <trkpt lon="-123.273320" lat="44.559886"><ele>70.446304</ele><time>2020-12-11T22:13:41Z</time><extensions><speed>5.185205</speed><course>85.158623</course><hAcc>4.754753</hAcc><vAcc>3.349158</vAcc></extensions></trkpt>
      <trkpt lon="-123.273241" lat="44.559882"><ele>70.260201</ele><time>2020-12-11T22:13:42Z</time><extensions><speed>5.529965</speed><course>88.555580</course><hAcc>4.756511</hAcc><vAcc>3.346661</vAcc></extensions></trkpt>
      <trkpt lon="-123.273168" lat="44.559883"><ele>69.944168</ele><time>2020-12-11T22:13:43Z</time><extensions><speed>5.460913</speed><course>87.822243</course><hAcc>4.769312</hAcc><vAcc>3.328393</vAcc></extensions></trkpt>
      <trkpt lon="-123.273090" lat="44.559893"><ele>70.397781</ele><time>2020-12-11T22:13:44Z</time><extensions><speed>5.871317</speed><course>84.094948</course><hAcc>4.745227</hAcc><vAcc>3.362641</vAcc></extensions></trkpt>
      <trkpt lon="-123.273032" lat="44.559901"><ele>70.514191</ele><time>2020-12-11T22:13:45Z</time><extensions><speed>5.170094</speed><course>80.954193</course><hAcc>4.749959</hAcc><vAcc>3.355954</vAcc></extensions></trkpt>
      <trkpt lon="-123.272958" lat="44.559897"><ele>70.574020</ele><time>2020-12-11T22:13:46Z</time><extensions><speed>5.334895</speed><course>86.649979</course><hAcc>4.754137</hAcc><vAcc>3.350033</vAcc></extensions></trkpt>
      <trkpt lon="-123.272895" lat="44.559905"><ele>69.966568</ele><time>2020-12-11T22:13:47Z</time><extensions><speed>5.051497</speed><course>82.248657</course><hAcc>4.760585</hAcc><vAcc>3.340863</vAcc></extensions></trkpt>
      <trkpt lon="-123.272837" lat="44.559910"><ele>70.751053</ele><time>2020-12-11T22:13:48Z</time><extensions><speed>4.700460</speed><course>83.583672</course><hAcc>4.768597</hAcc><vAcc>3.329417</vAcc></extensions></trkpt>
      <trkpt lon="-123.272772" lat="44.559913"><ele>70.601990</ele><time>2020-12-11T22:13:49Z</time><extensions><speed>4.894275</speed><course>86.750305</course><hAcc>4.800098</hAcc><vAcc>3.283839</vAcc></extensions></trkpt>
      <trkpt lon="-123.272721" lat="44.559929"><ele>70.178833</ele><time>2020-12-11T22:13:50Z</time><extensions><speed>4.683310</speed><course>78.875946</course><hAcc>4.776863</hAcc><vAcc>3.317548</vAcc></extensions></trkpt>
      <trkpt lon="-123.272640" lat="44.559938"><ele>70.012169</ele><time>2020-12-11T22:13:51Z</time><extensions><speed>5.690763</speed><course>81.903404</course><hAcc>4.750963</hAcc><vAcc>3.354532</vAcc></extensions></trkpt>
      <trkpt lon="-123.272590" lat="44.559930"><ele>70.924072</ele><time>2020-12-11T22:13:52Z</time><extensions><speed>4.773450</speed><course>88.425407</course><hAcc>4.747933</hAcc><vAcc>3.358820</vAcc></extensions></trkpt>
      <trkpt lon="-123.272510" lat="44.559933"><ele>70.898636</ele><time>2020-12-11T22:13:53Z</time><extensions><speed>5.564137</speed><course>86.211105</course><hAcc>4.744741</hAcc><vAcc>3.363327</vAcc></extensions></trkpt>
      <trkpt lon="-123.272439" lat="44.559935"><ele>70.692497</ele><time>2020-12-11T22:13:54Z</time><extensions><speed>5.642048</speed><course>86.913879</course><hAcc>4.746015</hAcc><vAcc>3.361530</vAcc></extensions></trkpt>
      <trkpt lon="-123.272372" lat="44.559944"><ele>70.961403</ele><time>2020-12-11T22:13:55Z</time><extensions><speed>5.460095</speed><course>82.239403</course><hAcc>4.738184</hAcc><vAcc>3.372558</vAcc></extensions></trkpt>
      <trkpt lon="-123.272282" lat="44.559955"><ele>70.588440</ele><time>2020-12-11T22:13:56Z</time><extensions><speed>6.357287</speed><course>81.193359</course><hAcc>4.738552</hAcc><vAcc>3.372042</vAcc></extensions></trkpt>
      <trkpt lon="-123.272211" lat="44.559963"><ele>70.374786</ele><time>2020-12-11T22:13:57Z</time><extensions><speed>6.012165</speed><course>81.503105</course><hAcc>4.742575</hAcc><vAcc>3.366381</vAcc></extensions></trkpt>
      <trkpt lon="-123.272131" lat="44.559967"><ele>70.705757</ele><time>2020-12-11T22:13:58Z</time><extensions><speed>6.078629</speed><course>82.326828</course><hAcc>4.736678</hAcc><vAcc>3.374674</vAcc></extensions></trkpt>
      <trkpt lon="-123.272053" lat="44.559976"><ele>70.486267</ele><time>2020-12-11T22:13:59Z</time><extensions><speed>6.257723</speed><course>82.507545</course><hAcc>4.736669</hAcc><vAcc>3.374686</vAcc></extensions></trkpt>
      <trkpt lon="-123.271986" lat="44.559981"><ele>70.647690</ele><time>2020-12-11T22:14:00Z</time><extensions><speed>5.734251</speed><course>84.050034</course><hAcc>4.738654</hAcc><vAcc>3.371898</vAcc></extensions></trkpt>
      <trkpt lon="-123.271902" lat="44.559994"><ele>70.680931</ele><time>2020-12-11T22:14:01Z</time><extensions><speed>6.192998</speed><course>81.163132</course><hAcc>4.738121</hAcc><vAcc>3.372647</vAcc></extensions></trkpt>
      <trkpt lon="-123.271806" lat="44.559995"><ele>70.001366</ele><time>2020-12-11T22:14:02Z</time><extensions><speed>6.984929</speed><course>85.011429</course><hAcc>4.739997</hAcc><vAcc>3.370009</vAcc></extensions></trkpt>
      <trkpt lon="-123.271734" lat="44.560002"><ele>70.808960</ele><time>2020-12-11T22:14:03Z</time><extensions><speed>6.322537</speed><course>85.323425</course><hAcc>4.744763</hAcc><vAcc>3.363296</vAcc></extensions></trkpt>
      <trkpt lon="-123.271657" lat="44.560020"><ele>70.852013</ele><time>2020-12-11T22:14:04Z</time><extensions><speed>6.222692</speed><course>78.220200</course><hAcc>4.740711</hAcc><vAcc>3.369006</vAcc></extensions></trkpt>
      <trkpt lon="-123.271570" lat="44.560023"><ele>71.423111</ele><time>2020-12-11T22:14:05Z</time><extensions><speed>6.523227</speed><course>82.796120</course><hAcc>4.738741</hAcc><vAcc>3.371776</vAcc></extensions></trkpt>
      <trkpt lon="-123.271480" lat="44.560025"><ele>70.273041</ele><time>2020-12-11T22:14:06Z</time><extensions><speed>7.091599</speed><course>86.083260</course><hAcc>4.742941</hAcc><vAcc>3.365864</vAcc></extensions></trkpt>
      <trkpt lon="-123.271406" lat="44.560040"><ele>70.183884</ele><time>2020-12-11T22:14:07Z</time><extensions><speed>6.450678</speed><course>79.639862</course><hAcc>4.748511</hAcc><vAcc>3.358002</vAcc></extensions></trkpt>
      <trkpt lon="-123.271330" lat="44.560057"><ele>70.146286</ele><time>2020-12-11T22:14:08Z</time><extensions><speed>6.341998</speed><course>74.721321</course><hAcc>4.740161</hAcc><vAcc>3.369779</vAcc></extensions></trkpt>
      <trkpt lon="-123.271265" lat="44.560073"><ele>70.374229</ele><time>2020-12-11T22:14:09Z</time><extensions><speed>5.657741</speed><course>74.178581</course><hAcc>4.726024</hAcc><vAcc>3.389577</vAcc></extensions></trkpt>
      <trkpt lon="-123.271187" lat="44.560070"><ele>70.317352</ele><time>2020-12-11T22:14:10Z</time><extensions><speed>5.826162</speed><course>84.224976</course><hAcc>4.730981</hAcc><vAcc>3.382655</vAcc></extensions></trkpt>
      <trkpt lon="-123.271121" lat="44.560067"><ele>70.417877</ele><time>2020-12-11T22:14:11Z</time><extensions><speed>5.460652</speed><course>93.006233</course><hAcc>4.734402</hAcc><vAcc>3.377866</vAcc></extensions></trkpt>
      <trkpt lon="-123.271064" lat="44.560041"><ele>70.157173</ele><time>2020-12-11T22:14:12Z</time><extensions><speed>5.052912</speed><course>119.336281</course><hAcc>4.731011</hAcc><vAcc>3.382613</vAcc></extensions></trkpt>
      <trkpt lon="-123.271046" lat="44.559990"><ele>70.840088</ele><time>2020-12-11T22:14:13Z</time><extensions><speed>5.185011</speed><course>152.735580</course><hAcc>4.724401</hAcc><vAcc>3.391839</vAcc></extensions></trkpt>
      <trkpt lon="-123.271061" lat="44.559953"><ele>70.253639</ele><time>2020-12-11T22:14:14Z</time><extensions><speed>4.393567</speed><course>174.621170</course><hAcc>4.730158</hAcc><vAcc>3.383806</vAcc></extensions></trkpt>
      <trkpt lon="-123.271041" lat="44.559898"><ele>71.269859</ele><time>2020-12-11T22:14:15Z</time><extensions><speed>5.658982</speed><course>168.435684</course><hAcc>4.732364</hAcc><vAcc>3.380720</vAcc></extensions></trkpt>
      <trkpt lon="-123.271050" lat="44.559855"><ele>71.942604</ele><time>2020-12-11T22:14:16Z</time><extensions><speed>5.315917</speed><course>177.017853</course><hAcc>4.734707</hAcc><vAcc>3.377438</vAcc></extensions></trkpt>
      <trkpt lon="-123.271034" lat="44.559804"><ele>71.037964</ele><time>2020-12-11T22:14:17Z</time><extensions><speed>5.522415</speed><course>172.407837</course><hAcc>4.727980</hAcc><vAcc>3.386848</vAcc></extensions></trkpt>
      <trkpt lon="-123.271053" lat="44.559753"><ele>71.766991</ele><time>2020-12-11T22:14:18Z</time><extensions><speed>5.850810</speed><course>185.085739</course><hAcc>4.732888</hAcc><vAcc>3.379987</vAcc></extensions></trkpt>
      <trkpt lon="-123.271040" lat="44.559709"><ele>71.572197</ele><time>2020-12-11T22:14:19Z</time><extensions><speed>5.290751</speed><course>178.364578</course><hAcc>4.731206</hAcc><vAcc>3.382341</vAcc></extensions></trkpt>
      <trkpt lon="-123.271012" lat="44.559655"><ele>71.378578</ele><time>2020-12-11T22:14:20Z</time><extensions><speed>5.794133</speed><course>168.119217</course><hAcc>4.732222</hAcc><vAcc>3.380919</vAcc></extensions></trkpt>
      <trkpt lon="-123.271026" lat="44.559598"><ele>71.875191</ele><time>2020-12-11T22:14:21Z</time><extensions><speed>6.150819</speed><course>177.305084</course><hAcc>4.736905</hAcc><vAcc>3.374355</vAcc></extensions></trkpt>
      <trkpt lon="-123.271016" lat="44.559551"><ele>71.755638</ele><time>2020-12-11T22:14:22Z</time><extensions><speed>5.680690</speed><course>173.722092</course><hAcc>4.734999</hAcc><vAcc>3.377028</vAcc></extensions></trkpt>
      <trkpt lon="-123.271006" lat="44.559494"><ele>71.161316</ele><time>2020-12-11T22:14:23Z</time><extensions><speed>6.175967</speed><course>172.940414</course><hAcc>4.735575</hAcc><vAcc>3.376221</vAcc></extensions></trkpt>
      <trkpt lon="-123.270992" lat="44.559448"><ele>71.364792</ele><time>2020-12-11T22:14:24Z</time><extensions><speed>5.527346</speed><course>170.403976</course><hAcc>4.727207</hAcc><vAcc>3.387927</vAcc></extensions></trkpt>
      <trkpt lon="-123.270978" lat="44.559399"><ele>70.207161</ele><time>2020-12-11T22:14:25Z</time><extensions><speed>5.520626</speed><course>171.023788</course><hAcc>4.740129</hAcc><vAcc>3.369825</vAcc></extensions></trkpt>
      <trkpt lon="-123.270984" lat="44.559351"><ele>68.857094</ele><time>2020-12-11T22:14:26Z</time><extensions><speed>5.408250</speed><course>178.324509</course><hAcc>4.740276</hAcc><vAcc>3.369617</vAcc></extensions></trkpt>
      <trkpt lon="-123.270994" lat="44.559304"><ele>69.674454</ele><time>2020-12-11T22:14:27Z</time><extensions><speed>5.388872</speed><course>185.688232</course><hAcc>4.754292</hAcc><vAcc>3.349813</vAcc></extensions></trkpt>
      <trkpt lon="-123.270978" lat="44.559274"><ele>70.017212</ele><time>2020-12-11T22:14:28Z</time><extensions><speed>4.304372</speed><course>179.062851</course><hAcc>4.757797</hAcc><vAcc>3.344832</vAcc></extensions></trkpt>
      <trkpt lon="-123.270979" lat="44.559228"><ele>71.722008</ele><time>2020-12-11T22:14:29Z</time><extensions><speed>4.656416</speed><course>182.212250</course><hAcc>4.760309</hAcc><vAcc>3.341257</vAcc></extensions></trkpt>
      <trkpt lon="-123.270981" lat="44.559177"><ele>70.975555</ele><time>2020-12-11T22:14:30Z</time><extensions><speed>5.022745</speed><course>182.581055</course><hAcc>4.753499</hAcc><vAcc>3.350939</vAcc></extensions></trkpt>
      <trkpt lon="-123.270996" lat="44.559144"><ele>70.226830</ele><time>2020-12-11T22:14:31Z</time><extensions><speed>4.404459</speed><course>186.767365</course><hAcc>4.758884</hAcc><vAcc>3.343286</vAcc></extensions></trkpt>
      <trkpt lon="-123.270966" lat="44.559107"><ele>69.298424</ele><time>2020-12-11T22:14:32Z</time><extensions><speed>4.185184</speed><course>169.141708</course><hAcc>4.757658</hAcc><vAcc>3.345031</vAcc></extensions></trkpt>
      <trkpt lon="-123.270925" lat="44.559067"><ele>70.028374</ele><time>2020-12-11T22:14:33Z</time><extensions><speed>4.864228</speed><course>154.949722</course><hAcc>4.750287</hAcc><vAcc>3.355490</vAcc></extensions></trkpt>
      <trkpt lon="-123.270908" lat="44.559035"><ele>70.310356</ele><time>2020-12-11T22:14:34Z</time><extensions><speed>4.338095</speed><course>158.397827</course><hAcc>4.738425</hAcc><vAcc>3.372219</vAcc></extensions></trkpt>
      <trkpt lon="-123.270901" lat="44.558987"><ele>69.851578</ele><time>2020-12-11T22:14:35Z</time><extensions><speed>4.886536</speed><course>168.861816</course><hAcc>4.736525</hAcc><vAcc>3.374887</vAcc></extensions></trkpt>
      <trkpt lon="-123.270885" lat="44.558955"><ele>70.235046</ele><time>2020-12-11T22:14:36Z</time><extensions><speed>4.198377</speed><course>160.030441</course><hAcc>4.735343</hAcc><vAcc>3.376546</vAcc></extensions></trkpt>
      <trkpt lon="-123.270893" lat="44.558921"><ele>70.837585</ele><time>2020-12-11T22:14:37Z</time><extensions><speed>3.805940</speed><course>174.965164</course><hAcc>4.734590</hAcc><vAcc>3.377602</vAcc></extensions></trkpt>
      <trkpt lon="-123.270879" lat="44.558877"><ele>70.750587</ele><time>2020-12-11T22:14:38Z</time><extensions><speed>4.306319</speed><course>171.544846</course><hAcc>4.735634</hAcc><vAcc>3.376138</vAcc></extensions></trkpt>
      <trkpt lon="-123.270880" lat="44.558845"><ele>71.695450</ele><time>2020-12-11T22:14:39Z</time><extensions><speed>3.908415</speed><course>177.494690</course><hAcc>4.739120</hAcc><vAcc>3.371243</vAcc></extensions></trkpt>
      <trkpt lon="-123.270864" lat="44.558808"><ele>71.235283</ele><time>2020-12-11T22:14:40Z</time><extensions><speed>4.026974</speed><course>165.756104</course><hAcc>4.739666</hAcc><vAcc>3.370476</vAcc></extensions></trkpt>
      <trkpt lon="-123.270877" lat="44.558782"><ele>70.338264</ele><time>2020-12-11T22:14:41Z</time><extensions><speed>3.309751</speed><course>178.113907</course><hAcc>4.733466</hAcc><vAcc>3.379178</vAcc></extensions></trkpt>
      <trkpt lon="-123.270872" lat="44.558749"><ele>70.111000</ele><time>2020-12-11T22:14:42Z</time><extensions><speed>3.448191</speed><course>176.158417</course><hAcc>4.734751</hAcc><vAcc>3.377376</vAcc></extensions></trkpt>
      <trkpt lon="-123.270870" lat="44.558722"><ele>70.191101</ele><time>2020-12-11T22:14:43Z</time><extensions><speed>3.157996</speed><course>182.038406</course><hAcc>4.736034</hAcc><vAcc>3.375576</vAcc></extensions></trkpt>
      <trkpt lon="-123.270884" lat="44.558704"><ele>70.298073</ele><time>2020-12-11T22:14:44Z</time><extensions><speed>2.639525</speed><course>199.325348</course><hAcc>4.735347</hAcc><vAcc>3.376541</vAcc></extensions></trkpt>
      <trkpt lon="-123.270928" lat="44.558692"><ele>70.669586</ele><time>2020-12-11T22:14:45Z</time><extensions><speed>2.720565</speed><course>231.919724</course><hAcc>4.736732</hAcc><vAcc>3.374597</vAcc></extensions></trkpt>
      <trkpt lon="-123.270967" lat="44.558690"><ele>71.018990</ele><time>2020-12-11T22:14:46Z</time><extensions><speed>2.695816</speed><course>255.038742</course><hAcc>4.738874</hAcc><vAcc>3.371588</vAcc></extensions></trkpt>
      <trkpt lon="-123.270986" lat="44.558692"><ele>70.921143</ele><time>2020-12-11T22:14:47Z</time><extensions><speed>2.497345</speed><course>261.753784</course><hAcc>4.737787</hAcc><vAcc>3.373116</vAcc></extensions></trkpt>
      <trkpt lon="-123.271010" lat="44.558694"><ele>71.246605</ele><time>2020-12-11T22:14:48Z</time><extensions><speed>2.462655</speed><course>265.808044</course><hAcc>4.742320</hAcc><vAcc>3.366740</vAcc></extensions></trkpt>
      <trkpt lon="-123.271015" lat="44.558682"><ele>71.108833</ele><time>2020-12-11T22:14:49Z</time><extensions><speed>1.776570</speed><course>242.810379</course><hAcc>4.746948</hAcc><vAcc>3.360212</vAcc></extensions></trkpt>
      <trkpt lon="-123.271027" lat="44.558680"><ele>71.013168</ele><time>2020-12-11T22:14:50Z</time><extensions><speed>1.448852</speed><course>248.616425</course><hAcc>4.758914</hAcc><vAcc>3.343243</vAcc></extensions></trkpt>
      <trkpt lon="-123.271030" lat="44.558680"><ele>70.799736</ele><time>2020-12-11T22:14:51Z</time><extensions><speed>1.138778</speed><course>249.559341</course><hAcc>4.775029</hAcc><vAcc>3.320186</vAcc></extensions></trkpt>
      <trkpt lon="-123.271058" lat="44.558681"><ele>70.449631</ele><time>2020-12-11T22:14:52Z</time><extensions><speed>1.912767</speed><course>261.257843</course><hAcc>4.771216</hAcc><vAcc>3.325663</vAcc></extensions></trkpt>
      <trkpt lon="-123.271080" lat="44.558681"><ele>70.641525</ele><time>2020-12-11T22:14:53Z</time><extensions><speed>2.078601</speed><course>259.298248</course><hAcc>4.792661</hAcc><vAcc>3.294683</vAcc></extensions></trkpt>
      <trkpt lon="-123.271103" lat="44.558675"><ele>71.135712</ele><time>2020-12-11T22:14:54Z</time><extensions><speed>2.091283</speed><course>261.705688</course><hAcc>4.799821</hAcc><vAcc>3.284244</vAcc></extensions></trkpt>
      <trkpt lon="-123.271116" lat="44.558669"><ele>70.976936</ele><time>2020-12-11T22:14:55Z</time><extensions><speed>1.325866</speed><course>268.137238</course><hAcc>4.823913</hAcc><vAcc>3.248753</vAcc></extensions></trkpt>
      <trkpt lon="-123.271126" lat="44.558664"><ele>71.242195</ele><time>2020-12-11T22:14:56Z</time><extensions><speed>1.269887</speed><course>266.005127</course><hAcc>4.846772</hAcc><vAcc>3.214550</vAcc></extensions></trkpt>
      <trkpt lon="-123.271127" lat="44.558662"><ele>71.397095</ele><time>2020-12-11T22:14:57Z</time><extensions><speed>0.892632</speed><course>264.108978</course><hAcc>4.858953</hAcc><vAcc>3.196108</vAcc></extensions></trkpt>
      <trkpt lon="-123.271137" lat="44.558659"><ele>71.329681</ele><time>2020-12-11T22:14:58Z</time><extensions><speed>0.901580</speed><course>260.987274</course><hAcc>4.893197</hAcc><vAcc>3.143431</vAcc></extensions></trkpt>
      <trkpt lon="-123.271133" lat="44.558660"><ele>71.051331</ele><time>2020-12-11T22:14:59Z</time><extensions><speed>0.000000</speed><course>262.086517</course><hAcc>4.909082</hAcc><vAcc>3.118566</vAcc></extensions></trkpt>
      <trkpt lon="-123.271152" lat="44.558666"><ele>70.425995</ele><time>2020-12-11T22:15:00Z</time><extensions><speed>1.015058</speed><course>283.204163</course><hAcc>4.811605</hAcc><vAcc>3.266955</vAcc></extensions></trkpt>
      <trkpt lon="-123.271151" lat="44.558672"><ele>70.476448</ele><time>2020-12-11T22:15:01Z</time><extensions><speed>0.000000</speed><course>291.714020</course><hAcc>4.790617</hAcc><vAcc>3.297656</vAcc></extensions></trkpt>
      <trkpt lon="-123.271153" lat="44.558673"><ele>70.273331</ele><time>2020-12-11T22:15:02Z</time><extensions><speed>0.000000</speed><course>323.883057</course><hAcc>4.784592</hAcc><vAcc>3.306390</vAcc></extensions></trkpt>
      <trkpt lon="-123.271156" lat="44.558679"><ele>69.954727</ele><time>2020-12-11T22:15:03Z</time><extensions><speed>0.000000</speed><course>326.917694</course><hAcc>4.763896</hAcc><vAcc>3.336141</vAcc></extensions></trkpt>
      <trkpt lon="-123.271157" lat="44.558681"><ele>70.168777</ele><time>2020-12-11T22:15:04Z</time><extensions><speed>0.000000</speed><course>326.917694</course><hAcc>4.757219</hAcc><vAcc>3.345655</vAcc></extensions></trkpt>
      <trkpt lon="-123.271158" lat="44.558682"><ele>70.227562</ele><time>2020-12-11T22:15:05Z</time><extensions><speed>0.000000</speed><course>326.917694</course><hAcc>4.755500</hAcc><vAcc>3.348098</vAcc></extensions></trkpt>
      <trkpt lon="-123.271158" lat="44.558682"><ele>70.205742</ele><time>2020-12-11T22:15:06Z</time><extensions><speed>0.000000</speed><course>326.917694</course><hAcc>4.754075</hAcc><vAcc>3.350121</vAcc></extensions></trkpt>
      <trkpt lon="-123.271164" lat="44.558678"><ele>70.362648</ele><time>2020-12-11T22:15:07Z</time><extensions><speed>0.000000</speed><course>326.917664</course><hAcc>4.757117</hAcc><vAcc>3.345800</vAcc></extensions></trkpt>
      <trkpt lon="-123.271146" lat="44.558677"><ele>70.962204</ele><time>2020-12-11T22:15:08Z</time><extensions><speed>0.817276</speed><course>95.232185</course><hAcc>4.775093</hAcc><vAcc>3.320095</vAcc></extensions></trkpt>
      <trkpt lon="-123.271139" lat="44.558676"><ele>70.539124</ele><time>2020-12-11T22:15:09Z</time><extensions><speed>0.865060</speed><course>87.032867</course><hAcc>4.784728</hAcc><vAcc>3.306194</vAcc></extensions></trkpt>
      <trkpt lon="-123.271130" lat="44.558673"><ele>70.670479</ele><time>2020-12-11T22:15:10Z</time><extensions><speed>0.863761</speed><course>98.386696</course><hAcc>4.792419</hAcc><vAcc>3.295035</vAcc></extensions></trkpt>
      <trkpt lon="-123.271120" lat="44.558671"><ele>70.374634</ele><time>2020-12-11T22:15:11Z</time><extensions><speed>0.702003</speed><course>98.201347</course><hAcc>4.807685</hAcc><vAcc>3.272721</vAcc></extensions></trkpt>
      <trkpt lon="-123.271084" lat="44.558686"><ele>71.464035</ele><time>2020-12-11T22:15:12Z</time><extensions><speed>1.497354</speed><course>76.157280</course><hAcc>4.814799</hAcc><vAcc>3.262246</vAcc></extensions></trkpt>
      <trkpt lon="-123.271088" lat="44.558682"><ele>71.532997</ele><time>2020-12-11T22:15:13Z</time><extensions><speed>0.786697</speed><course>74.840027</course><hAcc>4.829012</hAcc><vAcc>3.241170</vAcc></extensions></trkpt>
      <trkpt lon="-123.271102" lat="44.558669"><ele>70.821533</ele><time>2020-12-11T22:15:14Z</time><extensions><speed>0.000000</speed><course>74.844299</course><hAcc>4.829309</hAcc><vAcc>3.240727</vAcc></extensions></trkpt>
      <trkpt lon="-123.271101" lat="44.558662"><ele>70.856102</ele><time>2020-12-11T22:15:15Z</time><extensions><speed>0.000000</speed><course>74.844292</course><hAcc>4.817244</hAcc><vAcc>3.258635</vAcc></extensions></trkpt>
      <trkpt lon="-123.271100" lat="44.558656"><ele>70.693451</ele><time>2020-12-11T22:15:16Z</time><extensions><speed>0.000000</speed><course>74.844292</course><hAcc>4.819779</hAcc><vAcc>3.254883</vAcc></extensions></trkpt>
      <trkpt lon="-123.271098" lat="44.558648"><ele>70.455818</ele><time>2020-12-11T22:15:17Z</time><extensions><speed>0.000000</speed><course>74.844292</course><hAcc>4.828290</hAcc><vAcc>3.242245</vAcc></extensions></trkpt>
      <trkpt lon="-123.271095" lat="44.558644"><ele>70.572220</ele><time>2020-12-11T22:15:18Z</time><extensions><speed>0.000000</speed><course>74.844292</course><hAcc>4.840892</hAcc><vAcc>3.223398</vAcc></extensions></trkpt>
      <trkpt lon="-123.271093" lat="44.558644"><ele>70.726166</ele><time>2020-12-11T22:15:19Z</time><extensions><speed>0.000000</speed><course>74.844292</course><hAcc>4.848079</hAcc><vAcc>3.212579</vAcc></extensions></trkpt>
      <trkpt lon="-123.271091" lat="44.558644"><ele>70.861229</ele><time>2020-12-11T22:15:20Z</time><extensions><speed>0.000000</speed><course>74.844299</course><hAcc>4.864229</hAcc><vAcc>3.188074</vAcc></extensions></trkpt>
      <trkpt lon="-123.271097" lat="44.558646"><ele>71.034782</ele><time>2020-12-11T22:15:21Z</time><extensions><speed>0.000000</speed><course>74.844292</course><hAcc>4.884043</hAcc><vAcc>3.157636</vAcc></extensions></trkpt>
      <trkpt lon="-123.271098" lat="44.558645"><ele>70.993484</ele><time>2020-12-11T22:15:22Z</time><extensions><speed>0.000000</speed><course>74.844292</course><hAcc>4.840671</hAcc><vAcc>3.223732</vAcc></extensions></trkpt>
      <trkpt lon="-123.271102" lat="44.558643"><ele>71.207619</ele><time>2020-12-11T22:15:23Z</time><extensions><speed>0.000000</speed><course>93.296425</course><hAcc>4.818277</hAcc><vAcc>3.257106</vAcc></extensions></trkpt>
      <trkpt lon="-123.271110" lat="44.558655"><ele>71.292778</ele><time>2020-12-11T22:15:24Z</time><extensions><speed>0.000000</speed><course>93.296425</course><hAcc>4.891541</hAcc><vAcc>3.146008</vAcc></extensions></trkpt>
      <trkpt lon="-123.271118" lat="44.558664"><ele>70.886162</ele><time>2020-12-11T22:15:25Z</time><extensions><speed>0.000000</speed><course>93.296417</course><hAcc>5.038393</hAcc><vAcc>2.905019</vAcc></extensions></trkpt>
      <trkpt lon="-123.271110" lat="44.558667"><ele>70.907715</ele><time>2020-12-11T22:15:26Z</time><extensions><speed>0.000000</speed><course>93.296425</course><hAcc>5.210278</hAcc><vAcc>2.584094</vAcc></extensions></trkpt>
      <trkpt lon="-123.271119" lat="44.558690"><ele>71.176674</ele><time>2020-12-11T22:15:27Z</time><extensions><speed>0.000000</speed><course>93.296417</course><hAcc>4.944075</hAcc><vAcc>3.062786</vAcc></extensions></trkpt>
      <trkpt lon="-123.271110" lat="44.558713"><ele>71.207611</ele><time>2020-12-11T22:15:28Z</time><extensions><speed>0.000000</speed><course>93.296425</course><hAcc>4.911518</hAcc><vAcc>3.114728</vAcc></extensions></trkpt>
      <trkpt lon="-123.271106" lat="44.558719"><ele>71.190781</ele><time>2020-12-11T22:15:29Z</time><extensions><speed>0.000000</speed><course>93.296425</course><hAcc>4.991575</hAcc><vAcc>2.984748</vAcc></extensions></trkpt>
      <trkpt lon="-123.271109" lat="44.558739"><ele>71.394135</ele><time>2020-12-11T22:15:30Z</time><extensions><speed>0.000000</speed><course>93.296425</course><hAcc>4.897000</hAcc><vAcc>3.137503</vAcc></extensions></trkpt>
      <trkpt lon="-123.271110" lat="44.558739"><ele>71.581886</ele><time>2020-12-11T22:15:31Z</time><extensions><speed>0.000000</speed><course>93.296425</course><hAcc>4.943062</hAcc><vAcc>3.064421</vAcc></extensions></trkpt>
      <trkpt lon="-123.271115" lat="44.558739"><ele>71.293274</ele><time>2020-12-11T22:15:32Z</time><extensions><speed>0.000000</speed><course>93.296425</course><hAcc>4.966505</hAcc><vAcc>3.026279</vAcc></extensions></trkpt>
      <trkpt lon="-123.271122" lat="44.558747"><ele>71.065224</ele><time>2020-12-11T22:15:33Z</time><extensions><speed>0.000000</speed><course>93.296417</course><hAcc>5.004050</hAcc><vAcc>2.963786</vAcc></extensions></trkpt>
      <trkpt lon="-123.271128" lat="44.558752"><ele>70.924950</ele><time>2020-12-11T22:15:34Z</time><extensions><speed>0.000000</speed><course>93.296417</course><hAcc>4.975668</hAcc><vAcc>3.011189</vAcc></extensions></trkpt>
      <trkpt lon="-123.271119" lat="44.558751"><ele>71.408989</ele><time>2020-12-11T22:15:35Z</time><extensions><speed>0.779808</speed><course>80.272247</course><hAcc>4.971735</hAcc><vAcc>3.017678</vAcc></extensions></trkpt>
      <trkpt lon="-123.271122" lat="44.558746"><ele>71.545731</ele><time>2020-12-11T22:15:36Z</time><extensions><speed>0.000000</speed><course>79.907829</course><hAcc>5.140352</hAcc><vAcc>2.720536</vAcc></extensions></trkpt>
      <trkpt lon="-123.271123" lat="44.558747"><ele>71.504341</ele><time>2020-12-11T22:15:37Z</time><extensions><speed>0.000000</speed><course>70.619675</course><hAcc>5.175158</hAcc><vAcc>2.653729</vAcc></extensions></trkpt>
      <trkpt lon="-123.271102" lat="44.558732"><ele>71.651413</ele><time>2020-12-11T22:15:38Z</time><extensions><speed>1.218918</speed><course>106.602005</course><hAcc>5.225089</hAcc><vAcc>2.554014</vAcc></extensions></trkpt>
      <trkpt lon="-123.271116" lat="44.558736"><ele>71.338486</ele><time>2020-12-11T22:15:39Z</time><extensions><speed>0.000000</speed><course>106.887657</course><hAcc>5.277341</hAcc><vAcc>2.444219</vAcc></extensions></trkpt>
      <trkpt lon="-123.271119" lat="44.558739"><ele>71.162422</ele><time>2020-12-11T22:15:40Z</time><extensions><speed>0.000000</speed><course>106.887657</course><hAcc>5.317564</hAcc><vAcc>2.355428</vAcc></extensions></trkpt>
      <trkpt lon="-123.271084" lat="44.558702"><ele>70.737793</ele><time>2020-12-11T22:15:41Z</time><extensions><speed>1.512392</speed><course>164.101028</course><hAcc>5.134391</hAcc><vAcc>2.731769</vAcc></extensions></trkpt>
      <trkpt lon="-123.271074" lat="44.558698"><ele>70.795815</ele><time>2020-12-11T22:15:42Z</time><extensions><speed>1.198419</speed><course>157.782639</course><hAcc>5.070843</hAcc><vAcc>2.847997</vAcc></extensions></trkpt>
      <trkpt lon="-123.271073" lat="44.558698"><ele>71.158310</ele><time>2020-12-11T22:15:43Z</time><extensions><speed>0.883422</speed><course>158.263901</course><hAcc>5.154853</hAcc><vAcc>2.692959</vAcc></extensions></trkpt>
      <trkpt lon="-123.271075" lat="44.558700"><ele>70.908981</ele><time>2020-12-11T22:15:44Z</time><extensions><speed>0.000000</speed><course>158.543411</course><hAcc>5.255153</hAcc><vAcc>2.491566</vAcc></extensions></trkpt>
      <trkpt lon="-123.271071" lat="44.558714"><ele>70.993851</ele><time>2020-12-11T22:15:45Z</time><extensions><speed>0.000000</speed><course>158.543411</course><hAcc>5.269588</hAcc><vAcc>2.460890</vAcc></extensions></trkpt>
      <trkpt lon="-123.271072" lat="44.558717"><ele>70.933853</ele><time>2020-12-11T22:15:46Z</time><extensions><speed>0.000000</speed><course>158.543411</course><hAcc>5.248227</hAcc><vAcc>2.506122</vAcc></extensions></trkpt>
      <trkpt lon="-123.271065" lat="44.558721"><ele>70.718285</ele><time>2020-12-11T22:15:47Z</time><extensions><speed>0.000000</speed><course>158.543411</course><hAcc>5.084892</hAcc><vAcc>2.822837</vAcc></extensions></trkpt>
      <trkpt lon="-123.271074" lat="44.558723"><ele>70.735420</ele><time>2020-12-11T22:15:48Z</time><extensions><speed>0.000000</speed><course>158.543411</course><hAcc>5.040791</hAcc><vAcc>2.900856</vAcc></extensions></trkpt>
      <trkpt lon="-123.271093" lat="44.558718"><ele>70.667953</ele><time>2020-12-11T22:15:49Z</time><extensions><speed>0.000000</speed><course>158.543396</course><hAcc>5.016469</hAcc><vAcc>2.942715</vAcc></extensions></trkpt>
      <trkpt lon="-123.271092" lat="44.558706"><ele>70.386459</ele><time>2020-12-11T22:15:50Z</time><extensions><speed>0.000000</speed><course>158.543396</course><hAcc>4.981954</hAcc><vAcc>3.000779</vAcc></extensions></trkpt>
      <trkpt lon="-123.271082" lat="44.558707"><ele>70.909325</ele><time>2020-12-11T22:15:51Z</time><extensions><speed>0.000000</speed><course>158.543396</course><hAcc>5.019506</hAcc><vAcc>2.937534</vAcc></extensions></trkpt>
      <trkpt lon="-123.271099" lat="44.558717"><ele>70.261887</ele><time>2020-12-11T22:15:52Z</time><extensions><speed>0.000000</speed><course>158.543381</course><hAcc>4.886727</hAcc><vAcc>3.153480</vAcc></extensions></trkpt>
      <trkpt lon="-123.271110" lat="44.558714"><ele>70.248665</ele><time>2020-12-11T22:15:53Z</time><extensions><speed>0.000000</speed><course>158.543381</course><hAcc>4.823340</hAcc><vAcc>3.249605</vAcc></extensions></trkpt>
      <trkpt lon="-123.271107" lat="44.558714"><ele>70.644066</ele><time>2020-12-11T22:15:54Z</time><extensions><speed>0.000000</speed><course>167.456497</course><hAcc>4.823152</hAcc><vAcc>3.249884</vAcc></extensions></trkpt>
      <trkpt lon="-123.271104" lat="44.558710"><ele>70.860924</ele><time>2020-12-11T22:15:55Z</time><extensions><speed>0.000000</speed><course>167.456497</course><hAcc>4.843194</hAcc><vAcc>3.219940</vAcc></extensions></trkpt>
      <trkpt lon="-123.271096" lat="44.558718"><ele>70.962509</ele><time>2020-12-11T22:15:56Z</time><extensions><speed>0.000000</speed><course>167.456497</course><hAcc>4.846076</hAcc><vAcc>3.215599</vAcc></extensions></trkpt>
      <trkpt lon="-123.271100" lat="44.558717"><ele>70.872047</ele><time>2020-12-11T22:15:57Z</time><extensions><speed>0.000000</speed><course>167.456497</course><hAcc>4.817355</hAcc><vAcc>3.258470</vAcc></extensions></trkpt>
      <trkpt lon="-123.271097" lat="44.558716"><ele>71.025612</ele><time>2020-12-11T22:15:58Z</time><extensions><speed>0.000000</speed><course>167.456497</course><hAcc>4.811563</hAcc><vAcc>3.267016</vAcc></extensions></trkpt>
      <trkpt lon="-123.271099" lat="44.558710"><ele>71.368645</ele><time>2020-12-11T22:15:59Z</time><extensions><speed>0.000000</speed><course>167.456497</course><hAcc>4.831947</hAcc><vAcc>3.236792</vAcc></extensions></trkpt>
      <trkpt lon="-123.271088" lat="44.558704"><ele>71.019493</ele><time>2020-12-11T22:16:00Z</time><extensions><speed>0.000000</speed><course>167.456512</course><hAcc>4.832931</hAcc><vAcc>3.235323</vAcc></extensions></trkpt>
      <trkpt lon="-123.271091" lat="44.558704"><ele>71.197220</ele><time>2020-12-11T22:16:01Z</time><extensions><speed>0.000000</speed><course>167.456497</course><hAcc>4.838627</hAcc><vAcc>3.226798</vAcc></extensions></trkpt>
      <trkpt lon="-123.271087" lat="44.558706"><ele>70.938622</ele><time>2020-12-11T22:16:02Z</time><extensions><speed>0.000000</speed><course>167.456512</course><hAcc>4.824154</hAcc><vAcc>3.248395</vAcc></extensions></trkpt>
      <trkpt lon="-123.271081" lat="44.558702"><ele>71.168266</ele><time>2020-12-11T22:16:03Z</time><extensions><speed>0.000000</speed><course>167.456512</course><hAcc>4.846392</hAcc><vAcc>3.215124</vAcc></extensions></trkpt>
      <trkpt lon="-123.271074" lat="44.558703"><ele>71.068253</ele><time>2020-12-11T22:16:04Z</time><extensions><speed>0.000000</speed><course>167.456512</course><hAcc>4.889959</hAcc><vAcc>3.148466</vAcc></extensions></trkpt>
      <trkpt lon="-123.271077" lat="44.558706"><ele>71.070129</ele><time>2020-12-11T22:16:05Z</time><extensions><speed>0.000000</speed><course>167.456512</course><hAcc>4.888091</hAcc><vAcc>3.151366</vAcc></extensions></trkpt>
      <trkpt lon="-123.271077" lat="44.558706"><ele>71.070129</ele><time>2020-12-11T22:16:06Z</time><extensions><speed>0.000000</speed><course>167.456512</course><hAcc>4.887202</hAcc><vAcc>3.152745</vAcc></extensions></trkpt>
      <trkpt lon="-123.271071" lat="44.558702"><ele>70.950012</ele><time>2020-12-11T22:16:07Z</time><extensions><speed>0.000000</speed><course>167.456512</course><hAcc>4.923295</hAcc><vAcc>3.096079</vAcc></extensions></trkpt>
      <trkpt lon="-123.271071" lat="44.558702"><ele>70.950012</ele><time>2020-12-11T22:16:08Z</time><extensions><speed>0.000000</speed><course>167.456512</course><hAcc>4.933480</hAcc><vAcc>3.079823</vAcc></extensions></trkpt>
      <trkpt lon="-123.271071" lat="44.558702"><ele>70.950012</ele><time>2020-12-11T22:16:09Z</time><extensions><speed>0.000000</speed><course>167.456512</course><hAcc>4.942827</hAcc><vAcc>3.064801</vAcc></extensions></trkpt>
      <trkpt lon="-123.271063" lat="44.558694"><ele>71.188972</ele><time>2020-12-11T22:16:10Z</time><extensions><speed>0.000000</speed><course>167.456528</course><hAcc>4.930382</hAcc><vAcc>3.084780</vAcc></extensions></trkpt>
      <trkpt lon="-123.271061" lat="44.558685"><ele>71.093376</ele><time>2020-12-11T22:16:11Z</time><extensions><speed>0.000000</speed><course>167.456528</course><hAcc>4.940431</hAcc><vAcc>3.068661</vAcc></extensions></trkpt>
      <trkpt lon="-123.271056" lat="44.558684"><ele>71.143402</ele><time>2020-12-11T22:16:12Z</time><extensions><speed>0.000000</speed><course>167.456528</course><hAcc>4.936321</hAcc><vAcc>3.075268</vAcc></extensions></trkpt>
      <trkpt lon="-123.271056" lat="44.558684"><ele>71.396210</ele><time>2020-12-11T22:16:13Z</time><extensions><speed>0.000000</speed><course>167.456528</course><hAcc>4.938772</hAcc><vAcc>3.071330</vAcc></extensions></trkpt>
      <trkpt lon="-123.271046" lat="44.558687"><ele>71.368713</ele><time>2020-12-11T22:16:14Z</time><extensions><speed>0.000000</speed><course>167.456543</course><hAcc>4.853207</hAcc><vAcc>3.204827</vAcc></extensions></trkpt>
      <trkpt lon="-123.271051" lat="44.558701"><ele>71.752106</ele><time>2020-12-11T22:16:15Z</time><extensions><speed>0.863331</speed><course>2.671309</course><hAcc>4.812265</hAcc><vAcc>3.265982</vAcc></extensions></trkpt>
      <trkpt lon="-123.271058" lat="44.558679"><ele>70.772934</ele><time>2020-12-11T22:16:16Z</time><extensions><speed>0.980549</speed><course>203.374680</course><hAcc>4.798266</hAcc><vAcc>3.286515</vAcc></extensions></trkpt>
      <trkpt lon="-123.271064" lat="44.558683"><ele>70.924286</ele><time>2020-12-11T22:16:17Z</time><extensions><speed>0.000000</speed><course>202.750488</course><hAcc>4.824456</hAcc><vAcc>3.247948</vAcc></extensions></trkpt>
      <trkpt lon="-123.271065" lat="44.558683"><ele>71.000069</ele><time>2020-12-11T22:16:18Z</time><extensions><speed>0.000000</speed><course>202.750488</course><hAcc>4.783319</hAcc><vAcc>3.308231</vAcc></extensions></trkpt>
      <trkpt lon="-123.271055" lat="44.558688"><ele>70.372742</ele><time>2020-12-11T22:16:19Z</time><extensions><speed>0.000000</speed><course>202.750488</course><hAcc>4.779501</hAcc><vAcc>3.313744</vAcc></extensions></trkpt>
      <trkpt lon="-123.271041" lat="44.558684"><ele>71.071648</ele><time>2020-12-11T22:16:20Z</time><extensions><speed>0.000000</speed><course>202.750504</course><hAcc>4.816715</hAcc><vAcc>3.259416</vAcc></extensions></trkpt>
      <trkpt lon="-123.271049" lat="44.558690"><ele>70.859306</ele><time>2020-12-11T22:16:21Z</time><extensions><speed>0.000000</speed><course>190.013657</course><hAcc>4.865460</hAcc><vAcc>3.186194</vAcc></extensions></trkpt>
      <trkpt lon="-123.271058" lat="44.558691"><ele>70.867798</ele><time>2020-12-11T22:16:22Z</time><extensions><speed>0.000000</speed><course>190.013657</course><hAcc>4.819718</hAcc><vAcc>3.254973</vAcc></extensions></trkpt>
      <trkpt lon="-123.271060" lat="44.558709"><ele>71.042488</ele><time>2020-12-11T22:16:23Z</time><extensions><speed>0.000000</speed><course>190.013657</course><hAcc>4.788426</hAcc><vAcc>3.300835</vAcc></extensions></trkpt>
      <trkpt lon="-123.271067" lat="44.558719"><ele>71.130188</ele><time>2020-12-11T22:16:24Z</time><extensions><speed>0.000000</speed><course>190.013641</course><hAcc>4.779727</hAcc><vAcc>3.313418</vAcc></extensions></trkpt>
      <trkpt lon="-123.271066" lat="44.558715"><ele>71.233131</ele><time>2020-12-11T22:16:25Z</time><extensions><speed>0.000000</speed><course>190.013641</course><hAcc>4.791658</hAcc><vAcc>3.296142</vAcc></extensions></trkpt>
      <trkpt lon="-123.271062" lat="44.558720"><ele>71.638939</ele><time>2020-12-11T22:16:26Z</time><extensions><speed>0.000000</speed><course>105.644814</course><hAcc>4.803563</hAcc><vAcc>3.278768</vAcc></extensions></trkpt>
      <trkpt lon="-123.271088" lat="44.558728"><ele>71.388039</ele><time>2020-12-11T22:16:27Z</time><extensions><speed>0.792408</speed><course>286.872101</course><hAcc>4.827828</hAcc><vAcc>3.242933</vAcc></extensions></trkpt>
      <trkpt lon="-123.271083" lat="44.558723"><ele>71.222183</ele><time>2020-12-11T22:16:28Z</time><extensions><speed>0.000000</speed><course>286.640167</course><hAcc>4.820164</hAcc><vAcc>3.254314</vAcc></extensions></trkpt>
      <trkpt lon="-123.271084" lat="44.558721"><ele>71.265488</ele><time>2020-12-11T22:16:29Z</time><extensions><speed>0.000000</speed><course>286.640167</course><hAcc>4.822438</hAcc><vAcc>3.250942</vAcc></extensions></trkpt>
      <trkpt lon="-123.271081" lat="44.558717"><ele>71.240433</ele><time>2020-12-11T22:16:30Z</time><extensions><speed>0.000000</speed><course>286.640167</course><hAcc>4.777414</hAcc><vAcc>3.316754</vAcc></extensions></trkpt>
      <trkpt lon="-123.271081" lat="44.558713"><ele>71.248756</ele><time>2020-12-11T22:16:31Z</time><extensions><speed>0.000000</speed><course>286.640167</course><hAcc>4.771314</hAcc><vAcc>3.325522</vAcc></extensions></trkpt>
      <trkpt lon="-123.271084" lat="44.558714"><ele>71.337479</ele><time>2020-12-11T22:16:32Z</time><extensions><speed>0.000000</speed><course>286.640167</course><hAcc>4.781651</hAcc><vAcc>3.310642</vAcc></extensions></trkpt>
      <trkpt lon="-123.271076" lat="44.558713"><ele>71.420982</ele><time>2020-12-11T22:16:33Z</time><extensions><speed>0.000000</speed><course>286.640167</course><hAcc>4.766901</hAcc><vAcc>3.331845</vAcc></extensions></trkpt>
      <trkpt lon="-123.271073" lat="44.558716"><ele>72.025284</ele><time>2020-12-11T22:16:34Z</time><extensions><speed>0.577318</speed><course>337.066345</course><hAcc>4.755755</hAcc><vAcc>3.347736</vAcc></extensions></trkpt>
      <trkpt lon="-123.271085" lat="44.558714"><ele>70.794029</ele><time>2020-12-11T22:16:35Z</time><extensions><speed>0.706250</speed><course>-1.000000</course><hAcc>4.753172</hAcc><vAcc>3.351402</vAcc></extensions></trkpt>
      <trkpt lon="-123.271063" lat="44.558698"><ele>70.369781</ele><time>2020-12-11T22:16:36Z</time><extensions><speed>1.405611</speed><course>132.473053</course><hAcc>4.739903</hAcc><vAcc>3.370142</vAcc></extensions></trkpt>
      <trkpt lon="-123.271078" lat="44.558706"><ele>70.808212</ele><time>2020-12-11T22:16:37Z</time><extensions><speed>0.000000</speed><course>153.014664</course><hAcc>4.740137</hAcc><vAcc>3.369813</vAcc></extensions></trkpt>
      <trkpt lon="-123.271078" lat="44.558706"><ele>70.808212</ele><time>2020-12-11T22:16:38Z</time><extensions><speed>0.000000</speed><course>153.014664</course><hAcc>4.733524</hAcc><vAcc>3.379096</vAcc></extensions></trkpt>
      <trkpt lon="-123.271078" lat="44.558706"><ele>70.808212</ele><time>2020-12-11T22:16:39Z</time><extensions><speed>0.000000</speed><course>153.014664</course><hAcc>4.731797</hAcc><vAcc>3.381514</vAcc></extensions></trkpt>
      <trkpt lon="-123.271078" lat="44.558706"><ele>70.808212</ele><time>2020-12-11T22:16:40Z</time><extensions><speed>0.000000</speed><course>153.014664</course><hAcc>4.715899</hAcc><vAcc>3.403651</vAcc></extensions></trkpt>
      <trkpt lon="-123.271085" lat="44.558711"><ele>71.273384</ele><time>2020-12-11T22:16:41Z</time><extensions><speed>0.000000</speed><course>146.643433</course><hAcc>4.716153</hAcc><vAcc>3.403299</vAcc></extensions></trkpt>
      <trkpt lon="-123.271081" lat="44.558717"><ele>72.549652</ele><time>2020-12-11T22:16:42Z</time><extensions><speed>0.524418</speed><course>40.446281</course><hAcc>4.741152</hAcc><vAcc>3.368385</vAcc></extensions></trkpt>
      <trkpt lon="-123.271082" lat="44.558720"><ele>71.581818</ele><time>2020-12-11T22:16:43Z</time><extensions><speed>0.000000</speed><course>40.446285</course><hAcc>4.723097</hAcc><vAcc>3.393655</vAcc></extensions></trkpt>
      <trkpt lon="-123.271089" lat="44.558719"><ele>71.251137</ele><time>2020-12-11T22:16:44Z</time><extensions><speed>0.000000</speed><course>40.446285</course><hAcc>4.724842</hAcc><vAcc>3.391225</vAcc></extensions></trkpt>
      <trkpt lon="-123.271082" lat="44.558720"><ele>71.564903</ele><time>2020-12-11T22:16:45Z</time><extensions><speed>0.000000</speed><course>40.446285</course><hAcc>4.743779</hAcc><vAcc>3.364684</vAcc></extensions></trkpt>
      <trkpt lon="-123.271084" lat="44.558725"><ele>71.770416</ele><time>2020-12-11T22:16:46Z</time><extensions><speed>0.000000</speed><course>40.446289</course><hAcc>4.731194</hAcc><vAcc>3.382357</vAcc></extensions></trkpt>
      <trkpt lon="-123.271103" lat="44.558729"><ele>71.274811</ele><time>2020-12-11T22:16:47Z</time><extensions><speed>0.000000</speed><course>40.446293</course><hAcc>4.746666</hAcc><vAcc>3.360610</vAcc></extensions></trkpt>
      <trkpt lon="-123.271098" lat="44.558732"><ele>70.903412</ele><time>2020-12-11T22:16:48Z</time><extensions><speed>0.000000</speed><course>74.055367</course><hAcc>4.739231</hAcc><vAcc>3.371087</vAcc></extensions></trkpt>
      <trkpt lon="-123.271099" lat="44.558737"><ele>70.589050</ele><time>2020-12-11T22:16:49Z</time><extensions><speed>0.000000</speed><course>74.055367</course><hAcc>4.747728</hAcc><vAcc>3.359110</vAcc></extensions></trkpt>
      <trkpt lon="-123.271094" lat="44.558746"><ele>70.838181</ele><time>2020-12-11T22:16:50Z</time><extensions><speed>0.000000</speed><course>74.055367</course><hAcc>4.762735</hAcc><vAcc>3.337797</vAcc></extensions></trkpt>
      <trkpt lon="-123.271099" lat="44.558741"><ele>70.923828</ele><time>2020-12-11T22:16:51Z</time><extensions><speed>0.000000</speed><course>74.055367</course><hAcc>4.748813</hAcc><vAcc>3.357575</vAcc></extensions></trkpt>
      <trkpt lon="-123.271092" lat="44.558749"><ele>71.112427</ele><time>2020-12-11T22:16:52Z</time><extensions><speed>0.000000</speed><course>26.740067</course><hAcc>4.745005</hAcc><vAcc>3.362954</vAcc></extensions></trkpt>
      <trkpt lon="-123.271091" lat="44.558753"><ele>71.254967</ele><time>2020-12-11T22:16:53Z</time><extensions><speed>0.000000</speed><course>26.740067</course><hAcc>4.743481</hAcc><vAcc>3.365104</vAcc></extensions></trkpt>
      <trkpt lon="-123.271091" lat="44.558755"><ele>71.129082</ele><time>2020-12-11T22:16:54Z</time><extensions><speed>0.000000</speed><course>26.740067</course><hAcc>4.744639</hAcc><vAcc>3.363471</vAcc></extensions></trkpt>
      <trkpt lon="-123.271091" lat="44.558758"><ele>71.282745</ele><time>2020-12-11T22:16:55Z</time><extensions><speed>0.000000</speed><course>26.740067</course><hAcc>4.747185</hAcc><vAcc>3.359877</vAcc></extensions></trkpt>
      <trkpt lon="-123.271094" lat="44.558758"><ele>71.065720</ele><time>2020-12-11T22:16:56Z</time><extensions><speed>0.000000</speed><course>26.740065</course><hAcc>4.749717</hAcc><vAcc>3.356296</vAcc></extensions></trkpt>
      <trkpt lon="-123.271084" lat="44.558759"><ele>71.090225</ele><time>2020-12-11T22:16:57Z</time><extensions><speed>0.000000</speed><course>26.740072</course><hAcc>4.744962</hAcc><vAcc>3.363015</vAcc></extensions></trkpt>
      <trkpt lon="-123.271083" lat="44.558760"><ele>71.025993</ele><time>2020-12-11T22:16:58Z</time><extensions><speed>0.000000</speed><course>26.740072</course><hAcc>4.742033</hAcc><vAcc>3.367144</vAcc></extensions></trkpt>
      <trkpt lon="-123.271116" lat="44.558777"><ele>70.756371</ele><time>2020-12-11T22:16:59Z</time><extensions><speed>1.967395</speed><course>305.821869</course><hAcc>4.744473</hAcc><vAcc>3.363705</vAcc></extensions></trkpt>
      <trkpt lon="-123.271086" lat="44.558751"><ele>70.180138</ele><time>2020-12-11T22:17:00Z</time><extensions><speed>0.708441</speed><course>164.168442</course><hAcc>4.739518</hAcc><vAcc>3.370683</vAcc></extensions></trkpt>
      <trkpt lon="-123.271076" lat="44.558749"><ele>70.612953</ele><time>2020-12-11T22:17:01Z</time><extensions><speed>0.958597</speed><course>142.662674</course><hAcc>4.746511</hAcc><vAcc>3.360829</vAcc></extensions></trkpt>
      <trkpt lon="-123.271078" lat="44.558751"><ele>70.632904</ele><time>2020-12-11T22:17:02Z</time><extensions><speed>0.000000</speed><course>141.576294</course><hAcc>4.747803</hAcc><vAcc>3.359004</vAcc></extensions></trkpt>
      <trkpt lon="-123.271078" lat="44.558751"><ele>70.632904</ele><time>2020-12-11T22:17:03Z</time><extensions><speed>0.000000</speed><course>141.576294</course><hAcc>4.736920</hAcc><vAcc>3.374333</vAcc></extensions></trkpt>
      <trkpt lon="-123.271078" lat="44.558751"><ele>70.632904</ele><time>2020-12-11T22:17:04Z</time><extensions><speed>0.000000</speed><course>141.576294</course><hAcc>4.739366</hAcc><vAcc>3.370898</vAcc></extensions></trkpt>
      <trkpt lon="-123.271078" lat="44.558751"><ele>70.632904</ele><time>2020-12-11T22:17:05Z</time><extensions><speed>0.000000</speed><course>141.576294</course><hAcc>4.730138</hAcc><vAcc>3.383834</vAcc></extensions></trkpt>
      <trkpt lon="-123.271078" lat="44.558751"><ele>70.632904</ele><time>2020-12-11T22:17:06Z</time><extensions><speed>0.000000</speed><course>141.576294</course><hAcc>4.737399</hAcc><vAcc>3.373661</vAcc></extensions></trkpt>
      <trkpt lon="-123.271078" lat="44.558751"><ele>70.632904</ele><time>2020-12-11T22:17:07Z</time><extensions><speed>0.000000</speed><course>141.576294</course><hAcc>4.741436</hAcc><vAcc>3.367985</vAcc></extensions></trkpt>
      <trkpt lon="-123.271078" lat="44.558751"><ele>70.632904</ele><time>2020-12-11T22:17:08Z</time><extensions><speed>0.000000</speed><course>141.576294</course><hAcc>4.744209</hAcc><vAcc>3.364077</vAcc></extensions></trkpt>
      <trkpt lon="-123.271078" lat="44.558751"><ele>70.632904</ele><time>2020-12-11T22:17:09Z</time><extensions><speed>0.000000</speed><course>141.576294</course><hAcc>4.746904</hAcc><vAcc>3.360274</vAcc></extensions></trkpt>
      <trkpt lon="-123.271078" lat="44.558751"><ele>70.632904</ele><time>2020-12-11T22:17:10Z</time><extensions><speed>0.000000</speed><course>141.576294</course><hAcc>4.748064</hAcc><vAcc>3.358634</vAcc></extensions></trkpt>
      <trkpt lon="-123.271078" lat="44.558751"><ele>70.632904</ele><time>2020-12-11T22:17:11Z</time><extensions><speed>0.000000</speed><course>141.576294</course><hAcc>4.749329</hAcc><vAcc>3.356846</vAcc></extensions></trkpt>
      <trkpt lon="-123.271078" lat="44.558751"><ele>70.632904</ele><time>2020-12-11T22:17:12Z</time><extensions><speed>0.000000</speed><course>141.576294</course><hAcc>4.750088</hAcc><vAcc>3.355771</vAcc></extensions></trkpt>
      <trkpt lon="-123.271078" lat="44.558751"><ele>70.632904</ele><time>2020-12-11T22:17:13Z</time><extensions><speed>0.000000</speed><course>141.576294</course><hAcc>4.749959</hAcc><vAcc>3.355954</vAcc></extensions></trkpt>
      <trkpt lon="-123.271078" lat="44.558751"><ele>70.632904</ele><time>2020-12-11T22:17:14Z</time><extensions><speed>0.000000</speed><course>141.576294</course><hAcc>4.750632</hAcc><vAcc>3.355001</vAcc></extensions></trkpt>
      <trkpt lon="-123.271078" lat="44.558751"><ele>70.632904</ele><time>2020-12-11T22:17:15Z</time><extensions><speed>0.000000</speed><course>141.576294</course><hAcc>4.751476</hAcc><vAcc>3.353805</vAcc></extensions></trkpt>
      <trkpt lon="-123.271078" lat="44.558751"><ele>70.632904</ele><time>2020-12-11T22:17:16Z</time><extensions><speed>0.000000</speed><course>141.576294</course><hAcc>4.751823</hAcc><vAcc>3.353314</vAcc></extensions></trkpt>
      <trkpt lon="-123.271078" lat="44.558751"><ele>70.632904</ele><time>2020-12-11T22:17:17Z</time><extensions><speed>0.000000</speed><course>141.576294</course><hAcc>4.752103</hAcc><vAcc>3.352917</vAcc></extensions></trkpt>
      <trkpt lon="-123.271078" lat="44.558751"><ele>70.632904</ele><time>2020-12-11T22:17:18Z</time><extensions><speed>0.000000</speed><course>141.576294</course><hAcc>4.752078</hAcc><vAcc>3.352954</vAcc></extensions></trkpt>
      <trkpt lon="-123.271078" lat="44.558751"><ele>70.632904</ele><time>2020-12-11T22:17:19Z</time><extensions><speed>0.000000</speed><course>141.576294</course><hAcc>4.752215</hAcc><vAcc>3.352758</vAcc></extensions></trkpt>
      <trkpt lon="-123.271078" lat="44.558751"><ele>70.632904</ele><time>2020-12-11T22:17:20Z</time><extensions><speed>0.000000</speed><course>141.576294</course><hAcc>4.752302</hAcc><vAcc>3.352636</vAcc></extensions></trkpt>
      <trkpt lon="-123.271078" lat="44.558751"><ele>70.632904</ele><time>2020-12-11T22:17:21Z</time><extensions><speed>0.000000</speed><course>141.576294</course><hAcc>4.752261</hAcc><vAcc>3.352693</vAcc></extensions></trkpt>
      <trkpt lon="-123.271078" lat="44.558751"><ele>70.632904</ele><time>2020-12-11T22:17:22Z</time><extensions><speed>0.000000</speed><course>141.576294</course><hAcc>4.752328</hAcc><vAcc>3.352597</vAcc></extensions></trkpt>
      <trkpt lon="-123.271078" lat="44.558756"><ele>70.733406</ele><time>2020-12-11T22:17:23Z</time><extensions><speed>0.000000</speed><course>138.630127</course><hAcc>4.752039</hAcc><vAcc>3.353008</vAcc></extensions></trkpt>
      <trkpt lon="-123.271091" lat="44.558760"><ele>70.736420</ele><time>2020-12-11T22:17:24Z</time><extensions><speed>0.000000</speed><course>138.630127</course><hAcc>4.753789</hAcc><vAcc>3.350525</vAcc></extensions></trkpt>
      <trkpt lon="-123.271088" lat="44.558761"><ele>70.897064</ele><time>2020-12-11T22:17:25Z</time><extensions><speed>0.000000</speed><course>138.630127</course><hAcc>4.767802</hAcc><vAcc>3.330556</vAcc></extensions></trkpt>
      <trkpt lon="-123.271057" lat="44.558742"><ele>70.416443</ele><time>2020-12-11T22:17:26Z</time><extensions><speed>1.326875</speed><course>119.208145</course><hAcc>4.773201</hAcc><vAcc>3.322813</vAcc></extensions></trkpt>
      <trkpt lon="-123.271064" lat="44.558751"><ele>70.923531</ele><time>2020-12-11T22:17:27Z</time><extensions><speed>0.578282</speed><course>97.140007</course><hAcc>4.763727</hAcc><vAcc>3.336382</vAcc></extensions></trkpt>
      <trkpt lon="-123.271074" lat="44.558751"><ele>70.803291</ele><time>2020-12-11T22:17:28Z</time><extensions><speed>0.000000</speed><course>96.636154</course><hAcc>4.756696</hAcc><vAcc>3.346398</vAcc></extensions></trkpt>
      <trkpt lon="-123.271077" lat="44.558752"><ele>70.997635</ele><time>2020-12-11T22:17:29Z</time><extensions><speed>0.000000</speed><course>96.636154</course><hAcc>4.737858</hAcc><vAcc>3.373016</vAcc></extensions></trkpt>
      <trkpt lon="-123.271079" lat="44.558752"><ele>71.001991</ele><time>2020-12-11T22:17:30Z</time><extensions><speed>0.000000</speed><course>96.636154</course><hAcc>4.733381</hAcc><vAcc>3.379296</vAcc></extensions></trkpt>
      <trkpt lon="-123.271083" lat="44.558754"><ele>70.933762</ele><time>2020-12-11T22:17:31Z</time><extensions><speed>0.000000</speed><course>96.636147</course><hAcc>4.731233</hAcc><vAcc>3.382302</vAcc></extensions></trkpt>
      <trkpt lon="-123.271086" lat="44.558754"><ele>71.241959</ele><time>2020-12-11T22:17:32Z</time><extensions><speed>0.000000</speed><course>96.636147</course><hAcc>4.737016</hAcc><vAcc>3.374198</vAcc></extensions></trkpt>
      <trkpt lon="-123.271081" lat="44.558753"><ele>71.303787</ele><time>2020-12-11T22:17:33Z</time><extensions><speed>0.000000</speed><course>96.636154</course><hAcc>4.732436</hAcc><vAcc>3.380619</vAcc></extensions></trkpt>
      <trkpt lon="-123.271078" lat="44.558754"><ele>71.461075</ele><time>2020-12-11T22:17:34Z</time><extensions><speed>0.000000</speed><course>96.636154</course><hAcc>4.731781</hAcc><vAcc>3.381536</vAcc></extensions></trkpt>
      <trkpt lon="-123.271078" lat="44.558754"><ele>71.221283</ele><time>2020-12-11T22:17:35Z</time><extensions><speed>0.000000</speed><course>96.636154</course><hAcc>4.732603</hAcc><vAcc>3.380386</vAcc></extensions></trkpt>
      <trkpt lon="-123.271083" lat="44.558756"><ele>71.563347</ele><time>2020-12-11T22:17:36Z</time><extensions><speed>0.000000</speed><course>96.636147</course><hAcc>4.736349</hAcc><vAcc>3.375135</vAcc></extensions></trkpt>
      <trkpt lon="-123.271081" lat="44.558756"><ele>71.585617</ele><time>2020-12-11T22:17:37Z</time><extensions><speed>0.000000</speed><course>96.636154</course><hAcc>4.733775</hAcc><vAcc>3.378745</vAcc></extensions></trkpt>
      <trkpt lon="-123.271080" lat="44.558758"><ele>71.755898</ele><time>2020-12-11T22:17:38Z</time><extensions><speed>0.000000</speed><course>96.636154</course><hAcc>4.737111</hAcc><vAcc>3.374065</vAcc></extensions></trkpt>
      <trkpt lon="-123.271082" lat="44.558758"><ele>71.745720</ele><time>2020-12-11T22:17:39Z</time><extensions><speed>0.000000</speed><course>96.636154</course><hAcc>4.738521</hAcc><vAcc>3.372086</vAcc></extensions></trkpt>
      <trkpt lon="-123.271091" lat="44.558758"><ele>71.271614</ele><time>2020-12-11T22:17:40Z</time><extensions><speed>0.000000</speed><course>96.636147</course><hAcc>4.739595</hAcc><vAcc>3.370575</vAcc></extensions></trkpt>
      <trkpt lon="-123.271089" lat="44.558757"><ele>71.299385</ele><time>2020-12-11T22:17:41Z</time><extensions><speed>0.000000</speed><course>96.636147</course><hAcc>4.742348</hAcc><vAcc>3.366701</vAcc></extensions></trkpt>
      <trkpt lon="-123.271085" lat="44.558759"><ele>71.340530</ele><time>2020-12-11T22:17:42Z</time><extensions><speed>0.000000</speed><course>96.636147</course><hAcc>4.738889</hAcc><vAcc>3.371568</vAcc></extensions></trkpt>
      <trkpt lon="-123.271090" lat="44.558757"><ele>71.353416</ele><time>2020-12-11T22:17:43Z</time><extensions><speed>0.000000</speed><course>96.636147</course><hAcc>4.748597</hAcc><vAcc>3.357881</vAcc></extensions></trkpt>
      <trkpt lon="-123.271098" lat="44.558756"><ele>71.305893</ele><time>2020-12-11T22:17:44Z</time><extensions><speed>0.000000</speed><course>96.636139</course><hAcc>4.749206</hAcc><vAcc>3.357020</vAcc></extensions></trkpt>
      <trkpt lon="-123.271038" lat="44.558757"><ele>70.892036</ele><time>2020-12-11T22:17:45Z</time><extensions><speed>2.527609</speed><course>87.970161</course><hAcc>4.761009</hAcc><vAcc>3.340258</vAcc></extensions></trkpt>
      <trkpt lon="-123.271069" lat="44.558752"><ele>70.944626</ele><time>2020-12-11T22:17:46Z</time><extensions><speed>0.000000</speed><course>117.023674</course><hAcc>4.786654</hAcc><vAcc>3.303404</vAcc></extensions></trkpt>
      <trkpt lon="-123.271069" lat="44.558752"><ele>70.944626</ele><time>2020-12-11T22:17:47Z</time><extensions><speed>0.000000</speed><course>117.023674</course><hAcc>4.788600</hAcc><vAcc>3.300582</vAcc></extensions></trkpt>
      <trkpt lon="-123.271069" lat="44.558752"><ele>70.944626</ele><time>2020-12-11T22:17:48Z</time><extensions><speed>0.000000</speed><course>117.023674</course><hAcc>4.787464</hAcc><vAcc>3.302231</vAcc></extensions></trkpt>
      <trkpt lon="-123.271069" lat="44.558752"><ele>70.944626</ele><time>2020-12-11T22:17:49Z</time><extensions><speed>0.000000</speed><course>117.023674</course><hAcc>4.783580</hAcc><vAcc>3.307853</vAcc></extensions></trkpt>
      <trkpt lon="-123.271069" lat="44.558752"><ele>70.944626</ele><time>2020-12-11T22:17:50Z</time><extensions><speed>0.000000</speed><course>117.023674</course><hAcc>4.787702</hAcc><vAcc>3.301886</vAcc></extensions></trkpt>
      <trkpt lon="-123.271069" lat="44.558752"><ele>70.944626</ele><time>2020-12-11T22:17:51Z</time><extensions><speed>0.000000</speed><course>117.023674</course><hAcc>4.788199</hAcc><vAcc>3.301165</vAcc></extensions></trkpt>
      <trkpt lon="-123.271069" lat="44.558752"><ele>70.944626</ele><time>2020-12-11T22:17:52Z</time><extensions><speed>0.000000</speed><course>117.023674</course><hAcc>4.785669</hAcc><vAcc>3.304831</vAcc></extensions></trkpt>
      <trkpt lon="-123.271069" lat="44.558752"><ele>70.944626</ele><time>2020-12-11T22:17:53Z</time><extensions><speed>0.000000</speed><course>117.023674</course><hAcc>4.783545</hAcc><vAcc>3.307904</vAcc></extensions></trkpt>
      <trkpt lon="-123.271069" lat="44.558752"><ele>70.944626</ele><time>2020-12-11T22:17:54Z</time><extensions><speed>0.000000</speed><course>117.023674</course><hAcc>4.780795</hAcc><vAcc>3.311878</vAcc></extensions></trkpt>
      <trkpt lon="-123.271069" lat="44.558752"><ele>70.944626</ele><time>2020-12-11T22:17:55Z</time><extensions><speed>0.000000</speed><course>117.023674</course><hAcc>4.778651</hAcc><vAcc>3.314971</vAcc></extensions></trkpt>
      <trkpt lon="-123.271069" lat="44.558752"><ele>70.944626</ele><time>2020-12-11T22:17:56Z</time><extensions><speed>0.000000</speed><course>117.023674</course><hAcc>4.777484</hAcc><vAcc>3.316653</vAcc></extensions></trkpt>
      <trkpt lon="-123.271069" lat="44.558752"><ele>70.944626</ele><time>2020-12-11T22:17:57Z</time><extensions><speed>0.000000</speed><course>117.023674</course><hAcc>4.776123</hAcc><vAcc>3.318612</vAcc></extensions></trkpt>
      <trkpt lon="-123.271069" lat="44.558752"><ele>70.944626</ele><time>2020-12-11T22:17:58Z</time><extensions><speed>0.000000</speed><course>117.023674</course><hAcc>4.775049</hAcc><vAcc>3.320157</vAcc></extensions></trkpt>
      <trkpt lon="-123.271069" lat="44.558752"><ele>70.944626</ele><time>2020-12-11T22:17:59Z</time><extensions><speed>0.000000</speed><course>117.023674</course><hAcc>4.773499</hAcc><vAcc>3.322386</vAcc></extensions></trkpt>
      <trkpt lon="-123.271069" lat="44.558752"><ele>70.944626</ele><time>2020-12-11T22:18:00Z</time><extensions><speed>0.000000</speed><course>117.023674</course><hAcc>4.772666</hAcc><vAcc>3.323582</vAcc></extensions></trkpt>
      <trkpt lon="-123.271069" lat="44.558752"><ele>70.944626</ele><time>2020-12-11T22:18:01Z</time><extensions><speed>0.000000</speed><course>117.023674</course><hAcc>4.771781</hAcc><vAcc>3.324853</vAcc></extensions></trkpt>
      <trkpt lon="-123.271069" lat="44.558752"><ele>70.944626</ele><time>2020-12-11T22:18:02Z</time><extensions><speed>0.000000</speed><course>117.023674</course><hAcc>4.770423</hAcc><vAcc>3.326800</vAcc></extensions></trkpt>
      <trkpt lon="-123.271069" lat="44.558752"><ele>70.944626</ele><time>2020-12-11T22:18:03Z</time><extensions><speed>0.000000</speed><course>117.023674</course><hAcc>4.769309</hAcc><vAcc>3.328397</vAcc></extensions></trkpt>
      <trkpt lon="-123.271069" lat="44.558752"><ele>70.944626</ele><time>2020-12-11T22:18:04Z</time><extensions><speed>0.000000</speed><course>117.023674</course><hAcc>4.768932</hAcc><vAcc>3.328938</vAcc></extensions></trkpt>
      <trkpt lon="-123.271069" lat="44.558752"><ele>70.944626</ele><time>2020-12-11T22:18:05Z</time><extensions><speed>0.000000</speed><course>117.023674</course><hAcc>4.768157</hAcc><vAcc>3.330048</vAcc></extensions></trkpt>
      <trkpt lon="-123.271069" lat="44.558752"><ele>70.944626</ele><time>2020-12-11T22:18:06Z</time><extensions><speed>0.000000</speed><course>117.023674</course><hAcc>4.767398</hAcc><vAcc>3.331134</vAcc></extensions></trkpt>
      <trkpt lon="-123.271069" lat="44.558752"><ele>70.944626</ele><time>2020-12-11T22:18:07Z</time><extensions><speed>0.000000</speed><course>117.023674</course><hAcc>4.765835</hAcc><vAcc>3.333370</vAcc></extensions></trkpt>
      <trkpt lon="-123.271069" lat="44.558752"><ele>70.944626</ele><time>2020-12-11T22:18:08Z</time><extensions><speed>0.000000</speed><course>117.023674</course><hAcc>4.765222</hAcc><vAcc>3.334246</vAcc></extensions></trkpt>
      <trkpt lon="-123.271069" lat="44.558752"><ele>70.944626</ele><time>2020-12-11T22:18:09Z</time><extensions><speed>0.000000</speed><course>117.023674</course><hAcc>4.764620</hAcc><vAcc>3.335107</vAcc></extensions></trkpt>
      <trkpt lon="-123.271069" lat="44.558752"><ele>70.944626</ele><time>2020-12-11T22:18:10Z</time><extensions><speed>0.000000</speed><course>117.023674</course><hAcc>4.764149</hAcc><vAcc>3.335779</vAcc></extensions></trkpt>
      <trkpt lon="-123.271069" lat="44.558752"><ele>70.944626</ele><time>2020-12-11T22:18:11Z</time><extensions><speed>0.000000</speed><course>117.023674</course><hAcc>4.763383</hAcc><vAcc>3.336872</vAcc></extensions></trkpt>
      <trkpt lon="-123.271069" lat="44.558752"><ele>70.944626</ele><time>2020-12-11T22:18:12Z</time><extensions><speed>0.000000</speed><course>117.023674</course><hAcc>4.762717</hAcc><vAcc>3.337823</vAcc></extensions></trkpt>
      <trkpt lon="-123.271069" lat="44.558752"><ele>70.944626</ele><time>2020-12-11T22:18:13Z</time><extensions><speed>0.000000</speed><course>117.023674</course><hAcc>4.762343</hAcc><vAcc>3.338357</vAcc></extensions></trkpt>
      <trkpt lon="-123.271069" lat="44.558752"><ele>70.944626</ele><time>2020-12-11T22:18:14Z</time><extensions><speed>0.000000</speed><course>117.023674</course><hAcc>4.762323</hAcc><vAcc>3.338385</vAcc></extensions></trkpt>
      <trkpt lon="-123.271069" lat="44.558752"><ele>70.944626</ele><time>2020-12-11T22:18:15Z</time><extensions><speed>0.000000</speed><course>117.023674</course><hAcc>4.760749</hAcc><vAcc>3.340629</vAcc></extensions></trkpt>
      <trkpt lon="-123.271069" lat="44.558752"><ele>70.944626</ele><time>2020-12-11T22:18:16Z</time><extensions><speed>0.000000</speed><course>117.023674</course><hAcc>4.760646</hAcc><vAcc>3.340776</vAcc></extensions></trkpt>
      <trkpt lon="-123.271069" lat="44.558752"><ele>70.944626</ele><time>2020-12-11T22:18:17Z</time><extensions><speed>0.000000</speed><course>117.023674</course><hAcc>4.760641</hAcc><vAcc>3.340784</vAcc></extensions></trkpt>
      <trkpt lon="-123.271069" lat="44.558752"><ele>70.944626</ele><time>2020-12-11T22:18:18Z</time><extensions><speed>0.000000</speed><course>117.023674</course><hAcc>4.760304</hAcc><vAcc>3.341263</vAcc></extensions></trkpt>
      <trkpt lon="-123.271069" lat="44.558752"><ele>70.944626</ele><time>2020-12-11T22:18:19Z</time><extensions><speed>0.000000</speed><course>117.023674</course><hAcc>4.759971</hAcc><vAcc>3.341738</vAcc></extensions></trkpt>
      <trkpt lon="-123.271069" lat="44.558752"><ele>70.944626</ele><time>2020-12-11T22:18:20Z</time><extensions><speed>0.000000</speed><course>117.023674</course><hAcc>4.759525</hAcc><vAcc>3.342373</vAcc></extensions></trkpt>
      <trkpt lon="-123.271069" lat="44.558752"><ele>70.944626</ele><time>2020-12-11T22:18:21Z</time><extensions><speed>0.000000</speed><course>117.023674</course><hAcc>4.759446</hAcc><vAcc>3.342486</vAcc></extensions></trkpt>
      <trkpt lon="-123.271069" lat="44.558752"><ele>70.944626</ele><time>2020-12-11T22:18:22Z</time><extensions><speed>0.000000</speed><course>117.023674</course><hAcc>4.758949</hAcc><vAcc>3.343193</vAcc></extensions></trkpt>
      <trkpt lon="-123.271069" lat="44.558752"><ele>70.944626</ele><time>2020-12-11T22:18:23Z</time><extensions><speed>0.000000</speed><course>117.023674</course><hAcc>4.758806</hAcc><vAcc>3.343397</vAcc></extensions></trkpt>
      <trkpt lon="-123.271069" lat="44.558752"><ele>70.944626</ele><time>2020-12-11T22:18:24Z</time><extensions><speed>0.000000</speed><course>117.023674</course><hAcc>4.758436</hAcc><vAcc>3.343923</vAcc></extensions></trkpt>
      <trkpt lon="-123.271069" lat="44.558752"><ele>70.944626</ele><time>2020-12-11T22:18:25Z</time><extensions><speed>0.000000</speed><course>117.023674</course><hAcc>4.758043</hAcc><vAcc>3.344483</vAcc></extensions></trkpt>
      <trkpt lon="-123.271069" lat="44.558752"><ele>70.944626</ele><time>2020-12-11T22:18:26Z</time><extensions><speed>0.000000</speed><course>117.023674</course><hAcc>4.757926</hAcc><vAcc>3.344648</vAcc></extensions></trkpt>
      <trkpt lon="-123.271069" lat="44.558752"><ele>70.944626</ele><time>2020-12-11T22:18:27Z</time><extensions><speed>0.000000</speed><course>117.023674</course><hAcc>4.757261</hAcc><vAcc>3.345595</vAcc></extensions></trkpt>
      <trkpt lon="-123.271069" lat="44.558752"><ele>70.944626</ele><time>2020-12-11T22:18:28Z</time><extensions><speed>0.000000</speed><course>117.023674</course><hAcc>4.757018</hAcc><vAcc>3.345941</vAcc></extensions></trkpt>
      <trkpt lon="-123.271069" lat="44.558752"><ele>70.944626</ele><time>2020-12-11T22:18:29Z</time><extensions><speed>0.000000</speed><course>117.023674</course><hAcc>4.756794</hAcc><vAcc>3.346258</vAcc></extensions></trkpt>
      <trkpt lon="-123.271069" lat="44.558752"><ele>70.944626</ele><time>2020-12-11T22:18:30Z</time><extensions><speed>0.000000</speed><course>117.023674</course><hAcc>4.756810</hAcc><vAcc>3.346236</vAcc></extensions></trkpt>
      <trkpt lon="-123.271069" lat="44.558752"><ele>70.944626</ele><time>2020-12-11T22:18:31Z</time><extensions><speed>0.000000</speed><course>117.023674</course><hAcc>4.756391</hAcc><vAcc>3.346831</vAcc></extensions></trkpt>
      <trkpt lon="-123.271069" lat="44.558752"><ele>70.944626</ele><time>2020-12-11T22:18:32Z</time><extensions><speed>0.000000</speed><course>117.023674</course><hAcc>4.755692</hAcc><vAcc>3.347826</vAcc></extensions></trkpt>
      <trkpt lon="-123.271069" lat="44.558752"><ele>70.944626</ele><time>2020-12-11T22:18:33Z</time><extensions><speed>0.000000</speed><course>117.023674</course><hAcc>4.755995</hAcc><vAcc>3.347394</vAcc></extensions></trkpt>
      <trkpt lon="-123.271069" lat="44.558752"><ele>70.944626</ele><time>2020-12-11T22:18:34Z</time><extensions><speed>0.000000</speed><course>117.023674</course><hAcc>4.755789</hAcc><vAcc>3.347687</vAcc></extensions></trkpt>
      <trkpt lon="-123.271069" lat="44.558752"><ele>70.944626</ele><time>2020-12-11T22:18:35Z</time><extensions><speed>0.000000</speed><course>117.023674</course><hAcc>4.755569</hAcc><vAcc>3.348000</vAcc></extensions></trkpt>
      <trkpt lon="-123.271069" lat="44.558752"><ele>70.944626</ele><time>2020-12-11T22:18:36Z</time><extensions><speed>0.000000</speed><course>117.023674</course><hAcc>4.755201</hAcc><vAcc>3.348521</vAcc></extensions></trkpt>
      <trkpt lon="-123.271069" lat="44.558752"><ele>70.944626</ele><time>2020-12-11T22:18:37Z</time><extensions><speed>0.000000</speed><course>117.023674</course><hAcc>4.754996</hAcc><vAcc>3.348813</vAcc></extensions></trkpt>
      <trkpt lon="-123.271069" lat="44.558752"><ele>70.944626</ele><time>2020-12-11T22:18:38Z</time><extensions><speed>0.000000</speed><course>117.023674</course><hAcc>4.754981</hAcc><vAcc>3.348835</vAcc></extensions></trkpt>
      <trkpt lon="-123.271069" lat="44.558752"><ele>70.944626</ele><time>2020-12-11T22:18:39Z</time><extensions><speed>0.000000</speed><course>117.023674</course><hAcc>4.755119</hAcc><vAcc>3.348639</vAcc></extensions></trkpt>
      <trkpt lon="-123.271069" lat="44.558752"><ele>70.944626</ele><time>2020-12-11T22:18:40Z</time><extensions><speed>0.000000</speed><course>117.023674</course><hAcc>4.754751</hAcc><vAcc>3.349161</vAcc></extensions></trkpt>
      <trkpt lon="-123.271069" lat="44.558752"><ele>70.944626</ele><time>2020-12-11T22:18:41Z</time><extensions><speed>0.000000</speed><course>117.023674</course><hAcc>4.754528</hAcc><vAcc>3.349478</vAcc></extensions></trkpt>
      <trkpt lon="-123.271069" lat="44.558752"><ele>70.944626</ele><time>2020-12-11T22:18:42Z</time><extensions><speed>0.000000</speed><course>117.023674</course><hAcc>4.754439</hAcc><vAcc>3.349603</vAcc></extensions></trkpt>
      <trkpt lon="-123.271069" lat="44.558752"><ele>70.944626</ele><time>2020-12-11T22:18:43Z</time><extensions><speed>0.000000</speed><course>117.023674</course><hAcc>4.754328</hAcc><vAcc>3.349761</vAcc></extensions></trkpt>
      <trkpt lon="-123.271069" lat="44.558752"><ele>70.944626</ele><time>2020-12-11T22:18:44Z</time><extensions><speed>0.000000</speed><course>117.023674</course><hAcc>4.754219</hAcc><vAcc>3.349916</vAcc></extensions></trkpt>
      <trkpt lon="-123.271069" lat="44.558752"><ele>70.944626</ele><time>2020-12-11T22:18:45Z</time><extensions><speed>0.000000</speed><course>117.023674</course><hAcc>4.754275</hAcc><vAcc>3.349837</vAcc></extensions></trkpt>
      <trkpt lon="-123.271069" lat="44.558752"><ele>70.944626</ele><time>2020-12-11T22:18:46Z</time><extensions><speed>0.000000</speed><course>117.023674</course><hAcc>4.754145</hAcc><vAcc>3.350022</vAcc></extensions></trkpt>
      <trkpt lon="-123.271069" lat="44.558752"><ele>70.944626</ele><time>2020-12-11T22:18:47Z</time><extensions><speed>0.000000</speed><course>117.023674</course><hAcc>4.754103</hAcc><vAcc>3.350081</vAcc></extensions></trkpt>
      <trkpt lon="-123.271069" lat="44.558752"><ele>70.944626</ele><time>2020-12-11T22:18:48Z</time><extensions><speed>0.000000</speed><course>117.023674</course><hAcc>4.753850</hAcc><vAcc>3.350440</vAcc></extensions></trkpt>
      <trkpt lon="-123.271069" lat="44.558752"><ele>70.944626</ele><time>2020-12-11T22:18:49Z</time><extensions><speed>0.000000</speed><course>117.023674</course><hAcc>4.753714</hAcc><vAcc>3.350633</vAcc></extensions></trkpt>
      <trkpt lon="-123.271069" lat="44.558752"><ele>70.944626</ele><time>2020-12-11T22:18:50Z</time><extensions><speed>0.000000</speed><course>117.023674</course><hAcc>4.753736</hAcc><vAcc>3.350601</vAcc></extensions></trkpt>
      <trkpt lon="-123.271069" lat="44.558752"><ele>70.944626</ele><time>2020-12-11T22:18:51Z</time><extensions><speed>0.000000</speed><course>117.023674</course><hAcc>4.753724</hAcc><vAcc>3.350618</vAcc></extensions></trkpt>
      <trkpt lon="-123.271069" lat="44.558752"><ele>70.944626</ele><time>2020-12-11T22:18:52Z</time><extensions><speed>0.000000</speed><course>117.023674</course><hAcc>4.753475</hAcc><vAcc>3.350971</vAcc></extensions></trkpt>
      <trkpt lon="-123.271069" lat="44.558752"><ele>70.944626</ele><time>2020-12-11T22:18:53Z</time><extensions><speed>0.000000</speed><course>117.023674</course><hAcc>4.753399</hAcc><vAcc>3.351080</vAcc></extensions></trkpt>
      <trkpt lon="-123.271069" lat="44.558752"><ele>70.944626</ele><time>2020-12-11T22:18:54Z</time><extensions><speed>0.000000</speed><course>117.023674</course><hAcc>4.753545</hAcc><vAcc>3.350872</vAcc></extensions></trkpt>
      <trkpt lon="-123.271069" lat="44.558752"><ele>70.944626</ele><time>2020-12-11T22:18:55Z</time><extensions><speed>0.000000</speed><course>117.023674</course><hAcc>4.753249</hAcc><vAcc>3.351293</vAcc></extensions></trkpt>
      <trkpt lon="-123.271069" lat="44.558752"><ele>70.944626</ele><time>2020-12-11T22:18:56Z</time><extensions><speed>0.000000</speed><course>117.023674</course><hAcc>4.752792</hAcc><vAcc>3.351941</vAcc></extensions></trkpt>
      <trkpt lon="-123.271069" lat="44.558752"><ele>70.944626</ele><time>2020-12-11T22:18:57Z</time><extensions><speed>0.000000</speed><course>117.023674</course><hAcc>4.753148</hAcc><vAcc>3.351436</vAcc></extensions></trkpt>
      <trkpt lon="-123.271069" lat="44.558752"><ele>70.944626</ele><time>2020-12-11T22:18:58Z</time><extensions><speed>0.000000</speed><course>117.023674</course><hAcc>4.752860</hAcc><vAcc>3.351845</vAcc></extensions></trkpt>
      <trkpt lon="-123.271069" lat="44.558752"><ele>70.944626</ele><time>2020-12-11T22:18:59Z</time><extensions><speed>0.000000</speed><course>117.023674</course><hAcc>4.752623</hAcc><vAcc>3.352180</vAcc></extensions></trkpt>
      <trkpt lon="-123.271069" lat="44.558752"><ele>70.944626</ele><time>2020-12-11T22:19:00Z</time><extensions><speed>0.000000</speed><course>117.023674</course><hAcc>4.753037</hAcc><vAcc>3.351593</vAcc></extensions></trkpt>
      <trkpt lon="-123.271069" lat="44.558752"><ele>70.944626</ele><time>2020-12-11T22:19:01Z</time><extensions><speed>0.000000</speed><course>117.023674</course><hAcc>4.752935</hAcc><vAcc>3.351738</vAcc></extensions></trkpt>
      <trkpt lon="-123.271069" lat="44.558752"><ele>70.944626</ele><time>2020-12-11T22:19:02Z</time><extensions><speed>0.000000</speed><course>117.023674</course><hAcc>4.752937</hAcc><vAcc>3.351735</vAcc></extensions></trkpt>
      <trkpt lon="-123.271069" lat="44.558752"><ele>70.944626</ele><time>2020-12-11T22:19:03Z</time><extensions><speed>0.000000</speed><course>117.023674</course><hAcc>4.753076</hAcc><vAcc>3.351538</vAcc></extensions></trkpt>
      <trkpt lon="-123.271069" lat="44.558752"><ele>70.944626</ele><time>2020-12-11T22:19:04Z</time><extensions><speed>0.000000</speed><course>117.023674</course><hAcc>4.752926</hAcc><vAcc>3.351751</vAcc></extensions></trkpt>
      <trkpt lon="-123.271069" lat="44.558752"><ele>70.944626</ele><time>2020-12-11T22:19:05Z</time><extensions><speed>0.000000</speed><course>117.023674</course><hAcc>4.752600</hAcc><vAcc>3.352213</vAcc></extensions></trkpt>
      <trkpt lon="-123.271069" lat="44.558752"><ele>70.944626</ele><time>2020-12-11T22:19:06Z</time><extensions><speed>0.000000</speed><course>117.023674</course><hAcc>4.752753</hAcc><vAcc>3.351995</vAcc></extensions></trkpt>
      <trkpt lon="-123.271069" lat="44.558752"><ele>70.944626</ele><time>2020-12-11T22:19:07Z</time><extensions><speed>0.000000</speed><course>117.023674</course><hAcc>4.752582</hAcc><vAcc>3.352239</vAcc></extensions></trkpt>
      <trkpt lon="-123.271069" lat="44.558752"><ele>70.944626</ele><time>2020-12-11T22:19:08Z</time><extensions><speed>0.000000</speed><course>117.023674</course><hAcc>4.752628</hAcc><vAcc>3.352173</vAcc></extensions></trkpt>
      <trkpt lon="-123.271069" lat="44.558752"><ele>70.944626</ele><time>2020-12-11T22:19:09Z</time><extensions><speed>0.000000</speed><course>117.023674</course><hAcc>4.752582</hAcc><vAcc>3.352239</vAcc></extensions></trkpt>
      <trkpt lon="-123.271069" lat="44.558752"><ele>70.944626</ele><time>2020-12-11T22:19:10Z</time><extensions><speed>0.000000</speed><course>117.023674</course><hAcc>4.752529</hAcc><vAcc>3.352314</vAcc></extensions></trkpt>
      <trkpt lon="-123.271069" lat="44.558752"><ele>70.944626</ele><time>2020-12-11T22:19:11Z</time><extensions><speed>0.000000</speed><course>117.023674</course><hAcc>4.752599</hAcc><vAcc>3.352214</vAcc></extensions></trkpt>
      <trkpt lon="-123.271069" lat="44.558752"><ele>70.944626</ele><time>2020-12-11T22:19:12Z</time><extensions><speed>0.000000</speed><course>117.023674</course><hAcc>4.752557</hAcc><vAcc>3.352274</vAcc></extensions></trkpt>
      <trkpt lon="-123.271069" lat="44.558752"><ele>70.944626</ele><time>2020-12-11T22:19:13Z</time><extensions><speed>0.000000</speed><course>117.023674</course><hAcc>4.752494</hAcc><vAcc>3.352363</vAcc></extensions></trkpt>
      <trkpt lon="-123.271069" lat="44.558752"><ele>70.944626</ele><time>2020-12-11T22:19:14Z</time><extensions><speed>0.000000</speed><course>117.023674</course><hAcc>4.752476</hAcc><vAcc>3.352389</vAcc></extensions></trkpt>
      <trkpt lon="-123.271069" lat="44.558752"><ele>70.944626</ele><time>2020-12-11T22:19:15Z</time><extensions><speed>0.000000</speed><course>117.023674</course><hAcc>4.752260</hAcc><vAcc>3.352694</vAcc></extensions></trkpt>
      <trkpt lon="-123.271069" lat="44.558752"><ele>70.944626</ele><time>2020-12-11T22:19:16Z</time><extensions><speed>0.000000</speed><course>117.023674</course><hAcc>4.752163</hAcc><vAcc>3.352832</vAcc></extensions></trkpt>
      <trkpt lon="-123.271069" lat="44.558752"><ele>70.944626</ele><time>2020-12-11T22:19:17Z</time><extensions><speed>0.000000</speed><course>117.023674</course><hAcc>4.752296</hAcc><vAcc>3.352643</vAcc></extensions></trkpt>
      <trkpt lon="-123.271069" lat="44.558752"><ele>70.944626</ele><time>2020-12-11T22:19:18Z</time><extensions><speed>0.000000</speed><course>117.023674</course><hAcc>4.752163</hAcc><vAcc>3.352832</vAcc></extensions></trkpt>
      <trkpt lon="-123.271069" lat="44.558752"><ele>70.944626</ele><time>2020-12-11T22:19:19Z</time><extensions><speed>0.000000</speed><course>117.023674</course><hAcc>4.752137</hAcc><vAcc>3.352869</vAcc></extensions></trkpt>
      <trkpt lon="-123.271069" lat="44.558752"><ele>70.944626</ele><time>2020-12-11T22:19:20Z</time><extensions><speed>0.000000</speed><course>117.023674</course><hAcc>4.752175</hAcc><vAcc>3.352814</vAcc></extensions></trkpt>
      <trkpt lon="-123.271069" lat="44.558752"><ele>70.944626</ele><time>2020-12-11T22:19:21Z</time><extensions><speed>0.000000</speed><course>117.023674</course><hAcc>4.752226</hAcc><vAcc>3.352743</vAcc></extensions></trkpt>
      <trkpt lon="-123.271069" lat="44.558752"><ele>70.944626</ele><time>2020-12-11T22:19:22Z</time><extensions><speed>0.000000</speed><course>117.023674</course><hAcc>4.750936</hAcc><vAcc>3.354570</vAcc></extensions></trkpt>
      <trkpt lon="-123.271069" lat="44.558752"><ele>70.944626</ele><time>2020-12-11T22:19:23Z</time><extensions><speed>0.000000</speed><course>117.023674</course><hAcc>4.751686</hAcc><vAcc>3.353508</vAcc></extensions></trkpt>
      <trkpt lon="-123.271069" lat="44.558752"><ele>70.944626</ele><time>2020-12-11T22:19:24Z</time><extensions><speed>0.000000</speed><course>117.023674</course><hAcc>4.751523</hAcc><vAcc>3.353739</vAcc></extensions></trkpt>
      <trkpt lon="-123.271069" lat="44.558752"><ele>70.944626</ele><time>2020-12-11T22:19:25Z</time><extensions><speed>0.000000</speed><course>117.023674</course><hAcc>4.751649</hAcc><vAcc>3.353561</vAcc></extensions></trkpt>
      <trkpt lon="-123.271069" lat="44.558752"><ele>70.944626</ele><time>2020-12-11T22:19:26Z</time><extensions><speed>0.000000</speed><course>117.023674</course><hAcc>4.751632</hAcc><vAcc>3.353585</vAcc></extensions></trkpt>
      <trkpt lon="-123.271069" lat="44.558752"><ele>70.944626</ele><time>2020-12-11T22:19:27Z</time><extensions><speed>0.000000</speed><course>117.023674</course><hAcc>4.751766</hAcc><vAcc>3.353395</vAcc></extensions></trkpt>
      <trkpt lon="-123.271069" lat="44.558752"><ele>70.944626</ele><time>2020-12-11T22:19:28Z</time><extensions><speed>0.000000</speed><course>117.023674</course><hAcc>4.751795</hAcc><vAcc>3.353354</vAcc></extensions></trkpt>
      <trkpt lon="-123.271069" lat="44.558752"><ele>70.944626</ele><time>2020-12-11T22:19:29Z</time><extensions><speed>0.000000</speed><course>117.023674</course><hAcc>4.751780</hAcc><vAcc>3.353375</vAcc></extensions></trkpt>
      <trkpt lon="-123.271069" lat="44.558752"><ele>70.944626</ele><time>2020-12-11T22:19:30Z</time><extensions><speed>0.000000</speed><course>117.023674</course><hAcc>4.751764</hAcc><vAcc>3.353397</vAcc></extensions></trkpt>
      <trkpt lon="-123.271069" lat="44.558752"><ele>70.944626</ele><time>2020-12-11T22:19:31Z</time><extensions><speed>0.000000</speed><course>117.023674</course><hAcc>4.751718</hAcc><vAcc>3.353463</vAcc></extensions></trkpt>
      <trkpt lon="-123.271069" lat="44.558752"><ele>70.944626</ele><time>2020-12-11T22:19:32Z</time><extensions><speed>0.000000</speed><course>117.023674</course><hAcc>4.751680</hAcc><vAcc>3.353517</vAcc></extensions></trkpt>
      <trkpt lon="-123.271069" lat="44.558752"><ele>70.944626</ele><time>2020-12-11T22:19:33Z</time><extensions><speed>0.000000</speed><course>117.023674</course><hAcc>4.751557</hAcc><vAcc>3.353691</vAcc></extensions></trkpt>
      <trkpt lon="-123.271069" lat="44.558752"><ele>70.944626</ele><time>2020-12-11T22:19:34Z</time><extensions><speed>0.000000</speed><course>117.023674</course><hAcc>4.751627</hAcc><vAcc>3.353591</vAcc></extensions></trkpt>
      <trkpt lon="-123.271069" lat="44.558752"><ele>70.944626</ele><time>2020-12-11T22:19:35Z</time><extensions><speed>0.000000</speed><course>117.023674</course><hAcc>4.751426</hAcc><vAcc>3.353876</vAcc></extensions></trkpt>
      <trkpt lon="-123.271069" lat="44.558752"><ele>70.944626</ele><time>2020-12-11T22:19:36Z</time><extensions><speed>0.000000</speed><course>117.023674</course><hAcc>4.751423</hAcc><vAcc>3.353881</vAcc></extensions></trkpt>
      <trkpt lon="-123.271069" lat="44.558752"><ele>70.944626</ele><time>2020-12-11T22:19:37Z</time><extensions><speed>0.000000</speed><course>117.023674</course><hAcc>4.751521</hAcc><vAcc>3.353742</vAcc></extensions></trkpt>
      <trkpt lon="-123.271069" lat="44.558752"><ele>70.944626</ele><time>2020-12-11T22:19:38Z</time><extensions><speed>0.000000</speed><course>117.023674</course><hAcc>4.750671</hAcc><vAcc>3.354946</vAcc></extensions></trkpt>
      <trkpt lon="-123.271069" lat="44.558752"><ele>70.944626</ele><time>2020-12-11T22:19:39Z</time><extensions><speed>0.000000</speed><course>117.023674</course><hAcc>4.751417</hAcc><vAcc>3.353889</vAcc></extensions></trkpt>
      <trkpt lon="-123.271069" lat="44.558752"><ele>70.944626</ele><time>2020-12-11T22:19:40Z</time><extensions><speed>0.000000</speed><course>117.023674</course><hAcc>4.751373</hAcc><vAcc>3.353951</vAcc></extensions></trkpt>
      <trkpt lon="-123.271069" lat="44.558752"><ele>70.944626</ele><time>2020-12-11T22:19:41Z</time><extensions><speed>0.000000</speed><course>117.023674</course><hAcc>4.751448</hAcc><vAcc>3.353845</vAcc></extensions></trkpt>
      <trkpt lon="-123.271069" lat="44.558752"><ele>70.944626</ele><time>2020-12-11T22:19:42Z</time><extensions><speed>0.000000</speed><course>117.023674</course><hAcc>4.751537</hAcc><vAcc>3.353720</vAcc></extensions></trkpt>
      <trkpt lon="-123.271069" lat="44.558752"><ele>70.944626</ele><time>2020-12-11T22:19:43Z</time><extensions><speed>0.000000</speed><course>117.023674</course><hAcc>4.751276</hAcc><vAcc>3.354090</vAcc></extensions></trkpt>
      <trkpt lon="-123.271069" lat="44.558752"><ele>70.944626</ele><time>2020-12-11T22:19:44Z</time><extensions><speed>0.000000</speed><course>117.023674</course><hAcc>4.751648</hAcc><vAcc>3.353562</vAcc></extensions></trkpt>
      <trkpt lon="-123.271069" lat="44.558752"><ele>70.944626</ele><time>2020-12-11T22:19:45Z</time><extensions><speed>0.000000</speed><course>117.023674</course><hAcc>4.751791</hAcc><vAcc>3.353360</vAcc></extensions></trkpt>
      <trkpt lon="-123.271069" lat="44.558752"><ele>70.944626</ele><time>2020-12-11T22:19:46Z</time><extensions><speed>0.000000</speed><course>117.023674</course><hAcc>4.751462</hAcc><vAcc>3.353826</vAcc></extensions></trkpt>
      <trkpt lon="-123.271069" lat="44.558752"><ele>70.944626</ele><time>2020-12-11T22:19:47Z</time><extensions><speed>0.000000</speed><course>117.023674</course><hAcc>4.751484</hAcc><vAcc>3.353795</vAcc></extensions></trkpt>
      <trkpt lon="-123.271069" lat="44.558752"><ele>70.944626</ele><time>2020-12-11T22:19:48Z</time><extensions><speed>0.000000</speed><course>117.023674</course><hAcc>4.751496</hAcc><vAcc>3.353777</vAcc></extensions></trkpt>
      <trkpt lon="-123.271069" lat="44.558752"><ele>70.944626</ele><time>2020-12-11T22:19:49Z</time><extensions><speed>0.000000</speed><course>117.023674</course><hAcc>4.751419</hAcc><vAcc>3.353887</vAcc></extensions></trkpt>
      <trkpt lon="-123.271069" lat="44.558752"><ele>70.944626</ele><time>2020-12-11T22:19:50Z</time><extensions><speed>0.000000</speed><course>117.023674</course><hAcc>4.751494</hAcc><vAcc>3.353781</vAcc></extensions></trkpt>
      <trkpt lon="-123.271069" lat="44.558752"><ele>70.944626</ele><time>2020-12-11T22:19:51Z</time><extensions><speed>0.000000</speed><course>117.023674</course><hAcc>4.751417</hAcc><vAcc>3.353889</vAcc></extensions></trkpt>
      <trkpt lon="-123.271069" lat="44.558752"><ele>70.944626</ele><time>2020-12-11T22:19:52Z</time><extensions><speed>0.000000</speed><course>117.023674</course><hAcc>4.751537</hAcc><vAcc>3.353719</vAcc></extensions></trkpt>
      <trkpt lon="-123.271069" lat="44.558752"><ele>70.944626</ele><time>2020-12-11T22:19:53Z</time><extensions><speed>0.000000</speed><course>117.023674</course><hAcc>4.751332</hAcc><vAcc>3.354010</vAcc></extensions></trkpt>
      <trkpt lon="-123.271069" lat="44.558752"><ele>70.944626</ele><time>2020-12-11T22:19:54Z</time><extensions><speed>0.000000</speed><course>117.023674</course><hAcc>4.751688</hAcc><vAcc>3.353506</vAcc></extensions></trkpt>
      <trkpt lon="-123.271069" lat="44.558752"><ele>70.944626</ele><time>2020-12-11T22:19:55Z</time><extensions><speed>0.000000</speed><course>117.023674</course><hAcc>4.751301</hAcc><vAcc>3.354054</vAcc></extensions></trkpt>
      <trkpt lon="-123.271069" lat="44.558752"><ele>70.944626</ele><time>2020-12-11T22:19:56Z</time><extensions><speed>0.000000</speed><course>117.023674</course><hAcc>4.751318</hAcc><vAcc>3.354029</vAcc></extensions></trkpt>
      <trkpt lon="-123.271069" lat="44.558752"><ele>70.944626</ele><time>2020-12-11T22:19:57Z</time><extensions><speed>0.000000</speed><course>117.023674</course><hAcc>4.750407</hAcc><vAcc>3.355320</vAcc></extensions></trkpt>
      <trkpt lon="-123.271069" lat="44.558752"><ele>70.944626</ele><time>2020-12-11T22:19:58Z</time><extensions><speed>0.000000</speed><course>117.023674</course><hAcc>4.750893</hAcc><vAcc>3.354632</vAcc></extensions></trkpt>
      <trkpt lon="-123.271069" lat="44.558752"><ele>70.944626</ele><time>2020-12-11T22:19:59Z</time><extensions><speed>0.000000</speed><course>117.023674</course><hAcc>4.751080</hAcc><vAcc>3.354367</vAcc></extensions></trkpt>
      <trkpt lon="-123.271069" lat="44.558752"><ele>70.944626</ele><time>2020-12-11T22:20:00Z</time><extensions><speed>0.000000</speed><course>117.023674</course><hAcc>4.750686</hAcc><vAcc>3.354924</vAcc></extensions></trkpt>
      <trkpt lon="-123.271069" lat="44.558752"><ele>70.944626</ele><time>2020-12-11T22:20:01Z</time><extensions><speed>0.000000</speed><course>117.023674</course><hAcc>4.751197</hAcc><vAcc>3.354200</vAcc></extensions></trkpt>
      <trkpt lon="-123.271069" lat="44.558752"><ele>70.944626</ele><time>2020-12-11T22:20:02Z</time><extensions><speed>0.000000</speed><course>117.023674</course><hAcc>4.751369</hAcc><vAcc>3.353957</vAcc></extensions></trkpt>
      <trkpt lon="-123.271069" lat="44.558752"><ele>70.944626</ele><time>2020-12-11T22:20:03Z</time><extensions><speed>0.000000</speed><course>117.023674</course><hAcc>4.751292</hAcc><vAcc>3.354067</vAcc></extensions></trkpt>
      <trkpt lon="-123.271069" lat="44.558752"><ele>70.944626</ele><time>2020-12-11T22:20:04Z</time><extensions><speed>0.000000</speed><course>117.023674</course><hAcc>4.751172</hAcc><vAcc>3.354237</vAcc></extensions></trkpt>
      <trkpt lon="-123.271069" lat="44.558752"><ele>70.944626</ele><time>2020-12-11T22:20:05Z</time><extensions><speed>0.000000</speed><course>117.023674</course><hAcc>4.751371</hAcc><vAcc>3.353954</vAcc></extensions></trkpt>
      <trkpt lon="-123.271069" lat="44.558752"><ele>70.944626</ele><time>2020-12-11T22:20:06Z</time><extensions><speed>0.000000</speed><course>117.023674</course><hAcc>4.751359</hAcc><vAcc>3.353971</vAcc></extensions></trkpt>
      <trkpt lon="-123.271069" lat="44.558752"><ele>70.944626</ele><time>2020-12-11T22:20:07Z</time><extensions><speed>0.000000</speed><course>117.023674</course><hAcc>4.751315</hAcc><vAcc>3.354034</vAcc></extensions></trkpt>
      <trkpt lon="-123.271069" lat="44.558752"><ele>70.944626</ele><time>2020-12-11T22:20:08Z</time><extensions><speed>0.000000</speed><course>117.023674</course><hAcc>4.751266</hAcc><vAcc>3.354102</vAcc></extensions></trkpt>
      <trkpt lon="-123.271069" lat="44.558752"><ele>70.944626</ele><time>2020-12-11T22:20:09Z</time><extensions><speed>0.000000</speed><course>117.023674</course><hAcc>4.751439</hAcc><vAcc>3.353859</vAcc></extensions></trkpt>
      <trkpt lon="-123.271069" lat="44.558752"><ele>70.944626</ele><time>2020-12-11T22:20:10Z</time><extensions><speed>0.000000</speed><course>117.023674</course><hAcc>4.751423</hAcc><vAcc>3.353881</vAcc></extensions></trkpt>
      <trkpt lon="-123.271069" lat="44.558752"><ele>70.944626</ele><time>2020-12-11T22:20:11Z</time><extensions><speed>0.000000</speed><course>117.023674</course><hAcc>4.751416</hAcc><vAcc>3.353891</vAcc></extensions></trkpt>
      <trkpt lon="-123.271069" lat="44.558752"><ele>70.944626</ele><time>2020-12-11T22:20:12Z</time><extensions><speed>0.000000</speed><course>117.023674</course><hAcc>4.751396</hAcc><vAcc>3.353919</vAcc></extensions></trkpt>
      <trkpt lon="-123.271069" lat="44.558752"><ele>70.944626</ele><time>2020-12-11T22:20:13Z</time><extensions><speed>0.000000</speed><course>117.023674</course><hAcc>4.751292</hAcc><vAcc>3.354067</vAcc></extensions></trkpt>
      <trkpt lon="-123.271069" lat="44.558752"><ele>70.944626</ele><time>2020-12-11T22:20:14Z</time><extensions><speed>0.000000</speed><course>117.023674</course><hAcc>4.751381</hAcc><vAcc>3.353940</vAcc></extensions></trkpt>
      <trkpt lon="-123.271069" lat="44.558752"><ele>70.944626</ele><time>2020-12-11T22:20:15Z</time><extensions><speed>0.000000</speed><course>117.023674</course><hAcc>4.750805</hAcc><vAcc>3.354756</vAcc></extensions></trkpt>
      <trkpt lon="-123.271069" lat="44.558752"><ele>70.944626</ele><time>2020-12-11T22:20:16Z</time><extensions><speed>0.000000</speed><course>117.023674</course><hAcc>4.750863</hAcc><vAcc>3.354675</vAcc></extensions></trkpt>
      <trkpt lon="-123.271069" lat="44.558752"><ele>70.944626</ele><time>2020-12-11T22:20:17Z</time><extensions><speed>0.000000</speed><course>117.023674</course><hAcc>4.751567</hAcc><vAcc>3.353676</vAcc></extensions></trkpt>
      <trkpt lon="-123.271069" lat="44.558752"><ele>70.944626</ele><time>2020-12-11T22:20:18Z</time><extensions><speed>0.000000</speed><course>117.023674</course><hAcc>4.750978</hAcc><vAcc>3.354511</vAcc></extensions></trkpt>
      <trkpt lon="-123.271069" lat="44.558752"><ele>70.944626</ele><time>2020-12-11T22:20:19Z</time><extensions><speed>0.000000</speed><course>117.023674</course><hAcc>4.751262</hAcc><vAcc>3.354108</vAcc></extensions></trkpt>
      <trkpt lon="-123.271069" lat="44.558752"><ele>70.944626</ele><time>2020-12-11T22:20:20Z</time><extensions><speed>0.000000</speed><course>117.023674</course><hAcc>4.751172</hAcc><vAcc>3.354236</vAcc></extensions></trkpt>
      <trkpt lon="-123.271069" lat="44.558752"><ele>70.944626</ele><time>2020-12-11T22:20:21Z</time><extensions><speed>0.000000</speed><course>117.023674</course><hAcc>4.751305</hAcc><vAcc>3.354048</vAcc></extensions></trkpt>
      <trkpt lon="-123.271069" lat="44.558752"><ele>70.944626</ele><time>2020-12-11T22:20:22Z</time><extensions><speed>0.000000</speed><course>117.023674</course><hAcc>4.751476</hAcc><vAcc>3.353805</vAcc></extensions></trkpt>
      <trkpt lon="-123.271069" lat="44.558752"><ele>70.944626</ele><time>2020-12-11T22:20:23Z</time><extensions><speed>0.000000</speed><course>117.023674</course><hAcc>4.751401</hAcc><vAcc>3.353912</vAcc></extensions></trkpt>
      <trkpt lon="-123.271069" lat="44.558752"><ele>70.944626</ele><time>2020-12-11T22:20:24Z</time><extensions><speed>0.000000</speed><course>117.023674</course><hAcc>4.751312</hAcc><vAcc>3.354038</vAcc></extensions></trkpt>
      <trkpt lon="-123.271069" lat="44.558752"><ele>70.944626</ele><time>2020-12-11T22:20:25Z</time><extensions><speed>0.000000</speed><course>117.023674</course><hAcc>4.751330</hAcc><vAcc>3.354012</vAcc></extensions></trkpt>
      <trkpt lon="-123.271069" lat="44.558752"><ele>70.944626</ele><time>2020-12-11T22:20:26Z</time><extensions><speed>0.000000</speed><course>117.023674</course><hAcc>4.751587</hAcc><vAcc>3.353648</vAcc></extensions></trkpt>
      <trkpt lon="-123.271069" lat="44.558752"><ele>70.944626</ele><time>2020-12-11T22:20:27Z</time><extensions><speed>0.000000</speed><course>117.023674</course><hAcc>4.751418</hAcc><vAcc>3.353889</vAcc></extensions></trkpt>
      <trkpt lon="-123.271069" lat="44.558752"><ele>70.944626</ele><time>2020-12-11T22:20:28Z</time><extensions><speed>0.000000</speed><course>117.023674</course><hAcc>4.751493</hAcc><vAcc>3.353781</vAcc></extensions></trkpt>
      <trkpt lon="-123.271069" lat="44.558752"><ele>70.944626</ele><time>2020-12-11T22:20:29Z</time><extensions><speed>0.000000</speed><course>117.023674</course><hAcc>4.751432</hAcc><vAcc>3.353868</vAcc></extensions></trkpt>
      <trkpt lon="-123.271069" lat="44.558752"><ele>70.944626</ele><time>2020-12-11T22:20:30Z</time><extensions><speed>0.000000</speed><course>117.023674</course><hAcc>4.751396</hAcc><vAcc>3.353919</vAcc></extensions></trkpt>
      <trkpt lon="-123.271069" lat="44.558752"><ele>70.944626</ele><time>2020-12-11T22:20:31Z</time><extensions><speed>0.000000</speed><course>117.023674</course><hAcc>4.751240</hAcc><vAcc>3.354140</vAcc></extensions></trkpt>
      <trkpt lon="-123.271069" lat="44.558752"><ele>70.944626</ele><time>2020-12-11T22:20:32Z</time><extensions><speed>0.000000</speed><course>117.023674</course><hAcc>4.751408</hAcc><vAcc>3.353902</vAcc></extensions></trkpt>
      <trkpt lon="-123.271069" lat="44.558752"><ele>70.944626</ele><time>2020-12-11T22:20:33Z</time><extensions><speed>0.000000</speed><course>117.023674</course><hAcc>4.750840</hAcc><vAcc>3.354707</vAcc></extensions></trkpt>
      <trkpt lon="-123.271069" lat="44.558752"><ele>70.944626</ele><time>2020-12-11T22:20:34Z</time><extensions><speed>0.000000</speed><course>117.023674</course><hAcc>4.750859</hAcc><vAcc>3.354679</vAcc></extensions></trkpt>
      <trkpt lon="-123.271069" lat="44.558752"><ele>70.944626</ele><time>2020-12-11T22:20:35Z</time><extensions><speed>0.000000</speed><course>117.023674</course><hAcc>4.751261</hAcc><vAcc>3.354111</vAcc></extensions></trkpt>
      <trkpt lon="-123.271069" lat="44.558752"><ele>70.944626</ele><time>2020-12-11T22:20:36Z</time><extensions><speed>0.000000</speed><course>117.023674</course><hAcc>4.751115</hAcc><vAcc>3.354317</vAcc></extensions></trkpt>
      <trkpt lon="-123.271069" lat="44.558752"><ele>70.944626</ele><time>2020-12-11T22:20:37Z</time><extensions><speed>0.000000</speed><course>117.023674</course><hAcc>4.751406</hAcc><vAcc>3.353904</vAcc></extensions></trkpt>
      <trkpt lon="-123.271069" lat="44.558752"><ele>70.944626</ele><time>2020-12-11T22:20:38Z</time><extensions><speed>0.000000</speed><course>117.023674</course><hAcc>4.750945</hAcc><vAcc>3.354558</vAcc></extensions></trkpt>
      <trkpt lon="-123.271069" lat="44.558752"><ele>70.944626</ele><time>2020-12-11T22:20:39Z</time><extensions><speed>0.000000</speed><course>117.023674</course><hAcc>4.751352</hAcc><vAcc>3.353982</vAcc></extensions></trkpt>
      <trkpt lon="-123.271069" lat="44.558752"><ele>70.944626</ele><time>2020-12-11T22:20:40Z</time><extensions><speed>0.000000</speed><course>117.023674</course><hAcc>4.750880</hAcc><vAcc>3.354650</vAcc></extensions></trkpt>
      <trkpt lon="-123.271069" lat="44.558752"><ele>70.944626</ele><time>2020-12-11T22:20:41Z</time><extensions><speed>0.000000</speed><course>117.023674</course><hAcc>4.751103</hAcc><vAcc>3.354333</vAcc></extensions></trkpt>
      <trkpt lon="-123.271069" lat="44.558752"><ele>70.944626</ele><time>2020-12-11T22:20:42Z</time><extensions><speed>0.000000</speed><course>117.023674</course><hAcc>4.751089</hAcc><vAcc>3.354355</vAcc></extensions></trkpt>
      <trkpt lon="-123.271069" lat="44.558752"><ele>70.944626</ele><time>2020-12-11T22:20:43Z</time><extensions><speed>0.000000</speed><course>117.023674</course><hAcc>4.751087</hAcc><vAcc>3.354357</vAcc></extensions></trkpt>
      <trkpt lon="-123.271069" lat="44.558752"><ele>70.944626</ele><time>2020-12-11T22:20:44Z</time><extensions><speed>0.000000</speed><course>117.023674</course><hAcc>4.751194</hAcc><vAcc>3.354205</vAcc></extensions></trkpt>
      <trkpt lon="-123.271069" lat="44.558752"><ele>70.944626</ele><time>2020-12-11T22:20:45Z</time><extensions><speed>0.000000</speed><course>117.023674</course><hAcc>4.751241</hAcc><vAcc>3.354138</vAcc></extensions></trkpt>
      <trkpt lon="-123.271069" lat="44.558752"><ele>70.944626</ele><time>2020-12-11T22:20:46Z</time><extensions><speed>0.000000</speed><course>117.023674</course><hAcc>4.751323</hAcc><vAcc>3.354023</vAcc></extensions></trkpt>
      <trkpt lon="-123.271069" lat="44.558752"><ele>70.944626</ele><time>2020-12-11T22:20:47Z</time><extensions><speed>0.000000</speed><course>117.023674</course><hAcc>4.751169</hAcc><vAcc>3.354241</vAcc></extensions></trkpt>
      <trkpt lon="-123.271069" lat="44.558752"><ele>70.944626</ele><time>2020-12-11T22:20:48Z</time><extensions><speed>0.000000</speed><course>117.023674</course><hAcc>4.751242</hAcc><vAcc>3.354137</vAcc></extensions></trkpt>
      <trkpt lon="-123.271069" lat="44.558752"><ele>70.944626</ele><time>2020-12-11T22:20:49Z</time><extensions><speed>0.000000</speed><course>117.023674</course><hAcc>4.751290</hAcc><vAcc>3.354069</vAcc></extensions></trkpt>
    </trkseg>
  </trk>
</gpx>