<?xml version="1.0" encoding="UTF-8"?>
<gpx version="1.1" creator="Apple Health Export" xmlns="http://www.topografix.com/GPX/1/1" xmlns:xsi="http://www.w3.org/2001/XMLSchema-instance" xsi:schemaLocation="http://www.topografix.com/GPX/1/1 http://www.topografix.com/GPX/1/1/gpx.xsd">
  <metadata>
    <time>2021-02-21T19:24:48Z</time>
  </metadata>
  <trk>
    <name>Route 2020-10-26 1:45pm</name>
    <trkseg>
      <trkpt lon="-123.279066" lat="44.563336"><ele>60.729256</ele><time>2020-10-26T20:35:32Z</time><extensions><speed>2.340000</speed><course>353.671875</course><hAcc>30.000000</hAcc><vAcc>16.000000</vAcc></extensions></trkpt>
      <trkpt lon="-123.279121" lat="44.563340"><ele>72.348335</ele><time>2020-10-26T20:35:33Z</time><extensions><speed>2.340000</speed><course>328.359375</course><hAcc>10.000000</hAcc><vAcc>4.000000</vAcc></extensions></trkpt>
      <trkpt lon="-123.279159" lat="44.563335"><ele>72.931587</ele><time>2020-10-26T20:35:34Z</time><extensions><speed>1.200000</speed><course>285.820312</course><hAcc>10.000000</hAcc><vAcc>4.000000</vAcc></extensions></trkpt>
      <trkpt lon="-123.279181" lat="44.563335"><ele>73.089607</ele><time>2020-10-26T20:35:35Z</time><extensions><speed>0.650000</speed><course>318.515625</course><hAcc>5.000000</hAcc><vAcc>4.000000</vAcc></extensions></trkpt>
      <trkpt lon="-123.279200" lat="44.563342"><ele>73.299629</ele><time>2020-10-26T20:35:36Z</time><extensions><speed>0.650000</speed><course>324.140625</course><hAcc>5.000000</hAcc><vAcc>4.000000</vAcc></extensions></trkpt>
      <trkpt lon="-123.279223" lat="44.563347"><ele>74.680611</ele><time>2020-10-26T20:35:37Z</time><extensions><speed>1.030000</speed><course>331.523438</course><hAcc>5.000000</hAcc><vAcc>4.000000</vAcc></extensions></trkpt>
      <trkpt lon="-123.279246" lat="44.563345"><ele>76.164070</ele><time>2020-10-26T20:35:38Z</time><extensions><speed>1.030000</speed><course>322.382812</course><hAcc>5.000000</hAcc><vAcc>4.000000</vAcc></extensions></trkpt>
      <trkpt lon="-123.279265" lat="44.563347"><ele>76.324409</ele><time>2020-10-26T20:35:39Z</time><extensions><speed>1.030000</speed><course>323.789062</course><hAcc>5.000000</hAcc><vAcc>3.000000</vAcc></extensions></trkpt>
      <trkpt lon="-123.279282" lat="44.563348"><ele>75.916206</ele><time>2020-10-26T20:35:40Z</time><extensions><speed>0.920000</speed><course>337.851562</course><hAcc>5.000000</hAcc><vAcc>4.000000</vAcc></extensions></trkpt>
      <trkpt lon="-123.279291" lat="44.563349"><ele>75.960884</ele><time>2020-10-26T20:35:41Z</time><extensions><speed>0.600000</speed><course>357.187500</course><hAcc>5.000000</hAcc><vAcc>4.000000</vAcc></extensions></trkpt>
      <trkpt lon="-123.279297" lat="44.563347"><ele>75.928658</ele><time>2020-10-26T20:35:42Z</time><extensions><speed>1.050000</speed><course>22.851562</course><hAcc>5.000000</hAcc><vAcc>4.000000</vAcc></extensions></trkpt>
      <trkpt lon="-123.279300" lat="44.563348"><ele>76.202827</ele><time>2020-10-26T20:35:43Z</time><extensions><speed>1.050000</speed><course>13.710938</course><hAcc>5.000000</hAcc><vAcc>4.000000</vAcc></extensions></trkpt>
      <trkpt lon="-123.279303" lat="44.563350"><ele>76.370796</ele><time>2020-10-26T20:35:44Z</time><extensions><speed>1.050000</speed><course>7.382812</course><hAcc>5.000000</hAcc><vAcc>3.000000</vAcc></extensions></trkpt>
      <trkpt lon="-123.279306" lat="44.563347"><ele>76.413643</ele><time>2020-10-26T20:35:45Z</time><extensions><speed>0.370000</speed><course>4.921875</course><hAcc>5.000000</hAcc><vAcc>3.000000</vAcc></extensions></trkpt>
      <trkpt lon="-123.279306" lat="44.563347"><ele>77.152412</ele><time>2020-10-26T20:35:46Z</time><extensions><speed>0.000000</speed><course>269.648438</course><hAcc>5.000000</hAcc><vAcc>3.000000</vAcc></extensions></trkpt>
      <trkpt lon="-123.279306" lat="44.563347"><ele>77.074959</ele><time>2020-10-26T20:35:47Z</time><extensions><speed>0.000000</speed><course>269.648438</course><hAcc>5.000000</hAcc><vAcc>3.000000</vAcc></extensions></trkpt>
      <trkpt lon="-123.279306" lat="44.563347"><ele>77.088814</ele><time>2020-10-26T20:35:48Z</time><extensions><speed>0.000000</speed><course>269.648438</course><hAcc>5.000000</hAcc><vAcc>3.000000</vAcc></extensions></trkpt>
      <trkpt lon="-123.279306" lat="44.563347"><ele>77.126900</ele><time>2020-10-26T20:35:49Z</time><extensions><speed>0.000000</speed><course>269.648438</course><hAcc>5.000000</hAcc><vAcc>3.000000</vAcc></extensions></trkpt>
      <trkpt lon="-123.279306" lat="44.563347"><ele>77.324287</ele><time>2020-10-26T20:35:50Z</time><extensions><speed>0.000000</speed><course>269.648438</course><hAcc>5.000000</hAcc><vAcc>3.000000</vAcc></extensions></trkpt>
      <trkpt lon="-123.279306" lat="44.563347"><ele>77.742989</ele><time>2020-10-26T20:35:51Z</time><extensions><speed>0.000000</speed><course>269.648438</course><hAcc>5.000000</hAcc><vAcc>3.000000</vAcc></extensions></trkpt>
      <trkpt lon="-123.279306" lat="44.563347"><ele>77.754524</ele><time>2020-10-26T20:35:52Z</time><extensions><speed>0.000000</speed><course>269.648438</course><hAcc>5.000000</hAcc><vAcc>3.000000</vAcc></extensions></trkpt>
      <trkpt lon="-123.279306" lat="44.563347"><ele>77.586861</ele><time>2020-10-26T20:35:53Z</time><extensions><speed>0.000000</speed><course>269.648438</course><hAcc>5.000000</hAcc><vAcc>3.000000</vAcc></extensions></trkpt>
      <trkpt lon="-123.279306" lat="44.563347"><ele>78.331429</ele><time>2020-10-26T20:35:54Z</time><extensions><speed>0.000000</speed><course>337.148438</course><hAcc>5.000000</hAcc><vAcc>3.000000</vAcc></extensions></trkpt>
      <trkpt lon="-123.279306" lat="44.563347"><ele>78.199814</ele><time>2020-10-26T20:35:55Z</time><extensions><speed>0.000000</speed><course>308.320312</course><hAcc>5.000000</hAcc><vAcc>3.000000</vAcc></extensions></trkpt>
      <trkpt lon="-123.279306" lat="44.563347"><ele>78.196785</ele><time>2020-10-26T20:35:56Z</time><extensions><speed>0.000000</speed><course>308.320312</course><hAcc>5.000000</hAcc><vAcc>3.000000</vAcc></extensions></trkpt>
      <trkpt lon="-123.279306" lat="44.563347"><ele>78.030304</ele><time>2020-10-26T20:35:57Z</time><extensions><speed>0.000000</speed><course>308.320312</course><hAcc>5.000000</hAcc><vAcc>3.000000</vAcc></extensions></trkpt>
      <trkpt lon="-123.279306" lat="44.563347"><ele>77.994492</ele><time>2020-10-26T20:35:58Z</time><extensions><speed>0.000000</speed><course>308.320312</course><hAcc>5.000000</hAcc><vAcc>3.000000</vAcc></extensions></trkpt>
      <trkpt lon="-123.279326" lat="44.563302"><ele>77.985664</ele><time>2020-10-26T20:35:59Z</time><extensions><speed>0.000000</speed><course>169.453125</course><hAcc>5.000000</hAcc><vAcc>3.000000</vAcc></extensions></trkpt>
      <trkpt lon="-123.279329" lat="44.563297"><ele>77.842216</ele><time>2020-10-26T20:36:00Z</time><extensions><speed>0.270000</speed><course>192.656250</course><hAcc>5.000000</hAcc><vAcc>3.000000</vAcc></extensions></trkpt>
      <trkpt lon="-123.279329" lat="44.563297"><ele>77.926453</ele><time>2020-10-26T20:36:01Z</time><extensions><speed>0.000000</speed><course>124.101562</course><hAcc>5.000000</hAcc><vAcc>3.000000</vAcc></extensions></trkpt>
      <trkpt lon="-123.279329" lat="44.563297"><ele>78.044830</ele><time>2020-10-26T20:36:02Z</time><extensions><speed>0.000000</speed><course>93.515625</course><hAcc>5.000000</hAcc><vAcc>3.000000</vAcc></extensions></trkpt>
      <trkpt lon="-123.279329" lat="44.563297"><ele>78.159035</ele><time>2020-10-26T20:36:03Z</time><extensions><speed>0.000000</speed><course>355.781250</course><hAcc>5.000000</hAcc><vAcc>3.000000</vAcc></extensions></trkpt>
      <trkpt lon="-123.279329" lat="44.563297"><ele>78.126312</ele><time>2020-10-26T20:36:04Z</time><extensions><speed>0.000000</speed><course>335.742188</course><hAcc>5.000000</hAcc><vAcc>3.000000</vAcc></extensions></trkpt>
      <trkpt lon="-123.279329" lat="44.563297"><ele>78.150253</ele><time>2020-10-26T20:36:05Z</time><extensions><speed>0.000000</speed><course>10.546875</course><hAcc>5.000000</hAcc><vAcc>3.000000</vAcc></extensions></trkpt>
      <trkpt lon="-123.279329" lat="44.563297"><ele>78.111046</ele><time>2020-10-26T20:36:06Z</time><extensions><speed>0.000000</speed><course>187.734375</course><hAcc>5.000000</hAcc><vAcc>3.000000</vAcc></extensions></trkpt>
      <trkpt lon="-123.279329" lat="44.563297"><ele>78.185631</ele><time>2020-10-26T20:36:07Z</time><extensions><speed>0.000000</speed><course>174.023438</course><hAcc>5.000000</hAcc><vAcc>3.000000</vAcc></extensions></trkpt>
      <trkpt lon="-123.279329" lat="44.563297"><ele>78.168549</ele><time>2020-10-26T20:36:08Z</time><extensions><speed>0.000000</speed><course>14.414062</course><hAcc>5.000000</hAcc><vAcc>3.000000</vAcc></extensions></trkpt>
      <trkpt lon="-123.279329" lat="44.563297"><ele>78.187180</ele><time>2020-10-26T20:36:09Z</time><extensions><speed>0.000000</speed><course>60.820312</course><hAcc>5.000000</hAcc><vAcc>3.000000</vAcc></extensions></trkpt>
      <trkpt lon="-123.279329" lat="44.563297"><ele>78.182602</ele><time>2020-10-26T20:36:10Z</time><extensions><speed>0.000000</speed><course>60.820312</course><hAcc>5.000000</hAcc><vAcc>3.000000</vAcc></extensions></trkpt>
      <trkpt lon="-123.279329" lat="44.563297"><ele>78.189514</ele><time>2020-10-26T20:36:11Z</time><extensions><speed>0.000000</speed><course>60.820312</course><hAcc>5.000000</hAcc><vAcc>3.000000</vAcc></extensions></trkpt>
      <trkpt lon="-123.279329" lat="44.563297"><ele>78.210022</ele><time>2020-10-26T20:36:12Z</time><extensions><speed>0.000000</speed><course>60.820312</course><hAcc>5.000000</hAcc><vAcc>3.000000</vAcc></extensions></trkpt>
      <trkpt lon="-123.279329" lat="44.563297"><ele>78.159210</ele><time>2020-10-26T20:36:13Z</time><extensions><speed>0.000000</speed><course>126.210938</course><hAcc>5.000000</hAcc><vAcc>3.000000</vAcc></extensions></trkpt>
      <trkpt lon="-123.279351" lat="44.563273"><ele>78.189194</ele><time>2020-10-26T20:36:14Z</time><extensions><speed>0.240000</speed><course>201.445312</course><hAcc>5.000000</hAcc><vAcc>3.000000</vAcc></extensions></trkpt>
      <trkpt lon="-123.279351" lat="44.563274"><ele>78.173172</ele><time>2020-10-26T20:36:15Z</time><extensions><speed>0.240000</speed><course>27.773438</course><hAcc>5.000000</hAcc><vAcc>3.000000</vAcc></extensions></trkpt>
      <trkpt lon="-123.279353" lat="44.563274"><ele>78.069206</ele><time>2020-10-26T20:36:16Z</time><extensions><speed>0.430000</speed><course>204.960938</course><hAcc>5.000000</hAcc><vAcc>3.000000</vAcc></extensions></trkpt>
      <trkpt lon="-123.279360" lat="44.563271"><ele>78.722031</ele><time>2020-10-26T20:36:17Z</time><extensions><speed>0.670000</speed><course>228.515625</course><hAcc>5.000000</hAcc><vAcc>3.000000</vAcc></extensions></trkpt>
      <trkpt lon="-123.279371" lat="44.563261"><ele>78.538170</ele><time>2020-10-26T20:36:18Z</time><extensions><speed>0.670000</speed><course>202.500000</course><hAcc>5.000000</hAcc><vAcc>3.000000</vAcc></extensions></trkpt>
      <trkpt lon="-123.279382" lat="44.563245"><ele>78.641991</ele><time>2020-10-26T20:36:19Z</time><extensions><speed>1.730000</speed><course>198.632812</course><hAcc>5.000000</hAcc><vAcc>3.000000</vAcc></extensions></trkpt>
      <trkpt lon="-123.279394" lat="44.563226"><ele>78.787956</ele><time>2020-10-26T20:36:20Z</time><extensions><speed>1.890000</speed><course>206.015625</course><hAcc>5.000000</hAcc><vAcc>3.000000</vAcc></extensions></trkpt>
      <trkpt lon="-123.279413" lat="44.563204"><ele>78.689270</ele><time>2020-10-26T20:36:21Z</time><extensions><speed>3.040000</speed><course>207.070312</course><hAcc>5.000000</hAcc><vAcc>3.000000</vAcc></extensions></trkpt>
      <trkpt lon="-123.279443" lat="44.563179"><ele>78.620995</ele><time>2020-10-26T20:36:22Z</time><extensions><speed>3.570000</speed><course>216.914062</course><hAcc>5.000000</hAcc><vAcc>3.000000</vAcc></extensions></trkpt>
      <trkpt lon="-123.279482" lat="44.563145"><ele>78.739021</ele><time>2020-10-26T20:36:23Z</time><extensions><speed>3.570000</speed><course>212.343750</course><hAcc>5.000000</hAcc><vAcc>3.000000</vAcc></extensions></trkpt>
      <trkpt lon="-123.279519" lat="44.563106"><ele>78.862305</ele><time>2020-10-26T20:36:24Z</time><extensions><speed>4.980000</speed><course>211.992188</course><hAcc>5.000000</hAcc><vAcc>3.000000</vAcc></extensions></trkpt>
      <trkpt lon="-123.279549" lat="44.563064"><ele>78.917419</ele><time>2020-10-26T20:36:25Z</time><extensions><speed>4.980000</speed><course>200.039062</course><hAcc>5.000000</hAcc><vAcc>3.000000</vAcc></extensions></trkpt>
      <trkpt lon="-123.279574" lat="44.563019"><ele>79.077698</ele><time>2020-10-26T20:36:26Z</time><extensions><speed>5.220000</speed><course>200.390625</course><hAcc>5.000000</hAcc><vAcc>3.000000</vAcc></extensions></trkpt>
      <trkpt lon="-123.279591" lat="44.562965"><ele>78.947609</ele><time>2020-10-26T20:36:27Z</time><extensions><speed>6.460000</speed><course>185.273438</course><hAcc>5.000000</hAcc><vAcc>3.000000</vAcc></extensions></trkpt>
      <trkpt lon="-123.279600" lat="44.562903"><ele>78.723839</ele><time>2020-10-26T20:36:28Z</time><extensions><speed>6.460000</speed><course>187.031250</course><hAcc>5.000000</hAcc><vAcc>3.000000</vAcc></extensions></trkpt>
      <trkpt lon="-123.279600" lat="44.562840"><ele>78.876068</ele><time>2020-10-26T20:36:29Z</time><extensions><speed>6.460000</speed><course>181.406250</course><hAcc>5.000000</hAcc><vAcc>3.000000</vAcc></extensions></trkpt>
      <trkpt lon="-123.279597" lat="44.562780"><ele>78.550827</ele><time>2020-10-26T20:36:30Z</time><extensions><speed>6.340000</speed><course>181.054688</course><hAcc>5.000000</hAcc><vAcc>3.000000</vAcc></extensions></trkpt>
      <trkpt lon="-123.279599" lat="44.562720"><ele>78.654861</ele><time>2020-10-26T20:36:31Z</time><extensions><speed>6.340000</speed><course>185.273438</course><hAcc>5.000000</hAcc><vAcc>3.000000</vAcc></extensions></trkpt>
      <trkpt lon="-123.279604" lat="44.562662"><ele>78.313171</ele><time>2020-10-26T20:36:32Z</time><extensions><speed>6.190000</speed><course>183.867188</course><hAcc>5.000000</hAcc><vAcc>3.000000</vAcc></extensions></trkpt>
      <trkpt lon="-123.279612" lat="44.562591"><ele>78.948822</ele><time>2020-10-26T20:36:33Z</time><extensions><speed>6.190000</speed><course>184.218750</course><hAcc>5.000000</hAcc><vAcc>3.000000</vAcc></extensions></trkpt>
      <trkpt lon="-123.279587" lat="44.562526"><ele>78.134209</ele><time>2020-10-26T20:36:34Z</time><extensions><speed>7.130000</speed><course>170.859375</course><hAcc>5.000000</hAcc><vAcc>3.000000</vAcc></extensions></trkpt>
      <trkpt lon="-123.279597" lat="44.562469"><ele>77.303925</ele><time>2020-10-26T20:36:35Z</time><extensions><speed>7.130000</speed><course>182.812500</course><hAcc>5.000000</hAcc><vAcc>3.000000</vAcc></extensions></trkpt>
      <trkpt lon="-123.279615" lat="44.562405"><ele>77.845726</ele><time>2020-10-26T20:36:36Z</time><extensions><speed>6.460000</speed><course>198.984375</course><hAcc>5.000000</hAcc><vAcc>3.000000</vAcc></extensions></trkpt>
      <trkpt lon="-123.279655" lat="44.562350"><ele>76.942940</ele><time>2020-10-26T20:36:37Z</time><extensions><speed>6.330000</speed><course>191.250000</course><hAcc>5.000000</hAcc><vAcc>3.000000</vAcc></extensions></trkpt>
      <trkpt lon="-123.279667" lat="44.562300"><ele>76.956421</ele><time>2020-10-26T20:36:38Z</time><extensions><speed>5.680000</speed><course>175.781250</course><hAcc>5.000000</hAcc><vAcc>4.000000</vAcc></extensions></trkpt>
      <trkpt lon="-123.279664" lat="44.562242"><ele>76.541405</ele><time>2020-10-26T20:36:39Z</time><extensions><speed>5.770000</speed><course>181.757812</course><hAcc>5.000000</hAcc><vAcc>4.000000</vAcc></extensions></trkpt>
      <trkpt lon="-123.279662" lat="44.562196"><ele>77.216499</ele><time>2020-10-26T20:36:40Z</time><extensions><speed>5.770000</speed><course>176.484375</course><hAcc>5.000000</hAcc><vAcc>4.000000</vAcc></extensions></trkpt>
      <trkpt lon="-123.279634" lat="44.562140"><ele>76.906067</ele><time>2020-10-26T20:36:41Z</time><extensions><speed>5.920000</speed><course>164.179688</course><hAcc>5.000000</hAcc><vAcc>4.000000</vAcc></extensions></trkpt>
      <trkpt lon="-123.279607" lat="44.562088"><ele>75.587418</ele><time>2020-10-26T20:36:42Z</time><extensions><speed>5.920000</speed><course>161.367188</course><hAcc>5.000000</hAcc><vAcc>4.000000</vAcc></extensions></trkpt>
      <trkpt lon="-123.279558" lat="44.562050"><ele>75.944130</ele><time>2020-10-26T20:36:43Z</time><extensions><speed>5.990000</speed><course>154.687500</course><hAcc>5.000000</hAcc><vAcc>4.000000</vAcc></extensions></trkpt>
      <trkpt lon="-123.279493" lat="44.562006"><ele>75.733299</ele><time>2020-10-26T20:36:44Z</time><extensions><speed>6.450000</speed><course>142.382812</course><hAcc>5.000000</hAcc><vAcc>4.000000</vAcc></extensions></trkpt>
      <trkpt lon="-123.279443" lat="44.561977"><ele>75.898407</ele><time>2020-10-26T20:36:45Z</time><extensions><speed>5.990000</speed><course>115.664062</course><hAcc>5.000000</hAcc><vAcc>4.000000</vAcc></extensions></trkpt>
      <trkpt lon="-123.279367" lat="44.561960"><ele>75.797569</ele><time>2020-10-26T20:36:46Z</time><extensions><speed>4.950000</speed><course>97.031250</course><hAcc>5.000000</hAcc><vAcc>4.000000</vAcc></extensions></trkpt>
      <trkpt lon="-123.279296" lat="44.561949"><ele>75.259666</ele><time>2020-10-26T20:36:47Z</time><extensions><speed>5.230000</speed><course>94.218750</course><hAcc>5.000000</hAcc><vAcc>4.000000</vAcc></extensions></trkpt>
      <trkpt lon="-123.279240" lat="44.561948"><ele>75.290840</ele><time>2020-10-26T20:36:48Z</time><extensions><speed>5.310000</speed><course>93.515625</course><hAcc>5.000000</hAcc><vAcc>4.000000</vAcc></extensions></trkpt>
      <trkpt lon="-123.279165" lat="44.561940"><ele>75.185966</ele><time>2020-10-26T20:36:49Z</time><extensions><speed>5.310000</speed><course>93.515625</course><hAcc>5.000000</hAcc><vAcc>4.000000</vAcc></extensions></trkpt>
      <trkpt lon="-123.279114" lat="44.561939"><ele>75.171455</ele><time>2020-10-26T20:36:50Z</time><extensions><speed>5.310000</speed><course>83.671875</course><hAcc>5.000000</hAcc><vAcc>4.000000</vAcc></extensions></trkpt>
      <trkpt lon="-123.279052" lat="44.561921"><ele>74.612267</ele><time>2020-10-26T20:36:51Z</time><extensions><speed>5.130000</speed><course>92.812500</course><hAcc>5.000000</hAcc><vAcc>4.000000</vAcc></extensions></trkpt>
      <trkpt lon="-123.278989" lat="44.561912"><ele>75.396706</ele><time>2020-10-26T20:36:52Z</time><extensions><speed>5.150000</speed><course>97.031250</course><hAcc>5.000000</hAcc><vAcc>4.000000</vAcc></extensions></trkpt>
      <trkpt lon="-123.278924" lat="44.561907"><ele>75.271736</ele><time>2020-10-26T20:36:53Z</time><extensions><speed>5.150000</speed><course>96.679688</course><hAcc>5.000000</hAcc><vAcc>4.000000</vAcc></extensions></trkpt>
      <trkpt lon="-123.278859" lat="44.561902"><ele>74.984146</ele><time>2020-10-26T20:36:54Z</time><extensions><speed>5.170000</speed><course>95.273438</course><hAcc>5.000000</hAcc><vAcc>4.000000</vAcc></extensions></trkpt>
      <trkpt lon="-123.278784" lat="44.561893"><ele>74.659752</ele><time>2020-10-26T20:36:55Z</time><extensions><speed>5.370000</speed><course>87.187500</course><hAcc>5.000000</hAcc><vAcc>4.000000</vAcc></extensions></trkpt>
      <trkpt lon="-123.278721" lat="44.561891"><ele>74.079918</ele><time>2020-10-26T20:36:56Z</time><extensions><speed>5.320000</speed><course>91.406250</course><hAcc>5.000000</hAcc><vAcc>4.000000</vAcc></extensions></trkpt>
      <trkpt lon="-123.278658" lat="44.561878"><ele>74.722435</ele><time>2020-10-26T20:36:57Z</time><extensions><speed>5.320000</speed><course>89.296875</course><hAcc>5.000000</hAcc><vAcc>4.000000</vAcc></extensions></trkpt>
      <trkpt lon="-123.278599" lat="44.561877"><ele>74.334122</ele><time>2020-10-26T20:36:58Z</time><extensions><speed>5.320000</speed><course>91.757812</course><hAcc>5.000000</hAcc><vAcc>4.000000</vAcc></extensions></trkpt>
      <trkpt lon="-123.278532" lat="44.561869"><ele>74.010658</ele><time>2020-10-26T20:36:59Z</time><extensions><speed>5.340000</speed><course>91.757812</course><hAcc>5.000000</hAcc><vAcc>4.000000</vAcc></extensions></trkpt>
      <trkpt lon="-123.278467" lat="44.561866"><ele>74.010124</ele><time>2020-10-26T20:37:00Z</time><extensions><speed>5.740000</speed><course>91.757812</course><hAcc>5.000000</hAcc><vAcc>4.000000</vAcc></extensions></trkpt>
      <trkpt lon="-123.278398" lat="44.561860"><ele>73.730118</ele><time>2020-10-26T20:37:01Z</time><extensions><speed>5.740000</speed><course>88.945312</course><hAcc>5.000000</hAcc><vAcc>4.000000</vAcc></extensions></trkpt>
      <trkpt lon="-123.278325" lat="44.561858"><ele>73.781212</ele><time>2020-10-26T20:37:02Z</time><extensions><speed>5.740000</speed><course>97.734375</course><hAcc>5.000000</hAcc><vAcc>4.000000</vAcc></extensions></trkpt>
      <trkpt lon="-123.278256" lat="44.561857"><ele>73.684158</ele><time>2020-10-26T20:37:03Z</time><extensions><speed>5.660000</speed><course>95.273438</course><hAcc>5.000000</hAcc><vAcc>4.000000</vAcc></extensions></trkpt>
      <trkpt lon="-123.278199" lat="44.561867"><ele>73.613441</ele><time>2020-10-26T20:37:04Z</time><extensions><speed>5.660000</speed><course>90.000000</course><hAcc>5.000000</hAcc><vAcc>4.000000</vAcc></extensions></trkpt>
      <trkpt lon="-123.278145" lat="44.561867"><ele>74.279083</ele><time>2020-10-26T20:37:05Z</time><extensions><speed>5.160000</speed><course>90.000000</course><hAcc>5.000000</hAcc><vAcc>4.000000</vAcc></extensions></trkpt>
      <trkpt lon="-123.278083" lat="44.561861"><ele>73.637177</ele><time>2020-10-26T20:37:06Z</time><extensions><speed>5.160000</speed><course>93.867188</course><hAcc>5.000000</hAcc><vAcc>3.000000</vAcc></extensions></trkpt>
      <trkpt lon="-123.278018" lat="44.561861"><ele>73.868271</ele><time>2020-10-26T20:37:07Z</time><extensions><speed>5.160000</speed><course>92.109375</course><hAcc>5.000000</hAcc><vAcc>3.000000</vAcc></extensions></trkpt>
      <trkpt lon="-123.277961" lat="44.561860"><ele>73.615547</ele><time>2020-10-26T20:37:08Z</time><extensions><speed>5.080000</speed><course>89.648438</course><hAcc>5.000000</hAcc><vAcc>3.000000</vAcc></extensions></trkpt>
      <trkpt lon="-123.277925" lat="44.561861"><ele>73.633415</ele><time>2020-10-26T20:37:09Z</time><extensions><speed>4.990000</speed><course>91.406250</course><hAcc>5.000000</hAcc><vAcc>3.000000</vAcc></extensions></trkpt>
      <trkpt lon="-123.277864" lat="44.561862"><ele>73.316833</ele><time>2020-10-26T20:37:10Z</time><extensions><speed>4.950000</speed><course>91.054688</course><hAcc>5.000000</hAcc><vAcc>3.000000</vAcc></extensions></trkpt>
      <trkpt lon="-123.277794" lat="44.561865"><ele>73.634064</ele><time>2020-10-26T20:37:11Z</time><extensions><speed>5.210000</speed><course>88.593750</course><hAcc>5.000000</hAcc><vAcc>3.000000</vAcc></extensions></trkpt>
      <trkpt lon="-123.277743" lat="44.561867"><ele>74.014168</ele><time>2020-10-26T20:37:12Z</time><extensions><speed>4.950000</speed><course>87.539062</course><hAcc>5.000000</hAcc><vAcc>3.000000</vAcc></extensions></trkpt>
      <trkpt lon="-123.277685" lat="44.561867"><ele>73.896141</ele><time>2020-10-26T20:37:13Z</time><extensions><speed>4.500000</speed><course>90.351562</course><hAcc>5.000000</hAcc><vAcc>3.000000</vAcc></extensions></trkpt>
      <trkpt lon="-123.277602" lat="44.561866"><ele>73.606705</ele><time>2020-10-26T20:37:14Z</time><extensions><speed>4.500000</speed><course>94.570312</course><hAcc>5.000000</hAcc><vAcc>3.000000</vAcc></extensions></trkpt>
      <trkpt lon="-123.277551" lat="44.561867"><ele>74.302032</ele><time>2020-10-26T20:37:15Z</time><extensions><speed>5.030000</speed><course>90.351562</course><hAcc>5.000000</hAcc><vAcc>3.000000</vAcc></extensions></trkpt>
      <trkpt lon="-123.277495" lat="44.561876"><ele>74.430161</ele><time>2020-10-26T20:37:16Z</time><extensions><speed>5.160000</speed><course>87.187500</course><hAcc>5.000000</hAcc><vAcc>3.000000</vAcc></extensions></trkpt>
      <trkpt lon="-123.277434" lat="44.561879"><ele>73.741135</ele><time>2020-10-26T20:37:17Z</time><extensions><speed>5.160000</speed><course>85.429688</course><hAcc>5.000000</hAcc><vAcc>3.000000</vAcc></extensions></trkpt>
      <trkpt lon="-123.277318" lat="44.561884"><ele>73.885864</ele><time>2020-10-26T20:37:18Z</time><extensions><speed>5.160000</speed><course>90.703125</course><hAcc>5.000000</hAcc><vAcc>3.000000</vAcc></extensions></trkpt>
      <trkpt lon="-123.277260" lat="44.561878"><ele>73.859329</ele><time>2020-10-26T20:37:19Z</time><extensions><speed>4.800000</speed><course>90.703125</course><hAcc>5.000000</hAcc><vAcc>3.000000</vAcc></extensions></trkpt>
      <trkpt lon="-123.277193" lat="44.561877"><ele>73.900551</ele><time>2020-10-26T20:37:20Z</time><extensions><speed>5.200000</speed><course>90.351562</course><hAcc>5.000000</hAcc><vAcc>3.000000</vAcc></extensions></trkpt>
      <trkpt lon="-123.277127" lat="44.561880"><ele>73.726692</ele><time>2020-10-26T20:37:21Z</time><extensions><speed>5.130000</speed><course>92.812500</course><hAcc>5.000000</hAcc><vAcc>3.000000</vAcc></extensions></trkpt>
      <trkpt lon="-123.277044" lat="44.561884"><ele>74.066269</ele><time>2020-10-26T20:37:22Z</time><extensions><speed>5.130000</speed><course>93.515625</course><hAcc>5.000000</hAcc><vAcc>3.000000</vAcc></extensions></trkpt>
      <trkpt lon="-123.276982" lat="44.561879"><ele>74.067444</ele><time>2020-10-26T20:37:23Z</time><extensions><speed>5.130000</speed><course>99.140625</course><hAcc>5.000000</hAcc><vAcc>3.000000</vAcc></extensions></trkpt>
      <trkpt lon="-123.276867" lat="44.561887"><ele>73.750412</ele><time>2020-10-26T20:37:24Z</time><extensions><speed>5.400000</speed><course>94.218750</course><hAcc>5.000000</hAcc><vAcc>3.000000</vAcc></extensions></trkpt>
      <trkpt lon="-123.276802" lat="44.561880"><ele>73.420097</ele><time>2020-10-26T20:37:25Z</time><extensions><speed>5.400000</speed><course>89.648438</course><hAcc>5.000000</hAcc><vAcc>3.000000</vAcc></extensions></trkpt>
      <trkpt lon="-123.276739" lat="44.561876"><ele>73.964912</ele><time>2020-10-26T20:37:26Z</time><extensions><speed>5.150000</speed><course>91.054688</course><hAcc>5.000000</hAcc><vAcc>3.000000</vAcc></extensions></trkpt>
      <trkpt lon="-123.276674" lat="44.561875"><ele>73.624413</ele><time>2020-10-26T20:37:27Z</time><extensions><speed>5.070000</speed><course>90.351562</course><hAcc>5.000000</hAcc><vAcc>3.000000</vAcc></extensions></trkpt>
      <trkpt lon="-123.276614" lat="44.561885"><ele>73.535698</ele><time>2020-10-26T20:37:28Z</time><extensions><speed>5.050000</speed><course>87.539062</course><hAcc>5.000000</hAcc><vAcc>3.000000</vAcc></extensions></trkpt>
      <trkpt lon="-123.276557" lat="44.561888"><ele>73.689613</ele><time>2020-10-26T20:37:29Z</time><extensions><speed>4.590000</speed><course>86.132812</course><hAcc>5.000000</hAcc><vAcc>3.000000</vAcc></extensions></trkpt>
      <trkpt lon="-123.276499" lat="44.561889"><ele>73.163002</ele><time>2020-10-26T20:37:30Z</time><extensions><speed>4.710000</speed><course>91.406250</course><hAcc>5.000000</hAcc><vAcc>3.000000</vAcc></extensions></trkpt>
      <trkpt lon="-123.276443" lat="44.561888"><ele>73.186287</ele><time>2020-10-26T20:37:31Z</time><extensions><speed>4.710000</speed><course>92.109375</course><hAcc>5.000000</hAcc><vAcc>3.000000</vAcc></extensions></trkpt>
      <trkpt lon="-123.276375" lat="44.561892"><ele>73.014297</ele><time>2020-10-26T20:37:32Z</time><extensions><speed>4.880000</speed><course>87.187500</course><hAcc>5.000000</hAcc><vAcc>3.000000</vAcc></extensions></trkpt>
      <trkpt lon="-123.276312" lat="44.561881"><ele>72.951218</ele><time>2020-10-26T20:37:33Z</time><extensions><speed>5.030000</speed><course>89.648438</course><hAcc>5.000000</hAcc><vAcc>3.000000</vAcc></extensions></trkpt>
      <trkpt lon="-123.276256" lat="44.561882"><ele>72.845360</ele><time>2020-10-26T20:37:34Z</time><extensions><speed>4.850000</speed><course>92.109375</course><hAcc>5.000000</hAcc><vAcc>3.000000</vAcc></extensions></trkpt>
      <trkpt lon="-123.276194" lat="44.561878"><ele>72.594131</ele><time>2020-10-26T20:37:35Z</time><extensions><speed>4.920000</speed><course>90.351562</course><hAcc>5.000000</hAcc><vAcc>3.000000</vAcc></extensions></trkpt>
      <trkpt lon="-123.276134" lat="44.561878"><ele>72.774780</ele><time>2020-10-26T20:37:36Z</time><extensions><speed>4.850000</speed><course>92.460938</course><hAcc>5.000000</hAcc><vAcc>3.000000</vAcc></extensions></trkpt>
      <trkpt lon="-123.276072" lat="44.561875"><ele>72.606476</ele><time>2020-10-26T20:37:37Z</time><extensions><speed>4.920000</speed><course>89.648438</course><hAcc>5.000000</hAcc><vAcc>3.000000</vAcc></extensions></trkpt>
      <trkpt lon="-123.275999" lat="44.561878"><ele>72.352776</ele><time>2020-10-26T20:37:38Z</time><extensions><speed>4.850000</speed><course>87.890625</course><hAcc>5.000000</hAcc><vAcc>3.000000</vAcc></extensions></trkpt>
      <trkpt lon="-123.275929" lat="44.561875"><ele>72.535957</ele><time>2020-10-26T20:37:39Z</time><extensions><speed>5.010000</speed><course>86.484375</course><hAcc>5.000000</hAcc><vAcc>3.000000</vAcc></extensions></trkpt>
      <trkpt lon="-123.275868" lat="44.561880"><ele>71.930328</ele><time>2020-10-26T20:37:40Z</time><extensions><speed>4.850000</speed><course>83.320312</course><hAcc>5.000000</hAcc><vAcc>3.000000</vAcc></extensions></trkpt>
      <trkpt lon="-123.275801" lat="44.561886"><ele>71.781174</ele><time>2020-10-26T20:37:41Z</time><extensions><speed>4.740000</speed><course>79.804688</course><hAcc>5.000000</hAcc><vAcc>3.000000</vAcc></extensions></trkpt>
      <trkpt lon="-123.275762" lat="44.561882"><ele>71.585251</ele><time>2020-10-26T20:37:42Z</time><extensions><speed>4.740000</speed><course>83.671875</course><hAcc>5.000000</hAcc><vAcc>3.000000</vAcc></extensions></trkpt>
      <trkpt lon="-123.275697" lat="44.561891"><ele>71.926613</ele><time>2020-10-26T20:37:43Z</time><extensions><speed>5.360000</speed><course>85.078125</course><hAcc>5.000000</hAcc><vAcc>3.000000</vAcc></extensions></trkpt>
      <trkpt lon="-123.275630" lat="44.561895"><ele>71.642555</ele><time>2020-10-26T20:37:44Z</time><extensions><speed>5.360000</speed><course>85.781250</course><hAcc>5.000000</hAcc><vAcc>3.000000</vAcc></extensions></trkpt>
      <trkpt lon="-123.275569" lat="44.561898"><ele>71.771744</ele><time>2020-10-26T20:37:45Z</time><extensions><speed>5.330000</speed><course>86.484375</course><hAcc>5.000000</hAcc><vAcc>3.000000</vAcc></extensions></trkpt>
      <trkpt lon="-123.275504" lat="44.561896"><ele>71.727379</ele><time>2020-10-26T20:37:46Z</time><extensions><speed>5.330000</speed><course>91.757812</course><hAcc>5.000000</hAcc><vAcc>3.000000</vAcc></extensions></trkpt>
      <trkpt lon="-123.275441" lat="44.561904"><ele>71.643150</ele><time>2020-10-26T20:37:47Z</time><extensions><speed>5.160000</speed><course>90.351562</course><hAcc>5.000000</hAcc><vAcc>3.000000</vAcc></extensions></trkpt>
      <trkpt lon="-123.275380" lat="44.561903"><ele>71.699448</ele><time>2020-10-26T20:37:48Z</time><extensions><speed>5.480000</speed><course>92.460938</course><hAcc>5.000000</hAcc><vAcc>3.000000</vAcc></extensions></trkpt>
      <trkpt lon="-123.275313" lat="44.561900"><ele>71.685455</ele><time>2020-10-26T20:37:49Z</time><extensions><speed>5.480000</speed><course>90.000000</course><hAcc>5.000000</hAcc><vAcc>3.000000</vAcc></extensions></trkpt>
      <trkpt lon="-123.275249" lat="44.561902"><ele>71.586876</ele><time>2020-10-26T20:37:50Z</time><extensions><speed>5.360000</speed><course>90.000000</course><hAcc>5.000000</hAcc><vAcc>3.000000</vAcc></extensions></trkpt>
      <trkpt lon="-123.275185" lat="44.561895"><ele>71.348038</ele><time>2020-10-26T20:37:51Z</time><extensions><speed>5.360000</speed><course>92.812500</course><hAcc>5.000000</hAcc><vAcc>3.000000</vAcc></extensions></trkpt>
      <trkpt lon="-123.275115" lat="44.561892"><ele>71.196571</ele><time>2020-10-26T20:37:52Z</time><extensions><speed>5.360000</speed><course>92.460938</course><hAcc>5.000000</hAcc><vAcc>3.000000</vAcc></extensions></trkpt>
      <trkpt lon="-123.275044" lat="44.561894"><ele>71.138878</ele><time>2020-10-26T20:37:53Z</time><extensions><speed>5.420000</speed><course>87.539062</course><hAcc>5.000000</hAcc><vAcc>3.000000</vAcc></extensions></trkpt>
      <trkpt lon="-123.274977" lat="44.561899"><ele>71.034721</ele><time>2020-10-26T20:37:54Z</time><extensions><speed>5.650000</speed><course>90.351562</course><hAcc>5.000000</hAcc><vAcc>3.000000</vAcc></extensions></trkpt>
      <trkpt lon="-123.274908" lat="44.561895"><ele>71.266426</ele><time>2020-10-26T20:37:55Z</time><extensions><speed>5.650000</speed><course>91.757812</course><hAcc>5.000000</hAcc><vAcc>3.000000</vAcc></extensions></trkpt>
      <trkpt lon="-123.274839" lat="44.561888"><ele>70.532745</ele><time>2020-10-26T20:37:56Z</time><extensions><speed>5.650000</speed><course>95.273438</course><hAcc>5.000000</hAcc><vAcc>3.000000</vAcc></extensions></trkpt>
      <trkpt lon="-123.274764" lat="44.561888"><ele>71.475349</ele><time>2020-10-26T20:37:57Z</time><extensions><speed>5.680000</speed><course>91.054688</course><hAcc>5.000000</hAcc><vAcc>3.000000</vAcc></extensions></trkpt>
      <trkpt lon="-123.274698" lat="44.561885"><ele>70.910873</ele><time>2020-10-26T20:37:58Z</time><extensions><speed>5.680000</speed><course>87.890625</course><hAcc>5.000000</hAcc><vAcc>3.000000</vAcc></extensions></trkpt>
      <trkpt lon="-123.274622" lat="44.561890"><ele>70.956764</ele><time>2020-10-26T20:37:59Z</time><extensions><speed>5.610000</speed><course>89.648438</course><hAcc>5.000000</hAcc><vAcc>3.000000</vAcc></extensions></trkpt>
      <trkpt lon="-123.274557" lat="44.561888"><ele>70.178703</ele><time>2020-10-26T20:38:00Z</time><extensions><speed>5.610000</speed><course>97.382812</course><hAcc>5.000000</hAcc><vAcc>3.000000</vAcc></extensions></trkpt>
      <trkpt lon="-123.274506" lat="44.561875"><ele>70.641083</ele><time>2020-10-26T20:38:01Z</time><extensions><speed>4.480000</speed><course>118.828125</course><hAcc>5.000000</hAcc><vAcc>3.000000</vAcc></extensions></trkpt>
      <trkpt lon="-123.274469" lat="44.561852"><ele>70.845024</ele><time>2020-10-26T20:38:02Z</time><extensions><speed>4.480000</speed><course>144.140625</course><hAcc>5.000000</hAcc><vAcc>3.000000</vAcc></extensions></trkpt>
      <trkpt lon="-123.274446" lat="44.561825"><ele>70.604919</ele><time>2020-10-26T20:38:03Z</time><extensions><speed>4.370000</speed><course>163.476562</course><hAcc>5.000000</hAcc><vAcc>3.000000</vAcc></extensions></trkpt>
      <trkpt lon="-123.274398" lat="44.561796"><ele>70.803085</ele><time>2020-10-26T20:38:04Z</time><extensions><speed>3.660000</speed><course>164.531250</course><hAcc>5.000000</hAcc><vAcc>3.000000</vAcc></extensions></trkpt>
      <trkpt lon="-123.274403" lat="44.561751"><ele>70.833244</ele><time>2020-10-26T20:38:05Z</time><extensions><speed>3.660000</speed><course>173.320312</course><hAcc>5.000000</hAcc><vAcc>3.000000</vAcc></extensions></trkpt>
      <trkpt lon="-123.274406" lat="44.561706"><ele>70.467934</ele><time>2020-10-26T20:38:06Z</time><extensions><speed>4.840000</speed><course>183.164062</course><hAcc>5.000000</hAcc><vAcc>3.000000</vAcc></extensions></trkpt>
      <trkpt lon="-123.274380" lat="44.561668"><ele>70.475494</ele><time>2020-10-26T20:38:07Z</time><extensions><speed>4.840000</speed><course>181.406250</course><hAcc>5.000000</hAcc><vAcc>3.000000</vAcc></extensions></trkpt>
      <trkpt lon="-123.274361" lat="44.561625"><ele>70.820229</ele><time>2020-10-26T20:38:08Z</time><extensions><speed>4.840000</speed><course>182.460938</course><hAcc>5.000000</hAcc><vAcc>3.000000</vAcc></extensions></trkpt>
      <trkpt lon="-123.274364" lat="44.561573"><ele>70.527138</ele><time>2020-10-26T20:38:09Z</time><extensions><speed>5.110000</speed><course>182.460938</course><hAcc>5.000000</hAcc><vAcc>3.000000</vAcc></extensions></trkpt>
      <trkpt lon="-123.274374" lat="44.561523"><ele>69.957550</ele><time>2020-10-26T20:38:10Z</time><extensions><speed>4.720000</speed><course>175.781250</course><hAcc>5.000000</hAcc><vAcc>3.000000</vAcc></extensions></trkpt>
      <trkpt lon="-123.274366" lat="44.561477"><ele>70.434586</ele><time>2020-10-26T20:38:11Z</time><extensions><speed>5.110000</speed><course>176.132812</course><hAcc>5.000000</hAcc><vAcc>3.000000</vAcc></extensions></trkpt>
      <trkpt lon="-123.274365" lat="44.561433"><ele>70.607430</ele><time>2020-10-26T20:38:12Z</time><extensions><speed>5.110000</speed><course>177.187500</course><hAcc>5.000000</hAcc><vAcc>3.000000</vAcc></extensions></trkpt>
      <trkpt lon="-123.274355" lat="44.561381"><ele>70.460373</ele><time>2020-10-26T20:38:13Z</time><extensions><speed>5.270000</speed><course>176.484375</course><hAcc>5.000000</hAcc><vAcc>3.000000</vAcc></extensions></trkpt>
      <trkpt lon="-123.274347" lat="44.561338"><ele>70.312073</ele><time>2020-10-26T20:38:14Z</time><extensions><speed>5.270000</speed><course>168.750000</course><hAcc>5.000000</hAcc><vAcc>3.000000</vAcc></extensions></trkpt>
      <trkpt lon="-123.274332" lat="44.561301"><ele>70.422478</ele><time>2020-10-26T20:38:15Z</time><extensions><speed>5.220000</speed><course>162.773438</course><hAcc>5.000000</hAcc><vAcc>3.000000</vAcc></extensions></trkpt>
      <trkpt lon="-123.274306" lat="44.561257"><ele>71.072708</ele><time>2020-10-26T20:38:16Z</time><extensions><speed>5.270000</speed><course>162.070312</course><hAcc>5.000000</hAcc><vAcc>3.000000</vAcc></extensions></trkpt>
      <trkpt lon="-123.274291" lat="44.561205"><ele>70.126839</ele><time>2020-10-26T20:38:17Z</time><extensions><speed>5.270000</speed><course>165.585938</course><hAcc>5.000000</hAcc><vAcc>3.000000</vAcc></extensions></trkpt>
      <trkpt lon="-123.274278" lat="44.561160"><ele>70.957413</ele><time>2020-10-26T20:38:18Z</time><extensions><speed>5.270000</speed><course>169.453125</course><hAcc>5.000000</hAcc><vAcc>3.000000</vAcc></extensions></trkpt>
      <trkpt lon="-123.274267" lat="44.561115"><ele>70.898476</ele><time>2020-10-26T20:38:19Z</time><extensions><speed>5.200000</speed><course>167.343750</course><hAcc>5.000000</hAcc><vAcc>3.000000</vAcc></extensions></trkpt>
      <trkpt lon="-123.274274" lat="44.561061"><ele>70.583061</ele><time>2020-10-26T20:38:20Z</time><extensions><speed>4.650000</speed><course>176.132812</course><hAcc>5.000000</hAcc><vAcc>3.000000</vAcc></extensions></trkpt>
      <trkpt lon="-123.274260" lat="44.561008"><ele>70.213951</ele><time>2020-10-26T20:38:21Z</time><extensions><speed>5.190000</speed><course>175.078125</course><hAcc>5.000000</hAcc><vAcc>3.000000</vAcc></extensions></trkpt>
      <trkpt lon="-123.274262" lat="44.560970"><ele>70.290779</ele><time>2020-10-26T20:38:22Z</time><extensions><speed>4.680000</speed><course>170.859375</course><hAcc>5.000000</hAcc><vAcc>3.000000</vAcc></extensions></trkpt>
      <trkpt lon="-123.274255" lat="44.560934"><ele>70.133423</ele><time>2020-10-26T20:38:23Z</time><extensions><speed>4.680000</speed><course>171.210938</course><hAcc>5.000000</hAcc><vAcc>3.000000</vAcc></extensions></trkpt>
      <trkpt lon="-123.274265" lat="44.560897"><ele>69.665749</ele><time>2020-10-26T20:38:24Z</time><extensions><speed>4.680000</speed><course>184.218750</course><hAcc>5.000000</hAcc><vAcc>3.000000</vAcc></extensions></trkpt>
      <trkpt lon="-123.274268" lat="44.560859"><ele>69.596176</ele><time>2020-10-26T20:38:25Z</time><extensions><speed>4.590000</speed><course>177.539062</course><hAcc>5.000000</hAcc><vAcc>3.000000</vAcc></extensions></trkpt>
      <trkpt lon="-123.274262" lat="44.560826"><ele>69.319130</ele><time>2020-10-26T20:38:26Z</time><extensions><speed>4.590000</speed><course>172.265625</course><hAcc>5.000000</hAcc><vAcc>3.000000</vAcc></extensions></trkpt>
      <trkpt lon="-123.274255" lat="44.560775"><ele>69.168083</ele><time>2020-10-26T20:38:27Z</time><extensions><speed>4.590000</speed><course>172.265625</course><hAcc>5.000000</hAcc><vAcc>3.000000</vAcc></extensions></trkpt>
      <trkpt lon="-123.274243" lat="44.560731"><ele>68.775589</ele><time>2020-10-26T20:38:28Z</time><extensions><speed>4.940000</speed><course>171.914062</course><hAcc>5.000000</hAcc><vAcc>3.000000</vAcc></extensions></trkpt>
      <trkpt lon="-123.274242" lat="44.560682"><ele>69.466919</ele><time>2020-10-26T20:38:29Z</time><extensions><speed>5.160000</speed><course>173.671875</course><hAcc>5.000000</hAcc><vAcc>3.000000</vAcc></extensions></trkpt>
      <trkpt lon="-123.274229" lat="44.560626"><ele>69.460640</ele><time>2020-10-26T20:38:30Z</time><extensions><speed>5.190000</speed><course>172.265625</course><hAcc>5.000000</hAcc><vAcc>3.000000</vAcc></extensions></trkpt>
      <trkpt lon="-123.274183" lat="44.560590"><ele>69.291786</ele><time>2020-10-26T20:38:31Z</time><extensions><speed>5.160000</speed><course>172.968750</course><hAcc>5.000000</hAcc><vAcc>3.000000</vAcc></extensions></trkpt>
      <trkpt lon="-123.274178" lat="44.560551"><ele>69.332809</ele><time>2020-10-26T20:38:32Z</time><extensions><speed>5.190000</speed><course>172.968750</course><hAcc>5.000000</hAcc><vAcc>3.000000</vAcc></extensions></trkpt>
      <trkpt lon="-123.274165" lat="44.560511"><ele>68.987534</ele><time>2020-10-26T20:38:33Z</time><extensions><speed>4.640000</speed><course>167.343750</course><hAcc>5.000000</hAcc><vAcc>3.000000</vAcc></extensions></trkpt>
      <trkpt lon="-123.274157" lat="44.560478"><ele>69.101486</ele><time>2020-10-26T20:38:34Z</time><extensions><speed>5.030000</speed><course>165.234375</course><hAcc>5.000000</hAcc><vAcc>3.000000</vAcc></extensions></trkpt>
      <trkpt lon="-123.274144" lat="44.560421"><ele>69.092148</ele><time>2020-10-26T20:38:35Z</time><extensions><speed>4.960000</speed><course>166.992188</course><hAcc>5.000000</hAcc><vAcc>3.000000</vAcc></extensions></trkpt>
      <trkpt lon="-123.274130" lat="44.560371"><ele>69.195755</ele><time>2020-10-26T20:38:36Z</time><extensions><speed>4.960000</speed><course>168.750000</course><hAcc>5.000000</hAcc><vAcc>3.000000</vAcc></extensions></trkpt>
      <trkpt lon="-123.274110" lat="44.560330"><ele>69.264542</ele><time>2020-10-26T20:38:37Z</time><extensions><speed>4.890000</speed><course>169.453125</course><hAcc>5.000000</hAcc><vAcc>3.000000</vAcc></extensions></trkpt>
      <trkpt lon="-123.274097" lat="44.560288"><ele>69.335396</ele><time>2020-10-26T20:38:38Z</time><extensions><speed>4.910000</speed><course>164.179688</course><hAcc>5.000000</hAcc><vAcc>3.000000</vAcc></extensions></trkpt>
      <trkpt lon="-123.274067" lat="44.560203"><ele>69.333351</ele><time>2020-10-26T20:38:39Z</time><extensions><speed>4.910000</speed><course>163.125000</course><hAcc>5.000000</hAcc><vAcc>3.000000</vAcc></extensions></trkpt>
      <trkpt lon="-123.274068" lat="44.560165"><ele>69.487846</ele><time>2020-10-26T20:38:40Z</time><extensions><speed>4.750000</speed><course>173.320312</course><hAcc>5.000000</hAcc><vAcc>3.000000</vAcc></extensions></trkpt>
      <trkpt lon="-123.274054" lat="44.560126"><ele>69.405556</ele><time>2020-10-26T20:38:41Z</time><extensions><speed>4.670000</speed><course>166.640625</course><hAcc>5.000000</hAcc><vAcc>3.000000</vAcc></extensions></trkpt>
      <trkpt lon="-123.274042" lat="44.560087"><ele>69.371758</ele><time>2020-10-26T20:38:42Z</time><extensions><speed>4.560000</speed><course>165.937500</course><hAcc>5.000000</hAcc><vAcc>3.000000</vAcc></extensions></trkpt>
      <trkpt lon="-123.274035" lat="44.560049"><ele>69.949104</ele><time>2020-10-26T20:38:43Z</time><extensions><speed>4.040000</speed><course>170.507812</course><hAcc>5.000000</hAcc><vAcc>3.000000</vAcc></extensions></trkpt>
      <trkpt lon="-123.274025" lat="44.560010"><ele>70.339745</ele><time>2020-10-26T20:38:44Z</time><extensions><speed>4.090000</speed><course>168.750000</course><hAcc>5.000000</hAcc><vAcc>3.000000</vAcc></extensions></trkpt>
      <trkpt lon="-123.274004" lat="44.559976"><ele>70.322815</ele><time>2020-10-26T20:38:45Z</time><extensions><speed>4.090000</speed><course>159.609375</course><hAcc>5.000000</hAcc><vAcc>4.000000</vAcc></extensions></trkpt>
      <trkpt lon="-123.273935" lat="44.559944"><ele>70.149208</ele><time>2020-10-26T20:38:46Z</time><extensions><speed>4.190000</speed><course>134.648438</course><hAcc>5.000000</hAcc><vAcc>4.000000</vAcc></extensions></trkpt>
      <trkpt lon="-123.273870" lat="44.559910"><ele>70.130363</ele><time>2020-10-26T20:38:47Z</time><extensions><speed>4.880000</speed><course>97.734375</course><hAcc>5.000000</hAcc><vAcc>3.000000</vAcc></extensions></trkpt>
      <trkpt lon="-123.273818" lat="44.559909"><ele>69.894501</ele><time>2020-10-26T20:38:48Z</time><extensions><speed>4.060000</speed><course>91.406250</course><hAcc>5.000000</hAcc><vAcc>3.000000</vAcc></extensions></trkpt>
      <trkpt lon="-123.273751" lat="44.559908"><ele>70.013435</ele><time>2020-10-26T20:38:49Z</time><extensions><speed>5.010000</speed><course>90.703125</course><hAcc>5.000000</hAcc><vAcc>3.000000</vAcc></extensions></trkpt>
      <trkpt lon="-123.273692" lat="44.559909"><ele>70.177216</ele><time>2020-10-26T20:38:50Z</time><extensions><speed>5.010000</speed><course>84.023438</course><hAcc>5.000000</hAcc><vAcc>3.000000</vAcc></extensions></trkpt>
      <trkpt lon="-123.273631" lat="44.559914"><ele>69.946655</ele><time>2020-10-26T20:38:51Z</time><extensions><speed>5.230000</speed><course>80.507812</course><hAcc>5.000000</hAcc><vAcc>3.000000</vAcc></extensions></trkpt>
      <trkpt lon="-123.273565" lat="44.559929"><ele>70.135620</ele><time>2020-10-26T20:38:52Z</time><extensions><speed>5.380000</speed><course>81.562500</course><hAcc>5.000000</hAcc><vAcc>3.000000</vAcc></extensions></trkpt>
      <trkpt lon="-123.273495" lat="44.559939"><ele>69.942337</ele><time>2020-10-26T20:38:53Z</time><extensions><speed>5.680000</speed><course>85.078125</course><hAcc>5.000000</hAcc><vAcc>3.000000</vAcc></extensions></trkpt>
      <trkpt lon="-123.273419" lat="44.559952"><ele>70.013046</ele><time>2020-10-26T20:38:54Z</time><extensions><speed>5.680000</speed><course>81.210938</course><hAcc>5.000000</hAcc><vAcc>3.000000</vAcc></extensions></trkpt>
      <trkpt lon="-123.273344" lat="44.559961"><ele>69.733688</ele><time>2020-10-26T20:38:55Z</time><extensions><speed>6.080000</speed><course>81.914062</course><hAcc>5.000000</hAcc><vAcc>3.000000</vAcc></extensions></trkpt>
      <trkpt lon="-123.273267" lat="44.559970"><ele>69.568092</ele><time>2020-10-26T20:38:56Z</time><extensions><speed>6.080000</speed><course>83.320312</course><hAcc>5.000000</hAcc><vAcc>3.000000</vAcc></extensions></trkpt>
      <trkpt lon="-123.273198" lat="44.559976"><ele>69.577354</ele><time>2020-10-26T20:38:57Z</time><extensions><speed>5.520000</speed><course>83.671875</course><hAcc>5.000000</hAcc><vAcc>3.000000</vAcc></extensions></trkpt>
      <trkpt lon="-123.273171" lat="44.559988"><ele>69.326233</ele><time>2020-10-26T20:38:58Z</time><extensions><speed>5.520000</speed><course>86.484375</course><hAcc>5.000000</hAcc><vAcc>3.000000</vAcc></extensions></trkpt>
      <trkpt lon="-123.273110" lat="44.559990"><ele>69.380852</ele><time>2020-10-26T20:38:59Z</time><extensions><speed>4.760000</speed><course>87.187500</course><hAcc>5.000000</hAcc><vAcc>4.000000</vAcc></extensions></trkpt>
      <trkpt lon="-123.273054" lat="44.559992"><ele>69.031876</ele><time>2020-10-26T20:39:00Z</time><extensions><speed>4.440000</speed><course>87.187500</course><hAcc>5.000000</hAcc><vAcc>4.000000</vAcc></extensions></trkpt>
      <trkpt lon="-123.273010" lat="44.559953"><ele>69.345589</ele><time>2020-10-26T20:39:01Z</time><extensions><speed>4.400000</speed><course>117.773438</course><hAcc>5.000000</hAcc><vAcc>4.000000</vAcc></extensions></trkpt>
      <trkpt lon="-123.272938" lat="44.559937"><ele>69.609695</ele><time>2020-10-26T20:39:02Z</time><extensions><speed>5.700000</speed><course>112.500000</course><hAcc>5.000000</hAcc><vAcc>4.000000</vAcc></extensions></trkpt>
      <trkpt lon="-123.272870" lat="44.559921"><ele>69.814331</ele><time>2020-10-26T20:39:03Z</time><extensions><speed>5.580000</speed><course>106.875000</course><hAcc>5.000000</hAcc><vAcc>4.000000</vAcc></extensions></trkpt>
      <trkpt lon="-123.272825" lat="44.559906"><ele>69.547440</ele><time>2020-10-26T20:39:04Z</time><extensions><speed>5.700000</speed><course>92.109375</course><hAcc>5.000000</hAcc><vAcc>3.000000</vAcc></extensions></trkpt>
      <trkpt lon="-123.272725" lat="44.559910"><ele>69.534904</ele><time>2020-10-26T20:39:05Z</time><extensions><speed>6.000000</speed><course>88.593750</course><hAcc>5.000000</hAcc><vAcc>3.000000</vAcc></extensions></trkpt>
      <trkpt lon="-123.272644" lat="44.559916"><ele>69.584885</ele><time>2020-10-26T20:39:06Z</time><extensions><speed>6.000000</speed><course>84.375000</course><hAcc>5.000000</hAcc><vAcc>3.000000</vAcc></extensions></trkpt>
      <trkpt lon="-123.272567" lat="44.559913"><ele>69.809097</ele><time>2020-10-26T20:39:07Z</time><extensions><speed>6.000000</speed><course>89.648438</course><hAcc>5.000000</hAcc><vAcc>3.000000</vAcc></extensions></trkpt>
      <trkpt lon="-123.272466" lat="44.559921"><ele>69.797729</ele><time>2020-10-26T20:39:08Z</time><extensions><speed>6.230000</speed><course>84.375000</course><hAcc>5.000000</hAcc><vAcc>3.000000</vAcc></extensions></trkpt>
      <trkpt lon="-123.272379" lat="44.559929"><ele>69.533989</ele><time>2020-10-26T20:39:09Z</time><extensions><speed>6.520000</speed><course>84.023438</course><hAcc>5.000000</hAcc><vAcc>3.000000</vAcc></extensions></trkpt>
      <trkpt lon="-123.272301" lat="44.559938"><ele>69.758789</ele><time>2020-10-26T20:39:10Z</time><extensions><speed>6.890000</speed><course>83.320312</course><hAcc>5.000000</hAcc><vAcc>3.000000</vAcc></extensions></trkpt>
      <trkpt lon="-123.272215" lat="44.559937"><ele>69.909073</ele><time>2020-10-26T20:39:11Z</time><extensions><speed>7.070000</speed><course>85.429688</course><hAcc>5.000000</hAcc><vAcc>3.000000</vAcc></extensions></trkpt>
      <trkpt lon="-123.272132" lat="44.559961"><ele>69.850945</ele><time>2020-10-26T20:39:12Z</time><extensions><speed>7.000000</speed><course>83.671875</course><hAcc>5.000000</hAcc><vAcc>3.000000</vAcc></extensions></trkpt>
      <trkpt lon="-123.272052" lat="44.559973"><ele>69.854691</ele><time>2020-10-26T20:39:13Z</time><extensions><speed>7.000000</speed><course>81.210938</course><hAcc>5.000000</hAcc><vAcc>3.000000</vAcc></extensions></trkpt>
      <trkpt lon="-123.271968" lat="44.559987"><ele>69.694527</ele><time>2020-10-26T20:39:14Z</time><extensions><speed>6.890000</speed><course>82.617188</course><hAcc>5.000000</hAcc><vAcc>3.000000</vAcc></extensions></trkpt>
      <trkpt lon="-123.271885" lat="44.559995"><ele>69.547569</ele><time>2020-10-26T20:39:15Z</time><extensions><speed>6.890000</speed><course>82.968750</course><hAcc>5.000000</hAcc><vAcc>3.000000</vAcc></extensions></trkpt>
      <trkpt lon="-123.271805" lat="44.560002"><ele>69.540680</ele><time>2020-10-26T20:39:16Z</time><extensions><speed>6.460000</speed><course>82.968750</course><hAcc>5.000000</hAcc><vAcc>3.000000</vAcc></extensions></trkpt>
      <trkpt lon="-123.271721" lat="44.560013"><ele>69.151550</ele><time>2020-10-26T20:39:17Z</time><extensions><speed>6.500000</speed><course>82.617188</course><hAcc>5.000000</hAcc><vAcc>3.000000</vAcc></extensions></trkpt>
      <trkpt lon="-123.271640" lat="44.560017"><ele>69.208664</ele><time>2020-10-26T20:39:18Z</time><extensions><speed>6.110000</speed><course>81.914062</course><hAcc>5.000000</hAcc><vAcc>3.000000</vAcc></extensions></trkpt>
      <trkpt lon="-123.271557" lat="44.560014"><ele>69.100403</ele><time>2020-10-26T20:39:19Z</time><extensions><speed>5.780000</speed><course>84.023438</course><hAcc>5.000000</hAcc><vAcc>3.000000</vAcc></extensions></trkpt>
      <trkpt lon="-123.271483" lat="44.560021"><ele>69.049606</ele><time>2020-10-26T20:39:20Z</time><extensions><speed>6.030000</speed><course>80.507812</course><hAcc>5.000000</hAcc><vAcc>3.000000</vAcc></extensions></trkpt>
      <trkpt lon="-123.271426" lat="44.560031"><ele>68.993965</ele><time>2020-10-26T20:39:21Z</time><extensions><speed>6.030000</speed><course>71.718750</course><hAcc>5.000000</hAcc><vAcc>4.000000</vAcc></extensions></trkpt>
      <trkpt lon="-123.271375" lat="44.560043"><ele>68.527061</ele><time>2020-10-26T20:39:22Z</time><extensions><speed>4.190000</speed><course>71.718750</course><hAcc>5.000000</hAcc><vAcc>4.000000</vAcc></extensions></trkpt>
      <trkpt lon="-123.271300" lat="44.560064"><ele>68.877922</ele><time>2020-10-26T20:39:23Z</time><extensions><speed>4.190000</speed><course>79.101562</course><hAcc>5.000000</hAcc><vAcc>4.000000</vAcc></extensions></trkpt>
      <trkpt lon="-123.271232" lat="44.560073"><ele>68.968269</ele><time>2020-10-26T20:39:24Z</time><extensions><speed>5.900000</speed><course>82.265625</course><hAcc>5.000000</hAcc><vAcc>4.000000</vAcc></extensions></trkpt>
      <trkpt lon="-123.271172" lat="44.560062"><ele>68.544518</ele><time>2020-10-26T20:39:25Z</time><extensions><speed>5.900000</speed><course>107.929688</course><hAcc>5.000000</hAcc><vAcc>4.000000</vAcc></extensions></trkpt>
      <trkpt lon="-123.271128" lat="44.560027"><ele>68.393265</ele><time>2020-10-26T20:39:26Z</time><extensions><speed>5.600000</speed><course>135.351562</course><hAcc>5.000000</hAcc><vAcc>4.000000</vAcc></extensions></trkpt>
      <trkpt lon="-123.271089" lat="44.559991"><ele>68.549774</ele><time>2020-10-26T20:39:27Z</time><extensions><speed>5.510000</speed><course>136.054688</course><hAcc>5.000000</hAcc><vAcc>4.000000</vAcc></extensions></trkpt>
      <trkpt lon="-123.271078" lat="44.559933"><ele>68.707558</ele><time>2020-10-26T20:39:28Z</time><extensions><speed>5.830000</speed><course>172.617188</course><hAcc>5.000000</hAcc><vAcc>3.000000</vAcc></extensions></trkpt>
      <trkpt lon="-123.271079" lat="44.559883"><ele>68.942497</ele><time>2020-10-26T20:39:29Z</time><extensions><speed>5.830000</speed><course>174.375000</course><hAcc>5.000000</hAcc><vAcc>3.000000</vAcc></extensions></trkpt>
      <trkpt lon="-123.271061" lat="44.559843"><ele>68.779396</ele><time>2020-10-26T20:39:30Z</time><extensions><speed>5.250000</speed><course>171.210938</course><hAcc>5.000000</hAcc><vAcc>3.000000</vAcc></extensions></trkpt>
      <trkpt lon="-123.271049" lat="44.559801"><ele>69.180878</ele><time>2020-10-26T20:39:31Z</time><extensions><speed>5.250000</speed><course>170.859375</course><hAcc>5.000000</hAcc><vAcc>3.000000</vAcc></extensions></trkpt>
      <trkpt lon="-123.271038" lat="44.559754"><ele>69.178146</ele><time>2020-10-26T20:39:32Z</time><extensions><speed>5.310000</speed><course>170.859375</course><hAcc>5.000000</hAcc><vAcc>3.000000</vAcc></extensions></trkpt>
      <trkpt lon="-123.271022" lat="44.559684"><ele>69.206757</ele><time>2020-10-26T20:39:33Z</time><extensions><speed>6.600000</speed><course>174.375000</course><hAcc>5.000000</hAcc><vAcc>3.000000</vAcc></extensions></trkpt>
      <trkpt lon="-123.271018" lat="44.559628"><ele>69.360916</ele><time>2020-10-26T20:39:34Z</time><extensions><speed>6.820000</speed><course>173.671875</course><hAcc>5.000000</hAcc><vAcc>3.000000</vAcc></extensions></trkpt>
      <trkpt lon="-123.271009" lat="44.559562"><ele>69.567131</ele><time>2020-10-26T20:39:35Z</time><extensions><speed>6.820000</speed><course>174.726562</course><hAcc>5.000000</hAcc><vAcc>3.000000</vAcc></extensions></trkpt>
      <trkpt lon="-123.271003" lat="44.559492"><ele>69.399254</ele><time>2020-10-26T20:39:36Z</time><extensions><speed>7.280000</speed><course>174.375000</course><hAcc>5.000000</hAcc><vAcc>3.000000</vAcc></extensions></trkpt>
      <trkpt lon="-123.271006" lat="44.559424"><ele>69.456856</ele><time>2020-10-26T20:39:37Z</time><extensions><speed>6.870000</speed><course>170.859375</course><hAcc>5.000000</hAcc><vAcc>3.000000</vAcc></extensions></trkpt>
      <trkpt lon="-123.270995" lat="44.559364"><ele>68.955811</ele><time>2020-10-26T20:39:38Z</time><extensions><speed>6.870000</speed><course>170.859375</course><hAcc>5.000000</hAcc><vAcc>3.000000</vAcc></extensions></trkpt>
      <trkpt lon="-123.271002" lat="44.559305"><ele>68.920250</ele><time>2020-10-26T20:39:39Z</time><extensions><speed>6.860000</speed><course>173.671875</course><hAcc>5.000000</hAcc><vAcc>3.000000</vAcc></extensions></trkpt>
      <trkpt lon="-123.270960" lat="44.559256"><ele>69.072235</ele><time>2020-10-26T20:39:40Z</time><extensions><speed>6.250000</speed><course>180.703125</course><hAcc>5.000000</hAcc><vAcc>3.000000</vAcc></extensions></trkpt>
      <trkpt lon="-123.270966" lat="44.559214"><ele>68.318817</ele><time>2020-10-26T20:39:41Z</time><extensions><speed>6.090000</speed><course>185.976562</course><hAcc>5.000000</hAcc><vAcc>3.000000</vAcc></extensions></trkpt>
      <trkpt lon="-123.270972" lat="44.559164"><ele>67.895256</ele><time>2020-10-26T20:39:42Z</time><extensions><speed>5.980000</speed><course>174.375000</course><hAcc>5.000000</hAcc><vAcc>3.000000</vAcc></extensions></trkpt>
      <trkpt lon="-123.270934" lat="44.559115"><ele>67.255913</ele><time>2020-10-26T20:39:43Z</time><extensions><speed>5.980000</speed><course>157.500000</course><hAcc>5.000000</hAcc><vAcc>3.000000</vAcc></extensions></trkpt>
      <trkpt lon="-123.270902" lat="44.559067"><ele>67.838425</ele><time>2020-10-26T20:39:44Z</time><extensions><speed>5.780000</speed><course>156.093750</course><hAcc>5.000000</hAcc><vAcc>3.000000</vAcc></extensions></trkpt>
      <trkpt lon="-123.270869" lat="44.559028"><ele>67.796707</ele><time>2020-10-26T20:39:45Z</time><extensions><speed>5.690000</speed><course>158.203125</course><hAcc>5.000000</hAcc><vAcc>3.000000</vAcc></extensions></trkpt>
      <trkpt lon="-123.270855" lat="44.558986"><ele>67.811775</ele><time>2020-10-26T20:39:46Z</time><extensions><speed>4.890000</speed><course>170.859375</course><hAcc>5.000000</hAcc><vAcc>3.000000</vAcc></extensions></trkpt>
      <trkpt lon="-123.270856" lat="44.558938"><ele>67.852844</ele><time>2020-10-26T20:39:47Z</time><extensions><speed>5.110000</speed><course>177.539062</course><hAcc>5.000000</hAcc><vAcc>3.000000</vAcc></extensions></trkpt>
      <trkpt lon="-123.270854" lat="44.558893"><ele>67.863525</ele><time>2020-10-26T20:39:48Z</time><extensions><speed>5.110000</speed><course>176.132812</course><hAcc>5.000000</hAcc><vAcc>4.000000</vAcc></extensions></trkpt>
      <trkpt lon="-123.270849" lat="44.558866"><ele>68.629539</ele><time>2020-10-26T20:39:49Z</time><extensions><speed>5.110000</speed><course>179.648438</course><hAcc>5.000000</hAcc><vAcc>4.000000</vAcc></extensions></trkpt>
      <trkpt lon="-123.270837" lat="44.558827"><ele>68.134659</ele><time>2020-10-26T20:39:50Z</time><extensions><speed>4.560000</speed><course>168.046875</course><hAcc>5.000000</hAcc><vAcc>4.000000</vAcc></extensions></trkpt>
      <trkpt lon="-123.270795" lat="44.558785"><ele>68.083443</ele><time>2020-10-26T20:39:51Z</time><extensions><speed>4.560000</speed><course>161.015625</course><hAcc>5.000000</hAcc><vAcc>4.000000</vAcc></extensions></trkpt>
      <trkpt lon="-123.270794" lat="44.558742"><ele>68.064377</ele><time>2020-10-26T20:39:52Z</time><extensions><speed>4.530000</speed><course>185.976562</course><hAcc>5.000000</hAcc><vAcc>4.000000</vAcc></extensions></trkpt>
      <trkpt lon="-123.270825" lat="44.558709"><ele>68.230873</ele><time>2020-10-26T20:39:53Z</time><extensions><speed>4.510000</speed><course>219.726562</course><hAcc>5.000000</hAcc><vAcc>4.000000</vAcc></extensions></trkpt>
      <trkpt lon="-123.270865" lat="44.558700"><ele>68.341240</ele><time>2020-10-26T20:39:54Z</time><extensions><speed>4.320000</speed><course>259.804688</course><hAcc>5.000000</hAcc><vAcc>3.000000</vAcc></extensions></trkpt>
      <trkpt lon="-123.270912" lat="44.558701"><ele>68.259468</ele><time>2020-10-26T20:39:55Z</time><extensions><speed>4.320000</speed><course>258.750000</course><hAcc>5.000000</hAcc><vAcc>3.000000</vAcc></extensions></trkpt>
      <trkpt lon="-123.270954" lat="44.558703"><ele>68.243179</ele><time>2020-10-26T20:39:56Z</time><extensions><speed>4.000000</speed><course>267.187500</course><hAcc>5.000000</hAcc><vAcc>3.000000</vAcc></extensions></trkpt>
      <trkpt lon="-123.271004" lat="44.558693"><ele>67.970772</ele><time>2020-10-26T20:39:57Z</time><extensions><speed>3.750000</speed><course>263.320312</course><hAcc>5.000000</hAcc><vAcc>4.000000</vAcc></extensions></trkpt>
      <trkpt lon="-123.271047" lat="44.558689"><ele>68.061714</ele><time>2020-10-26T20:39:58Z</time><extensions><speed>3.750000</speed><course>265.429688</course><hAcc>5.000000</hAcc><vAcc>3.000000</vAcc></extensions></trkpt>
      <trkpt lon="-123.271087" lat="44.558677"><ele>67.850822</ele><time>2020-10-26T20:39:59Z</time><extensions><speed>3.200000</speed><course>235.546875</course><hAcc>5.000000</hAcc><vAcc>3.000000</vAcc></extensions></trkpt>
      <trkpt lon="-123.271120" lat="44.558666"><ele>67.920944</ele><time>2020-10-26T20:40:00Z</time><extensions><speed>3.200000</speed><course>261.210938</course><hAcc>5.000000</hAcc><vAcc>4.000000</vAcc></extensions></trkpt>
      <trkpt lon="-123.271139" lat="44.558662"><ele>67.998375</ele><time>2020-10-26T20:40:01Z</time><extensions><speed>1.700000</speed><course>279.843750</course><hAcc>5.000000</hAcc><vAcc>4.000000</vAcc></extensions></trkpt>
      <trkpt lon="-123.271151" lat="44.558663"><ele>67.932663</ele><time>2020-10-26T20:40:02Z</time><extensions><speed>1.240000</speed><course>280.195312</course><hAcc>5.000000</hAcc><vAcc>4.000000</vAcc></extensions></trkpt>
      <trkpt lon="-123.271151" lat="44.558663"><ele>67.877327</ele><time>2020-10-26T20:40:03Z</time><extensions><speed>0.000000</speed><course>280.195312</course><hAcc>5.000000</hAcc><vAcc>4.000000</vAcc></extensions></trkpt>
      <trkpt lon="-123.271151" lat="44.558663"><ele>67.959686</ele><time>2020-10-26T20:40:04Z</time><extensions><speed>0.000000</speed><course>280.195312</course><hAcc>5.000000</hAcc><vAcc>4.000000</vAcc></extensions></trkpt>
      <trkpt lon="-123.271151" lat="44.558663"><ele>67.937187</ele><time>2020-10-26T20:40:05Z</time><extensions><speed>0.000000</speed><course>280.195312</course><hAcc>5.000000</hAcc><vAcc>4.000000</vAcc></extensions></trkpt>
      <trkpt lon="-123.271151" lat="44.558663"><ele>67.921043</ele><time>2020-10-26T20:40:06Z</time><extensions><speed>0.000000</speed><course>280.195312</course><hAcc>5.000000</hAcc><vAcc>3.000000</vAcc></extensions></trkpt>
      <trkpt lon="-123.271151" lat="44.558663"><ele>67.951782</ele><time>2020-10-26T20:40:07Z</time><extensions><speed>0.000000</speed><course>280.195312</course><hAcc>5.000000</hAcc><vAcc>3.000000</vAcc></extensions></trkpt>
      <trkpt lon="-123.271151" lat="44.558663"><ele>68.005112</ele><time>2020-10-26T20:40:08Z</time><extensions><speed>0.000000</speed><course>280.195312</course><hAcc>5.000000</hAcc><vAcc>3.000000</vAcc></extensions></trkpt>
      <trkpt lon="-123.271151" lat="44.558663"><ele>68.085510</ele><time>2020-10-26T20:40:09Z</time><extensions><speed>0.000000</speed><course>280.195312</course><hAcc>5.000000</hAcc><vAcc>3.000000</vAcc></extensions></trkpt>
      <trkpt lon="-123.271151" lat="44.558663"><ele>68.114189</ele><time>2020-10-26T20:40:10Z</time><extensions><speed>0.000000</speed><course>280.195312</course><hAcc>5.000000</hAcc><vAcc>3.000000</vAcc></extensions></trkpt>
      <trkpt lon="-123.271151" lat="44.558663"><ele>68.234512</ele><time>2020-10-26T20:40:11Z</time><extensions><speed>0.000000</speed><course>280.195312</course><hAcc>5.000000</hAcc><vAcc>3.000000</vAcc></extensions></trkpt>
      <trkpt lon="-123.271151" lat="44.558663"><ele>68.250687</ele><time>2020-10-26T20:40:12Z</time><extensions><speed>0.000000</speed><course>280.195312</course><hAcc>5.000000</hAcc><vAcc>3.000000</vAcc></extensions></trkpt>
      <trkpt lon="-123.271151" lat="44.558663"><ele>68.325165</ele><time>2020-10-26T20:40:13Z</time><extensions><speed>0.000000</speed><course>280.195312</course><hAcc>5.000000</hAcc><vAcc>3.000000</vAcc></extensions></trkpt>
      <trkpt lon="-123.271151" lat="44.558663"><ele>68.477875</ele><time>2020-10-26T20:40:14Z</time><extensions><speed>0.000000</speed><course>280.195312</course><hAcc>5.000000</hAcc><vAcc>3.000000</vAcc></extensions></trkpt>
      <trkpt lon="-123.271151" lat="44.558663"><ele>68.439598</ele><time>2020-10-26T20:40:15Z</time><extensions><speed>0.000000</speed><course>280.195312</course><hAcc>5.000000</hAcc><vAcc>3.000000</vAcc></extensions></trkpt>
      <trkpt lon="-123.271151" lat="44.558663"><ele>68.442802</ele><time>2020-10-26T20:40:16Z</time><extensions><speed>0.000000</speed><course>280.195312</course><hAcc>5.000000</hAcc><vAcc>3.000000</vAcc></extensions></trkpt>
      <trkpt lon="-123.271151" lat="44.558663"><ele>68.420921</ele><time>2020-10-26T20:40:17Z</time><extensions><speed>0.000000</speed><course>280.195312</course><hAcc>5.000000</hAcc><vAcc>3.000000</vAcc></extensions></trkpt>
      <trkpt lon="-123.271151" lat="44.558663"><ele>68.422142</ele><time>2020-10-26T20:40:18Z</time><extensions><speed>0.000000</speed><course>280.195312</course><hAcc>5.000000</hAcc><vAcc>3.000000</vAcc></extensions></trkpt>
      <trkpt lon="-123.271151" lat="44.558663"><ele>68.457642</ele><time>2020-10-26T20:40:19Z</time><extensions><speed>0.000000</speed><course>280.195312</course><hAcc>5.000000</hAcc><vAcc>3.000000</vAcc></extensions></trkpt>
      <trkpt lon="-123.271151" lat="44.558663"><ele>68.465668</ele><time>2020-10-26T20:40:20Z</time><extensions><speed>0.000000</speed><course>280.195312</course><hAcc>5.000000</hAcc><vAcc>3.000000</vAcc></extensions></trkpt>
      <trkpt lon="-123.271151" lat="44.558663"><ele>68.583733</ele><time>2020-10-26T20:40:21Z</time><extensions><speed>0.000000</speed><course>280.195312</course><hAcc>5.000000</hAcc><vAcc>3.000000</vAcc></extensions></trkpt>
      <trkpt lon="-123.271151" lat="44.558663"><ele>68.623596</ele><time>2020-10-26T20:40:22Z</time><extensions><speed>0.000000</speed><course>280.195312</course><hAcc>5.000000</hAcc><vAcc>3.000000</vAcc></extensions></trkpt>
      <trkpt lon="-123.271156" lat="44.558701"><ele>68.727150</ele><time>2020-10-26T20:40:23Z</time><extensions><speed>0.940000</speed><course>74.531250</course><hAcc>5.000000</hAcc><vAcc>3.000000</vAcc></extensions></trkpt>
      <trkpt lon="-123.271155" lat="44.558704"><ele>68.728157</ele><time>2020-10-26T20:40:24Z</time><extensions><speed>0.940000</speed><course>74.531250</course><hAcc>5.000000</hAcc><vAcc>3.000000</vAcc></extensions></trkpt>
      <trkpt lon="-123.271155" lat="44.558704"><ele>68.725204</ele><time>2020-10-26T20:40:25Z</time><extensions><speed>0.000000</speed><course>74.531250</course><hAcc>5.000000</hAcc><vAcc>3.000000</vAcc></extensions></trkpt>
      <trkpt lon="-123.271155" lat="44.558704"><ele>68.893936</ele><time>2020-10-26T20:40:26Z</time><extensions><speed>0.000000</speed><course>74.531250</course><hAcc>5.000000</hAcc><vAcc>3.000000</vAcc></extensions></trkpt>
      <trkpt lon="-123.271142" lat="44.558700"><ele>69.009369</ele><time>2020-10-26T20:40:27Z</time><extensions><speed>0.240000</speed><course>74.531250</course><hAcc>5.000000</hAcc><vAcc>3.000000</vAcc></extensions></trkpt>
      <trkpt lon="-123.271138" lat="44.558698"><ele>69.009277</ele><time>2020-10-26T20:40:28Z</time><extensions><speed>0.490000</speed><course>74.531250</course><hAcc>5.000000</hAcc><vAcc>3.000000</vAcc></extensions></trkpt>
      <trkpt lon="-123.271134" lat="44.558694"><ele>69.043137</ele><time>2020-10-26T20:40:29Z</time><extensions><speed>0.490000</speed><course>74.531250</course><hAcc>5.000000</hAcc><vAcc>3.000000</vAcc></extensions></trkpt>
      <trkpt lon="-123.271121" lat="44.558687"><ele>69.213585</ele><time>2020-10-26T20:40:30Z</time><extensions><speed>0.490000</speed><course>126.562500</course><hAcc>5.000000</hAcc><vAcc>3.000000</vAcc></extensions></trkpt>
      <trkpt lon="-123.271099" lat="44.558681"><ele>68.944374</ele><time>2020-10-26T20:40:31Z</time><extensions><speed>1.820000</speed><course>108.632812</course><hAcc>5.000000</hAcc><vAcc>3.000000</vAcc></extensions></trkpt>
      <trkpt lon="-123.271073" lat="44.558679"><ele>68.966019</ele><time>2020-10-26T20:40:32Z</time><extensions><speed>1.860000</speed><course>92.109375</course><hAcc>5.000000</hAcc><vAcc>3.000000</vAcc></extensions></trkpt>
      <trkpt lon="-123.271045" lat="44.558679"><ele>68.999146</ele><time>2020-10-26T20:40:33Z</time><extensions><speed>2.150000</speed><course>87.539062</course><hAcc>5.000000</hAcc><vAcc>3.000000</vAcc></extensions></trkpt>
      <trkpt lon="-123.271019" lat="44.558679"><ele>69.160263</ele><time>2020-10-26T20:40:34Z</time><extensions><speed>2.150000</speed><course>89.296875</course><hAcc>5.000000</hAcc><vAcc>3.000000</vAcc></extensions></trkpt>
      <trkpt lon="-123.271000" lat="44.558679"><ele>69.139084</ele><time>2020-10-26T20:40:35Z</time><extensions><speed>1.690000</speed><course>90.351562</course><hAcc>5.000000</hAcc><vAcc>3.000000</vAcc></extensions></trkpt>
      <trkpt lon="-123.270986" lat="44.558678"><ele>69.290741</ele><time>2020-10-26T20:40:36Z</time><extensions><speed>1.040000</speed><course>90.000000</course><hAcc>5.000000</hAcc><vAcc>3.000000</vAcc></extensions></trkpt>
      <trkpt lon="-123.270973" lat="44.558676"><ele>69.020721</ele><time>2020-10-26T20:40:37Z</time><extensions><speed>1.030000</speed><course>70.312500</course><hAcc>5.000000</hAcc><vAcc>3.000000</vAcc></extensions></trkpt>
      <trkpt lon="-123.270960" lat="44.558675"><ele>68.994652</ele><time>2020-10-26T20:40:38Z</time><extensions><speed>1.150000</speed><course>71.015625</course><hAcc>5.000000</hAcc><vAcc>3.000000</vAcc></extensions></trkpt>
      <trkpt lon="-123.270941" lat="44.558677"><ele>68.996452</ele><time>2020-10-26T20:40:39Z</time><extensions><speed>1.600000</speed><course>79.453125</course><hAcc>5.000000</hAcc><vAcc>3.000000</vAcc></extensions></trkpt>
      <trkpt lon="-123.270923" lat="44.558679"><ele>69.030807</ele><time>2020-10-26T20:40:40Z</time><extensions><speed>1.320000</speed><course>70.664062</course><hAcc>5.000000</hAcc><vAcc>3.000000</vAcc></extensions></trkpt>
      <trkpt lon="-123.270907" lat="44.558682"><ele>69.041145</ele><time>2020-10-26T20:40:41Z</time><extensions><speed>1.320000</speed><course>70.664062</course><hAcc>5.000000</hAcc><vAcc>3.000000</vAcc></extensions></trkpt>
      <trkpt lon="-123.270894" lat="44.558689"><ele>68.946075</ele><time>2020-10-26T20:40:42Z</time><extensions><speed>1.320000</speed><course>38.320312</course><hAcc>5.000000</hAcc><vAcc>3.000000</vAcc></extensions></trkpt>
      <trkpt lon="-123.270885" lat="44.558699"><ele>69.151001</ele><time>2020-10-26T20:40:43Z</time><extensions><speed>1.230000</speed><course>24.609375</course><hAcc>5.000000</hAcc><vAcc>3.000000</vAcc></extensions></trkpt>
      <trkpt lon="-123.270881" lat="44.558711"><ele>68.756020</ele><time>2020-10-26T20:40:44Z</time><extensions><speed>1.230000</speed><course>9.492188</course><hAcc>5.000000</hAcc><vAcc>3.000000</vAcc></extensions></trkpt>
      <trkpt lon="-123.270880" lat="44.558722"><ele>69.802574</ele><time>2020-10-26T20:40:45Z</time><extensions><speed>1.230000</speed><course>3.867188</course><hAcc>5.000000</hAcc><vAcc>3.000000</vAcc></extensions></trkpt>
      <trkpt lon="-123.270880" lat="44.558730"><ele>69.914513</ele><time>2020-10-26T20:40:46Z</time><extensions><speed>0.860000</speed><course>35.859375</course><hAcc>5.000000</hAcc><vAcc>3.000000</vAcc></extensions></trkpt>
      <trkpt lon="-123.270878" lat="44.558738"><ele>69.846832</ele><time>2020-10-26T20:40:47Z</time><extensions><speed>0.680000</speed><course>35.156250</course><hAcc>5.000000</hAcc><vAcc>3.000000</vAcc></extensions></trkpt>
      <trkpt lon="-123.270872" lat="44.558747"><ele>69.831207</ele><time>2020-10-26T20:40:48Z</time><extensions><speed>0.760000</speed><course>38.671875</course><hAcc>5.000000</hAcc><vAcc>3.000000</vAcc></extensions></trkpt>
      <trkpt lon="-123.270865" lat="44.558755"><ele>69.809250</ele><time>2020-10-26T20:40:49Z</time><extensions><speed>0.680000</speed><course>52.382812</course><hAcc>5.000000</hAcc><vAcc>3.000000</vAcc></extensions></trkpt>
      <trkpt lon="-123.270857" lat="44.558760"><ele>69.776764</ele><time>2020-10-26T20:40:50Z</time><extensions><speed>0.570000</speed><course>67.851562</course><hAcc>5.000000</hAcc><vAcc>3.000000</vAcc></extensions></trkpt>
      <trkpt lon="-123.270851" lat="44.558763"><ele>69.776726</ele><time>2020-10-26T20:40:51Z</time><extensions><speed>0.230000</speed><course>108.281250</course><hAcc>5.000000</hAcc><vAcc>3.000000</vAcc></extensions></trkpt>
      <trkpt lon="-123.270844" lat="44.558765"><ele>69.740631</ele><time>2020-10-26T20:40:52Z</time><extensions><speed>0.170000</speed><course>243.632812</course><hAcc>5.000000</hAcc><vAcc>3.000000</vAcc></extensions></trkpt>
      <trkpt lon="-123.270842" lat="44.558766"><ele>69.982216</ele><time>2020-10-26T20:40:53Z</time><extensions><speed>0.160000</speed><course>294.257812</course><hAcc>5.000000</hAcc><vAcc>3.000000</vAcc></extensions></trkpt>
      <trkpt lon="-123.270842" lat="44.558766"><ele>69.919212</ele><time>2020-10-26T20:40:54Z</time><extensions><speed>0.000000</speed><course>29.531250</course><hAcc>5.000000</hAcc><vAcc>3.000000</vAcc></extensions></trkpt>
      <trkpt lon="-123.270842" lat="44.558766"><ele>70.056572</ele><time>2020-10-26T20:40:55Z</time><extensions><speed>0.000000</speed><course>232.382812</course><hAcc>5.000000</hAcc><vAcc>3.000000</vAcc></extensions></trkpt>
      <trkpt lon="-123.270842" lat="44.558766"><ele>70.173103</ele><time>2020-10-26T20:40:56Z</time><extensions><speed>0.000000</speed><course>233.085938</course><hAcc>5.000000</hAcc><vAcc>3.000000</vAcc></extensions></trkpt>
      <trkpt lon="-123.270842" lat="44.558766"><ele>70.120293</ele><time>2020-10-26T20:40:57Z</time><extensions><speed>0.000000</speed><course>233.085938</course><hAcc>5.000000</hAcc><vAcc>3.000000</vAcc></extensions></trkpt>
      <trkpt lon="-123.270842" lat="44.558766"><ele>70.034966</ele><time>2020-10-26T20:40:58Z</time><extensions><speed>0.000000</speed><course>233.085938</course><hAcc>5.000000</hAcc><vAcc>3.000000</vAcc></extensions></trkpt>
      <trkpt lon="-123.270842" lat="44.558766"><ele>69.976913</ele><time>2020-10-26T20:40:59Z</time><extensions><speed>0.000000</speed><course>233.085938</course><hAcc>5.000000</hAcc><vAcc>3.000000</vAcc></extensions></trkpt>
      <trkpt lon="-123.270842" lat="44.558766"><ele>69.883682</ele><time>2020-10-26T20:41:00Z</time><extensions><speed>0.000000</speed><course>233.085938</course><hAcc>5.000000</hAcc><vAcc>3.000000</vAcc></extensions></trkpt>
      <trkpt lon="-123.270842" lat="44.558766"><ele>69.884460</ele><time>2020-10-26T20:41:01Z</time><extensions><speed>0.000000</speed><course>233.085938</course><hAcc>5.000000</hAcc><vAcc>3.000000</vAcc></extensions></trkpt>
      <trkpt lon="-123.270842" lat="44.558766"><ele>70.009178</ele><time>2020-10-26T20:41:02Z</time><extensions><speed>0.000000</speed><course>233.085938</course><hAcc>5.000000</hAcc><vAcc>3.000000</vAcc></extensions></trkpt>
      <trkpt lon="-123.270842" lat="44.558766"><ele>70.066261</ele><time>2020-10-26T20:41:03Z</time><extensions><speed>0.000000</speed><course>233.085938</course><hAcc>5.000000</hAcc><vAcc>3.000000</vAcc></extensions></trkpt>
      <trkpt lon="-123.270842" lat="44.558766"><ele>70.132088</ele><time>2020-10-26T20:41:04Z</time><extensions><speed>0.000000</speed><course>233.085938</course><hAcc>5.000000</hAcc><vAcc>3.000000</vAcc></extensions></trkpt>
      <trkpt lon="-123.270842" lat="44.558766"><ele>70.134354</ele><time>2020-10-26T20:41:05Z</time><extensions><speed>0.000000</speed><course>233.085938</course><hAcc>5.000000</hAcc><vAcc>3.000000</vAcc></extensions></trkpt>
      <trkpt lon="-123.270842" lat="44.558766"><ele>70.263428</ele><time>2020-10-26T20:41:06Z</time><extensions><speed>0.000000</speed><course>233.085938</course><hAcc>5.000000</hAcc><vAcc>3.000000</vAcc></extensions></trkpt>
      <trkpt lon="-123.270842" lat="44.558766"><ele>70.333496</ele><time>2020-10-26T20:41:07Z</time><extensions><speed>0.000000</speed><course>233.085938</course><hAcc>5.000000</hAcc><vAcc>3.000000</vAcc></extensions></trkpt>
      <trkpt lon="-123.270842" lat="44.558766"><ele>70.345924</ele><time>2020-10-26T20:41:08Z</time><extensions><speed>0.000000</speed><course>233.085938</course><hAcc>5.000000</hAcc><vAcc>3.000000</vAcc></extensions></trkpt>
      <trkpt lon="-123.270842" lat="44.558766"><ele>70.296326</ele><time>2020-10-26T20:41:09Z</time><extensions><speed>0.000000</speed><course>233.085938</course><hAcc>5.000000</hAcc><vAcc>3.000000</vAcc></extensions></trkpt>
      <trkpt lon="-123.270842" lat="44.558766"><ele>70.246246</ele><time>2020-10-26T20:41:10Z</time><extensions><speed>0.000000</speed><course>233.085938</course><hAcc>5.000000</hAcc><vAcc>3.000000</vAcc></extensions></trkpt>
      <trkpt lon="-123.270842" lat="44.558766"><ele>70.407814</ele><time>2020-10-26T20:41:11Z</time><extensions><speed>0.000000</speed><course>233.085938</course><hAcc>5.000000</hAcc><vAcc>3.000000</vAcc></extensions></trkpt>
      <trkpt lon="-123.270842" lat="44.558766"><ele>70.386597</ele><time>2020-10-26T20:41:12Z</time><extensions><speed>0.000000</speed><course>233.085938</course><hAcc>5.000000</hAcc><vAcc>3.000000</vAcc></extensions></trkpt>
      <trkpt lon="-123.270842" lat="44.558766"><ele>70.469040</ele><time>2020-10-26T20:41:13Z</time><extensions><speed>0.000000</speed><course>233.085938</course><hAcc>5.000000</hAcc><vAcc>3.000000</vAcc></extensions></trkpt>
      <trkpt lon="-123.270842" lat="44.558766"><ele>70.417870</ele><time>2020-10-26T20:41:14Z</time><extensions><speed>0.000000</speed><course>233.085938</course><hAcc>5.000000</hAcc><vAcc>3.000000</vAcc></extensions></trkpt>
      <trkpt lon="-123.270842" lat="44.558766"><ele>70.407928</ele><time>2020-10-26T20:41:15Z</time><extensions><speed>0.000000</speed><course>233.085938</course><hAcc>5.000000</hAcc><vAcc>3.000000</vAcc></extensions></trkpt>
      <trkpt lon="-123.270842" lat="44.558766"><ele>70.406113</ele><time>2020-10-26T20:41:16Z</time><extensions><speed>0.000000</speed><course>233.085938</course><hAcc>5.000000</hAcc><vAcc>3.000000</vAcc></extensions></trkpt>
      <trkpt lon="-123.270842" lat="44.558766"><ele>70.465744</ele><time>2020-10-26T20:41:17Z</time><extensions><speed>0.000000</speed><course>233.085938</course><hAcc>5.000000</hAcc><vAcc>3.000000</vAcc></extensions></trkpt>
      <trkpt lon="-123.270844" lat="44.558765"><ele>70.474258</ele><time>2020-10-26T20:41:18Z</time><extensions><speed>0.190000</speed><course>278.437500</course><hAcc>5.000000</hAcc><vAcc>3.000000</vAcc></extensions></trkpt>
      <trkpt lon="-123.270847" lat="44.558766"><ele>70.651909</ele><time>2020-10-26T20:41:19Z</time><extensions><speed>0.170000</speed><course>237.656250</course><hAcc>5.000000</hAcc><vAcc>3.000000</vAcc></extensions></trkpt>
      <trkpt lon="-123.270847" lat="44.558766"><ele>70.349037</ele><time>2020-10-26T20:41:20Z</time><extensions><speed>0.000000</speed><course>272.812500</course><hAcc>5.000000</hAcc><vAcc>3.000000</vAcc></extensions></trkpt>
      <trkpt lon="-123.270847" lat="44.558766"><ele>70.330696</ele><time>2020-10-26T20:41:21Z</time><extensions><speed>0.000000</speed><course>267.890625</course><hAcc>5.000000</hAcc><vAcc>3.000000</vAcc></extensions></trkpt>
      <trkpt lon="-123.270847" lat="44.558766"><ele>70.403122</ele><time>2020-10-26T20:41:22Z</time><extensions><speed>0.000000</speed><course>56.250000</course><hAcc>5.000000</hAcc><vAcc>3.000000</vAcc></extensions></trkpt>
      <trkpt lon="-123.270847" lat="44.558766"><ele>70.384392</ele><time>2020-10-26T20:41:23Z</time><extensions><speed>0.000000</speed><course>57.656250</course><hAcc>5.000000</hAcc><vAcc>3.000000</vAcc></extensions></trkpt>
      <trkpt lon="-123.270847" lat="44.558766"><ele>70.373596</ele><time>2020-10-26T20:41:24Z</time><extensions><speed>0.000000</speed><course>57.656250</course><hAcc>5.000000</hAcc><vAcc>3.000000</vAcc></extensions></trkpt>
      <trkpt lon="-123.270847" lat="44.558766"><ele>70.407578</ele><time>2020-10-26T20:41:25Z</time><extensions><speed>0.000000</speed><course>57.656250</course><hAcc>5.000000</hAcc><vAcc>3.000000</vAcc></extensions></trkpt>
      <trkpt lon="-123.270847" lat="44.558766"><ele>70.331779</ele><time>2020-10-26T20:41:26Z</time><extensions><speed>0.000000</speed><course>57.656250</course><hAcc>5.000000</hAcc><vAcc>3.000000</vAcc></extensions></trkpt>
      <trkpt lon="-123.270847" lat="44.558766"><ele>70.329666</ele><time>2020-10-26T20:41:27Z</time><extensions><speed>0.000000</speed><course>57.656250</course><hAcc>5.000000</hAcc><vAcc>3.000000</vAcc></extensions></trkpt>
      <trkpt lon="-123.270847" lat="44.558766"><ele>70.326859</ele><time>2020-10-26T20:41:28Z</time><extensions><speed>0.000000</speed><course>57.656250</course><hAcc>5.000000</hAcc><vAcc>3.000000</vAcc></extensions></trkpt>
      <trkpt lon="-123.270847" lat="44.558766"><ele>70.433243</ele><time>2020-10-26T20:41:29Z</time><extensions><speed>0.000000</speed><course>57.656250</course><hAcc>5.000000</hAcc><vAcc>3.000000</vAcc></extensions></trkpt>
      <trkpt lon="-123.270847" lat="44.558766"><ele>70.338303</ele><time>2020-10-26T20:41:30Z</time><extensions><speed>0.000000</speed><course>57.656250</course><hAcc>5.000000</hAcc><vAcc>3.000000</vAcc></extensions></trkpt>
      <trkpt lon="-123.270847" lat="44.558766"><ele>70.420357</ele><time>2020-10-26T20:41:31Z</time><extensions><speed>0.000000</speed><course>57.656250</course><hAcc>5.000000</hAcc><vAcc>3.000000</vAcc></extensions></trkpt>
      <trkpt lon="-123.270847" lat="44.558766"><ele>70.403168</ele><time>2020-10-26T20:41:32Z</time><extensions><speed>0.000000</speed><course>57.656250</course><hAcc>5.000000</hAcc><vAcc>3.000000</vAcc></extensions></trkpt>
      <trkpt lon="-123.270847" lat="44.558766"><ele>70.332275</ele><time>2020-10-26T20:41:33Z</time><extensions><speed>0.000000</speed><course>57.656250</course><hAcc>5.000000</hAcc><vAcc>3.000000</vAcc></extensions></trkpt>
      <trkpt lon="-123.270847" lat="44.558766"><ele>70.408813</ele><time>2020-10-26T20:41:34Z</time><extensions><speed>0.000000</speed><course>57.656250</course><hAcc>5.000000</hAcc><vAcc>3.000000</vAcc></extensions></trkpt>
      <trkpt lon="-123.270847" lat="44.558766"><ele>70.235313</ele><time>2020-10-26T20:41:35Z</time><extensions><speed>0.000000</speed><course>57.656250</course><hAcc>5.000000</hAcc><vAcc>3.000000</vAcc></extensions></trkpt>
      <trkpt lon="-123.270847" lat="44.558766"><ele>70.184654</ele><time>2020-10-26T20:41:36Z</time><extensions><speed>0.000000</speed><course>57.656250</course><hAcc>5.000000</hAcc><vAcc>3.000000</vAcc></extensions></trkpt>
      <trkpt lon="-123.270847" lat="44.558766"><ele>70.164230</ele><time>2020-10-26T20:41:37Z</time><extensions><speed>0.000000</speed><course>57.656250</course><hAcc>5.000000</hAcc><vAcc>3.000000</vAcc></extensions></trkpt>
      <trkpt lon="-123.270847" lat="44.558766"><ele>70.233589</ele><time>2020-10-26T20:41:38Z</time><extensions><speed>0.000000</speed><course>57.656250</course><hAcc>5.000000</hAcc><vAcc>3.000000</vAcc></extensions></trkpt>
      <trkpt lon="-123.270847" lat="44.558766"><ele>70.212006</ele><time>2020-10-26T20:41:39Z</time><extensions><speed>0.000000</speed><course>57.656250</course><hAcc>5.000000</hAcc><vAcc>3.000000</vAcc></extensions></trkpt>
      <trkpt lon="-123.270847" lat="44.558766"><ele>70.167389</ele><time>2020-10-26T20:41:40Z</time><extensions><speed>0.000000</speed><course>57.656250</course><hAcc>5.000000</hAcc><vAcc>3.000000</vAcc></extensions></trkpt>
      <trkpt lon="-123.270847" lat="44.558766"><ele>70.237900</ele><time>2020-10-26T20:41:41Z</time><extensions><speed>0.000000</speed><course>57.656250</course><hAcc>5.000000</hAcc><vAcc>3.000000</vAcc></extensions></trkpt>
      <trkpt lon="-123.270847" lat="44.558766"><ele>70.394691</ele><time>2020-10-26T20:41:42Z</time><extensions><speed>0.000000</speed><course>57.656250</course><hAcc>5.000000</hAcc><vAcc>3.000000</vAcc></extensions></trkpt>
      <trkpt lon="-123.270847" lat="44.558766"><ele>70.412743</ele><time>2020-10-26T20:41:43Z</time><extensions><speed>0.000000</speed><course>57.656250</course><hAcc>5.000000</hAcc><vAcc>3.000000</vAcc></extensions></trkpt>
      <trkpt lon="-123.270847" lat="44.558766"><ele>70.429474</ele><time>2020-10-26T20:41:44Z</time><extensions><speed>0.000000</speed><course>57.656250</course><hAcc>5.000000</hAcc><vAcc>3.000000</vAcc></extensions></trkpt>
      <trkpt lon="-123.270847" lat="44.558766"><ele>70.469818</ele><time>2020-10-26T20:41:45Z</time><extensions><speed>0.000000</speed><course>57.656250</course><hAcc>5.000000</hAcc><vAcc>3.000000</vAcc></extensions></trkpt>
      <trkpt lon="-123.270847" lat="44.558766"><ele>70.393837</ele><time>2020-10-26T20:41:46Z</time><extensions><speed>0.000000</speed><course>57.656250</course><hAcc>5.000000</hAcc><vAcc>3.000000</vAcc></extensions></trkpt>
      <trkpt lon="-123.270847" lat="44.558766"><ele>70.406876</ele><time>2020-10-26T20:41:47Z</time><extensions><speed>0.000000</speed><course>57.656250</course><hAcc>5.000000</hAcc><vAcc>3.000000</vAcc></extensions></trkpt>
      <trkpt lon="-123.270847" lat="44.558766"><ele>70.411247</ele><time>2020-10-26T20:41:48Z</time><extensions><speed>0.000000</speed><course>57.656250</course><hAcc>5.000000</hAcc><vAcc>3.000000</vAcc></extensions></trkpt>
      <trkpt lon="-123.270847" lat="44.558766"><ele>70.484734</ele><time>2020-10-26T20:41:49Z</time><extensions><speed>0.000000</speed><course>57.656250</course><hAcc>5.000000</hAcc><vAcc>3.000000</vAcc></extensions></trkpt>
      <trkpt lon="-123.270847" lat="44.558766"><ele>70.418114</ele><time>2020-10-26T20:41:50Z</time><extensions><speed>0.000000</speed><course>-1.000000</course><hAcc>5.000000</hAcc><vAcc>3.000000</vAcc></extensions></trkpt>
      <trkpt lon="-123.270847" lat="44.558766"><ele>70.523537</ele><time>2020-10-26T20:41:51Z</time><extensions><speed>0.000000</speed><course>-1.000000</course><hAcc>5.000000</hAcc><vAcc>3.000000</vAcc></extensions></trkpt>
      <trkpt lon="-123.270847" lat="44.558766"><ele>70.591469</ele><time>2020-10-26T20:41:52Z</time><extensions><speed>0.000000</speed><course>-1.000000</course><hAcc>5.000000</hAcc><vAcc>3.000000</vAcc></extensions></trkpt>
      <trkpt lon="-123.270847" lat="44.558766"><ele>70.607384</ele><time>2020-10-26T20:41:53Z</time><extensions><speed>0.000000</speed><course>-1.000000</course><hAcc>5.000000</hAcc><vAcc>3.000000</vAcc></extensions></trkpt>
      <trkpt lon="-123.270847" lat="44.558766"><ele>70.689819</ele><time>2020-10-26T20:41:54Z</time><extensions><speed>0.000000</speed><course>-1.000000</course><hAcc>5.000000</hAcc><vAcc>3.000000</vAcc></extensions></trkpt>
      <trkpt lon="-123.270847" lat="44.558766"><ele>70.663452</ele><time>2020-10-26T20:41:55Z</time><extensions><speed>0.000000</speed><course>-1.000000</course><hAcc>5.000000</hAcc><vAcc>3.000000</vAcc></extensions></trkpt>
      <trkpt lon="-123.270847" lat="44.558766"><ele>70.633087</ele><time>2020-10-26T20:41:56Z</time><extensions><speed>0.000000</speed><course>-1.000000</course><hAcc>5.000000</hAcc><vAcc>3.000000</vAcc></extensions></trkpt>
      <trkpt lon="-123.270847" lat="44.558766"><ele>70.621964</ele><time>2020-10-26T20:41:57Z</time><extensions><speed>0.000000</speed><course>-1.000000</course><hAcc>5.000000</hAcc><vAcc>3.000000</vAcc></extensions></trkpt>
      <trkpt lon="-123.270847" lat="44.558766"><ele>70.628708</ele><time>2020-10-26T20:41:58Z</time><extensions><speed>0.000000</speed><course>-1.000000</course><hAcc>5.000000</hAcc><vAcc>3.000000</vAcc></extensions></trkpt>
      <trkpt lon="-123.270847" lat="44.558766"><ele>70.568375</ele><time>2020-10-26T20:41:59Z</time><extensions><speed>0.000000</speed><course>-1.000000</course><hAcc>5.000000</hAcc><vAcc>3.000000</vAcc></extensions></trkpt>
      <trkpt lon="-123.270847" lat="44.558766"><ele>70.551788</ele><time>2020-10-26T20:42:00Z</time><extensions><speed>0.000000</speed><course>-1.000000</course><hAcc>5.000000</hAcc><vAcc>3.000000</vAcc></extensions></trkpt>
      <trkpt lon="-123.270847" lat="44.558766"><ele>70.603561</ele><time>2020-10-26T20:42:01Z</time><extensions><speed>0.000000</speed><course>-1.000000</course><hAcc>5.000000</hAcc><vAcc>3.000000</vAcc></extensions></trkpt>
      <trkpt lon="-123.270847" lat="44.558766"><ele>70.610695</ele><time>2020-10-26T20:42:02Z</time><extensions><speed>0.000000</speed><course>-1.000000</course><hAcc>5.000000</hAcc><vAcc>3.000000</vAcc></extensions></trkpt>
      <trkpt lon="-123.270847" lat="44.558766"><ele>70.629417</ele><time>2020-10-26T20:42:03Z</time><extensions><speed>0.000000</speed><course>-1.000000</course><hAcc>5.000000</hAcc><vAcc>3.000000</vAcc></extensions></trkpt>
      <trkpt lon="-123.270847" lat="44.558766"><ele>70.533981</ele><time>2020-10-26T20:42:04Z</time><extensions><speed>0.000000</speed><course>-1.000000</course><hAcc>5.000000</hAcc><vAcc>3.000000</vAcc></extensions></trkpt>
      <trkpt lon="-123.270847" lat="44.558766"><ele>70.605316</ele><time>2020-10-26T20:42:05Z</time><extensions><speed>0.000000</speed><course>-1.000000</course><hAcc>5.000000</hAcc><vAcc>3.000000</vAcc></extensions></trkpt>
      <trkpt lon="-123.270847" lat="44.558766"><ele>70.542351</ele><time>2020-10-26T20:42:06Z</time><extensions><speed>0.000000</speed><course>-1.000000</course><hAcc>5.000000</hAcc><vAcc>3.000000</vAcc></extensions></trkpt>
      <trkpt lon="-123.270847" lat="44.558766"><ele>70.577538</ele><time>2020-10-26T20:42:07Z</time><extensions><speed>0.000000</speed><course>-1.000000</course><hAcc>5.000000</hAcc><vAcc>3.000000</vAcc></extensions></trkpt>
      <trkpt lon="-123.270847" lat="44.558766"><ele>70.550560</ele><time>2020-10-26T20:42:08Z</time><extensions><speed>0.000000</speed><course>-1.000000</course><hAcc>5.000000</hAcc><vAcc>3.000000</vAcc></extensions></trkpt>
      <trkpt lon="-123.270847" lat="44.558766"><ele>70.628296</ele><time>2020-10-26T20:42:09Z</time><extensions><speed>0.000000</speed><course>-1.000000</course><hAcc>5.000000</hAcc><vAcc>3.000000</vAcc></extensions></trkpt>
      <trkpt lon="-123.270847" lat="44.558766"><ele>70.573792</ele><time>2020-10-26T20:42:10Z</time><extensions><speed>0.000000</speed><course>-1.000000</course><hAcc>5.000000</hAcc><vAcc>3.000000</vAcc></extensions></trkpt>
      <trkpt lon="-123.270847" lat="44.558766"><ele>70.562019</ele><time>2020-10-26T20:42:11Z</time><extensions><speed>0.000000</speed><course>-1.000000</course><hAcc>5.000000</hAcc><vAcc>3.000000</vAcc></extensions></trkpt>
      <trkpt lon="-123.270847" lat="44.558766"><ele>70.779549</ele><time>2020-10-26T20:42:12Z</time><extensions><speed>0.000000</speed><course>-1.000000</course><hAcc>5.000000</hAcc><vAcc>3.000000</vAcc></extensions></trkpt>
      <trkpt lon="-123.270847" lat="44.558766"><ele>70.773735</ele><time>2020-10-26T20:42:13Z</time><extensions><speed>0.000000</speed><course>-1.000000</course><hAcc>5.000000</hAcc><vAcc>3.000000</vAcc></extensions></trkpt>
      <trkpt lon="-123.270847" lat="44.558766"><ele>70.745644</ele><time>2020-10-26T20:42:14Z</time><extensions><speed>0.000000</speed><course>-1.000000</course><hAcc>5.000000</hAcc><vAcc>3.000000</vAcc></extensions></trkpt>
      <trkpt lon="-123.270847" lat="44.558766"><ele>70.749161</ele><time>2020-10-26T20:42:15Z</time><extensions><speed>0.000000</speed><course>-1.000000</course><hAcc>5.000000</hAcc><vAcc>3.000000</vAcc></extensions></trkpt>
      <trkpt lon="-123.270847" lat="44.558766"><ele>70.667336</ele><time>2020-10-26T20:42:16Z</time><extensions><speed>0.000000</speed><course>-1.000000</course><hAcc>5.000000</hAcc><vAcc>3.000000</vAcc></extensions></trkpt>
      <trkpt lon="-123.270847" lat="44.558766"><ele>70.745049</ele><time>2020-10-26T20:42:17Z</time><extensions><speed>0.000000</speed><course>-1.000000</course><hAcc>5.000000</hAcc><vAcc>3.000000</vAcc></extensions></trkpt>
      <trkpt lon="-123.270847" lat="44.558766"><ele>70.739464</ele><time>2020-10-26T20:42:18Z</time><extensions><speed>0.000000</speed><course>-1.000000</course><hAcc>5.000000</hAcc><vAcc>3.000000</vAcc></extensions></trkpt>
      <trkpt lon="-123.270847" lat="44.558766"><ele>70.705139</ele><time>2020-10-26T20:42:19Z</time><extensions><speed>0.000000</speed><course>-1.000000</course><hAcc>5.000000</hAcc><vAcc>3.000000</vAcc></extensions></trkpt>
      <trkpt lon="-123.270847" lat="44.558766"><ele>70.722710</ele><time>2020-10-26T20:42:20Z</time><extensions><speed>0.000000</speed><course>-1.000000</course><hAcc>5.000000</hAcc><vAcc>4.000000</vAcc></extensions></trkpt>
      <trkpt lon="-123.270847" lat="44.558766"><ele>70.689285</ele><time>2020-10-26T20:42:21Z</time><extensions><speed>0.000000</speed><course>-1.000000</course><hAcc>5.000000</hAcc><vAcc>3.000000</vAcc></extensions></trkpt>
      <trkpt lon="-123.270847" lat="44.558766"><ele>70.695496</ele><time>2020-10-26T20:42:22Z</time><extensions><speed>0.000000</speed><course>-1.000000</course><hAcc>5.000000</hAcc><vAcc>3.000000</vAcc></extensions></trkpt>
      <trkpt lon="-123.270847" lat="44.558766"><ele>70.715302</ele><time>2020-10-26T20:42:23Z</time><extensions><speed>0.000000</speed><course>-1.000000</course><hAcc>5.000000</hAcc><vAcc>3.000000</vAcc></extensions></trkpt>
      <trkpt lon="-123.270847" lat="44.558766"><ele>70.638252</ele><time>2020-10-26T20:42:24Z</time><extensions><speed>0.000000</speed><course>-1.000000</course><hAcc>5.000000</hAcc><vAcc>3.000000</vAcc></extensions></trkpt>
      <trkpt lon="-123.270847" lat="44.558766"><ele>70.743019</ele><time>2020-10-26T20:42:25Z</time><extensions><speed>0.000000</speed><course>-1.000000</course><hAcc>5.000000</hAcc><vAcc>3.000000</vAcc></extensions></trkpt>
      <trkpt lon="-123.270847" lat="44.558766"><ele>70.874481</ele><time>2020-10-26T20:42:26Z</time><extensions><speed>0.000000</speed><course>-1.000000</course><hAcc>5.000000</hAcc><vAcc>4.000000</vAcc></extensions></trkpt>
      <trkpt lon="-123.270847" lat="44.558766"><ele>70.952240</ele><time>2020-10-26T20:42:27Z</time><extensions><speed>0.000000</speed><course>-1.000000</course><hAcc>5.000000</hAcc><vAcc>4.000000</vAcc></extensions></trkpt>
      <trkpt lon="-123.270847" lat="44.558766"><ele>70.872833</ele><time>2020-10-26T20:42:28Z</time><extensions><speed>0.000000</speed><course>-1.000000</course><hAcc>5.000000</hAcc><vAcc>4.000000</vAcc></extensions></trkpt>
      <trkpt lon="-123.270847" lat="44.558766"><ele>70.812576</ele><time>2020-10-26T20:42:29Z</time><extensions><speed>0.000000</speed><course>-1.000000</course><hAcc>5.000000</hAcc><vAcc>4.000000</vAcc></extensions></trkpt>
      <trkpt lon="-123.270847" lat="44.558766"><ele>70.792618</ele><time>2020-10-26T20:42:30Z</time><extensions><speed>0.000000</speed><course>-1.000000</course><hAcc>5.000000</hAcc><vAcc>4.000000</vAcc></extensions></trkpt>
      <trkpt lon="-123.270847" lat="44.558766"><ele>70.859100</ele><time>2020-10-26T20:42:31Z</time><extensions><speed>0.000000</speed><course>-1.000000</course><hAcc>5.000000</hAcc><vAcc>3.000000</vAcc></extensions></trkpt>
      <trkpt lon="-123.270847" lat="44.558766"><ele>70.811470</ele><time>2020-10-26T20:42:32Z</time><extensions><speed>0.000000</speed><course>-1.000000</course><hAcc>5.000000</hAcc><vAcc>3.000000</vAcc></extensions></trkpt>
      <trkpt lon="-123.270847" lat="44.558766"><ele>70.837120</ele><time>2020-10-26T20:42:33Z</time><extensions><speed>0.000000</speed><course>-1.000000</course><hAcc>5.000000</hAcc><vAcc>3.000000</vAcc></extensions></trkpt>
      <trkpt lon="-123.270847" lat="44.558766"><ele>70.791153</ele><time>2020-10-26T20:42:34Z</time><extensions><speed>0.000000</speed><course>-1.000000</course><hAcc>5.000000</hAcc><vAcc>3.000000</vAcc></extensions></trkpt>
      <trkpt lon="-123.270847" lat="44.558766"><ele>70.792679</ele><time>2020-10-26T20:42:35Z</time><extensions><speed>0.000000</speed><course>-1.000000</course><hAcc>5.000000</hAcc><vAcc>3.000000</vAcc></extensions></trkpt>
      <trkpt lon="-123.270847" lat="44.558766"><ele>70.875671</ele><time>2020-10-26T20:42:36Z</time><extensions><speed>0.000000</speed><course>-1.000000</course><hAcc>5.000000</hAcc><vAcc>3.000000</vAcc></extensions></trkpt>
      <trkpt lon="-123.270847" lat="44.558766"><ele>70.884659</ele><time>2020-10-26T20:42:37Z</time><extensions><speed>0.000000</speed><course>-1.000000</course><hAcc>5.000000</hAcc><vAcc>3.000000</vAcc></extensions></trkpt>
      <trkpt lon="-123.270847" lat="44.558766"><ele>70.883041</ele><time>2020-10-26T20:42:38Z</time><extensions><speed>0.000000</speed><course>-1.000000</course><hAcc>5.000000</hAcc><vAcc>4.000000</vAcc></extensions></trkpt>
      <trkpt lon="-123.270847" lat="44.558766"><ele>70.809555</ele><time>2020-10-26T20:42:39Z</time><extensions><speed>0.000000</speed><course>-1.000000</course><hAcc>5.000000</hAcc><vAcc>4.000000</vAcc></extensions></trkpt>
      <trkpt lon="-123.270847" lat="44.558766"><ele>70.685539</ele><time>2020-10-26T20:42:40Z</time><extensions><speed>0.000000</speed><course>-1.000000</course><hAcc>5.000000</hAcc><vAcc>4.000000</vAcc></extensions></trkpt>
      <trkpt lon="-123.270847" lat="44.558766"><ele>70.661621</ele><time>2020-10-26T20:42:41Z</time><extensions><speed>0.000000</speed><course>-1.000000</course><hAcc>5.000000</hAcc><vAcc>4.000000</vAcc></extensions></trkpt>
      <trkpt lon="-123.270847" lat="44.558766"><ele>70.821205</ele><time>2020-10-26T20:42:42Z</time><extensions><speed>0.000000</speed><course>-1.000000</course><hAcc>5.000000</hAcc><vAcc>4.000000</vAcc></extensions></trkpt>
      <trkpt lon="-123.270847" lat="44.558766"><ele>70.808449</ele><time>2020-10-26T20:42:43Z</time><extensions><speed>0.000000</speed><course>-1.000000</course><hAcc>5.000000</hAcc><vAcc>4.000000</vAcc></extensions></trkpt>
      <trkpt lon="-123.270847" lat="44.558766"><ele>70.851440</ele><time>2020-10-26T20:42:44Z</time><extensions><speed>0.000000</speed><course>-1.000000</course><hAcc>5.000000</hAcc><vAcc>4.000000</vAcc></extensions></trkpt>
      <trkpt lon="-123.270847" lat="44.558766"><ele>70.751198</ele><time>2020-10-26T20:42:45Z</time><extensions><speed>0.000000</speed><course>-1.000000</course><hAcc>5.000000</hAcc><vAcc>4.000000</vAcc></extensions></trkpt>
      <trkpt lon="-123.270847" lat="44.558766"><ele>70.788460</ele><time>2020-10-26T20:42:46Z</time><extensions><speed>0.000000</speed><course>-1.000000</course><hAcc>5.000000</hAcc><vAcc>4.000000</vAcc></extensions></trkpt>
      <trkpt lon="-123.270847" lat="44.558766"><ele>70.799904</ele><time>2020-10-26T20:42:47Z</time><extensions><speed>0.000000</speed><course>-1.000000</course><hAcc>5.000000</hAcc><vAcc>4.000000</vAcc></extensions></trkpt>
      <trkpt lon="-123.270847" lat="44.558766"><ele>70.812477</ele><time>2020-10-26T20:42:48Z</time><extensions><speed>0.000000</speed><course>-1.000000</course><hAcc>5.000000</hAcc><vAcc>4.000000</vAcc></extensions></trkpt>
      <trkpt lon="-123.270847" lat="44.558766"><ele>70.773682</ele><time>2020-10-26T20:42:49Z</time><extensions><speed>0.000000</speed><course>-1.000000</course><hAcc>5.000000</hAcc><vAcc>4.000000</vAcc></extensions></trkpt>
      <trkpt lon="-123.270847" lat="44.558766"><ele>70.733673</ele><time>2020-10-26T20:42:50Z</time><extensions><speed>0.000000</speed><course>-1.000000</course><hAcc>5.000000</hAcc><vAcc>4.000000</vAcc></extensions></trkpt>
      <trkpt lon="-123.270847" lat="44.558766"><ele>70.736237</ele><time>2020-10-26T20:42:51Z</time><extensions><speed>0.000000</speed><course>-1.000000</course><hAcc>5.000000</hAcc><vAcc>4.000000</vAcc></extensions></trkpt>
      <trkpt lon="-123.270847" lat="44.558766"><ele>70.907219</ele><time>2020-10-26T20:42:52Z</time><extensions><speed>0.000000</speed><course>-1.000000</course><hAcc>5.000000</hAcc><vAcc>4.000000</vAcc></extensions></trkpt>
      <trkpt lon="-123.270847" lat="44.558766"><ele>70.948250</ele><time>2020-10-26T20:42:53Z</time><extensions><speed>0.000000</speed><course>-1.000000</course><hAcc>5.000000</hAcc><vAcc>4.000000</vAcc></extensions></trkpt>
      <trkpt lon="-123.270847" lat="44.558766"><ele>70.904655</ele><time>2020-10-26T20:42:54Z</time><extensions><speed>0.000000</speed><course>-1.000000</course><hAcc>5.000000</hAcc><vAcc>4.000000</vAcc></extensions></trkpt>
      <trkpt lon="-123.270847" lat="44.558766"><ele>70.970642</ele><time>2020-10-26T20:42:55Z</time><extensions><speed>0.000000</speed><course>-1.000000</course><hAcc>5.000000</hAcc><vAcc>4.000000</vAcc></extensions></trkpt>
      <trkpt lon="-123.270847" lat="44.558766"><ele>70.956459</ele><time>2020-10-26T20:42:56Z</time><extensions><speed>0.000000</speed><course>-1.000000</course><hAcc>5.000000</hAcc><vAcc>3.000000</vAcc></extensions></trkpt>
      <trkpt lon="-123.270847" lat="44.558766"><ele>70.946693</ele><time>2020-10-26T20:42:57Z</time><extensions><speed>0.000000</speed><course>-1.000000</course><hAcc>5.000000</hAcc><vAcc>3.000000</vAcc></extensions></trkpt>
      <trkpt lon="-123.270847" lat="44.558766"><ele>70.900124</ele><time>2020-10-26T20:42:58Z</time><extensions><speed>0.000000</speed><course>-1.000000</course><hAcc>5.000000</hAcc><vAcc>3.000000</vAcc></extensions></trkpt>
      <trkpt lon="-123.270847" lat="44.558766"><ele>70.917671</ele><time>2020-10-26T20:42:59Z</time><extensions><speed>0.000000</speed><course>-1.000000</course><hAcc>5.000000</hAcc><vAcc>3.000000</vAcc></extensions></trkpt>
      <trkpt lon="-123.270847" lat="44.558766"><ele>70.899269</ele><time>2020-10-26T20:43:00Z</time><extensions><speed>0.000000</speed><course>-1.000000</course><hAcc>5.000000</hAcc><vAcc>3.000000</vAcc></extensions></trkpt>
      <trkpt lon="-123.270847" lat="44.558766"><ele>70.912163</ele><time>2020-10-26T20:43:01Z</time><extensions><speed>0.000000</speed><course>-1.000000</course><hAcc>5.000000</hAcc><vAcc>3.000000</vAcc></extensions></trkpt>
      <trkpt lon="-123.270847" lat="44.558766"><ele>70.907593</ele><time>2020-10-26T20:43:02Z</time><extensions><speed>0.000000</speed><course>-1.000000</course><hAcc>5.000000</hAcc><vAcc>3.000000</vAcc></extensions></trkpt>
      <trkpt lon="-123.270847" lat="44.558766"><ele>70.900169</ele><time>2020-10-26T20:43:03Z</time><extensions><speed>0.000000</speed><course>-1.000000</course><hAcc>5.000000</hAcc><vAcc>3.000000</vAcc></extensions></trkpt>
      <trkpt lon="-123.270847" lat="44.558766"><ele>70.870445</ele><time>2020-10-26T20:43:04Z</time><extensions><speed>0.000000</speed><course>-1.000000</course><hAcc>5.000000</hAcc><vAcc>4.000000</vAcc></extensions></trkpt>
      <trkpt lon="-123.270847" lat="44.558766"><ele>70.817406</ele><time>2020-10-26T20:43:05Z</time><extensions><speed>0.000000</speed><course>-1.000000</course><hAcc>5.000000</hAcc><vAcc>4.000000</vAcc></extensions></trkpt>
      <trkpt lon="-123.270847" lat="44.558766"><ele>70.867035</ele><time>2020-10-26T20:43:06Z</time><extensions><speed>0.000000</speed><course>-1.000000</course><hAcc>5.000000</hAcc><vAcc>4.000000</vAcc></extensions></trkpt>
      <trkpt lon="-123.270847" lat="44.558766"><ele>70.733902</ele><time>2020-10-26T20:43:07Z</time><extensions><speed>0.000000</speed><course>-1.000000</course><hAcc>5.000000</hAcc><vAcc>4.000000</vAcc></extensions></trkpt>
      <trkpt lon="-123.270847" lat="44.558766"><ele>70.763214</ele><time>2020-10-26T20:43:08Z</time><extensions><speed>0.000000</speed><course>-1.000000</course><hAcc>5.000000</hAcc><vAcc>3.000000</vAcc></extensions></trkpt>
      <trkpt lon="-123.270847" lat="44.558766"><ele>71.049149</ele><time>2020-10-26T20:43:09Z</time><extensions><speed>0.000000</speed><course>-1.000000</course><hAcc>5.000000</hAcc><vAcc>4.000000</vAcc></extensions></trkpt>
      <trkpt lon="-123.270847" lat="44.558766"><ele>71.042442</ele><time>2020-10-26T20:43:10Z</time><extensions><speed>0.000000</speed><course>-1.000000</course><hAcc>5.000000</hAcc><vAcc>4.000000</vAcc></extensions></trkpt>
      <trkpt lon="-123.270847" lat="44.558766"><ele>71.077293</ele><time>2020-10-26T20:43:11Z</time><extensions><speed>0.000000</speed><course>-1.000000</course><hAcc>5.000000</hAcc><vAcc>3.000000</vAcc></extensions></trkpt>
      <trkpt lon="-123.270847" lat="44.558766"><ele>71.053108</ele><time>2020-10-26T20:43:12Z</time><extensions><speed>0.000000</speed><course>-1.000000</course><hAcc>5.000000</hAcc><vAcc>3.000000</vAcc></extensions></trkpt>
      <trkpt lon="-123.270847" lat="44.558766"><ele>71.071159</ele><time>2020-10-26T20:43:13Z</time><extensions><speed>0.000000</speed><course>-1.000000</course><hAcc>5.000000</hAcc><vAcc>3.000000</vAcc></extensions></trkpt>
      <trkpt lon="-123.270847" lat="44.558766"><ele>71.049225</ele><time>2020-10-26T20:43:14Z</time><extensions><speed>0.000000</speed><course>-1.000000</course><hAcc>5.000000</hAcc><vAcc>3.000000</vAcc></extensions></trkpt>
      <trkpt lon="-123.270847" lat="44.558766"><ele>71.118401</ele><time>2020-10-26T20:43:15Z</time><extensions><speed>0.000000</speed><course>-1.000000</course><hAcc>5.000000</hAcc><vAcc>3.000000</vAcc></extensions></trkpt>
      <trkpt lon="-123.270847" lat="44.558766"><ele>70.970978</ele><time>2020-10-26T20:43:16Z</time><extensions><speed>0.000000</speed><course>-1.000000</course><hAcc>5.000000</hAcc><vAcc>3.000000</vAcc></extensions></trkpt>
      <trkpt lon="-123.270847" lat="44.558766"><ele>70.966156</ele><time>2020-10-26T20:43:17Z</time><extensions><speed>0.000000</speed><course>-1.000000</course><hAcc>5.000000</hAcc><vAcc>3.000000</vAcc></extensions></trkpt>
      <trkpt lon="-123.270847" lat="44.558766"><ele>70.995567</ele><time>2020-10-26T20:43:18Z</time><extensions><speed>0.000000</speed><course>-1.000000</course><hAcc>5.000000</hAcc><vAcc>3.000000</vAcc></extensions></trkpt>
      <trkpt lon="-123.270847" lat="44.558766"><ele>71.025520</ele><time>2020-10-26T20:43:19Z</time><extensions><speed>0.000000</speed><course>-1.000000</course><hAcc>5.000000</hAcc><vAcc>3.000000</vAcc></extensions></trkpt>
      <trkpt lon="-123.270847" lat="44.558766"><ele>71.015533</ele><time>2020-10-26T20:43:20Z</time><extensions><speed>0.000000</speed><course>-1.000000</course><hAcc>10.000000</hAcc><vAcc>3.000000</vAcc></extensions></trkpt>
      <trkpt lon="-123.270847" lat="44.558766"><ele>70.993584</ele><time>2020-10-26T20:43:21Z</time><extensions><speed>0.000000</speed><course>-1.000000</course><hAcc>10.000000</hAcc><vAcc>3.000000</vAcc></extensions></trkpt>
      <trkpt lon="-123.270847" lat="44.558766"><ele>71.011169</ele><time>2020-10-26T20:43:22Z</time><extensions><speed>0.000000</speed><course>-1.000000</course><hAcc>10.000000</hAcc><vAcc>3.000000</vAcc></extensions></trkpt>
      <trkpt lon="-123.270847" lat="44.558766"><ele>71.027290</ele><time>2020-10-26T20:43:23Z</time><extensions><speed>0.000000</speed><course>-1.000000</course><hAcc>10.000000</hAcc><vAcc>3.000000</vAcc></extensions></trkpt>
      <trkpt lon="-123.270847" lat="44.558766"><ele>71.014633</ele><time>2020-10-26T20:43:24Z</time><extensions><speed>0.000000</speed><course>-1.000000</course><hAcc>10.000000</hAcc><vAcc>3.000000</vAcc></extensions></trkpt>
      <trkpt lon="-123.270847" lat="44.558766"><ele>70.991020</ele><time>2020-10-26T20:43:25Z</time><extensions><speed>0.000000</speed><course>-1.000000</course><hAcc>10.000000</hAcc><vAcc>3.000000</vAcc></extensions></trkpt>
      <trkpt lon="-123.270847" lat="44.558766"><ele>71.031303</ele><time>2020-10-26T20:43:26Z</time><extensions><speed>0.000000</speed><course>-1.000000</course><hAcc>10.000000</hAcc><vAcc>3.000000</vAcc></extensions></trkpt>
      <trkpt lon="-123.270847" lat="44.558766"><ele>71.003723</ele><time>2020-10-26T20:43:27Z</time><extensions><speed>0.000000</speed><course>-1.000000</course><hAcc>10.000000</hAcc><vAcc>3.000000</vAcc></extensions></trkpt>
      <trkpt lon="-123.270847" lat="44.558766"><ele>70.875587</ele><time>2020-10-26T20:43:28Z</time><extensions><speed>0.000000</speed><course>-1.000000</course><hAcc>10.000000</hAcc><vAcc>3.000000</vAcc></extensions></trkpt>
      <trkpt lon="-123.270847" lat="44.558766"><ele>70.833382</ele><time>2020-10-26T20:43:29Z</time><extensions><speed>0.000000</speed><course>-1.000000</course><hAcc>5.000000</hAcc><vAcc>3.000000</vAcc></extensions></trkpt>
      <trkpt lon="-123.270847" lat="44.558766"><ele>71.351494</ele><time>2020-10-26T20:43:30Z</time><extensions><speed>0.000000</speed><course>-1.000000</course><hAcc>5.000000</hAcc><vAcc>3.000000</vAcc></extensions></trkpt>
      <trkpt lon="-123.270855" lat="44.558766"><ele>70.986404</ele><time>2020-10-26T20:43:31Z</time><extensions><speed>0.530000</speed><course>305.507812</course><hAcc>5.000000</hAcc><vAcc>3.000000</vAcc></extensions></trkpt>
      <trkpt lon="-123.270864" lat="44.558765"><ele>70.671783</ele><time>2020-10-26T20:43:32Z</time><extensions><speed>0.530000</speed><course>247.851562</course><hAcc>5.000000</hAcc><vAcc>3.000000</vAcc></extensions></trkpt>
      <trkpt lon="-123.270872" lat="44.558760"><ele>70.785942</ele><time>2020-10-26T20:43:33Z</time><extensions><speed>0.640000</speed><course>229.218750</course><hAcc>5.000000</hAcc><vAcc>3.000000</vAcc></extensions></trkpt>
      <trkpt lon="-123.270875" lat="44.558751"><ele>70.746483</ele><time>2020-10-26T20:43:34Z</time><extensions><speed>0.970000</speed><course>198.632812</course><hAcc>5.000000</hAcc><vAcc>3.000000</vAcc></extensions></trkpt>
      <trkpt lon="-123.270877" lat="44.558742"><ele>70.822571</ele><time>2020-10-26T20:43:35Z</time><extensions><speed>0.970000</speed><course>194.062500</course><hAcc>5.000000</hAcc><vAcc>3.000000</vAcc></extensions></trkpt>
      <trkpt lon="-123.270880" lat="44.558733"><ele>70.936897</ele><time>2020-10-26T20:43:36Z</time><extensions><speed>0.970000</speed><course>195.468750</course><hAcc>5.000000</hAcc><vAcc>3.000000</vAcc></extensions></trkpt>
      <trkpt lon="-123.270882" lat="44.558722"><ele>70.956505</ele><time>2020-10-26T20:43:37Z</time><extensions><speed>1.120000</speed><course>194.414062</course><hAcc>5.000000</hAcc><vAcc>3.000000</vAcc></extensions></trkpt>
      <trkpt lon="-123.270885" lat="44.558713"><ele>71.192909</ele><time>2020-10-26T20:43:38Z</time><extensions><speed>0.890000</speed><course>187.382812</course><hAcc>5.000000</hAcc><vAcc>3.000000</vAcc></extensions></trkpt>
      <trkpt lon="-123.270887" lat="44.558707"><ele>71.177658</ele><time>2020-10-26T20:43:39Z</time><extensions><speed>0.890000</speed><course>215.507812</course><hAcc>5.000000</hAcc><vAcc>3.000000</vAcc></extensions></trkpt>
      <trkpt lon="-123.270893" lat="44.558702"><ele>71.383453</ele><time>2020-10-26T20:43:40Z</time><extensions><speed>0.770000</speed><course>242.929688</course><hAcc>5.000000</hAcc><vAcc>3.000000</vAcc></extensions></trkpt>
      <trkpt lon="-123.270900" lat="44.558698"><ele>71.347267</ele><time>2020-10-26T20:43:41Z</time><extensions><speed>0.590000</speed><course>226.406250</course><hAcc>5.000000</hAcc><vAcc>3.000000</vAcc></extensions></trkpt>
      <trkpt lon="-123.270909" lat="44.558695"><ele>71.394112</ele><time>2020-10-26T20:43:42Z</time><extensions><speed>0.800000</speed><course>257.343750</course><hAcc>5.000000</hAcc><vAcc>3.000000</vAcc></extensions></trkpt>
      <trkpt lon="-123.270923" lat="44.558695"><ele>71.385269</ele><time>2020-10-26T20:43:43Z</time><extensions><speed>0.950000</speed><course>277.734375</course><hAcc>5.000000</hAcc><vAcc>3.000000</vAcc></extensions></trkpt>
      <trkpt lon="-123.270937" lat="44.558694"><ele>71.357773</ele><time>2020-10-26T20:43:44Z</time><extensions><speed>0.890000</speed><course>245.039062</course><hAcc>5.000000</hAcc><vAcc>3.000000</vAcc></extensions></trkpt>
      <trkpt lon="-123.270948" lat="44.558693"><ele>71.361076</ele><time>2020-10-26T20:43:45Z</time><extensions><speed>0.890000</speed><course>253.125000</course><hAcc>5.000000</hAcc><vAcc>3.000000</vAcc></extensions></trkpt>
      <trkpt lon="-123.270958" lat="44.558692"><ele>71.339111</ele><time>2020-10-26T20:43:46Z</time><extensions><speed>0.840000</speed><course>257.695312</course><hAcc>5.000000</hAcc><vAcc>3.000000</vAcc></extensions></trkpt>
      <trkpt lon="-123.270971" lat="44.558688"><ele>71.246414</ele><time>2020-10-26T20:43:47Z</time><extensions><speed>1.120000</speed><course>254.882812</course><hAcc>5.000000</hAcc><vAcc>3.000000</vAcc></extensions></trkpt>
      <trkpt lon="-123.270983" lat="44.558683"><ele>71.280785</ele><time>2020-10-26T20:43:48Z</time><extensions><speed>0.840000</speed><course>226.406250</course><hAcc>5.000000</hAcc><vAcc>3.000000</vAcc></extensions></trkpt>
      <trkpt lon="-123.270994" lat="44.558680"><ele>71.328239</ele><time>2020-10-26T20:43:49Z</time><extensions><speed>0.860000</speed><course>307.265625</course><hAcc>5.000000</hAcc><vAcc>3.000000</vAcc></extensions></trkpt>
      <trkpt lon="-123.271006" lat="44.558681"><ele>71.429611</ele><time>2020-10-26T20:43:50Z</time><extensions><speed>0.780000</speed><course>286.875000</course><hAcc>5.000000</hAcc><vAcc>3.000000</vAcc></extensions></trkpt>
      <trkpt lon="-123.271020" lat="44.558682"><ele>71.448929</ele><time>2020-10-26T20:43:51Z</time><extensions><speed>1.220000</speed><course>258.750000</course><hAcc>5.000000</hAcc><vAcc>3.000000</vAcc></extensions></trkpt>
      <trkpt lon="-123.271036" lat="44.558682"><ele>71.257278</ele><time>2020-10-26T20:43:52Z</time><extensions><speed>1.220000</speed><course>262.968750</course><hAcc>5.000000</hAcc><vAcc>3.000000</vAcc></extensions></trkpt>
      <trkpt lon="-123.271053" lat="44.558680"><ele>71.208939</ele><time>2020-10-26T20:43:53Z</time><extensions><speed>1.230000</speed><course>262.968750</course><hAcc>5.000000</hAcc><vAcc>3.000000</vAcc></extensions></trkpt>
      <trkpt lon="-123.271067" lat="44.558686"><ele>71.298050</ele><time>2020-10-26T20:43:54Z</time><extensions><speed>1.490000</speed><course>291.093750</course><hAcc>5.000000</hAcc><vAcc>3.000000</vAcc></extensions></trkpt>
      <trkpt lon="-123.271078" lat="44.558698"><ele>71.402290</ele><time>2020-10-26T20:43:55Z</time><extensions><speed>1.490000</speed><course>342.421875</course><hAcc>5.000000</hAcc><vAcc>3.000000</vAcc></extensions></trkpt>
      <trkpt lon="-123.271088" lat="44.558707"><ele>71.556816</ele><time>2020-10-26T20:43:56Z</time><extensions><speed>1.490000</speed><course>294.257812</course><hAcc>5.000000</hAcc><vAcc>3.000000</vAcc></extensions></trkpt>
      <trkpt lon="-123.271092" lat="44.558708"><ele>71.898964</ele><time>2020-10-26T20:43:57Z</time><extensions><speed>0.890000</speed><course>204.960938</course><hAcc>5.000000</hAcc><vAcc>3.000000</vAcc></extensions></trkpt>
      <trkpt lon="-123.271099" lat="44.558706"><ele>71.832222</ele><time>2020-10-26T20:43:58Z</time><extensions><speed>0.550000</speed><course>254.531250</course><hAcc>5.000000</hAcc><vAcc>3.000000</vAcc></extensions></trkpt>
      <trkpt lon="-123.271106" lat="44.558700"><ele>72.015549</ele><time>2020-10-26T20:43:59Z</time><extensions><speed>0.550000</speed><course>250.664062</course><hAcc>5.000000</hAcc><vAcc>3.000000</vAcc></extensions></trkpt>
      <trkpt lon="-123.271113" lat="44.558694"><ele>72.046349</ele><time>2020-10-26T20:44:00Z</time><extensions><speed>0.500000</speed><course>269.648438</course><hAcc>5.000000</hAcc><vAcc>3.000000</vAcc></extensions></trkpt>
      <trkpt lon="-123.271119" lat="44.558691"><ele>72.042755</ele><time>2020-10-26T20:44:01Z</time><extensions><speed>0.500000</speed><course>250.312500</course><hAcc>5.000000</hAcc><vAcc>3.000000</vAcc></extensions></trkpt>
      <trkpt lon="-123.271126" lat="44.558692"><ele>72.001610</ele><time>2020-10-26T20:44:02Z</time><extensions><speed>0.650000</speed><course>292.148438</course><hAcc>5.000000</hAcc><vAcc>3.000000</vAcc></extensions></trkpt>
      <trkpt lon="-123.271133" lat="44.558693"><ele>72.084686</ele><time>2020-10-26T20:44:03Z</time><extensions><speed>0.650000</speed><course>268.593750</course><hAcc>5.000000</hAcc><vAcc>3.000000</vAcc></extensions></trkpt>
      <trkpt lon="-123.271139" lat="44.558698"><ele>71.978020</ele><time>2020-10-26T20:44:04Z</time><extensions><speed>0.440000</speed><course>314.296875</course><hAcc>5.000000</hAcc><vAcc>3.000000</vAcc></extensions></trkpt>
      <trkpt lon="-123.271144" lat="44.558702"><ele>71.991051</ele><time>2020-10-26T20:44:05Z</time><extensions><speed>0.330000</speed><course>293.203125</course><hAcc>5.000000</hAcc><vAcc>3.000000</vAcc></extensions></trkpt>
      <trkpt lon="-123.271144" lat="44.558702"><ele>71.491745</ele><time>2020-10-26T20:44:06Z</time><extensions><speed>0.000000</speed><course>225.000000</course><hAcc>5.000000</hAcc><vAcc>3.000000</vAcc></extensions></trkpt>
      <trkpt lon="-123.271144" lat="44.558702"><ele>71.492111</ele><time>2020-10-26T20:44:07Z</time><extensions><speed>0.000000</speed><course>87.187500</course><hAcc>5.000000</hAcc><vAcc>3.000000</vAcc></extensions></trkpt>
      <trkpt lon="-123.271144" lat="44.558702"><ele>71.528900</ele><time>2020-10-26T20:44:08Z</time><extensions><speed>0.000000</speed><course>87.187500</course><hAcc>5.000000</hAcc><vAcc>3.000000</vAcc></extensions></trkpt>
      <trkpt lon="-123.271144" lat="44.558702"><ele>71.496330</ele><time>2020-10-26T20:44:09Z</time><extensions><speed>0.000000</speed><course>87.187500</course><hAcc>5.000000</hAcc><vAcc>3.000000</vAcc></extensions></trkpt>
      <trkpt lon="-123.271144" lat="44.558702"><ele>71.506142</ele><time>2020-10-26T20:44:10Z</time><extensions><speed>0.000000</speed><course>87.187500</course><hAcc>5.000000</hAcc><vAcc>3.000000</vAcc></extensions></trkpt>
      <trkpt lon="-123.271144" lat="44.558702"><ele>71.542587</ele><time>2020-10-26T20:44:11Z</time><extensions><speed>0.000000</speed><course>87.187500</course><hAcc>5.000000</hAcc><vAcc>3.000000</vAcc></extensions></trkpt>
      <trkpt lon="-123.271144" lat="44.558702"><ele>71.469490</ele><time>2020-10-26T20:44:12Z</time><extensions><speed>0.000000</speed><course>87.187500</course><hAcc>5.000000</hAcc><vAcc>3.000000</vAcc></extensions></trkpt>
      <trkpt lon="-123.271144" lat="44.558702"><ele>71.445816</ele><time>2020-10-26T20:44:13Z</time><extensions><speed>0.000000</speed><course>87.187500</course><hAcc>5.000000</hAcc><vAcc>3.000000</vAcc></extensions></trkpt>
      <trkpt lon="-123.271144" lat="44.558702"><ele>71.502823</ele><time>2020-10-26T20:44:14Z</time><extensions><speed>0.000000</speed><course>87.187500</course><hAcc>5.000000</hAcc><vAcc>3.000000</vAcc></extensions></trkpt>
      <trkpt lon="-123.271144" lat="44.558702"><ele>71.567986</ele><time>2020-10-26T20:44:15Z</time><extensions><speed>0.000000</speed><course>87.187500</course><hAcc>5.000000</hAcc><vAcc>3.000000</vAcc></extensions></trkpt>
      <trkpt lon="-123.271144" lat="44.558702"><ele>71.515900</ele><time>2020-10-26T20:44:16Z</time><extensions><speed>0.000000</speed><course>87.187500</course><hAcc>5.000000</hAcc><vAcc>3.000000</vAcc></extensions></trkpt>
      <trkpt lon="-123.271144" lat="44.558702"><ele>71.573624</ele><time>2020-10-26T20:44:17Z</time><extensions><speed>0.000000</speed><course>87.187500</course><hAcc>5.000000</hAcc><vAcc>3.000000</vAcc></extensions></trkpt>
      <trkpt lon="-123.271144" lat="44.558702"><ele>72.166435</ele><time>2020-10-26T20:44:18Z</time><extensions><speed>0.000000</speed><course>94.218750</course><hAcc>5.000000</hAcc><vAcc>3.000000</vAcc></extensions></trkpt>
      <trkpt lon="-123.271144" lat="44.558702"><ele>72.127121</ele><time>2020-10-26T20:44:19Z</time><extensions><speed>0.000000</speed><course>211.289062</course><hAcc>5.000000</hAcc><vAcc>3.000000</vAcc></extensions></trkpt>
      <trkpt lon="-123.271144" lat="44.558702"><ele>72.113510</ele><time>2020-10-26T20:44:20Z</time><extensions><speed>0.000000</speed><course>163.828125</course><hAcc>5.000000</hAcc><vAcc>3.000000</vAcc></extensions></trkpt>
      <trkpt lon="-123.271144" lat="44.558702"><ele>72.076012</ele><time>2020-10-26T20:44:21Z</time><extensions><speed>0.000000</speed><course>124.804688</course><hAcc>5.000000</hAcc><vAcc>3.000000</vAcc></extensions></trkpt>
      <trkpt lon="-123.271144" lat="44.558702"><ele>72.077194</ele><time>2020-10-26T20:44:22Z</time><extensions><speed>0.000000</speed><course>242.929688</course><hAcc>5.000000</hAcc><vAcc>3.000000</vAcc></extensions></trkpt>
      <trkpt lon="-123.271144" lat="44.558702"><ele>72.042053</ele><time>2020-10-26T20:44:23Z</time><extensions><speed>0.000000</speed><course>248.906250</course><hAcc>5.000000</hAcc><vAcc>3.000000</vAcc></extensions></trkpt>
      <trkpt lon="-123.271149" lat="44.558714"><ele>72.122482</ele><time>2020-10-26T20:44:24Z</time><extensions><speed>0.190000</speed><course>88.945312</course><hAcc>5.000000</hAcc><vAcc>3.000000</vAcc></extensions></trkpt>
      <trkpt lon="-123.271147" lat="44.558714"><ele>72.107841</ele><time>2020-10-26T20:44:25Z</time><extensions><speed>0.190000</speed><course>21.093750</course><hAcc>5.000000</hAcc><vAcc>3.000000</vAcc></extensions></trkpt>
      <trkpt lon="-123.271147" lat="44.558714"><ele>72.143204</ele><time>2020-10-26T20:44:26Z</time><extensions><speed>0.000000</speed><course>276.328125</course><hAcc>5.000000</hAcc><vAcc>3.000000</vAcc></extensions></trkpt>
      <trkpt lon="-123.271147" lat="44.558714"><ele>72.060677</ele><time>2020-10-26T20:44:27Z</time><extensions><speed>0.000000</speed><course>257.695312</course><hAcc>5.000000</hAcc><vAcc>3.000000</vAcc></extensions></trkpt>
      <trkpt lon="-123.271147" lat="44.558714"><ele>72.073868</ele><time>2020-10-26T20:44:28Z</time><extensions><speed>0.000000</speed><course>227.812500</course><hAcc>5.000000</hAcc><vAcc>3.000000</vAcc></extensions></trkpt>
      <trkpt lon="-123.271147" lat="44.558714"><ele>72.026878</ele><time>2020-10-26T20:44:29Z</time><extensions><speed>0.000000</speed><course>35.507812</course><hAcc>5.000000</hAcc><vAcc>3.000000</vAcc></extensions></trkpt>
      <trkpt lon="-123.271152" lat="44.558716"><ele>72.131752</ele><time>2020-10-26T20:44:30Z</time><extensions><speed>0.320000</speed><course>55.546875</course><hAcc>5.000000</hAcc><vAcc>3.000000</vAcc></extensions></trkpt>
      <trkpt lon="-123.271153" lat="44.558716"><ele>72.059631</ele><time>2020-10-26T20:44:31Z</time><extensions><speed>0.230000</speed><course>242.226562</course><hAcc>5.000000</hAcc><vAcc>3.000000</vAcc></extensions></trkpt>
      <trkpt lon="-123.271157" lat="44.558714"><ele>72.002563</ele><time>2020-10-26T20:44:32Z</time><extensions><speed>0.170000</speed><course>35.859375</course><hAcc>5.000000</hAcc><vAcc>3.000000</vAcc></extensions></trkpt>
      <trkpt lon="-123.271156" lat="44.558714"><ele>71.966377</ele><time>2020-10-26T20:44:33Z</time><extensions><speed>0.230000</speed><course>77.695312</course><hAcc>5.000000</hAcc><vAcc>3.000000</vAcc></extensions></trkpt>
      <trkpt lon="-123.271156" lat="44.558714"><ele>71.988647</ele><time>2020-10-26T20:44:34Z</time><extensions><speed>0.000000</speed><course>208.476562</course><hAcc>5.000000</hAcc><vAcc>3.000000</vAcc></extensions></trkpt>
      <trkpt lon="-123.271155" lat="44.558712"><ele>72.061943</ele><time>2020-10-26T20:44:35Z</time><extensions><speed>0.180000</speed><course>42.187500</course><hAcc>5.000000</hAcc><vAcc>3.000000</vAcc></extensions></trkpt>
      <trkpt lon="-123.271163" lat="44.558714"><ele>71.983948</ele><time>2020-10-26T20:44:36Z</time><extensions><speed>0.180000</speed><course>273.164062</course><hAcc>5.000000</hAcc><vAcc>3.000000</vAcc></extensions></trkpt>
      <trkpt lon="-123.271163" lat="44.558714"><ele>71.974991</ele><time>2020-10-26T20:44:37Z</time><extensions><speed>0.000000</speed><course>65.742188</course><hAcc>5.000000</hAcc><vAcc>3.000000</vAcc></extensions></trkpt>
      <trkpt lon="-123.271163" lat="44.558714"><ele>71.901299</ele><time>2020-10-26T20:44:38Z</time><extensions><speed>0.000000</speed><course>65.742188</course><hAcc>5.000000</hAcc><vAcc>3.000000</vAcc></extensions></trkpt>
      <trkpt lon="-123.271163" lat="44.558714"><ele>71.980133</ele><time>2020-10-26T20:44:39Z</time><extensions><speed>0.000000</speed><course>65.742188</course><hAcc>5.000000</hAcc><vAcc>3.000000</vAcc></extensions></trkpt>
      <trkpt lon="-123.271163" lat="44.558714"><ele>71.918770</ele><time>2020-10-26T20:44:40Z</time><extensions><speed>0.000000</speed><course>65.742188</course><hAcc>5.000000</hAcc><vAcc>3.000000</vAcc></extensions></trkpt>
      <trkpt lon="-123.271163" lat="44.558714"><ele>71.906174</ele><time>2020-10-26T20:44:41Z</time><extensions><speed>0.000000</speed><course>65.742188</course><hAcc>5.000000</hAcc><vAcc>3.000000</vAcc></extensions></trkpt>
      <trkpt lon="-123.271163" lat="44.558714"><ele>71.965302</ele><time>2020-10-26T20:44:42Z</time><extensions><speed>0.000000</speed><course>65.742188</course><hAcc>5.000000</hAcc><vAcc>3.000000</vAcc></extensions></trkpt>
      <trkpt lon="-123.271173" lat="44.558719"><ele>72.051689</ele><time>2020-10-26T20:44:43Z</time><extensions><speed>0.560000</speed><course>27.773438</course><hAcc>5.000000</hAcc><vAcc>3.000000</vAcc></extensions></trkpt>
      <trkpt lon="-123.271173" lat="44.558723"><ele>72.154427</ele><time>2020-10-26T20:44:44Z</time><extensions><speed>0.560000</speed><course>68.203125</course><hAcc>5.000000</hAcc><vAcc>3.000000</vAcc></extensions></trkpt>
      <trkpt lon="-123.271168" lat="44.558728"><ele>71.984367</ele><time>2020-10-26T20:44:45Z</time><extensions><speed>0.560000</speed><course>45.000000</course><hAcc>5.000000</hAcc><vAcc>3.000000</vAcc></extensions></trkpt>
      <trkpt lon="-123.271163" lat="44.558732"><ele>71.811188</ele><time>2020-10-26T20:44:46Z</time><extensions><speed>0.500000</speed><course>348.750000</course><hAcc>5.000000</hAcc><vAcc>3.000000</vAcc></extensions></trkpt>
      <trkpt lon="-123.271163" lat="44.558732"><ele>71.903084</ele><time>2020-10-26T20:44:47Z</time><extensions><speed>0.190000</speed><course>331.523438</course><hAcc>5.000000</hAcc><vAcc>3.000000</vAcc></extensions></trkpt>
      <trkpt lon="-123.271165" lat="44.558736"><ele>71.986717</ele><time>2020-10-26T20:44:48Z</time><extensions><speed>0.400000</speed><course>313.945312</course><hAcc>5.000000</hAcc><vAcc>3.000000</vAcc></extensions></trkpt>
      <trkpt lon="-123.271168" lat="44.558735"><ele>72.063087</ele><time>2020-10-26T20:44:49Z</time><extensions><speed>0.400000</speed><course>198.984375</course><hAcc>5.000000</hAcc><vAcc>3.000000</vAcc></extensions></trkpt>
      <trkpt lon="-123.271166" lat="44.558730"><ele>72.149078</ele><time>2020-10-26T20:44:50Z</time><extensions><speed>0.810000</speed><course>139.570312</course><hAcc>5.000000</hAcc><vAcc>4.000000</vAcc></extensions></trkpt>
      <trkpt lon="-123.271159" lat="44.558728"><ele>72.176582</ele><time>2020-10-26T20:44:51Z</time><extensions><speed>0.810000</speed><course>92.460938</course><hAcc>5.000000</hAcc><vAcc>4.000000</vAcc></extensions></trkpt>
      <trkpt lon="-123.271150" lat="44.558730"><ele>72.311180</ele><time>2020-10-26T20:44:52Z</time><extensions><speed>0.810000</speed><course>78.398438</course><hAcc>5.000000</hAcc><vAcc>4.000000</vAcc></extensions></trkpt>
      <trkpt lon="-123.271139" lat="44.558731"><ele>72.151604</ele><time>2020-10-26T20:44:53Z</time><extensions><speed>0.810000</speed><course>89.296875</course><hAcc>5.000000</hAcc><vAcc>4.000000</vAcc></extensions></trkpt>
      <trkpt lon="-123.271139" lat="44.558731"><ele>72.200203</ele><time>2020-10-26T20:44:54Z</time><extensions><speed>0.000000</speed><course>35.156250</course><hAcc>5.000000</hAcc><vAcc>4.000000</vAcc></extensions></trkpt>
      <trkpt lon="-123.271139" lat="44.558731"><ele>72.210991</ele><time>2020-10-26T20:44:55Z</time><extensions><speed>0.000000</speed><course>308.671875</course><hAcc>5.000000</hAcc><vAcc>4.000000</vAcc></extensions></trkpt>
      <trkpt lon="-123.271139" lat="44.558731"><ele>72.131477</ele><time>2020-10-26T20:44:56Z</time><extensions><speed>0.000000</speed><course>307.968750</course><hAcc>5.000000</hAcc><vAcc>4.000000</vAcc></extensions></trkpt>
      <trkpt lon="-123.271139" lat="44.558731"><ele>72.082283</ele><time>2020-10-26T20:44:57Z</time><extensions><speed>0.000000</speed><course>356.132812</course><hAcc>5.000000</hAcc><vAcc>4.000000</vAcc></extensions></trkpt>
      <trkpt lon="-123.271123" lat="44.558736"><ele>72.047440</ele><time>2020-10-26T20:44:58Z</time><extensions><speed>0.250000</speed><course>346.289062</course><hAcc>5.000000</hAcc><vAcc>4.000000</vAcc></extensions></trkpt>
      <trkpt lon="-123.271126" lat="44.558735"><ele>72.236122</ele><time>2020-10-26T20:44:59Z</time><extensions><speed>0.360000</speed><course>204.257812</course><hAcc>5.000000</hAcc><vAcc>4.000000</vAcc></extensions></trkpt>
      <trkpt lon="-123.271126" lat="44.558735"><ele>72.409882</ele><time>2020-10-26T20:45:00Z</time><extensions><speed>0.000000</speed><course>204.257812</course><hAcc>5.000000</hAcc><vAcc>4.000000</vAcc></extensions></trkpt>
      <trkpt lon="-123.271126" lat="44.558735"><ele>72.224739</ele><time>2020-10-26T20:45:01Z</time><extensions><speed>0.000000</speed><course>204.257812</course><hAcc>5.000000</hAcc><vAcc>4.000000</vAcc></extensions></trkpt>
      <trkpt lon="-123.271126" lat="44.558735"><ele>72.233719</ele><time>2020-10-26T20:45:02Z</time><extensions><speed>0.000000</speed><course>204.257812</course><hAcc>5.000000</hAcc><vAcc>4.000000</vAcc></extensions></trkpt>
      <trkpt lon="-123.271126" lat="44.558735"><ele>72.228035</ele><time>2020-10-26T20:45:03Z</time><extensions><speed>0.000000</speed><course>204.257812</course><hAcc>5.000000</hAcc><vAcc>4.000000</vAcc></extensions></trkpt>
      <trkpt lon="-123.271126" lat="44.558735"><ele>72.217400</ele><time>2020-10-26T20:45:04Z</time><extensions><speed>0.000000</speed><course>204.257812</course><hAcc>5.000000</hAcc><vAcc>4.000000</vAcc></extensions></trkpt>
      <trkpt lon="-123.271126" lat="44.558735"><ele>72.191017</ele><time>2020-10-26T20:45:05Z</time><extensions><speed>0.000000</speed><course>204.257812</course><hAcc>5.000000</hAcc><vAcc>4.000000</vAcc></extensions></trkpt>
      <trkpt lon="-123.271127" lat="44.558725"><ele>72.235939</ele><time>2020-10-26T20:45:06Z</time><extensions><speed>0.190000</speed><course>13.359375</course><hAcc>5.000000</hAcc><vAcc>4.000000</vAcc></extensions></trkpt>
      <trkpt lon="-123.271125" lat="44.558727"><ele>72.219795</ele><time>2020-10-26T20:45:07Z</time><extensions><speed>0.250000</speed><course>23.203125</course><hAcc>5.000000</hAcc><vAcc>4.000000</vAcc></extensions></trkpt>
      <trkpt lon="-123.271127" lat="44.558734"><ele>72.223846</ele><time>2020-10-26T20:45:08Z</time><extensions><speed>0.250000</speed><course>335.039062</course><hAcc>5.000000</hAcc><vAcc>4.000000</vAcc></extensions></trkpt>
      <trkpt lon="-123.271133" lat="44.558742"><ele>72.338608</ele><time>2020-10-26T20:45:09Z</time><extensions><speed>0.380000</speed><course>335.039062</course><hAcc>5.000000</hAcc><vAcc>4.000000</vAcc></extensions></trkpt>
      <trkpt lon="-123.271132" lat="44.558751"><ele>72.215248</ele><time>2020-10-26T20:45:10Z</time><extensions><speed>0.400000</speed><course>98.437500</course><hAcc>5.000000</hAcc><vAcc>4.000000</vAcc></extensions></trkpt>
      <trkpt lon="-123.271128" lat="44.558759"><ele>72.300247</ele><time>2020-10-26T20:45:11Z</time><extensions><speed>0.820000</speed><course>332.929688</course><hAcc>5.000000</hAcc><vAcc>4.000000</vAcc></extensions></trkpt>
      <trkpt lon="-123.271134" lat="44.558759"><ele>72.435707</ele><time>2020-10-26T20:45:12Z</time><extensions><speed>0.170000</speed><course>201.093750</course><hAcc>5.000000</hAcc><vAcc>4.000000</vAcc></extensions></trkpt>
      <trkpt lon="-123.271134" lat="44.558759"><ele>72.570633</ele><time>2020-10-26T20:45:13Z</time><extensions><speed>0.000000</speed><course>201.093750</course><hAcc>5.000000</hAcc><vAcc>4.000000</vAcc></extensions></trkpt>
      <trkpt lon="-123.271134" lat="44.558759"><ele>72.641228</ele><time>2020-10-26T20:45:14Z</time><extensions><speed>0.000000</speed><course>201.093750</course><hAcc>5.000000</hAcc><vAcc>4.000000</vAcc></extensions></trkpt>
      <trkpt lon="-123.271134" lat="44.558759"><ele>72.603691</ele><time>2020-10-26T20:45:15Z</time><extensions><speed>0.000000</speed><course>201.093750</course><hAcc>5.000000</hAcc><vAcc>4.000000</vAcc></extensions></trkpt>
      <trkpt lon="-123.271134" lat="44.558759"><ele>72.731094</ele><time>2020-10-26T20:45:16Z</time><extensions><speed>0.000000</speed><course>201.093750</course><hAcc>5.000000</hAcc><vAcc>4.000000</vAcc></extensions></trkpt>
      <trkpt lon="-123.271134" lat="44.558759"><ele>72.989578</ele><time>2020-10-26T20:45:17Z</time><extensions><speed>0.000000</speed><course>201.093750</course><hAcc>5.000000</hAcc><vAcc>4.000000</vAcc></extensions></trkpt>
      <trkpt lon="-123.271134" lat="44.558759"><ele>73.217155</ele><time>2020-10-26T20:45:18Z</time><extensions><speed>0.000000</speed><course>201.093750</course><hAcc>5.000000</hAcc><vAcc>4.000000</vAcc></extensions></trkpt>
      <trkpt lon="-123.271134" lat="44.558759"><ele>73.239761</ele><time>2020-10-26T20:45:19Z</time><extensions><speed>0.000000</speed><course>201.093750</course><hAcc>5.000000</hAcc><vAcc>4.000000</vAcc></extensions></trkpt>
      <trkpt lon="-123.271134" lat="44.558759"><ele>73.146400</ele><time>2020-10-26T20:45:20Z</time><extensions><speed>0.000000</speed><course>278.085938</course><hAcc>5.000000</hAcc><vAcc>4.000000</vAcc></extensions></trkpt>
      <trkpt lon="-123.271134" lat="44.558759"><ele>73.036621</ele><time>2020-10-26T20:45:21Z</time><extensions><speed>0.000000</speed><course>278.085938</course><hAcc>5.000000</hAcc><vAcc>3.000000</vAcc></extensions></trkpt>
      <trkpt lon="-123.271134" lat="44.558759"><ele>73.038651</ele><time>2020-10-26T20:45:22Z</time><extensions><speed>0.000000</speed><course>278.085938</course><hAcc>5.000000</hAcc><vAcc>3.000000</vAcc></extensions></trkpt>
      <trkpt lon="-123.271134" lat="44.558759"><ele>73.070778</ele><time>2020-10-26T20:45:23Z</time><extensions><speed>0.000000</speed><course>278.085938</course><hAcc>5.000000</hAcc><vAcc>3.000000</vAcc></extensions></trkpt>
      <trkpt lon="-123.271134" lat="44.558759"><ele>73.086166</ele><time>2020-10-26T20:45:24Z</time><extensions><speed>0.000000</speed><course>350.507812</course><hAcc>5.000000</hAcc><vAcc>3.000000</vAcc></extensions></trkpt>
      <trkpt lon="-123.271143" lat="44.558765"><ele>73.104347</ele><time>2020-10-26T20:45:25Z</time><extensions><speed>0.500000</speed><course>8.085938</course><hAcc>5.000000</hAcc><vAcc>3.000000</vAcc></extensions></trkpt>
      <trkpt lon="-123.271131" lat="44.558769"><ele>73.148888</ele><time>2020-10-26T20:45:26Z</time><extensions><speed>0.460000</speed><course>85.429688</course><hAcc>5.000000</hAcc><vAcc>3.000000</vAcc></extensions></trkpt>
      <trkpt lon="-123.271125" lat="44.558765"><ele>73.130165</ele><time>2020-10-26T20:45:27Z</time><extensions><speed>0.460000</speed><course>163.828125</course><hAcc>5.000000</hAcc><vAcc>4.000000</vAcc></extensions></trkpt>
      <trkpt lon="-123.271125" lat="44.558765"><ele>73.144409</ele><time>2020-10-26T20:45:28Z</time><extensions><speed>0.000000</speed><course>145.546875</course><hAcc>5.000000</hAcc><vAcc>4.000000</vAcc></extensions></trkpt>
      <trkpt lon="-123.271108" lat="44.558763"><ele>73.159660</ele><time>2020-10-26T20:45:29Z</time><extensions><speed>0.340000</speed><course>160.312500</course><hAcc>5.000000</hAcc><vAcc>4.000000</vAcc></extensions></trkpt>
      <trkpt lon="-123.271105" lat="44.558759"><ele>73.081863</ele><time>2020-10-26T20:45:30Z</time><extensions><speed>0.450000</speed><course>166.992188</course><hAcc>5.000000</hAcc><vAcc>4.000000</vAcc></extensions></trkpt>
      <trkpt lon="-123.271104" lat="44.558755"><ele>73.132179</ele><time>2020-10-26T20:45:31Z</time><extensions><speed>0.450000</speed><course>176.484375</course><hAcc>5.000000</hAcc><vAcc>4.000000</vAcc></extensions></trkpt>
      <trkpt lon="-123.271105" lat="44.558752"><ele>73.169685</ele><time>2020-10-26T20:45:32Z</time><extensions><speed>0.270000</speed><course>215.156250</course><hAcc>5.000000</hAcc><vAcc>4.000000</vAcc></extensions></trkpt>
      <trkpt lon="-123.271105" lat="44.558752"><ele>72.975853</ele><time>2020-10-26T20:45:33Z</time><extensions><speed>0.260000</speed><course>215.507812</course><hAcc>5.000000</hAcc><vAcc>4.000000</vAcc></extensions></trkpt>
      <trkpt lon="-123.271105" lat="44.558752"><ele>73.114380</ele><time>2020-10-26T20:45:34Z</time><extensions><speed>0.210000</speed><course>210.234375</course><hAcc>5.000000</hAcc><vAcc>4.000000</vAcc></extensions></trkpt>
      <trkpt lon="-123.271105" lat="44.558752"><ele>73.068703</ele><time>2020-10-26T20:45:35Z</time><extensions><speed>0.000000</speed><course>116.367188</course><hAcc>5.000000</hAcc><vAcc>4.000000</vAcc></extensions></trkpt>
      <trkpt lon="-123.271102" lat="44.558746"><ele>73.142395</ele><time>2020-10-26T20:45:36Z</time><extensions><speed>0.190000</speed><course>151.523438</course><hAcc>5.000000</hAcc><vAcc>4.000000</vAcc></extensions></trkpt>
      <trkpt lon="-123.271102" lat="44.558746"><ele>73.137993</ele><time>2020-10-26T20:45:37Z</time><extensions><speed>0.000000</speed><course>8.789062</course><hAcc>5.000000</hAcc><vAcc>4.000000</vAcc></extensions></trkpt>
      <trkpt lon="-123.271102" lat="44.558746"><ele>73.134399</ele><time>2020-10-26T20:45:38Z</time><extensions><speed>0.000000</speed><course>162.773438</course><hAcc>5.000000</hAcc><vAcc>4.000000</vAcc></extensions></trkpt>
      <trkpt lon="-123.271087" lat="44.558736"><ele>73.146805</ele><time>2020-10-26T20:45:39Z</time><extensions><speed>0.280000</speed><course>253.476562</course><hAcc>5.000000</hAcc><vAcc>4.000000</vAcc></extensions></trkpt>
      <trkpt lon="-123.271087" lat="44.558736"><ele>73.057365</ele><time>2020-10-26T20:45:40Z</time><extensions><speed>0.000000</speed><course>263.320312</course><hAcc>5.000000</hAcc><vAcc>4.000000</vAcc></extensions></trkpt>
      <trkpt lon="-123.271087" lat="44.558736"><ele>72.958771</ele><time>2020-10-26T20:45:41Z</time><extensions><speed>0.000000</speed><course>263.320312</course><hAcc>5.000000</hAcc><vAcc>4.000000</vAcc></extensions></trkpt>
      <trkpt lon="-123.271087" lat="44.558736"><ele>72.717857</ele><time>2020-10-26T20:45:42Z</time><extensions><speed>0.000000</speed><course>263.320312</course><hAcc>5.000000</hAcc><vAcc>4.000000</vAcc></extensions></trkpt>
      <trkpt lon="-123.271087" lat="44.558736"><ele>72.454620</ele><time>2020-10-26T20:45:43Z</time><extensions><speed>0.000000</speed><course>263.320312</course><hAcc>5.000000</hAcc><vAcc>4.000000</vAcc></extensions></trkpt>
      <trkpt lon="-123.271087" lat="44.558736"><ele>72.443573</ele><time>2020-10-26T20:45:44Z</time><extensions><speed>0.000000</speed><course>263.320312</course><hAcc>5.000000</hAcc><vAcc>4.000000</vAcc></extensions></trkpt>
      <trkpt lon="-123.271087" lat="44.558736"><ele>72.483467</ele><time>2020-10-26T20:45:45Z</time><extensions><speed>0.000000</speed><course>263.320312</course><hAcc>5.000000</hAcc><vAcc>4.000000</vAcc></extensions></trkpt>
      <trkpt lon="-123.271087" lat="44.558736"><ele>72.473709</ele><time>2020-10-26T20:45:46Z</time><extensions><speed>0.000000</speed><course>263.320312</course><hAcc>5.000000</hAcc><vAcc>4.000000</vAcc></extensions></trkpt>
      <trkpt lon="-123.271087" lat="44.558736"><ele>72.474846</ele><time>2020-10-26T20:45:47Z</time><extensions><speed>0.000000</speed><course>263.320312</course><hAcc>5.000000</hAcc><vAcc>4.000000</vAcc></extensions></trkpt>
    </trkseg>
  </trk>
</gpx>