<?xml version="1.0" encoding="UTF-8"?>
<gpx version="1.1" creator="Apple Health Export" xmlns="http://www.topografix.com/GPX/1/1" xmlns:xsi="http://www.w3.org/2001/XMLSchema-instance" xsi:schemaLocation="http://www.topografix.com/GPX/1/1 http://www.topografix.com/GPX/1/1/gpx.xsd">
  <metadata>
    <time>2021-02-21T19:24:48Z</time>
  </metadata>
  <trk>
    <name>Route 2020-10-24 9:53pm</name>
    <trkseg>
      <trkpt lon="-123.277742" lat="44.568636"><ele>79.110077</ele><time>2020-10-25T04:32:19Z</time><extensions><speed>0.114311</speed><course>133.945312</course><hAcc>2.109457</hAcc><vAcc>1.538606</vAcc></extensions></trkpt>
      <trkpt lon="-123.277742" lat="44.568637"><ele>79.082626</ele><time>2020-10-25T04:32:20Z</time><extensions><speed>0.113539</speed><course>133.945312</course><hAcc>1.830175</hAcc><vAcc>1.338069</vAcc></extensions></trkpt>
      <trkpt lon="-123.277743" lat="44.568638"><ele>79.059090</ele><time>2020-10-25T04:32:20Z</time><extensions><speed>0.111056</speed><course>-1.000000</course><hAcc>1.613217</hAcc><vAcc>1.181709</vAcc></extensions></trkpt>
      <trkpt lon="-123.277744" lat="44.568638"><ele>79.034027</ele><time>2020-10-25T04:32:21Z</time><extensions><speed>0.104907</speed><course>-1.000000</course><hAcc>1.405594</hAcc><vAcc>1.031272</vAcc></extensions></trkpt>
      <trkpt lon="-123.277744" lat="44.568639"><ele>79.011261</ele><time>2020-10-25T04:32:22Z</time><extensions><speed>0.096591</speed><course>-1.000000</course><hAcc>1.240733</hAcc><vAcc>0.910875</vAcc></extensions></trkpt>
      <trkpt lon="-123.277745" lat="44.568640"><ele>78.991028</ele><time>2020-10-25T04:32:23Z</time><extensions><speed>0.086940</speed><course>-1.000000</course><hAcc>1.117783</hAcc><vAcc>0.820118</vAcc></extensions></trkpt>
      <trkpt lon="-123.277745" lat="44.568641"><ele>78.973335</ele><time>2020-10-25T04:32:24Z</time><extensions><speed>0.076626</speed><course>-1.000000</course><hAcc>1.032678</hAcc><vAcc>0.756408</vAcc></extensions></trkpt>
      <trkpt lon="-123.277746" lat="44.568641"><ele>78.958069</ele><time>2020-10-25T04:32:25Z</time><extensions><speed>0.066179</speed><course>-1.000000</course><hAcc>0.978657</hAcc><vAcc>0.715242</vAcc></extensions></trkpt>
      <trkpt lon="-123.277746" lat="44.568642"><ele>78.945030</ele><time>2020-10-25T04:32:26Z</time><extensions><speed>0.055999</speed><course>-1.000000</course><hAcc>0.947640</hAcc><vAcc>0.691075</vAcc></extensions></trkpt>
      <trkpt lon="-123.277746" lat="44.568642"><ele>78.934036</ele><time>2020-10-25T04:32:27Z</time><extensions><speed>0.046376</speed><course>-1.000000</course><hAcc>0.931876</hAcc><vAcc>0.678435</vAcc></extensions></trkpt>
      <trkpt lon="-123.277747" lat="44.568642"><ele>78.924950</ele><time>2020-10-25T04:32:29Z</time><extensions><speed>0.037491</speed><course>-1.000000</course><hAcc>0.925063</hAcc><vAcc>0.672754</vAcc></extensions></trkpt>
      <trkpt lon="-123.277747" lat="44.568643"><ele>78.917664</ele><time>2020-10-25T04:32:30Z</time><extensions><speed>0.029503</speed><course>-1.000000</course><hAcc>0.922777</hAcc><vAcc>0.670738</vAcc></extensions></trkpt>
      <trkpt lon="-123.277747" lat="44.568643"><ele>78.911995</ele><time>2020-10-25T04:32:31Z</time><extensions><speed>0.022460</speed><course>-1.000000</course><hAcc>0.922254</hAcc><vAcc>0.670265</vAcc></extensions></trkpt>
      <trkpt lon="-123.277747" lat="44.568643"><ele>78.907738</ele><time>2020-10-25T04:32:32Z</time><extensions><speed>0.016378</speed><course>-1.000000</course><hAcc>0.921977</hAcc><vAcc>0.670125</vAcc></extensions></trkpt>
      <trkpt lon="-123.277747" lat="44.568643"><ele>78.904655</ele><time>2020-10-25T04:32:33Z</time><extensions><speed>0.011234</speed><course>-1.000000</course><hAcc>0.921267</hAcc><vAcc>0.669741</vAcc></extensions></trkpt>
      <trkpt lon="-123.277747" lat="44.568643"><ele>78.902542</ele><time>2020-10-25T04:32:34Z</time><extensions><speed>0.006977</speed><course>-1.000000</course><hAcc>0.919952</hAcc><vAcc>0.668926</vAcc></extensions></trkpt>
      <trkpt lon="-123.277747" lat="44.568643"><ele>78.901276</ele><time>2020-10-25T04:32:35Z</time><extensions><speed>0.003540</speed><course>-1.000000</course><hAcc>0.918121</hAcc><vAcc>0.667711</vAcc></extensions></trkpt>
      <trkpt lon="-123.277747" lat="44.568643"><ele>78.900803</ele><time>2020-10-25T04:32:36Z</time><extensions><speed>0.000885</speed><course>-1.000000</course><hAcc>0.915977</hAcc><vAcc>0.666225</vAcc></extensions></trkpt>
      <trkpt lon="-123.277747" lat="44.568643"><ele>78.901146</ele><time>2020-10-25T04:32:37Z</time><extensions><speed>0.001324</speed><course>-1.000000</course><hAcc>0.913735</hAcc><vAcc>0.664623</vAcc></extensions></trkpt>
      <trkpt lon="-123.277747" lat="44.568643"><ele>78.902359</ele><time>2020-10-25T04:32:38Z</time><extensions><speed>0.002819</speed><course>-1.000000</course><hAcc>0.911577</hAcc><vAcc>0.663042</vAcc></extensions></trkpt>
      <trkpt lon="-123.277747" lat="44.568643"><ele>78.904488</ele><time>2020-10-25T04:32:39Z</time><extensions><speed>0.003868</speed><course>-1.000000</course><hAcc>0.909634</hAcc><vAcc>0.661586</vAcc></extensions></trkpt>
      <trkpt lon="-123.277747" lat="44.568643"><ele>78.907600</ele><time>2020-10-25T04:32:40Z</time><extensions><speed>0.004537</speed><course>-1.000000</course><hAcc>0.907979</hAcc><vAcc>0.660320</vAcc></extensions></trkpt>
      <trkpt lon="-123.277747" lat="44.568643"><ele>78.911766</ele><time>2020-10-25T04:32:41Z</time><extensions><speed>0.004898</speed><course>-1.000000</course><hAcc>0.906640</hAcc><vAcc>0.659274</vAcc></extensions></trkpt>
      <trkpt lon="-123.277747" lat="44.568643"><ele>78.916962</ele><time>2020-10-25T04:32:42Z</time><extensions><speed>0.005014</speed><course>-1.000000</course><hAcc>0.905607</hAcc><vAcc>0.658449</vAcc></extensions></trkpt>
      <trkpt lon="-123.277747" lat="44.568643"><ele>78.923065</ele><time>2020-10-25T04:32:43Z</time><extensions><speed>0.004941</speed><course>-1.000000</course><hAcc>0.904848</hAcc><vAcc>0.657827</vAcc></extensions></trkpt>
      <trkpt lon="-123.277747" lat="44.568643"><ele>78.929802</ele><time>2020-10-25T04:32:44Z</time><extensions><speed>0.004725</speed><course>-1.000000</course><hAcc>0.904320</hAcc><vAcc>0.657380</vAcc></extensions></trkpt>
      <trkpt lon="-123.277747" lat="44.568643"><ele>78.936821</ele><time>2020-10-25T04:32:45Z</time><extensions><speed>0.004405</speed><course>-1.000000</course><hAcc>0.903974</hAcc><vAcc>0.657074</vAcc></extensions></trkpt>
      <trkpt lon="-123.277747" lat="44.568643"><ele>78.943672</ele><time>2020-10-25T04:32:46Z</time><extensions><speed>0.004014</speed><course>-1.000000</course><hAcc>0.903765</hAcc><vAcc>0.656875</vAcc></extensions></trkpt>
      <trkpt lon="-123.277747" lat="44.568643"><ele>78.949913</ele><time>2020-10-25T04:32:47Z</time><extensions><speed>0.003582</speed><course>-1.000000</course><hAcc>0.903652</hAcc><vAcc>0.656756</vAcc></extensions></trkpt>
      <trkpt lon="-123.277747" lat="44.568643"><ele>78.955070</ele><time>2020-10-25T04:32:48Z</time><extensions><speed>0.003129</speed><course>-1.000000</course><hAcc>0.903609</hAcc><vAcc>0.656697</vAcc></extensions></trkpt>
      <trkpt lon="-123.277747" lat="44.568643"><ele>78.958725</ele><time>2020-10-25T04:32:49Z</time><extensions><speed>0.002675</speed><course>-1.000000</course><hAcc>0.903624</hAcc><vAcc>0.656693</vAcc></extensions></trkpt>
      <trkpt lon="-123.277747" lat="44.568643"><ele>78.960457</ele><time>2020-10-25T04:32:50Z</time><extensions><speed>0.002231</speed><course>-1.000000</course><hAcc>0.903704</hAcc><vAcc>0.656755</vAcc></extensions></trkpt>
      <trkpt lon="-123.277747" lat="44.568643"><ele>78.959885</ele><time>2020-10-25T04:32:51Z</time><extensions><speed>0.001806</speed><course>-1.000000</course><hAcc>0.903887</hAcc><vAcc>0.656919</vAcc></extensions></trkpt>
      <trkpt lon="-123.277747" lat="44.568643"><ele>78.956657</ele><time>2020-10-25T04:32:52Z</time><extensions><speed>0.001405</speed><course>-1.000000</course><hAcc>0.904248</hAcc><vAcc>0.657250</vAcc></extensions></trkpt>
      <trkpt lon="-123.277747" lat="44.568643"><ele>78.950470</ele><time>2020-10-25T04:32:53Z</time><extensions><speed>0.001037</speed><course>-1.000000</course><hAcc>0.904909</hAcc><vAcc>0.657854</vAcc></extensions></trkpt>
      <trkpt lon="-123.277747" lat="44.568643"><ele>78.941147</ele><time>2020-10-25T04:32:54Z</time><extensions><speed>0.000714</speed><course>-1.000000</course><hAcc>0.906056</hAcc><vAcc>0.658884</vAcc></extensions></trkpt>
      <trkpt lon="-123.277747" lat="44.568643"><ele>78.928642</ele><time>2020-10-25T04:32:55Z</time><extensions><speed>0.000465</speed><course>-1.000000</course><hAcc>0.907951</hAcc><vAcc>0.660545</vAcc></extensions></trkpt>
      <trkpt lon="-123.277747" lat="44.568643"><ele>78.913116</ele><time>2020-10-25T04:32:56Z</time><extensions><speed>0.000335</speed><course>-1.000000</course><hAcc>0.910935</hAcc><vAcc>0.663100</vAcc></extensions></trkpt>
      <trkpt lon="-123.277747" lat="44.568643"><ele>78.894882</ele><time>2020-10-25T04:32:57Z</time><extensions><speed>0.000341</speed><course>-1.000000</course><hAcc>0.915438</hAcc><vAcc>0.666863</vAcc></extensions></trkpt>
      <trkpt lon="-123.277747" lat="44.568643"><ele>78.874321</ele><time>2020-10-25T04:32:58Z</time><extensions><speed>0.000405</speed><course>-1.000000</course><hAcc>0.921956</hAcc><vAcc>0.672182</vAcc></extensions></trkpt>
      <trkpt lon="-123.277747" lat="44.568643"><ele>78.851807</ele><time>2020-10-25T04:32:59Z</time><extensions><speed>0.000472</speed><course>-1.000000</course><hAcc>0.931025</hAcc><vAcc>0.679412</vAcc></extensions></trkpt>
      <trkpt lon="-123.277747" lat="44.568643"><ele>78.827667</ele><time>2020-10-25T04:33:00Z</time><extensions><speed>0.000522</speed><course>-1.000000</course><hAcc>0.943157</hAcc><vAcc>0.688861</vAcc></extensions></trkpt>
      <trkpt lon="-123.277747" lat="44.568643"><ele>78.802208</ele><time>2020-10-25T04:33:01Z</time><extensions><speed>0.000551</speed><course>-1.000000</course><hAcc>0.958761</hAcc><vAcc>0.700729</vAcc></extensions></trkpt>
      <trkpt lon="-123.277747" lat="44.568643"><ele>78.775749</ele><time>2020-10-25T04:33:02Z</time><extensions><speed>0.000556</speed><course>-1.000000</course><hAcc>0.978038</hAcc><vAcc>0.715041</vAcc></extensions></trkpt>
      <trkpt lon="-123.277747" lat="44.568643"><ele>78.748611</ele><time>2020-10-25T04:33:03Z</time><extensions><speed>0.000537</speed><course>-1.000000</course><hAcc>1.000874</hAcc><vAcc>0.731574</vAcc></extensions></trkpt>
      <trkpt lon="-123.277747" lat="44.568643"><ele>78.721107</ele><time>2020-10-25T04:33:04Z</time><extensions><speed>0.000498</speed><course>-1.000000</course><hAcc>1.026870</hAcc><vAcc>0.749903</vAcc></extensions></trkpt>
      <trkpt lon="-123.277747" lat="44.568643"><ele>78.693558</ele><time>2020-10-25T04:33:05Z</time><extensions><speed>0.000441</speed><course>-1.000000</course><hAcc>1.055497</hAcc><vAcc>0.769555</vAcc></extensions></trkpt>
      <trkpt lon="-123.277747" lat="44.568643"><ele>78.666237</ele><time>2020-10-25T04:33:06Z</time><extensions><speed>0.000369</speed><course>-1.000000</course><hAcc>1.086105</hAcc><vAcc>0.790040</vAcc></extensions></trkpt>
      <trkpt lon="-123.277747" lat="44.568643"><ele>78.639404</ele><time>2020-10-25T04:33:07Z</time><extensions><speed>0.000290</speed><course>-1.000000</course><hAcc>1.117798</hAcc><vAcc>0.810781</vAcc></extensions></trkpt>
      <trkpt lon="-123.277747" lat="44.568643"><ele>78.613251</ele><time>2020-10-25T04:33:08Z</time><extensions><speed>0.000219</speed><course>-1.000000</course><hAcc>1.149323</hAcc><vAcc>0.831043</vAcc></extensions></trkpt>
      <trkpt lon="-123.277747" lat="44.568643"><ele>78.587898</ele><time>2020-10-25T04:33:09Z</time><extensions><speed>0.000166</speed><course>-1.000000</course><hAcc>1.179225</hAcc><vAcc>0.850011</vAcc></extensions></trkpt>
      <trkpt lon="-123.277747" lat="44.568643"><ele>78.563431</ele><time>2020-10-25T04:33:10Z</time><extensions><speed>0.000133</speed><course>-1.000000</course><hAcc>1.206257</hAcc><vAcc>0.867003</vAcc></extensions></trkpt>
      <trkpt lon="-123.277747" lat="44.568643"><ele>78.539902</ele><time>2020-10-25T04:33:11Z</time><extensions><speed>0.000122</speed><course>-1.000000</course><hAcc>1.229563</hAcc><vAcc>0.881568</vAcc></extensions></trkpt>
      <trkpt lon="-123.277747" lat="44.568643"><ele>78.517349</ele><time>2020-10-25T04:33:12Z</time><extensions><speed>0.000130</speed><course>-1.000000</course><hAcc>1.248617</hAcc><vAcc>0.893447</vAcc></extensions></trkpt>
      <trkpt lon="-123.277747" lat="44.568643"><ele>78.495804</ele><time>2020-10-25T04:33:13Z</time><extensions><speed>0.000148</speed><course>-1.000000</course><hAcc>1.263160</hAcc><vAcc>0.902532</vAcc></extensions></trkpt>
      <trkpt lon="-123.277747" lat="44.568643"><ele>78.475327</ele><time>2020-10-25T04:33:14Z</time><extensions><speed>0.000170</speed><course>-1.000000</course><hAcc>1.273131</hAcc><vAcc>0.908831</vAcc></extensions></trkpt>
      <trkpt lon="-123.277747" lat="44.568643"><ele>78.456024</ele><time>2020-10-25T04:33:15Z</time><extensions><speed>0.000193</speed><course>-1.000000</course><hAcc>1.278631</hAcc><vAcc>0.912437</vAcc></extensions></trkpt>
      <trkpt lon="-123.277747" lat="44.568643"><ele>78.438049</ele><time>2020-10-25T04:33:16Z</time><extensions><speed>0.000216</speed><course>-1.000000</course><hAcc>1.279889</hAcc><vAcc>0.913518</vAcc></extensions></trkpt>
      <trkpt lon="-123.277747" lat="44.568643"><ele>78.421600</ele><time>2020-10-25T04:33:17Z</time><extensions><speed>0.000239</speed><course>-1.000000</course><hAcc>1.277258</hAcc><vAcc>0.912306</vAcc></extensions></trkpt>
      <trkpt lon="-123.277747" lat="44.568643"><ele>78.406822</ele><time>2020-10-25T04:33:18Z</time><extensions><speed>0.000261</speed><course>-1.000000</course><hAcc>1.271228</hAcc><vAcc>0.909108</vAcc></extensions></trkpt>
      <trkpt lon="-123.277747" lat="44.568643"><ele>78.393845</ele><time>2020-10-25T04:33:19Z</time><extensions><speed>0.000285</speed><course>-1.000000</course><hAcc>1.262448</hAcc><vAcc>0.904314</vAcc></extensions></trkpt>
      <trkpt lon="-123.277747" lat="44.568643"><ele>78.382721</ele><time>2020-10-25T04:33:20Z</time><extensions><speed>0.000309</speed><course>-1.000000</course><hAcc>1.251762</hAcc><vAcc>0.898419</vAcc></extensions></trkpt>
      <trkpt lon="-123.277747" lat="44.568643"><ele>78.373505</ele><time>2020-10-25T04:33:21Z</time><extensions><speed>0.000336</speed><course>-1.000000</course><hAcc>1.240237</hAcc><vAcc>0.892035</vAcc></extensions></trkpt>
      <trkpt lon="-123.277747" lat="44.568643"><ele>78.366196</ele><time>2020-10-25T04:33:22Z</time><extensions><speed>0.000364</speed><course>-1.000000</course><hAcc>1.229176</hAcc><vAcc>0.885900</vAcc></extensions></trkpt>
      <trkpt lon="-123.277747" lat="44.568643"><ele>78.360703</ele><time>2020-10-25T04:33:23Z</time><extensions><speed>0.000378</speed><course>-1.000000</course><hAcc>1.219868</hAcc><vAcc>0.880736</vAcc></extensions></trkpt>
      <trkpt lon="-123.277747" lat="44.568643"><ele>78.356812</ele><time>2020-10-25T04:33:24Z</time><extensions><speed>0.000359</speed><course>-1.000000</course><hAcc>1.213322</hAcc><vAcc>0.877107</vAcc></extensions></trkpt>
      <trkpt lon="-123.277747" lat="44.568643"><ele>78.354210</ele><time>2020-10-25T04:33:25Z</time><extensions><speed>0.000307</speed><course>-1.000000</course><hAcc>1.210494</hAcc><vAcc>0.875543</vAcc></extensions></trkpt>
      <trkpt lon="-123.277747" lat="44.568643"><ele>78.352631</ele><time>2020-10-25T04:33:26Z</time><extensions><speed>0.000233</speed><course>-1.000000</course><hAcc>1.212230</hAcc><vAcc>0.876511</vAcc></extensions></trkpt>
      <trkpt lon="-123.277747" lat="44.568643"><ele>78.351898</ele><time>2020-10-25T04:33:27Z</time><extensions><speed>0.000157</speed><course>-1.000000</course><hAcc>1.218726</hAcc><vAcc>0.880119</vAcc></extensions></trkpt>
      <trkpt lon="-123.277747" lat="44.568643"><ele>78.351906</ele><time>2020-10-25T04:33:28Z</time><extensions><speed>0.000093</speed><course>-1.000000</course><hAcc>1.229257</hAcc><vAcc>0.885968</vAcc></extensions></trkpt>
      <trkpt lon="-123.277747" lat="44.568643"><ele>78.352600</ele><time>2020-10-25T04:33:29Z</time><extensions><speed>0.000039</speed><course>-1.000000</course><hAcc>1.242468</hAcc><vAcc>0.893314</vAcc></extensions></trkpt>
      <trkpt lon="-123.277747" lat="44.568643"><ele>78.353806</ele><time>2020-10-25T04:33:30Z</time><extensions><speed>0.000005</speed><course>-1.000000</course><hAcc>1.256959</hAcc><vAcc>0.901385</vAcc></extensions></trkpt>
      <trkpt lon="-123.277747" lat="44.568643"><ele>78.355255</ele><time>2020-10-25T04:33:31Z</time><extensions><speed>0.000037</speed><course>-1.000000</course><hAcc>1.271606</hAcc><vAcc>0.909558</vAcc></extensions></trkpt>
      <trkpt lon="-123.277747" lat="44.568643"><ele>78.356613</ele><time>2020-10-25T04:33:32Z</time><extensions><speed>0.000060</speed><course>-1.000000</course><hAcc>1.285582</hAcc><vAcc>0.917370</vAcc></extensions></trkpt>
      <trkpt lon="-123.277747" lat="44.568643"><ele>78.357605</ele><time>2020-10-25T04:33:33Z</time><extensions><speed>0.000077</speed><course>-1.000000</course><hAcc>1.298344</hAcc><vAcc>0.924513</vAcc></extensions></trkpt>
      <trkpt lon="-123.277747" lat="44.568643"><ele>78.358124</ele><time>2020-10-25T04:33:34Z</time><extensions><speed>0.000088</speed><course>-1.000000</course><hAcc>1.309581</hAcc><vAcc>0.930810</vAcc></extensions></trkpt>
      <trkpt lon="-123.277747" lat="44.568643"><ele>78.358238</ele><time>2020-10-25T04:33:35Z</time><extensions><speed>0.000095</speed><course>-1.000000</course><hAcc>1.319166</hAcc><vAcc>0.936186</vAcc></extensions></trkpt>
      <trkpt lon="-123.277747" lat="44.568643"><ele>78.358101</ele><time>2020-10-25T04:33:36Z</time><extensions><speed>0.000100</speed><course>-1.000000</course><hAcc>1.327111</hAcc><vAcc>0.940643</vAcc></extensions></trkpt>
      <trkpt lon="-123.277747" lat="44.568643"><ele>78.357956</ele><time>2020-10-25T04:33:37Z</time><extensions><speed>0.000104</speed><course>-1.000000</course><hAcc>1.333516</hAcc><vAcc>0.944237</vAcc></extensions></trkpt>
      <trkpt lon="-123.277747" lat="44.568643"><ele>78.358047</ele><time>2020-10-25T04:33:38Z</time><extensions><speed>0.000108</speed><course>-1.000000</course><hAcc>1.338542</hAcc><vAcc>0.947057</vAcc></extensions></trkpt>
      <trkpt lon="-123.277747" lat="44.568643"><ele>78.358658</ele><time>2020-10-25T04:33:39Z</time><extensions><speed>0.000112</speed><course>-1.000000</course><hAcc>1.342377</hAcc><vAcc>0.949206</vAcc></extensions></trkpt>
      <trkpt lon="-123.277747" lat="44.568643"><ele>78.359978</ele><time>2020-10-25T04:33:40Z</time><extensions><speed>0.000117</speed><course>-1.000000</course><hAcc>1.345218</hAcc><vAcc>0.950796</vAcc></extensions></trkpt>
      <trkpt lon="-123.277747" lat="44.568643"><ele>78.362183</ele><time>2020-10-25T04:33:41Z</time><extensions><speed>0.000123</speed><course>-1.000000</course><hAcc>1.347257</hAcc><vAcc>0.951936</vAcc></extensions></trkpt>
      <trkpt lon="-123.277747" lat="44.568643"><ele>78.365334</ele><time>2020-10-25T04:33:42Z</time><extensions><speed>0.000131</speed><course>-1.000000</course><hAcc>1.348668</hAcc><vAcc>0.952722</vAcc></extensions></trkpt>
      <trkpt lon="-123.277747" lat="44.568643"><ele>78.369423</ele><time>2020-10-25T04:33:43Z</time><extensions><speed>0.000140</speed><course>-1.000000</course><hAcc>1.349605</hAcc><vAcc>0.953244</vAcc></extensions></trkpt>
      <trkpt lon="-123.277747" lat="44.568643"><ele>78.374352</ele><time>2020-10-25T04:33:44Z</time><extensions><speed>0.000150</speed><course>-1.000000</course><hAcc>1.350199</hAcc><vAcc>0.953573</vAcc></extensions></trkpt>
      <trkpt lon="-123.277747" lat="44.568643"><ele>78.379913</ele><time>2020-10-25T04:33:45Z</time><extensions><speed>0.000162</speed><course>-1.000000</course><hAcc>1.350551</hAcc><vAcc>0.953768</vAcc></extensions></trkpt>
      <trkpt lon="-123.277747" lat="44.568643"><ele>78.385803</ele><time>2020-10-25T04:33:46Z</time><extensions><speed>0.000174</speed><course>-1.000000</course><hAcc>1.350740</hAcc><vAcc>0.953873</vAcc></extensions></trkpt>
      <trkpt lon="-123.277747" lat="44.568643"><ele>78.391678</ele><time>2020-10-25T04:33:47Z</time><extensions><speed>0.000188</speed><course>-1.000000</course><hAcc>1.350816</hAcc><vAcc>0.953917</vAcc></extensions></trkpt>
      <trkpt lon="-123.277747" lat="44.568643"><ele>78.397179</ele><time>2020-10-25T04:33:48Z</time><extensions><speed>0.000202</speed><course>-1.000000</course><hAcc>1.350804</hAcc><vAcc>0.953914</vAcc></extensions></trkpt>
      <trkpt lon="-123.277747" lat="44.568643"><ele>78.401978</ele><time>2020-10-25T04:33:49Z</time><extensions><speed>0.000218</speed><course>-1.000000</course><hAcc>1.350703</hAcc><vAcc>0.953864</vAcc></extensions></trkpt>
      <trkpt lon="-123.277747" lat="44.568643"><ele>78.405777</ele><time>2020-10-25T04:33:50Z</time><extensions><speed>0.000235</speed><course>-1.000000</course><hAcc>1.350486</hAcc><vAcc>0.953750</vAcc></extensions></trkpt>
      <trkpt lon="-123.277747" lat="44.568643"><ele>78.408348</ele><time>2020-10-25T04:33:51Z</time><extensions><speed>0.000254</speed><course>-1.000000</course><hAcc>1.350094</hAcc><vAcc>0.953538</vAcc></extensions></trkpt>
      <trkpt lon="-123.277747" lat="44.568643"><ele>78.409538</ele><time>2020-10-25T04:33:52Z</time><extensions><speed>0.000273</speed><course>-1.000000</course><hAcc>1.349439</hAcc><vAcc>0.953177</vAcc></extensions></trkpt>
      <trkpt lon="-123.277747" lat="44.568643"><ele>78.409325</ele><time>2020-10-25T04:33:53Z</time><extensions><speed>0.000294</speed><course>-1.000000</course><hAcc>1.348395</hAcc><vAcc>0.952593</vAcc></extensions></trkpt>
      <trkpt lon="-123.277747" lat="44.568643"><ele>78.407837</ele><time>2020-10-25T04:33:54Z</time><extensions><speed>0.000316</speed><course>-1.000000</course><hAcc>1.346804</hAcc><vAcc>0.951692</vAcc></extensions></trkpt>
      <trkpt lon="-123.277747" lat="44.568643"><ele>78.405380</ele><time>2020-10-25T04:33:55Z</time><extensions><speed>0.000340</speed><course>-1.000000</course><hAcc>1.344463</hAcc><vAcc>0.950355</vAcc></extensions></trkpt>
      <trkpt lon="-123.277747" lat="44.568643"><ele>78.402306</ele><time>2020-10-25T04:33:56Z</time><extensions><speed>0.000363</speed><course>-1.000000</course><hAcc>1.341133</hAcc><vAcc>0.948439</vAcc></extensions></trkpt>
      <trkpt lon="-123.277747" lat="44.568643"><ele>78.398918</ele><time>2020-10-25T04:33:57Z</time><extensions><speed>0.000385</speed><course>-1.000000</course><hAcc>1.336536</hAcc><vAcc>0.945777</vAcc></extensions></trkpt>
      <trkpt lon="-123.277747" lat="44.568643"><ele>78.395485</ele><time>2020-10-25T04:33:58Z</time><extensions><speed>0.000403</speed><course>-1.000000</course><hAcc>1.330363</hAcc><vAcc>0.942186</vAcc></extensions></trkpt>
      <trkpt lon="-123.277747" lat="44.568643"><ele>78.392288</ele><time>2020-10-25T04:33:59Z</time><extensions><speed>0.000416</speed><course>-1.000000</course><hAcc>1.322283</hAcc><vAcc>0.937464</vAcc></extensions></trkpt>
      <trkpt lon="-123.277747" lat="44.568643"><ele>78.389656</ele><time>2020-10-25T04:34:00Z</time><extensions><speed>0.000422</speed><course>-1.000000</course><hAcc>1.311962</hAcc><vAcc>0.931410</vAcc></extensions></trkpt>
      <trkpt lon="-123.277747" lat="44.568643"><ele>78.387962</ele><time>2020-10-25T04:34:01Z</time><extensions><speed>0.000420</speed><course>-1.000000</course><hAcc>1.299086</hAcc><vAcc>0.923834</vAcc></extensions></trkpt>
      <trkpt lon="-123.277747" lat="44.568643"><ele>78.387558</ele><time>2020-10-25T04:34:02Z</time><extensions><speed>0.000405</speed><course>-1.000000</course><hAcc>1.283402</hAcc><vAcc>0.914579</vAcc></extensions></trkpt>
      <trkpt lon="-123.277747" lat="44.568643"><ele>78.388771</ele><time>2020-10-25T04:34:03Z</time><extensions><speed>0.000375</speed><course>-1.000000</course><hAcc>1.264760</hAcc><vAcc>0.903552</vAcc></extensions></trkpt>
      <trkpt lon="-123.277747" lat="44.568643"><ele>78.391907</ele><time>2020-10-25T04:34:04Z</time><extensions><speed>0.000328</speed><course>-1.000000</course><hAcc>1.243174</hAcc><vAcc>0.890755</vAcc></extensions></trkpt>
      <trkpt lon="-123.277747" lat="44.568643"><ele>78.397270</ele><time>2020-10-25T04:34:05Z</time><extensions><speed>0.000259</speed><course>-1.000000</course><hAcc>1.218899</hAcc><vAcc>0.876334</vAcc></extensions></trkpt>
      <trkpt lon="-123.277747" lat="44.568643"><ele>78.405106</ele><time>2020-10-25T04:34:06Z</time><extensions><speed>0.000166</speed><course>-1.000000</course><hAcc>1.192510</hAcc><vAcc>0.860622</vAcc></extensions></trkpt>
      <trkpt lon="-123.277747" lat="44.568643"><ele>78.415627</ele><time>2020-10-25T04:34:07Z</time><extensions><speed>0.000043</speed><course>-1.000000</course><hAcc>1.164986</hAcc><vAcc>0.844187</vAcc></extensions></trkpt>
      <trkpt lon="-123.277747" lat="44.568643"><ele>78.429008</ele><time>2020-10-25T04:34:08Z</time><extensions><speed>0.000112</speed><course>-1.000000</course><hAcc>1.137768</hAcc><vAcc>0.827871</vAcc></extensions></trkpt>
      <trkpt lon="-123.277747" lat="44.568643"><ele>78.445473</ele><time>2020-10-25T04:34:09Z</time><extensions><speed>0.000310</speed><course>-1.000000</course><hAcc>1.112560</hAcc><vAcc>0.812672</vAcc></extensions></trkpt>
      <trkpt lon="-123.277747" lat="44.568643"><ele>78.465225</ele><time>2020-10-25T04:34:10Z</time><extensions><speed>0.000553</speed><course>-1.000000</course><hAcc>1.090875</hAcc><vAcc>0.799497</vAcc></extensions></trkpt>
      <trkpt lon="-123.277747" lat="44.568643"><ele>78.488373</ele><time>2020-10-25T04:34:11Z</time><extensions><speed>0.000821</speed><course>-1.000000</course><hAcc>1.073813</hAcc><vAcc>0.789039</vAcc></extensions></trkpt>
      <trkpt lon="-123.277747" lat="44.568643"><ele>78.514847</ele><time>2020-10-25T04:34:12Z</time><extensions><speed>0.001072</speed><course>-1.000000</course><hAcc>1.062094</hAcc><vAcc>0.781783</vAcc></extensions></trkpt>
      <trkpt lon="-123.277747" lat="44.568643"><ele>78.544258</ele><time>2020-10-25T04:34:13Z</time><extensions><speed>0.001244</speed><course>-1.000000</course><hAcc>1.056085</hAcc><vAcc>0.778022</vAcc></extensions></trkpt>
      <trkpt lon="-123.277747" lat="44.568643"><ele>78.575935</ele><time>2020-10-25T04:34:14Z</time><extensions><speed>0.001298</speed><course>-1.000000</course><hAcc>1.055695</hAcc><vAcc>0.777750</vAcc></extensions></trkpt>
      <trkpt lon="-123.277747" lat="44.568643"><ele>78.609047</ele><time>2020-10-25T04:34:15Z</time><extensions><speed>0.001237</speed><course>-1.000000</course><hAcc>1.060262</hAcc><vAcc>0.780565</vAcc></extensions></trkpt>
      <trkpt lon="-123.277747" lat="44.568643"><ele>78.642769</ele><time>2020-10-25T04:34:16Z</time><extensions><speed>0.001072</speed><course>-1.000000</course><hAcc>1.068735</hAcc><vAcc>0.785805</vAcc></extensions></trkpt>
      <trkpt lon="-123.277747" lat="44.568643"><ele>78.676399</ele><time>2020-10-25T04:34:17Z</time><extensions><speed>0.000834</speed><course>-1.000000</course><hAcc>1.079843</hAcc><vAcc>0.792683</vAcc></extensions></trkpt>
      <trkpt lon="-123.277747" lat="44.568643"><ele>78.709450</ele><time>2020-10-25T04:34:18Z</time><extensions><speed>0.000582</speed><course>-1.000000</course><hAcc>1.092126</hAcc><vAcc>0.800314</vAcc></extensions></trkpt>
      <trkpt lon="-123.277747" lat="44.568643"><ele>78.741737</ele><time>2020-10-25T04:34:19Z</time><extensions><speed>0.000364</speed><course>-1.000000</course><hAcc>1.103959</hAcc><vAcc>0.807730</vAcc></extensions></trkpt>
      <trkpt lon="-123.277747" lat="44.568643"><ele>78.773224</ele><time>2020-10-25T04:34:20Z</time><extensions><speed>0.000196</speed><course>-1.000000</course><hAcc>1.113814</hAcc><vAcc>0.814035</vAcc></extensions></trkpt>
      <trkpt lon="-123.277747" lat="44.568643"><ele>78.803856</ele><time>2020-10-25T04:34:21Z</time><extensions><speed>0.000078</speed><course>-1.000000</course><hAcc>1.120746</hAcc><vAcc>0.818672</vAcc></extensions></trkpt>
      <trkpt lon="-123.277747" lat="44.568643"><ele>78.833450</ele><time>2020-10-25T04:34:22Z</time><extensions><speed>0.000033</speed><course>-1.000000</course><hAcc>1.124640</hAcc><vAcc>0.821563</vAcc></extensions></trkpt>
      <trkpt lon="-123.277747" lat="44.568643"><ele>78.861732</ele><time>2020-10-25T04:34:23Z</time><extensions><speed>0.000050</speed><course>-1.000000</course><hAcc>1.126199</hAcc><vAcc>0.823096</vAcc></extensions></trkpt>
      <trkpt lon="-123.277747" lat="44.568643"><ele>78.888412</ele><time>2020-10-25T04:34:24Z</time><extensions><speed>0.000039</speed><course>-1.000000</course><hAcc>1.126875</hAcc><vAcc>0.824085</vAcc></extensions></trkpt>
      <trkpt lon="-123.277747" lat="44.568643"><ele>78.913284</ele><time>2020-10-25T04:34:25Z</time><extensions><speed>0.000008</speed><course>-1.000000</course><hAcc>1.128532</hAcc><vAcc>0.825572</vAcc></extensions></trkpt>
      <trkpt lon="-123.277747" lat="44.568643"><ele>78.936096</ele><time>2020-10-25T04:34:26Z</time><extensions><speed>0.000017</speed><course>-1.000000</course><hAcc>1.132825</hAcc><vAcc>0.828484</vAcc></extensions></trkpt>
      <trkpt lon="-123.277747" lat="44.568643"><ele>78.956444</ele><time>2020-10-25T04:34:27Z</time><extensions><speed>0.000018</speed><course>-1.000000</course><hAcc>1.140821</hAcc><vAcc>0.833417</vAcc></extensions></trkpt>
      <trkpt lon="-123.277747" lat="44.568643"><ele>78.973831</ele><time>2020-10-25T04:34:28Z</time><extensions><speed>0.000083</speed><course>-1.000000</course><hAcc>1.152871</hAcc><vAcc>0.840568</vAcc></extensions></trkpt>
      <trkpt lon="-123.277747" lat="44.568643"><ele>78.987778</ele><time>2020-10-25T04:34:29Z</time><extensions><speed>0.000202</speed><course>-1.000000</course><hAcc>1.168548</hAcc><vAcc>0.849703</vAcc></extensions></trkpt>
      <trkpt lon="-123.277747" lat="44.568643"><ele>78.997955</ele><time>2020-10-25T04:34:30Z</time><extensions><speed>0.000328</speed><course>-1.000000</course><hAcc>1.186644</hAcc><vAcc>0.860150</vAcc></extensions></trkpt>
      <trkpt lon="-123.277747" lat="44.568643"><ele>79.004227</ele><time>2020-10-25T04:34:31Z</time><extensions><speed>0.000443</speed><course>-1.000000</course><hAcc>1.205462</hAcc><vAcc>0.870965</vAcc></extensions></trkpt>
      <trkpt lon="-123.277747" lat="44.568643"><ele>79.006592</ele><time>2020-10-25T04:34:32Z</time><extensions><speed>0.000549</speed><course>-1.000000</course><hAcc>1.223355</hAcc><vAcc>0.881222</vAcc></extensions></trkpt>
      <trkpt lon="-123.277747" lat="44.568643"><ele>79.005127</ele><time>2020-10-25T04:34:33Z</time><extensions><speed>0.000648</speed><course>-1.000000</course><hAcc>1.239002</hAcc><vAcc>0.890173</vAcc></extensions></trkpt>
      <trkpt lon="-123.277747" lat="44.568643"><ele>78.999924</ele><time>2020-10-25T04:34:34Z</time><extensions><speed>0.000740</speed><course>-1.000000</course><hAcc>1.251402</hAcc><vAcc>0.897246</vAcc></extensions></trkpt>
      <trkpt lon="-123.277747" lat="44.568643"><ele>78.991150</ele><time>2020-10-25T04:34:35Z</time><extensions><speed>0.000826</speed><course>-1.000000</course><hAcc>1.259838</hAcc><vAcc>0.902024</vAcc></extensions></trkpt>
      <trkpt lon="-123.277747" lat="44.568643"><ele>78.978966</ele><time>2020-10-25T04:34:36Z</time><extensions><speed>0.000908</speed><course>-1.000000</course><hAcc>1.263824</hAcc><vAcc>0.904224</vAcc></extensions></trkpt>
      <trkpt lon="-123.277747" lat="44.568643"><ele>78.963593</ele><time>2020-10-25T04:34:37Z</time><extensions><speed>0.000985</speed><course>-1.000000</course><hAcc>1.263074</hAcc><vAcc>0.903675</vAcc></extensions></trkpt>
      <trkpt lon="-123.277747" lat="44.568643"><ele>78.945290</ele><time>2020-10-25T04:34:38Z</time><extensions><speed>0.001056</speed><course>-1.000000</course><hAcc>1.257476</hAcc><vAcc>0.900307</vAcc></extensions></trkpt>
      <trkpt lon="-123.277747" lat="44.568643"><ele>78.924377</ele><time>2020-10-25T04:34:39Z</time><extensions><speed>0.001120</speed><course>-1.000000</course><hAcc>1.247092</hAcc><vAcc>0.894155</vAcc></extensions></trkpt>
      <trkpt lon="-123.277747" lat="44.568643"><ele>78.901245</ele><time>2020-10-25T04:34:40Z</time><extensions><speed>0.001177</speed><course>-1.000000</course><hAcc>1.232185</hAcc><vAcc>0.885369</vAcc></extensions></trkpt>
      <trkpt lon="-123.277747" lat="44.568643"><ele>78.876373</ele><time>2020-10-25T04:34:41Z</time><extensions><speed>0.001222</speed><course>-1.000000</course><hAcc>1.213258</hAcc><vAcc>0.874245</vAcc></extensions></trkpt>
      <trkpt lon="-123.277747" lat="44.568643"><ele>78.850365</ele><time>2020-10-25T04:34:42Z</time><extensions><speed>0.001255</speed><course>-1.000000</course><hAcc>1.191120</hAcc><vAcc>0.861253</vAcc></extensions></trkpt>
      <trkpt lon="-123.277747" lat="44.568643"><ele>78.823914</ele><time>2020-10-25T04:34:43Z</time><extensions><speed>0.001271</speed><course>-1.000000</course><hAcc>1.166950</hAcc><vAcc>0.847079</vAcc></extensions></trkpt>
      <trkpt lon="-123.277747" lat="44.568643"><ele>78.797813</ele><time>2020-10-25T04:34:44Z</time><extensions><speed>0.001265</speed><course>-1.000000</course><hAcc>1.142357</hAcc><vAcc>0.832654</vAcc></extensions></trkpt>
      <trkpt lon="-123.277747" lat="44.568643"><ele>78.772850</ele><time>2020-10-25T04:34:45Z</time><extensions><speed>0.001222</speed><course>-1.000000</course><hAcc>1.119165</hAcc><vAcc>0.819034</vAcc></extensions></trkpt>
      <trkpt lon="-123.277747" lat="44.568643"><ele>78.749863</ele><time>2020-10-25T04:34:46Z</time><extensions><speed>0.001126</speed><course>-1.000000</course><hAcc>1.098971</hAcc><vAcc>0.807150</vAcc></extensions></trkpt>
      <trkpt lon="-123.277747" lat="44.568643"><ele>78.729645</ele><time>2020-10-25T04:34:47Z</time><extensions><speed>0.000970</speed><course>-1.000000</course><hAcc>1.082938</hAcc><vAcc>0.797696</vAcc></extensions></trkpt>
      <trkpt lon="-123.277747" lat="44.568643"><ele>78.712944</ele><time>2020-10-25T04:34:48Z</time><extensions><speed>0.000757</speed><course>-1.000000</course><hAcc>1.071849</hAcc><vAcc>0.791145</vAcc></extensions></trkpt>
      <trkpt lon="-123.277747" lat="44.568643"><ele>78.700340</ele><time>2020-10-25T04:34:49Z</time><extensions><speed>0.000499</speed><course>-1.000000</course><hAcc>1.066180</hAcc><vAcc>0.787793</vAcc></extensions></trkpt>
      <trkpt lon="-123.277747" lat="44.568643"><ele>78.692245</ele><time>2020-10-25T04:34:50Z</time><extensions><speed>0.000217</speed><course>-1.000000</course><hAcc>1.066165</hAcc><vAcc>0.787787</vAcc></extensions></trkpt>
      <trkpt lon="-123.277747" lat="44.568643"><ele>78.688850</ele><time>2020-10-25T04:34:51Z</time><extensions><speed>0.000068</speed><course>-1.000000</course><hAcc>1.071844</hAcc><vAcc>0.791149</vAcc></extensions></trkpt>
      <trkpt lon="-123.277747" lat="44.568643"><ele>78.690094</ele><time>2020-10-25T04:34:52Z</time><extensions><speed>0.000324</speed><course>-1.000000</course><hAcc>1.083061</hAcc><vAcc>0.797776</vAcc></extensions></trkpt>
      <trkpt lon="-123.277747" lat="44.568643"><ele>78.695740</ele><time>2020-10-25T04:34:53Z</time><extensions><speed>0.000545</speed><course>-1.000000</course><hAcc>1.099430</hAcc><vAcc>0.807423</vAcc></extensions></trkpt>
      <trkpt lon="-123.277747" lat="44.568643"><ele>78.705376</ele><time>2020-10-25T04:34:54Z</time><extensions><speed>0.000726</speed><course>-1.000000</course><hAcc>1.120276</hAcc><vAcc>0.819674</vAcc></extensions></trkpt>
      <trkpt lon="-123.277747" lat="44.568643"><ele>78.718498</ele><time>2020-10-25T04:34:55Z</time><extensions><speed>0.000867</speed><course>-1.000000</course><hAcc>1.144562</hAcc><vAcc>0.833910</vAcc></extensions></trkpt>
      <trkpt lon="-123.277747" lat="44.568643"><ele>78.734489</ele><time>2020-10-25T04:34:56Z</time><extensions><speed>0.000965</speed><course>-1.000000</course><hAcc>1.170840</hAcc><vAcc>0.849283</vAcc></extensions></trkpt>
      <trkpt lon="-123.277747" lat="44.568643"><ele>78.752625</ele><time>2020-10-25T04:34:57Z</time><extensions><speed>0.001023</speed><course>-1.000000</course><hAcc>1.197456</hAcc><vAcc>0.864837</vAcc></extensions></trkpt>
      <trkpt lon="-123.277747" lat="44.568643"><ele>78.772171</ele><time>2020-10-25T04:34:58Z</time><extensions><speed>0.001048</speed><course>-1.000000</course><hAcc>1.223004</hAcc><vAcc>0.879757</vAcc></extensions></trkpt>
      <trkpt lon="-123.277747" lat="44.568643"><ele>78.792389</ele><time>2020-10-25T04:34:59Z</time><extensions><speed>0.001047</speed><course>-1.000000</course><hAcc>1.246524</hAcc><vAcc>0.893485</vAcc></extensions></trkpt>
      <trkpt lon="-123.277747" lat="44.568643"><ele>78.812614</ele><time>2020-10-25T04:35:00Z</time><extensions><speed>0.001025</speed><course>-1.000000</course><hAcc>1.267453</hAcc><vAcc>0.905692</vAcc></extensions></trkpt>
      <trkpt lon="-123.277747" lat="44.568643"><ele>78.832253</ele><time>2020-10-25T04:35:01Z</time><extensions><speed>0.000988</speed><course>-1.000000</course><hAcc>1.285537</hAcc><vAcc>0.916229</vAcc></extensions></trkpt>
      <trkpt lon="-123.277747" lat="44.568643"><ele>78.850868</ele><time>2020-10-25T04:35:02Z</time><extensions><speed>0.000939</speed><course>-1.000000</course><hAcc>1.300758</hAcc><vAcc>0.925085</vAcc></extensions></trkpt>
      <trkpt lon="-123.277747" lat="44.568643"><ele>78.868187</ele><time>2020-10-25T04:35:03Z</time><extensions><speed>0.000880</speed><course>-1.000000</course><hAcc>1.313259</hAcc><vAcc>0.932345</vAcc></extensions></trkpt>
      <trkpt lon="-123.277747" lat="44.568643"><ele>78.884132</ele><time>2020-10-25T04:35:04Z</time><extensions><speed>0.000816</speed><course>-1.000000</course><hAcc>1.323284</hAcc><vAcc>0.938154</vAcc></extensions></trkpt>
      <trkpt lon="-123.277747" lat="44.568643"><ele>78.898758</ele><time>2020-10-25T04:35:05Z</time><extensions><speed>0.000749</speed><course>-1.000000</course><hAcc>1.331136</hAcc><vAcc>0.942690</vAcc></extensions></trkpt>
      <trkpt lon="-123.277747" lat="44.568643"><ele>78.912193</ele><time>2020-10-25T04:35:06Z</time><extensions><speed>0.000679</speed><course>-1.000000</course><hAcc>1.337137</hAcc><vAcc>0.946146</vAcc></extensions></trkpt>
      <trkpt lon="-123.277747" lat="44.568643"><ele>78.924622</ele><time>2020-10-25T04:35:07Z</time><extensions><speed>0.000611</speed><course>-1.000000</course><hAcc>1.341608</hAcc><vAcc>0.948710</vAcc></extensions></trkpt>
      <trkpt lon="-123.277747" lat="44.568643"><ele>78.936256</ele><time>2020-10-25T04:35:08Z</time><extensions><speed>0.000545</speed><course>-1.000000</course><hAcc>1.344846</hAcc><vAcc>0.950558</vAcc></extensions></trkpt>
      <trkpt lon="-123.277747" lat="44.568643"><ele>78.947334</ele><time>2020-10-25T04:35:09Z</time><extensions><speed>0.000482</speed><course>-1.000000</course><hAcc>1.347116</hAcc><vAcc>0.951846</vAcc></extensions></trkpt>
      <trkpt lon="-123.277747" lat="44.568643"><ele>78.958099</ele><time>2020-10-25T04:35:10Z</time><extensions><speed>0.000423</speed><course>-1.000000</course><hAcc>1.348648</hAcc><vAcc>0.952706</vAcc></extensions></trkpt>
      <trkpt lon="-123.277747" lat="44.568643"><ele>78.968796</ele><time>2020-10-25T04:35:11Z</time><extensions><speed>0.000369</speed><course>-1.000000</course><hAcc>1.349628</hAcc><vAcc>0.953248</vAcc></extensions></trkpt>
      <trkpt lon="-123.277747" lat="44.568643"><ele>78.979622</ele><time>2020-10-25T04:35:12Z</time><extensions><speed>0.000321</speed><course>-1.000000</course><hAcc>1.350206</hAcc><vAcc>0.953555</vAcc></extensions></trkpt>
      <trkpt lon="-123.277747" lat="44.568643"><ele>78.990707</ele><time>2020-10-25T04:35:13Z</time><extensions><speed>0.000279</speed><course>-1.000000</course><hAcc>1.350492</hAcc><vAcc>0.953688</vAcc></extensions></trkpt>
      <trkpt lon="-123.277747" lat="44.568643"><ele>79.002045</ele><time>2020-10-25T04:35:14Z</time><extensions><speed>0.000245</speed><course>-1.000000</course><hAcc>1.350565</hAcc><vAcc>0.953685</vAcc></extensions></trkpt>
      <trkpt lon="-123.277747" lat="44.568643"><ele>79.013496</ele><time>2020-10-25T04:35:15Z</time><extensions><speed>0.000218</speed><course>-1.000000</course><hAcc>1.350470</hAcc><vAcc>0.953565</vAcc></extensions></trkpt>
      <trkpt lon="-123.277747" lat="44.568643"><ele>79.024803</ele><time>2020-10-25T04:35:16Z</time><extensions><speed>0.000200</speed><course>-1.000000</course><hAcc>1.350227</hAcc><vAcc>0.953330</vAcc></extensions></trkpt>
      <trkpt lon="-123.277747" lat="44.568643"><ele>79.035660</ele><time>2020-10-25T04:35:17Z</time><extensions><speed>0.000188</speed><course>-1.000000</course><hAcc>1.349833</hAcc><vAcc>0.952966</vAcc></extensions></trkpt>
      <trkpt lon="-123.277747" lat="44.568643"><ele>79.045769</ele><time>2020-10-25T04:35:18Z</time><extensions><speed>0.000183</speed><course>-1.000000</course><hAcc>1.349265</hAcc><vAcc>0.952443</vAcc></extensions></trkpt>
      <trkpt lon="-123.277747" lat="44.568643"><ele>79.054825</ele><time>2020-10-25T04:35:19Z</time><extensions><speed>0.000185</speed><course>-1.000000</course><hAcc>1.348484</hAcc><vAcc>0.951721</vAcc></extensions></trkpt>
      <trkpt lon="-123.277747" lat="44.568643"><ele>79.062561</ele><time>2020-10-25T04:35:20Z</time><extensions><speed>0.000191</speed><course>-1.000000</course><hAcc>1.347439</hAcc><vAcc>0.950751</vAcc></extensions></trkpt>
      <trkpt lon="-123.277747" lat="44.568643"><ele>79.068756</ele><time>2020-10-25T04:35:21Z</time><extensions><speed>0.000201</speed><course>-1.000000</course><hAcc>1.346069</hAcc><vAcc>0.949476</vAcc></extensions></trkpt>
      <trkpt lon="-123.277747" lat="44.568643"><ele>79.073257</ele><time>2020-10-25T04:35:22Z</time><extensions><speed>0.000214</speed><course>-1.000000</course><hAcc>1.344309</hAcc><vAcc>0.947836</vAcc></extensions></trkpt>
      <trkpt lon="-123.277747" lat="44.568643"><ele>79.075966</ele><time>2020-10-25T04:35:23Z</time><extensions><speed>0.000227</speed><course>-1.000000</course><hAcc>1.342098</hAcc><vAcc>0.945775</vAcc></extensions></trkpt>
      <trkpt lon="-123.277747" lat="44.568643"><ele>79.076828</ele><time>2020-10-25T04:35:24Z</time><extensions><speed>0.000240</speed><course>-1.000000</course><hAcc>1.339382</hAcc><vAcc>0.943244</vAcc></extensions></trkpt>
      <trkpt lon="-123.277747" lat="44.568643"><ele>79.075829</ele><time>2020-10-25T04:35:25Z</time><extensions><speed>0.000251</speed><course>-1.000000</course><hAcc>1.336125</hAcc><vAcc>0.940211</vAcc></extensions></trkpt>
      <trkpt lon="-123.277747" lat="44.568643"><ele>79.072998</ele><time>2020-10-25T04:35:26Z</time><extensions><speed>0.000258</speed><course>-1.000000</course><hAcc>1.332319</hAcc><vAcc>0.936669</vAcc></extensions></trkpt>
      <trkpt lon="-123.277747" lat="44.568643"><ele>79.068481</ele><time>2020-10-25T04:35:27Z</time><extensions><speed>0.000259</speed><course>-1.000000</course><hAcc>1.327996</hAcc><vAcc>0.932646</vAcc></extensions></trkpt>
      <trkpt lon="-123.277747" lat="44.568643"><ele>79.062561</ele><time>2020-10-25T04:35:28Z</time><extensions><speed>0.000251</speed><course>-1.000000</course><hAcc>1.323235</hAcc><vAcc>0.928219</vAcc></extensions></trkpt>
      <trkpt lon="-123.277747" lat="44.568643"><ele>79.055656</ele><time>2020-10-25T04:35:29Z</time><extensions><speed>0.000231</speed><course>-1.000000</course><hAcc>1.318176</hAcc><vAcc>0.923516</vAcc></extensions></trkpt>
      <trkpt lon="-123.277747" lat="44.568643"><ele>79.048309</ele><time>2020-10-25T04:35:30Z</time><extensions><speed>0.000196</speed><course>-1.000000</course><hAcc>1.313025</hAcc><vAcc>0.918731</vAcc></extensions></trkpt>
      <trkpt lon="-123.277747" lat="44.568643"><ele>79.041115</ele><time>2020-10-25T04:35:31Z</time><extensions><speed>0.000145</speed><course>-1.000000</course><hAcc>1.308018</hAcc><vAcc>0.914084</vAcc></extensions></trkpt>
      <trkpt lon="-123.277747" lat="44.568643"><ele>79.034645</ele><time>2020-10-25T04:35:32Z</time><extensions><speed>0.000075</speed><course>-1.000000</course><hAcc>1.303356</hAcc><vAcc>0.909763</vAcc></extensions></trkpt>
      <trkpt lon="-123.277747" lat="44.568643"><ele>79.029457</ele><time>2020-10-25T04:35:33Z</time><extensions><speed>0.000011</speed><course>-1.000000</course><hAcc>1.299173</hAcc><vAcc>0.905892</vAcc></extensions></trkpt>
      <trkpt lon="-123.277747" lat="44.568643"><ele>79.026001</ele><time>2020-10-25T04:35:34Z</time><extensions><speed>0.000110</speed><course>-1.000000</course><hAcc>1.295540</hAcc><vAcc>0.902538</vAcc></extensions></trkpt>
      <trkpt lon="-123.277747" lat="44.568643"><ele>79.024628</ele><time>2020-10-25T04:35:35Z</time><extensions><speed>0.000217</speed><course>-1.000000</course><hAcc>1.292479</hAcc><vAcc>0.899720</vAcc></extensions></trkpt>
      <trkpt lon="-123.277747" lat="44.568643"><ele>79.025520</ele><time>2020-10-25T04:35:36Z</time><extensions><speed>0.000325</speed><course>-1.000000</course><hAcc>1.289972</hAcc><vAcc>0.897418</vAcc></extensions></trkpt>
      <trkpt lon="-123.277747" lat="44.568643"><ele>79.028732</ele><time>2020-10-25T04:35:37Z</time><extensions><speed>0.000425</speed><course>-1.000000</course><hAcc>1.287974</hAcc><vAcc>0.895591</vAcc></extensions></trkpt>
      <trkpt lon="-123.277747" lat="44.568643"><ele>79.034103</ele><time>2020-10-25T04:35:38Z</time><extensions><speed>0.000510</speed><course>-1.000000</course><hAcc>1.286425</hAcc><vAcc>0.894181</vAcc></extensions></trkpt>
      <trkpt lon="-123.277747" lat="44.568643"><ele>79.041367</ele><time>2020-10-25T04:35:39Z</time><extensions><speed>0.000573</speed><course>-1.000000</course><hAcc>1.285256</hAcc><vAcc>0.893123</vAcc></extensions></trkpt>
      <trkpt lon="-123.277747" lat="44.568643"><ele>79.050095</ele><time>2020-10-25T04:35:40Z</time><extensions><speed>0.000607</speed><course>-1.000000</course><hAcc>1.284401</hAcc><vAcc>0.892353</vAcc></extensions></trkpt>
      <trkpt lon="-123.277747" lat="44.568643"><ele>79.059784</ele><time>2020-10-25T04:35:41Z</time><extensions><speed>0.000612</speed><course>-1.000000</course><hAcc>1.283794</hAcc><vAcc>0.891810</vAcc></extensions></trkpt>
      <trkpt lon="-123.277747" lat="44.568643"><ele>79.069878</ele><time>2020-10-25T04:35:42Z</time><extensions><speed>0.000585</speed><course>-1.000000</course><hAcc>1.283379</hAcc><vAcc>0.891442</vAcc></extensions></trkpt>
      <trkpt lon="-123.277747" lat="44.568643"><ele>79.079834</ele><time>2020-10-25T04:35:43Z</time><extensions><speed>0.000530</speed><course>-1.000000</course><hAcc>1.283106</hAcc><vAcc>0.891202</vAcc></extensions></trkpt>
      <trkpt lon="-123.277747" lat="44.568643"><ele>79.089142</ele><time>2020-10-25T04:35:44Z</time><extensions><speed>0.000450</speed><course>-1.000000</course><hAcc>1.282935</hAcc><vAcc>0.891054</vAcc></extensions></trkpt>
      <trkpt lon="-123.277747" lat="44.568643"><ele>79.097366</ele><time>2020-10-25T04:35:45Z</time><extensions><speed>0.000351</speed><course>-1.000000</course><hAcc>1.282834</hAcc><vAcc>0.890969</vAcc></extensions></trkpt>
      <trkpt lon="-123.277747" lat="44.568643"><ele>79.104187</ele><time>2020-10-25T04:35:46Z</time><extensions><speed>0.000240</speed><course>-1.000000</course><hAcc>1.282780</hAcc><vAcc>0.890924</vAcc></extensions></trkpt>
      <trkpt lon="-123.277747" lat="44.568643"><ele>79.109413</ele><time>2020-10-25T04:35:47Z</time><extensions><speed>0.000127</speed><course>-1.000000</course><hAcc>1.282754</hAcc><vAcc>0.890903</vAcc></extensions></trkpt>
      <trkpt lon="-123.277747" lat="44.568643"><ele>79.113014</ele><time>2020-10-25T04:35:48Z</time><extensions><speed>0.000021</speed><course>-1.000000</course><hAcc>1.282745</hAcc><vAcc>0.890896</vAcc></extensions></trkpt>
      <trkpt lon="-123.277747" lat="44.568643"><ele>79.115128</ele><time>2020-10-25T04:35:49Z</time><extensions><speed>0.000072</speed><course>-1.000000</course><hAcc>1.282742</hAcc><vAcc>0.890894</vAcc></extensions></trkpt>
      <trkpt lon="-123.277747" lat="44.568643"><ele>79.115936</ele><time>2020-10-25T04:35:50Z</time><extensions><speed>0.000149</speed><course>-1.000000</course><hAcc>1.282742</hAcc><vAcc>0.890894</vAcc></extensions></trkpt>
      <trkpt lon="-123.277747" lat="44.568643"><ele>79.115677</ele><time>2020-10-25T04:35:51Z</time><extensions><speed>0.000211</speed><course>-1.000000</course><hAcc>1.282741</hAcc><vAcc>0.890893</vAcc></extensions></trkpt>
      <trkpt lon="-123.277747" lat="44.568643"><ele>79.114586</ele><time>2020-10-25T04:35:52Z</time><extensions><speed>0.000257</speed><course>-1.000000</course><hAcc>1.282738</hAcc><vAcc>0.890890</vAcc></extensions></trkpt>
      <trkpt lon="-123.277747" lat="44.568643"><ele>79.112938</ele><time>2020-10-25T04:35:53Z</time><extensions><speed>0.000287</speed><course>-1.000000</course><hAcc>1.282733</hAcc><vAcc>0.890884</vAcc></extensions></trkpt>
      <trkpt lon="-123.277747" lat="44.568643"><ele>79.111008</ele><time>2020-10-25T04:35:54Z</time><extensions><speed>0.000301</speed><course>-1.000000</course><hAcc>1.282726</hAcc><vAcc>0.890877</vAcc></extensions></trkpt>
      <trkpt lon="-123.277747" lat="44.568643"><ele>79.109047</ele><time>2020-10-25T04:35:55Z</time><extensions><speed>0.000301</speed><course>-1.000000</course><hAcc>1.282717</hAcc><vAcc>0.890869</vAcc></extensions></trkpt>
      <trkpt lon="-123.277747" lat="44.568643"><ele>79.107315</ele><time>2020-10-25T04:35:56Z</time><extensions><speed>0.000288</speed><course>-1.000000</course><hAcc>1.282707</hAcc><vAcc>0.890860</vAcc></extensions></trkpt>
      <trkpt lon="-123.277747" lat="44.568643"><ele>79.106049</ele><time>2020-10-25T04:35:57Z</time><extensions><speed>0.000261</speed><course>-1.000000</course><hAcc>1.282697</hAcc><vAcc>0.890850</vAcc></extensions></trkpt>
      <trkpt lon="-123.277747" lat="44.568643"><ele>79.105484</ele><time>2020-10-25T04:35:58Z</time><extensions><speed>0.000221</speed><course>-1.000000</course><hAcc>1.282688</hAcc><vAcc>0.890841</vAcc></extensions></trkpt>
      <trkpt lon="-123.277747" lat="44.568643"><ele>79.105835</ele><time>2020-10-25T04:35:59Z</time><extensions><speed>0.000170</speed><course>-1.000000</course><hAcc>1.282679</hAcc><vAcc>0.890833</vAcc></extensions></trkpt>
      <trkpt lon="-123.277747" lat="44.568643"><ele>79.107269</ele><time>2020-10-25T04:36:00Z</time><extensions><speed>0.000112</speed><course>-1.000000</course><hAcc>1.282671</hAcc><vAcc>0.890826</vAcc></extensions></trkpt>
      <trkpt lon="-123.277747" lat="44.568643"><ele>79.109863</ele><time>2020-10-25T04:36:01Z</time><extensions><speed>0.000050</speed><course>-1.000000</course><hAcc>1.282664</hAcc><vAcc>0.890820</vAcc></extensions></trkpt>
      <trkpt lon="-123.277747" lat="44.568643"><ele>79.113640</ele><time>2020-10-25T04:36:02Z</time><extensions><speed>0.000012</speed><course>-1.000000</course><hAcc>1.282658</hAcc><vAcc>0.890815</vAcc></extensions></trkpt>
      <trkpt lon="-123.277747" lat="44.568643"><ele>79.118553</ele><time>2020-10-25T04:36:03Z</time><extensions><speed>0.000070</speed><course>-1.000000</course><hAcc>1.282653</hAcc><vAcc>0.890810</vAcc></extensions></trkpt>
      <trkpt lon="-123.277747" lat="44.568643"><ele>79.124496</ele><time>2020-10-25T04:36:04Z</time><extensions><speed>0.000123</speed><course>-1.000000</course><hAcc>1.282649</hAcc><vAcc>0.890807</vAcc></extensions></trkpt>
      <trkpt lon="-123.277747" lat="44.568643"><ele>79.131332</ele><time>2020-10-25T04:36:05Z</time><extensions><speed>0.000170</speed><course>-1.000000</course><hAcc>1.282646</hAcc><vAcc>0.890804</vAcc></extensions></trkpt>
      <trkpt lon="-123.277747" lat="44.568643"><ele>79.138908</ele><time>2020-10-25T04:36:06Z</time><extensions><speed>0.000211</speed><course>-1.000000</course><hAcc>1.282644</hAcc><vAcc>0.890803</vAcc></extensions></trkpt>
      <trkpt lon="-123.277747" lat="44.568643"><ele>79.147041</ele><time>2020-10-25T04:36:07Z</time><extensions><speed>0.000245</speed><course>-1.000000</course><hAcc>1.282642</hAcc><vAcc>0.890801</vAcc></extensions></trkpt>
      <trkpt lon="-123.277747" lat="44.568643"><ele>79.155533</ele><time>2020-10-25T04:36:08Z</time><extensions><speed>0.000270</speed><course>-1.000000</course><hAcc>1.282641</hAcc><vAcc>0.890800</vAcc></extensions></trkpt>
      <trkpt lon="-123.277747" lat="44.568643"><ele>79.164162</ele><time>2020-10-25T04:36:09Z</time><extensions><speed>0.000286</speed><course>-1.000000</course><hAcc>1.282640</hAcc><vAcc>0.890799</vAcc></extensions></trkpt>
      <trkpt lon="-123.277747" lat="44.568643"><ele>79.172691</ele><time>2020-10-25T04:36:10Z</time><extensions><speed>0.000293</speed><course>-1.000000</course><hAcc>1.282640</hAcc><vAcc>0.890799</vAcc></extensions></trkpt>
      <trkpt lon="-123.277747" lat="44.568643"><ele>79.180862</ele><time>2020-10-25T04:36:11Z</time><extensions><speed>0.000287</speed><course>-1.000000</course><hAcc>1.282640</hAcc><vAcc>0.890799</vAcc></extensions></trkpt>
      <trkpt lon="-123.277747" lat="44.568643"><ele>79.188370</ele><time>2020-10-25T04:36:12Z</time><extensions><speed>0.000266</speed><course>-1.000000</course><hAcc>1.282639</hAcc><vAcc>0.890799</vAcc></extensions></trkpt>
      <trkpt lon="-123.277747" lat="44.568643"><ele>79.194908</ele><time>2020-10-25T04:36:13Z</time><extensions><speed>0.000230</speed><course>-1.000000</course><hAcc>1.282639</hAcc><vAcc>0.890799</vAcc></extensions></trkpt>
      <trkpt lon="-123.277747" lat="44.568643"><ele>79.200180</ele><time>2020-10-25T04:36:14Z</time><extensions><speed>0.000181</speed><course>-1.000000</course><hAcc>1.282639</hAcc><vAcc>0.890799</vAcc></extensions></trkpt>
      <trkpt lon="-123.277747" lat="44.568643"><ele>79.203941</ele><time>2020-10-25T04:36:15Z</time><extensions><speed>0.000121</speed><course>-1.000000</course><hAcc>1.282639</hAcc><vAcc>0.890799</vAcc></extensions></trkpt>
      <trkpt lon="-123.277747" lat="44.568643"><ele>79.205994</ele><time>2020-10-25T04:36:16Z</time><extensions><speed>0.000053</speed><course>-1.000000</course><hAcc>1.282639</hAcc><vAcc>0.890799</vAcc></extensions></trkpt>
      <trkpt lon="-123.277747" lat="44.568643"><ele>79.206253</ele><time>2020-10-25T04:36:17Z</time><extensions><speed>0.000016</speed><course>-1.000000</course><hAcc>1.282639</hAcc><vAcc>0.890799</vAcc></extensions></trkpt>
      <trkpt lon="-123.277747" lat="44.568643"><ele>79.204704</ele><time>2020-10-25T04:36:18Z</time><extensions><speed>0.000084</speed><course>-1.000000</course><hAcc>1.282639</hAcc><vAcc>0.890799</vAcc></extensions></trkpt>
      <trkpt lon="-123.277747" lat="44.568643"><ele>79.201431</ele><time>2020-10-25T04:36:19Z</time><extensions><speed>0.000144</speed><course>-1.000000</course><hAcc>1.282639</hAcc><vAcc>0.890799</vAcc></extensions></trkpt>
      <trkpt lon="-123.277747" lat="44.568643"><ele>79.196594</ele><time>2020-10-25T04:36:20Z</time><extensions><speed>0.000193</speed><course>-1.000000</course><hAcc>1.282639</hAcc><vAcc>0.890799</vAcc></extensions></trkpt>
      <trkpt lon="-123.277747" lat="44.568643"><ele>79.190437</ele><time>2020-10-25T04:36:21Z</time><extensions><speed>0.000229</speed><course>-1.000000</course><hAcc>1.282639</hAcc><vAcc>0.890798</vAcc></extensions></trkpt>
      <trkpt lon="-123.277747" lat="44.568643"><ele>79.183228</ele><time>2020-10-25T04:36:22Z</time><extensions><speed>0.000250</speed><course>-1.000000</course><hAcc>1.282639</hAcc><vAcc>0.890798</vAcc></extensions></trkpt>
      <trkpt lon="-123.277747" lat="44.568643"><ele>79.175262</ele><time>2020-10-25T04:36:23Z</time><extensions><speed>0.000256</speed><course>-1.000000</course><hAcc>1.282639</hAcc><vAcc>0.890798</vAcc></extensions></trkpt>
      <trkpt lon="-123.277747" lat="44.568643"><ele>79.166840</ele><time>2020-10-25T04:36:24Z</time><extensions><speed>0.000249</speed><course>-1.000000</course><hAcc>1.282639</hAcc><vAcc>0.890798</vAcc></extensions></trkpt>
      <trkpt lon="-123.277747" lat="44.568643"><ele>79.158226</ele><time>2020-10-25T04:36:25Z</time><extensions><speed>0.000231</speed><course>-1.000000</course><hAcc>1.282639</hAcc><vAcc>0.890798</vAcc></extensions></trkpt>
      <trkpt lon="-123.277747" lat="44.568643"><ele>79.149666</ele><time>2020-10-25T04:36:26Z</time><extensions><speed>0.000204</speed><course>-1.000000</course><hAcc>1.282639</hAcc><vAcc>0.890798</vAcc></extensions></trkpt>
      <trkpt lon="-123.277747" lat="44.568643"><ele>79.141365</ele><time>2020-10-25T04:36:27Z</time><extensions><speed>0.000171</speed><course>-1.000000</course><hAcc>1.282639</hAcc><vAcc>0.890799</vAcc></extensions></trkpt>
      <trkpt lon="-123.277747" lat="44.568643"><ele>79.133469</ele><time>2020-10-25T04:36:28Z</time><extensions><speed>0.000134</speed><course>-1.000000</course><hAcc>1.282639</hAcc><vAcc>0.890799</vAcc></extensions></trkpt>
      <trkpt lon="-123.277747" lat="44.568643"><ele>79.126106</ele><time>2020-10-25T04:36:29Z</time><extensions><speed>0.000096</speed><course>-1.000000</course><hAcc>1.282640</hAcc><vAcc>0.890799</vAcc></extensions></trkpt>
      <trkpt lon="-123.277747" lat="44.568643"><ele>79.119354</ele><time>2020-10-25T04:36:30Z</time><extensions><speed>0.000058</speed><course>-1.000000</course><hAcc>1.282640</hAcc><vAcc>0.890799</vAcc></extensions></trkpt>
      <trkpt lon="-123.277747" lat="44.568643"><ele>79.113243</ele><time>2020-10-25T04:36:31Z</time><extensions><speed>0.000024</speed><course>-1.000000</course><hAcc>1.282641</hAcc><vAcc>0.890800</vAcc></extensions></trkpt>
      <trkpt lon="-123.277747" lat="44.568643"><ele>79.107780</ele><time>2020-10-25T04:36:32Z</time><extensions><speed>0.000009</speed><course>-1.000000</course><hAcc>1.282641</hAcc><vAcc>0.890800</vAcc></extensions></trkpt>
      <trkpt lon="-123.277747" lat="44.568643"><ele>79.102959</ele><time>2020-10-25T04:36:33Z</time><extensions><speed>0.000035</speed><course>-1.000000</course><hAcc>1.282642</hAcc><vAcc>0.890801</vAcc></extensions></trkpt>
      <trkpt lon="-123.277747" lat="44.568643"><ele>79.098747</ele><time>2020-10-25T04:36:34Z</time><extensions><speed>0.000057</speed><course>-1.000000</course><hAcc>1.282644</hAcc><vAcc>0.890802</vAcc></extensions></trkpt>
      <trkpt lon="-123.277747" lat="44.568643"><ele>79.095116</ele><time>2020-10-25T04:36:35Z</time><extensions><speed>0.000076</speed><course>-1.000000</course><hAcc>1.282646</hAcc><vAcc>0.890804</vAcc></extensions></trkpt>
      <trkpt lon="-123.277747" lat="44.568643"><ele>79.092010</ele><time>2020-10-25T04:36:36Z</time><extensions><speed>0.000090</speed><course>-1.000000</course><hAcc>1.282648</hAcc><vAcc>0.890806</vAcc></extensions></trkpt>
      <trkpt lon="-123.277747" lat="44.568643"><ele>79.089378</ele><time>2020-10-25T04:36:37Z</time><extensions><speed>0.000098</speed><course>-1.000000</course><hAcc>1.282650</hAcc><vAcc>0.890808</vAcc></extensions></trkpt>
      <trkpt lon="-123.277747" lat="44.568643"><ele>79.087135</ele><time>2020-10-25T04:36:38Z</time><extensions><speed>0.000100</speed><course>-1.000000</course><hAcc>1.282653</hAcc><vAcc>0.890810</vAcc></extensions></trkpt>
      <trkpt lon="-123.277747" lat="44.568643"><ele>79.085182</ele><time>2020-10-25T04:36:39Z</time><extensions><speed>0.000094</speed><course>-1.000000</course><hAcc>1.282655</hAcc><vAcc>0.890813</vAcc></extensions></trkpt>
      <trkpt lon="-123.277747" lat="44.568643"><ele>79.083389</ele><time>2020-10-25T04:36:40Z</time><extensions><speed>0.000079</speed><course>-1.000000</course><hAcc>1.282658</hAcc><vAcc>0.890816</vAcc></extensions></trkpt>
      <trkpt lon="-123.277747" lat="44.568643"><ele>79.081619</ele><time>2020-10-25T04:36:41Z</time><extensions><speed>0.000055</speed><course>-1.000000</course><hAcc>1.282661</hAcc><vAcc>0.890818</vAcc></extensions></trkpt>
      <trkpt lon="-123.277747" lat="44.568643"><ele>79.079681</ele><time>2020-10-25T04:36:42Z</time><extensions><speed>0.000018</speed><course>-1.000000</course><hAcc>1.282663</hAcc><vAcc>0.890820</vAcc></extensions></trkpt>
      <trkpt lon="-123.277747" lat="44.568643"><ele>79.077408</ele><time>2020-10-25T04:36:43Z</time><extensions><speed>0.000029</speed><course>-1.000000</course><hAcc>1.282665</hAcc><vAcc>0.890822</vAcc></extensions></trkpt>
      <trkpt lon="-123.277747" lat="44.568643"><ele>79.074715</ele><time>2020-10-25T04:36:44Z</time><extensions><speed>0.000078</speed><course>-1.000000</course><hAcc>1.282665</hAcc><vAcc>0.890823</vAcc></extensions></trkpt>
      <trkpt lon="-123.277747" lat="44.568643"><ele>79.071579</ele><time>2020-10-25T04:36:45Z</time><extensions><speed>0.000124</speed><course>-1.000000</course><hAcc>1.282664</hAcc><vAcc>0.890822</vAcc></extensions></trkpt>
      <trkpt lon="-123.277747" lat="44.568643"><ele>79.068092</ele><time>2020-10-25T04:36:46Z</time><extensions><speed>0.000163</speed><course>-1.000000</course><hAcc>1.282662</hAcc><vAcc>0.890820</vAcc></extensions></trkpt>
      <trkpt lon="-123.277747" lat="44.568643"><ele>79.064407</ele><time>2020-10-25T04:36:47Z</time><extensions><speed>0.000188</speed><course>-1.000000</course><hAcc>1.282657</hAcc><vAcc>0.890816</vAcc></extensions></trkpt>
      <trkpt lon="-123.277747" lat="44.568643"><ele>79.060768</ele><time>2020-10-25T04:36:48Z</time><extensions><speed>0.000196</speed><course>-1.000000</course><hAcc>1.282652</hAcc><vAcc>0.890811</vAcc></extensions></trkpt>
      <trkpt lon="-123.277747" lat="44.568643"><ele>79.057426</ele><time>2020-10-25T04:36:49Z</time><extensions><speed>0.000185</speed><course>-1.000000</course><hAcc>1.282646</hAcc><vAcc>0.890806</vAcc></extensions></trkpt>
      <trkpt lon="-123.277747" lat="44.568643"><ele>79.054672</ele><time>2020-10-25T04:36:50Z</time><extensions><speed>0.000155</speed><course>-1.000000</course><hAcc>1.282642</hAcc><vAcc>0.890801</vAcc></extensions></trkpt>
      <trkpt lon="-123.277747" lat="44.568643"><ele>79.052750</ele><time>2020-10-25T04:36:51Z</time><extensions><speed>0.000108</speed><course>-1.000000</course><hAcc>1.282643</hAcc><vAcc>0.890801</vAcc></extensions></trkpt>
      <trkpt lon="-123.277747" lat="44.568643"><ele>79.051849</ele><time>2020-10-25T04:36:52Z</time><extensions><speed>0.000047</speed><course>-1.000000</course><hAcc>1.282653</hAcc><vAcc>0.890809</vAcc></extensions></trkpt>
      <trkpt lon="-123.277747" lat="44.568643"><ele>79.052094</ele><time>2020-10-25T04:36:53Z</time><extensions><speed>0.000022</speed><course>-1.000000</course><hAcc>1.282680</hAcc><vAcc>0.890831</vAcc></extensions></trkpt>
      <trkpt lon="-123.277747" lat="44.568643"><ele>79.053505</ele><time>2020-10-25T04:36:54Z</time><extensions><speed>0.000095</speed><course>-1.000000</course><hAcc>1.282732</hAcc><vAcc>0.890875</vAcc></extensions></trkpt>
      <trkpt lon="-123.277747" lat="44.568643"><ele>79.056023</ele><time>2020-10-25T04:36:55Z</time><extensions><speed>0.000166</speed><course>-1.000000</course><hAcc>1.282822</hAcc><vAcc>0.890953</vAcc></extensions></trkpt>
      <trkpt lon="-123.277747" lat="44.568643"><ele>79.059471</ele><time>2020-10-25T04:36:56Z</time><extensions><speed>0.000232</speed><course>-1.000000</course><hAcc>1.282964</hAcc><vAcc>0.891077</vAcc></extensions></trkpt>
      <trkpt lon="-123.277747" lat="44.568643"><ele>79.063629</ele><time>2020-10-25T04:36:57Z</time><extensions><speed>0.000288</speed><course>-1.000000</course><hAcc>1.283177</hAcc><vAcc>0.891266</vAcc></extensions></trkpt>
      <trkpt lon="-123.277747" lat="44.568643"><ele>79.068214</ele><time>2020-10-25T04:36:58Z</time><extensions><speed>0.000334</speed><course>-1.000000</course><hAcc>1.283482</hAcc><vAcc>0.891537</vAcc></extensions></trkpt>
      <trkpt lon="-123.277747" lat="44.568643"><ele>79.072899</ele><time>2020-10-25T04:36:59Z</time><extensions><speed>0.000365</speed><course>-1.000000</course><hAcc>1.283900</hAcc><vAcc>0.891913</vAcc></extensions></trkpt>
      <trkpt lon="-123.277747" lat="44.568643"><ele>79.077316</ele><time>2020-10-25T04:37:00Z</time><extensions><speed>0.000381</speed><course>-1.000000</course><hAcc>1.284456</hAcc><vAcc>0.892415</vAcc></extensions></trkpt>
      <trkpt lon="-123.277747" lat="44.568643"><ele>79.081093</ele><time>2020-10-25T04:37:01Z</time><extensions><speed>0.000381</speed><course>-1.000000</course><hAcc>1.285171</hAcc><vAcc>0.893064</vAcc></extensions></trkpt>
      <trkpt lon="-123.277747" lat="44.568643"><ele>79.083817</ele><time>2020-10-25T04:37:02Z</time><extensions><speed>0.000362</speed><course>-1.000000</course><hAcc>1.286062</hAcc><vAcc>0.893875</vAcc></extensions></trkpt>
      <trkpt lon="-123.277747" lat="44.568643"><ele>79.085068</ele><time>2020-10-25T04:37:03Z</time><extensions><speed>0.000325</speed><course>-1.000000</course><hAcc>1.287138</hAcc><vAcc>0.894859</vAcc></extensions></trkpt>
      <trkpt lon="-123.277747" lat="44.568643"><ele>79.084480</ele><time>2020-10-25T04:37:04Z</time><extensions><speed>0.000273</speed><course>-1.000000</course><hAcc>1.288394</hAcc><vAcc>0.896011</vAcc></extensions></trkpt>
      <trkpt lon="-123.277747" lat="44.568643"><ele>79.081749</ele><time>2020-10-25T04:37:05Z</time><extensions><speed>0.000208</speed><course>-1.000000</course><hAcc>1.289806</hAcc><vAcc>0.897310</vAcc></extensions></trkpt>
      <trkpt lon="-123.277747" lat="44.568643"><ele>79.076653</ele><time>2020-10-25T04:37:06Z</time><extensions><speed>0.000137</speed><course>-1.000000</course><hAcc>1.291326</hAcc><vAcc>0.898712</vAcc></extensions></trkpt>
      <trkpt lon="-123.277747" lat="44.568643"><ele>79.069061</ele><time>2020-10-25T04:37:07Z</time><extensions><speed>0.000064</speed><course>-1.000000</course><hAcc>1.292877</hAcc><vAcc>0.900145</vAcc></extensions></trkpt>
      <trkpt lon="-123.277747" lat="44.568643"><ele>79.058960</ele><time>2020-10-25T04:37:08Z</time><extensions><speed>0.000007</speed><course>-1.000000</course><hAcc>1.294348</hAcc><vAcc>0.901507</vAcc></extensions></trkpt>
      <trkpt lon="-123.277747" lat="44.568643"><ele>79.046402</ele><time>2020-10-25T04:37:09Z</time><extensions><speed>0.000072</speed><course>-1.000000</course><hAcc>1.295597</hAcc><vAcc>0.902665</vAcc></extensions></trkpt>
      <trkpt lon="-123.277747" lat="44.568643"><ele>79.031479</ele><time>2020-10-25T04:37:10Z</time><extensions><speed>0.000133</speed><course>-1.000000</course><hAcc>1.296453</hAcc><vAcc>0.903460</vAcc></extensions></trkpt>
      <trkpt lon="-123.277747" lat="44.568643"><ele>79.014336</ele><time>2020-10-25T04:37:11Z</time><extensions><speed>0.000188</speed><course>-1.000000</course><hAcc>1.296759</hAcc><vAcc>0.903744</vAcc></extensions></trkpt>
      <trkpt lon="-123.277747" lat="44.568643"><ele>78.995148</ele><time>2020-10-25T04:37:12Z</time><extensions><speed>0.000239</speed><course>-1.000000</course><hAcc>1.296453</hAcc><vAcc>0.903460</vAcc></extensions></trkpt>
      <trkpt lon="-123.277747" lat="44.568643"><ele>78.974113</ele><time>2020-10-25T04:37:13Z</time><extensions><speed>0.000286</speed><course>-1.000000</course><hAcc>1.295597</hAcc><vAcc>0.902665</vAcc></extensions></trkpt>
      <trkpt lon="-123.277747" lat="44.568643"><ele>78.951462</ele><time>2020-10-25T04:37:14Z</time><extensions><speed>0.000331</speed><course>-1.000000</course><hAcc>1.294348</hAcc><vAcc>0.901507</vAcc></extensions></trkpt>
      <trkpt lon="-123.277747" lat="44.568643"><ele>78.927467</ele><time>2020-10-25T04:37:15Z</time><extensions><speed>0.000371</speed><course>-1.000000</course><hAcc>1.292877</hAcc><vAcc>0.900145</vAcc></extensions></trkpt>
      <trkpt lon="-123.277747" lat="44.568643"><ele>78.902435</ele><time>2020-10-25T04:37:16Z</time><extensions><speed>0.000405</speed><course>-1.000000</course><hAcc>1.291326</hAcc><vAcc>0.898712</vAcc></extensions></trkpt>
      <trkpt lon="-123.277747" lat="44.568643"><ele>78.876709</ele><time>2020-10-25T04:37:17Z</time><extensions><speed>0.000431</speed><course>-1.000000</course><hAcc>1.289806</hAcc><vAcc>0.897310</vAcc></extensions></trkpt>
      <trkpt lon="-123.277747" lat="44.568643"><ele>78.850685</ele><time>2020-10-25T04:37:18Z</time><extensions><speed>0.000447</speed><course>-1.000000</course><hAcc>1.288394</hAcc><vAcc>0.896011</vAcc></extensions></trkpt>
      <trkpt lon="-123.277747" lat="44.568643"><ele>78.824776</ele><time>2020-10-25T04:37:19Z</time><extensions><speed>0.000450</speed><course>-1.000000</course><hAcc>1.287138</hAcc><vAcc>0.894859</vAcc></extensions></trkpt>
      <trkpt lon="-123.277747" lat="44.568643"><ele>78.799408</ele><time>2020-10-25T04:37:20Z</time><extensions><speed>0.000442</speed><course>-1.000000</course><hAcc>1.286063</hAcc><vAcc>0.893876</vAcc></extensions></trkpt>
      <trkpt lon="-123.277747" lat="44.568643"><ele>78.775002</ele><time>2020-10-25T04:37:21Z</time><extensions><speed>0.000421</speed><course>-1.000000</course><hAcc>1.285172</hAcc><vAcc>0.893064</vAcc></extensions></trkpt>
      <trkpt lon="-123.277747" lat="44.568643"><ele>78.751984</ele><time>2020-10-25T04:37:22Z</time><extensions><speed>0.000388</speed><course>-1.000000</course><hAcc>1.284457</hAcc><vAcc>0.892416</vAcc></extensions></trkpt>
      <trkpt lon="-123.277747" lat="44.568643"><ele>78.730736</ele><time>2020-10-25T04:37:23Z</time><extensions><speed>0.000341</speed><course>-1.000000</course><hAcc>1.283902</hAcc><vAcc>0.891914</vAcc></extensions></trkpt>
      <trkpt lon="-123.277747" lat="44.568643"><ele>78.711655</ele><time>2020-10-25T04:37:24Z</time><extensions><speed>0.000281</speed><course>-1.000000</course><hAcc>1.283484</hAcc><vAcc>0.891539</vAcc></extensions></trkpt>
      <trkpt lon="-123.277747" lat="44.568643"><ele>78.695068</ele><time>2020-10-25T04:37:25Z</time><extensions><speed>0.000210</speed><course>-1.000000</course><hAcc>1.283181</hAcc><vAcc>0.891269</vAcc></extensions></trkpt>
      <trkpt lon="-123.277747" lat="44.568643"><ele>78.681274</ele><time>2020-10-25T04:37:26Z</time><extensions><speed>0.000129</speed><course>-1.000000</course><hAcc>1.282969</hAcc><vAcc>0.891081</vAcc></extensions></trkpt>
      <trkpt lon="-123.277747" lat="44.568643"><ele>78.670486</ele><time>2020-10-25T04:37:27Z</time><extensions><speed>0.000040</speed><course>-1.000000</course><hAcc>1.282829</hAcc><vAcc>0.890958</vAcc></extensions></trkpt>
      <trkpt lon="-123.277747" lat="44.568643"><ele>78.662872</ele><time>2020-10-25T04:37:28Z</time><extensions><speed>0.000055</speed><course>-1.000000</course><hAcc>1.282741</hAcc><vAcc>0.890882</vAcc></extensions></trkpt>
      <trkpt lon="-123.277747" lat="44.568643"><ele>78.658508</ele><time>2020-10-25T04:37:29Z</time><extensions><speed>0.000152</speed><course>-1.000000</course><hAcc>1.282691</hAcc><vAcc>0.890840</vAcc></extensions></trkpt>
      <trkpt lon="-123.277747" lat="44.568643"><ele>78.657372</ele><time>2020-10-25T04:37:30Z</time><extensions><speed>0.000248</speed><course>-1.000000</course><hAcc>1.282667</hAcc><vAcc>0.890821</vAcc></extensions></trkpt>
      <trkpt lon="-123.277747" lat="44.568643"><ele>78.659355</ele><time>2020-10-25T04:37:31Z</time><extensions><speed>0.000337</speed><course>-1.000000</course><hAcc>1.282659</hAcc><vAcc>0.890816</vAcc></extensions></trkpt>
      <trkpt lon="-123.277747" lat="44.568643"><ele>78.664215</ele><time>2020-10-25T04:37:32Z</time><extensions><speed>0.000415</speed><course>-1.000000</course><hAcc>1.282661</hAcc><vAcc>0.890819</vAcc></extensions></trkpt>
      <trkpt lon="-123.277747" lat="44.568643"><ele>78.671623</ele><time>2020-10-25T04:37:33Z</time><extensions><speed>0.000476</speed><course>-1.000000</course><hAcc>1.282668</hAcc><vAcc>0.890826</vAcc></extensions></trkpt>
      <trkpt lon="-123.277747" lat="44.568643"><ele>78.681160</ele><time>2020-10-25T04:37:34Z</time><extensions><speed>0.000519</speed><course>-1.000000</course><hAcc>1.282676</hAcc><vAcc>0.890833</vAcc></extensions></trkpt>
      <trkpt lon="-123.277747" lat="44.568643"><ele>78.692352</ele><time>2020-10-25T04:37:35Z</time><extensions><speed>0.000541</speed><course>-1.000000</course><hAcc>1.282683</hAcc><vAcc>0.890840</vAcc></extensions></trkpt>
      <trkpt lon="-123.277747" lat="44.568643"><ele>78.704704</ele><time>2020-10-25T04:37:36Z</time><extensions><speed>0.000543</speed><course>-1.000000</course><hAcc>1.282688</hAcc><vAcc>0.890844</vAcc></extensions></trkpt>
      <trkpt lon="-123.277747" lat="44.568643"><ele>78.717720</ele><time>2020-10-25T04:37:37Z</time><extensions><speed>0.000526</speed><course>-1.000000</course><hAcc>1.282690</hAcc><vAcc>0.890846</vAcc></extensions></trkpt>
      <trkpt lon="-123.277747" lat="44.568643"><ele>78.730911</ele><time>2020-10-25T04:37:38Z</time><extensions><speed>0.000490</speed><course>-1.000000</course><hAcc>1.282688</hAcc><vAcc>0.890844</vAcc></extensions></trkpt>
      <trkpt lon="-123.277747" lat="44.568643"><ele>78.743813</ele><time>2020-10-25T04:37:39Z</time><extensions><speed>0.000438</speed><course>-1.000000</course><hAcc>1.282683</hAcc><vAcc>0.890840</vAcc></extensions></trkpt>
      <trkpt lon="-123.277747" lat="44.568643"><ele>78.755989</ele><time>2020-10-25T04:37:40Z</time><extensions><speed>0.000369</speed><course>-1.000000</course><hAcc>1.282676</hAcc><vAcc>0.890833</vAcc></extensions></trkpt>
      <trkpt lon="-123.277747" lat="44.568643"><ele>78.767036</ele><time>2020-10-25T04:37:41Z</time><extensions><speed>0.000287</speed><course>-1.000000</course><hAcc>1.282668</hAcc><vAcc>0.890826</vAcc></extensions></trkpt>
      <trkpt lon="-123.277747" lat="44.568643"><ele>78.776611</ele><time>2020-10-25T04:37:42Z</time><extensions><speed>0.000193</speed><course>-1.000000</course><hAcc>1.282661</hAcc><vAcc>0.890819</vAcc></extensions></trkpt>
      <trkpt lon="-123.277747" lat="44.568643"><ele>78.784447</ele><time>2020-10-25T04:37:43Z</time><extensions><speed>0.000093</speed><course>-1.000000</course><hAcc>1.282659</hAcc><vAcc>0.890816</vAcc></extensions></trkpt>
      <trkpt lon="-123.277747" lat="44.568643"><ele>78.790405</ele><time>2020-10-25T04:37:44Z</time><extensions><speed>0.000007</speed><course>-1.000000</course><hAcc>1.282667</hAcc><vAcc>0.890821</vAcc></extensions></trkpt>
      <trkpt lon="-123.277747" lat="44.568643"><ele>78.794441</ele><time>2020-10-25T04:37:45Z</time><extensions><speed>0.000101</speed><course>-1.000000</course><hAcc>1.282691</hAcc><vAcc>0.890840</vAcc></extensions></trkpt>
      <trkpt lon="-123.277747" lat="44.568643"><ele>78.796623</ele><time>2020-10-25T04:37:46Z</time><extensions><speed>0.000186</speed><course>-1.000000</course><hAcc>1.282741</hAcc><vAcc>0.890882</vAcc></extensions></trkpt>
      <trkpt lon="-123.277747" lat="44.568643"><ele>78.797104</ele><time>2020-10-25T04:37:47Z</time><extensions><speed>0.000257</speed><course>-1.000000</course><hAcc>1.282829</hAcc><vAcc>0.890958</vAcc></extensions></trkpt>
      <trkpt lon="-123.277747" lat="44.568643"><ele>78.796120</ele><time>2020-10-25T04:37:48Z</time><extensions><speed>0.000311</speed><course>-1.000000</course><hAcc>1.282969</hAcc><vAcc>0.891081</vAcc></extensions></trkpt>
      <trkpt lon="-123.277747" lat="44.568643"><ele>78.793983</ele><time>2020-10-25T04:37:49Z</time><extensions><speed>0.000346</speed><course>-1.000000</course><hAcc>1.283181</hAcc><vAcc>0.891269</vAcc></extensions></trkpt>
      <trkpt lon="-123.277747" lat="44.568643"><ele>78.791031</ele><time>2020-10-25T04:37:50Z</time><extensions><speed>0.000363</speed><course>-1.000000</course><hAcc>1.283484</hAcc><vAcc>0.891539</vAcc></extensions></trkpt>
      <trkpt lon="-123.277747" lat="44.568643"><ele>78.787582</ele><time>2020-10-25T04:37:51Z</time><extensions><speed>0.000364</speed><course>-1.000000</course><hAcc>1.283902</hAcc><vAcc>0.891914</vAcc></extensions></trkpt>
      <trkpt lon="-123.277747" lat="44.568643"><ele>78.783928</ele><time>2020-10-25T04:37:52Z</time><extensions><speed>0.000351</speed><course>-1.000000</course><hAcc>1.284457</hAcc><vAcc>0.892416</vAcc></extensions></trkpt>
      <trkpt lon="-123.277747" lat="44.568643"><ele>78.780342</ele><time>2020-10-25T04:37:53Z</time><extensions><speed>0.000327</speed><course>-1.000000</course><hAcc>1.285172</hAcc><vAcc>0.893064</vAcc></extensions></trkpt>
      <trkpt lon="-123.277747" lat="44.568643"><ele>78.777054</ele><time>2020-10-25T04:37:54Z</time><extensions><speed>0.000293</speed><course>-1.000000</course><hAcc>1.286063</hAcc><vAcc>0.893876</vAcc></extensions></trkpt>
      <trkpt lon="-123.277747" lat="44.568643"><ele>78.774315</ele><time>2020-10-25T04:37:55Z</time><extensions><speed>0.000249</speed><course>-1.000000</course><hAcc>1.287138</hAcc><vAcc>0.894859</vAcc></extensions></trkpt>
      <trkpt lon="-123.277747" lat="44.568643"><ele>78.772324</ele><time>2020-10-25T04:37:56Z</time><extensions><speed>0.000195</speed><course>-1.000000</course><hAcc>1.288394</hAcc><vAcc>0.896011</vAcc></extensions></trkpt>
      <trkpt lon="-123.277747" lat="44.568643"><ele>78.771271</ele><time>2020-10-25T04:37:57Z</time><extensions><speed>0.000136</speed><course>-1.000000</course><hAcc>1.289806</hAcc><vAcc>0.897310</vAcc></extensions></trkpt>
      <trkpt lon="-123.277747" lat="44.568643"><ele>78.771248</ele><time>2020-10-25T04:37:58Z</time><extensions><speed>0.000077</speed><course>-1.000000</course><hAcc>1.291326</hAcc><vAcc>0.898712</vAcc></extensions></trkpt>
      <trkpt lon="-123.277747" lat="44.568643"><ele>78.772263</ele><time>2020-10-25T04:37:59Z</time><extensions><speed>0.000023</speed><course>-1.000000</course><hAcc>1.292877</hAcc><vAcc>0.900145</vAcc></extensions></trkpt>
      <trkpt lon="-123.277747" lat="44.568643"><ele>78.774231</ele><time>2020-10-25T04:38:00Z</time><extensions><speed>0.000023</speed><course>-1.000000</course><hAcc>1.294348</hAcc><vAcc>0.901507</vAcc></extensions></trkpt>
      <trkpt lon="-123.277747" lat="44.568643"><ele>78.777077</ele><time>2020-10-25T04:38:01Z</time><extensions><speed>0.000063</speed><course>-1.000000</course><hAcc>1.295597</hAcc><vAcc>0.902665</vAcc></extensions></trkpt>
      <trkpt lon="-123.277747" lat="44.568643"><ele>78.780708</ele><time>2020-10-25T04:38:02Z</time><extensions><speed>0.000100</speed><course>-1.000000</course><hAcc>1.296453</hAcc><vAcc>0.903460</vAcc></extensions></trkpt>
      <trkpt lon="-123.277747" lat="44.568643"><ele>78.785065</ele><time>2020-10-25T04:38:03Z</time><extensions><speed>0.000132</speed><course>-1.000000</course><hAcc>1.296759</hAcc><vAcc>0.903744</vAcc></extensions></trkpt>
      <trkpt lon="-123.277747" lat="44.568643"><ele>78.790047</ele><time>2020-10-25T04:38:04Z</time><extensions><speed>0.000161</speed><course>-1.000000</course><hAcc>1.296453</hAcc><vAcc>0.903460</vAcc></extensions></trkpt>
      <trkpt lon="-123.277747" lat="44.568643"><ele>78.795547</ele><time>2020-10-25T04:38:05Z</time><extensions><speed>0.000188</speed><course>-1.000000</course><hAcc>1.295597</hAcc><vAcc>0.902665</vAcc></extensions></trkpt>
      <trkpt lon="-123.277747" lat="44.568643"><ele>78.801422</ele><time>2020-10-25T04:38:06Z</time><extensions><speed>0.000212</speed><course>-1.000000</course><hAcc>1.294348</hAcc><vAcc>0.901507</vAcc></extensions></trkpt>
      <trkpt lon="-123.277747" lat="44.568643"><ele>78.807518</ele><time>2020-10-25T04:38:07Z</time><extensions><speed>0.000233</speed><course>-1.000000</course><hAcc>1.292877</hAcc><vAcc>0.900145</vAcc></extensions></trkpt>
      <trkpt lon="-123.277747" lat="44.568643"><ele>78.813675</ele><time>2020-10-25T04:38:08Z</time><extensions><speed>0.000251</speed><course>-1.000000</course><hAcc>1.291326</hAcc><vAcc>0.898712</vAcc></extensions></trkpt>
      <trkpt lon="-123.277747" lat="44.568643"><ele>78.819717</ele><time>2020-10-25T04:38:09Z</time><extensions><speed>0.000264</speed><course>-1.000000</course><hAcc>1.289806</hAcc><vAcc>0.897310</vAcc></extensions></trkpt>
      <trkpt lon="-123.277747" lat="44.568643"><ele>78.825447</ele><time>2020-10-25T04:38:10Z</time><extensions><speed>0.000271</speed><course>-1.000000</course><hAcc>1.288394</hAcc><vAcc>0.896011</vAcc></extensions></trkpt>
      <trkpt lon="-123.277747" lat="44.568643"><ele>78.830658</ele><time>2020-10-25T04:38:11Z</time><extensions><speed>0.000272</speed><course>-1.000000</course><hAcc>1.287139</hAcc><vAcc>0.894859</vAcc></extensions></trkpt>
      <trkpt lon="-123.277747" lat="44.568643"><ele>78.835144</ele><time>2020-10-25T04:38:12Z</time><extensions><speed>0.000268</speed><course>-1.000000</course><hAcc>1.286063</hAcc><vAcc>0.893876</vAcc></extensions></trkpt>
      <trkpt lon="-123.277747" lat="44.568643"><ele>78.838722</ele><time>2020-10-25T04:38:13Z</time><extensions><speed>0.000257</speed><course>-1.000000</course><hAcc>1.285172</hAcc><vAcc>0.893064</vAcc></extensions></trkpt>
      <trkpt lon="-123.277747" lat="44.568643"><ele>78.841171</ele><time>2020-10-25T04:38:14Z</time><extensions><speed>0.000237</speed><course>-1.000000</course><hAcc>1.284457</hAcc><vAcc>0.892415</vAcc></extensions></trkpt>
      <trkpt lon="-123.277747" lat="44.568643"><ele>78.842255</ele><time>2020-10-25T04:38:15Z</time><extensions><speed>0.000204</speed><course>-1.000000</course><hAcc>1.283901</hAcc><vAcc>0.891913</vAcc></extensions></trkpt>
      <trkpt lon="-123.277747" lat="44.568643"><ele>78.841705</ele><time>2020-10-25T04:38:16Z</time><extensions><speed>0.000157</speed><course>-1.000000</course><hAcc>1.283483</hAcc><vAcc>0.891538</vAcc></extensions></trkpt>
      <trkpt lon="-123.277747" lat="44.568643"><ele>78.839287</ele><time>2020-10-25T04:38:17Z</time><extensions><speed>0.000098</speed><course>-1.000000</course><hAcc>1.283178</hAcc><vAcc>0.891266</vAcc></extensions></trkpt>
      <trkpt lon="-123.277747" lat="44.568643"><ele>78.834824</ele><time>2020-10-25T04:38:18Z</time><extensions><speed>0.000030</speed><course>-1.000000</course><hAcc>1.282966</hAcc><vAcc>0.891078</vAcc></extensions></trkpt>
      <trkpt lon="-123.277747" lat="44.568643"><ele>78.828194</ele><time>2020-10-25T04:38:19Z</time><extensions><speed>0.000046</speed><course>-1.000000</course><hAcc>1.282824</hAcc><vAcc>0.890954</vAcc></extensions></trkpt>
      <trkpt lon="-123.277747" lat="44.568643"><ele>78.819351</ele><time>2020-10-25T04:38:20Z</time><extensions><speed>0.000124</speed><course>-1.000000</course><hAcc>1.282734</hAcc><vAcc>0.890876</vAcc></extensions></trkpt>
      <trkpt lon="-123.277747" lat="44.568643"><ele>78.808327</ele><time>2020-10-25T04:38:21Z</time><extensions><speed>0.000204</speed><course>-1.000000</course><hAcc>1.282683</hAcc><vAcc>0.890832</vAcc></extensions></trkpt>
      <trkpt lon="-123.277747" lat="44.568643"><ele>78.795181</ele><time>2020-10-25T04:38:22Z</time><extensions><speed>0.000283</speed><course>-1.000000</course><hAcc>1.282656</hAcc><vAcc>0.890811</vAcc></extensions></trkpt>
      <trkpt lon="-123.277747" lat="44.568643"><ele>78.780090</ele><time>2020-10-25T04:38:23Z</time><extensions><speed>0.000357</speed><course>-1.000000</course><hAcc>1.282647</hAcc><vAcc>0.890804</vAcc></extensions></trkpt>
      <trkpt lon="-123.277747" lat="44.568643"><ele>78.763290</ele><time>2020-10-25T04:38:24Z</time><extensions><speed>0.000420</speed><course>-1.000000</course><hAcc>1.282647</hAcc><vAcc>0.890805</vAcc></extensions></trkpt>
      <trkpt lon="-123.277747" lat="44.568643"><ele>78.745155</ele><time>2020-10-25T04:38:25Z</time><extensions><speed>0.000464</speed><course>-1.000000</course><hAcc>1.282653</hAcc><vAcc>0.890810</vAcc></extensions></trkpt>
      <trkpt lon="-123.277747" lat="44.568643"><ele>78.726158</ele><time>2020-10-25T04:38:26Z</time><extensions><speed>0.000487</speed><course>-1.000000</course><hAcc>1.282660</hAcc><vAcc>0.890817</vAcc></extensions></trkpt>
      <trkpt lon="-123.277747" lat="44.568643"><ele>78.706810</ele><time>2020-10-25T04:38:27Z</time><extensions><speed>0.000485</speed><course>-1.000000</course><hAcc>1.282668</hAcc><vAcc>0.890823</vAcc></extensions></trkpt>
      <trkpt lon="-123.277747" lat="44.568643"><ele>78.687614</ele><time>2020-10-25T04:38:28Z</time><extensions><speed>0.000462</speed><course>-1.000000</course><hAcc>1.282675</hAcc><vAcc>0.890829</vAcc></extensions></trkpt>
      <trkpt lon="-123.277747" lat="44.568643"><ele>78.669075</ele><time>2020-10-25T04:38:29Z</time><extensions><speed>0.000418</speed><course>-1.000000</course><hAcc>1.282681</hAcc><vAcc>0.890833</vAcc></extensions></trkpt>
      <trkpt lon="-123.277747" lat="44.568643"><ele>78.651657</ele><time>2020-10-25T04:38:30Z</time><extensions><speed>0.000354</speed><course>-1.000000</course><hAcc>1.282686</hAcc><vAcc>0.890837</vAcc></extensions></trkpt>
      <trkpt lon="-123.277747" lat="44.568643"><ele>78.635788</ele><time>2020-10-25T04:38:31Z</time><extensions><speed>0.000272</speed><course>-1.000000</course><hAcc>1.282691</hAcc><vAcc>0.890840</vAcc></extensions></trkpt>
      <trkpt lon="-123.277747" lat="44.568643"><ele>78.621819</ele><time>2020-10-25T04:38:32Z</time><extensions><speed>0.000175</speed><course>-1.000000</course><hAcc>1.282696</hAcc><vAcc>0.890843</vAcc></extensions></trkpt>
      <trkpt lon="-123.277747" lat="44.568643"><ele>78.610031</ele><time>2020-10-25T04:38:33Z</time><extensions><speed>0.000069</speed><course>-1.000000</course><hAcc>1.282703</hAcc><vAcc>0.890847</vAcc></extensions></trkpt>
      <trkpt lon="-123.277747" lat="44.568643"><ele>78.600601</ele><time>2020-10-25T04:38:34Z</time><extensions><speed>0.000042</speed><course>-1.000000</course><hAcc>1.282711</hAcc><vAcc>0.890852</vAcc></extensions></trkpt>
      <trkpt lon="-123.277747" lat="44.568643"><ele>78.593575</ele><time>2020-10-25T04:38:35Z</time><extensions><speed>0.000150</speed><course>-1.000000</course><hAcc>1.282721</hAcc><vAcc>0.890859</vAcc></extensions></trkpt>
      <trkpt lon="-123.277747" lat="44.568643"><ele>78.588890</ele><time>2020-10-25T04:38:36Z</time><extensions><speed>0.000251</speed><course>-1.000000</course><hAcc>1.282718</hAcc><vAcc>0.890856</vAcc></extensions></trkpt>
      <trkpt lon="-123.277747" lat="44.568643"><ele>78.586388</ele><time>2020-10-25T04:38:37Z</time><extensions><speed>0.000340</speed><course>-1.000000</course><hAcc>1.282702</hAcc><vAcc>0.890844</vAcc></extensions></trkpt>
      <trkpt lon="-123.277747" lat="44.568643"><ele>78.585793</ele><time>2020-10-25T04:38:38Z</time><extensions><speed>0.000411</speed><course>-1.000000</course><hAcc>1.282689</hAcc><vAcc>0.890835</vAcc></extensions></trkpt>
      <trkpt lon="-123.277747" lat="44.568643"><ele>78.586731</ele><time>2020-10-25T04:38:39Z</time><extensions><speed>0.000459</speed><course>-1.000000</course><hAcc>1.282678</hAcc><vAcc>0.890827</vAcc></extensions></trkpt>
      <trkpt lon="-123.277747" lat="44.568643"><ele>78.588715</ele><time>2020-10-25T04:38:40Z</time><extensions><speed>0.000480</speed><course>-1.000000</course><hAcc>1.282670</hAcc><vAcc>0.890821</vAcc></extensions></trkpt>
      <trkpt lon="-123.277747" lat="44.568643"><ele>78.591232</ele><time>2020-10-25T04:38:41Z</time><extensions><speed>0.000472</speed><course>-1.000000</course><hAcc>1.282663</hAcc><vAcc>0.890816</vAcc></extensions></trkpt>
      <trkpt lon="-123.277747" lat="44.568643"><ele>78.593750</ele><time>2020-10-25T04:38:42Z</time><extensions><speed>0.000436</speed><course>-1.000000</course><hAcc>1.282658</hAcc><vAcc>0.890812</vAcc></extensions></trkpt>
      <trkpt lon="-123.277747" lat="44.568643"><ele>78.595749</ele><time>2020-10-25T04:38:43Z</time><extensions><speed>0.000374</speed><course>-1.000000</course><hAcc>1.282654</hAcc><vAcc>0.890809</vAcc></extensions></trkpt>
      <trkpt lon="-123.277747" lat="44.568643"><ele>78.596794</ele><time>2020-10-25T04:38:44Z</time><extensions><speed>0.000292</speed><course>-1.000000</course><hAcc>1.282650</hAcc><vAcc>0.890806</vAcc></extensions></trkpt>
      <trkpt lon="-123.277747" lat="44.568643"><ele>78.596542</ele><time>2020-10-25T04:38:45Z</time><extensions><speed>0.000197</speed><course>-1.000000</course><hAcc>1.282648</hAcc><vAcc>0.890804</vAcc></extensions></trkpt>
      <trkpt lon="-123.277747" lat="44.568643"><ele>78.594788</ele><time>2020-10-25T04:38:46Z</time><extensions><speed>0.000096</speed><course>-1.000000</course><hAcc>1.282646</hAcc><vAcc>0.890803</vAcc></extensions></trkpt>
      <trkpt lon="-123.277747" lat="44.568643"><ele>78.591423</ele><time>2020-10-25T04:38:47Z</time><extensions><speed>0.000005</speed><course>-1.000000</course><hAcc>1.282644</hAcc><vAcc>0.890802</vAcc></extensions></trkpt>
      <trkpt lon="-123.277747" lat="44.568643"><ele>78.586479</ele><time>2020-10-25T04:38:48Z</time><extensions><speed>0.000100</speed><course>-1.000000</course><hAcc>1.282643</hAcc><vAcc>0.890801</vAcc></extensions></trkpt>
      <trkpt lon="-123.277747" lat="44.568643"><ele>78.580048</ele><time>2020-10-25T04:38:49Z</time><extensions><speed>0.000186</speed><course>-1.000000</course><hAcc>1.282642</hAcc><vAcc>0.890801</vAcc></extensions></trkpt>
      <trkpt lon="-123.277747" lat="44.568643"><ele>78.572311</ele><time>2020-10-25T04:38:50Z</time><extensions><speed>0.000260</speed><course>-1.000000</course><hAcc>1.282642</hAcc><vAcc>0.890800</vAcc></extensions></trkpt>
      <trkpt lon="-123.277747" lat="44.568643"><ele>78.563522</ele><time>2020-10-25T04:38:51Z</time><extensions><speed>0.000315</speed><course>-1.000000</course><hAcc>1.282641</hAcc><vAcc>0.890800</vAcc></extensions></trkpt>
      <trkpt lon="-123.277747" lat="44.568643"><ele>78.554039</ele><time>2020-10-25T04:38:52Z</time><extensions><speed>0.000348</speed><course>-1.000000</course><hAcc>1.282641</hAcc><vAcc>0.890799</vAcc></extensions></trkpt>
      <trkpt lon="-123.277747" lat="44.568643"><ele>78.544289</ele><time>2020-10-25T04:38:53Z</time><extensions><speed>0.000356</speed><course>-1.000000</course><hAcc>1.282640</hAcc><vAcc>0.890799</vAcc></extensions></trkpt>
      <trkpt lon="-123.277747" lat="44.568643"><ele>78.534714</ele><time>2020-10-25T04:38:54Z</time><extensions><speed>0.000337</speed><course>-1.000000</course><hAcc>1.282640</hAcc><vAcc>0.890799</vAcc></extensions></trkpt>
      <trkpt lon="-123.277747" lat="44.568643"><ele>78.525757</ele><time>2020-10-25T04:38:55Z</time><extensions><speed>0.000296</speed><course>-1.000000</course><hAcc>1.282640</hAcc><vAcc>0.890799</vAcc></extensions></trkpt>
      <trkpt lon="-123.277747" lat="44.568643"><ele>78.517784</ele><time>2020-10-25T04:38:56Z</time><extensions><speed>0.000236</speed><course>-1.000000</course><hAcc>1.282640</hAcc><vAcc>0.890799</vAcc></extensions></trkpt>
      <trkpt lon="-123.277747" lat="44.568643"><ele>78.511093</ele><time>2020-10-25T04:38:57Z</time><extensions><speed>0.000163</speed><course>-1.000000</course><hAcc>1.282639</hAcc><vAcc>0.890799</vAcc></extensions></trkpt>
      <trkpt lon="-123.277747" lat="44.568643"><ele>78.505898</ele><time>2020-10-25T04:38:58Z</time><extensions><speed>0.000080</speed><course>-1.000000</course><hAcc>1.282639</hAcc><vAcc>0.890799</vAcc></extensions></trkpt>
      <trkpt lon="-123.277747" lat="44.568643"><ele>78.502327</ele><time>2020-10-25T04:38:59Z</time><extensions><speed>0.000005</speed><course>-1.000000</course><hAcc>1.282639</hAcc><vAcc>0.890798</vAcc></extensions></trkpt>
      <trkpt lon="-123.277747" lat="44.568643"><ele>78.500397</ele><time>2020-10-25T04:39:00Z</time><extensions><speed>0.000088</speed><course>-1.000000</course><hAcc>1.282639</hAcc><vAcc>0.890798</vAcc></extensions></trkpt>
      <trkpt lon="-123.277747" lat="44.568643"><ele>78.500015</ele><time>2020-10-25T04:39:01Z</time><extensions><speed>0.000162</speed><course>-1.000000</course><hAcc>1.282639</hAcc><vAcc>0.890798</vAcc></extensions></trkpt>
      <trkpt lon="-123.277747" lat="44.568643"><ele>78.500977</ele><time>2020-10-25T04:39:02Z</time><extensions><speed>0.000221</speed><course>-1.000000</course><hAcc>1.282639</hAcc><vAcc>0.890798</vAcc></extensions></trkpt>
      <trkpt lon="-123.277747" lat="44.568643"><ele>78.503029</ele><time>2020-10-25T04:39:03Z</time><extensions><speed>0.000263</speed><course>-1.000000</course><hAcc>1.282639</hAcc><vAcc>0.890798</vAcc></extensions></trkpt>
      <trkpt lon="-123.277747" lat="44.568643"><ele>78.505836</ele><time>2020-10-25T04:39:04Z</time><extensions><speed>0.000285</speed><course>-1.000000</course><hAcc>1.282639</hAcc><vAcc>0.890798</vAcc></extensions></trkpt>
      <trkpt lon="-123.277747" lat="44.568643"><ele>78.509048</ele><time>2020-10-25T04:39:05Z</time><extensions><speed>0.000285</speed><course>-1.000000</course><hAcc>1.282638</hAcc><vAcc>0.890798</vAcc></extensions></trkpt>
      <trkpt lon="-123.277747" lat="44.568643"><ele>78.512291</ele><time>2020-10-25T04:39:06Z</time><extensions><speed>0.000263</speed><course>-1.000000</course><hAcc>1.282638</hAcc><vAcc>0.890798</vAcc></extensions></trkpt>
      <trkpt lon="-123.277747" lat="44.568643"><ele>78.515190</ele><time>2020-10-25T04:39:07Z</time><extensions><speed>0.000222</speed><course>-1.000000</course><hAcc>1.282638</hAcc><vAcc>0.890798</vAcc></extensions></trkpt>
      <trkpt lon="-123.277747" lat="44.568643"><ele>78.517464</ele><time>2020-10-25T04:39:08Z</time><extensions><speed>0.000166</speed><course>-1.000000</course><hAcc>1.282638</hAcc><vAcc>0.890798</vAcc></extensions></trkpt>
      <trkpt lon="-123.277747" lat="44.568643"><ele>78.518860</ele><time>2020-10-25T04:39:09Z</time><extensions><speed>0.000097</speed><course>-1.000000</course><hAcc>1.282638</hAcc><vAcc>0.890797</vAcc></extensions></trkpt>
      <trkpt lon="-123.277747" lat="44.568643"><ele>78.519180</ele><time>2020-10-25T04:39:10Z</time><extensions><speed>0.000018</speed><course>-1.000000</course><hAcc>1.282637</hAcc><vAcc>0.890797</vAcc></extensions></trkpt>
      <trkpt lon="-123.277747" lat="44.568643"><ele>78.518303</ele><time>2020-10-25T04:39:11Z</time><extensions><speed>0.000067</speed><course>-1.000000</course><hAcc>1.282637</hAcc><vAcc>0.890797</vAcc></extensions></trkpt>
      <trkpt lon="-123.277747" lat="44.568643"><ele>78.516212</ele><time>2020-10-25T04:39:12Z</time><extensions><speed>0.000148</speed><course>-1.000000</course><hAcc>1.282636</hAcc><vAcc>0.890797</vAcc></extensions></trkpt>
      <trkpt lon="-123.277747" lat="44.568643"><ele>78.513077</ele><time>2020-10-25T04:39:13Z</time><extensions><speed>0.000215</speed><course>-1.000000</course><hAcc>1.282636</hAcc><vAcc>0.890796</vAcc></extensions></trkpt>
      <trkpt lon="-123.277747" lat="44.568643"><ele>78.509148</ele><time>2020-10-25T04:39:14Z</time><extensions><speed>0.000267</speed><course>-1.000000</course><hAcc>1.282635</hAcc><vAcc>0.890796</vAcc></extensions></trkpt>
      <trkpt lon="-123.277747" lat="44.568643"><ele>78.504669</ele><time>2020-10-25T04:39:15Z</time><extensions><speed>0.000306</speed><course>-1.000000</course><hAcc>1.282634</hAcc><vAcc>0.890795</vAcc></extensions></trkpt>
      <trkpt lon="-123.277747" lat="44.568643"><ele>78.499954</ele><time>2020-10-25T04:39:16Z</time><extensions><speed>0.000326</speed><course>-1.000000</course><hAcc>1.282632</hAcc><vAcc>0.890794</vAcc></extensions></trkpt>
      <trkpt lon="-123.277747" lat="44.568643"><ele>78.495354</ele><time>2020-10-25T04:39:17Z</time><extensions><speed>0.000323</speed><course>-1.000000</course><hAcc>1.282631</hAcc><vAcc>0.890793</vAcc></extensions></trkpt>
      <trkpt lon="-123.277747" lat="44.568643"><ele>78.491272</ele><time>2020-10-25T04:39:18Z</time><extensions><speed>0.000298</speed><course>-1.000000</course><hAcc>1.282629</hAcc><vAcc>0.890791</vAcc></extensions></trkpt>
      <trkpt lon="-123.277747" lat="44.568643"><ele>78.488060</ele><time>2020-10-25T04:39:19Z</time><extensions><speed>0.000253</speed><course>-1.000000</course><hAcc>1.282626</hAcc><vAcc>0.890789</vAcc></extensions></trkpt>
      <trkpt lon="-123.277747" lat="44.568643"><ele>78.486031</ele><time>2020-10-25T04:39:20Z</time><extensions><speed>0.000192</speed><course>-1.000000</course><hAcc>1.282622</hAcc><vAcc>0.890787</vAcc></extensions></trkpt>
      <trkpt lon="-123.277747" lat="44.568643"><ele>78.485451</ele><time>2020-10-25T04:39:21Z</time><extensions><speed>0.000116</speed><course>-1.000000</course><hAcc>1.282618</hAcc><vAcc>0.890784</vAcc></extensions></trkpt>
      <trkpt lon="-123.277747" lat="44.568643"><ele>78.486504</ele><time>2020-10-25T04:39:22Z</time><extensions><speed>0.000031</speed><course>-1.000000</course><hAcc>1.282613</hAcc><vAcc>0.890780</vAcc></extensions></trkpt>
      <trkpt lon="-123.277747" lat="44.568643"><ele>78.489265</ele><time>2020-10-25T04:39:23Z</time><extensions><speed>0.000058</speed><course>-1.000000</course><hAcc>1.282606</hAcc><vAcc>0.890776</vAcc></extensions></trkpt>
      <trkpt lon="-123.277747" lat="44.568643"><ele>78.493675</ele><time>2020-10-25T04:39:24Z</time><extensions><speed>0.000140</speed><course>-1.000000</course><hAcc>1.282597</hAcc><vAcc>0.890770</vAcc></extensions></trkpt>
      <trkpt lon="-123.277747" lat="44.568643"><ele>78.499527</ele><time>2020-10-25T04:39:25Z</time><extensions><speed>0.000210</speed><course>-1.000000</course><hAcc>1.282587</hAcc><vAcc>0.890762</vAcc></extensions></trkpt>
      <trkpt lon="-123.277747" lat="44.568643"><ele>78.506584</ele><time>2020-10-25T04:39:26Z</time><extensions><speed>0.000268</speed><course>-1.000000</course><hAcc>1.282573</hAcc><vAcc>0.890753</vAcc></extensions></trkpt>
      <trkpt lon="-123.277747" lat="44.568643"><ele>78.514565</ele><time>2020-10-25T04:39:27Z</time><extensions><speed>0.000313</speed><course>-1.000000</course><hAcc>1.282556</hAcc><vAcc>0.890741</vAcc></extensions></trkpt>
      <trkpt lon="-123.277747" lat="44.568643"><ele>78.523170</ele><time>2020-10-25T04:39:28Z</time><extensions><speed>0.000346</speed><course>-1.000000</course><hAcc>1.282535</hAcc><vAcc>0.890726</vAcc></extensions></trkpt>
      <trkpt lon="-123.277747" lat="44.568643"><ele>78.532112</ele><time>2020-10-25T04:39:29Z</time><extensions><speed>0.000365</speed><course>-1.000000</course><hAcc>1.282508</hAcc><vAcc>0.890707</vAcc></extensions></trkpt>
      <trkpt lon="-123.277747" lat="44.568643"><ele>78.541069</ele><time>2020-10-25T04:39:29Z</time><extensions><speed>0.000373</speed><course>-1.000000</course><hAcc>1.282508</hAcc><vAcc>0.890707</vAcc></extensions></trkpt>
      <trkpt lon="-123.277747" lat="44.568643"><ele>78.549835</ele><time>2020-10-25T04:39:30Z</time><extensions><speed>0.000376</speed><course>-1.000000</course><hAcc>1.282536</hAcc><vAcc>0.890726</vAcc></extensions></trkpt>
      <trkpt lon="-123.277747" lat="44.568643"><ele>78.558228</ele><time>2020-10-25T04:39:31Z</time><extensions><speed>0.000376</speed><course>-1.000000</course><hAcc>1.282557</hAcc><vAcc>0.890741</vAcc></extensions></trkpt>
      <trkpt lon="-123.277747" lat="44.568643"><ele>78.566154</ele><time>2020-10-25T04:39:32Z</time><extensions><speed>0.000377</speed><course>-1.000000</course><hAcc>1.282575</hAcc><vAcc>0.890754</vAcc></extensions></trkpt>
      <trkpt lon="-123.277747" lat="44.568643"><ele>78.573517</ele><time>2020-10-25T04:39:33Z</time><extensions><speed>0.000377</speed><course>-1.000000</course><hAcc>1.282589</hAcc><vAcc>0.890764</vAcc></extensions></trkpt>
      <trkpt lon="-123.277747" lat="44.568643"><ele>78.580231</ele><time>2020-10-25T04:39:34Z</time><extensions><speed>0.000374</speed><course>-1.000000</course><hAcc>1.282601</hAcc><vAcc>0.890772</vAcc></extensions></trkpt>
      <trkpt lon="-123.277747" lat="44.568643"><ele>78.586182</ele><time>2020-10-25T04:39:35Z</time><extensions><speed>0.000365</speed><course>-1.000000</course><hAcc>1.282611</hAcc><vAcc>0.890778</vAcc></extensions></trkpt>
      <trkpt lon="-123.277747" lat="44.568643"><ele>78.591232</ele><time>2020-10-25T04:39:36Z</time><extensions><speed>0.000348</speed><course>-1.000000</course><hAcc>1.282620</hAcc><vAcc>0.890784</vAcc></extensions></trkpt>
      <trkpt lon="-123.277747" lat="44.568643"><ele>78.595222</ele><time>2020-10-25T04:39:37Z</time><extensions><speed>0.000318</speed><course>-1.000000</course><hAcc>1.282628</hAcc><vAcc>0.890790</vAcc></extensions></trkpt>
      <trkpt lon="-123.277747" lat="44.568643"><ele>78.597946</ele><time>2020-10-25T04:39:38Z</time><extensions><speed>0.000270</speed><course>-1.000000</course><hAcc>1.282635</hAcc><vAcc>0.890794</vAcc></extensions></trkpt>
      <trkpt lon="-123.277747" lat="44.568643"><ele>78.599213</ele><time>2020-10-25T04:39:39Z</time><extensions><speed>0.000207</speed><course>-1.000000</course><hAcc>1.282642</hAcc><vAcc>0.890799</vAcc></extensions></trkpt>
      <trkpt lon="-123.277747" lat="44.568643"><ele>78.598877</ele><time>2020-10-25T04:39:40Z</time><extensions><speed>0.000130</speed><course>-1.000000</course><hAcc>1.282649</hAcc><vAcc>0.890804</vAcc></extensions></trkpt>
      <trkpt lon="-123.277747" lat="44.568643"><ele>78.596809</ele><time>2020-10-25T04:39:41Z</time><extensions><speed>0.000052</speed><course>-1.000000</course><hAcc>1.282656</hAcc><vAcc>0.890809</vAcc></extensions></trkpt>
      <trkpt lon="-123.277747" lat="44.568643"><ele>78.592896</ele><time>2020-10-25T04:39:42Z</time><extensions><speed>0.000111</speed><course>-1.000000</course><hAcc>1.282664</hAcc><vAcc>0.890814</vAcc></extensions></trkpt>
      <trkpt lon="-123.277747" lat="44.568643"><ele>78.587044</ele><time>2020-10-25T04:39:43Z</time><extensions><speed>0.000248</speed><course>-1.000000</course><hAcc>1.282671</hAcc><vAcc>0.890819</vAcc></extensions></trkpt>
      <trkpt lon="-123.277747" lat="44.568643"><ele>78.579201</ele><time>2020-10-25T04:39:44Z</time><extensions><speed>0.000409</speed><course>-1.000000</course><hAcc>1.282680</hAcc><vAcc>0.890825</vAcc></extensions></trkpt>
      <trkpt lon="-123.277747" lat="44.568643"><ele>78.569389</ele><time>2020-10-25T04:39:45Z</time><extensions><speed>0.000590</speed><course>-1.000000</course><hAcc>1.282688</hAcc><vAcc>0.890830</vAcc></extensions></trkpt>
      <trkpt lon="-123.277747" lat="44.568643"><ele>78.557709</ele><time>2020-10-25T04:39:46Z</time><extensions><speed>0.000787</speed><course>-1.000000</course><hAcc>1.282696</hAcc><vAcc>0.890837</vAcc></extensions></trkpt>
      <trkpt lon="-123.277747" lat="44.568643"><ele>78.544319</ele><time>2020-10-25T04:39:47Z</time><extensions><speed>0.000999</speed><course>-1.000000</course><hAcc>1.282705</hAcc><vAcc>0.890843</vAcc></extensions></trkpt>
      <trkpt lon="-123.277747" lat="44.568643"><ele>78.529434</ele><time>2020-10-25T04:39:48Z</time><extensions><speed>0.001221</speed><course>-1.000000</course><hAcc>1.282713</hAcc><vAcc>0.890849</vAcc></extensions></trkpt>
      <trkpt lon="-123.277747" lat="44.568643"><ele>78.513367</ele><time>2020-10-25T04:39:49Z</time><extensions><speed>0.001451</speed><course>-1.000000</course><hAcc>1.282722</hAcc><vAcc>0.890856</vAcc></extensions></trkpt>
      <trkpt lon="-123.277747" lat="44.568643"><ele>78.496445</ele><time>2020-10-25T04:39:50Z</time><extensions><speed>0.001686</speed><course>-1.000000</course><hAcc>1.282731</hAcc><vAcc>0.890863</vAcc></extensions></trkpt>
      <trkpt lon="-123.277747" lat="44.568643"><ele>78.479027</ele><time>2020-10-25T04:39:51Z</time><extensions><speed>0.001927</speed><course>-1.000000</course><hAcc>1.282743</hAcc><vAcc>0.890871</vAcc></extensions></trkpt>
      <trkpt lon="-123.277747" lat="44.568643"><ele>78.461418</ele><time>2020-10-25T04:39:52Z</time><extensions><speed>0.002174</speed><course>-1.000000</course><hAcc>1.282758</hAcc><vAcc>0.890881</vAcc></extensions></trkpt>
      <trkpt lon="-123.277747" lat="44.568643"><ele>78.443878</ele><time>2020-10-25T04:39:54Z</time><extensions><speed>0.002426</speed><course>-1.000000</course><hAcc>1.282763</hAcc><vAcc>0.890883</vAcc></extensions></trkpt>
      <trkpt lon="-123.277747" lat="44.568643"><ele>78.426674</ele><time>2020-10-25T04:39:55Z</time><extensions><speed>0.002679</speed><course>-1.000000</course><hAcc>1.282762</hAcc><vAcc>0.890879</vAcc></extensions></trkpt>
      <trkpt lon="-123.277747" lat="44.568643"><ele>78.409966</ele><time>2020-10-25T04:39:56Z</time><extensions><speed>0.002932</speed><course>-1.000000</course><hAcc>1.282778</hAcc><vAcc>0.890885</vAcc></extensions></trkpt>
      <trkpt lon="-123.277747" lat="44.568643"><ele>78.393875</ele><time>2020-10-25T04:39:57Z</time><extensions><speed>0.003178</speed><course>-1.000000</course><hAcc>1.282817</hAcc><vAcc>0.890905</vAcc></extensions></trkpt>
      <trkpt lon="-123.277747" lat="44.568643"><ele>78.378479</ele><time>2020-10-25T04:39:58Z</time><extensions><speed>0.003411</speed><course>-1.000000</course><hAcc>1.282891</hAcc><vAcc>0.890945</vAcc></extensions></trkpt>
      <trkpt lon="-123.277747" lat="44.568643"><ele>78.363808</ele><time>2020-10-25T04:39:59Z</time><extensions><speed>0.003618</speed><course>-1.000000</course><hAcc>1.283015</hAcc><vAcc>0.891017</vAcc></extensions></trkpt>
      <trkpt lon="-123.277747" lat="44.568643"><ele>78.349922</ele><time>2020-10-25T04:40:00Z</time><extensions><speed>0.003782</speed><course>-1.000000</course><hAcc>1.283207</hAcc><vAcc>0.891131</vAcc></extensions></trkpt>
      <trkpt lon="-123.277747" lat="44.568643"><ele>78.336853</ele><time>2020-10-25T04:40:01Z</time><extensions><speed>0.003888</speed><course>-1.000000</course><hAcc>1.283490</hAcc><vAcc>0.891303</vAcc></extensions></trkpt>
      <trkpt lon="-123.277747" lat="44.568643"><ele>78.324646</ele><time>2020-10-25T04:40:02Z</time><extensions><speed>0.003913</speed><course>-1.000000</course><hAcc>1.283892</hAcc><vAcc>0.891551</vAcc></extensions></trkpt>
      <trkpt lon="-123.277747" lat="44.568642"><ele>78.313354</ele><time>2020-10-25T04:40:03Z</time><extensions><speed>0.003835</speed><course>-1.000000</course><hAcc>1.284443</hAcc><vAcc>0.891897</vAcc></extensions></trkpt>
      <trkpt lon="-123.277747" lat="44.568642"><ele>78.303047</ele><time>2020-10-25T04:40:04Z</time><extensions><speed>0.003626</speed><course>-1.000000</course><hAcc>1.285177</hAcc><vAcc>0.892365</vAcc></extensions></trkpt>
      <trkpt lon="-123.277747" lat="44.568642"><ele>78.293808</ele><time>2020-10-25T04:40:05Z</time><extensions><speed>0.003258</speed><course>-1.000000</course><hAcc>1.286126</hAcc><vAcc>0.892978</vAcc></extensions></trkpt>
      <trkpt lon="-123.277747" lat="44.568642"><ele>78.285713</ele><time>2020-10-25T04:40:06Z</time><extensions><speed>0.002702</speed><course>-1.000000</course><hAcc>1.287323</hAcc><vAcc>0.893760</vAcc></extensions></trkpt>
      <trkpt lon="-123.277747" lat="44.568642"><ele>78.278877</ele><time>2020-10-25T04:40:07Z</time><extensions><speed>0.001926</speed><course>-1.000000</course><hAcc>1.288792</hAcc><vAcc>0.894730</vAcc></extensions></trkpt>
      <trkpt lon="-123.277747" lat="44.568642"><ele>78.273430</ele><time>2020-10-25T04:40:08Z</time><extensions><speed>0.000928</speed><course>-1.000000</course><hAcc>1.290545</hAcc><vAcc>0.895902</vAcc></extensions></trkpt>
      <trkpt lon="-123.277747" lat="44.568642"><ele>78.269516</ele><time>2020-10-25T04:40:09Z</time><extensions><speed>0.000674</speed><course>-1.000000</course><hAcc>1.292580</hAcc><vAcc>0.897277</vAcc></extensions></trkpt>
      <trkpt lon="-123.277747" lat="44.568642"><ele>78.267227</ele><time>2020-10-25T04:40:10Z</time><extensions><speed>0.002249</speed><course>-1.000000</course><hAcc>1.294870</hAcc><vAcc>0.898841</vAcc></extensions></trkpt>
      <trkpt lon="-123.277747" lat="44.568642"><ele>78.266632</ele><time>2020-10-25T04:40:11Z</time><extensions><speed>0.004280</speed><course>-1.000000</course><hAcc>1.297358</hAcc><vAcc>0.900559</vAcc></extensions></trkpt>
      <trkpt lon="-123.277747" lat="44.568642"><ele>78.267715</ele><time>2020-10-25T04:40:12Z</time><extensions><speed>0.006719</speed><course>-1.000000</course><hAcc>1.299957</hAcc><vAcc>0.902375</vAcc></extensions></trkpt>
      <trkpt lon="-123.277747" lat="44.568643"><ele>78.270439</ele><time>2020-10-25T04:40:13Z</time><extensions><speed>0.009589</speed><course>-1.000000</course><hAcc>1.302544</hAcc><vAcc>0.904206</vAcc></extensions></trkpt>
      <trkpt lon="-123.277747" lat="44.568643"><ele>78.274689</ele><time>2020-10-25T04:40:14Z</time><extensions><speed>0.012910</speed><course>-1.000000</course><hAcc>1.304969</hAcc><vAcc>0.905949</vAcc></extensions></trkpt>
      <trkpt lon="-123.277747" lat="44.568643"><ele>78.280304</ele><time>2020-10-25T04:40:15Z</time><extensions><speed>0.016700</speed><course>-1.000000</course><hAcc>1.307064</hAcc><vAcc>0.907483</vAcc></extensions></trkpt>
      <trkpt lon="-123.277747" lat="44.568643"><ele>78.287102</ele><time>2020-10-25T04:40:16Z</time><extensions><speed>0.020967</speed><course>-1.000000</course><hAcc>1.308671</hAcc><vAcc>0.908692</vAcc></extensions></trkpt>
      <trkpt lon="-123.277747" lat="44.568643"><ele>78.294838</ele><time>2020-10-25T04:40:17Z</time><extensions><speed>0.025710</speed><course>-1.000000</course><hAcc>1.309682</hAcc><vAcc>0.909487</vAcc></extensions></trkpt>
      <trkpt lon="-123.277747" lat="44.568643"><ele>78.303307</ele><time>2020-10-25T04:40:18Z</time><extensions><speed>0.030916</speed><course>-1.000000</course><hAcc>1.310105</hAcc><vAcc>0.909853</vAcc></extensions></trkpt>
      <trkpt lon="-123.277746" lat="44.568644"><ele>78.312325</ele><time>2020-10-25T04:40:19Z</time><extensions><speed>0.036556</speed><course>-1.000000</course><hAcc>1.310153</hAcc><vAcc>0.909909</vAcc></extensions></trkpt>
      <trkpt lon="-123.277746" lat="44.568644"><ele>78.321754</ele><time>2020-10-25T04:40:20Z</time><extensions><speed>0.042578</speed><course>-1.000000</course><hAcc>1.310368</hAcc><vAcc>0.910000</vAcc></extensions></trkpt>
      <trkpt lon="-123.277746" lat="44.568644"><ele>78.331520</ele><time>2020-10-25T04:40:21Z</time><extensions><speed>0.048906</speed><course>-1.000000</course><hAcc>1.311786</hAcc><vAcc>0.910808</vAcc></extensions></trkpt>
      <trkpt lon="-123.277745" lat="44.568645"><ele>78.341568</ele><time>2020-10-25T04:40:22Z</time><extensions><speed>0.055433</speed><course>-1.000000</course><hAcc>1.316128</hAcc><vAcc>0.913490</vAcc></extensions></trkpt>
      <trkpt lon="-123.277745" lat="44.568645"><ele>78.351906</ele><time>2020-10-25T04:40:23Z</time><extensions><speed>0.062017</speed><course>-1.000000</course><hAcc>1.326002</hAcc><vAcc>0.919834</vAcc></extensions></trkpt>
      <trkpt lon="-123.277745" lat="44.568646"><ele>78.362534</ele><time>2020-10-25T04:40:24Z</time><extensions><speed>0.068475</speed><course>-1.000000</course><hAcc>1.345064</hAcc><vAcc>0.932378</vAcc></extensions></trkpt>
      <trkpt lon="-123.277744" lat="44.568646"><ele>78.373413</ele><time>2020-10-25T04:40:25Z</time><extensions><speed>0.074579</speed><course>-1.000000</course><hAcc>1.378049</hAcc><vAcc>0.954452</vAcc></extensions></trkpt>
      <trkpt lon="-123.277744" lat="44.568647"><ele>78.384521</ele><time>2020-10-25T04:40:26Z</time><extensions><speed>0.080057</speed><course>-1.000000</course><hAcc>1.430563</hAcc><vAcc>0.990044</vAcc></extensions></trkpt>
      <trkpt lon="-123.277743" lat="44.568647"><ele>78.395790</ele><time>2020-10-25T04:40:27Z</time><extensions><speed>0.084581</speed><course>-1.000000</course><hAcc>1.508573</hAcc><vAcc>1.043448</vAcc></extensions></trkpt>
      <trkpt lon="-123.277743" lat="44.568648"><ele>78.381638</ele><time>2020-10-25T04:40:28Z</time><extensions><speed>0.088360</speed><course>-1.000000</course><hAcc>1.432082</hAcc><vAcc>0.990926</vAcc></extensions></trkpt>
      <trkpt lon="-123.277742" lat="44.568649"><ele>78.388588</ele><time>2020-10-25T04:40:29Z</time><extensions><speed>0.083433</speed><course>-1.000000</course><hAcc>1.376682</hAcc><vAcc>0.953351</vAcc></extensions></trkpt>
      <trkpt lon="-123.277742" lat="44.568649"><ele>78.395042</ele><time>2020-10-25T04:40:30Z</time><extensions><speed>0.077555</speed><course>-1.000000</course><hAcc>1.342277</hAcc><vAcc>0.930338</vAcc></extensions></trkpt>
      <trkpt lon="-123.277741" lat="44.568650"><ele>78.401039</ele><time>2020-10-25T04:40:31Z</time><extensions><speed>0.071062</speed><course>-1.000000</course><hAcc>1.322848</hAcc><vAcc>0.917592</vAcc></extensions></trkpt>
      <trkpt lon="-123.277741" lat="44.568651"><ele>78.406616</ele><time>2020-10-25T04:40:32Z</time><extensions><speed>0.064239</speed><course>-1.000000</course><hAcc>1.313270</hAcc><vAcc>0.911500</vAcc></extensions></trkpt>
      <trkpt lon="-123.277740" lat="44.568651"><ele>78.411888</ele><time>2020-10-25T04:40:33Z</time><extensions><speed>0.057316</speed><course>-1.000000</course><hAcc>1.309569</hAcc><vAcc>0.909298</vAcc></extensions></trkpt>
      <trkpt lon="-123.277740" lat="44.568651"><ele>78.416939</ele><time>2020-10-25T04:40:34Z</time><extensions><speed>0.050479</speed><course>-1.000000</course><hAcc>1.308910</hAcc><vAcc>0.909040</vAcc></extensions></trkpt>
      <trkpt lon="-123.277740" lat="44.568652"><ele>78.421852</ele><time>2020-10-25T04:40:35Z</time><extensions><speed>0.043872</speed><course>-1.000000</course><hAcc>1.309429</hAcc><vAcc>0.909469</vAcc></extensions></trkpt>
      <trkpt lon="-123.277740" lat="44.568652"><ele>78.426666</ele><time>2020-10-25T04:40:36Z</time><extensions><speed>0.037602</speed><course>-1.000000</course><hAcc>1.310010</hAcc><vAcc>0.909849</vAcc></extensions></trkpt>
      <trkpt lon="-123.277739" lat="44.568652"><ele>78.431297</ele><time>2020-10-25T04:40:37Z</time><extensions><speed>0.031740</speed><course>-1.000000</course><hAcc>1.310074</hAcc><vAcc>0.909816</vAcc></extensions></trkpt>
      <trkpt lon="-123.277739" lat="44.568653"><ele>78.435600</ele><time>2020-10-25T04:40:38Z</time><extensions><speed>0.026337</speed><course>-1.000000</course><hAcc>1.309403</hAcc><vAcc>0.909247</vAcc></extensions></trkpt>
      <trkpt lon="-123.277739" lat="44.568653"><ele>78.439323</ele><time>2020-10-25T04:40:39Z</time><extensions><speed>0.021420</speed><course>-1.000000</course><hAcc>1.308003</hAcc><vAcc>0.908170</vAcc></extensions></trkpt>
      <trkpt lon="-123.277739" lat="44.568653"><ele>78.442223</ele><time>2020-10-25T04:40:40Z</time><extensions><speed>0.017002</speed><course>-1.000000</course><hAcc>1.306003</hAcc><vAcc>0.906689</vAcc></extensions></trkpt>
      <trkpt lon="-123.277739" lat="44.568653"><ele>78.444038</ele><time>2020-10-25T04:40:41Z</time><extensions><speed>0.013083</speed><course>-1.000000</course><hAcc>1.303586</hAcc><vAcc>0.904940</vAcc></extensions></trkpt>
      <trkpt lon="-123.277739" lat="44.568653"><ele>78.444565</ele><time>2020-10-25T04:40:42Z</time><extensions><speed>0.009653</speed><course>-1.000000</course><hAcc>1.300942</hAcc><vAcc>0.903060</vAcc></extensions></trkpt>
      <trkpt lon="-123.277739" lat="44.568653"><ele>78.443619</ele><time>2020-10-25T04:40:43Z</time><extensions><speed>0.006694</speed><course>-1.000000</course><hAcc>1.298247</hAcc><vAcc>0.901170</vAcc></extensions></trkpt>
      <trkpt lon="-123.277739" lat="44.568653"><ele>78.441101</ele><time>2020-10-25T04:40:44Z</time><extensions><speed>0.004180</speed><course>-1.000000</course><hAcc>1.295640</hAcc><vAcc>0.899364</vAcc></extensions></trkpt>
      <trkpt lon="-123.277739" lat="44.568653"><ele>78.436951</ele><time>2020-10-25T04:40:45Z</time><extensions><speed>0.002089</speed><course>-1.000000</course><hAcc>1.293224</hAcc><vAcc>0.897709</vAcc></extensions></trkpt>
      <trkpt lon="-123.277739" lat="44.568653"><ele>78.431152</ele><time>2020-10-25T04:40:46Z</time><extensions><speed>0.000501</speed><course>-1.000000</course><hAcc>1.291065</hAcc><vAcc>0.896247</vAcc></extensions></trkpt>
      <trkpt lon="-123.277739" lat="44.568653"><ele>78.423744</ele><time>2020-10-25T04:40:47Z</time><extensions><speed>0.001132</speed><course>-1.000000</course><hAcc>1.289198</hAcc><vAcc>0.894996</vAcc></extensions></trkpt>
      <trkpt lon="-123.277739" lat="44.568653"><ele>78.414787</ele><time>2020-10-25T04:40:48Z</time><extensions><speed>0.002185</speed><course>-1.000000</course><hAcc>1.287629</hAcc><vAcc>0.893957</vAcc></extensions></trkpt>
      <trkpt lon="-123.277739" lat="44.568653"><ele>78.404350</ele><time>2020-10-25T04:40:49Z</time><extensions><speed>0.002994</speed><course>-1.000000</course><hAcc>1.286348</hAcc><vAcc>0.893118</vAcc></extensions></trkpt>
      <trkpt lon="-123.277739" lat="44.568653"><ele>78.392555</ele><time>2020-10-25T04:40:50Z</time><extensions><speed>0.003573</speed><course>-1.000000</course><hAcc>1.285330</hAcc><vAcc>0.892460</vAcc></extensions></trkpt>
      <trkpt lon="-123.277739" lat="44.568653"><ele>78.379585</ele><time>2020-10-25T04:40:51Z</time><extensions><speed>0.003951</speed><course>-1.000000</course><hAcc>1.284542</hAcc><vAcc>0.891957</vAcc></extensions></trkpt>
      <trkpt lon="-123.277739" lat="44.568653"><ele>78.365677</ele><time>2020-10-25T04:40:52Z</time><extensions><speed>0.004156</speed><course>-1.000000</course><hAcc>1.283950</hAcc><vAcc>0.891584</vAcc></extensions></trkpt>
      <trkpt lon="-123.277739" lat="44.568653"><ele>78.351089</ele><time>2020-10-25T04:40:53Z</time><extensions><speed>0.004215</speed><course>-1.000000</course><hAcc>1.283517</hAcc><vAcc>0.891315</vAcc></extensions></trkpt>
      <trkpt lon="-123.277739" lat="44.568653"><ele>78.336105</ele><time>2020-10-25T04:40:54Z</time><extensions><speed>0.004155</speed><course>-1.000000</course><hAcc>1.283210</hAcc><vAcc>0.891129</vAcc></extensions></trkpt>
      <trkpt lon="-123.277739" lat="44.568653"><ele>78.320938</ele><time>2020-10-25T04:40:55Z</time><extensions><speed>0.004004</speed><course>-1.000000</course><hAcc>1.283001</hAcc><vAcc>0.891005</vAcc></extensions></trkpt>
      <trkpt lon="-123.277739" lat="44.568653"><ele>78.305771</ele><time>2020-10-25T04:40:56Z</time><extensions><speed>0.003787</speed><course>-1.000000</course><hAcc>1.282865</hAcc><vAcc>0.890926</vAcc></extensions></trkpt>
      <trkpt lon="-123.277739" lat="44.568653"><ele>78.290710</ele><time>2020-10-25T04:40:57Z</time><extensions><speed>0.003523</speed><course>-1.000000</course><hAcc>1.282780</hAcc><vAcc>0.890878</vAcc></extensions></trkpt>
      <trkpt lon="-123.277739" lat="44.568653"><ele>78.275826</ele><time>2020-10-25T04:40:58Z</time><extensions><speed>0.003233</speed><course>-1.000000</course><hAcc>1.282731</hAcc><vAcc>0.890852</vAcc></extensions></trkpt>
      <trkpt lon="-123.277739" lat="44.568653"><ele>78.261131</ele><time>2020-10-25T04:40:59Z</time><extensions><speed>0.002931</speed><course>-1.000000</course><hAcc>1.282705</hAcc><vAcc>0.890839</vAcc></extensions></trkpt>
      <trkpt lon="-123.277739" lat="44.568653"><ele>78.246613</ele><time>2020-10-25T04:41:00Z</time><extensions><speed>0.002630</speed><course>-1.000000</course><hAcc>1.282693</hAcc><vAcc>0.890834</vAcc></extensions></trkpt>
      <trkpt lon="-123.277739" lat="44.568653"><ele>78.232254</ele><time>2020-10-25T04:41:01Z</time><extensions><speed>0.002337</speed><course>-1.000000</course><hAcc>1.282690</hAcc><vAcc>0.890833</vAcc></extensions></trkpt>
      <trkpt lon="-123.277739" lat="44.568653"><ele>78.218025</ele><time>2020-10-25T04:41:02Z</time><extensions><speed>0.002059</speed><course>-1.000000</course><hAcc>1.282690</hAcc><vAcc>0.890834</vAcc></extensions></trkpt>
      <trkpt lon="-123.277739" lat="44.568653"><ele>78.203941</ele><time>2020-10-25T04:41:03Z</time><extensions><speed>0.001799</speed><course>-1.000000</course><hAcc>1.282690</hAcc><vAcc>0.890834</vAcc></extensions></trkpt>
      <trkpt lon="-123.277739" lat="44.568653"><ele>78.190048</ele><time>2020-10-25T04:41:04Z</time><extensions><speed>0.001557</speed><course>-1.000000</course><hAcc>1.282691</hAcc><vAcc>0.890834</vAcc></extensions></trkpt>
      <trkpt lon="-123.277739" lat="44.568653"><ele>78.176422</ele><time>2020-10-25T04:41:05Z</time><extensions><speed>0.001335</speed><course>-1.000000</course><hAcc>1.282690</hAcc><vAcc>0.890833</vAcc></extensions></trkpt>
      <trkpt lon="-123.277739" lat="44.568653"><ele>78.163185</ele><time>2020-10-25T04:41:06Z</time><extensions><speed>0.001132</speed><course>-1.000000</course><hAcc>1.282688</hAcc><vAcc>0.890831</vAcc></extensions></trkpt>
      <trkpt lon="-123.277739" lat="44.568653"><ele>78.150482</ele><time>2020-10-25T04:41:07Z</time><extensions><speed>0.000944</speed><course>-1.000000</course><hAcc>1.282684</hAcc><vAcc>0.890828</vAcc></extensions></trkpt>
      <trkpt lon="-123.277739" lat="44.568653"><ele>78.138519</ele><time>2020-10-25T04:41:08Z</time><extensions><speed>0.000770</speed><course>-1.000000</course><hAcc>1.282680</hAcc><vAcc>0.890825</vAcc></extensions></trkpt>
      <trkpt lon="-123.277739" lat="44.568653"><ele>78.127480</ele><time>2020-10-25T04:41:09Z</time><extensions><speed>0.000612</speed><course>-1.000000</course><hAcc>1.282675</hAcc><vAcc>0.890822</vAcc></extensions></trkpt>
      <trkpt lon="-123.277739" lat="44.568653"><ele>78.117523</ele><time>2020-10-25T04:41:10Z</time><extensions><speed>0.000470</speed><course>-1.000000</course><hAcc>1.282670</hAcc><vAcc>0.890818</vAcc></extensions></trkpt>
      <trkpt lon="-123.277739" lat="44.568653"><ele>78.108765</ele><time>2020-10-25T04:41:11Z</time><extensions><speed>0.000343</speed><course>-1.000000</course><hAcc>1.282665</hAcc><vAcc>0.890815</vAcc></extensions></trkpt>
      <trkpt lon="-123.277739" lat="44.568653"><ele>78.101326</ele><time>2020-10-25T04:41:12Z</time><extensions><speed>0.000230</speed><course>-1.000000</course><hAcc>1.282660</hAcc><vAcc>0.890811</vAcc></extensions></trkpt>
      <trkpt lon="-123.277739" lat="44.568653"><ele>78.095276</ele><time>2020-10-25T04:41:13Z</time><extensions><speed>0.000133</speed><course>-1.000000</course><hAcc>1.282656</hAcc><vAcc>0.890809</vAcc></extensions></trkpt>
      <trkpt lon="-123.277739" lat="44.568653"><ele>78.090675</ele><time>2020-10-25T04:41:14Z</time><extensions><speed>0.000054</speed><course>-1.000000</course><hAcc>1.282653</hAcc><vAcc>0.890806</vAcc></extensions></trkpt>
      <trkpt lon="-123.277739" lat="44.568653"><ele>78.087524</ele><time>2020-10-25T04:41:15Z</time><extensions><speed>0.000044</speed><course>-1.000000</course><hAcc>1.282649</hAcc><vAcc>0.890804</vAcc></extensions></trkpt>
      <trkpt lon="-123.277739" lat="44.568653"><ele>78.085815</ele><time>2020-10-25T04:41:16Z</time><extensions><speed>0.000096</speed><course>-1.000000</course><hAcc>1.282647</hAcc><vAcc>0.890803</vAcc></extensions></trkpt>
      <trkpt lon="-123.277739" lat="44.568653"><ele>78.085541</ele><time>2020-10-25T04:41:17Z</time><extensions><speed>0.000148</speed><course>-1.000000</course><hAcc>1.282645</hAcc><vAcc>0.890801</vAcc></extensions></trkpt>
      <trkpt lon="-123.277739" lat="44.568653"><ele>78.086723</ele><time>2020-10-25T04:41:18Z</time><extensions><speed>0.000198</speed><course>-1.000000</course><hAcc>1.282643</hAcc><vAcc>0.890801</vAcc></extensions></trkpt>
      <trkpt lon="-123.277739" lat="44.568653"><ele>78.089386</ele><time>2020-10-25T04:41:19Z</time><extensions><speed>0.000249</speed><course>-1.000000</course><hAcc>1.282642</hAcc><vAcc>0.890800</vAcc></extensions></trkpt>
      <trkpt lon="-123.277739" lat="44.568653"><ele>78.093544</ele><time>2020-10-25T04:41:20Z</time><extensions><speed>0.000300</speed><course>-1.000000</course><hAcc>1.282641</hAcc><vAcc>0.890799</vAcc></extensions></trkpt>
      <trkpt lon="-123.277739" lat="44.568653"><ele>78.099197</ele><time>2020-10-25T04:41:21Z</time><extensions><speed>0.000352</speed><course>-1.000000</course><hAcc>1.282640</hAcc><vAcc>0.890799</vAcc></extensions></trkpt>
      <trkpt lon="-123.277739" lat="44.568653"><ele>78.106285</ele><time>2020-10-25T04:41:22Z</time><extensions><speed>0.000403</speed><course>-1.000000</course><hAcc>1.282640</hAcc><vAcc>0.890799</vAcc></extensions></trkpt>
      <trkpt lon="-123.277739" lat="44.568653"><ele>78.114693</ele><time>2020-10-25T04:41:23Z</time><extensions><speed>0.000452</speed><course>-1.000000</course><hAcc>1.282640</hAcc><vAcc>0.890799</vAcc></extensions></trkpt>
      <trkpt lon="-123.277739" lat="44.568653"><ele>78.124252</ele><time>2020-10-25T04:41:24Z</time><extensions><speed>0.000496</speed><course>-1.000000</course><hAcc>1.282639</hAcc><vAcc>0.890798</vAcc></extensions></trkpt>
      <trkpt lon="-123.277739" lat="44.568653"><ele>78.134781</ele><time>2020-10-25T04:41:25Z</time><extensions><speed>0.000537</speed><course>-1.000000</course><hAcc>1.282639</hAcc><vAcc>0.890798</vAcc></extensions></trkpt>
      <trkpt lon="-123.277739" lat="44.568653"><ele>78.146065</ele><time>2020-10-25T04:41:26Z</time><extensions><speed>0.000573</speed><course>-1.000000</course><hAcc>1.282639</hAcc><vAcc>0.890798</vAcc></extensions></trkpt>
      <trkpt lon="-123.277739" lat="44.568653"><ele>78.157799</ele><time>2020-10-25T04:41:27Z</time><extensions><speed>0.000595</speed><course>-1.000000</course><hAcc>1.282639</hAcc><vAcc>0.890798</vAcc></extensions></trkpt>
      <trkpt lon="-123.277739" lat="44.568653"><ele>78.169571</ele><time>2020-10-25T04:41:28Z</time><extensions><speed>0.000597</speed><course>-1.000000</course><hAcc>1.282639</hAcc><vAcc>0.890798</vAcc></extensions></trkpt>
      <trkpt lon="-123.277739" lat="44.568653"><ele>78.180832</ele><time>2020-10-25T04:41:29Z</time><extensions><speed>0.000573</speed><course>-1.000000</course><hAcc>1.282639</hAcc><vAcc>0.890798</vAcc></extensions></trkpt>
      <trkpt lon="-123.277739" lat="44.568653"><ele>78.191002</ele><time>2020-10-25T04:41:30Z</time><extensions><speed>0.000519</speed><course>-1.000000</course><hAcc>1.282639</hAcc><vAcc>0.890798</vAcc></extensions></trkpt>
      <trkpt lon="-123.277739" lat="44.568653"><ele>78.199478</ele><time>2020-10-25T04:41:31Z</time><extensions><speed>0.000436</speed><course>-1.000000</course><hAcc>1.282639</hAcc><vAcc>0.890798</vAcc></extensions></trkpt>
      <trkpt lon="-123.277739" lat="44.568653"><ele>78.205711</ele><time>2020-10-25T04:41:32Z</time><extensions><speed>0.000328</speed><course>-1.000000</course><hAcc>1.282639</hAcc><vAcc>0.890798</vAcc></extensions></trkpt>
      <trkpt lon="-123.277739" lat="44.568653"><ele>78.209282</ele><time>2020-10-25T04:41:33Z</time><extensions><speed>0.000202</speed><course>-1.000000</course><hAcc>1.282639</hAcc><vAcc>0.890798</vAcc></extensions></trkpt>
      <trkpt lon="-123.277739" lat="44.568653"><ele>78.209923</ele><time>2020-10-25T04:41:34Z</time><extensions><speed>0.000068</speed><course>-1.000000</course><hAcc>1.282639</hAcc><vAcc>0.890798</vAcc></extensions></trkpt>
      <trkpt lon="-123.277739" lat="44.568653"><ele>78.207535</ele><time>2020-10-25T04:41:35Z</time><extensions><speed>0.000068</speed><course>-1.000000</course><hAcc>1.282639</hAcc><vAcc>0.890798</vAcc></extensions></trkpt>
      <trkpt lon="-123.277739" lat="44.568653"><ele>78.202187</ele><time>2020-10-25T04:41:36Z</time><extensions><speed>0.000194</speed><course>-1.000000</course><hAcc>1.282639</hAcc><vAcc>0.890798</vAcc></extensions></trkpt>
      <trkpt lon="-123.277739" lat="44.568653"><ele>78.194122</ele><time>2020-10-25T04:41:37Z</time><extensions><speed>0.000304</speed><course>-1.000000</course><hAcc>1.282639</hAcc><vAcc>0.890798</vAcc></extensions></trkpt>
      <trkpt lon="-123.277739" lat="44.568653"><ele>78.183693</ele><time>2020-10-25T04:41:38Z</time><extensions><speed>0.000395</speed><course>-1.000000</course><hAcc>1.282639</hAcc><vAcc>0.890798</vAcc></extensions></trkpt>
      <trkpt lon="-123.277739" lat="44.568653"><ele>78.171341</ele><time>2020-10-25T04:41:39Z</time><extensions><speed>0.000463</speed><course>-1.000000</course><hAcc>1.282639</hAcc><vAcc>0.890798</vAcc></extensions></trkpt>
      <trkpt lon="-123.277739" lat="44.568653"><ele>78.157562</ele><time>2020-10-25T04:41:40Z</time><extensions><speed>0.000507</speed><course>-1.000000</course><hAcc>1.282639</hAcc><vAcc>0.890798</vAcc></extensions></trkpt>
      <trkpt lon="-123.277739" lat="44.568653"><ele>78.142868</ele><time>2020-10-25T04:41:41Z</time><extensions><speed>0.000531</speed><course>-1.000000</course><hAcc>1.282639</hAcc><vAcc>0.890798</vAcc></extensions></trkpt>
      <trkpt lon="-123.277739" lat="44.568653"><ele>78.127731</ele><time>2020-10-25T04:41:42Z</time><extensions><speed>0.000536</speed><course>-1.000000</course><hAcc>1.282639</hAcc><vAcc>0.890798</vAcc></extensions></trkpt>
      <trkpt lon="-123.277739" lat="44.568653"><ele>78.112602</ele><time>2020-10-25T04:41:43Z</time><extensions><speed>0.000526</speed><course>-1.000000</course><hAcc>1.282639</hAcc><vAcc>0.890798</vAcc></extensions></trkpt>
      <trkpt lon="-123.277739" lat="44.568653"><ele>78.097900</ele><time>2020-10-25T04:41:44Z</time><extensions><speed>0.000502</speed><course>-1.000000</course><hAcc>1.282639</hAcc><vAcc>0.890798</vAcc></extensions></trkpt>
      <trkpt lon="-123.277739" lat="44.568653"><ele>78.084038</ele><time>2020-10-25T04:41:45Z</time><extensions><speed>0.000464</speed><course>-1.000000</course><hAcc>1.282639</hAcc><vAcc>0.890798</vAcc></extensions></trkpt>
      <trkpt lon="-123.277739" lat="44.568653"><ele>78.071396</ele><time>2020-10-25T04:41:46Z</time><extensions><speed>0.000413</speed><course>-1.000000</course><hAcc>1.282639</hAcc><vAcc>0.890798</vAcc></extensions></trkpt>
      <trkpt lon="-123.277739" lat="44.568653"><ele>78.060356</ele><time>2020-10-25T04:41:47Z</time><extensions><speed>0.000350</speed><course>-1.000000</course><hAcc>1.282639</hAcc><vAcc>0.890798</vAcc></extensions></trkpt>
      <trkpt lon="-123.277739" lat="44.568653"><ele>78.051254</ele><time>2020-10-25T04:41:48Z</time><extensions><speed>0.000274</speed><course>-1.000000</course><hAcc>1.282639</hAcc><vAcc>0.890798</vAcc></extensions></trkpt>
      <trkpt lon="-123.277739" lat="44.568653"><ele>78.044418</ele><time>2020-10-25T04:41:49Z</time><extensions><speed>0.000187</speed><course>-1.000000</course><hAcc>1.282639</hAcc><vAcc>0.890798</vAcc></extensions></trkpt>
      <trkpt lon="-123.277739" lat="44.568653"><ele>78.040092</ele><time>2020-10-25T04:41:50Z</time><extensions><speed>0.000094</speed><course>-1.000000</course><hAcc>1.282639</hAcc><vAcc>0.890798</vAcc></extensions></trkpt>
      <trkpt lon="-123.277739" lat="44.568653"><ele>78.038383</ele><time>2020-10-25T04:41:51Z</time><extensions><speed>0.000005</speed><course>-1.000000</course><hAcc>1.282639</hAcc><vAcc>0.890798</vAcc></extensions></trkpt>
      <trkpt lon="-123.277739" lat="44.568653"><ele>78.039284</ele><time>2020-10-25T04:41:52Z</time><extensions><speed>0.000080</speed><course>-1.000000</course><hAcc>1.282639</hAcc><vAcc>0.890798</vAcc></extensions></trkpt>
      <trkpt lon="-123.277739" lat="44.568653"><ele>78.042633</ele><time>2020-10-25T04:41:53Z</time><extensions><speed>0.000149</speed><course>-1.000000</course><hAcc>1.282639</hAcc><vAcc>0.890798</vAcc></extensions></trkpt>
      <trkpt lon="-123.277739" lat="44.568653"><ele>78.048172</ele><time>2020-10-25T04:41:54Z</time><extensions><speed>0.000199</speed><course>-1.000000</course><hAcc>1.282639</hAcc><vAcc>0.890798</vAcc></extensions></trkpt>
      <trkpt lon="-123.277739" lat="44.568653"><ele>78.055565</ele><time>2020-10-25T04:41:55Z</time><extensions><speed>0.000229</speed><course>-1.000000</course><hAcc>1.282639</hAcc><vAcc>0.890798</vAcc></extensions></trkpt>
      <trkpt lon="-123.277739" lat="44.568653"><ele>78.064468</ele><time>2020-10-25T04:41:56Z</time><extensions><speed>0.000243</speed><course>-1.000000</course><hAcc>1.282639</hAcc><vAcc>0.890798</vAcc></extensions></trkpt>
      <trkpt lon="-123.277739" lat="44.568653"><ele>78.074631</ele><time>2020-10-25T04:41:57Z</time><extensions><speed>0.000248</speed><course>-1.000000</course><hAcc>1.282639</hAcc><vAcc>0.890798</vAcc></extensions></trkpt>
      <trkpt lon="-123.277739" lat="44.568653"><ele>78.085861</ele><time>2020-10-25T04:41:58Z</time><extensions><speed>0.000252</speed><course>-1.000000</course><hAcc>1.282639</hAcc><vAcc>0.890798</vAcc></extensions></trkpt>
      <trkpt lon="-123.277739" lat="44.568653"><ele>78.098091</ele><time>2020-10-25T04:41:59Z</time><extensions><speed>0.000263</speed><course>-1.000000</course><hAcc>1.282639</hAcc><vAcc>0.890798</vAcc></extensions></trkpt>
      <trkpt lon="-123.277739" lat="44.568653"><ele>78.111320</ele><time>2020-10-25T04:42:00Z</time><extensions><speed>0.000283</speed><course>-1.000000</course><hAcc>1.282639</hAcc><vAcc>0.890798</vAcc></extensions></trkpt>
      <trkpt lon="-123.277739" lat="44.568653"><ele>78.125580</ele><time>2020-10-25T04:42:01Z</time><extensions><speed>0.000313</speed><course>-1.000000</course><hAcc>1.282639</hAcc><vAcc>0.890798</vAcc></extensions></trkpt>
      <trkpt lon="-123.277739" lat="44.568653"><ele>78.140823</ele><time>2020-10-25T04:42:02Z</time><extensions><speed>0.000349</speed><course>-1.000000</course><hAcc>1.282639</hAcc><vAcc>0.890798</vAcc></extensions></trkpt>
      <trkpt lon="-123.277739" lat="44.568653"><ele>78.156960</ele><time>2020-10-25T04:42:03Z</time><extensions><speed>0.000384</speed><course>-1.000000</course><hAcc>1.282639</hAcc><vAcc>0.890798</vAcc></extensions></trkpt>
      <trkpt lon="-123.277739" lat="44.568653"><ele>78.173714</ele><time>2020-10-25T04:42:04Z</time><extensions><speed>0.000407</speed><course>-1.000000</course><hAcc>1.282639</hAcc><vAcc>0.890798</vAcc></extensions></trkpt>
      <trkpt lon="-123.277739" lat="44.568653"><ele>78.190674</ele><time>2020-10-25T04:42:05Z</time><extensions><speed>0.000408</speed><course>-1.000000</course><hAcc>1.282639</hAcc><vAcc>0.890798</vAcc></extensions></trkpt>
      <trkpt lon="-123.277739" lat="44.568653"><ele>78.207275</ele><time>2020-10-25T04:42:06Z</time><extensions><speed>0.000378</speed><course>-1.000000</course><hAcc>1.282639</hAcc><vAcc>0.890798</vAcc></extensions></trkpt>
      <trkpt lon="-123.277739" lat="44.568653"><ele>78.222893</ele><time>2020-10-25T04:42:07Z</time><extensions><speed>0.000316</speed><course>-1.000000</course><hAcc>1.282639</hAcc><vAcc>0.890798</vAcc></extensions></trkpt>
      <trkpt lon="-123.277739" lat="44.568653"><ele>78.236893</ele><time>2020-10-25T04:42:08Z</time><extensions><speed>0.000223</speed><course>-1.000000</course><hAcc>1.282639</hAcc><vAcc>0.890798</vAcc></extensions></trkpt>
      <trkpt lon="-123.277739" lat="44.568653"><ele>78.248749</ele><time>2020-10-25T04:42:09Z</time><extensions><speed>0.000107</speed><course>-1.000000</course><hAcc>1.282639</hAcc><vAcc>0.890798</vAcc></extensions></trkpt>
      <trkpt lon="-123.277739" lat="44.568653"><ele>78.258141</ele><time>2020-10-25T04:42:10Z</time><extensions><speed>0.000019</speed><course>-1.000000</course><hAcc>1.282639</hAcc><vAcc>0.890798</vAcc></extensions></trkpt>
      <trkpt lon="-123.277739" lat="44.568653"><ele>78.264969</ele><time>2020-10-25T04:42:11Z</time><extensions><speed>0.000139</speed><course>-1.000000</course><hAcc>1.282639</hAcc><vAcc>0.890798</vAcc></extensions></trkpt>
      <trkpt lon="-123.277739" lat="44.568653"><ele>78.269379</ele><time>2020-10-25T04:42:12Z</time><extensions><speed>0.000242</speed><course>-1.000000</course><hAcc>1.282639</hAcc><vAcc>0.890798</vAcc></extensions></trkpt>
      <trkpt lon="-123.277739" lat="44.568653"><ele>78.271698</ele><time>2020-10-25T04:42:13Z</time><extensions><speed>0.000320</speed><course>-1.000000</course><hAcc>1.282639</hAcc><vAcc>0.890798</vAcc></extensions></trkpt>
      <trkpt lon="-123.277739" lat="44.568653"><ele>78.272392</ele><time>2020-10-25T04:42:14Z</time><extensions><speed>0.000365</speed><course>-1.000000</course><hAcc>1.282639</hAcc><vAcc>0.890798</vAcc></extensions></trkpt>
      <trkpt lon="-123.277739" lat="44.568653"><ele>78.272026</ele><time>2020-10-25T04:42:15Z</time><extensions><speed>0.000376</speed><course>-1.000000</course><hAcc>1.282639</hAcc><vAcc>0.890798</vAcc></extensions></trkpt>
      <trkpt lon="-123.277739" lat="44.568653"><ele>78.271149</ele><time>2020-10-25T04:42:16Z</time><extensions><speed>0.000357</speed><course>-1.000000</course><hAcc>1.282639</hAcc><vAcc>0.890798</vAcc></extensions></trkpt>
      <trkpt lon="-123.277739" lat="44.568653"><ele>78.270210</ele><time>2020-10-25T04:42:17Z</time><extensions><speed>0.000316</speed><course>-1.000000</course><hAcc>1.282639</hAcc><vAcc>0.890798</vAcc></extensions></trkpt>
      <trkpt lon="-123.277739" lat="44.568653"><ele>78.269569</ele><time>2020-10-25T04:42:18Z</time><extensions><speed>0.000261</speed><course>-1.000000</course><hAcc>1.282639</hAcc><vAcc>0.890798</vAcc></extensions></trkpt>
      <trkpt lon="-123.277739" lat="44.568653"><ele>78.269463</ele><time>2020-10-25T04:42:19Z</time><extensions><speed>0.000199</speed><course>-1.000000</course><hAcc>1.282639</hAcc><vAcc>0.890798</vAcc></extensions></trkpt>
      <trkpt lon="-123.277739" lat="44.568653"><ele>78.269981</ele><time>2020-10-25T04:42:20Z</time><extensions><speed>0.000138</speed><course>-1.000000</course><hAcc>1.282639</hAcc><vAcc>0.890798</vAcc></extensions></trkpt>
      <trkpt lon="-123.277739" lat="44.568653"><ele>78.271133</ele><time>2020-10-25T04:42:21Z</time><extensions><speed>0.000085</speed><course>-1.000000</course><hAcc>1.282639</hAcc><vAcc>0.890798</vAcc></extensions></trkpt>
      <trkpt lon="-123.277739" lat="44.568653"><ele>78.272827</ele><time>2020-10-25T04:42:22Z</time><extensions><speed>0.000042</speed><course>-1.000000</course><hAcc>1.282639</hAcc><vAcc>0.890798</vAcc></extensions></trkpt>
      <trkpt lon="-123.277739" lat="44.568653"><ele>78.274933</ele><time>2020-10-25T04:42:23Z</time><extensions><speed>0.000012</speed><course>-1.000000</course><hAcc>1.282639</hAcc><vAcc>0.890798</vAcc></extensions></trkpt>
      <trkpt lon="-123.277739" lat="44.568653"><ele>78.277328</ele><time>2020-10-25T04:42:24Z</time><extensions><speed>0.000011</speed><course>-1.000000</course><hAcc>1.282639</hAcc><vAcc>0.890798</vAcc></extensions></trkpt>
      <trkpt lon="-123.277739" lat="44.568653"><ele>78.279892</ele><time>2020-10-25T04:42:25Z</time><extensions><speed>0.000022</speed><course>-1.000000</course><hAcc>1.282639</hAcc><vAcc>0.890798</vAcc></extensions></trkpt>
      <trkpt lon="-123.277739" lat="44.568653"><ele>78.282524</ele><time>2020-10-25T04:42:26Z</time><extensions><speed>0.000025</speed><course>-1.000000</course><hAcc>1.282639</hAcc><vAcc>0.890798</vAcc></extensions></trkpt>
      <trkpt lon="-123.277739" lat="44.568653"><ele>78.285118</ele><time>2020-10-25T04:42:27Z</time><extensions><speed>0.000021</speed><course>-1.000000</course><hAcc>1.282639</hAcc><vAcc>0.890798</vAcc></extensions></trkpt>
      <trkpt lon="-123.277739" lat="44.568653"><ele>78.287575</ele><time>2020-10-25T04:42:28Z</time><extensions><speed>0.000012</speed><course>-1.000000</course><hAcc>1.282639</hAcc><vAcc>0.890798</vAcc></extensions></trkpt>
      <trkpt lon="-123.277739" lat="44.568653"><ele>78.289864</ele><time>2020-10-25T04:42:29Z</time><extensions><speed>0.000001</speed><course>-1.000000</course><hAcc>1.282639</hAcc><vAcc>0.890798</vAcc></extensions></trkpt>
      <trkpt lon="-123.277739" lat="44.568653"><ele>78.291962</ele><time>2020-10-25T04:42:30Z</time><extensions><speed>0.000011</speed><course>-1.000000</course><hAcc>1.282639</hAcc><vAcc>0.890798</vAcc></extensions></trkpt>
      <trkpt lon="-123.277739" lat="44.568653"><ele>78.293930</ele><time>2020-10-25T04:42:31Z</time><extensions><speed>0.000017</speed><course>-1.000000</course><hAcc>1.282639</hAcc><vAcc>0.890798</vAcc></extensions></trkpt>
      <trkpt lon="-123.277739" lat="44.568653"><ele>78.295830</ele><time>2020-10-25T04:42:32Z</time><extensions><speed>0.000017</speed><course>-1.000000</course><hAcc>1.282639</hAcc><vAcc>0.890798</vAcc></extensions></trkpt>
      <trkpt lon="-123.277739" lat="44.568653"><ele>78.297768</ele><time>2020-10-25T04:42:33Z</time><extensions><speed>0.000009</speed><course>-1.000000</course><hAcc>1.282639</hAcc><vAcc>0.890798</vAcc></extensions></trkpt>
      <trkpt lon="-123.277739" lat="44.568653"><ele>78.299858</ele><time>2020-10-25T04:42:34Z</time><extensions><speed>0.000008</speed><course>-1.000000</course><hAcc>1.282639</hAcc><vAcc>0.890798</vAcc></extensions></trkpt>
      <trkpt lon="-123.277739" lat="44.568653"><ele>78.302200</ele><time>2020-10-25T04:42:35Z</time><extensions><speed>0.000034</speed><course>-1.000000</course><hAcc>1.282639</hAcc><vAcc>0.890798</vAcc></extensions></trkpt>
      <trkpt lon="-123.277739" lat="44.568653"><ele>78.304886</ele><time>2020-10-25T04:42:36Z</time><extensions><speed>0.000066</speed><course>-1.000000</course><hAcc>1.282639</hAcc><vAcc>0.890798</vAcc></extensions></trkpt>
      <trkpt lon="-123.277739" lat="44.568653"><ele>78.307968</ele><time>2020-10-25T04:42:37Z</time><extensions><speed>0.000103</speed><course>-1.000000</course><hAcc>1.282639</hAcc><vAcc>0.890798</vAcc></extensions></trkpt>
      <trkpt lon="-123.277739" lat="44.568653"><ele>78.311455</ele><time>2020-10-25T04:42:38Z</time><extensions><speed>0.000142</speed><course>-1.000000</course><hAcc>1.282639</hAcc><vAcc>0.890798</vAcc></extensions></trkpt>
      <trkpt lon="-123.277739" lat="44.568653"><ele>78.315277</ele><time>2020-10-25T04:42:39Z</time><extensions><speed>0.000177</speed><course>-1.000000</course><hAcc>1.282639</hAcc><vAcc>0.890798</vAcc></extensions></trkpt>
      <trkpt lon="-123.277739" lat="44.568653"><ele>78.319275</ele><time>2020-10-25T04:42:40Z</time><extensions><speed>0.000204</speed><course>-1.000000</course><hAcc>1.282639</hAcc><vAcc>0.890798</vAcc></extensions></trkpt>
      <trkpt lon="-123.277739" lat="44.568653"><ele>78.323219</ele><time>2020-10-25T04:42:41Z</time><extensions><speed>0.000216</speed><course>-1.000000</course><hAcc>1.282639</hAcc><vAcc>0.890798</vAcc></extensions></trkpt>
      <trkpt lon="-123.277739" lat="44.568653"><ele>78.326820</ele><time>2020-10-25T04:42:42Z</time><extensions><speed>0.000214</speed><course>-1.000000</course><hAcc>1.282639</hAcc><vAcc>0.890798</vAcc></extensions></trkpt>
      <trkpt lon="-123.277739" lat="44.568653"><ele>78.329781</ele><time>2020-10-25T04:42:43Z</time><extensions><speed>0.000195</speed><course>-1.000000</course><hAcc>1.282639</hAcc><vAcc>0.890798</vAcc></extensions></trkpt>
      <trkpt lon="-123.277739" lat="44.568653"><ele>78.331825</ele><time>2020-10-25T04:42:44Z</time><extensions><speed>0.000163</speed><course>-1.000000</course><hAcc>1.282639</hAcc><vAcc>0.890798</vAcc></extensions></trkpt>
      <trkpt lon="-123.277739" lat="44.568653"><ele>78.332733</ele><time>2020-10-25T04:42:45Z</time><extensions><speed>0.000122</speed><course>-1.000000</course><hAcc>1.282639</hAcc><vAcc>0.890798</vAcc></extensions></trkpt>
      <trkpt lon="-123.277739" lat="44.568653"><ele>78.332336</ele><time>2020-10-25T04:42:46Z</time><extensions><speed>0.000075</speed><course>-1.000000</course><hAcc>1.282639</hAcc><vAcc>0.890798</vAcc></extensions></trkpt>
      <trkpt lon="-123.277739" lat="44.568653"><ele>78.330559</ele><time>2020-10-25T04:42:47Z</time><extensions><speed>0.000026</speed><course>-1.000000</course><hAcc>1.282639</hAcc><vAcc>0.890798</vAcc></extensions></trkpt>
      <trkpt lon="-123.277739" lat="44.568653"><ele>78.327385</ele><time>2020-10-25T04:42:48Z</time><extensions><speed>0.000022</speed><course>-1.000000</course><hAcc>1.282639</hAcc><vAcc>0.890798</vAcc></extensions></trkpt>
      <trkpt lon="-123.277739" lat="44.568653"><ele>78.322876</ele><time>2020-10-25T04:42:49Z</time><extensions><speed>0.000064</speed><course>-1.000000</course><hAcc>1.282639</hAcc><vAcc>0.890798</vAcc></extensions></trkpt>
      <trkpt lon="-123.277739" lat="44.568653"><ele>78.317108</ele><time>2020-10-25T04:42:50Z</time><extensions><speed>0.000102</speed><course>-1.000000</course><hAcc>1.282639</hAcc><vAcc>0.890798</vAcc></extensions></trkpt>
      <trkpt lon="-123.277739" lat="44.568653"><ele>78.310211</ele><time>2020-10-25T04:42:51Z</time><extensions><speed>0.000133</speed><course>-1.000000</course><hAcc>1.282639</hAcc><vAcc>0.890798</vAcc></extensions></trkpt>
      <trkpt lon="-123.277739" lat="44.568653"><ele>78.302330</ele><time>2020-10-25T04:42:52Z</time><extensions><speed>0.000155</speed><course>-1.000000</course><hAcc>1.282639</hAcc><vAcc>0.890798</vAcc></extensions></trkpt>
      <trkpt lon="-123.277739" lat="44.568653"><ele>78.293678</ele><time>2020-10-25T04:42:53Z</time><extensions><speed>0.000168</speed><course>-1.000000</course><hAcc>1.282639</hAcc><vAcc>0.890798</vAcc></extensions></trkpt>
      <trkpt lon="-123.277739" lat="44.568653"><ele>78.284416</ele><time>2020-10-25T04:42:54Z</time><extensions><speed>0.000173</speed><course>-1.000000</course><hAcc>1.282639</hAcc><vAcc>0.890798</vAcc></extensions></trkpt>
      <trkpt lon="-123.277739" lat="44.568653"><ele>78.274719</ele><time>2020-10-25T04:42:55Z</time><extensions><speed>0.000173</speed><course>-1.000000</course><hAcc>1.282639</hAcc><vAcc>0.890798</vAcc></extensions></trkpt>
      <trkpt lon="-123.277739" lat="44.568653"><ele>78.264717</ele><time>2020-10-25T04:42:56Z</time><extensions><speed>0.000169</speed><course>-1.000000</course><hAcc>1.282639</hAcc><vAcc>0.890799</vAcc></extensions></trkpt>
      <trkpt lon="-123.277739" lat="44.568653"><ele>78.254562</ele><time>2020-10-25T04:42:57Z</time><extensions><speed>0.000159</speed><course>-1.000000</course><hAcc>1.282639</hAcc><vAcc>0.890799</vAcc></extensions></trkpt>
      <trkpt lon="-123.277739" lat="44.568653"><ele>78.244408</ele><time>2020-10-25T04:42:58Z</time><extensions><speed>0.000143</speed><course>-1.000000</course><hAcc>1.282639</hAcc><vAcc>0.890799</vAcc></extensions></trkpt>
      <trkpt lon="-123.277739" lat="44.568653"><ele>78.234383</ele><time>2020-10-25T04:42:59Z</time><extensions><speed>0.000125</speed><course>-1.000000</course><hAcc>1.282640</hAcc><vAcc>0.890799</vAcc></extensions></trkpt>
      <trkpt lon="-123.277739" lat="44.568653"><ele>78.224586</ele><time>2020-10-25T04:43:00Z</time><extensions><speed>0.000105</speed><course>-1.000000</course><hAcc>1.282640</hAcc><vAcc>0.890799</vAcc></extensions></trkpt>
      <trkpt lon="-123.277739" lat="44.568653"><ele>78.215103</ele><time>2020-10-25T04:43:01Z</time><extensions><speed>0.000084</speed><course>-1.000000</course><hAcc>1.282640</hAcc><vAcc>0.890799</vAcc></extensions></trkpt>
      <trkpt lon="-123.277739" lat="44.568653"><ele>78.205994</ele><time>2020-10-25T04:43:02Z</time><extensions><speed>0.000063</speed><course>-1.000000</course><hAcc>1.282640</hAcc><vAcc>0.890799</vAcc></extensions></trkpt>
      <trkpt lon="-123.277739" lat="44.568653"><ele>78.197296</ele><time>2020-10-25T04:43:03Z</time><extensions><speed>0.000043</speed><course>-1.000000</course><hAcc>1.282641</hAcc><vAcc>0.890799</vAcc></extensions></trkpt>
      <trkpt lon="-123.277739" lat="44.568653"><ele>78.189026</ele><time>2020-10-25T04:43:04Z</time><extensions><speed>0.000025</speed><course>-1.000000</course><hAcc>1.282641</hAcc><vAcc>0.890800</vAcc></extensions></trkpt>
      <trkpt lon="-123.277739" lat="44.568653"><ele>78.181175</ele><time>2020-10-25T04:43:05Z</time><extensions><speed>0.000009</speed><course>-1.000000</course><hAcc>1.282642</hAcc><vAcc>0.890800</vAcc></extensions></trkpt>
      <trkpt lon="-123.277739" lat="44.568653"><ele>78.173752</ele><time>2020-10-25T04:43:06Z</time><extensions><speed>0.000006</speed><course>-1.000000</course><hAcc>1.282642</hAcc><vAcc>0.890801</vAcc></extensions></trkpt>
      <trkpt lon="-123.277739" lat="44.568653"><ele>78.166740</ele><time>2020-10-25T04:43:07Z</time><extensions><speed>0.000019</speed><course>-1.000000</course><hAcc>1.282643</hAcc><vAcc>0.890801</vAcc></extensions></trkpt>
      <trkpt lon="-123.277739" lat="44.568653"><ele>78.160133</ele><time>2020-10-25T04:43:08Z</time><extensions><speed>0.000032</speed><course>-1.000000</course><hAcc>1.282644</hAcc><vAcc>0.890802</vAcc></extensions></trkpt>
      <trkpt lon="-123.277739" lat="44.568653"><ele>78.153923</ele><time>2020-10-25T04:43:09Z</time><extensions><speed>0.000043</speed><course>-1.000000</course><hAcc>1.282645</hAcc><vAcc>0.890803</vAcc></extensions></trkpt>
      <trkpt lon="-123.277739" lat="44.568653"><ele>78.148071</ele><time>2020-10-25T04:43:10Z</time><extensions><speed>0.000053</speed><course>-1.000000</course><hAcc>1.282647</hAcc><vAcc>0.890804</vAcc></extensions></trkpt>
      <trkpt lon="-123.277739" lat="44.568653"><ele>78.142555</ele><time>2020-10-25T04:43:11Z</time><extensions><speed>0.000064</speed><course>-1.000000</course><hAcc>1.282649</hAcc><vAcc>0.890805</vAcc></extensions></trkpt>
      <trkpt lon="-123.277739" lat="44.568653"><ele>78.137344</ele><time>2020-10-25T04:43:12Z</time><extensions><speed>0.000073</speed><course>-1.000000</course><hAcc>1.282652</hAcc><vAcc>0.890807</vAcc></extensions></trkpt>
      <trkpt lon="-123.277739" lat="44.568653"><ele>78.132378</ele><time>2020-10-25T04:43:13Z</time><extensions><speed>0.000080</speed><course>-1.000000</course><hAcc>1.282655</hAcc><vAcc>0.890810</vAcc></extensions></trkpt>
      <trkpt lon="-123.277739" lat="44.568653"><ele>78.127579</ele><time>2020-10-25T04:43:14Z</time><extensions><speed>0.000085</speed><course>-1.000000</course><hAcc>1.282660</hAcc><vAcc>0.890813</vAcc></extensions></trkpt>
      <trkpt lon="-123.277739" lat="44.568653"><ele>78.122894</ele><time>2020-10-25T04:43:15Z</time><extensions><speed>0.000089</speed><course>-1.000000</course><hAcc>1.282665</hAcc><vAcc>0.890816</vAcc></extensions></trkpt>
      <trkpt lon="-123.277739" lat="44.568653"><ele>78.118279</ele><time>2020-10-25T04:43:16Z</time><extensions><speed>0.000096</speed><course>-1.000000</course><hAcc>1.282672</hAcc><vAcc>0.890821</vAcc></extensions></trkpt>
      <trkpt lon="-123.277739" lat="44.568653"><ele>78.113747</ele><time>2020-10-25T04:43:17Z</time><extensions><speed>0.000107</speed><course>-1.000000</course><hAcc>1.282680</hAcc><vAcc>0.890827</vAcc></extensions></trkpt>
      <trkpt lon="-123.277739" lat="44.568653"><ele>78.109322</ele><time>2020-10-25T04:43:18Z</time><extensions><speed>0.000123</speed><course>-1.000000</course><hAcc>1.282691</hAcc><vAcc>0.890835</vAcc></extensions></trkpt>
      <trkpt lon="-123.277739" lat="44.568653"><ele>78.105026</ele><time>2020-10-25T04:43:19Z</time><extensions><speed>0.000144</speed><course>-1.000000</course><hAcc>1.282704</hAcc><vAcc>0.890844</vAcc></extensions></trkpt>
      <trkpt lon="-123.277739" lat="44.568653"><ele>78.100876</ele><time>2020-10-25T04:43:20Z</time><extensions><speed>0.000168</speed><course>-1.000000</course><hAcc>1.282704</hAcc><vAcc>0.890844</vAcc></extensions></trkpt>
      <trkpt lon="-123.277739" lat="44.568653"><ele>78.096863</ele><time>2020-10-25T04:43:21Z</time><extensions><speed>0.000194</speed><course>-1.000000</course><hAcc>1.282691</hAcc><vAcc>0.890835</vAcc></extensions></trkpt>
      <trkpt lon="-123.277739" lat="44.568653"><ele>78.092934</ele><time>2020-10-25T04:43:22Z</time><extensions><speed>0.000217</speed><course>-1.000000</course><hAcc>1.282680</hAcc><vAcc>0.890827</vAcc></extensions></trkpt>
      <trkpt lon="-123.277739" lat="44.568653"><ele>78.088982</ele><time>2020-10-25T04:43:23Z</time><extensions><speed>0.000236</speed><course>-1.000000</course><hAcc>1.282672</hAcc><vAcc>0.890821</vAcc></extensions></trkpt>
      <trkpt lon="-123.277739" lat="44.568653"><ele>78.084892</ele><time>2020-10-25T04:43:24Z</time><extensions><speed>0.000249</speed><course>-1.000000</course><hAcc>1.282665</hAcc><vAcc>0.890816</vAcc></extensions></trkpt>
      <trkpt lon="-123.277739" lat="44.568653"><ele>78.080505</ele><time>2020-10-25T04:43:25Z</time><extensions><speed>0.000250</speed><course>-1.000000</course><hAcc>1.282660</hAcc><vAcc>0.890813</vAcc></extensions></trkpt>
      <trkpt lon="-123.277739" lat="44.568653"><ele>78.075607</ele><time>2020-10-25T04:43:26Z</time><extensions><speed>0.000237</speed><course>-1.000000</course><hAcc>1.282655</hAcc><vAcc>0.890810</vAcc></extensions></trkpt>
      <trkpt lon="-123.277739" lat="44.568653"><ele>78.069946</ele><time>2020-10-25T04:43:27Z</time><extensions><speed>0.000206</speed><course>-1.000000</course><hAcc>1.282652</hAcc><vAcc>0.890807</vAcc></extensions></trkpt>
      <trkpt lon="-123.277739" lat="44.568653"><ele>78.063248</ele><time>2020-10-25T04:43:28Z</time><extensions><speed>0.000156</speed><course>-1.000000</course><hAcc>1.282649</hAcc><vAcc>0.890805</vAcc></extensions></trkpt>
      <trkpt lon="-123.277739" lat="44.568653"><ele>78.055275</ele><time>2020-10-25T04:43:29Z</time><extensions><speed>0.000087</speed><course>-1.000000</course><hAcc>1.282647</hAcc><vAcc>0.890804</vAcc></extensions></trkpt>
      <trkpt lon="-123.277739" lat="44.568653"><ele>78.045815</ele><time>2020-10-25T04:43:30Z</time><extensions><speed>0.000008</speed><course>-1.000000</course><hAcc>1.282645</hAcc><vAcc>0.890803</vAcc></extensions></trkpt>
      <trkpt lon="-123.277739" lat="44.568653"><ele>78.034752</ele><time>2020-10-25T04:43:31Z</time><extensions><speed>0.000092</speed><course>-1.000000</course><hAcc>1.282644</hAcc><vAcc>0.890802</vAcc></extensions></trkpt>
      <trkpt lon="-123.277739" lat="44.568653"><ele>78.022064</ele><time>2020-10-25T04:43:32Z</time><extensions><speed>0.000193</speed><course>-1.000000</course><hAcc>1.282643</hAcc><vAcc>0.890801</vAcc></extensions></trkpt>
      <trkpt lon="-123.277739" lat="44.568653"><ele>78.007843</ele><time>2020-10-25T04:43:33Z</time><extensions><speed>0.000295</speed><course>-1.000000</course><hAcc>1.282642</hAcc><vAcc>0.890801</vAcc></extensions></trkpt>
      <trkpt lon="-123.277739" lat="44.568653"><ele>77.992249</ele><time>2020-10-25T04:43:34Z</time><extensions><speed>0.000394</speed><course>-1.000000</course><hAcc>1.282642</hAcc><vAcc>0.890800</vAcc></extensions></trkpt>
      <trkpt lon="-123.277739" lat="44.568653"><ele>77.975571</ele><time>2020-10-25T04:43:35Z</time><extensions><speed>0.000484</speed><course>-1.000000</course><hAcc>1.282641</hAcc><vAcc>0.890800</vAcc></extensions></trkpt>
      <trkpt lon="-123.277739" lat="44.568653"><ele>77.958176</ele><time>2020-10-25T04:43:36Z</time><extensions><speed>0.000560</speed><course>-1.000000</course><hAcc>1.282641</hAcc><vAcc>0.890799</vAcc></extensions></trkpt>
      <trkpt lon="-123.277739" lat="44.568653"><ele>77.940552</ele><time>2020-10-25T04:43:37Z</time><extensions><speed>0.000615</speed><course>-1.000000</course><hAcc>1.282640</hAcc><vAcc>0.890799</vAcc></extensions></trkpt>
      <trkpt lon="-123.277739" lat="44.568653"><ele>77.923256</ele><time>2020-10-25T04:43:38Z</time><extensions><speed>0.000647</speed><course>-1.000000</course><hAcc>1.282640</hAcc><vAcc>0.890799</vAcc></extensions></trkpt>
      <trkpt lon="-123.277739" lat="44.568653"><ele>77.906868</ele><time>2020-10-25T04:43:39Z</time><extensions><speed>0.000655</speed><course>-1.000000</course><hAcc>1.282640</hAcc><vAcc>0.890799</vAcc></extensions></trkpt>
      <trkpt lon="-123.277739" lat="44.568653"><ele>77.891968</ele><time>2020-10-25T04:43:40Z</time><extensions><speed>0.000639</speed><course>-1.000000</course><hAcc>1.282640</hAcc><vAcc>0.890799</vAcc></extensions></trkpt>
      <trkpt lon="-123.277739" lat="44.568653"><ele>77.879158</ele><time>2020-10-25T04:43:41Z</time><extensions><speed>0.000595</speed><course>-1.000000</course><hAcc>1.282639</hAcc><vAcc>0.890799</vAcc></extensions></trkpt>
      <trkpt lon="-123.277739" lat="44.568653"><ele>77.869034</ele><time>2020-10-25T04:43:42Z</time><extensions><speed>0.000525</speed><course>-1.000000</course><hAcc>1.282639</hAcc><vAcc>0.890799</vAcc></extensions></trkpt>
      <trkpt lon="-123.277739" lat="44.568653"><ele>77.862114</ele><time>2020-10-25T04:43:43Z</time><extensions><speed>0.000431</speed><course>-1.000000</course><hAcc>1.282639</hAcc><vAcc>0.890799</vAcc></extensions></trkpt>
      <trkpt lon="-123.277739" lat="44.568653"><ele>77.858856</ele><time>2020-10-25T04:43:44Z</time><extensions><speed>0.000317</speed><course>-1.000000</course><hAcc>1.282639</hAcc><vAcc>0.890798</vAcc></extensions></trkpt>
      <trkpt lon="-123.277739" lat="44.568653"><ele>77.859604</ele><time>2020-10-25T04:43:45Z</time><extensions><speed>0.000186</speed><course>-1.000000</course><hAcc>1.282639</hAcc><vAcc>0.890798</vAcc></extensions></trkpt>
      <trkpt lon="-123.277739" lat="44.568653"><ele>77.864616</ele><time>2020-10-25T04:43:46Z</time><extensions><speed>0.000042</speed><course>-1.000000</course><hAcc>1.282639</hAcc><vAcc>0.890798</vAcc></extensions></trkpt>
      <trkpt lon="-123.277739" lat="44.568653"><ele>77.874023</ele><time>2020-10-25T04:43:47Z</time><extensions><speed>0.000108</speed><course>-1.000000</course><hAcc>1.282639</hAcc><vAcc>0.890798</vAcc></extensions></trkpt>
      <trkpt lon="-123.277739" lat="44.568653"><ele>77.887802</ele><time>2020-10-25T04:43:48Z</time><extensions><speed>0.000259</speed><course>-1.000000</course><hAcc>1.282639</hAcc><vAcc>0.890798</vAcc></extensions></trkpt>
      <trkpt lon="-123.277739" lat="44.568653"><ele>77.905769</ele><time>2020-10-25T04:43:49Z</time><extensions><speed>0.000403</speed><course>-1.000000</course><hAcc>1.282639</hAcc><vAcc>0.890798</vAcc></extensions></trkpt>
      <trkpt lon="-123.277739" lat="44.568653"><ele>77.927582</ele><time>2020-10-25T04:43:50Z</time><extensions><speed>0.000531</speed><course>-1.000000</course><hAcc>1.282639</hAcc><vAcc>0.890798</vAcc></extensions></trkpt>
      <trkpt lon="-123.277739" lat="44.568653"><ele>77.952713</ele><time>2020-10-25T04:43:51Z</time><extensions><speed>0.000636</speed><course>-1.000000</course><hAcc>1.282639</hAcc><vAcc>0.890798</vAcc></extensions></trkpt>
      <trkpt lon="-123.277739" lat="44.568653"><ele>77.980522</ele><time>2020-10-25T04:43:52Z</time><extensions><speed>0.000714</speed><course>-1.000000</course><hAcc>1.282639</hAcc><vAcc>0.890798</vAcc></extensions></trkpt>
      <trkpt lon="-123.277739" lat="44.568653"><ele>78.010307</ele><time>2020-10-25T04:43:53Z</time><extensions><speed>0.000764</speed><course>-1.000000</course><hAcc>1.282639</hAcc><vAcc>0.890798</vAcc></extensions></trkpt>
      <trkpt lon="-123.277739" lat="44.568653"><ele>78.041283</ele><time>2020-10-25T04:43:54Z</time><extensions><speed>0.000782</speed><course>-1.000000</course><hAcc>1.282639</hAcc><vAcc>0.890798</vAcc></extensions></trkpt>
      <trkpt lon="-123.277739" lat="44.568653"><ele>78.072639</ele><time>2020-10-25T04:43:55Z</time><extensions><speed>0.000771</speed><course>-1.000000</course><hAcc>1.282639</hAcc><vAcc>0.890798</vAcc></extensions></trkpt>
      <trkpt lon="-123.277739" lat="44.568653"><ele>78.103615</ele><time>2020-10-25T04:43:56Z</time><extensions><speed>0.000731</speed><course>-1.000000</course><hAcc>1.282639</hAcc><vAcc>0.890798</vAcc></extensions></trkpt>
      <trkpt lon="-123.277739" lat="44.568653"><ele>78.133446</ele><time>2020-10-25T04:43:57Z</time><extensions><speed>0.000666</speed><course>-1.000000</course><hAcc>1.282639</hAcc><vAcc>0.890798</vAcc></extensions></trkpt>
      <trkpt lon="-123.277739" lat="44.568653"><ele>78.161446</ele><time>2020-10-25T04:43:58Z</time><extensions><speed>0.000579</speed><course>-1.000000</course><hAcc>1.282639</hAcc><vAcc>0.890798</vAcc></extensions></trkpt>
      <trkpt lon="-123.277739" lat="44.568653"><ele>78.187042</ele><time>2020-10-25T04:43:59Z</time><extensions><speed>0.000477</speed><course>-1.000000</course><hAcc>1.282639</hAcc><vAcc>0.890798</vAcc></extensions></trkpt>
      <trkpt lon="-123.277739" lat="44.568653"><ele>78.209747</ele><time>2020-10-25T04:44:00Z</time><extensions><speed>0.000365</speed><course>-1.000000</course><hAcc>1.282639</hAcc><vAcc>0.890798</vAcc></extensions></trkpt>
      <trkpt lon="-123.277739" lat="44.568653"><ele>78.229202</ele><time>2020-10-25T04:44:01Z</time><extensions><speed>0.000248</speed><course>-1.000000</course><hAcc>1.282639</hAcc><vAcc>0.890798</vAcc></extensions></trkpt>
      <trkpt lon="-123.277739" lat="44.568653"><ele>78.245193</ele><time>2020-10-25T04:44:02Z</time><extensions><speed>0.000134</speed><course>-1.000000</course><hAcc>1.282639</hAcc><vAcc>0.890798</vAcc></extensions></trkpt>
      <trkpt lon="-123.277739" lat="44.568653"><ele>78.257629</ele><time>2020-10-25T04:44:03Z</time><extensions><speed>0.000029</speed><course>-1.000000</course><hAcc>1.282639</hAcc><vAcc>0.890798</vAcc></extensions></trkpt>
      <trkpt lon="-123.277739" lat="44.568653"><ele>78.266556</ele><time>2020-10-25T04:44:04Z</time><extensions><speed>0.000065</speed><course>-1.000000</course><hAcc>1.282639</hAcc><vAcc>0.890798</vAcc></extensions></trkpt>
      <trkpt lon="-123.277739" lat="44.568653"><ele>78.272079</ele><time>2020-10-25T04:44:05Z</time><extensions><speed>0.000145</speed><course>-1.000000</course><hAcc>1.282639</hAcc><vAcc>0.890798</vAcc></extensions></trkpt>
      <trkpt lon="-123.277739" lat="44.568653"><ele>78.274330</ele><time>2020-10-25T04:44:06Z</time><extensions><speed>0.000214</speed><course>-1.000000</course><hAcc>1.282639</hAcc><vAcc>0.890798</vAcc></extensions></trkpt>
      <trkpt lon="-123.277739" lat="44.568653"><ele>78.273491</ele><time>2020-10-25T04:44:07Z</time><extensions><speed>0.000272</speed><course>-1.000000</course><hAcc>1.282639</hAcc><vAcc>0.890798</vAcc></extensions></trkpt>
      <trkpt lon="-123.277739" lat="44.568653"><ele>78.269760</ele><time>2020-10-25T04:44:08Z</time><extensions><speed>0.000319</speed><course>-1.000000</course><hAcc>1.282639</hAcc><vAcc>0.890798</vAcc></extensions></trkpt>
      <trkpt lon="-123.277739" lat="44.568653"><ele>78.263367</ele><time>2020-10-25T04:44:09Z</time><extensions><speed>0.000354</speed><course>-1.000000</course><hAcc>1.282639</hAcc><vAcc>0.890798</vAcc></extensions></trkpt>
      <trkpt lon="-123.277739" lat="44.568653"><ele>78.254608</ele><time>2020-10-25T04:44:10Z</time><extensions><speed>0.000376</speed><course>-1.000000</course><hAcc>1.282639</hAcc><vAcc>0.890798</vAcc></extensions></trkpt>
      <trkpt lon="-123.277739" lat="44.568653"><ele>78.243813</ele><time>2020-10-25T04:44:11Z</time><extensions><speed>0.000386</speed><course>-1.000000</course><hAcc>1.282639</hAcc><vAcc>0.890798</vAcc></extensions></trkpt>
      <trkpt lon="-123.277739" lat="44.568653"><ele>78.231293</ele><time>2020-10-25T04:44:12Z</time><extensions><speed>0.000385</speed><course>-1.000000</course><hAcc>1.282639</hAcc><vAcc>0.890798</vAcc></extensions></trkpt>
      <trkpt lon="-123.277739" lat="44.568653"><ele>78.217392</ele><time>2020-10-25T04:44:13Z</time><extensions><speed>0.000375</speed><course>-1.000000</course><hAcc>1.282639</hAcc><vAcc>0.890798</vAcc></extensions></trkpt>
      <trkpt lon="-123.277739" lat="44.568653"><ele>78.202415</ele><time>2020-10-25T04:44:14Z</time><extensions><speed>0.000356</speed><course>-1.000000</course><hAcc>1.282639</hAcc><vAcc>0.890798</vAcc></extensions></trkpt>
      <trkpt lon="-123.277739" lat="44.568653"><ele>78.186676</ele><time>2020-10-25T04:44:15Z</time><extensions><speed>0.000331</speed><course>-1.000000</course><hAcc>1.282639</hAcc><vAcc>0.890798</vAcc></extensions></trkpt>
      <trkpt lon="-123.277739" lat="44.568653"><ele>78.170502</ele><time>2020-10-25T04:44:16Z</time><extensions><speed>0.000297</speed><course>-1.000000</course><hAcc>1.282639</hAcc><vAcc>0.890798</vAcc></extensions></trkpt>
      <trkpt lon="-123.277739" lat="44.568653"><ele>78.154198</ele><time>2020-10-25T04:44:17Z</time><extensions><speed>0.000257</speed><course>-1.000000</course><hAcc>1.282639</hAcc><vAcc>0.890798</vAcc></extensions></trkpt>
      <trkpt lon="-123.277739" lat="44.568653"><ele>78.138054</ele><time>2020-10-25T04:44:18Z</time><extensions><speed>0.000215</speed><course>-1.000000</course><hAcc>1.282639</hAcc><vAcc>0.890798</vAcc></extensions></trkpt>
      <trkpt lon="-123.277739" lat="44.568653"><ele>78.122276</ele><time>2020-10-25T04:44:19Z</time><extensions><speed>0.000174</speed><course>-1.000000</course><hAcc>1.282639</hAcc><vAcc>0.890798</vAcc></extensions></trkpt>
      <trkpt lon="-123.277739" lat="44.568653"><ele>78.106995</ele><time>2020-10-25T04:44:20Z</time><extensions><speed>0.000140</speed><course>-1.000000</course><hAcc>1.282639</hAcc><vAcc>0.890798</vAcc></extensions></trkpt>
      <trkpt lon="-123.277739" lat="44.568653"><ele>78.092232</ele><time>2020-10-25T04:44:21Z</time><extensions><speed>0.000119</speed><course>-1.000000</course><hAcc>1.282639</hAcc><vAcc>0.890798</vAcc></extensions></trkpt>
      <trkpt lon="-123.277739" lat="44.568653"><ele>78.077950</ele><time>2020-10-25T04:44:22Z</time><extensions><speed>0.000113</speed><course>-1.000000</course><hAcc>1.282639</hAcc><vAcc>0.890798</vAcc></extensions></trkpt>
      <trkpt lon="-123.277739" lat="44.568653"><ele>78.064117</ele><time>2020-10-25T04:44:23Z</time><extensions><speed>0.000119</speed><course>-1.000000</course><hAcc>1.282639</hAcc><vAcc>0.890798</vAcc></extensions></trkpt>
      <trkpt lon="-123.277739" lat="44.568653"><ele>78.050728</ele><time>2020-10-25T04:44:24Z</time><extensions><speed>0.000133</speed><course>-1.000000</course><hAcc>1.282639</hAcc><vAcc>0.890798</vAcc></extensions></trkpt>
      <trkpt lon="-123.277739" lat="44.568653"><ele>78.037842</ele><time>2020-10-25T04:44:25Z</time><extensions><speed>0.000149</speed><course>-1.000000</course><hAcc>1.282639</hAcc><vAcc>0.890798</vAcc></extensions></trkpt>
      <trkpt lon="-123.277739" lat="44.568653"><ele>78.025604</ele><time>2020-10-25T04:44:26Z</time><extensions><speed>0.000162</speed><course>-1.000000</course><hAcc>1.282639</hAcc><vAcc>0.890798</vAcc></extensions></trkpt>
      <trkpt lon="-123.277739" lat="44.568653"><ele>78.014214</ele><time>2020-10-25T04:44:27Z</time><extensions><speed>0.000166</speed><course>-1.000000</course><hAcc>1.282639</hAcc><vAcc>0.890798</vAcc></extensions></trkpt>
      <trkpt lon="-123.277739" lat="44.568653"><ele>78.003937</ele><time>2020-10-25T04:44:28Z</time><extensions><speed>0.000160</speed><course>-1.000000</course><hAcc>1.282639</hAcc><vAcc>0.890798</vAcc></extensions></trkpt>
      <trkpt lon="-123.277739" lat="44.568653"><ele>77.995041</ele><time>2020-10-25T04:44:29Z</time><extensions><speed>0.000139</speed><course>-1.000000</course><hAcc>1.282639</hAcc><vAcc>0.890798</vAcc></extensions></trkpt>
      <trkpt lon="-123.277739" lat="44.568653"><ele>77.987801</ele><time>2020-10-25T04:44:30Z</time><extensions><speed>0.000103</speed><course>-1.000000</course><hAcc>1.282639</hAcc><vAcc>0.890798</vAcc></extensions></trkpt>
      <trkpt lon="-123.277739" lat="44.568653"><ele>77.982498</ele><time>2020-10-25T04:44:31Z</time><extensions><speed>0.000054</speed><course>-1.000000</course><hAcc>1.282639</hAcc><vAcc>0.890798</vAcc></extensions></trkpt>
      <trkpt lon="-123.277739" lat="44.568653"><ele>77.979347</ele><time>2020-10-25T04:44:32Z</time><extensions><speed>0.000010</speed><course>-1.000000</course><hAcc>1.282639</hAcc><vAcc>0.890798</vAcc></extensions></trkpt>
      <trkpt lon="-123.277739" lat="44.568653"><ele>77.978516</ele><time>2020-10-25T04:44:33Z</time><extensions><speed>0.000082</speed><course>-1.000000</course><hAcc>1.282639</hAcc><vAcc>0.890798</vAcc></extensions></trkpt>
      <trkpt lon="-123.277739" lat="44.568653"><ele>77.980095</ele><time>2020-10-25T04:44:34Z</time><extensions><speed>0.000161</speed><course>-1.000000</course><hAcc>1.282639</hAcc><vAcc>0.890798</vAcc></extensions></trkpt>
      <trkpt lon="-123.277739" lat="44.568653"><ele>77.984062</ele><time>2020-10-25T04:44:35Z</time><extensions><speed>0.000239</speed><course>-1.000000</course><hAcc>1.282639</hAcc><vAcc>0.890798</vAcc></extensions></trkpt>
      <trkpt lon="-123.277739" lat="44.568653"><ele>77.990265</ele><time>2020-10-25T04:44:36Z</time><extensions><speed>0.000310</speed><course>-1.000000</course><hAcc>1.282639</hAcc><vAcc>0.890798</vAcc></extensions></trkpt>
      <trkpt lon="-123.277739" lat="44.568653"><ele>77.998421</ele><time>2020-10-25T04:44:37Z</time><extensions><speed>0.000368</speed><course>-1.000000</course><hAcc>1.282639</hAcc><vAcc>0.890798</vAcc></extensions></trkpt>
      <trkpt lon="-123.277739" lat="44.568653"><ele>78.008179</ele><time>2020-10-25T04:44:38Z</time><extensions><speed>0.000408</speed><course>-1.000000</course><hAcc>1.282639</hAcc><vAcc>0.890798</vAcc></extensions></trkpt>
      <trkpt lon="-123.277739" lat="44.568653"><ele>78.019081</ele><time>2020-10-25T04:44:39Z</time><extensions><speed>0.000428</speed><course>-1.000000</course><hAcc>1.282639</hAcc><vAcc>0.890798</vAcc></extensions></trkpt>
      <trkpt lon="-123.277739" lat="44.568653"><ele>78.030663</ele><time>2020-10-25T04:44:40Z</time><extensions><speed>0.000427</speed><course>-1.000000</course><hAcc>1.282639</hAcc><vAcc>0.890798</vAcc></extensions></trkpt>
      <trkpt lon="-123.277739" lat="44.568653"><ele>78.042473</ele><time>2020-10-25T04:44:41Z</time><extensions><speed>0.000410</speed><course>-1.000000</course><hAcc>1.282639</hAcc><vAcc>0.890798</vAcc></extensions></trkpt>
      <trkpt lon="-123.277739" lat="44.568653"><ele>78.054108</ele><time>2020-10-25T04:44:42Z</time><extensions><speed>0.000379</speed><course>-1.000000</course><hAcc>1.282639</hAcc><vAcc>0.890798</vAcc></extensions></trkpt>
      <trkpt lon="-123.277739" lat="44.568653"><ele>78.065239</ele><time>2020-10-25T04:44:43Z</time><extensions><speed>0.000339</speed><course>-1.000000</course><hAcc>1.282639</hAcc><vAcc>0.890798</vAcc></extensions></trkpt>
      <trkpt lon="-123.277739" lat="44.568653"><ele>78.075584</ele><time>2020-10-25T04:44:44Z</time><extensions><speed>0.000292</speed><course>-1.000000</course><hAcc>1.282639</hAcc><vAcc>0.890798</vAcc></extensions></trkpt>
      <trkpt lon="-123.277739" lat="44.568653"><ele>78.084946</ele><time>2020-10-25T04:44:45Z</time><extensions><speed>0.000242</speed><course>-1.000000</course><hAcc>1.282639</hAcc><vAcc>0.890798</vAcc></extensions></trkpt>
      <trkpt lon="-123.277739" lat="44.568653"><ele>78.093163</ele><time>2020-10-25T04:44:46Z</time><extensions><speed>0.000192</speed><course>-1.000000</course><hAcc>1.282639</hAcc><vAcc>0.890798</vAcc></extensions></trkpt>
      <trkpt lon="-123.277739" lat="44.568653"><ele>78.100098</ele><time>2020-10-25T04:44:47Z</time><extensions><speed>0.000138</speed><course>-1.000000</course><hAcc>1.282639</hAcc><vAcc>0.890798</vAcc></extensions></trkpt>
      <trkpt lon="-123.277739" lat="44.568653"><ele>78.105621</ele><time>2020-10-25T04:44:48Z</time><extensions><speed>0.000080</speed><course>-1.000000</course><hAcc>1.282639</hAcc><vAcc>0.890798</vAcc></extensions></trkpt>
      <trkpt lon="-123.277739" lat="44.568653"><ele>78.109634</ele><time>2020-10-25T04:44:49Z</time><extensions><speed>0.000022</speed><course>-1.000000</course><hAcc>1.282639</hAcc><vAcc>0.890798</vAcc></extensions></trkpt>
      <trkpt lon="-123.277739" lat="44.568653"><ele>78.112083</ele><time>2020-10-25T04:44:50Z</time><extensions><speed>0.000036</speed><course>-1.000000</course><hAcc>1.282639</hAcc><vAcc>0.890798</vAcc></extensions></trkpt>
      <trkpt lon="-123.277739" lat="44.568653"><ele>78.112991</ele><time>2020-10-25T04:44:51Z</time><extensions><speed>0.000092</speed><course>-1.000000</course><hAcc>1.282639</hAcc><vAcc>0.890798</vAcc></extensions></trkpt>
      <trkpt lon="-123.277739" lat="44.568653"><ele>78.112404</ele><time>2020-10-25T04:44:52Z</time><extensions><speed>0.000145</speed><course>-1.000000</course><hAcc>1.282639</hAcc><vAcc>0.890798</vAcc></extensions></trkpt>
      <trkpt lon="-123.277739" lat="44.568653"><ele>78.110405</ele><time>2020-10-25T04:44:53Z</time><extensions><speed>0.000193</speed><course>-1.000000</course><hAcc>1.282639</hAcc><vAcc>0.890798</vAcc></extensions></trkpt>
      <trkpt lon="-123.277739" lat="44.568653"><ele>78.107140</ele><time>2020-10-25T04:44:54Z</time><extensions><speed>0.000237</speed><course>-1.000000</course><hAcc>1.282639</hAcc><vAcc>0.890798</vAcc></extensions></trkpt>
      <trkpt lon="-123.277739" lat="44.568653"><ele>78.102745</ele><time>2020-10-25T04:44:55Z</time><extensions><speed>0.000276</speed><course>-1.000000</course><hAcc>1.282639</hAcc><vAcc>0.890798</vAcc></extensions></trkpt>
      <trkpt lon="-123.277739" lat="44.568653"><ele>78.097404</ele><time>2020-10-25T04:44:56Z</time><extensions><speed>0.000309</speed><course>-1.000000</course><hAcc>1.282639</hAcc><vAcc>0.890798</vAcc></extensions></trkpt>
      <trkpt lon="-123.277739" lat="44.568653"><ele>78.091309</ele><time>2020-10-25T04:44:57Z</time><extensions><speed>0.000336</speed><course>-1.000000</course><hAcc>1.282639</hAcc><vAcc>0.890798</vAcc></extensions></trkpt>
      <trkpt lon="-123.277739" lat="44.568653"><ele>78.084694</ele><time>2020-10-25T04:44:58Z</time><extensions><speed>0.000356</speed><course>-1.000000</course><hAcc>1.282639</hAcc><vAcc>0.890798</vAcc></extensions></trkpt>
      <trkpt lon="-123.277739" lat="44.568653"><ele>78.077812</ele><time>2020-10-25T04:44:59Z</time><extensions><speed>0.000366</speed><course>-1.000000</course><hAcc>1.282639</hAcc><vAcc>0.890798</vAcc></extensions></trkpt>
      <trkpt lon="-123.277739" lat="44.568653"><ele>78.070992</ele><time>2020-10-25T04:45:00Z</time><extensions><speed>0.000362</speed><course>-1.000000</course><hAcc>1.282639</hAcc><vAcc>0.890798</vAcc></extensions></trkpt>
      <trkpt lon="-123.277739" lat="44.568653"><ele>78.064606</ele><time>2020-10-25T04:45:01Z</time><extensions><speed>0.000342</speed><course>-1.000000</course><hAcc>1.282639</hAcc><vAcc>0.890798</vAcc></extensions></trkpt>
      <trkpt lon="-123.277739" lat="44.568653"><ele>78.059013</ele><time>2020-10-25T04:45:02Z</time><extensions><speed>0.000306</speed><course>-1.000000</course><hAcc>1.282639</hAcc><vAcc>0.890798</vAcc></extensions></trkpt>
      <trkpt lon="-123.277739" lat="44.568653"><ele>78.054581</ele><time>2020-10-25T04:45:03Z</time><extensions><speed>0.000258</speed><course>-1.000000</course><hAcc>1.282639</hAcc><vAcc>0.890798</vAcc></extensions></trkpt>
      <trkpt lon="-123.277739" lat="44.568653"><ele>78.051559</ele><time>2020-10-25T04:45:04Z</time><extensions><speed>0.000202</speed><course>-1.000000</course><hAcc>1.282639</hAcc><vAcc>0.890798</vAcc></extensions></trkpt>
      <trkpt lon="-123.277739" lat="44.568653"><ele>78.050140</ele><time>2020-10-25T04:45:05Z</time><extensions><speed>0.000144</speed><course>-1.000000</course><hAcc>1.282639</hAcc><vAcc>0.890798</vAcc></extensions></trkpt>
      <trkpt lon="-123.277739" lat="44.568653"><ele>78.050407</ele><time>2020-10-25T04:45:06Z</time><extensions><speed>0.000087</speed><course>-1.000000</course><hAcc>1.282639</hAcc><vAcc>0.890798</vAcc></extensions></trkpt>
      <trkpt lon="-123.277739" lat="44.568653"><ele>78.052368</ele><time>2020-10-25T04:45:07Z</time><extensions><speed>0.000036</speed><course>-1.000000</course><hAcc>1.282639</hAcc><vAcc>0.890798</vAcc></extensions></trkpt>
      <trkpt lon="-123.277739" lat="44.568653"><ele>78.055946</ele><time>2020-10-25T04:45:08Z</time><extensions><speed>0.000008</speed><course>-1.000000</course><hAcc>1.282639</hAcc><vAcc>0.890798</vAcc></extensions></trkpt>
      <trkpt lon="-123.277739" lat="44.568653"><ele>78.061050</ele><time>2020-10-25T04:45:09Z</time><extensions><speed>0.000042</speed><course>-1.000000</course><hAcc>1.282639</hAcc><vAcc>0.890798</vAcc></extensions></trkpt>
      <trkpt lon="-123.277739" lat="44.568653"><ele>78.067581</ele><time>2020-10-25T04:45:10Z</time><extensions><speed>0.000074</speed><course>-1.000000</course><hAcc>1.282639</hAcc><vAcc>0.890798</vAcc></extensions></trkpt>
      <trkpt lon="-123.277739" lat="44.568653"><ele>78.075478</ele><time>2020-10-25T04:45:11Z</time><extensions><speed>0.000103</speed><course>-1.000000</course><hAcc>1.282639</hAcc><vAcc>0.890798</vAcc></extensions></trkpt>
      <trkpt lon="-123.277739" lat="44.568653"><ele>78.084671</ele><time>2020-10-25T04:45:12Z</time><extensions><speed>0.000131</speed><course>-1.000000</course><hAcc>1.282639</hAcc><vAcc>0.890798</vAcc></extensions></trkpt>
      <trkpt lon="-123.277739" lat="44.568653"><ele>78.095078</ele><time>2020-10-25T04:45:13Z</time><extensions><speed>0.000155</speed><course>-1.000000</course><hAcc>1.282639</hAcc><vAcc>0.890798</vAcc></extensions></trkpt>
      <trkpt lon="-123.277739" lat="44.568653"><ele>78.106544</ele><time>2020-10-25T04:45:14Z</time><extensions><speed>0.000174</speed><course>-1.000000</course><hAcc>1.282639</hAcc><vAcc>0.890798</vAcc></extensions></trkpt>
      <trkpt lon="-123.277739" lat="44.568653"><ele>78.118904</ele><time>2020-10-25T04:45:15Z</time><extensions><speed>0.000188</speed><course>-1.000000</course><hAcc>1.282639</hAcc><vAcc>0.890798</vAcc></extensions></trkpt>
      <trkpt lon="-123.277739" lat="44.568653"><ele>78.131958</ele><time>2020-10-25T04:45:16Z</time><extensions><speed>0.000195</speed><course>-1.000000</course><hAcc>1.282639</hAcc><vAcc>0.890798</vAcc></extensions></trkpt>
      <trkpt lon="-123.277739" lat="44.568653"><ele>78.145523</ele><time>2020-10-25T04:45:17Z</time><extensions><speed>0.000199</speed><course>-1.000000</course><hAcc>1.282639</hAcc><vAcc>0.890798</vAcc></extensions></trkpt>
      <trkpt lon="-123.277739" lat="44.568653"><ele>78.159409</ele><time>2020-10-25T04:45:18Z</time><extensions><speed>0.000201</speed><course>-1.000000</course><hAcc>1.282639</hAcc><vAcc>0.890798</vAcc></extensions></trkpt>
      <trkpt lon="-123.277739" lat="44.568653"><ele>78.173470</ele><time>2020-10-25T04:45:19Z</time><extensions><speed>0.000200</speed><course>-1.000000</course><hAcc>1.282639</hAcc><vAcc>0.890798</vAcc></extensions></trkpt>
      <trkpt lon="-123.277739" lat="44.568653"><ele>78.187523</ele><time>2020-10-25T04:45:20Z</time><extensions><speed>0.000197</speed><course>-1.000000</course><hAcc>1.282639</hAcc><vAcc>0.890798</vAcc></extensions></trkpt>
      <trkpt lon="-123.277739" lat="44.568653"><ele>78.201347</ele><time>2020-10-25T04:45:21Z</time><extensions><speed>0.000187</speed><course>-1.000000</course><hAcc>1.282639</hAcc><vAcc>0.890798</vAcc></extensions></trkpt>
      <trkpt lon="-123.277739" lat="44.568653"><ele>78.214699</ele><time>2020-10-25T04:45:22Z</time><extensions><speed>0.000171</speed><course>-1.000000</course><hAcc>1.282639</hAcc><vAcc>0.890798</vAcc></extensions></trkpt>
      <trkpt lon="-123.277739" lat="44.568653"><ele>78.227386</ele><time>2020-10-25T04:45:23Z</time><extensions><speed>0.000153</speed><course>-1.000000</course><hAcc>1.282639</hAcc><vAcc>0.890798</vAcc></extensions></trkpt>
      <trkpt lon="-123.277739" lat="44.568653"><ele>78.239258</ele><time>2020-10-25T04:45:24Z</time><extensions><speed>0.000137</speed><course>-1.000000</course><hAcc>1.282639</hAcc><vAcc>0.890798</vAcc></extensions></trkpt>
      <trkpt lon="-123.277739" lat="44.568653"><ele>78.250221</ele><time>2020-10-25T04:45:25Z</time><extensions><speed>0.000124</speed><course>-1.000000</course><hAcc>1.282639</hAcc><vAcc>0.890798</vAcc></extensions></trkpt>
      <trkpt lon="-123.277739" lat="44.568653"><ele>78.260216</ele><time>2020-10-25T04:45:26Z</time><extensions><speed>0.000116</speed><course>-1.000000</course><hAcc>1.282639</hAcc><vAcc>0.890798</vAcc></extensions></trkpt>
      <trkpt lon="-123.277739" lat="44.568653"><ele>78.269218</ele><time>2020-10-25T04:45:27Z</time><extensions><speed>0.000116</speed><course>-1.000000</course><hAcc>1.282639</hAcc><vAcc>0.890798</vAcc></extensions></trkpt>
      <trkpt lon="-123.277739" lat="44.568653"><ele>78.277245</ele><time>2020-10-25T04:45:28Z</time><extensions><speed>0.000123</speed><course>-1.000000</course><hAcc>1.282639</hAcc><vAcc>0.890798</vAcc></extensions></trkpt>
      <trkpt lon="-123.277739" lat="44.568653"><ele>78.284271</ele><time>2020-10-25T04:45:29Z</time><extensions><speed>0.000134</speed><course>-1.000000</course><hAcc>1.282639</hAcc><vAcc>0.890798</vAcc></extensions></trkpt>
      <trkpt lon="-123.277739" lat="44.568653"><ele>78.290276</ele><time>2020-10-25T04:45:30Z</time><extensions><speed>0.000148</speed><course>-1.000000</course><hAcc>1.282639</hAcc><vAcc>0.890798</vAcc></extensions></trkpt>
      <trkpt lon="-123.277739" lat="44.568653"><ele>78.295204</ele><time>2020-10-25T04:45:31Z</time><extensions><speed>0.000163</speed><course>-1.000000</course><hAcc>1.282639</hAcc><vAcc>0.890798</vAcc></extensions></trkpt>
      <trkpt lon="-123.277739" lat="44.568653"><ele>78.299019</ele><time>2020-10-25T04:45:32Z</time><extensions><speed>0.000180</speed><course>-1.000000</course><hAcc>1.282639</hAcc><vAcc>0.890798</vAcc></extensions></trkpt>
      <trkpt lon="-123.277739" lat="44.568653"><ele>78.301697</ele><time>2020-10-25T04:45:33Z</time><extensions><speed>0.000198</speed><course>-1.000000</course><hAcc>1.282639</hAcc><vAcc>0.890798</vAcc></extensions></trkpt>
      <trkpt lon="-123.277739" lat="44.568653"><ele>78.303169</ele><time>2020-10-25T04:45:34Z</time><extensions><speed>0.000210</speed><course>-1.000000</course><hAcc>1.282639</hAcc><vAcc>0.890798</vAcc></extensions></trkpt>
      <trkpt lon="-123.277739" lat="44.568653"><ele>78.303253</ele><time>2020-10-25T04:45:35Z</time><extensions><speed>0.000206</speed><course>-1.000000</course><hAcc>1.282639</hAcc><vAcc>0.890798</vAcc></extensions></trkpt>
      <trkpt lon="-123.277739" lat="44.568653"><ele>78.301704</ele><time>2020-10-25T04:45:36Z</time><extensions><speed>0.000184</speed><course>-1.000000</course><hAcc>1.282639</hAcc><vAcc>0.890798</vAcc></extensions></trkpt>
      <trkpt lon="-123.277739" lat="44.568653"><ele>78.298271</ele><time>2020-10-25T04:45:37Z</time><extensions><speed>0.000145</speed><course>-1.000000</course><hAcc>1.282639</hAcc><vAcc>0.890798</vAcc></extensions></trkpt>
      <trkpt lon="-123.277739" lat="44.568653"><ele>78.292763</ele><time>2020-10-25T04:45:38Z</time><extensions><speed>0.000090</speed><course>-1.000000</course><hAcc>1.282639</hAcc><vAcc>0.890798</vAcc></extensions></trkpt>
      <trkpt lon="-123.277739" lat="44.568653"><ele>78.285004</ele><time>2020-10-25T04:45:39Z</time><extensions><speed>0.000021</speed><course>-1.000000</course><hAcc>1.282639</hAcc><vAcc>0.890798</vAcc></extensions></trkpt>
      <trkpt lon="-123.277739" lat="44.568653"><ele>78.274872</ele><time>2020-10-25T04:45:40Z</time><extensions><speed>0.000071</speed><course>-1.000000</course><hAcc>1.282639</hAcc><vAcc>0.890798</vAcc></extensions></trkpt>
      <trkpt lon="-123.277739" lat="44.568653"><ele>78.262306</ele><time>2020-10-25T04:45:41Z</time><extensions><speed>0.000170</speed><course>-1.000000</course><hAcc>1.282639</hAcc><vAcc>0.890798</vAcc></extensions></trkpt>
      <trkpt lon="-123.277739" lat="44.568653"><ele>78.247322</ele><time>2020-10-25T04:45:42Z</time><extensions><speed>0.000276</speed><course>-1.000000</course><hAcc>1.282639</hAcc><vAcc>0.890798</vAcc></extensions></trkpt>
      <trkpt lon="-123.277739" lat="44.568653"><ele>78.230080</ele><time>2020-10-25T04:45:43Z</time><extensions><speed>0.000384</speed><course>-1.000000</course><hAcc>1.282639</hAcc><vAcc>0.890798</vAcc></extensions></trkpt>
      <trkpt lon="-123.277739" lat="44.568653"><ele>78.210815</ele><time>2020-10-25T04:45:44Z</time><extensions><speed>0.000489</speed><course>-1.000000</course><hAcc>1.282639</hAcc><vAcc>0.890798</vAcc></extensions></trkpt>
      <trkpt lon="-123.277739" lat="44.568653"><ele>78.189896</ele><time>2020-10-25T04:45:45Z</time><extensions><speed>0.000585</speed><course>-1.000000</course><hAcc>1.282639</hAcc><vAcc>0.890798</vAcc></extensions></trkpt>
      <trkpt lon="-123.277739" lat="44.568653"><ele>78.167763</ele><time>2020-10-25T04:45:46Z</time><extensions><speed>0.000668</speed><course>-1.000000</course><hAcc>1.282639</hAcc><vAcc>0.890798</vAcc></extensions></trkpt>
      <trkpt lon="-123.277739" lat="44.568653"><ele>78.144905</ele><time>2020-10-25T04:45:47Z</time><extensions><speed>0.000738</speed><course>-1.000000</course><hAcc>1.282639</hAcc><vAcc>0.890798</vAcc></extensions></trkpt>
      <trkpt lon="-123.277739" lat="44.568653"><ele>78.121834</ele><time>2020-10-25T04:45:48Z</time><extensions><speed>0.000794</speed><course>-1.000000</course><hAcc>1.282639</hAcc><vAcc>0.890798</vAcc></extensions></trkpt>
      <trkpt lon="-123.277739" lat="44.568653"><ele>78.099075</ele><time>2020-10-25T04:45:49Z</time><extensions><speed>0.000835</speed><course>-1.000000</course><hAcc>1.282639</hAcc><vAcc>0.890798</vAcc></extensions></trkpt>
      <trkpt lon="-123.277739" lat="44.568653"><ele>78.077156</ele><time>2020-10-25T04:45:50Z</time><extensions><speed>0.000859</speed><course>-1.000000</course><hAcc>1.282639</hAcc><vAcc>0.890798</vAcc></extensions></trkpt>
      <trkpt lon="-123.277739" lat="44.568653"><ele>78.056618</ele><time>2020-10-25T04:45:51Z</time><extensions><speed>0.000866</speed><course>-1.000000</course><hAcc>1.282639</hAcc><vAcc>0.890798</vAcc></extensions></trkpt>
      <trkpt lon="-123.277739" lat="44.568653"><ele>78.037956</ele><time>2020-10-25T04:45:52Z</time><extensions><speed>0.000856</speed><course>-1.000000</course><hAcc>1.282639</hAcc><vAcc>0.890798</vAcc></extensions></trkpt>
      <trkpt lon="-123.277739" lat="44.568653"><ele>78.021645</ele><time>2020-10-25T04:45:53Z</time><extensions><speed>0.000830</speed><course>-1.000000</course><hAcc>1.282639</hAcc><vAcc>0.890798</vAcc></extensions></trkpt>
      <trkpt lon="-123.277739" lat="44.568653"><ele>78.008057</ele><time>2020-10-25T04:45:54Z</time><extensions><speed>0.000792</speed><course>-1.000000</course><hAcc>1.282639</hAcc><vAcc>0.890798</vAcc></extensions></trkpt>
      <trkpt lon="-123.277739" lat="44.568653"><ele>77.997475</ele><time>2020-10-25T04:45:55Z</time><extensions><speed>0.000745</speed><course>-1.000000</course><hAcc>1.282639</hAcc><vAcc>0.890798</vAcc></extensions></trkpt>
      <trkpt lon="-123.277739" lat="44.568653"><ele>77.990059</ele><time>2020-10-25T04:45:56Z</time><extensions><speed>0.000693</speed><course>-1.000000</course><hAcc>1.282639</hAcc><vAcc>0.890798</vAcc></extensions></trkpt>
      <trkpt lon="-123.277739" lat="44.568653"><ele>77.985878</ele><time>2020-10-25T04:45:57Z</time><extensions><speed>0.000638</speed><course>-1.000000</course><hAcc>1.282639</hAcc><vAcc>0.890798</vAcc></extensions></trkpt>
      <trkpt lon="-123.277739" lat="44.568653"><ele>77.984901</ele><time>2020-10-25T04:45:58Z</time><extensions><speed>0.000584</speed><course>-1.000000</course><hAcc>1.282639</hAcc><vAcc>0.890798</vAcc></extensions></trkpt>
      <trkpt lon="-123.277739" lat="44.568653"><ele>77.986977</ele><time>2020-10-25T04:45:59Z</time><extensions><speed>0.000533</speed><course>-1.000000</course><hAcc>1.282639</hAcc><vAcc>0.890798</vAcc></extensions></trkpt>
      <trkpt lon="-123.277739" lat="44.568653"><ele>77.991867</ele><time>2020-10-25T04:46:00Z</time><extensions><speed>0.000491</speed><course>-1.000000</course><hAcc>1.282639</hAcc><vAcc>0.890798</vAcc></extensions></trkpt>
      <trkpt lon="-123.277739" lat="44.568653"><ele>77.999214</ele><time>2020-10-25T04:46:01Z</time><extensions><speed>0.000459</speed><course>-1.000000</course><hAcc>1.282639</hAcc><vAcc>0.890798</vAcc></extensions></trkpt>
      <trkpt lon="-123.277739" lat="44.568653"><ele>78.008629</ele><time>2020-10-25T04:46:02Z</time><extensions><speed>0.000442</speed><course>-1.000000</course><hAcc>1.282639</hAcc><vAcc>0.890798</vAcc></extensions></trkpt>
      <trkpt lon="-123.277739" lat="44.568653"><ele>78.019646</ele><time>2020-10-25T04:46:03Z</time><extensions><speed>0.000446</speed><course>-1.000000</course><hAcc>1.282639</hAcc><vAcc>0.890798</vAcc></extensions></trkpt>
      <trkpt lon="-123.277739" lat="44.568653"><ele>78.031776</ele><time>2020-10-25T04:46:04Z</time><extensions><speed>0.000478</speed><course>-1.000000</course><hAcc>1.282639</hAcc><vAcc>0.890798</vAcc></extensions></trkpt>
      <trkpt lon="-123.277739" lat="44.568653"><ele>78.044487</ele><time>2020-10-25T04:46:05Z</time><extensions><speed>0.000544</speed><course>-1.000000</course><hAcc>1.282639</hAcc><vAcc>0.890798</vAcc></extensions></trkpt>
      <trkpt lon="-123.277739" lat="44.568653"><ele>78.057266</ele><time>2020-10-25T04:46:06Z</time><extensions><speed>0.000654</speed><course>-1.000000</course><hAcc>1.282639</hAcc><vAcc>0.890798</vAcc></extensions></trkpt>
      <trkpt lon="-123.277739" lat="44.568653"><ele>78.069641</ele><time>2020-10-25T04:46:07Z</time><extensions><speed>0.000816</speed><course>-1.000000</course><hAcc>1.282639</hAcc><vAcc>0.890798</vAcc></extensions></trkpt>
      <trkpt lon="-123.277739" lat="44.568653"><ele>78.081169</ele><time>2020-10-25T04:46:08Z</time><extensions><speed>0.001040</speed><course>-1.000000</course><hAcc>1.282639</hAcc><vAcc>0.890798</vAcc></extensions></trkpt>
      <trkpt lon="-123.277739" lat="44.568653"><ele>78.091476</ele><time>2020-10-25T04:46:09Z</time><extensions><speed>0.001333</speed><course>-1.000000</course><hAcc>1.282639</hAcc><vAcc>0.890798</vAcc></extensions></trkpt>
      <trkpt lon="-123.277739" lat="44.568653"><ele>78.100266</ele><time>2020-10-25T04:46:10Z</time><extensions><speed>0.001706</speed><course>-1.000000</course><hAcc>1.282639</hAcc><vAcc>0.890798</vAcc></extensions></trkpt>
      <trkpt lon="-123.277739" lat="44.568653"><ele>78.107300</ele><time>2020-10-25T04:46:11Z</time><extensions><speed>0.002165</speed><course>-1.000000</course><hAcc>1.282639</hAcc><vAcc>0.890798</vAcc></extensions></trkpt>
      <trkpt lon="-123.277739" lat="44.568653"><ele>78.112396</ele><time>2020-10-25T04:46:12Z</time><extensions><speed>0.002718</speed><course>-1.000000</course><hAcc>1.282639</hAcc><vAcc>0.890798</vAcc></extensions></trkpt>
      <trkpt lon="-123.277739" lat="44.568653"><ele>78.115456</ele><time>2020-10-25T04:46:13Z</time><extensions><speed>0.003370</speed><course>-1.000000</course><hAcc>1.282639</hAcc><vAcc>0.890798</vAcc></extensions></trkpt>
      <trkpt lon="-123.277739" lat="44.568653"><ele>78.116425</ele><time>2020-10-25T04:46:14Z</time><extensions><speed>0.004126</speed><course>-1.000000</course><hAcc>1.282639</hAcc><vAcc>0.890798</vAcc></extensions></trkpt>
      <trkpt lon="-123.277739" lat="44.568653"><ele>78.115356</ele><time>2020-10-25T04:46:15Z</time><extensions><speed>0.004991</speed><course>-1.000000</course><hAcc>1.282638</hAcc><vAcc>0.890798</vAcc></extensions></trkpt>
      <trkpt lon="-123.277739" lat="44.568653"><ele>78.112358</ele><time>2020-10-25T04:46:16Z</time><extensions><speed>0.005964</speed><course>-1.000000</course><hAcc>1.282638</hAcc><vAcc>0.890798</vAcc></extensions></trkpt>
      <trkpt lon="-123.277739" lat="44.568653"><ele>78.107605</ele><time>2020-10-25T04:46:17Z</time><extensions><speed>0.007041</speed><course>-1.000000</course><hAcc>1.282638</hAcc><vAcc>0.890798</vAcc></extensions></trkpt>
      <trkpt lon="-123.277739" lat="44.568653"><ele>78.101318</ele><time>2020-10-25T04:46:18Z</time><extensions><speed>0.008213</speed><course>-1.000000</course><hAcc>1.282638</hAcc><vAcc>0.890798</vAcc></extensions></trkpt>
      <trkpt lon="-123.277739" lat="44.568653"><ele>78.093750</ele><time>2020-10-25T04:46:19Z</time><extensions><speed>0.009466</speed><course>-1.000000</course><hAcc>1.282638</hAcc><vAcc>0.890798</vAcc></extensions></trkpt>
      <trkpt lon="-123.277739" lat="44.568653"><ele>78.085114</ele><time>2020-10-25T04:46:20Z</time><extensions><speed>0.010777</speed><course>-1.000000</course><hAcc>1.282637</hAcc><vAcc>0.890797</vAcc></extensions></trkpt>
      <trkpt lon="-123.277739" lat="44.568653"><ele>78.075645</ele><time>2020-10-25T04:46:21Z</time><extensions><speed>0.012121</speed><course>-1.000000</course><hAcc>1.282637</hAcc><vAcc>0.890797</vAcc></extensions></trkpt>
      <trkpt lon="-123.277738" lat="44.568653"><ele>78.065575</ele><time>2020-10-25T04:46:22Z</time><extensions><speed>0.013464</speed><course>-1.000000</course><hAcc>1.282637</hAcc><vAcc>0.890797</vAcc></extensions></trkpt>
      <trkpt lon="-123.277738" lat="44.568654"><ele>78.055077</ele><time>2020-10-25T04:46:23Z</time><extensions><speed>0.014765</speed><course>-1.000000</course><hAcc>1.282636</hAcc><vAcc>0.890796</vAcc></extensions></trkpt>
      <trkpt lon="-123.277738" lat="44.568654"><ele>78.044304</ele><time>2020-10-25T04:46:24Z</time><extensions><speed>0.015974</speed><course>-1.000000</course><hAcc>1.282635</hAcc><vAcc>0.890796</vAcc></extensions></trkpt>
      <trkpt lon="-123.277738" lat="44.568654"><ele>78.033356</ele><time>2020-10-25T04:46:25Z</time><extensions><speed>0.017036</speed><course>-1.000000</course><hAcc>1.282634</hAcc><vAcc>0.890795</vAcc></extensions></trkpt>
      <trkpt lon="-123.277738" lat="44.568654"><ele>78.022308</ele><time>2020-10-25T04:46:26Z</time><extensions><speed>0.017890</speed><course>-1.000000</course><hAcc>1.282633</hAcc><vAcc>0.890795</vAcc></extensions></trkpt>
      <trkpt lon="-123.277738" lat="44.568654"><ele>78.011238</ele><time>2020-10-25T04:46:27Z</time><extensions><speed>0.018471</speed><course>-1.000000</course><hAcc>1.282632</hAcc><vAcc>0.890794</vAcc></extensions></trkpt>
      <trkpt lon="-123.277737" lat="44.568654"><ele>78.000168</ele><time>2020-10-25T04:46:28Z</time><extensions><speed>0.018714</speed><course>-1.000000</course><hAcc>1.282630</hAcc><vAcc>0.890792</vAcc></extensions></trkpt>
      <trkpt lon="-123.277737" lat="44.568654"><ele>77.989120</ele><time>2020-10-25T04:46:29Z</time><extensions><speed>0.018561</speed><course>-1.000000</course><hAcc>1.282628</hAcc><vAcc>0.890791</vAcc></extensions></trkpt>
      <trkpt lon="-123.277737" lat="44.568654"><ele>77.978096</ele><time>2020-10-25T04:46:30Z</time><extensions><speed>0.017982</speed><course>-1.000000</course><hAcc>1.282625</hAcc><vAcc>0.890789</vAcc></extensions></trkpt>
      <trkpt lon="-123.277737" lat="44.568654"><ele>77.967064</ele><time>2020-10-25T04:46:31Z</time><extensions><speed>0.017013</speed><course>-1.000000</course><hAcc>1.282622</hAcc><vAcc>0.890787</vAcc></extensions></trkpt>
      <trkpt lon="-123.277737" lat="44.568654"><ele>77.955971</ele><time>2020-10-25T04:46:32Z</time><extensions><speed>0.015840</speed><course>-1.000000</course><hAcc>1.282617</hAcc><vAcc>0.890784</vAcc></extensions></trkpt>
      <trkpt lon="-123.277736" lat="44.568654"><ele>77.944740</ele><time>2020-10-25T04:46:33Z</time><extensions><speed>0.014969</speed><course>-1.000000</course><hAcc>1.282612</hAcc><vAcc>0.890780</vAcc></extensions></trkpt>
      <trkpt lon="-123.277736" lat="44.568654"><ele>77.933311</ele><time>2020-10-25T04:46:34Z</time><extensions><speed>0.015334</speed><course>-1.000000</course><hAcc>1.282605</hAcc><vAcc>0.890775</vAcc></extensions></trkpt>
      <trkpt lon="-123.277736" lat="44.568654"><ele>77.921722</ele><time>2020-10-25T04:46:35Z</time><extensions><speed>0.017346</speed><course>-1.000000</course><hAcc>1.282597</hAcc><vAcc>0.890769</vAcc></extensions></trkpt>
      <trkpt lon="-123.277736" lat="44.568654"><ele>77.910095</ele><time>2020-10-25T04:46:36Z</time><extensions><speed>0.020558</speed><course>-1.000000</course><hAcc>1.282586</hAcc><vAcc>0.890762</vAcc></extensions></trkpt>
      <trkpt lon="-123.277736" lat="44.568654"><ele>77.898682</ele><time>2020-10-25T04:46:37Z</time><extensions><speed>0.024396</speed><course>-1.000000</course><hAcc>1.282573</hAcc><vAcc>0.890752</vAcc></extensions></trkpt>
      <trkpt lon="-123.277736" lat="44.568653"><ele>77.887833</ele><time>2020-10-25T04:46:38Z</time><extensions><speed>0.028524</speed><course>-1.000000</course><hAcc>1.282556</hAcc><vAcc>0.890741</vAcc></extensions></trkpt>
      <trkpt lon="-123.277736" lat="44.568653"><ele>77.877975</ele><time>2020-10-25T04:46:39Z</time><extensions><speed>0.032701</speed><course>-1.000000</course><hAcc>1.282534</hAcc><vAcc>0.890725</vAcc></extensions></trkpt>
      <trkpt lon="-123.277736" lat="44.568653"><ele>77.869598</ele><time>2020-10-25T04:46:40Z</time><extensions><speed>0.036735</speed><course>-1.000000</course><hAcc>1.282507</hAcc><vAcc>0.890706</vAcc></extensions></trkpt>
      <trkpt lon="-123.277736" lat="44.568653"><ele>77.863228</ele><time>2020-10-25T04:46:40Z</time><extensions><speed>0.040432</speed><course>-1.000000</course><hAcc>1.282506</hAcc><vAcc>0.890706</vAcc></extensions></trkpt>
      <trkpt lon="-123.277736" lat="44.568652"><ele>77.859337</ele><time>2020-10-25T04:46:41Z</time><extensions><speed>0.043643</speed><course>-1.000000</course><hAcc>1.282531</hAcc><vAcc>0.890724</vAcc></extensions></trkpt>
      <trkpt lon="-123.277736" lat="44.568652"><ele>77.858406</ele><time>2020-10-25T04:46:42Z</time><extensions><speed>0.046159</speed><course>-1.000000</course><hAcc>1.282549</hAcc><vAcc>0.890738</vAcc></extensions></trkpt>
      <trkpt lon="-123.277736" lat="44.568651"><ele>77.860764</ele><time>2020-10-25T04:46:43Z</time><extensions><speed>0.047770</speed><course>-1.000000</course><hAcc>1.282562</hAcc><vAcc>0.890748</vAcc></extensions></trkpt>
      <trkpt lon="-123.277737" lat="44.568651"><ele>77.866608</ele><time>2020-10-25T04:46:44Z</time><extensions><speed>0.048239</speed><course>-1.000000</course><hAcc>1.282569</hAcc><vAcc>0.890754</vAcc></extensions></trkpt>
      <trkpt lon="-123.277737" lat="44.568651"><ele>77.875923</ele><time>2020-10-25T04:46:45Z</time><extensions><speed>0.047554</speed><course>-1.000000</course><hAcc>1.282570</hAcc><vAcc>0.890758</vAcc></extensions></trkpt>
      <trkpt lon="-123.277737" lat="44.568650"><ele>77.888496</ele><time>2020-10-25T04:46:46Z</time><extensions><speed>0.045915</speed><course>-1.000000</course><hAcc>1.282567</hAcc><vAcc>0.890757</vAcc></extensions></trkpt>
      <trkpt lon="-123.277737" lat="44.568650"><ele>77.903885</ele><time>2020-10-25T04:46:47Z</time><extensions><speed>0.043527</speed><course>-1.000000</course><hAcc>1.282558</hAcc><vAcc>0.890754</vAcc></extensions></trkpt>
      <trkpt lon="-123.277737" lat="44.568649"><ele>77.921539</ele><time>2020-10-25T04:46:48Z</time><extensions><speed>0.040602</speed><course>-1.000000</course><hAcc>1.282544</hAcc><vAcc>0.890747</vAcc></extensions></trkpt>
      <trkpt lon="-123.277738" lat="44.568649"><ele>77.940773</ele><time>2020-10-25T04:46:49Z</time><extensions><speed>0.037323</speed><course>-1.000000</course><hAcc>1.282524</hAcc><vAcc>0.890737</vAcc></extensions></trkpt>
      <trkpt lon="-123.277738" lat="44.568649"><ele>77.960846</ele><time>2020-10-25T04:46:50Z</time><extensions><speed>0.033844</speed><course>-1.000000</course><hAcc>1.282499</hAcc><vAcc>0.890724</vAcc></extensions></trkpt>
      <trkpt lon="-123.277738" lat="44.568649"><ele>77.981010</ele><time>2020-10-25T04:46:51Z</time><extensions><speed>0.030284</speed><course>-1.000000</course><hAcc>1.282470</hAcc><vAcc>0.890708</vAcc></extensions></trkpt>
      <trkpt lon="-123.277738" lat="44.568648"><ele>78.000610</ele><time>2020-10-25T04:46:52Z</time><extensions><speed>0.026738</speed><course>-1.000000</course><hAcc>1.282436</hAcc><vAcc>0.890689</vAcc></extensions></trkpt>
      <trkpt lon="-123.277738" lat="44.568648"><ele>78.019142</ele><time>2020-10-25T04:46:53Z</time><extensions><speed>0.023277</speed><course>-1.000000</course><hAcc>1.282401</hAcc><vAcc>0.890669</vAcc></extensions></trkpt>
      <trkpt lon="-123.277738" lat="44.568648"><ele>78.036224</ele><time>2020-10-25T04:46:54Z</time><extensions><speed>0.019955</speed><course>-1.000000</course><hAcc>1.282365</hAcc><vAcc>0.890648</vAcc></extensions></trkpt>
      <trkpt lon="-123.277738" lat="44.568648"><ele>78.051666</ele><time>2020-10-25T04:46:56Z</time><extensions><speed>0.016803</speed><course>-1.000000</course><hAcc>1.282316</hAcc><vAcc>0.890617</vAcc></extensions></trkpt>
      <trkpt lon="-123.277739" lat="44.568648"><ele>78.065300</ele><time>2020-10-25T04:46:57Z</time><extensions><speed>0.013864</speed><course>-1.000000</course><hAcc>1.282257</hAcc><vAcc>0.890577</vAcc></extensions></trkpt>
      <trkpt lon="-123.277739" lat="44.568648"><ele>78.077072</ele><time>2020-10-25T04:46:58Z</time><extensions><speed>0.011152</speed><course>-1.000000</course><hAcc>1.282206</hAcc><vAcc>0.890542</vAcc></extensions></trkpt>
      <trkpt lon="-123.277739" lat="44.568648"><ele>78.086990</ele><time>2020-10-25T04:46:59Z</time><extensions><speed>0.008676</speed><course>-1.000000</course><hAcc>1.282166</hAcc><vAcc>0.890514</vAcc></extensions></trkpt>
      <trkpt lon="-123.277739" lat="44.568647"><ele>78.095146</ele><time>2020-10-25T04:47:00Z</time><extensions><speed>0.006442</speed><course>-1.000000</course><hAcc>1.282139</hAcc><vAcc>0.890493</vAcc></extensions></trkpt>
      <trkpt lon="-123.277739" lat="44.568647"><ele>78.101723</ele><time>2020-10-25T04:47:01Z</time><extensions><speed>0.004464</speed><course>-1.000000</course><hAcc>1.282125</hAcc><vAcc>0.890481</vAcc></extensions></trkpt>
      <trkpt lon="-123.277739" lat="44.568647"><ele>78.106911</ele><time>2020-10-25T04:47:02Z</time><extensions><speed>0.002796</speed><course>-1.000000</course><hAcc>1.282118</hAcc><vAcc>0.890475</vAcc></extensions></trkpt>
      <trkpt lon="-123.277739" lat="44.568647"><ele>78.110901</ele><time>2020-10-25T04:47:03Z</time><extensions><speed>0.001662</speed><course>-1.000000</course><hAcc>1.282109</hAcc><vAcc>0.890471</vAcc></extensions></trkpt>
      <trkpt lon="-123.277739" lat="44.568647"><ele>78.113838</ele><time>2020-10-25T04:47:04Z</time><extensions><speed>0.001645</speed><course>-1.000000</course><hAcc>1.282077</hAcc><vAcc>0.890458</vAcc></extensions></trkpt>
      <trkpt lon="-123.277739" lat="44.568647"><ele>78.115814</ele><time>2020-10-25T04:47:05Z</time><extensions><speed>0.002431</speed><course>-1.000000</course><hAcc>1.281990</hAcc><vAcc>0.890420</vAcc></extensions></trkpt>
      <trkpt lon="-123.277739" lat="44.568647"><ele>78.116905</ele><time>2020-10-25T04:47:06Z</time><extensions><speed>0.003303</speed><course>-1.000000</course><hAcc>1.281796</hAcc><vAcc>0.890326</vAcc></extensions></trkpt>
      <trkpt lon="-123.277739" lat="44.568647"><ele>78.117157</ele><time>2020-10-25T04:47:07Z</time><extensions><speed>0.004064</speed><course>-1.000000</course><hAcc>1.281421</hAcc><vAcc>0.890136</vAcc></extensions></trkpt>
      <trkpt lon="-123.277739" lat="44.568647"><ele>78.116585</ele><time>2020-10-25T04:47:08Z</time><extensions><speed>0.004664</speed><course>-1.000000</course><hAcc>1.280762</hAcc><vAcc>0.889790</vAcc></extensions></trkpt>
      <trkpt lon="-123.277739" lat="44.568647"><ele>78.115189</ele><time>2020-10-25T04:47:09Z</time><extensions><speed>0.005080</speed><course>-1.000000</course><hAcc>1.279683</hAcc><vAcc>0.889207</vAcc></extensions></trkpt>
      <trkpt lon="-123.277739" lat="44.568647"><ele>78.112923</ele><time>2020-10-25T04:47:10Z</time><extensions><speed>0.005298</speed><course>-1.000000</course><hAcc>1.278006</hAcc><vAcc>0.888281</vAcc></extensions></trkpt>
      <trkpt lon="-123.277738" lat="44.568647"><ele>78.109734</ele><time>2020-10-25T04:47:11Z</time><extensions><speed>0.005302</speed><course>-1.000000</course><hAcc>1.275509</hAcc><vAcc>0.886878</vAcc></extensions></trkpt>
      <trkpt lon="-123.277738" lat="44.568647"><ele>78.105522</ele><time>2020-10-25T04:47:12Z</time><extensions><speed>0.005079</speed><course>-1.000000</course><hAcc>1.271923</hAcc><vAcc>0.884834</vAcc></extensions></trkpt>
      <trkpt lon="-123.277738" lat="44.568648"><ele>78.100204</ele><time>2020-10-25T04:47:13Z</time><extensions><speed>0.004613</speed><course>-1.000000</course><hAcc>1.266934</hAcc><vAcc>0.881953</vAcc></extensions></trkpt>
      <trkpt lon="-123.277738" lat="44.568648"><ele>78.093651</ele><time>2020-10-25T04:47:14Z</time><extensions><speed>0.003899</speed><course>-1.000000</course><hAcc>1.260186</hAcc><vAcc>0.878014</vAcc></extensions></trkpt>
      <trkpt lon="-123.277738" lat="44.568648"><ele>78.085739</ele><time>2020-10-25T04:47:15Z</time><extensions><speed>0.002971</speed><course>-1.000000</course><hAcc>1.251292</hAcc><vAcc>0.872773</vAcc></extensions></trkpt>
      <trkpt lon="-123.277738" lat="44.568648"><ele>78.076355</ele><time>2020-10-25T04:47:16Z</time><extensions><speed>0.002063</speed><course>-1.000000</course><hAcc>1.239854</hAcc><vAcc>0.865977</vAcc></extensions></trkpt>
      <trkpt lon="-123.277738" lat="44.568648"><ele>78.065384</ele><time>2020-10-25T04:47:17Z</time><extensions><speed>0.002155</speed><course>-1.000000</course><hAcc>1.225493</hAcc><vAcc>0.857381</vAcc></extensions></trkpt>
      <trkpt lon="-123.277738" lat="44.568648"><ele>78.052734</ele><time>2020-10-25T04:47:18Z</time><extensions><speed>0.003804</speed><course>-1.000000</course><hAcc>1.207885</hAcc><vAcc>0.846772</vAcc></extensions></trkpt>
      <trkpt lon="-123.277738" lat="44.568648"><ele>78.038330</ele><time>2020-10-25T04:47:19Z</time><extensions><speed>0.006311</speed><course>-1.000000</course><hAcc>1.186819</hAcc><vAcc>0.834007</vAcc></extensions></trkpt>
      <trkpt lon="-123.277738" lat="44.568648"><ele>78.022118</ele><time>2020-10-25T04:47:20Z</time><extensions><speed>0.009412</speed><course>-1.000000</course><hAcc>1.162268</hAcc><vAcc>0.819055</vAcc></extensions></trkpt>
      <trkpt lon="-123.277739" lat="44.568648"><ele>78.004074</ele><time>2020-10-25T04:47:21Z</time><extensions><speed>0.013064</speed><course>-1.000000</course><hAcc>1.134477</hAcc><vAcc>0.802055</vAcc></extensions></trkpt>
      <trkpt lon="-123.277739" lat="44.568648"><ele>77.984215</ele><time>2020-10-25T04:47:22Z</time><extensions><speed>0.017264</speed><course>-1.000000</course><hAcc>1.104060</hAcc><vAcc>0.783372</vAcc></extensions></trkpt>
      <trkpt lon="-123.277739" lat="44.568648"><ele>77.962593</ele><time>2020-10-25T04:47:23Z</time><extensions><speed>0.022013</speed><course>-1.000000</course><hAcc>1.072106</hAcc><vAcc>0.763668</vAcc></extensions></trkpt>
      <trkpt lon="-123.277739" lat="44.568648"><ele>77.939369</ele><time>2020-10-25T04:47:24Z</time><extensions><speed>0.027302</speed><course>-1.000000</course><hAcc>1.040244</hAcc><vAcc>0.743939</vAcc></extensions></trkpt>
      <trkpt lon="-123.277740" lat="44.568648"><ele>77.914879</ele><time>2020-10-25T04:47:25Z</time><extensions><speed>0.033106</speed><course>-1.000000</course><hAcc>1.010356</hAcc><vAcc>0.725338</vAcc></extensions></trkpt>
      <trkpt lon="-123.277740" lat="44.568648"><ele>77.889687</ele><time>2020-10-25T04:47:26Z</time><extensions><speed>0.039348</speed><course>-1.000000</course><hAcc>0.983925</hAcc><vAcc>0.708785</vAcc></extensions></trkpt>
      <trkpt lon="-123.277741" lat="44.568647"><ele>77.864502</ele><time>2020-10-25T04:47:27Z</time><extensions><speed>0.045876</speed><course>-1.000000</course><hAcc>0.961752</hAcc><vAcc>0.694788</vAcc></extensions></trkpt>
      <trkpt lon="-123.277741" lat="44.568647"><ele>77.839951</ele><time>2020-10-25T04:47:28Z</time><extensions><speed>0.052441</speed><course>-1.000000</course><hAcc>0.944040</hAcc><vAcc>0.683499</vAcc></extensions></trkpt>
      <trkpt lon="-123.277742" lat="44.568647"><ele>77.816399</ele><time>2020-10-25T04:47:29Z</time><extensions><speed>0.058699</speed><course>-1.000000</course><hAcc>0.930542</hAcc><vAcc>0.674794</vAcc></extensions></trkpt>
      <trkpt lon="-123.277743" lat="44.568647"><ele>77.794022</ele><time>2020-10-25T04:47:30Z</time><extensions><speed>0.064516</speed><course>-1.000000</course><hAcc>0.920723</hAcc><vAcc>0.668374</vAcc></extensions></trkpt>
      <trkpt lon="-123.277744" lat="44.568647"><ele>77.772888</ele><time>2020-10-25T04:47:31Z</time><extensions><speed>0.070099</speed><course>-1.000000</course><hAcc>0.913913</hAcc><vAcc>0.663847</vAcc></extensions></trkpt>
      <trkpt lon="-123.277745" lat="44.568647"><ele>77.753059</ele><time>2020-10-25T04:47:32Z</time><extensions><speed>0.075691</speed><course>-1.000000</course><hAcc>0.909423</hAcc><vAcc>0.660803</vAcc></extensions></trkpt>
      <trkpt lon="-123.277746" lat="44.568647"><ele>77.734566</ele><time>2020-10-25T04:47:33Z</time><extensions><speed>0.081402</speed><course>-1.000000</course><hAcc>0.906626</hAcc><vAcc>0.658861</vAcc></extensions></trkpt>
      <trkpt lon="-123.277747" lat="44.568647"><ele>77.717346</ele><time>2020-10-25T04:47:34Z</time><extensions><speed>0.087202</speed><course>-1.000000</course><hAcc>0.904995</hAcc><vAcc>0.657696</vAcc></extensions></trkpt>
      <trkpt lon="-123.277748" lat="44.568647"><ele>77.701279</ele><time>2020-10-25T04:47:35Z</time><extensions><speed>0.092917</speed><course>-1.000000</course><hAcc>0.904122</hAcc><vAcc>0.657047</vAcc></extensions></trkpt>
      <trkpt lon="-123.277749" lat="44.568647"><ele>77.686127</ele><time>2020-10-25T04:47:36Z</time><extensions><speed>0.098222</speed><course>-1.000000</course><hAcc>0.903706</hAcc><vAcc>0.656721</vAcc></extensions></trkpt>
      <trkpt lon="-123.277750" lat="44.568647"><ele>77.671669</ele><time>2020-10-25T04:47:37Z</time><extensions><speed>0.102646</speed><course>-1.000000</course><hAcc>0.903540</hAcc><vAcc>0.656580</vAcc></extensions></trkpt>
      <trkpt lon="-123.277751" lat="44.568647"><ele>77.657745</ele><time>2020-10-25T04:47:38Z</time><extensions><speed>0.106073</speed><course>-1.000000</course><hAcc>0.903492</hAcc><vAcc>0.656533</vAcc></extensions></trkpt>
      <trkpt lon="-123.277753" lat="44.568647"><ele>77.644211</ele><time>2020-10-25T04:47:39Z</time><extensions><speed>0.108536</speed><course>-1.000000</course><hAcc>0.903483</hAcc><vAcc>0.656523</vAcc></extensions></trkpt>
      <trkpt lon="-123.277754" lat="44.568647"><ele>77.630913</ele><time>2020-10-25T04:47:40Z</time><extensions><speed>0.109636</speed><course>-1.000000</course><hAcc>0.903474</hAcc><vAcc>0.656521</vAcc></extensions></trkpt>
      <trkpt lon="-123.277756" lat="44.568647"><ele>77.617699</ele><time>2020-10-25T04:47:41Z</time><extensions><speed>0.108897</speed><course>-1.000000</course><hAcc>0.903448</hAcc><vAcc>0.656510</vAcc></extensions></trkpt>
      <trkpt lon="-123.277757" lat="44.568648"><ele>77.604393</ele><time>2020-10-25T04:47:42Z</time><extensions><speed>0.106382</speed><course>-1.000000</course><hAcc>0.903403</hAcc><vAcc>0.656488</vAcc></extensions></trkpt>
      <trkpt lon="-123.277758" lat="44.568648"><ele>77.590851</ele><time>2020-10-25T04:47:43Z</time><extensions><speed>0.102937</speed><course>-1.000000</course><hAcc>0.903342</hAcc><vAcc>0.656456</vAcc></extensions></trkpt>
      <trkpt lon="-123.277759" lat="44.568648"><ele>77.577003</ele><time>2020-10-25T04:47:44Z</time><extensions><speed>0.099695</speed><course>-1.000000</course><hAcc>0.903274</hAcc><vAcc>0.656416</vAcc></extensions></trkpt>
      <trkpt lon="-123.277761" lat="44.568648"><ele>77.563019</ele><time>2020-10-25T04:47:45Z</time><extensions><speed>0.097749</speed><course>-1.000000</course><hAcc>0.903203</hAcc><vAcc>0.656373</vAcc></extensions></trkpt>
      <trkpt lon="-123.277762" lat="44.568648"><ele>77.549202</ele><time>2020-10-25T04:47:46Z</time><extensions><speed>0.098026</speed><course>-1.000000</course><hAcc>0.903137</hAcc><vAcc>0.656332</vAcc></extensions></trkpt>
      <trkpt lon="-123.277763" lat="44.568648"><ele>77.535950</ele><time>2020-10-25T04:47:47Z</time><extensions><speed>0.101109</speed><course>-1.000000</course><hAcc>0.903078</hAcc><vAcc>0.656293</vAcc></extensions></trkpt>
      <trkpt lon="-123.277764" lat="44.568647"><ele>77.523628</ele><time>2020-10-25T04:47:48Z</time><extensions><speed>0.107084</speed><course>-1.000000</course><hAcc>0.903029</hAcc><vAcc>0.656260</vAcc></extensions></trkpt>
      <trkpt lon="-123.277766" lat="44.568647"><ele>77.512543</ele><time>2020-10-25T04:47:49Z</time><extensions><speed>0.115519</speed><course>-1.000000</course><hAcc>0.902989</hAcc><vAcc>0.656232</vAcc></extensions></trkpt>
      <trkpt lon="-123.277767" lat="44.568647"><ele>77.502914</ele><time>2020-10-25T04:47:50Z</time><extensions><speed>0.125580</speed><course>-1.000000</course><hAcc>0.902958</hAcc><vAcc>0.656210</vAcc></extensions></trkpt>
      <trkpt lon="-123.277769" lat="44.568646"><ele>77.494926</ele><time>2020-10-25T04:47:51Z</time><extensions><speed>0.136167</speed><course>-1.000000</course><hAcc>0.902936</hAcc><vAcc>0.656194</vAcc></extensions></trkpt>
      <trkpt lon="-123.277770" lat="44.568645"><ele>77.488739</ele><time>2020-10-25T04:47:52Z</time><extensions><speed>0.145976</speed><course>-1.000000</course><hAcc>0.902920</hAcc><vAcc>0.656182</vAcc></extensions></trkpt>
      <trkpt lon="-123.277772" lat="44.568645"><ele>77.484436</ele><time>2020-10-25T04:47:53Z</time><extensions><speed>0.153507</speed><course>-1.000000</course><hAcc>0.902911</hAcc><vAcc>0.656175</vAcc></extensions></trkpt>
      <trkpt lon="-123.277773" lat="44.568644"><ele>77.481956</ele><time>2020-10-25T04:47:54Z</time><extensions><speed>0.157604</speed><course>-1.000000</course><hAcc>0.902907</hAcc><vAcc>0.656172</vAcc></extensions></trkpt>
      <trkpt lon="-123.277775" lat="44.568643"><ele>77.481133</ele><time>2020-10-25T04:47:55Z</time><extensions><speed>0.158257</speed><course>-1.000000</course><hAcc>0.902908</hAcc><vAcc>0.656173</vAcc></extensions></trkpt>
      <trkpt lon="-123.277777" lat="44.568642"><ele>77.481750</ele><time>2020-10-25T04:47:56Z</time><extensions><speed>0.156484</speed><course>-1.000000</course><hAcc>0.902914</hAcc><vAcc>0.656178</vAcc></extensions></trkpt>
      <trkpt lon="-123.277779" lat="44.568642"><ele>77.483650</ele><time>2020-10-25T04:47:57Z</time><extensions><speed>0.153770</speed><course>-1.000000</course><hAcc>0.902925</hAcc><vAcc>0.656187</vAcc></extensions></trkpt>
      <trkpt lon="-123.277780" lat="44.568641"><ele>77.486855</ele><time>2020-10-25T04:47:58Z</time><extensions><speed>0.151635</speed><course>-1.000000</course><hAcc>0.902943</hAcc><vAcc>0.656202</vAcc></extensions></trkpt>
      <trkpt lon="-123.277782" lat="44.568641"><ele>77.491531</ele><time>2020-10-25T04:47:59Z</time><extensions><speed>0.151268</speed><course>-1.000000</course><hAcc>0.902970</hAcc><vAcc>0.656222</vAcc></extensions></trkpt>
      <trkpt lon="-123.277784" lat="44.568641"><ele>77.497971</ele><time>2020-10-25T04:48:00Z</time><extensions><speed>0.153288</speed><course>-1.000000</course><hAcc>0.903005</hAcc><vAcc>0.656249</vAcc></extensions></trkpt>
      <trkpt lon="-123.277786" lat="44.568641"><ele>77.506439</ele><time>2020-10-25T04:48:01Z</time><extensions><speed>0.157572</speed><course>-1.000000</course><hAcc>0.903051</hAcc><vAcc>0.656282</vAcc></extensions></trkpt>
      <trkpt lon="-123.277788" lat="44.568641"><ele>77.517143</ele><time>2020-10-25T04:48:02Z</time><extensions><speed>0.163255</speed><course>-1.000000</course><hAcc>0.903108</hAcc><vAcc>0.656322</vAcc></extensions></trkpt>
      <trkpt lon="-123.277790" lat="44.568641"><ele>77.530136</ele><time>2020-10-25T04:48:03Z</time><extensions><speed>0.168897</speed><course>-1.000000</course><hAcc>0.903175</hAcc><vAcc>0.656368</vAcc></extensions></trkpt>
      <trkpt lon="-123.277792" lat="44.568642"><ele>77.545273</ele><time>2020-10-25T04:48:04Z</time><extensions><speed>0.172710</speed><course>-1.000000</course><hAcc>0.903249</hAcc><vAcc>0.656418</vAcc></extensions></trkpt>
      <trkpt lon="-123.277794" lat="44.568643"><ele>77.562248</ele><time>2020-10-25T04:48:05Z</time><extensions><speed>0.174720</speed><course>-1.000000</course><hAcc>0.903327</hAcc><vAcc>0.656467</vAcc></extensions></trkpt>
      <trkpt lon="-123.277796" lat="44.568644"><ele>77.580643</ele><time>2020-10-25T04:48:06Z</time><extensions><speed>0.176641</speed><course>-1.000000</course><hAcc>0.903402</hAcc><vAcc>0.656512</vAcc></extensions></trkpt>
      <trkpt lon="-123.277797" lat="44.568645"><ele>77.599945</ele><time>2020-10-25T04:48:07Z</time><extensions><speed>0.179662</speed><course>-1.000000</course><hAcc>0.903466</hAcc><vAcc>0.656547</vAcc></extensions></trkpt>
      <trkpt lon="-123.277799" lat="44.568646"><ele>77.619469</ele><time>2020-10-25T04:48:08Z</time><extensions><speed>0.184337</speed><course>-1.000000</course><hAcc>0.903512</hAcc><vAcc>0.656568</vAcc></extensions></trkpt>
      <trkpt lon="-123.277800" lat="44.568647"><ele>77.638351</ele><time>2020-10-25T04:48:09Z</time><extensions><speed>0.190584</speed><course>-1.000000</course><hAcc>0.903533</hAcc><vAcc>0.656573</vAcc></extensions></trkpt>
      <trkpt lon="-123.277802" lat="44.568649"><ele>77.655609</ele><time>2020-10-25T04:48:10Z</time><extensions><speed>0.197788</speed><course>-1.000000</course><hAcc>0.903533</hAcc><vAcc>0.656566</vAcc></extensions></trkpt>
      <trkpt lon="-123.277803" lat="44.568650"><ele>77.670235</ele><time>2020-10-25T04:48:11Z</time><extensions><speed>0.204969</speed><course>-1.000000</course><hAcc>0.903531</hAcc><vAcc>0.656567</vAcc></extensions></trkpt>
      <trkpt lon="-123.277804" lat="44.568652"><ele>77.681313</ele><time>2020-10-25T04:48:12Z</time><extensions><speed>0.210937</speed><course>-1.000000</course><hAcc>0.903575</hAcc><vAcc>0.656612</vAcc></extensions></trkpt>
      <trkpt lon="-123.277806" lat="44.568654"><ele>77.688080</ele><time>2020-10-25T04:48:13Z</time><extensions><speed>0.214460</speed><course>-1.000000</course><hAcc>0.903755</hAcc><vAcc>0.656771</vAcc></extensions></trkpt>
      <trkpt lon="-123.277807" lat="44.568655"><ele>77.689995</ele><time>2020-10-25T04:48:14Z</time><extensions><speed>0.214467</speed><course>-1.000000</course><hAcc>0.904224</hAcc><vAcc>0.657155</vAcc></extensions></trkpt>
      <trkpt lon="-123.277808" lat="44.568657"><ele>77.686928</ele><time>2020-10-25T04:48:15Z</time><extensions><speed>0.210448</speed><course>-1.000000</course><hAcc>0.905220</hAcc><vAcc>0.657931</vAcc></extensions></trkpt>
      <trkpt lon="-123.277810" lat="44.568658"><ele>77.679070</ele><time>2020-10-25T04:48:16Z</time><extensions><speed>0.202709</speed><course>-1.000000</course><hAcc>0.907088</hAcc><vAcc>0.659336</vAcc></extensions></trkpt>
      <trkpt lon="-123.277811" lat="44.568660"><ele>77.666786</ele><time>2020-10-25T04:48:17Z</time><extensions><speed>0.191668</speed><course>-1.000000</course><hAcc>0.910295</hAcc><vAcc>0.661684</vAcc></extensions></trkpt>
      <trkpt lon="-123.277813" lat="44.568661"><ele>77.650658</ele><time>2020-10-25T04:48:18Z</time><extensions><speed>0.177772</speed><course>-1.000000</course><hAcc>0.915437</hAcc><vAcc>0.665365</vAcc></extensions></trkpt>
      <trkpt lon="-123.277814" lat="44.568662"><ele>77.631409</ele><time>2020-10-25T04:48:19Z</time><extensions><speed>0.161750</speed><course>-1.000000</course><hAcc>0.923221</hAcc><vAcc>0.670831</vAcc></extensions></trkpt>
      <trkpt lon="-123.277816" lat="44.568663"><ele>77.609886</ele><time>2020-10-25T04:48:20Z</time><extensions><speed>0.144565</speed><course>-1.000000</course><hAcc>0.934414</hAcc><vAcc>0.678564</vAcc></extensions></trkpt>
      <trkpt lon="-123.277817" lat="44.568664"><ele>77.586983</ele><time>2020-10-25T04:48:21Z</time><extensions><speed>0.127451</speed><course>-1.000000</course><hAcc>0.949747</hAcc><vAcc>0.689007</vAcc></extensions></trkpt>
      <trkpt lon="-123.277819" lat="44.568664"><ele>77.563530</ele><time>2020-10-25T04:48:22Z</time><extensions><speed>0.112293</speed><course>-1.000000</course><hAcc>0.969780</hAcc><vAcc>0.702484</vAcc></extensions></trkpt>
      <trkpt lon="-123.277820" lat="44.568664"><ele>77.540184</ele><time>2020-10-25T04:48:23Z</time><extensions><speed>0.101387</speed><course>-1.000000</course><hAcc>0.994734</hAcc><vAcc>0.719091</vAcc></extensions></trkpt>
      <trkpt lon="-123.277821" lat="44.568664"><ele>77.517296</ele><time>2020-10-25T04:48:24Z</time><extensions><speed>0.095160</speed><course>-1.000000</course><hAcc>1.024308</hAcc><vAcc>0.738586</vAcc></extensions></trkpt>
      <trkpt lon="-123.277822" lat="44.568664"><ele>77.495026</ele><time>2020-10-25T04:48:25Z</time><extensions><speed>0.091786</speed><course>-1.000000</course><hAcc>1.057527</hAcc><vAcc>0.760299</vAcc></extensions></trkpt>
      <trkpt lon="-123.277824" lat="44.568664"><ele>77.473549</ele><time>2020-10-25T04:48:26Z</time><extensions><speed>0.089037</speed><course>-1.000000</course><hAcc>1.092655</hAcc><vAcc>0.783076</vAcc></extensions></trkpt>
      <trkpt lon="-123.277825" lat="44.568664"><ele>77.453133</ele><time>2020-10-25T04:48:27Z</time><extensions><speed>0.085890</speed><course>-1.000000</course><hAcc>1.127526</hAcc><vAcc>0.805496</vAcc></extensions></trkpt>
      <trkpt lon="-123.277825" lat="44.568663"><ele>77.434067</ele><time>2020-10-25T04:48:28Z</time><extensions><speed>0.082470</speed><course>-1.000000</course><hAcc>1.160256</hAcc><vAcc>0.826324</vAcc></extensions></trkpt>
      <trkpt lon="-123.277826" lat="44.568663"><ele>77.416634</ele><time>2020-10-25T04:48:29Z</time><extensions><speed>0.079464</speed><course>-1.000000</course><hAcc>1.189575</hAcc><vAcc>0.844730</vAcc></extensions></trkpt>
      <trkpt lon="-123.277827" lat="44.568662"><ele>77.401031</ele><time>2020-10-25T04:48:30Z</time><extensions><speed>0.078115</speed><course>-1.000000</course><hAcc>1.214758</hAcc><vAcc>0.860242</vAcc></extensions></trkpt>
      <trkpt lon="-123.277828" lat="44.568662"><ele>77.387398</ele><time>2020-10-25T04:48:31Z</time><extensions><speed>0.079705</speed><course>-1.000000</course><hAcc>1.235525</hAcc><vAcc>0.872689</vAcc></extensions></trkpt>
      <trkpt lon="-123.277828" lat="44.568661"><ele>77.375778</ele><time>2020-10-25T04:48:32Z</time><extensions><speed>0.084748</speed><course>157.851562</course><hAcc>1.251942</hAcc><vAcc>0.882143</vAcc></extensions></trkpt>
      <trkpt lon="-123.277828" lat="44.568660"><ele>77.366150</ele><time>2020-10-25T04:48:33Z</time><extensions><speed>0.092988</speed><course>157.851562</course><hAcc>1.264343</hAcc><vAcc>0.888862</vAcc></extensions></trkpt>
      <trkpt lon="-123.277828" lat="44.568659"><ele>77.358444</ele><time>2020-10-25T04:48:34Z</time><extensions><speed>0.103592</speed><course>157.851562</course><hAcc>1.273254</hAcc><vAcc>0.893254</vAcc></extensions></trkpt>
      <trkpt lon="-123.277828" lat="44.568658"><ele>77.352562</ele><time>2020-10-25T04:48:35Z</time><extensions><speed>0.115423</speed><course>157.851562</course><hAcc>1.279309</hAcc><vAcc>0.895802</vAcc></extensions></trkpt>
      <trkpt lon="-123.277828" lat="44.568657"><ele>77.348457</ele><time>2020-10-25T04:48:36Z</time><extensions><speed>0.127246</speed><course>157.851562</course><hAcc>1.283138</hAcc><vAcc>0.896981</vAcc></extensions></trkpt>
      <trkpt lon="-123.277828" lat="44.568656"><ele>77.346123</ele><time>2020-10-25T04:48:37Z</time><extensions><speed>0.137846</speed><course>157.851562</course><hAcc>1.285303</hAcc><vAcc>0.897199</vAcc></extensions></trkpt>
      <trkpt lon="-123.277827" lat="44.568655"><ele>77.345573</ele><time>2020-10-25T04:48:38Z</time><extensions><speed>0.146382</speed><course>157.851562</course><hAcc>1.286282</hAcc><vAcc>0.896794</vAcc></extensions></trkpt>
      <trkpt lon="-123.277827" lat="44.568654"><ele>77.346817</ele><time>2020-10-25T04:48:39Z</time><extensions><speed>0.152365</speed><course>157.851562</course><hAcc>1.286466</hAcc><vAcc>0.896033</vAcc></extensions></trkpt>
      <trkpt lon="-123.277826" lat="44.568652"><ele>77.349800</ele><time>2020-10-25T04:48:40Z</time><extensions><speed>0.155260</speed><course>157.851562</course><hAcc>1.286159</hAcc><vAcc>0.895110</vAcc></extensions></trkpt>
      <trkpt lon="-123.277826" lat="44.568651"><ele>77.354439</ele><time>2020-10-25T04:48:41Z</time><extensions><speed>0.154463</speed><course>157.851562</course><hAcc>1.285590</hAcc><vAcc>0.894165</vAcc></extensions></trkpt>
      <trkpt lon="-123.277825" lat="44.568650"><ele>77.360573</ele><time>2020-10-25T04:48:42Z</time><extensions><speed>0.150098</speed><course>157.851562</course><hAcc>1.284919</hAcc><vAcc>0.893285</vAcc></extensions></trkpt>
      <trkpt lon="-123.277825" lat="44.568648"><ele>77.367905</ele><time>2020-10-25T04:48:43Z</time><extensions><speed>0.143013</speed><course>157.851562</course><hAcc>1.284254</hAcc><vAcc>0.892522</vAcc></extensions></trkpt>
      <trkpt lon="-123.277824" lat="44.568647"><ele>77.376045</ele><time>2020-10-25T04:48:44Z</time><extensions><speed>0.133949</speed><course>157.851562</course><hAcc>1.283658</hAcc><vAcc>0.891896</vAcc></extensions></trkpt>
      <trkpt lon="-123.277823" lat="44.568646"><ele>77.384590</ele><time>2020-10-25T04:48:45Z</time><extensions><speed>0.123543</speed><course>157.851562</course><hAcc>1.283164</hAcc><vAcc>0.891410</vAcc></extensions></trkpt>
      <trkpt lon="-123.277823" lat="44.568645"><ele>77.393188</ele><time>2020-10-25T04:48:46Z</time><extensions><speed>0.112338</speed><course>157.851562</course><hAcc>1.282782</hAcc><vAcc>0.891054</vAcc></extensions></trkpt>
      <trkpt lon="-123.277822" lat="44.568644"><ele>77.401520</ele><time>2020-10-25T04:48:47Z</time><extensions><speed>0.100788</speed><course>157.851562</course><hAcc>1.282508</hAcc><vAcc>0.890808</vAcc></extensions></trkpt>
      <trkpt lon="-123.277822" lat="44.568643"><ele>77.409233</ele><time>2020-10-25T04:48:48Z</time><extensions><speed>0.089267</speed><course>157.851562</course><hAcc>1.282328</hAcc><vAcc>0.890654</vAcc></extensions></trkpt>
      <trkpt lon="-123.277822" lat="44.568643"><ele>77.416039</ele><time>2020-10-25T04:48:49Z</time><extensions><speed>0.078071</speed><course>157.851562</course><hAcc>1.282227</hAcc><vAcc>0.890569</vAcc></extensions></trkpt>
      <trkpt lon="-123.277821" lat="44.568642"><ele>77.421707</ele><time>2020-10-25T04:48:50Z</time><extensions><speed>0.067433</speed><course>157.851562</course><hAcc>1.282185</hAcc><vAcc>0.890534</vAcc></extensions></trkpt>
      <trkpt lon="-123.277821" lat="44.568642"><ele>77.426041</ele><time>2020-10-25T04:48:51Z</time><extensions><speed>0.057528</speed><course>157.851562</course><hAcc>1.282185</hAcc><vAcc>0.890534</vAcc></extensions></trkpt>
      <trkpt lon="-123.277821" lat="44.568641"><ele>77.428894</ele><time>2020-10-25T04:48:52Z</time><extensions><speed>0.048482</speed><course>157.851562</course><hAcc>1.282212</hAcc><vAcc>0.890554</vAcc></extensions></trkpt>
      <trkpt lon="-123.277820" lat="44.568641"><ele>77.430168</ele><time>2020-10-25T04:48:53Z</time><extensions><speed>0.040378</speed><course>157.851562</course><hAcc>1.282253</hAcc><vAcc>0.890585</vAcc></extensions></trkpt>
      <trkpt lon="-123.277820" lat="44.568641"><ele>77.429802</ele><time>2020-10-25T04:48:54Z</time><extensions><speed>0.033263</speed><course>157.851562</course><hAcc>1.282300</hAcc><vAcc>0.890619</vAcc></extensions></trkpt>
      <trkpt lon="-123.277820" lat="44.568640"><ele>77.427773</ele><time>2020-10-25T04:48:55Z</time><extensions><speed>0.027155</speed><course>157.851562</course><hAcc>1.282343</hAcc><vAcc>0.890649</vAcc></extensions></trkpt>
      <trkpt lon="-123.277820" lat="44.568640"><ele>77.424103</ele><time>2020-10-25T04:48:56Z</time><extensions><speed>0.022046</speed><course>157.851562</course><hAcc>1.282379</hAcc><vAcc>0.890674</vAcc></extensions></trkpt>
      <trkpt lon="-123.277820" lat="44.568640"><ele>77.418839</ele><time>2020-10-25T04:48:57Z</time><extensions><speed>0.017907</speed><course>157.851562</course><hAcc>1.282404</hAcc><vAcc>0.890691</vAcc></extensions></trkpt>
      <trkpt lon="-123.277820" lat="44.568640"><ele>77.412109</ele><time>2020-10-25T04:48:58Z</time><extensions><speed>0.014693</speed><course>157.851562</course><hAcc>1.282417</hAcc><vAcc>0.890698</vAcc></extensions></trkpt>
      <trkpt lon="-123.277819" lat="44.568640"><ele>77.404114</ele><time>2020-10-25T04:48:59Z</time><extensions><speed>0.012347</speed><course>157.851562</course><hAcc>1.282416</hAcc><vAcc>0.890697</vAcc></extensions></trkpt>
      <trkpt lon="-123.277819" lat="44.568640"><ele>77.395142</ele><time>2020-10-25T04:49:00Z</time><extensions><speed>0.010803</speed><course>157.851562</course><hAcc>1.282402</hAcc><vAcc>0.890687</vAcc></extensions></trkpt>
      <trkpt lon="-123.277819" lat="44.568640"><ele>77.385574</ele><time>2020-10-25T04:49:01Z</time><extensions><speed>0.009990</speed><course>157.851562</course><hAcc>1.282377</hAcc><vAcc>0.890669</vAcc></extensions></trkpt>
      <trkpt lon="-123.277819" lat="44.568639"><ele>77.375809</ele><time>2020-10-25T04:49:02Z</time><extensions><speed>0.009831</speed><course>157.851562</course><hAcc>1.282343</hAcc><vAcc>0.890645</vAcc></extensions></trkpt>
      <trkpt lon="-123.277819" lat="44.568639"><ele>77.366280</ele><time>2020-10-25T04:49:03Z</time><extensions><speed>0.010242</speed><course>157.851562</course><hAcc>1.282302</hAcc><vAcc>0.890617</vAcc></extensions></trkpt>
      <trkpt lon="-123.277819" lat="44.568639"><ele>77.357330</ele><time>2020-10-25T04:49:04Z</time><extensions><speed>0.011130</speed><course>157.851562</course><hAcc>1.282257</hAcc><vAcc>0.890585</vAcc></extensions></trkpt>
      <trkpt lon="-123.277819" lat="44.568639"><ele>77.349213</ele><time>2020-10-25T04:49:05Z</time><extensions><speed>0.012392</speed><course>157.851562</course><hAcc>1.282213</hAcc><vAcc>0.890554</vAcc></extensions></trkpt>
      <trkpt lon="-123.277819" lat="44.568639"><ele>77.342010</ele><time>2020-10-25T04:49:06Z</time><extensions><speed>0.013919</speed><course>157.851562</course><hAcc>1.282174</hAcc><vAcc>0.890525</vAcc></extensions></trkpt>
      <trkpt lon="-123.277819" lat="44.568639"><ele>77.335678</ele><time>2020-10-25T04:49:07Z</time><extensions><speed>0.015592</speed><course>157.851562</course><hAcc>1.282142</hAcc><vAcc>0.890500</vAcc></extensions></trkpt>
      <trkpt lon="-123.277819" lat="44.568639"><ele>77.330025</ele><time>2020-10-25T04:49:08Z</time><extensions><speed>0.017281</speed><course>157.851562</course><hAcc>1.282121</hAcc><vAcc>0.890483</vAcc></extensions></trkpt>
      <trkpt lon="-123.277819" lat="44.568639"><ele>77.324806</ele><time>2020-10-25T04:49:09Z</time><extensions><speed>0.018843</speed><course>157.851562</course><hAcc>1.282110</hAcc><vAcc>0.890472</vAcc></extensions></trkpt>
      <trkpt lon="-123.277819" lat="44.568639"><ele>77.319733</ele><time>2020-10-25T04:49:10Z</time><extensions><speed>0.020121</speed><course>157.851562</course><hAcc>1.282108</hAcc><vAcc>0.890469</vAcc></extensions></trkpt>
      <trkpt lon="-123.277819" lat="44.568638"><ele>77.314529</ele><time>2020-10-25T04:49:11Z</time><extensions><speed>0.020942</speed><course>157.851562</course><hAcc>1.282102</hAcc><vAcc>0.890467</vAcc></extensions></trkpt>
      <trkpt lon="-123.277819" lat="44.568638"><ele>77.308952</ele><time>2020-10-25T04:49:12Z</time><extensions><speed>0.021119</speed><course>157.851562</course><hAcc>1.282074</hAcc><vAcc>0.890456</vAcc></extensions></trkpt>
      <trkpt lon="-123.277818" lat="44.568638"><ele>77.302773</ele><time>2020-10-25T04:49:13Z</time><extensions><speed>0.020452</speed><course>157.851562</course><hAcc>1.281992</hAcc><vAcc>0.890421</vAcc></extensions></trkpt>
      <trkpt lon="-123.277818" lat="44.568638"><ele>77.295792</ele><time>2020-10-25T04:49:14Z</time><extensions><speed>0.018720</speed><course>157.851562</course><hAcc>1.281806</hAcc><vAcc>0.890332</vAcc></extensions></trkpt>
      <trkpt lon="-123.277818" lat="44.568638"><ele>77.287872</ele><time>2020-10-25T04:49:15Z</time><extensions><speed>0.015692</speed><course>157.851562</course><hAcc>1.281441</hAcc><vAcc>0.890149</vAcc></extensions></trkpt>
      <trkpt lon="-123.277818" lat="44.568638"><ele>77.278931</ele><time>2020-10-25T04:49:16Z</time><extensions><speed>0.011125</speed><course>157.851562</course><hAcc>1.280797</hAcc><vAcc>0.889812</vAcc></extensions></trkpt>
      <trkpt lon="-123.277818" lat="44.568638"><ele>77.268921</ele><time>2020-10-25T04:49:17Z</time><extensions><speed>0.004791</speed><course>157.851562</course><hAcc>1.279737</hAcc><vAcc>0.889241</vAcc></extensions></trkpt>
      <trkpt lon="-123.277818" lat="44.568638"><ele>77.257889</ele><time>2020-10-25T04:49:18Z</time><extensions><speed>0.003859</speed><course>157.851562</course><hAcc>1.278085</hAcc><vAcc>0.888332</vAcc></extensions></trkpt>
      <trkpt lon="-123.277818" lat="44.568638"><ele>77.246056</ele><time>2020-10-25T04:49:19Z</time><extensions><speed>0.014589</speed><course>157.851562</course><hAcc>1.275620</hAcc><vAcc>0.886950</vAcc></extensions></trkpt>
      <trkpt lon="-123.277818" lat="44.568638"><ele>77.233772</ele><time>2020-10-25T04:49:20Z</time><extensions><speed>0.028004</speed><course>157.851562</course><hAcc>1.272076</hAcc><vAcc>0.884931</vAcc></extensions></trkpt>
      <trkpt lon="-123.277818" lat="44.568638"><ele>77.221527</ele><time>2020-10-25T04:49:21Z</time><extensions><speed>0.044304</speed><course>157.851562</course><hAcc>1.267137</hAcc><vAcc>0.882083</vAcc></extensions></trkpt>
      <trkpt lon="-123.277819" lat="44.568639"><ele>77.209854</ele><time>2020-10-25T04:49:22Z</time><extensions><speed>0.063691</speed><course>157.851562</course><hAcc>1.260449</hAcc><vAcc>0.878183</vAcc></extensions></trkpt>
      <trkpt lon="-123.277819" lat="44.568639"><ele>77.199326</ele><time>2020-10-25T04:49:23Z</time><extensions><speed>0.085962</speed><course>157.851562</course><hAcc>1.251626</hAcc><vAcc>0.872986</vAcc></extensions></trkpt>
      <trkpt lon="-123.277819" lat="44.568640"><ele>77.190521</ele><time>2020-10-25T04:49:24Z</time><extensions><speed>0.110509</speed><course>157.851562</course><hAcc>1.240268</hAcc><vAcc>0.866241</vAcc></extensions></trkpt>
      <trkpt lon="-123.277820" lat="44.568641"><ele>77.183846</ele><time>2020-10-25T04:49:25Z</time><extensions><speed>0.136651</speed><course>157.851562</course><hAcc>1.225994</hAcc><vAcc>0.857698</vAcc></extensions></trkpt>
      <trkpt lon="-123.277820" lat="44.568642"><ele>77.179672</ele><time>2020-10-25T04:49:26Z</time><extensions><speed>0.163846</speed><course>157.851562</course><hAcc>1.208478</hAcc><vAcc>0.847146</vAcc></extensions></trkpt>
      <trkpt lon="-123.277821" lat="44.568644"><ele>77.178459</ele><time>2020-10-25T04:49:27Z</time><extensions><speed>0.191662</speed><course>157.851562</course><hAcc>1.187505</hAcc><vAcc>0.834437</vAcc></extensions></trkpt>
      <trkpt lon="-123.277822" lat="44.568646"><ele>77.180870</ele><time>2020-10-25T04:49:28Z</time><extensions><speed>0.219551</speed><course>157.851562</course><hAcc>1.163042</hAcc><vAcc>0.819536</vAcc></extensions></trkpt>
      <trkpt lon="-123.277823" lat="44.568648"><ele>77.187767</ele><time>2020-10-25T04:49:29Z</time><extensions><speed>0.246839</speed><course>157.851562</course><hAcc>1.135324</hAcc><vAcc>0.802577</vAcc></extensions></trkpt>
      <trkpt lon="-123.277824" lat="44.568650"><ele>77.200096</ele><time>2020-10-25T04:49:30Z</time><extensions><speed>0.272699</speed><course>157.851562</course><hAcc>1.104960</hAcc><vAcc>0.783921</vAcc></extensions></trkpt>
      <trkpt lon="-123.277825" lat="44.568652"><ele>77.218788</ele><time>2020-10-25T04:49:31Z</time><extensions><speed>0.296408</speed><course>157.851562</course><hAcc>1.073027</hAcc><vAcc>0.764224</vAcc></extensions></trkpt>
      <trkpt lon="-123.277826" lat="44.568655"><ele>77.244820</ele><time>2020-10-25T04:49:32Z</time><extensions><speed>0.317444</speed><course>157.851562</course><hAcc>1.041152</hAcc><vAcc>0.744481</vAcc></extensions></trkpt>
      <trkpt lon="-123.277828" lat="44.568658"><ele>77.279083</ele><time>2020-10-25T04:49:33Z</time><extensions><speed>0.335255</speed><course>157.851562</course><hAcc>1.011216</hAcc><vAcc>0.725848</vAcc></extensions></trkpt>
      <trkpt lon="-123.277830" lat="44.568660"><ele>77.322090</ele><time>2020-10-25T04:49:34Z</time><extensions><speed>0.349268</speed><course>157.851562</course><hAcc>0.984724</hAcc><vAcc>0.709262</vAcc></extensions></trkpt>
      <trkpt lon="-123.277831" lat="44.568663"><ele>77.373665</ele><time>2020-10-25T04:49:35Z</time><extensions><speed>0.359140</speed><course>157.851562</course><hAcc>0.962517</hAcc><vAcc>0.695264</vAcc></extensions></trkpt>
      <trkpt lon="-123.277833" lat="44.568666"><ele>77.432945</ele><time>2020-10-25T04:49:36Z</time><extensions><speed>0.364932</speed><course>157.851562</course><hAcc>0.944885</hAcc><vAcc>0.684066</vAcc></extensions></trkpt>
      <trkpt lon="-123.277835" lat="44.568669"><ele>77.498459</ele><time>2020-10-25T04:49:37Z</time><extensions><speed>0.366673</speed><course>157.851562</course><hAcc>0.931721</hAcc><vAcc>0.675640</vAcc></extensions></trkpt>
      <trkpt lon="-123.277837" lat="44.568672"><ele>77.567986</ele><time>2020-10-25T04:49:38Z</time><extensions><speed>0.364282</speed><course>157.851562</course><hAcc>0.922708</hAcc><vAcc>0.669829</vAcc></extensions></trkpt>
      <trkpt lon="-123.277839" lat="44.568675"><ele>77.639046</ele><time>2020-10-25T04:49:39Z</time><extensions><speed>0.357766</speed><course>157.851562</course><hAcc>0.917485</hAcc><vAcc>0.666443</vAcc></extensions></trkpt>
      <trkpt lon="-123.277840" lat="44.568678"><ele>77.709465</ele><time>2020-10-25T04:49:40Z</time><extensions><speed>0.347405</speed><course>157.851562</course><hAcc>0.915780</hAcc><vAcc>0.665334</vAcc></extensions></trkpt>
      <trkpt lon="-123.277841" lat="44.568681"><ele>77.777473</ele><time>2020-10-25T04:49:41Z</time><extensions><speed>0.334170</speed><course>157.851562</course><hAcc>0.917494</hAcc><vAcc>0.666449</vAcc></extensions></trkpt>
      <trkpt lon="-123.277843" lat="44.568684"><ele>77.841835</ele><time>2020-10-25T04:49:42Z</time><extensions><speed>0.319318</speed><course>157.851562</course><hAcc>0.922726</hAcc><vAcc>0.669842</vAcc></extensions></trkpt>
      <trkpt lon="-123.277844" lat="44.568687"><ele>77.901932</ele><time>2020-10-25T04:49:43Z</time><extensions><speed>0.304103</speed><course>157.851562</course><hAcc>0.931750</hAcc><vAcc>0.675661</vAcc></extensions></trkpt>
      <trkpt lon="-123.277844" lat="44.568689"><ele>77.957466</ele><time>2020-10-25T04:49:44Z</time><extensions><speed>0.289852</speed><course>157.851562</course><hAcc>0.944927</hAcc><vAcc>0.684097</vAcc></extensions></trkpt>
      <trkpt lon="-123.277845" lat="44.568692"><ele>78.008331</ele><time>2020-10-25T04:49:45Z</time><extensions><speed>0.277590</speed><course>157.851562</course><hAcc>0.962575</hAcc><vAcc>0.695307</vAcc></extensions></trkpt>
      <trkpt lon="-123.277845" lat="44.568694"><ele>78.054581</ele><time>2020-10-25T04:49:46Z</time><extensions><speed>0.267973</speed><course>157.851562</course><hAcc>0.984799</hAcc><vAcc>0.709318</vAcc></extensions></trkpt>
      <trkpt lon="-123.277845" lat="44.568697"><ele>78.096512</ele><time>2020-10-25T04:49:47Z</time><extensions><speed>0.261538</speed><course>157.851562</course><hAcc>1.011312</hAcc><vAcc>0.725919</vAcc></extensions></trkpt>
      <trkpt lon="-123.277845" lat="44.568699"><ele>78.134483</ele><time>2020-10-25T04:49:48Z</time><extensions><speed>0.258874</speed><course>157.851562</course><hAcc>1.041269</hAcc><vAcc>0.744568</vAcc></extensions></trkpt>
      <trkpt lon="-123.277844" lat="44.568701"><ele>78.168739</ele><time>2020-10-25T04:49:49Z</time><extensions><speed>0.260358</speed><course>157.851562</course><hAcc>1.073182</hAcc><vAcc>0.764336</vAcc></extensions></trkpt>
      <trkpt lon="-123.277843" lat="44.568704"><ele>78.199409</ele><time>2020-10-25T04:49:50Z</time><extensions><speed>0.265756</speed><course>157.851562</course><hAcc>1.105102</hAcc><vAcc>0.784024</vAcc></extensions></trkpt>
      <trkpt lon="-123.277842" lat="44.568706"><ele>78.226715</ele><time>2020-10-25T04:49:51Z</time><extensions><speed>0.274394</speed><course>157.851562</course><hAcc>1.135450</hAcc><vAcc>0.802670</vAcc></extensions></trkpt>
      <trkpt lon="-123.277841" lat="44.568708"><ele>78.250725</ele><time>2020-10-25T04:49:52Z</time><extensions><speed>0.285329</speed><course>157.851562</course><hAcc>1.163147</hAcc><vAcc>0.819616</vAcc></extensions></trkpt>
      <trkpt lon="-123.277839" lat="44.568711"><ele>78.271278</ele><time>2020-10-25T04:49:53Z</time><extensions><speed>0.297445</speed><course>157.851562</course><hAcc>1.187586</hAcc><vAcc>0.834499</vAcc></extensions></trkpt>
      <trkpt lon="-123.277837" lat="44.568713"><ele>78.288116</ele><time>2020-10-25T04:49:54Z</time><extensions><speed>0.309395</speed><course>157.851562</course><hAcc>1.208534</hAcc><vAcc>0.847189</vAcc></extensions></trkpt>
      <trkpt lon="-123.277835" lat="44.568715"><ele>78.301178</ele><time>2020-10-25T04:49:55Z</time><extensions><speed>0.319990</speed><course>157.851562</course><hAcc>1.226031</hAcc><vAcc>0.857725</vAcc></extensions></trkpt>
      <trkpt lon="-123.277833" lat="44.568718"><ele>78.310829</ele><time>2020-10-25T04:49:56Z</time><extensions><speed>0.328430</speed><course>157.851562</course><hAcc>1.240303</hAcc><vAcc>0.866260</vAcc></extensions></trkpt>
      <trkpt lon="-123.277832" lat="44.568721"><ele>78.317604</ele><time>2020-10-25T04:49:57Z</time><extensions><speed>0.334275</speed><course>157.851562</course><hAcc>1.251695</hAcc><vAcc>0.873022</vAcc></extensions></trkpt>
      <trkpt lon="-123.277830" lat="44.568723"><ele>78.321938</ele><time>2020-10-25T04:49:58Z</time><extensions><speed>0.337491</speed><course>157.851562</course><hAcc>1.260618</hAcc><vAcc>0.878273</vAcc></extensions></trkpt>
      <trkpt lon="-123.277828" lat="44.568726"><ele>78.324158</ele><time>2020-10-25T04:49:59Z</time><extensions><speed>0.338426</speed><course>157.851562</course><hAcc>1.267507</hAcc><vAcc>0.882295</vAcc></extensions></trkpt>
      <trkpt lon="-123.277827" lat="44.568729"><ele>78.324539</ele><time>2020-10-25T04:50:00Z</time><extensions><speed>0.337724</speed><course>157.851562</course><hAcc>1.272800</hAcc><vAcc>0.885366</vAcc></extensions></trkpt>
      <trkpt lon="-123.277826" lat="44.568732"><ele>78.323257</ele><time>2020-10-25T04:50:01Z</time><extensions><speed>0.336480</speed><course>157.851562</course><hAcc>1.276918</hAcc><vAcc>0.887753</vAcc></extensions></trkpt>
      <trkpt lon="-123.277826" lat="44.568735"><ele>78.320473</ele><time>2020-10-25T04:50:02Z</time><extensions><speed>0.336725</speed><course>157.851562</course><hAcc>1.280254</hAcc><vAcc>0.889705</vAcc></extensions></trkpt>
      <trkpt lon="-123.277826" lat="44.568738"><ele>78.316399</ele><time>2020-10-25T04:50:03Z</time><extensions><speed>0.341036</speed><course>157.851562</course><hAcc>1.283172</hAcc><vAcc>0.891453</vAcc></extensions></trkpt>
      <trkpt lon="-123.277826" lat="44.568741"><ele>78.311317</ele><time>2020-10-25T04:50:04Z</time><extensions><speed>0.350891</speed><course>157.851562</course><hAcc>1.285996</hAcc><vAcc>0.893205</vAcc></extensions></trkpt>
      <trkpt lon="-123.277828" lat="44.568744"><ele>78.305450</ele><time>2020-10-25T04:50:05Z</time><extensions><speed>0.365956</speed><course>157.851562</course><hAcc>1.289014</hAcc><vAcc>0.895146</vAcc></extensions></trkpt>
      <trkpt lon="-123.277829" lat="44.568748"><ele>78.298950</ele><time>2020-10-25T04:50:06Z</time><extensions><speed>0.384818</speed><course>157.851562</course><hAcc>1.292470</hAcc><vAcc>0.897433</vAcc></extensions></trkpt>
      <trkpt lon="-123.277831" lat="44.568751"><ele>78.291931</ele><time>2020-10-25T04:50:07Z</time><extensions><speed>0.405488</speed><course>157.851562</course><hAcc>1.296557</hAcc><vAcc>0.900195</vAcc></extensions></trkpt>
      <trkpt lon="-123.277834" lat="44.568754"><ele>78.284454</ele><time>2020-10-25T04:50:08Z</time><extensions><speed>0.425669</speed><course>157.851562</course><hAcc>1.301408</hAcc><vAcc>0.903517</vAcc></extensions></trkpt>
      <trkpt lon="-123.277837" lat="44.568757"><ele>78.276588</ele><time>2020-10-25T04:50:09Z</time><extensions><speed>0.442935</speed><course>157.851562</course><hAcc>1.307079</hAcc><vAcc>0.907438</vAcc></extensions></trkpt>
      <trkpt lon="-123.277840" lat="44.568761"><ele>78.268440</ele><time>2020-10-25T04:50:10Z</time><extensions><speed>0.455427</speed><course>157.851562</course><hAcc>1.313530</hAcc><vAcc>0.911928</vAcc></extensions></trkpt>
      <trkpt lon="-123.277844" lat="44.568764"><ele>78.260170</ele><time>2020-10-25T04:50:11Z</time><extensions><speed>0.462160</speed><course>157.851562</course><hAcc>1.320609</hAcc><vAcc>0.916880</vAcc></extensions></trkpt>
      <trkpt lon="-123.277847" lat="44.568767"><ele>78.251892</ele><time>2020-10-25T04:50:12Z</time><extensions><speed>0.462727</speed><course>157.851562</course><hAcc>1.328031</hAcc><vAcc>0.922091</vAcc></extensions></trkpt>
      <trkpt lon="-123.277851" lat="44.568770"><ele>78.243675</ele><time>2020-10-25T04:50:13Z</time><extensions><speed>0.457267</speed><course>157.851562</course><hAcc>1.335360</hAcc><vAcc>0.927255</vAcc></extensions></trkpt>
      <trkpt lon="-123.277855" lat="44.568774"><ele>78.235565</ele><time>2020-10-25T04:50:14Z</time><extensions><speed>0.445970</speed><course>157.851562</course><hAcc>1.342013</hAcc><vAcc>0.931953</vAcc></extensions></trkpt>
      <trkpt lon="-123.277858" lat="44.568776"><ele>78.227531</ele><time>2020-10-25T04:50:15Z</time><extensions><speed>0.429131</speed><course>157.851562</course><hAcc>1.347263</hAcc><vAcc>0.935666</vAcc></extensions></trkpt>
      <trkpt lon="-123.277862" lat="44.568779"><ele>78.219452</ele><time>2020-10-25T04:50:16Z</time><extensions><speed>0.407114</speed><course>157.851562</course><hAcc>1.350281</hAcc><vAcc>0.937800</vAcc></extensions></trkpt>
      <trkpt lon="-123.277865" lat="44.568782"><ele>78.211159</ele><time>2020-10-25T04:50:17Z</time><extensions><speed>0.380116</speed><course>157.851562</course><hAcc>1.350412</hAcc><vAcc>0.937881</vAcc></extensions></trkpt>
      <trkpt lon="-123.277868" lat="44.568784"><ele>78.202446</ele><time>2020-10-25T04:50:18Z</time><extensions><speed>0.348372</speed><course>157.851562</course><hAcc>1.347654</hAcc><vAcc>0.935910</vAcc></extensions></trkpt>
      <trkpt lon="-123.277871" lat="44.568787"><ele>78.193130</ele><time>2020-10-25T04:50:19Z</time><extensions><speed>0.312893</speed><course>157.851562</course><hAcc>1.342662</hAcc><vAcc>0.932359</vAcc></extensions></trkpt>
      <trkpt lon="-123.277873" lat="44.568788"><ele>78.183052</ele><time>2020-10-25T04:50:20Z</time><extensions><speed>0.275282</speed><course>157.851562</course><hAcc>1.336264</hAcc><vAcc>0.927822</vAcc></extensions></trkpt>
      <trkpt lon="-123.277876" lat="44.568790"><ele>78.172127</ele><time>2020-10-25T04:50:21Z</time><extensions><speed>0.236932</speed><course>157.851562</course><hAcc>1.329183</hAcc><vAcc>0.922818</vAcc></extensions></trkpt>
      <trkpt lon="-123.277878" lat="44.568791"><ele>78.160316</ele><time>2020-10-25T04:50:22Z</time><extensions><speed>0.199065</speed><course>157.851562</course><hAcc>1.322004</hAcc><vAcc>0.917763</vAcc></extensions></trkpt>
      <trkpt lon="-123.277880" lat="44.568792"><ele>78.147682</ele><time>2020-10-25T04:50:23Z</time><extensions><speed>0.162780</speed><course>157.851562</course><hAcc>1.315161</hAcc><vAcc>0.912965</vAcc></extensions></trkpt>
      <trkpt lon="-123.277881" lat="44.568793"><ele>78.134285</ele><time>2020-10-25T04:50:24Z</time><extensions><speed>0.129112</speed><course>157.851562</course><hAcc>1.308946</hAcc><vAcc>0.908628</vAcc></extensions></trkpt>
      <trkpt lon="-123.277882" lat="44.568794"><ele>78.120209</ele><time>2020-10-25T04:50:25Z</time><extensions><speed>0.099134</speed><course>157.851562</course><hAcc>1.303521</hAcc><vAcc>0.904864</vAcc></extensions></trkpt>
      <trkpt lon="-123.277883" lat="44.568794"><ele>78.105537</ele><time>2020-10-25T04:50:26Z</time><extensions><speed>0.074101</speed><course>157.851562</course><hAcc>1.298947</hAcc><vAcc>0.901710</vAcc></extensions></trkpt>
      <trkpt lon="-123.277884" lat="44.568794"><ele>78.090317</ele><time>2020-10-25T04:50:27Z</time><extensions><speed>0.055571</speed><course>157.851562</course><hAcc>1.295207</hAcc><vAcc>0.899152</vAcc></extensions></trkpt>
      <trkpt lon="-123.277885" lat="44.568794"><ele>78.074669</ele><time>2020-10-25T04:50:28Z</time><extensions><speed>0.044900</speed><course>157.851562</course><hAcc>1.292229</hAcc><vAcc>0.897132</vAcc></extensions></trkpt>
      <trkpt lon="-123.277885" lat="44.568794"><ele>78.058762</ele><time>2020-10-25T04:50:29Z</time><extensions><speed>0.041422</speed><course>157.851562</course><hAcc>1.289914</hAcc><vAcc>0.895578</vAcc></extensions></trkpt>
      <trkpt lon="-123.277885" lat="44.568794"><ele>78.042801</ele><time>2020-10-25T04:50:30Z</time><extensions><speed>0.041998</speed><course>157.851562</course><hAcc>1.288152</hAcc><vAcc>0.894409</vAcc></extensions></trkpt>
      <trkpt lon="-123.277886" lat="44.568793"><ele>78.027031</ele><time>2020-10-25T04:50:31Z</time><extensions><speed>0.043418</speed><course>157.851562</course><hAcc>1.286848</hAcc><vAcc>0.893552</vAcc></extensions></trkpt>
      <trkpt lon="-123.277886" lat="44.568793"><ele>78.011688</ele><time>2020-10-25T04:50:32Z</time><extensions><speed>0.043892</speed><course>157.851562</course><hAcc>1.285937</hAcc><vAcc>0.892957</vAcc></extensions></trkpt>
      <trkpt lon="-123.277886" lat="44.568793"><ele>77.997070</ele><time>2020-10-25T04:50:33Z</time><extensions><speed>0.042721</speed><course>157.851562</course><hAcc>1.285403</hAcc><vAcc>0.892605</vAcc></extensions></trkpt>
      <trkpt lon="-123.277886" lat="44.568792"><ele>77.983452</ele><time>2020-10-25T04:50:34Z</time><extensions><speed>0.039753</speed><course>157.851562</course><hAcc>1.285297</hAcc><vAcc>0.892526</vAcc></extensions></trkpt>
      <trkpt lon="-123.277886" lat="44.568792"><ele>77.971107</ele><time>2020-10-25T04:50:35Z</time><extensions><speed>0.035108</speed><course>157.851562</course><hAcc>1.285760</hAcc><vAcc>0.892806</vAcc></extensions></trkpt>
      <trkpt lon="-123.277886" lat="44.568792"><ele>77.960327</ele><time>2020-10-25T04:50:36Z</time><extensions><speed>0.029076</speed><course>157.851562</course><hAcc>1.287038</hAcc><vAcc>0.893606</vAcc></extensions></trkpt>
      <trkpt lon="-123.277886" lat="44.568791"><ele>77.951378</ele><time>2020-10-25T04:50:37Z</time><extensions><speed>0.022192</speed><course>157.851562</course><hAcc>1.289510</hAcc><vAcc>0.895177</vAcc></extensions></trkpt>
      <trkpt lon="-123.277886" lat="44.568791"><ele>77.944565</ele><time>2020-10-25T04:50:38Z</time><extensions><speed>0.015724</speed><course>157.851562</course><hAcc>1.293698</hAcc><vAcc>0.897870</vAcc></extensions></trkpt>
      <trkpt lon="-123.277887" lat="44.568791"><ele>77.940231</ele><time>2020-10-25T04:50:39Z</time><extensions><speed>0.013242</speed><course>157.851562</course><hAcc>1.300287</hAcc><vAcc>0.902144</vAcc></extensions></trkpt>
      <trkpt lon="-123.277887" lat="44.568791"><ele>77.938789</ele><time>2020-10-25T04:50:40Z</time><extensions><speed>0.018141</speed><course>157.851562</course><hAcc>1.310115</hAcc><vAcc>0.908572</vAcc></extensions></trkpt>
      <trkpt lon="-123.277887" lat="44.568791"><ele>77.940681</ele><time>2020-10-25T04:50:41Z</time><extensions><speed>0.027249</speed><course>157.851562</course><hAcc>1.324160</hAcc><vAcc>0.917825</vAcc></extensions></trkpt>
      <trkpt lon="-123.277887" lat="44.568792"><ele>77.946274</ele><time>2020-10-25T04:50:42Z</time><extensions><speed>0.037778</speed><course>157.851562</course><hAcc>1.343489</hAcc><vAcc>0.930642</vAcc></extensions></trkpt>
      <trkpt lon="-123.277888" lat="44.568792"><ele>77.955688</ele><time>2020-10-25T04:50:43Z</time><extensions><speed>0.048668</speed><course>157.851562</course><hAcc>1.369184</hAcc><vAcc>0.947777</vAcc></extensions></trkpt>
      <trkpt lon="-123.277888" lat="44.568792"><ele>77.968910</ele><time>2020-10-25T04:50:44Z</time><extensions><speed>0.059372</speed><course>157.851562</course><hAcc>1.402229</hAcc><vAcc>0.969926</vAcc></extensions></trkpt>
      <trkpt lon="-123.277888" lat="44.568793"><ele>77.985909</ele><time>2020-10-25T04:50:45Z</time><extensions><speed>0.069485</speed><course>157.851562</course><hAcc>1.443379</hAcc><vAcc>0.997633</vAcc></extensions></trkpt>
      <trkpt lon="-123.277888" lat="44.568794"><ele>78.006668</ele><time>2020-10-25T04:50:46Z</time><extensions><speed>0.078309</speed><course>157.851562</course><hAcc>1.493020</hAcc><vAcc>1.031185</vAcc></extensions></trkpt>
      <trkpt lon="-123.277889" lat="44.568794"><ele>78.031036</ele><time>2020-10-25T04:50:47Z</time><extensions><speed>0.084719</speed><course>157.851562</course><hAcc>1.551030</hAcc><vAcc>1.070522</vAcc></extensions></trkpt>
      <trkpt lon="-123.277889" lat="44.568795"><ele>78.058746</ele><time>2020-10-25T04:50:48Z</time><extensions><speed>0.087480</speed><course>157.851562</course><hAcc>1.616680</hAcc><vAcc>1.115151</vAcc></extensions></trkpt>
      <trkpt lon="-123.277889" lat="44.568796"><ele>78.089348</ele><time>2020-10-25T04:50:49Z</time><extensions><speed>0.085436</speed><course>157.851562</course><hAcc>1.688562</hAcc><vAcc>1.164104</vAcc></extensions></trkpt>
      <trkpt lon="-123.277889" lat="44.568796"><ele>78.122231</ele><time>2020-10-25T04:50:50Z</time><extensions><speed>0.077696</speed><course>157.851562</course><hAcc>1.764570</hAcc><vAcc>1.215915</vAcc></extensions></trkpt>
      <trkpt lon="-123.277890" lat="44.568797"><ele>78.156693</ele><time>2020-10-25T04:50:51Z</time><extensions><speed>0.063885</speed><course>157.851562</course><hAcc>1.842188</hAcc><vAcc>1.268825</vAcc></extensions></trkpt>
      <trkpt lon="-123.277890" lat="44.568798"><ele>78.191956</ele><time>2020-10-25T04:50:52Z</time><extensions><speed>0.044221</speed><course>157.851562</course><hAcc>1.919063</hAcc><vAcc>1.321198</vAcc></extensions></trkpt>
      <trkpt lon="-123.277890" lat="44.568798"><ele>78.227219</ele><time>2020-10-25T04:50:53Z</time><extensions><speed>0.020862</speed><course>157.851562</course><hAcc>1.993283</hAcc><vAcc>1.371711</vAcc></extensions></trkpt>
      <trkpt lon="-123.277890" lat="44.568798"><ele>78.261665</ele><time>2020-10-25T04:50:54Z</time><extensions><speed>0.023058</speed><course>157.851562</course><hAcc>2.063338</hAcc><vAcc>1.419333</vAcc></extensions></trkpt>
      <trkpt lon="-123.277890" lat="44.568797"><ele>78.294495</ele><time>2020-10-25T04:50:55Z</time><extensions><speed>0.058761</speed><course>157.851562</course><hAcc>2.128073</hAcc><vAcc>1.463285</vAcc></extensions></trkpt>
      <trkpt lon="-123.277891" lat="44.568797"><ele>78.324898</ele><time>2020-10-25T04:50:56Z</time><extensions><speed>0.102594</speed><course>157.851562</course><hAcc>2.186618</hAcc><vAcc>1.502993</vAcc></extensions></trkpt>
      <trkpt lon="-123.277891" lat="44.568796"><ele>78.352112</ele><time>2020-10-25T04:50:57Z</time><extensions><speed>0.151915</speed><course>157.851562</course><hAcc>2.238338</hAcc><vAcc>1.538042</vAcc></extensions></trkpt>
      <trkpt lon="-123.277891" lat="44.568794"><ele>78.375427</ele><time>2020-10-25T04:50:58Z</time><extensions><speed>0.205659</speed><course>157.851562</course><hAcc>2.282775</hAcc><vAcc>1.568145</vAcc></extensions></trkpt>
      <trkpt lon="-123.277891" lat="44.568792"><ele>78.394203</ele><time>2020-10-25T04:50:59Z</time><extensions><speed>0.262824</speed><course>157.851562</course><hAcc>2.319608</hAcc><vAcc>1.593109</vAcc></extensions></trkpt>
      <trkpt lon="-123.277891" lat="44.568789"><ele>78.407906</ele><time>2020-10-25T04:51:00Z</time><extensions><speed>0.322370</speed><course>157.851562</course><hAcc>2.348622</hAcc><vAcc>1.612807</vAcc></extensions></trkpt>
      <trkpt lon="-123.277891" lat="44.568786"><ele>78.416107</ele><time>2020-10-25T04:51:01Z</time><extensions><speed>0.383251</speed><course>157.851562</course><hAcc>2.369671</hAcc><vAcc>1.627162</vAcc></extensions></trkpt>
      <trkpt lon="-123.277891" lat="44.568782"><ele>78.418472</ele><time>2020-10-25T04:51:02Z</time><extensions><speed>0.444494</speed><course>157.851562</course><hAcc>2.382667</hAcc><vAcc>1.636126</vAcc></extensions></trkpt>
      <trkpt lon="-123.277891" lat="44.568778"><ele>78.414780</ele><time>2020-10-25T04:51:03Z</time><extensions><speed>0.505182</speed><course>157.851562</course><hAcc>2.387558</hAcc><vAcc>1.639676</vAcc></extensions></trkpt>
      <trkpt lon="-123.277891" lat="44.568773"><ele>78.404869</ele><time>2020-10-25T04:51:04Z</time><extensions><speed>0.564459</speed><course>157.851562</course><hAcc>2.384324</hAcc><vAcc>1.637801</vAcc></extensions></trkpt>
      <trkpt lon="-123.277890" lat="44.568768"><ele>78.388657</ele><time>2020-10-25T04:51:05Z</time><extensions><speed>0.621561</speed><course>157.851562</course><hAcc>2.372965</hAcc><vAcc>1.630502</vAcc></extensions></trkpt>
      <trkpt lon="-123.277890" lat="44.568762"><ele>78.366104</ele><time>2020-10-25T04:51:06Z</time><extensions><speed>0.675827</speed><course>157.851562</course><hAcc>2.353512</hAcc><vAcc>1.617790</vAcc></extensions></trkpt>
      <trkpt lon="-123.277890" lat="44.568756"><ele>78.337166</ele><time>2020-10-25T04:51:07Z</time><extensions><speed>0.726711</speed><course>157.851562</course><hAcc>2.326024</hAcc><vAcc>1.599694</vAcc></extensions></trkpt>
      <trkpt lon="-123.277890" lat="44.568749"><ele>78.301811</ele><time>2020-10-25T04:51:08Z</time><extensions><speed>0.773780</speed><course>157.851562</course><hAcc>2.290601</hAcc><vAcc>1.576264</vAcc></extensions></trkpt>
      <trkpt lon="-123.277889" lat="44.568742"><ele>78.260002</ele><time>2020-10-25T04:51:09Z</time><extensions><speed>0.816630</speed><course>157.851562</course><hAcc>2.247403</hAcc><vAcc>1.547588</vAcc></extensions></trkpt>
      <trkpt lon="-123.277889" lat="44.568734"><ele>78.211716</ele><time>2020-10-25T04:51:10Z</time><extensions><speed>0.854825</speed><course>157.851562</course><hAcc>2.196668</hAcc><vAcc>1.513804</vAcc></extensions></trkpt>
      <trkpt lon="-123.277888" lat="44.568726"><ele>78.157005</ele><time>2020-10-25T04:51:11Z</time><extensions><speed>0.887883</speed><course>157.851562</course><hAcc>2.138740</hAcc><vAcc>1.475120</vAcc></extensions></trkpt>
      <trkpt lon="-123.277888" lat="44.568718"><ele>78.095955</ele><time>2020-10-25T04:51:12Z</time><extensions><speed>0.915269</speed><course>157.851562</course><hAcc>2.074107</hAcc><vAcc>1.431844</vAcc></extensions></trkpt>
      <trkpt lon="-123.277887" lat="44.568710"><ele>78.028755</ele><time>2020-10-25T04:51:13Z</time><extensions><speed>0.936404</speed><course>157.851562</course><hAcc>2.003438</hAcc><vAcc>1.384409</vAcc></extensions></trkpt>
      <trkpt lon="-123.277886" lat="44.568702"><ele>77.955673</ele><time>2020-10-25T04:51:14Z</time><extensions><speed>0.950670</speed><course>157.851562</course><hAcc>1.927634</hAcc><vAcc>1.333417</vAcc></extensions></trkpt>
      <trkpt lon="-123.277885" lat="44.568693"><ele>77.877037</ele><time>2020-10-25T04:51:15Z</time><extensions><speed>0.957484</speed><course>157.851562</course><hAcc>1.847876</hAcc><vAcc>1.279669</vAcc></extensions></trkpt>
      <trkpt lon="-123.277884" lat="44.568684"><ele>77.793304</ele><time>2020-10-25T04:51:16Z</time><extensions><speed>0.956222</speed><course>157.851562</course><hAcc>1.765676</hAcc><vAcc>1.224208</vAcc></extensions></trkpt>
      <trkpt lon="-123.277882" lat="44.568676"><ele>77.705070</ele><time>2020-10-25T04:51:17Z</time><extensions><speed>0.946471</speed><course>157.851562</course><hAcc>1.682903</hAcc><vAcc>1.168337</vAcc></extensions></trkpt>
      <trkpt lon="-123.277880" lat="44.568668"><ele>77.612900</ele><time>2020-10-25T04:51:18Z</time><extensions><speed>0.928749</speed><course>157.851562</course><hAcc>1.601562</hAcc><vAcc>1.113472</vAcc></extensions></trkpt>
      <trkpt lon="-123.277878" lat="44.568660"><ele>77.517326</ele><time>2020-10-25T04:51:19Z</time><extensions><speed>0.904436</speed><course>157.851562</course><hAcc>1.523335</hAcc><vAcc>1.060825</vAcc></extensions></trkpt>
      <trkpt lon="-123.277876" lat="44.568652"><ele>77.418907</ele><time>2020-10-25T04:51:20Z</time><extensions><speed>0.875178</speed><course>157.851562</course><hAcc>1.449330</hAcc><vAcc>1.011228</vAcc></extensions></trkpt>
      <trkpt lon="-123.277873" lat="44.568644"><ele>77.318115</ele><time>2020-10-25T04:51:21Z</time><extensions><speed>0.842600</speed><course>157.851562</course><hAcc>1.380084</hAcc><vAcc>0.965103</vAcc></extensions></trkpt>
      <trkpt lon="-123.277870" lat="44.568637"><ele>77.215393</ele><time>2020-10-25T04:51:22Z</time><extensions><speed>0.808043</speed><course>157.851562</course><hAcc>1.315644</hAcc><vAcc>0.922512</vAcc></extensions></trkpt>
      <trkpt lon="-123.277867" lat="44.568631"><ele>77.111313</ele><time>2020-10-25T04:51:23Z</time><extensions><speed>0.772507</speed><course>157.851562</course><hAcc>1.255746</hAcc><vAcc>0.883273</vAcc></extensions></trkpt>
      <trkpt lon="-123.277863" lat="44.568624"><ele>77.006577</ele><time>2020-10-25T04:51:24Z</time><extensions><speed>0.736825</speed><course>157.851562</course><hAcc>1.200030</hAcc><vAcc>0.847111</vAcc></extensions></trkpt>
      <trkpt lon="-123.277858" lat="44.568619"><ele>76.901978</ele><time>2020-10-25T04:51:25Z</time><extensions><speed>0.701761</speed><course>157.851562</course><hAcc>1.148269</hAcc><vAcc>0.813804</vAcc></extensions></trkpt>
      <trkpt lon="-123.277853" lat="44.568614"><ele>76.798706</ele><time>2020-10-25T04:51:26Z</time><extensions><speed>0.668187</speed><course>157.851562</course><hAcc>1.100592</hAcc><vAcc>0.783343</vAcc></extensions></trkpt>
      <trkpt lon="-123.277848" lat="44.568609"><ele>76.698364</ele><time>2020-10-25T04:51:27Z</time><extensions><speed>0.637153</speed><course>157.851562</course><hAcc>1.057643</hAcc><vAcc>0.756033</vAcc></extensions></trkpt>
      <trkpt lon="-123.277842" lat="44.568605"><ele>76.602753</ele><time>2020-10-25T04:51:28Z</time><extensions><speed>0.609812</speed><course>157.851562</course><hAcc>1.020349</hAcc><vAcc>0.732362</vAcc></extensions></trkpt>
      <trkpt lon="-123.277837" lat="44.568602"><ele>76.513519</ele><time>2020-10-25T04:51:29Z</time><extensions><speed>0.587180</speed><course>157.851562</course><hAcc>0.989305</hAcc><vAcc>0.712637</vAcc></extensions></trkpt>
      <trkpt lon="-123.277830" lat="44.568599"><ele>76.431816</ele><time>2020-10-25T04:51:30Z</time><extensions><speed>0.569428</speed><course>157.851562</course><hAcc>0.964514</hAcc><vAcc>0.696824</vAcc></extensions></trkpt>
      <trkpt lon="-123.277824" lat="44.568597"><ele>76.358131</ele><time>2020-10-25T04:51:31Z</time><extensions><speed>0.555561</speed><course>157.851562</course><hAcc>0.945510</hAcc><vAcc>0.684619</vAcc></extensions></trkpt>
      <trkpt lon="-123.277817" lat="44.568596"><ele>76.292442</ele><time>2020-10-25T04:51:32Z</time><extensions><speed>0.543874</speed><course>157.851562</course><hAcc>0.931519</hAcc><vAcc>0.675547</vAcc></extensions></trkpt>
      <trkpt lon="-123.277810" lat="44.568595"><ele>76.234505</ele><time>2020-10-25T04:51:33Z</time><extensions><speed>0.532290</speed><course>157.851562</course><hAcc>0.921626</hAcc><vAcc>0.669051</vAcc></extensions></trkpt>
      <trkpt lon="-123.277804" lat="44.568595"><ele>76.183998</ele><time>2020-10-25T04:51:34Z</time><extensions><speed>0.518392</speed><course>157.851562</course><hAcc>0.914909</hAcc><vAcc>0.664571</vAcc></extensions></trkpt>
      <trkpt lon="-123.277797" lat="44.568595"><ele>76.140884</ele><time>2020-10-25T04:51:35Z</time><extensions><speed>0.499461</speed><course>157.851562</course><hAcc>0.910533</hAcc><vAcc>0.661596</vAcc></extensions></trkpt>
      <trkpt lon="-123.277791" lat="44.568596"><ele>76.105438</ele><time>2020-10-25T04:51:36Z</time><extensions><speed>0.473193</speed><course>157.851562</course><hAcc>0.907800</hAcc><vAcc>0.659694</vAcc></extensions></trkpt>
      <trkpt lon="-123.277786" lat="44.568597"><ele>76.077911</ele><time>2020-10-25T04:51:37Z</time><extensions><speed>0.438781</speed><course>157.851562</course><hAcc>0.906162</hAcc><vAcc>0.658524</vAcc></extensions></trkpt>
      <trkpt lon="-123.277781" lat="44.568599"><ele>76.058441</ele><time>2020-10-25T04:51:38Z</time><extensions><speed>0.397260</speed><course>157.851562</course><hAcc>0.905217</hAcc><vAcc>0.657827</vAcc></extensions></trkpt>
      <trkpt lon="-123.277777" lat="44.568600"><ele>76.047112</ele><time>2020-10-25T04:51:39Z</time><extensions><speed>0.350433</speed><course>157.851562</course><hAcc>0.904680</hAcc><vAcc>0.657420</vAcc></extensions></trkpt>
      <trkpt lon="-123.277774" lat="44.568602"><ele>76.043938</ele><time>2020-10-25T04:51:40Z</time><extensions><speed>0.300719</speed><course>157.851562</course><hAcc>0.904368</hAcc><vAcc>0.657179</vAcc></extensions></trkpt>
      <trkpt lon="-123.277771" lat="44.568604"><ele>76.048927</ele><time>2020-10-25T04:51:41Z</time><extensions><speed>0.251605</speed><course>157.851562</course><hAcc>0.904167</hAcc><vAcc>0.657026</vAcc></extensions></trkpt>
      <trkpt lon="-123.277769" lat="44.568605"><ele>76.062057</ele><time>2020-10-25T04:51:42Z</time><extensions><speed>0.207538</speed><course>157.851562</course><hAcc>0.904013</hAcc><vAcc>0.656914</vAcc></extensions></trkpt>
      <trkpt lon="-123.277768" lat="44.568607"><ele>76.083275</ele><time>2020-10-25T04:51:43Z</time><extensions><speed>0.174776</speed><course>157.851562</course><hAcc>0.903874</hAcc><vAcc>0.656820</vAcc></extensions></trkpt>
      <trkpt lon="-123.277768" lat="44.568608"><ele>76.112511</ele><time>2020-10-25T04:51:44Z</time><extensions><speed>0.160661</speed><course>157.851562</course><hAcc>0.903738</hAcc><vAcc>0.656731</vAcc></extensions></trkpt>
      <trkpt lon="-123.277768" lat="44.568610"><ele>76.149551</ele><time>2020-10-25T04:51:45Z</time><extensions><speed>0.168361</speed><course>157.851562</course><hAcc>0.903606</hAcc><vAcc>0.656645</vAcc></extensions></trkpt>
      <trkpt lon="-123.277769" lat="44.568611"><ele>76.194000</ele><time>2020-10-25T04:51:46Z</time><extensions><speed>0.192790</speed><course>157.851562</course><hAcc>0.903478</hAcc><vAcc>0.656563</vAcc></extensions></trkpt>
      <trkpt lon="-123.277771" lat="44.568612"><ele>76.245209</ele><time>2020-10-25T04:51:47Z</time><extensions><speed>0.225387</speed><course>157.851562</course><hAcc>0.903361</hAcc><vAcc>0.656486</vAcc></extensions></trkpt>
      <trkpt lon="-123.277773" lat="44.568614"><ele>76.302216</ele><time>2020-10-25T04:51:48Z</time><extensions><speed>0.259290</speed><course>157.851562</course><hAcc>0.903257</hAcc><vAcc>0.656417</vAcc></extensions></trkpt>
      <trkpt lon="-123.277776" lat="44.568615"><ele>76.363747</ele><time>2020-10-25T04:51:49Z</time><extensions><speed>0.289773</speed><course>157.851562</course><hAcc>0.903168</hAcc><vAcc>0.656358</vAcc></extensions></trkpt>
      <trkpt lon="-123.277780" lat="44.568616"><ele>76.428047</ele><time>2020-10-25T04:51:50Z</time><extensions><speed>0.313151</speed><course>157.851562</course><hAcc>0.903095</hAcc><vAcc>0.656308</vAcc></extensions></trkpt>
      <trkpt lon="-123.277783" lat="44.568618"><ele>76.492676</ele><time>2020-10-25T04:51:51Z</time><extensions><speed>0.326697</speed><course>157.851562</course><hAcc>0.903037</hAcc><vAcc>0.656267</vAcc></extensions></trkpt>
      <trkpt lon="-123.277787" lat="44.568619"><ele>76.554672</ele><time>2020-10-25T04:51:52Z</time><extensions><speed>0.328959</speed><course>157.851562</course><hAcc>0.902993</hAcc><vAcc>0.656236</vAcc></extensions></trkpt>
      <trkpt lon="-123.277791" lat="44.568620"><ele>76.610161</ele><time>2020-10-25T04:51:53Z</time><extensions><speed>0.319884</speed><course>157.851562</course><hAcc>0.902960</hAcc><vAcc>0.656212</vAcc></extensions></trkpt>
      <trkpt lon="-123.277794" lat="44.568621"><ele>76.655487</ele><time>2020-10-25T04:51:54Z</time><extensions><speed>0.300936</speed><course>157.851562</course><hAcc>0.902936</hAcc><vAcc>0.656194</vAcc></extensions></trkpt>
      <trkpt lon="-123.277798" lat="44.568622"><ele>76.689491</ele><time>2020-10-25T04:51:55Z</time><extensions><speed>0.274513</speed><course>157.851562</course><hAcc>0.902920</hAcc><vAcc>0.656182</vAcc></extensions></trkpt>
      <trkpt lon="-123.277801" lat="44.568623"><ele>76.712181</ele><time>2020-10-25T04:51:56Z</time><extensions><speed>0.243341</speed><course>157.851562</course><hAcc>0.902909</hAcc><vAcc>0.656173</vAcc></extensions></trkpt>
      <trkpt lon="-123.277803" lat="44.568624"><ele>76.723457</ele><time>2020-10-25T04:51:57Z</time><extensions><speed>0.210120</speed><course>157.851562</course><hAcc>0.902902</hAcc><vAcc>0.656167</vAcc></extensions></trkpt>
      <trkpt lon="-123.277806" lat="44.568624"><ele>76.724129</ele><time>2020-10-25T04:51:58Z</time><extensions><speed>0.177125</speed><course>157.851562</course><hAcc>0.902897</hAcc><vAcc>0.656164</vAcc></extensions></trkpt>
      <trkpt lon="-123.277808" lat="44.568625"><ele>76.715942</ele><time>2020-10-25T04:51:59Z</time><extensions><speed>0.146141</speed><course>157.851562</course><hAcc>0.902895</hAcc><vAcc>0.656161</vAcc></extensions></trkpt>
      <trkpt lon="-123.277809" lat="44.568625"><ele>76.701111</ele><time>2020-10-25T04:52:00Z</time><extensions><speed>0.118696</speed><course>157.851562</course><hAcc>0.902893</hAcc><vAcc>0.656160</vAcc></extensions></trkpt>
      <trkpt lon="-123.277810" lat="44.568625"><ele>76.681908</ele><time>2020-10-25T04:52:01Z</time><extensions><speed>0.096076</speed><course>157.851562</course><hAcc>0.902892</hAcc><vAcc>0.656159</vAcc></extensions></trkpt>
      <trkpt lon="-123.277812" lat="44.568626"><ele>76.660286</ele><time>2020-10-25T04:52:02Z</time><extensions><speed>0.079003</speed><course>157.851562</course><hAcc>0.902892</hAcc><vAcc>0.656159</vAcc></extensions></trkpt>
      <trkpt lon="-123.277812" lat="44.568626"><ele>76.637711</ele><time>2020-10-25T04:52:03Z</time><extensions><speed>0.067384</speed><course>157.851562</course><hAcc>0.902891</hAcc><vAcc>0.656158</vAcc></extensions></trkpt>
      <trkpt lon="-123.277813" lat="44.568626"><ele>76.615082</ele><time>2020-10-25T04:52:04Z</time><extensions><speed>0.060645</speed><course>157.851562</course><hAcc>0.902891</hAcc><vAcc>0.656158</vAcc></extensions></trkpt>
      <trkpt lon="-123.277814" lat="44.568626"><ele>76.592842</ele><time>2020-10-25T04:52:05Z</time><extensions><speed>0.057890</speed><course>157.851562</course><hAcc>0.902891</hAcc><vAcc>0.656158</vAcc></extensions></trkpt>
      <trkpt lon="-123.277814" lat="44.568627"><ele>76.571037</ele><time>2020-10-25T04:52:06Z</time><extensions><speed>0.057740</speed><course>157.851562</course><hAcc>0.902891</hAcc><vAcc>0.656158</vAcc></extensions></trkpt>
      <trkpt lon="-123.277815" lat="44.568627"><ele>76.549530</ele><time>2020-10-25T04:52:07Z</time><extensions><speed>0.058717</speed><course>157.851562</course><hAcc>0.902890</hAcc><vAcc>0.656158</vAcc></extensions></trkpt>
      <trkpt lon="-123.277815" lat="44.568628"><ele>76.528122</ele><time>2020-10-25T04:52:08Z</time><extensions><speed>0.059393</speed><course>157.851562</course><hAcc>0.902890</hAcc><vAcc>0.656158</vAcc></extensions></trkpt>
      <trkpt lon="-123.277815" lat="44.568628"><ele>76.506561</ele><time>2020-10-25T04:52:09Z</time><extensions><speed>0.058659</speed><course>157.851562</course><hAcc>0.902890</hAcc><vAcc>0.656157</vAcc></extensions></trkpt>
      <trkpt lon="-123.277816" lat="44.568629"><ele>76.484474</ele><time>2020-10-25T04:52:10Z</time><extensions><speed>0.056524</speed><course>157.851562</course><hAcc>0.902890</hAcc><vAcc>0.656157</vAcc></extensions></trkpt>
      <trkpt lon="-123.277816" lat="44.568629"><ele>76.461578</ele><time>2020-10-25T04:52:11Z</time><extensions><speed>0.053696</speed><course>157.851562</course><hAcc>0.902890</hAcc><vAcc>0.656157</vAcc></extensions></trkpt>
      <trkpt lon="-123.277816" lat="44.568629"><ele>76.437782</ele><time>2020-10-25T04:52:12Z</time><extensions><speed>0.050834</speed><course>157.851562</course><hAcc>0.902889</hAcc><vAcc>0.656157</vAcc></extensions></trkpt>
      <trkpt lon="-123.277816" lat="44.568630"><ele>76.413307</ele><time>2020-10-25T04:52:13Z</time><extensions><speed>0.048529</speed><course>157.851562</course><hAcc>0.902889</hAcc><vAcc>0.656157</vAcc></extensions></trkpt>
      <trkpt lon="-123.277816" lat="44.568630"><ele>76.388618</ele><time>2020-10-25T04:52:14Z</time><extensions><speed>0.047256</speed><course>157.851562</course><hAcc>0.902889</hAcc><vAcc>0.656157</vAcc></extensions></trkpt>
      <trkpt lon="-123.277816" lat="44.568631"><ele>76.364441</ele><time>2020-10-25T04:52:15Z</time><extensions><speed>0.047319</speed><course>157.851562</course><hAcc>0.902889</hAcc><vAcc>0.656157</vAcc></extensions></trkpt>
      <trkpt lon="-123.277816" lat="44.568631"><ele>76.341805</ele><time>2020-10-25T04:52:16Z</time><extensions><speed>0.048851</speed><course>157.851562</course><hAcc>0.902889</hAcc><vAcc>0.656157</vAcc></extensions></trkpt>
      <trkpt lon="-123.277816" lat="44.568632"><ele>76.321815</ele><time>2020-10-25T04:52:17Z</time><extensions><speed>0.051870</speed><course>157.851562</course><hAcc>0.902889</hAcc><vAcc>0.656157</vAcc></extensions></trkpt>
      <trkpt lon="-123.277816" lat="44.568632"><ele>76.305519</ele><time>2020-10-25T04:52:18Z</time><extensions><speed>0.056350</speed><course>157.851562</course><hAcc>0.902889</hAcc><vAcc>0.656157</vAcc></extensions></trkpt>
      <trkpt lon="-123.277816" lat="44.568633"><ele>76.293755</ele><time>2020-10-25T04:52:19Z</time><extensions><speed>0.062278</speed><course>157.851562</course><hAcc>0.902889</hAcc><vAcc>0.656157</vAcc></extensions></trkpt>
      <trkpt lon="-123.277816" lat="44.568633"><ele>76.287071</ele><time>2020-10-25T04:52:20Z</time><extensions><speed>0.069661</speed><course>157.851562</course><hAcc>0.902889</hAcc><vAcc>0.656157</vAcc></extensions></trkpt>
      <trkpt lon="-123.277815" lat="44.568634"><ele>76.285660</ele><time>2020-10-25T04:52:21Z</time><extensions><speed>0.078514</speed><course>157.851562</course><hAcc>0.902889</hAcc><vAcc>0.656157</vAcc></extensions></trkpt>
      <trkpt lon="-123.277815" lat="44.568635"><ele>76.289253</ele><time>2020-10-25T04:52:22Z</time><extensions><speed>0.088825</speed><course>157.851562</course><hAcc>0.902889</hAcc><vAcc>0.656157</vAcc></extensions></trkpt>
      <trkpt lon="-123.277815" lat="44.568635"><ele>76.297096</ele><time>2020-10-25T04:52:23Z</time><extensions><speed>0.100508</speed><course>157.851562</course><hAcc>0.902889</hAcc><vAcc>0.656157</vAcc></extensions></trkpt>
      <trkpt lon="-123.277815" lat="44.568636"><ele>76.307961</ele><time>2020-10-25T04:52:24Z</time><extensions><speed>0.113383</speed><course>157.851562</course><hAcc>0.902889</hAcc><vAcc>0.656157</vAcc></extensions></trkpt>
      <trkpt lon="-123.277816" lat="44.568638"><ele>76.320236</ele><time>2020-10-25T04:52:25Z</time><extensions><speed>0.127645</speed><course>157.851562</course><hAcc>0.902889</hAcc><vAcc>0.656157</vAcc></extensions></trkpt>
      <trkpt lon="-123.277816" lat="44.568639"><ele>76.331978</ele><time>2020-10-25T04:52:26Z</time><extensions><speed>0.143424</speed><course>157.851562</course><hAcc>0.902889</hAcc><vAcc>0.656157</vAcc></extensions></trkpt>
      <trkpt lon="-123.277816" lat="44.568640"><ele>76.341270</ele><time>2020-10-25T04:52:27Z</time><extensions><speed>0.159965</speed><course>157.851562</course><hAcc>0.902889</hAcc><vAcc>0.656157</vAcc></extensions></trkpt>
      <trkpt lon="-123.277817" lat="44.568641"><ele>76.346603</ele><time>2020-10-25T04:52:28Z</time><extensions><speed>0.175918</speed><course>157.851562</course><hAcc>0.902889</hAcc><vAcc>0.656157</vAcc></extensions></trkpt>
      <trkpt lon="-123.277818" lat="44.568643"><ele>76.347038</ele><time>2020-10-25T04:52:29Z</time><extensions><speed>0.189536</speed><course>157.851562</course><hAcc>0.902889</hAcc><vAcc>0.656157</vAcc></extensions></trkpt>
      <trkpt lon="-123.277819" lat="44.568645"><ele>76.342270</ele><time>2020-10-25T04:52:30Z</time><extensions><speed>0.199235</speed><course>157.851562</course><hAcc>0.902889</hAcc><vAcc>0.656157</vAcc></extensions></trkpt>
      <trkpt lon="-123.277820" lat="44.568646"><ele>76.332634</ele><time>2020-10-25T04:52:31Z</time><extensions><speed>0.204283</speed><course>157.851562</course><hAcc>0.902889</hAcc><vAcc>0.656157</vAcc></extensions></trkpt>
      <trkpt lon="-123.277821" lat="44.568648"><ele>76.319016</ele><time>2020-10-25T04:52:32Z</time><extensions><speed>0.204718</speed><course>157.851562</course><hAcc>0.902889</hAcc><vAcc>0.656157</vAcc></extensions></trkpt>
      <trkpt lon="-123.277822" lat="44.568650"><ele>76.302612</ele><time>2020-10-25T04:52:33Z</time><extensions><speed>0.201554</speed><course>157.851562</course><hAcc>0.902889</hAcc><vAcc>0.656157</vAcc></extensions></trkpt>
      <trkpt lon="-123.277823" lat="44.568651"><ele>76.284607</ele><time>2020-10-25T04:52:34Z</time><extensions><speed>0.196666</speed><course>157.851562</course><hAcc>0.902889</hAcc><vAcc>0.656157</vAcc></extensions></trkpt>
      <trkpt lon="-123.277824" lat="44.568653"><ele>76.266090</ele><time>2020-10-25T04:52:35Z</time><extensions><speed>0.191377</speed><course>157.851562</course><hAcc>0.902889</hAcc><vAcc>0.656157</vAcc></extensions></trkpt>
      <trkpt lon="-123.277825" lat="44.568654"><ele>76.248047</ele><time>2020-10-25T04:52:36Z</time><extensions><speed>0.186012</speed><course>157.851562</course><hAcc>0.902889</hAcc><vAcc>0.656157</vAcc></extensions></trkpt>
      <trkpt lon="-123.277827" lat="44.568656"><ele>76.231300</ele><time>2020-10-25T04:52:37Z</time><extensions><speed>0.180363</speed><course>157.851562</course><hAcc>0.902889</hAcc><vAcc>0.656157</vAcc></extensions></trkpt>
      <trkpt lon="-123.277828" lat="44.568657"><ele>76.216339</ele><time>2020-10-25T04:52:38Z</time><extensions><speed>0.174062</speed><course>157.851562</course><hAcc>0.902889</hAcc><vAcc>0.656157</vAcc></extensions></trkpt>
      <trkpt lon="-123.277829" lat="44.568658"><ele>76.203239</ele><time>2020-10-25T04:52:39Z</time><extensions><speed>0.167113</speed><course>157.851562</course><hAcc>0.902889</hAcc><vAcc>0.656157</vAcc></extensions></trkpt>
      <trkpt lon="-123.277830" lat="44.568659"><ele>76.191582</ele><time>2020-10-25T04:52:40Z</time><extensions><speed>0.159921</speed><course>157.851562</course><hAcc>0.902889</hAcc><vAcc>0.656157</vAcc></extensions></trkpt>
      <trkpt lon="-123.277831" lat="44.568661"><ele>76.180374</ele><time>2020-10-25T04:52:41Z</time><extensions><speed>0.152845</speed><course>157.851562</course><hAcc>0.902890</hAcc><vAcc>0.656157</vAcc></extensions></trkpt>
      <trkpt lon="-123.277833" lat="44.568662"><ele>76.168442</ele><time>2020-10-25T04:52:42Z</time><extensions><speed>0.145975</speed><course>157.851562</course><hAcc>0.902890</hAcc><vAcc>0.656157</vAcc></extensions></trkpt>
      <trkpt lon="-123.277834" lat="44.568663"><ele>76.154800</ele><time>2020-10-25T04:52:43Z</time><extensions><speed>0.139170</speed><course>157.851562</course><hAcc>0.902890</hAcc><vAcc>0.656158</vAcc></extensions></trkpt>
      <trkpt lon="-123.277835" lat="44.568663"><ele>76.138573</ele><time>2020-10-25T04:52:44Z</time><extensions><speed>0.132072</speed><course>157.851562</course><hAcc>0.902890</hAcc><vAcc>0.656158</vAcc></extensions></trkpt>
      <trkpt lon="-123.277836" lat="44.568664"><ele>76.119087</ele><time>2020-10-25T04:52:45Z</time><extensions><speed>0.124114</speed><course>157.851562</course><hAcc>0.902891</hAcc><vAcc>0.656159</vAcc></extensions></trkpt>
      <trkpt lon="-123.277837" lat="44.568665"><ele>76.096092</ele><time>2020-10-25T04:52:46Z</time><extensions><speed>0.114970</speed><course>157.851562</course><hAcc>0.902892</hAcc><vAcc>0.656160</vAcc></extensions></trkpt>
      <trkpt lon="-123.277839" lat="44.568665"><ele>76.069717</ele><time>2020-10-25T04:52:47Z</time><extensions><speed>0.104676</speed><course>157.851562</course><hAcc>0.902894</hAcc><vAcc>0.656161</vAcc></extensions></trkpt>
      <trkpt lon="-123.277840" lat="44.568666"><ele>76.040352</ele><time>2020-10-25T04:52:48Z</time><extensions><speed>0.093477</speed><course>157.851562</course><hAcc>0.902896</hAcc><vAcc>0.656164</vAcc></extensions></trkpt>
      <trkpt lon="-123.277841" lat="44.568666"><ele>76.008575</ele><time>2020-10-25T04:52:49Z</time><extensions><speed>0.082285</speed><course>157.851562</course><hAcc>0.902900</hAcc><vAcc>0.656167</vAcc></extensions></trkpt>
      <trkpt lon="-123.277842" lat="44.568666"><ele>75.975067</ele><time>2020-10-25T04:52:50Z</time><extensions><speed>0.073668</speed><course>157.851562</course><hAcc>0.902905</hAcc><vAcc>0.656171</vAcc></extensions></trkpt>
      <trkpt lon="-123.277843" lat="44.568666"><ele>75.940437</ele><time>2020-10-25T04:52:51Z</time><extensions><speed>0.073255</speed><course>157.851562</course><hAcc>0.902911</hAcc><vAcc>0.656177</vAcc></extensions></trkpt>
      <trkpt lon="-123.277843" lat="44.568666"><ele>75.905128</ele><time>2020-10-25T04:52:52Z</time><extensions><speed>0.086050</speed><course>157.851562</course><hAcc>0.902919</hAcc><vAcc>0.656184</vAcc></extensions></trkpt>
      <trkpt lon="-123.277844" lat="44.568665"><ele>75.869362</ele><time>2020-10-25T04:52:53Z</time><extensions><speed>0.111061</speed><course>157.851562</course><hAcc>0.902929</hAcc><vAcc>0.656192</vAcc></extensions></trkpt>
      <trkpt lon="-123.277844" lat="44.568664"><ele>75.833183</ele><time>2020-10-25T04:52:54Z</time><extensions><speed>0.145088</speed><course>157.851562</course><hAcc>0.902941</hAcc><vAcc>0.656202</vAcc></extensions></trkpt>
      <trkpt lon="-123.277845" lat="44.568662"><ele>75.796410</ele><time>2020-10-25T04:52:55Z</time><extensions><speed>0.186628</speed><course>157.851562</course><hAcc>0.902954</hAcc><vAcc>0.656212</vAcc></extensions></trkpt>
      <trkpt lon="-123.277845" lat="44.568660"><ele>75.758751</ele><time>2020-10-25T04:52:56Z</time><extensions><speed>0.235353</speed><course>157.851562</course><hAcc>0.902968</hAcc><vAcc>0.656224</vAcc></extensions></trkpt>
      <trkpt lon="-123.277845" lat="44.568658"><ele>75.719925</ele><time>2020-10-25T04:52:57Z</time><extensions><speed>0.291822</speed><course>157.851562</course><hAcc>0.902983</hAcc><vAcc>0.656236</vAcc></extensions></trkpt>
      <trkpt lon="-123.277845" lat="44.568655"><ele>75.679825</ele><time>2020-10-25T04:52:58Z</time><extensions><speed>0.357771</speed><course>157.851562</course><hAcc>0.902997</hAcc><vAcc>0.656247</vAcc></extensions></trkpt>
      <trkpt lon="-123.277845" lat="44.568651"><ele>75.638527</ele><time>2020-10-25T04:52:59Z</time><extensions><speed>0.435765</speed><course>157.851562</course><hAcc>0.903011</hAcc><vAcc>0.656258</vAcc></extensions></trkpt>
      <trkpt lon="-123.277845" lat="44.568647"><ele>75.596352</ele><time>2020-10-25T04:53:00Z</time><extensions><speed>0.528612</speed><course>157.851562</course><hAcc>0.903025</hAcc><vAcc>0.656270</vAcc></extensions></trkpt>
      <trkpt lon="-123.277844" lat="44.568642"><ele>75.553886</ele><time>2020-10-25T04:53:01Z</time><extensions><speed>0.638986</speed><course>157.851562</course><hAcc>0.903042</hAcc><vAcc>0.656285</vAcc></extensions></trkpt>
      <trkpt lon="-123.277844" lat="44.568636"><ele>75.511955</ele><time>2020-10-25T04:53:02Z</time><extensions><speed>0.769605</speed><course>157.851562</course><hAcc>0.903065</hAcc><vAcc>0.656308</vAcc></extensions></trkpt>
      <trkpt lon="-123.277843" lat="44.568628"><ele>75.471558</ele><time>2020-10-25T04:53:03Z</time><extensions><speed>0.923712</speed><course>157.851562</course><hAcc>0.903107</hAcc><vAcc>0.656348</vAcc></extensions></trkpt>
      <trkpt lon="-123.277843" lat="44.568619"><ele>75.433876</ele><time>2020-10-25T04:53:04Z</time><extensions><speed>1.104393</speed><course>157.851562</course><hAcc>0.903182</hAcc><vAcc>0.656420</vAcc></extensions></trkpt>
      <trkpt lon="-123.277842" lat="44.568608"><ele>75.400322</ele><time>2020-10-25T04:53:05Z</time><extensions><speed>1.313428</speed><course>157.851562</course><hAcc>0.903320</hAcc><vAcc>0.656546</vAcc></extensions></trkpt>
      <trkpt lon="-123.277842" lat="44.568595"><ele>75.372383</ele><time>2020-10-25T04:53:06Z</time><extensions><speed>1.550738</speed><course>157.851562</course><hAcc>0.903560</hAcc><vAcc>0.656760</vAcc></extensions></trkpt>
      <trkpt lon="-123.277843" lat="44.568580"><ele>75.351273</ele><time>2020-10-25T04:53:07Z</time><extensions><speed>1.814283</speed><course>157.851562</course><hAcc>0.903958</hAcc><vAcc>0.657107</vAcc></extensions></trkpt>
      <trkpt lon="-123.277843" lat="44.568562"><ele>75.337334</ele><time>2020-10-25T04:53:08Z</time><extensions><speed>2.100368</speed><course>157.851562</course><hAcc>0.904591</hAcc><vAcc>0.657649</vAcc></extensions></trkpt>
      <trkpt lon="-123.277844" lat="44.568542"><ele>75.329514</ele><time>2020-10-25T04:53:09Z</time><extensions><speed>2.404254</speed><course>157.851562</course><hAcc>0.905554</hAcc><vAcc>0.658459</vAcc></extensions></trkpt>
      <trkpt lon="-123.277846" lat="44.568519"><ele>75.326347</ele><time>2020-10-25T04:53:10Z</time><extensions><speed>2.721385</speed><course>157.851562</course><hAcc>0.906944</hAcc><vAcc>0.659614</vAcc></extensions></trkpt>
      <trkpt lon="-123.277848" lat="44.568493"><ele>75.327110</ele><time>2020-10-25T04:53:11Z</time><extensions><speed>3.044790</speed><course>157.851562</course><hAcc>0.908886</hAcc><vAcc>0.661209</vAcc></extensions></trkpt>
      <trkpt lon="-123.277850" lat="44.568464"><ele>75.331268</ele><time>2020-10-25T04:53:12Z</time><extensions><speed>3.368529</speed><course>157.851562</course><hAcc>0.911530</hAcc><vAcc>0.663355</vAcc></extensions></trkpt>
      <trkpt lon="-123.277852" lat="44.568433"><ele>75.338066</ele><time>2020-10-25T04:53:13Z</time><extensions><speed>3.685522</speed><course>157.851562</course><hAcc>0.914992</hAcc><vAcc>0.666138</vAcc></extensions></trkpt>
      <trkpt lon="-123.277855" lat="44.568398"><ele>75.346680</ele><time>2020-10-25T04:53:14Z</time><extensions><speed>3.989142</speed><course>157.851562</course><hAcc>0.919352</hAcc><vAcc>0.669615</vAcc></extensions></trkpt>
      <trkpt lon="-123.277858" lat="44.568361"><ele>75.356346</ele><time>2020-10-25T04:53:15Z</time><extensions><speed>4.274031</speed><course>157.851562</course><hAcc>0.924629</hAcc><vAcc>0.673798</vAcc></extensions></trkpt>
      <trkpt lon="-123.277861" lat="44.568321"><ele>75.366264</ele><time>2020-10-25T04:53:16Z</time><extensions><speed>4.536250</speed><course>157.851562</course><hAcc>0.930751</hAcc><vAcc>0.678633</vAcc></extensions></trkpt>
      <trkpt lon="-123.277865" lat="44.568280"><ele>75.375427</ele><time>2020-10-25T04:53:17Z</time><extensions><speed>4.773206</speed><course>157.851562</course><hAcc>0.937536</hAcc><vAcc>0.683985</vAcc></extensions></trkpt>
      <trkpt lon="-123.277868" lat="44.568236"><ele>75.382767</ele><time>2020-10-25T04:53:18Z</time><extensions><speed>4.983772</speed><course>157.851562</course><hAcc>0.944688</hAcc><vAcc>0.689644</vAcc></extensions></trkpt>
      <trkpt lon="-123.277871" lat="44.568190"><ele>75.387711</ele><time>2020-10-25T04:53:19Z</time><extensions><speed>5.168199</speed><course>157.851562</course><hAcc>0.951832</hAcc><vAcc>0.695350</vAcc></extensions></trkpt>
      <trkpt lon="-123.277874" lat="44.568143"><ele>75.390030</ele><time>2020-10-25T04:53:20Z</time><extensions><speed>5.328096</speed><course>157.851562</course><hAcc>0.958608</hAcc><vAcc>0.700864</vAcc></extensions></trkpt>
      <trkpt lon="-123.277877" lat="44.568094"><ele>75.389214</ele><time>2020-10-25T04:53:21Z</time><extensions><speed>5.465071</speed><course>157.851562</course><hAcc>0.964843</hAcc><vAcc>0.706097</vAcc></extensions></trkpt>
      <trkpt lon="-123.277880" lat="44.568045"><ele>75.384483</ele><time>2020-10-25T04:53:22Z</time><extensions><speed>5.579952</speed><course>157.851562</course><hAcc>0.970973</hAcc><vAcc>0.711419</vAcc></extensions></trkpt>
      <trkpt lon="-123.277883" lat="44.567994"><ele>75.375320</ele><time>2020-10-25T04:53:23Z</time><extensions><speed>5.673316</speed><course>157.851562</course><hAcc>0.978685</hAcc><vAcc>0.718133</vAcc></extensions></trkpt>
      <trkpt lon="-123.277886" lat="44.567943"><ele>75.361595</ele><time>2020-10-25T04:53:24Z</time><extensions><speed>5.746231</speed><course>157.851562</course><hAcc>0.991494</hAcc><vAcc>0.728874</vAcc></extensions></trkpt>
      <trkpt lon="-123.277889" lat="44.567891"><ele>75.343575</ele><time>2020-10-25T04:53:25Z</time><extensions><speed>5.800576</speed><course>157.851562</course><hAcc>1.015083</hAcc><vAcc>0.747804</vAcc></extensions></trkpt>
      <trkpt lon="-123.277891" lat="44.567839"><ele>75.321426</ele><time>2020-10-25T04:53:26Z</time><extensions><speed>5.838268</speed><course>157.851562</course><hAcc>1.057239</hAcc><vAcc>0.780498</vAcc></extensions></trkpt>
      <trkpt lon="-123.277893" lat="44.567786"><ele>75.295067</ele><time>2020-10-25T04:53:27Z</time><extensions><speed>5.861597</speed><course>157.851562</course><hAcc>1.126891</hAcc><vAcc>0.833201</vAcc></extensions></trkpt>
      <trkpt lon="-123.277895" lat="44.567733"><ele>75.264679</ele><time>2020-10-25T04:53:28Z</time><extensions><speed>5.874049</speed><course>157.851562</course><hAcc>1.232248</hAcc><vAcc>0.911493</vAcc></extensions></trkpt>
      <trkpt lon="-123.277897" lat="44.567680"><ele>75.231232</ele><time>2020-10-25T04:53:29Z</time><extensions><speed>5.879632</speed><course>157.851562</course><hAcc>1.378969</hAcc><vAcc>1.019080</vAcc></extensions></trkpt>
      <trkpt lon="-123.277899" lat="44.567627"><ele>75.196075</ele><time>2020-10-25T04:53:30Z</time><extensions><speed>5.881503</speed><course>157.851562</course><hAcc>1.569242</hAcc><vAcc>1.157248</vAcc></extensions></trkpt>
      <trkpt lon="-123.277901" lat="44.567575"><ele>75.160225</ele><time>2020-10-25T04:53:31Z</time><extensions><speed>5.881822</speed><course>157.851562</course><hAcc>1.802017</hAcc><vAcc>1.325099</vAcc></extensions></trkpt>
    </trkseg>
  </trk>
</gpx>