<?xml version="1.0" encoding="UTF-8"?>
<gpx version="1.1" creator="Apple Health Export" xmlns="http://www.topografix.com/GPX/1/1" xmlns:xsi="http://www.w3.org/2001/XMLSchema-instance" xsi:schemaLocation="http://www.topografix.com/GPX/1/1 http://www.topografix.com/GPX/1/1/gpx.xsd">
  <metadata>
    <time>2021-02-21T19:24:47Z</time>
  </metadata>
  <trk>
    <name>Route 2020-09-26 4:38pm</name>
    <trkseg>
      <trkpt lon="-123.279370" lat="44.563101"><ele>73.096687</ele><time>2020-09-26T23:30:23Z</time><extensions><speed>0.530000</speed><course>-1.000000</course><hAcc>10.000000</hAcc><vAcc>12.000000</vAcc></extensions></trkpt>
      <trkpt lon="-123.279364" lat="44.563105"><ele>72.556465</ele><time>2020-09-26T23:30:24Z</time><extensions><speed>0.530000</speed><course>-1.000000</course><hAcc>10.000000</hAcc><vAcc>12.000000</vAcc></extensions></trkpt>
      <trkpt lon="-123.279224" lat="44.563197"><ele>73.351143</ele><time>2020-09-26T23:30:28Z</time><extensions><speed>0.580000</speed><course>-1.000000</course><hAcc>5.000000</hAcc><vAcc>6.000000</vAcc></extensions></trkpt>
      <trkpt lon="-123.279229" lat="44.563196"><ele>72.626289</ele><time>2020-09-26T23:30:29Z</time><extensions><speed>1.250000</speed><course>267.539062</course><hAcc>5.000000</hAcc><vAcc>4.000000</vAcc></extensions></trkpt>
      <trkpt lon="-123.279182" lat="44.563198"><ele>68.801704</ele><time>2020-09-26T23:30:30Z</time><extensions><speed>1.060000</speed><course>291.796875</course><hAcc>5.000000</hAcc><vAcc>6.000000</vAcc></extensions></trkpt>
      <trkpt lon="-123.279181" lat="44.563192"><ele>66.270393</ele><time>2020-09-26T23:30:31Z</time><extensions><speed>1.250000</speed><course>303.398438</course><hAcc>5.000000</hAcc><vAcc>4.000000</vAcc></extensions></trkpt>
      <trkpt lon="-123.279216" lat="44.563220"><ele>68.622505</ele><time>2020-09-26T23:30:32Z</time><extensions><speed>1.060000</speed><course>303.398438</course><hAcc>5.000000</hAcc><vAcc>6.000000</vAcc></extensions></trkpt>
      <trkpt lon="-123.279230" lat="44.563207"><ele>72.477242</ele><time>2020-09-26T23:30:34Z</time><extensions><speed>1.300000</speed><course>287.929688</course><hAcc>5.000000</hAcc><vAcc>3.000000</vAcc></extensions></trkpt>
      <trkpt lon="-123.279250" lat="44.563217"><ele>72.533455</ele><time>2020-09-26T23:30:35Z</time><extensions><speed>1.300000</speed><course>293.203125</course><hAcc>5.000000</hAcc><vAcc>3.000000</vAcc></extensions></trkpt>
      <trkpt lon="-123.279266" lat="44.563225"><ele>72.511543</ele><time>2020-09-26T23:30:36Z</time><extensions><speed>1.250000</speed><course>294.609375</course><hAcc>5.000000</hAcc><vAcc>3.000000</vAcc></extensions></trkpt>
      <trkpt lon="-123.279284" lat="44.563234"><ele>71.846077</ele><time>2020-09-26T23:30:37Z</time><extensions><speed>1.250000</speed><course>295.664062</course><hAcc>5.000000</hAcc><vAcc>3.000000</vAcc></extensions></trkpt>
      <trkpt lon="-123.279300" lat="44.563239"><ele>71.734627</ele><time>2020-09-26T23:30:38Z</time><extensions><speed>1.240000</speed><course>283.359375</course><hAcc>5.000000</hAcc><vAcc>3.000000</vAcc></extensions></trkpt>
      <trkpt lon="-123.279318" lat="44.563242"><ele>71.531807</ele><time>2020-09-26T23:30:39Z</time><extensions><speed>1.210000</speed><course>272.812500</course><hAcc>5.000000</hAcc><vAcc>3.000000</vAcc></extensions></trkpt>
      <trkpt lon="-123.279336" lat="44.563243"><ele>71.435188</ele><time>2020-09-26T23:30:40Z</time><extensions><speed>1.400000</speed><course>275.625000</course><hAcc>5.000000</hAcc><vAcc>3.000000</vAcc></extensions></trkpt>
      <trkpt lon="-123.279354" lat="44.563248"><ele>71.397652</ele><time>2020-09-26T23:30:41Z</time><extensions><speed>1.400000</speed><course>285.820312</course><hAcc>5.000000</hAcc><vAcc>3.000000</vAcc></extensions></trkpt>
      <trkpt lon="-123.279367" lat="44.563255"><ele>71.488350</ele><time>2020-09-26T23:30:42Z</time><extensions><speed>1.400000</speed><course>303.398438</course><hAcc>5.000000</hAcc><vAcc>3.000000</vAcc></extensions></trkpt>
      <trkpt lon="-123.279378" lat="44.563263"><ele>71.525642</ele><time>2020-09-26T23:30:43Z</time><extensions><speed>1.320000</speed><course>313.593750</course><hAcc>5.000000</hAcc><vAcc>3.000000</vAcc></extensions></trkpt>
      <trkpt lon="-123.279387" lat="44.563268"><ele>71.549019</ele><time>2020-09-26T23:30:44Z</time><extensions><speed>1.320000</speed><course>309.023438</course><hAcc>5.000000</hAcc><vAcc>3.000000</vAcc></extensions></trkpt>
      <trkpt lon="-123.279398" lat="44.563271"><ele>71.482979</ele><time>2020-09-26T23:30:45Z</time><extensions><speed>1.170000</speed><course>272.460938</course><hAcc>5.000000</hAcc><vAcc>3.000000</vAcc></extensions></trkpt>
      <trkpt lon="-123.279410" lat="44.563274"><ele>71.209053</ele><time>2020-09-26T23:30:46Z</time><extensions><speed>1.080000</speed><course>330.468750</course><hAcc>5.000000</hAcc><vAcc>3.000000</vAcc></extensions></trkpt>
      <trkpt lon="-123.279416" lat="44.563282"><ele>70.999763</ele><time>2020-09-26T23:30:47Z</time><extensions><speed>1.550000</speed><course>2.109375</course><hAcc>5.000000</hAcc><vAcc>3.000000</vAcc></extensions></trkpt>
      <trkpt lon="-123.279416" lat="44.563292"><ele>71.012703</ele><time>2020-09-26T23:30:48Z</time><extensions><speed>1.550000</speed><course>13.359375</course><hAcc>5.000000</hAcc><vAcc>3.000000</vAcc></extensions></trkpt>
      <trkpt lon="-123.279412" lat="44.563298"><ele>71.037361</ele><time>2020-09-26T23:30:49Z</time><extensions><speed>1.280000</speed><course>358.242188</course><hAcc>5.000000</hAcc><vAcc>3.000000</vAcc></extensions></trkpt>
      <trkpt lon="-123.279409" lat="44.563301"><ele>70.883186</ele><time>2020-09-26T23:30:50Z</time><extensions><speed>0.780000</speed><course>318.867188</course><hAcc>5.000000</hAcc><vAcc>3.000000</vAcc></extensions></trkpt>
      <trkpt lon="-123.279410" lat="44.563305"><ele>70.831329</ele><time>2020-09-26T23:30:51Z</time><extensions><speed>0.740000</speed><course>328.710938</course><hAcc>5.000000</hAcc><vAcc>3.000000</vAcc></extensions></trkpt>
      <trkpt lon="-123.279412" lat="44.563305"><ele>70.882027</ele><time>2020-09-26T23:30:52Z</time><extensions><speed>0.580000</speed><course>261.562500</course><hAcc>5.000000</hAcc><vAcc>3.000000</vAcc></extensions></trkpt>
      <trkpt lon="-123.279412" lat="44.563305"><ele>70.889633</ele><time>2020-09-26T23:30:53Z</time><extensions><speed>0.000000</speed><course>242.226562</course><hAcc>5.000000</hAcc><vAcc>3.000000</vAcc></extensions></trkpt>
      <trkpt lon="-123.279407" lat="44.563300"><ele>70.832840</ele><time>2020-09-26T23:30:54Z</time><extensions><speed>0.240000</speed><course>65.742188</course><hAcc>5.000000</hAcc><vAcc>3.000000</vAcc></extensions></trkpt>
      <trkpt lon="-123.279407" lat="44.563300"><ele>70.858406</ele><time>2020-09-26T23:30:55Z</time><extensions><speed>0.000000</speed><course>57.304688</course><hAcc>5.000000</hAcc><vAcc>3.000000</vAcc></extensions></trkpt>
      <trkpt lon="-123.279407" lat="44.563300"><ele>70.947044</ele><time>2020-09-26T23:30:56Z</time><extensions><speed>0.000000</speed><course>98.437500</course><hAcc>5.000000</hAcc><vAcc>3.000000</vAcc></extensions></trkpt>
      <trkpt lon="-123.279407" lat="44.563300"><ele>70.835617</ele><time>2020-09-26T23:30:57Z</time><extensions><speed>0.000000</speed><course>46.757812</course><hAcc>5.000000</hAcc><vAcc>3.000000</vAcc></extensions></trkpt>
      <trkpt lon="-123.279407" lat="44.563300"><ele>70.531815</ele><time>2020-09-26T23:30:58Z</time><extensions><speed>0.000000</speed><course>323.085938</course><hAcc>5.000000</hAcc><vAcc>3.000000</vAcc></extensions></trkpt>
      <trkpt lon="-123.279407" lat="44.563300"><ele>70.487984</ele><time>2020-09-26T23:30:59Z</time><extensions><speed>0.000000</speed><course>323.085938</course><hAcc>5.000000</hAcc><vAcc>3.000000</vAcc></extensions></trkpt>
      <trkpt lon="-123.279407" lat="44.563300"><ele>70.594391</ele><time>2020-09-26T23:31:00Z</time><extensions><speed>0.000000</speed><course>323.085938</course><hAcc>5.000000</hAcc><vAcc>3.000000</vAcc></extensions></trkpt>
      <trkpt lon="-123.279407" lat="44.563300"><ele>70.615639</ele><time>2020-09-26T23:31:01Z</time><extensions><speed>0.000000</speed><course>146.953125</course><hAcc>5.000000</hAcc><vAcc>3.000000</vAcc></extensions></trkpt>
      <trkpt lon="-123.279407" lat="44.563300"><ele>70.568214</ele><time>2020-09-26T23:31:02Z</time><extensions><speed>0.000000</speed><course>8.437500</course><hAcc>5.000000</hAcc><vAcc>3.000000</vAcc></extensions></trkpt>
      <trkpt lon="-123.279407" lat="44.563300"><ele>70.617073</ele><time>2020-09-26T23:31:03Z</time><extensions><speed>0.000000</speed><course>8.437500</course><hAcc>5.000000</hAcc><vAcc>3.000000</vAcc></extensions></trkpt>
      <trkpt lon="-123.279407" lat="44.563300"><ele>70.517609</ele><time>2020-09-26T23:31:04Z</time><extensions><speed>0.000000</speed><course>8.437500</course><hAcc>5.000000</hAcc><vAcc>3.000000</vAcc></extensions></trkpt>
      <trkpt lon="-123.279407" lat="44.563300"><ele>70.506302</ele><time>2020-09-26T23:31:05Z</time><extensions><speed>0.000000</speed><course>8.437500</course><hAcc>5.000000</hAcc><vAcc>3.000000</vAcc></extensions></trkpt>
      <trkpt lon="-123.279407" lat="44.563300"><ele>70.472542</ele><time>2020-09-26T23:31:06Z</time><extensions><speed>0.000000</speed><course>8.437500</course><hAcc>5.000000</hAcc><vAcc>3.000000</vAcc></extensions></trkpt>
      <trkpt lon="-123.279407" lat="44.563300"><ele>70.468414</ele><time>2020-09-26T23:31:07Z</time><extensions><speed>0.000000</speed><course>8.437500</course><hAcc>5.000000</hAcc><vAcc>3.000000</vAcc></extensions></trkpt>
      <trkpt lon="-123.279407" lat="44.563300"><ele>70.511101</ele><time>2020-09-26T23:31:08Z</time><extensions><speed>0.000000</speed><course>8.437500</course><hAcc>5.000000</hAcc><vAcc>3.000000</vAcc></extensions></trkpt>
      <trkpt lon="-123.279407" lat="44.563300"><ele>70.452805</ele><time>2020-09-26T23:31:09Z</time><extensions><speed>0.000000</speed><course>8.437500</course><hAcc>5.000000</hAcc><vAcc>3.000000</vAcc></extensions></trkpt>
      <trkpt lon="-123.279407" lat="44.563300"><ele>70.426926</ele><time>2020-09-26T23:31:10Z</time><extensions><speed>0.000000</speed><course>8.437500</course><hAcc>5.000000</hAcc><vAcc>3.000000</vAcc></extensions></trkpt>
      <trkpt lon="-123.279407" lat="44.563300"><ele>70.419586</ele><time>2020-09-26T23:31:11Z</time><extensions><speed>0.000000</speed><course>8.437500</course><hAcc>5.000000</hAcc><vAcc>3.000000</vAcc></extensions></trkpt>
      <trkpt lon="-123.279407" lat="44.563300"><ele>70.347046</ele><time>2020-09-26T23:31:12Z</time><extensions><speed>0.000000</speed><course>8.437500</course><hAcc>5.000000</hAcc><vAcc>3.000000</vAcc></extensions></trkpt>
      <trkpt lon="-123.279407" lat="44.563300"><ele>70.403114</ele><time>2020-09-26T23:31:13Z</time><extensions><speed>0.000000</speed><course>8.437500</course><hAcc>5.000000</hAcc><vAcc>3.000000</vAcc></extensions></trkpt>
      <trkpt lon="-123.279407" lat="44.563300"><ele>70.390915</ele><time>2020-09-26T23:31:14Z</time><extensions><speed>0.000000</speed><course>8.437500</course><hAcc>5.000000</hAcc><vAcc>3.000000</vAcc></extensions></trkpt>
      <trkpt lon="-123.279407" lat="44.563300"><ele>70.375946</ele><time>2020-09-26T23:31:15Z</time><extensions><speed>0.000000</speed><course>8.437500</course><hAcc>5.000000</hAcc><vAcc>3.000000</vAcc></extensions></trkpt>
      <trkpt lon="-123.279407" lat="44.563300"><ele>70.387520</ele><time>2020-09-26T23:31:16Z</time><extensions><speed>0.000000</speed><course>8.437500</course><hAcc>5.000000</hAcc><vAcc>3.000000</vAcc></extensions></trkpt>
      <trkpt lon="-123.279407" lat="44.563300"><ele>70.248863</ele><time>2020-09-26T23:31:17Z</time><extensions><speed>0.000000</speed><course>8.437500</course><hAcc>5.000000</hAcc><vAcc>3.000000</vAcc></extensions></trkpt>
      <trkpt lon="-123.279407" lat="44.563300"><ele>70.317619</ele><time>2020-09-26T23:31:18Z</time><extensions><speed>0.000000</speed><course>8.437500</course><hAcc>5.000000</hAcc><vAcc>3.000000</vAcc></extensions></trkpt>
      <trkpt lon="-123.279407" lat="44.563300"><ele>70.250198</ele><time>2020-09-26T23:31:19Z</time><extensions><speed>0.000000</speed><course>8.437500</course><hAcc>5.000000</hAcc><vAcc>3.000000</vAcc></extensions></trkpt>
      <trkpt lon="-123.279407" lat="44.563300"><ele>70.225586</ele><time>2020-09-26T23:31:20Z</time><extensions><speed>0.000000</speed><course>8.437500</course><hAcc>5.000000</hAcc><vAcc>3.000000</vAcc></extensions></trkpt>
      <trkpt lon="-123.279407" lat="44.563300"><ele>70.163345</ele><time>2020-09-26T23:31:21Z</time><extensions><speed>0.000000</speed><course>8.437500</course><hAcc>5.000000</hAcc><vAcc>3.000000</vAcc></extensions></trkpt>
      <trkpt lon="-123.279398" lat="44.563302"><ele>70.232506</ele><time>2020-09-26T23:31:22Z</time><extensions><speed>0.180000</speed><course>315.351562</course><hAcc>5.000000</hAcc><vAcc>3.000000</vAcc></extensions></trkpt>
      <trkpt lon="-123.279398" lat="44.563302"><ele>70.196518</ele><time>2020-09-26T23:31:23Z</time><extensions><speed>0.000000</speed><course>315.351562</course><hAcc>5.000000</hAcc><vAcc>3.000000</vAcc></extensions></trkpt>
      <trkpt lon="-123.279398" lat="44.563302"><ele>70.165604</ele><time>2020-09-26T23:31:24Z</time><extensions><speed>0.000000</speed><course>315.351562</course><hAcc>5.000000</hAcc><vAcc>3.000000</vAcc></extensions></trkpt>
      <trkpt lon="-123.279398" lat="44.563302"><ele>70.099548</ele><time>2020-09-26T23:31:25Z</time><extensions><speed>0.000000</speed><course>315.351562</course><hAcc>5.000000</hAcc><vAcc>3.000000</vAcc></extensions></trkpt>
      <trkpt lon="-123.279398" lat="44.563302"><ele>69.984962</ele><time>2020-09-26T23:31:26Z</time><extensions><speed>0.000000</speed><course>155.742188</course><hAcc>5.000000</hAcc><vAcc>3.000000</vAcc></extensions></trkpt>
      <trkpt lon="-123.279398" lat="44.563302"><ele>69.990974</ele><time>2020-09-26T23:31:27Z</time><extensions><speed>0.000000</speed><course>155.742188</course><hAcc>5.000000</hAcc><vAcc>3.000000</vAcc></extensions></trkpt>
      <trkpt lon="-123.279398" lat="44.563302"><ele>70.082771</ele><time>2020-09-26T23:31:28Z</time><extensions><speed>0.000000</speed><course>155.742188</course><hAcc>5.000000</hAcc><vAcc>3.000000</vAcc></extensions></trkpt>
      <trkpt lon="-123.279398" lat="44.563302"><ele>69.987839</ele><time>2020-09-26T23:31:29Z</time><extensions><speed>0.000000</speed><course>122.343750</course><hAcc>5.000000</hAcc><vAcc>3.000000</vAcc></extensions></trkpt>
      <trkpt lon="-123.279398" lat="44.563302"><ele>70.289093</ele><time>2020-09-26T23:31:30Z</time><extensions><speed>0.000000</speed><course>206.367188</course><hAcc>5.000000</hAcc><vAcc>3.000000</vAcc></extensions></trkpt>
      <trkpt lon="-123.279420" lat="44.563283"><ele>69.914909</ele><time>2020-09-26T23:31:31Z</time><extensions><speed>0.930000</speed><course>223.593750</course><hAcc>5.000000</hAcc><vAcc>3.000000</vAcc></extensions></trkpt>
      <trkpt lon="-123.279432" lat="44.563275"><ele>70.078880</ele><time>2020-09-26T23:31:32Z</time><extensions><speed>1.730000</speed><course>243.984375</course><hAcc>5.000000</hAcc><vAcc>3.000000</vAcc></extensions></trkpt>
      <trkpt lon="-123.279454" lat="44.563264"><ele>70.214386</ele><time>2020-09-26T23:31:33Z</time><extensions><speed>2.460000</speed><course>228.164062</course><hAcc>5.000000</hAcc><vAcc>3.000000</vAcc></extensions></trkpt>
      <trkpt lon="-123.279476" lat="44.563251"><ele>70.075897</ele><time>2020-09-26T23:31:34Z</time><extensions><speed>2.160000</speed><course>207.070312</course><hAcc>5.000000</hAcc><vAcc>3.000000</vAcc></extensions></trkpt>
      <trkpt lon="-123.279495" lat="44.563238"><ele>70.031891</ele><time>2020-09-26T23:31:35Z</time><extensions><speed>2.460000</speed><course>224.648438</course><hAcc>5.000000</hAcc><vAcc>3.000000</vAcc></extensions></trkpt>
      <trkpt lon="-123.279517" lat="44.563224"><ele>70.227997</ele><time>2020-09-26T23:31:36Z</time><extensions><speed>2.500000</speed><course>227.460938</course><hAcc>5.000000</hAcc><vAcc>3.000000</vAcc></extensions></trkpt>
      <trkpt lon="-123.279547" lat="44.563219"><ele>70.292282</ele><time>2020-09-26T23:31:37Z</time><extensions><speed>3.290000</speed><course>254.531250</course><hAcc>5.000000</hAcc><vAcc>3.000000</vAcc></extensions></trkpt>
      <trkpt lon="-123.279587" lat="44.563225"><ele>70.238556</ele><time>2020-09-26T23:31:38Z</time><extensions><speed>3.390000</speed><course>275.625000</course><hAcc>5.000000</hAcc><vAcc>3.000000</vAcc></extensions></trkpt>
      <trkpt lon="-123.279623" lat="44.563248"><ele>70.568306</ele><time>2020-09-26T23:31:39Z</time><extensions><speed>3.390000</speed><course>304.804688</course><hAcc>5.000000</hAcc><vAcc>3.000000</vAcc></extensions></trkpt>
      <trkpt lon="-123.279651" lat="44.563284"><ele>70.198563</ele><time>2020-09-26T23:31:40Z</time><extensions><speed>3.740000</speed><course>324.492188</course><hAcc>5.000000</hAcc><vAcc>3.000000</vAcc></extensions></trkpt>
      <trkpt lon="-123.279670" lat="44.563330"><ele>70.313187</ele><time>2020-09-26T23:31:41Z</time><extensions><speed>4.650000</speed><course>338.203125</course><hAcc>5.000000</hAcc><vAcc>3.000000</vAcc></extensions></trkpt>
      <trkpt lon="-123.279682" lat="44.563376"><ele>70.627342</ele><time>2020-09-26T23:31:42Z</time><extensions><speed>4.650000</speed><course>341.015625</course><hAcc>5.000000</hAcc><vAcc>3.000000</vAcc></extensions></trkpt>
      <trkpt lon="-123.279691" lat="44.563419"><ele>70.601166</ele><time>2020-09-26T23:31:43Z</time><extensions><speed>4.350000</speed><course>344.179688</course><hAcc>5.000000</hAcc><vAcc>3.000000</vAcc></extensions></trkpt>
      <trkpt lon="-123.279703" lat="44.563469"><ele>70.629593</ele><time>2020-09-26T23:31:44Z</time><extensions><speed>4.350000</speed><course>343.125000</course><hAcc>5.000000</hAcc><vAcc>3.000000</vAcc></extensions></trkpt>
      <trkpt lon="-123.279719" lat="44.563523"><ele>70.530434</ele><time>2020-09-26T23:31:45Z</time><extensions><speed>5.530000</speed><course>344.179688</course><hAcc>5.000000</hAcc><vAcc>3.000000</vAcc></extensions></trkpt>
      <trkpt lon="-123.279744" lat="44.563577"><ele>70.676529</ele><time>2020-09-26T23:31:46Z</time><extensions><speed>5.620000</speed><course>332.578125</course><hAcc>5.000000</hAcc><vAcc>3.000000</vAcc></extensions></trkpt>
      <trkpt lon="-123.279772" lat="44.563631"><ele>71.024979</ele><time>2020-09-26T23:31:47Z</time><extensions><speed>5.530000</speed><course>334.687500</course><hAcc>5.000000</hAcc><vAcc>3.000000</vAcc></extensions></trkpt>
      <trkpt lon="-123.279798" lat="44.563681"><ele>70.992661</ele><time>2020-09-26T23:31:48Z</time><extensions><speed>5.490000</speed><course>338.554688</course><hAcc>5.000000</hAcc><vAcc>3.000000</vAcc></extensions></trkpt>
      <trkpt lon="-123.279823" lat="44.563730"><ele>71.995903</ele><time>2020-09-26T23:31:49Z</time><extensions><speed>5.350000</speed><course>338.203125</course><hAcc>5.000000</hAcc><vAcc>3.000000</vAcc></extensions></trkpt>
      <trkpt lon="-123.279843" lat="44.563779"><ele>71.883545</ele><time>2020-09-26T23:31:50Z</time><extensions><speed>5.350000</speed><course>342.421875</course><hAcc>5.000000</hAcc><vAcc>3.000000</vAcc></extensions></trkpt>
      <trkpt lon="-123.279857" lat="44.563827"><ele>72.398956</ele><time>2020-09-26T23:31:51Z</time><extensions><speed>5.340000</speed><course>343.476562</course><hAcc>5.000000</hAcc><vAcc>3.000000</vAcc></extensions></trkpt>
      <trkpt lon="-123.279867" lat="44.563876"><ele>72.364731</ele><time>2020-09-26T23:31:52Z</time><extensions><speed>5.250000</speed><course>350.859375</course><hAcc>5.000000</hAcc><vAcc>3.000000</vAcc></extensions></trkpt>
      <trkpt lon="-123.279875" lat="44.563924"><ele>72.495918</ele><time>2020-09-26T23:31:53Z</time><extensions><speed>5.170000</speed><course>348.398438</course><hAcc>5.000000</hAcc><vAcc>3.000000</vAcc></extensions></trkpt>
      <trkpt lon="-123.279880" lat="44.563972"><ele>72.779800</ele><time>2020-09-26T23:31:54Z</time><extensions><speed>5.040000</speed><course>351.210938</course><hAcc>5.000000</hAcc><vAcc>3.000000</vAcc></extensions></trkpt>
      <trkpt lon="-123.279884" lat="44.564019"><ele>72.823280</ele><time>2020-09-26T23:31:55Z</time><extensions><speed>5.040000</speed><course>351.210938</course><hAcc>5.000000</hAcc><vAcc>3.000000</vAcc></extensions></trkpt>
      <trkpt lon="-123.279881" lat="44.564065"><ele>73.076233</ele><time>2020-09-26T23:31:56Z</time><extensions><speed>4.880000</speed><course>344.179688</course><hAcc>5.000000</hAcc><vAcc>3.000000</vAcc></extensions></trkpt>
      <trkpt lon="-123.279893" lat="44.564114"><ele>73.765976</ele><time>2020-09-26T23:31:57Z</time><extensions><speed>4.820000</speed><course>351.210938</course><hAcc>5.000000</hAcc><vAcc>3.000000</vAcc></extensions></trkpt>
      <trkpt lon="-123.279875" lat="44.564156"><ele>73.788628</ele><time>2020-09-26T23:31:58Z</time><extensions><speed>4.820000</speed><course>359.296875</course><hAcc>5.000000</hAcc><vAcc>3.000000</vAcc></extensions></trkpt>
      <trkpt lon="-123.279883" lat="44.564200"><ele>74.009628</ele><time>2020-09-26T23:31:59Z</time><extensions><speed>4.910000</speed><course>353.671875</course><hAcc>5.000000</hAcc><vAcc>3.000000</vAcc></extensions></trkpt>
      <trkpt lon="-123.279864" lat="44.564238"><ele>73.927917</ele><time>2020-09-26T23:32:00Z</time><extensions><speed>4.910000</speed><course>358.242188</course><hAcc>5.000000</hAcc><vAcc>3.000000</vAcc></extensions></trkpt>
      <trkpt lon="-123.279860" lat="44.564287"><ele>73.730782</ele><time>2020-09-26T23:32:01Z</time><extensions><speed>4.910000</speed><course>1.054688</course><hAcc>5.000000</hAcc><vAcc>3.000000</vAcc></extensions></trkpt>
      <trkpt lon="-123.279851" lat="44.564338"><ele>73.970345</ele><time>2020-09-26T23:32:02Z</time><extensions><speed>5.130000</speed><course>0.351562</course><hAcc>5.000000</hAcc><vAcc>3.000000</vAcc></extensions></trkpt>
      <trkpt lon="-123.279849" lat="44.564382"><ele>73.864357</ele><time>2020-09-26T23:32:03Z</time><extensions><speed>5.070000</speed><course>358.945312</course><hAcc>5.000000</hAcc><vAcc>3.000000</vAcc></extensions></trkpt>
      <trkpt lon="-123.279860" lat="44.564431"><ele>73.791580</ele><time>2020-09-26T23:32:04Z</time><extensions><speed>5.330000</speed><course>354.375000</course><hAcc>5.000000</hAcc><vAcc>3.000000</vAcc></extensions></trkpt>
      <trkpt lon="-123.279868" lat="44.564475"><ele>74.012123</ele><time>2020-09-26T23:32:05Z</time><extensions><speed>5.070000</speed><course>359.648438</course><hAcc>5.000000</hAcc><vAcc>3.000000</vAcc></extensions></trkpt>
      <trkpt lon="-123.279873" lat="44.564524"><ele>74.954529</ele><time>2020-09-26T23:32:06Z</time><extensions><speed>4.720000</speed><course>359.648438</course><hAcc>5.000000</hAcc><vAcc>3.000000</vAcc></extensions></trkpt>
      <trkpt lon="-123.279896" lat="44.564571"><ele>74.235390</ele><time>2020-09-26T23:32:07Z</time><extensions><speed>4.450000</speed><course>348.046875</course><hAcc>5.000000</hAcc><vAcc>3.000000</vAcc></extensions></trkpt>
      <trkpt lon="-123.279920" lat="44.564616"><ele>73.900970</ele><time>2020-09-26T23:32:08Z</time><extensions><speed>4.580000</speed><course>342.070312</course><hAcc>5.000000</hAcc><vAcc>3.000000</vAcc></extensions></trkpt>
      <trkpt lon="-123.279945" lat="44.564654"><ele>73.979240</ele><time>2020-09-26T23:32:09Z</time><extensions><speed>4.580000</speed><course>342.070312</course><hAcc>5.000000</hAcc><vAcc>3.000000</vAcc></extensions></trkpt>
      <trkpt lon="-123.279926" lat="44.564712"><ele>74.103767</ele><time>2020-09-26T23:32:10Z</time><extensions><speed>4.580000</speed><course>7.031250</course><hAcc>5.000000</hAcc><vAcc>3.000000</vAcc></extensions></trkpt>
      <trkpt lon="-123.279920" lat="44.564746"><ele>74.102844</ele><time>2020-09-26T23:32:11Z</time><extensions><speed>4.530000</speed><course>0.351562</course><hAcc>5.000000</hAcc><vAcc>3.000000</vAcc></extensions></trkpt>
      <trkpt lon="-123.279913" lat="44.564787"><ele>74.455498</ele><time>2020-09-26T23:32:12Z</time><extensions><speed>4.760000</speed><course>1.054688</course><hAcc>5.000000</hAcc><vAcc>3.000000</vAcc></extensions></trkpt>
      <trkpt lon="-123.279908" lat="44.564824"><ele>74.303955</ele><time>2020-09-26T23:32:13Z</time><extensions><speed>4.270000</speed><course>3.515625</course><hAcc>5.000000</hAcc><vAcc>3.000000</vAcc></extensions></trkpt>
      <trkpt lon="-123.279896" lat="44.564862"><ele>74.552490</ele><time>2020-09-26T23:32:14Z</time><extensions><speed>4.600000</speed><course>8.789062</course><hAcc>5.000000</hAcc><vAcc>3.000000</vAcc></extensions></trkpt>
      <trkpt lon="-123.279888" lat="44.564909"><ele>73.975456</ele><time>2020-09-26T23:32:15Z</time><extensions><speed>4.600000</speed><course>3.164062</course><hAcc>5.000000</hAcc><vAcc>3.000000</vAcc></extensions></trkpt>
      <trkpt lon="-123.279889" lat="44.564948"><ele>74.125725</ele><time>2020-09-26T23:32:16Z</time><extensions><speed>4.600000</speed><course>0.000000</course><hAcc>5.000000</hAcc><vAcc>3.000000</vAcc></extensions></trkpt>
      <trkpt lon="-123.279892" lat="44.564985"><ele>74.103012</ele><time>2020-09-26T23:32:17Z</time><extensions><speed>4.240000</speed><course>356.835938</course><hAcc>5.000000</hAcc><vAcc>3.000000</vAcc></extensions></trkpt>
      <trkpt lon="-123.279900" lat="44.565032"><ele>74.088203</ele><time>2020-09-26T23:32:18Z</time><extensions><speed>4.550000</speed><course>358.242188</course><hAcc>5.000000</hAcc><vAcc>3.000000</vAcc></extensions></trkpt>
      <trkpt lon="-123.279889" lat="44.565070"><ele>74.255814</ele><time>2020-09-26T23:32:19Z</time><extensions><speed>4.550000</speed><course>1.054688</course><hAcc>5.000000</hAcc><vAcc>3.000000</vAcc></extensions></trkpt>
      <trkpt lon="-123.279873" lat="44.565110"><ele>74.242096</ele><time>2020-09-26T23:32:20Z</time><extensions><speed>4.550000</speed><course>11.601562</course><hAcc>5.000000</hAcc><vAcc>3.000000</vAcc></extensions></trkpt>
      <trkpt lon="-123.279867" lat="44.565151"><ele>74.413116</ele><time>2020-09-26T23:32:21Z</time><extensions><speed>4.370000</speed><course>3.867188</course><hAcc>5.000000</hAcc><vAcc>3.000000</vAcc></extensions></trkpt>
      <trkpt lon="-123.279866" lat="44.565192"><ele>74.666481</ele><time>2020-09-26T23:32:22Z</time><extensions><speed>4.440000</speed><course>1.757812</course><hAcc>5.000000</hAcc><vAcc>3.000000</vAcc></extensions></trkpt>
      <trkpt lon="-123.279866" lat="44.565230"><ele>74.488571</ele><time>2020-09-26T23:32:23Z</time><extensions><speed>4.370000</speed><course>2.109375</course><hAcc>5.000000</hAcc><vAcc>3.000000</vAcc></extensions></trkpt>
      <trkpt lon="-123.279864" lat="44.565269"><ele>74.432617</ele><time>2020-09-26T23:32:24Z</time><extensions><speed>4.410000</speed><course>3.867188</course><hAcc>5.000000</hAcc><vAcc>3.000000</vAcc></extensions></trkpt>
      <trkpt lon="-123.279858" lat="44.565312"><ele>74.876823</ele><time>2020-09-26T23:32:25Z</time><extensions><speed>4.830000</speed><course>8.437500</course><hAcc>5.000000</hAcc><vAcc>3.000000</vAcc></extensions></trkpt>
      <trkpt lon="-123.279848" lat="44.565356"><ele>74.799713</ele><time>2020-09-26T23:32:26Z</time><extensions><speed>4.830000</speed><course>10.195312</course><hAcc>5.000000</hAcc><vAcc>3.000000</vAcc></extensions></trkpt>
      <trkpt lon="-123.279853" lat="44.565417"><ele>75.024223</ele><time>2020-09-26T23:32:27Z</time><extensions><speed>4.830000</speed><course>2.460938</course><hAcc>5.000000</hAcc><vAcc>3.000000</vAcc></extensions></trkpt>
      <trkpt lon="-123.279860" lat="44.565451"><ele>75.428192</ele><time>2020-09-26T23:32:28Z</time><extensions><speed>4.810000</speed><course>354.726562</course><hAcc>5.000000</hAcc><vAcc>3.000000</vAcc></extensions></trkpt>
      <trkpt lon="-123.279859" lat="44.565508"><ele>75.314140</ele><time>2020-09-26T23:32:29Z</time><extensions><speed>5.470000</speed><course>358.945312</course><hAcc>5.000000</hAcc><vAcc>3.000000</vAcc></extensions></trkpt>
      <trkpt lon="-123.279877" lat="44.565591"><ele>75.183876</ele><time>2020-09-26T23:32:30Z</time><extensions><speed>5.440000</speed><course>359.296875</course><hAcc>5.000000</hAcc><vAcc>3.000000</vAcc></extensions></trkpt>
      <trkpt lon="-123.279873" lat="44.565647"><ele>75.651543</ele><time>2020-09-26T23:32:31Z</time><extensions><speed>5.930000</speed><course>358.593750</course><hAcc>5.000000</hAcc><vAcc>3.000000</vAcc></extensions></trkpt>
      <trkpt lon="-123.279869" lat="44.565708"><ele>75.165138</ele><time>2020-09-26T23:32:32Z</time><extensions><speed>5.930000</speed><course>359.648438</course><hAcc>5.000000</hAcc><vAcc>3.000000</vAcc></extensions></trkpt>
      <trkpt lon="-123.279867" lat="44.565768"><ele>75.141380</ele><time>2020-09-26T23:32:33Z</time><extensions><speed>5.960000</speed><course>2.109375</course><hAcc>5.000000</hAcc><vAcc>3.000000</vAcc></extensions></trkpt>
      <trkpt lon="-123.279885" lat="44.565824"><ele>75.122398</ele><time>2020-09-26T23:32:34Z</time><extensions><speed>5.960000</speed><course>350.859375</course><hAcc>5.000000</hAcc><vAcc>4.000000</vAcc></extensions></trkpt>
      <trkpt lon="-123.279897" lat="44.565879"><ele>75.511833</ele><time>2020-09-26T23:32:35Z</time><extensions><speed>6.390000</speed><course>349.804688</course><hAcc>5.000000</hAcc><vAcc>4.000000</vAcc></extensions></trkpt>
      <trkpt lon="-123.279908" lat="44.565939"><ele>75.368553</ele><time>2020-09-26T23:32:36Z</time><extensions><speed>6.420000</speed><course>354.023438</course><hAcc>5.000000</hAcc><vAcc>4.000000</vAcc></extensions></trkpt>
      <trkpt lon="-123.279872" lat="44.565972"><ele>75.554970</ele><time>2020-09-26T23:32:37Z</time><extensions><speed>6.390000</speed><course>5.625000</course><hAcc>5.000000</hAcc><vAcc>4.000000</vAcc></extensions></trkpt>
      <trkpt lon="-123.279874" lat="44.566030"><ele>75.380356</ele><time>2020-09-26T23:32:38Z</time><extensions><speed>6.250000</speed><course>359.296875</course><hAcc>5.000000</hAcc><vAcc>4.000000</vAcc></extensions></trkpt>
      <trkpt lon="-123.279853" lat="44.566085"><ele>75.553413</ele><time>2020-09-26T23:32:39Z</time><extensions><speed>5.940000</speed><course>2.109375</course><hAcc>5.000000</hAcc><vAcc>4.000000</vAcc></extensions></trkpt>
      <trkpt lon="-123.279853" lat="44.566172"><ele>75.543297</ele><time>2020-09-26T23:32:40Z</time><extensions><speed>6.100000</speed><course>5.625000</course><hAcc>5.000000</hAcc><vAcc>4.000000</vAcc></extensions></trkpt>
      <trkpt lon="-123.279849" lat="44.566215"><ele>75.502617</ele><time>2020-09-26T23:32:41Z</time><extensions><speed>5.940000</speed><course>8.437500</course><hAcc>5.000000</hAcc><vAcc>4.000000</vAcc></extensions></trkpt>
      <trkpt lon="-123.279842" lat="44.566253"><ele>75.641121</ele><time>2020-09-26T23:32:42Z</time><extensions><speed>5.650000</speed><course>1.054688</course><hAcc>5.000000</hAcc><vAcc>4.000000</vAcc></extensions></trkpt>
      <trkpt lon="-123.279861" lat="44.566301"><ele>75.508736</ele><time>2020-09-26T23:32:43Z</time><extensions><speed>4.950000</speed><course>357.187500</course><hAcc>5.000000</hAcc><vAcc>3.000000</vAcc></extensions></trkpt>
      <trkpt lon="-123.279864" lat="44.566346"><ele>75.228828</ele><time>2020-09-26T23:32:44Z</time><extensions><speed>5.010000</speed><course>357.890625</course><hAcc>5.000000</hAcc><vAcc>4.000000</vAcc></extensions></trkpt>
      <trkpt lon="-123.279843" lat="44.566382"><ele>75.349998</ele><time>2020-09-26T23:32:45Z</time><extensions><speed>4.950000</speed><course>6.679688</course><hAcc>5.000000</hAcc><vAcc>4.000000</vAcc></extensions></trkpt>
      <trkpt lon="-123.279832" lat="44.566403"><ele>74.959076</ele><time>2020-09-26T23:32:46Z</time><extensions><speed>4.530000</speed><course>8.437500</course><hAcc>5.000000</hAcc><vAcc>4.000000</vAcc></extensions></trkpt>
      <trkpt lon="-123.279828" lat="44.566445"><ele>75.409821</ele><time>2020-09-26T23:32:47Z</time><extensions><speed>4.530000</speed><course>359.648438</course><hAcc>5.000000</hAcc><vAcc>4.000000</vAcc></extensions></trkpt>
      <trkpt lon="-123.279839" lat="44.566496"><ele>75.222595</ele><time>2020-09-26T23:32:48Z</time><extensions><speed>4.900000</speed><course>359.648438</course><hAcc>5.000000</hAcc><vAcc>3.000000</vAcc></extensions></trkpt>
      <trkpt lon="-123.279854" lat="44.566542"><ele>75.378883</ele><time>2020-09-26T23:32:49Z</time><extensions><speed>5.130000</speed><course>349.101562</course><hAcc>5.000000</hAcc><vAcc>3.000000</vAcc></extensions></trkpt>
      <trkpt lon="-123.279842" lat="44.566597"><ele>75.526749</ele><time>2020-09-26T23:32:50Z</time><extensions><speed>5.130000</speed><course>1.757812</course><hAcc>5.000000</hAcc><vAcc>3.000000</vAcc></extensions></trkpt>
      <trkpt lon="-123.279839" lat="44.566634"><ele>75.762680</ele><time>2020-09-26T23:32:51Z</time><extensions><speed>5.130000</speed><course>2.460938</course><hAcc>5.000000</hAcc><vAcc>3.000000</vAcc></extensions></trkpt>
      <trkpt lon="-123.279822" lat="44.566686"><ele>75.750244</ele><time>2020-09-26T23:32:52Z</time><extensions><speed>5.180000</speed><course>5.625000</course><hAcc>5.000000</hAcc><vAcc>3.000000</vAcc></extensions></trkpt>
      <trkpt lon="-123.279824" lat="44.566732"><ele>76.221802</ele><time>2020-09-26T23:32:53Z</time><extensions><speed>5.130000</speed><course>4.570312</course><hAcc>5.000000</hAcc><vAcc>3.000000</vAcc></extensions></trkpt>
      <trkpt lon="-123.279816" lat="44.566784"><ele>76.282211</ele><time>2020-09-26T23:32:54Z</time><extensions><speed>5.130000</speed><course>0.000000</course><hAcc>5.000000</hAcc><vAcc>3.000000</vAcc></extensions></trkpt>
      <trkpt lon="-123.279819" lat="44.566823"><ele>76.538704</ele><time>2020-09-26T23:32:55Z</time><extensions><speed>5.100000</speed><course>355.781250</course><hAcc>5.000000</hAcc><vAcc>3.000000</vAcc></extensions></trkpt>
      <trkpt lon="-123.279829" lat="44.566867"><ele>76.199112</ele><time>2020-09-26T23:32:56Z</time><extensions><speed>5.070000</speed><course>354.726562</course><hAcc>5.000000</hAcc><vAcc>3.000000</vAcc></extensions></trkpt>
      <trkpt lon="-123.279830" lat="44.566923"><ele>76.214821</ele><time>2020-09-26T23:32:57Z</time><extensions><speed>4.950000</speed><course>359.296875</course><hAcc>5.000000</hAcc><vAcc>3.000000</vAcc></extensions></trkpt>
      <trkpt lon="-123.279829" lat="44.566970"><ele>76.373627</ele><time>2020-09-26T23:32:58Z</time><extensions><speed>3.900000</speed><course>358.593750</course><hAcc>5.000000</hAcc><vAcc>3.000000</vAcc></extensions></trkpt>
      <trkpt lon="-123.279811" lat="44.567002"><ele>76.730278</ele><time>2020-09-26T23:32:59Z</time><extensions><speed>4.290000</speed><course>12.304688</course><hAcc>5.000000</hAcc><vAcc>4.000000</vAcc></extensions></trkpt>
      <trkpt lon="-123.279816" lat="44.567053"><ele>75.913338</ele><time>2020-09-26T23:33:00Z</time><extensions><speed>4.290000</speed><course>359.296875</course><hAcc>5.000000</hAcc><vAcc>4.000000</vAcc></extensions></trkpt>
      <trkpt lon="-123.279806" lat="44.567094"><ele>75.557045</ele><time>2020-09-26T23:33:01Z</time><extensions><speed>4.970000</speed><course>7.382812</course><hAcc>5.000000</hAcc><vAcc>4.000000</vAcc></extensions></trkpt>
      <trkpt lon="-123.279800" lat="44.567146"><ele>75.771332</ele><time>2020-09-26T23:33:02Z</time><extensions><speed>5.150000</speed><course>4.570312</course><hAcc>5.000000</hAcc><vAcc>4.000000</vAcc></extensions></trkpt>
      <trkpt lon="-123.279812" lat="44.567204"><ele>75.642838</ele><time>2020-09-26T23:33:03Z</time><extensions><speed>5.280000</speed><course>4.570312</course><hAcc>5.000000</hAcc><vAcc>4.000000</vAcc></extensions></trkpt>
      <trkpt lon="-123.279809" lat="44.567253"><ele>75.475815</ele><time>2020-09-26T23:33:04Z</time><extensions><speed>5.150000</speed><course>3.867188</course><hAcc>5.000000</hAcc><vAcc>4.000000</vAcc></extensions></trkpt>
      <trkpt lon="-123.279810" lat="44.567302"><ele>75.675774</ele><time>2020-09-26T23:33:05Z</time><extensions><speed>5.090000</speed><course>2.460938</course><hAcc>5.000000</hAcc><vAcc>4.000000</vAcc></extensions></trkpt>
      <trkpt lon="-123.279819" lat="44.567368"><ele>75.659019</ele><time>2020-09-26T23:33:06Z</time><extensions><speed>5.090000</speed><course>1.054688</course><hAcc>5.000000</hAcc><vAcc>3.000000</vAcc></extensions></trkpt>
      <trkpt lon="-123.279833" lat="44.567428"><ele>75.694359</ele><time>2020-09-26T23:33:07Z</time><extensions><speed>5.430000</speed><course>0.000000</course><hAcc>5.000000</hAcc><vAcc>3.000000</vAcc></extensions></trkpt>
      <trkpt lon="-123.279843" lat="44.567476"><ele>75.401268</ele><time>2020-09-26T23:33:08Z</time><extensions><speed>5.430000</speed><course>352.617188</course><hAcc>5.000000</hAcc><vAcc>3.000000</vAcc></extensions></trkpt>
      <trkpt lon="-123.279861" lat="44.567520"><ele>75.408440</ele><time>2020-09-26T23:33:09Z</time><extensions><speed>5.140000</speed><course>353.320312</course><hAcc>5.000000</hAcc><vAcc>3.000000</vAcc></extensions></trkpt>
      <trkpt lon="-123.279875" lat="44.567565"><ele>75.502495</ele><time>2020-09-26T23:33:10Z</time><extensions><speed>5.140000</speed><course>352.617188</course><hAcc>5.000000</hAcc><vAcc>3.000000</vAcc></extensions></trkpt>
      <trkpt lon="-123.279902" lat="44.567621"><ele>75.425514</ele><time>2020-09-26T23:33:11Z</time><extensions><speed>5.140000</speed><course>354.726562</course><hAcc>5.000000</hAcc><vAcc>3.000000</vAcc></extensions></trkpt>
      <trkpt lon="-123.279904" lat="44.567674"><ele>75.467140</ele><time>2020-09-26T23:33:12Z</time><extensions><speed>5.250000</speed><course>354.023438</course><hAcc>5.000000</hAcc><vAcc>3.000000</vAcc></extensions></trkpt>
      <trkpt lon="-123.279922" lat="44.567732"><ele>75.410675</ele><time>2020-09-26T23:33:13Z</time><extensions><speed>5.830000</speed><course>351.914062</course><hAcc>5.000000</hAcc><vAcc>3.000000</vAcc></extensions></trkpt>
      <trkpt lon="-123.279924" lat="44.567791"><ele>75.636124</ele><time>2020-09-26T23:33:14Z</time><extensions><speed>5.830000</speed><course>356.484375</course><hAcc>5.000000</hAcc><vAcc>3.000000</vAcc></extensions></trkpt>
      <trkpt lon="-123.279911" lat="44.567826"><ele>75.528648</ele><time>2020-09-26T23:33:15Z</time><extensions><speed>5.830000</speed><course>3.515625</course><hAcc>5.000000</hAcc><vAcc>3.000000</vAcc></extensions></trkpt>
      <trkpt lon="-123.279900" lat="44.567877"><ele>75.498093</ele><time>2020-09-26T23:33:16Z</time><extensions><speed>5.090000</speed><course>3.867188</course><hAcc>5.000000</hAcc><vAcc>3.000000</vAcc></extensions></trkpt>
      <trkpt lon="-123.279895" lat="44.567924"><ele>75.304420</ele><time>2020-09-26T23:33:17Z</time><extensions><speed>5.090000</speed><course>6.328125</course><hAcc>5.000000</hAcc><vAcc>3.000000</vAcc></extensions></trkpt>
      <trkpt lon="-123.279888" lat="44.568006"><ele>75.185745</ele><time>2020-09-26T23:33:18Z</time><extensions><speed>5.090000</speed><course>8.437500</course><hAcc>5.000000</hAcc><vAcc>3.000000</vAcc></extensions></trkpt>
      <trkpt lon="-123.279883" lat="44.568056"><ele>75.295212</ele><time>2020-09-26T23:33:19Z</time><extensions><speed>6.180000</speed><course>2.109375</course><hAcc>5.000000</hAcc><vAcc>3.000000</vAcc></extensions></trkpt>
      <trkpt lon="-123.279881" lat="44.568114"><ele>75.297592</ele><time>2020-09-26T23:33:20Z</time><extensions><speed>6.180000</speed><course>3.164062</course><hAcc>5.000000</hAcc><vAcc>3.000000</vAcc></extensions></trkpt>
      <trkpt lon="-123.279886" lat="44.568170"><ele>75.132889</ele><time>2020-09-26T23:33:21Z</time><extensions><speed>5.940000</speed><course>1.757812</course><hAcc>5.000000</hAcc><vAcc>3.000000</vAcc></extensions></trkpt>
      <trkpt lon="-123.279892" lat="44.568224"><ele>74.884323</ele><time>2020-09-26T23:33:22Z</time><extensions><speed>6.030000</speed><course>356.132812</course><hAcc>5.000000</hAcc><vAcc>3.000000</vAcc></extensions></trkpt>
      <trkpt lon="-123.279894" lat="44.568284"><ele>75.277306</ele><time>2020-09-26T23:33:23Z</time><extensions><speed>5.940000</speed><course>359.648438</course><hAcc>5.000000</hAcc><vAcc>3.000000</vAcc></extensions></trkpt>
      <trkpt lon="-123.279919" lat="44.568351"><ele>75.260506</ele><time>2020-09-26T23:33:24Z</time><extensions><speed>6.030000</speed><course>353.671875</course><hAcc>5.000000</hAcc><vAcc>3.000000</vAcc></extensions></trkpt>
      <trkpt lon="-123.279920" lat="44.568401"><ele>75.498680</ele><time>2020-09-26T23:33:25Z</time><extensions><speed>5.870000</speed><course>356.132812</course><hAcc>5.000000</hAcc><vAcc>3.000000</vAcc></extensions></trkpt>
      <trkpt lon="-123.279927" lat="44.568452"><ele>75.622604</ele><time>2020-09-26T23:33:26Z</time><extensions><speed>6.020000</speed><course>356.835938</course><hAcc>5.000000</hAcc><vAcc>4.000000</vAcc></extensions></trkpt>
      <trkpt lon="-123.279970" lat="44.568527"><ele>75.439606</ele><time>2020-09-26T23:33:27Z</time><extensions><speed>6.020000</speed><course>351.914062</course><hAcc>5.000000</hAcc><vAcc>4.000000</vAcc></extensions></trkpt>
      <trkpt lon="-123.279976" lat="44.568580"><ele>75.125008</ele><time>2020-09-26T23:33:28Z</time><extensions><speed>6.190000</speed><course>356.484375</course><hAcc>5.000000</hAcc><vAcc>4.000000</vAcc></extensions></trkpt>
      <trkpt lon="-123.279983" lat="44.568679"><ele>74.856506</ele><time>2020-09-26T23:33:29Z</time><extensions><speed>6.680000</speed><course>359.296875</course><hAcc>5.000000</hAcc><vAcc>4.000000</vAcc></extensions></trkpt>
      <trkpt lon="-123.279986" lat="44.568756"><ele>75.188721</ele><time>2020-09-26T23:33:30Z</time><extensions><speed>6.680000</speed><course>3.867188</course><hAcc>5.000000</hAcc><vAcc>3.000000</vAcc></extensions></trkpt>
      <trkpt lon="-123.279971" lat="44.568812"><ele>75.191528</ele><time>2020-09-26T23:33:31Z</time><extensions><speed>6.490000</speed><course>4.218750</course><hAcc>5.000000</hAcc><vAcc>3.000000</vAcc></extensions></trkpt>
      <trkpt lon="-123.279984" lat="44.568864"><ele>75.266075</ele><time>2020-09-26T23:33:32Z</time><extensions><speed>6.310000</speed><course>353.671875</course><hAcc>5.000000</hAcc><vAcc>3.000000</vAcc></extensions></trkpt>
      <trkpt lon="-123.280014" lat="44.568912"><ele>75.585312</ele><time>2020-09-26T23:33:33Z</time><extensions><speed>5.870000</speed><course>338.203125</course><hAcc>5.000000</hAcc><vAcc>3.000000</vAcc></extensions></trkpt>
      <trkpt lon="-123.280050" lat="44.568964"><ele>75.689629</ele><time>2020-09-26T23:33:34Z</time><extensions><speed>5.870000</speed><course>335.742188</course><hAcc>5.000000</hAcc><vAcc>3.000000</vAcc></extensions></trkpt>
      <trkpt lon="-123.280068" lat="44.569012"><ele>76.029160</ele><time>2020-09-26T23:33:35Z</time><extensions><speed>5.840000</speed><course>343.476562</course><hAcc>5.000000</hAcc><vAcc>3.000000</vAcc></extensions></trkpt>
      <trkpt lon="-123.280095" lat="44.569074"><ele>76.069374</ele><time>2020-09-26T23:33:36Z</time><extensions><speed>5.840000</speed><course>344.179688</course><hAcc>5.000000</hAcc><vAcc>3.000000</vAcc></extensions></trkpt>
      <trkpt lon="-123.280158" lat="44.569138"><ele>76.296867</ele><time>2020-09-26T23:33:37Z</time><extensions><speed>6.450000</speed><course>329.414062</course><hAcc>5.000000</hAcc><vAcc>3.000000</vAcc></extensions></trkpt>
      <trkpt lon="-123.280230" lat="44.569200"><ele>76.238457</ele><time>2020-09-26T23:33:38Z</time><extensions><speed>7.460000</speed><course>321.679688</course><hAcc>5.000000</hAcc><vAcc>3.000000</vAcc></extensions></trkpt>
      <trkpt lon="-123.280294" lat="44.569250"><ele>76.574471</ele><time>2020-09-26T23:33:39Z</time><extensions><speed>7.460000</speed><course>316.757812</course><hAcc>5.000000</hAcc><vAcc>3.000000</vAcc></extensions></trkpt>
      <trkpt lon="-123.280361" lat="44.569283"><ele>76.550461</ele><time>2020-09-26T23:33:40Z</time><extensions><speed>7.220000</speed><course>308.671875</course><hAcc>5.000000</hAcc><vAcc>3.000000</vAcc></extensions></trkpt>
      <trkpt lon="-123.280343" lat="44.569322"><ele>76.484116</ele><time>2020-09-26T23:33:41Z</time><extensions><speed>7.210000</speed><course>324.140625</course><hAcc>5.000000</hAcc><vAcc>3.000000</vAcc></extensions></trkpt>
      <trkpt lon="-123.280397" lat="44.569368"><ele>76.555664</ele><time>2020-09-26T23:33:42Z</time><extensions><speed>6.320000</speed><course>317.812500</course><hAcc>5.000000</hAcc><vAcc>3.000000</vAcc></extensions></trkpt>
      <trkpt lon="-123.280477" lat="44.569430"><ele>76.642151</ele><time>2020-09-26T23:33:43Z</time><extensions><speed>7.210000</speed><course>316.054688</course><hAcc>5.000000</hAcc><vAcc>3.000000</vAcc></extensions></trkpt>
      <trkpt lon="-123.280508" lat="44.569465"><ele>76.406425</ele><time>2020-09-26T23:33:44Z</time><extensions><speed>5.170000</speed><course>323.085938</course><hAcc>5.000000</hAcc><vAcc>3.000000</vAcc></extensions></trkpt>
      <trkpt lon="-123.280579" lat="44.569530"><ele>76.016212</ele><time>2020-09-26T23:33:45Z</time><extensions><speed>6.320000</speed><course>320.273438</course><hAcc>5.000000</hAcc><vAcc>3.000000</vAcc></extensions></trkpt>
      <trkpt lon="-123.280631" lat="44.569589"><ele>75.865433</ele><time>2020-09-26T23:33:46Z</time><extensions><speed>7.110000</speed><course>322.382812</course><hAcc>5.000000</hAcc><vAcc>3.000000</vAcc></extensions></trkpt>
      <trkpt lon="-123.280701" lat="44.569642"><ele>76.218414</ele><time>2020-09-26T23:33:47Z</time><extensions><speed>7.630000</speed><course>317.812500</course><hAcc>5.000000</hAcc><vAcc>3.000000</vAcc></extensions></trkpt>
      <trkpt lon="-123.280776" lat="44.569710"><ele>76.466263</ele><time>2020-09-26T23:33:48Z</time><extensions><speed>7.150000</speed><course>318.867188</course><hAcc>5.000000</hAcc><vAcc>3.000000</vAcc></extensions></trkpt>
      <trkpt lon="-123.280827" lat="44.569748"><ele>75.536339</ele><time>2020-09-26T23:33:49Z</time><extensions><speed>6.460000</speed><course>317.812500</course><hAcc>5.000000</hAcc><vAcc>3.000000</vAcc></extensions></trkpt>
      <trkpt lon="-123.280877" lat="44.569778"><ele>76.211639</ele><time>2020-09-26T23:33:50Z</time><extensions><speed>6.060000</speed><course>316.054688</course><hAcc>5.000000</hAcc><vAcc>3.000000</vAcc></extensions></trkpt>
      <trkpt lon="-123.280919" lat="44.569826"><ele>75.999901</ele><time>2020-09-26T23:33:51Z</time><extensions><speed>5.710000</speed><course>321.328125</course><hAcc>5.000000</hAcc><vAcc>3.000000</vAcc></extensions></trkpt>
      <trkpt lon="-123.280960" lat="44.569860"><ele>76.538681</ele><time>2020-09-26T23:33:52Z</time><extensions><speed>5.710000</speed><course>320.976562</course><hAcc>5.000000</hAcc><vAcc>3.000000</vAcc></extensions></trkpt>
      <trkpt lon="-123.281017" lat="44.569898"><ele>75.860954</ele><time>2020-09-26T23:33:53Z</time><extensions><speed>5.710000</speed><course>319.921875</course><hAcc>5.000000</hAcc><vAcc>3.000000</vAcc></extensions></trkpt>
      <trkpt lon="-123.281056" lat="44.569929"><ele>76.006462</ele><time>2020-09-26T23:33:54Z</time><extensions><speed>5.730000</speed><course>315.000000</course><hAcc>5.000000</hAcc><vAcc>3.000000</vAcc></extensions></trkpt>
      <trkpt lon="-123.281114" lat="44.569965"><ele>75.675034</ele><time>2020-09-26T23:33:55Z</time><extensions><speed>5.690000</speed><course>314.648438</course><hAcc>5.000000</hAcc><vAcc>3.000000</vAcc></extensions></trkpt>
      <trkpt lon="-123.281126" lat="44.569994"><ele>75.775238</ele><time>2020-09-26T23:33:56Z</time><extensions><speed>5.690000</speed><course>321.679688</course><hAcc>5.000000</hAcc><vAcc>3.000000</vAcc></extensions></trkpt>
      <trkpt lon="-123.281164" lat="44.570040"><ele>75.501282</ele><time>2020-09-26T23:33:57Z</time><extensions><speed>5.330000</speed><course>322.734375</course><hAcc>5.000000</hAcc><vAcc>3.000000</vAcc></extensions></trkpt>
      <trkpt lon="-123.281204" lat="44.570079"><ele>75.788841</ele><time>2020-09-26T23:33:58Z</time><extensions><speed>5.330000</speed><course>323.789062</course><hAcc>5.000000</hAcc><vAcc>3.000000</vAcc></extensions></trkpt>
      <trkpt lon="-123.281254" lat="44.570123"><ele>75.488808</ele><time>2020-09-26T23:33:59Z</time><extensions><speed>5.860000</speed><course>318.515625</course><hAcc>5.000000</hAcc><vAcc>3.000000</vAcc></extensions></trkpt>
      <trkpt lon="-123.281294" lat="44.570149"><ele>76.389603</ele><time>2020-09-26T23:34:00Z</time><extensions><speed>5.860000</speed><course>317.460938</course><hAcc>5.000000</hAcc><vAcc>3.000000</vAcc></extensions></trkpt>
      <trkpt lon="-123.281330" lat="44.570187"><ele>75.856155</ele><time>2020-09-26T23:34:01Z</time><extensions><speed>5.180000</speed><course>318.515625</course><hAcc>5.000000</hAcc><vAcc>3.000000</vAcc></extensions></trkpt>
      <trkpt lon="-123.281374" lat="44.570225"><ele>76.333199</ele><time>2020-09-26T23:34:02Z</time><extensions><speed>5.050000</speed><course>319.570312</course><hAcc>5.000000</hAcc><vAcc>3.000000</vAcc></extensions></trkpt>
      <trkpt lon="-123.281428" lat="44.570272"><ele>76.043610</ele><time>2020-09-26T23:34:03Z</time><extensions><speed>5.050000</speed><course>320.273438</course><hAcc>5.000000</hAcc><vAcc>3.000000</vAcc></extensions></trkpt>
      <trkpt lon="-123.281470" lat="44.570309"><ele>76.079697</ele><time>2020-09-26T23:34:04Z</time><extensions><speed>5.540000</speed><course>319.921875</course><hAcc>5.000000</hAcc><vAcc>3.000000</vAcc></extensions></trkpt>
      <trkpt lon="-123.281513" lat="44.570339"><ele>76.095573</ele><time>2020-09-26T23:34:05Z</time><extensions><speed>5.540000</speed><course>320.273438</course><hAcc>5.000000</hAcc><vAcc>3.000000</vAcc></extensions></trkpt>
      <trkpt lon="-123.281572" lat="44.570384"><ele>76.119774</ele><time>2020-09-26T23:34:06Z</time><extensions><speed>5.540000</speed><course>318.164062</course><hAcc>5.000000</hAcc><vAcc>3.000000</vAcc></extensions></trkpt>
      <trkpt lon="-123.281622" lat="44.570419"><ele>76.044800</ele><time>2020-09-26T23:34:07Z</time><extensions><speed>5.860000</speed><course>315.703125</course><hAcc>5.000000</hAcc><vAcc>3.000000</vAcc></extensions></trkpt>
      <trkpt lon="-123.281681" lat="44.570458"><ele>76.502113</ele><time>2020-09-26T23:34:08Z</time><extensions><speed>6.090000</speed><course>313.242188</course><hAcc>5.000000</hAcc><vAcc>3.000000</vAcc></extensions></trkpt>
      <trkpt lon="-123.281756" lat="44.570497"><ele>76.375938</ele><time>2020-09-26T23:34:09Z</time><extensions><speed>6.090000</speed><course>317.109375</course><hAcc>5.000000</hAcc><vAcc>3.000000</vAcc></extensions></trkpt>
      <trkpt lon="-123.281839" lat="44.570537"><ele>76.404678</ele><time>2020-09-26T23:34:10Z</time><extensions><speed>5.520000</speed><course>322.382812</course><hAcc>5.000000</hAcc><vAcc>3.000000</vAcc></extensions></trkpt>
      <trkpt lon="-123.281863" lat="44.570561"><ele>76.198875</ele><time>2020-09-26T23:34:11Z</time><extensions><speed>4.700000</speed><course>316.757812</course><hAcc>5.000000</hAcc><vAcc>3.000000</vAcc></extensions></trkpt>
      <trkpt lon="-123.281897" lat="44.570590"><ele>75.769936</ele><time>2020-09-26T23:34:12Z</time><extensions><speed>4.550000</speed><course>320.625000</course><hAcc>5.000000</hAcc><vAcc>3.000000</vAcc></extensions></trkpt>
      <trkpt lon="-123.281934" lat="44.570622"><ele>76.064560</ele><time>2020-09-26T23:34:13Z</time><extensions><speed>4.550000</speed><course>320.625000</course><hAcc>10.000000</hAcc><vAcc>4.000000</vAcc></extensions></trkpt>
      <trkpt lon="-123.282004" lat="44.570670"><ele>76.219154</ele><time>2020-09-26T23:34:14Z</time><extensions><speed>5.130000</speed><course>312.539062</course><hAcc>5.000000</hAcc><vAcc>3.000000</vAcc></extensions></trkpt>
      <trkpt lon="-123.282084" lat="44.570726"><ele>75.869644</ele><time>2020-09-26T23:34:15Z</time><extensions><speed>5.130000</speed><course>314.648438</course><hAcc>5.000000</hAcc><vAcc>4.000000</vAcc></extensions></trkpt>
      <trkpt lon="-123.282147" lat="44.570765"><ele>75.222298</ele><time>2020-09-26T23:34:16Z</time><extensions><speed>5.990000</speed><course>317.109375</course><hAcc>5.000000</hAcc><vAcc>3.000000</vAcc></extensions></trkpt>
      <trkpt lon="-123.282218" lat="44.570826"><ele>76.115799</ele><time>2020-09-26T23:34:17Z</time><extensions><speed>6.080000</speed><course>322.031250</course><hAcc>5.000000</hAcc><vAcc>3.000000</vAcc></extensions></trkpt>
      <trkpt lon="-123.282283" lat="44.570876"><ele>75.650894</ele><time>2020-09-26T23:34:18Z</time><extensions><speed>6.080000</speed><course>315.703125</course><hAcc>5.000000</hAcc><vAcc>3.000000</vAcc></extensions></trkpt>
      <trkpt lon="-123.282345" lat="44.570914"><ele>75.780655</ele><time>2020-09-26T23:34:19Z</time><extensions><speed>6.080000</speed><course>316.757812</course><hAcc>5.000000</hAcc><vAcc>3.000000</vAcc></extensions></trkpt>
      <trkpt lon="-123.282399" lat="44.570955"><ele>75.725395</ele><time>2020-09-26T23:34:20Z</time><extensions><speed>6.240000</speed><course>316.757812</course><hAcc>5.000000</hAcc><vAcc>3.000000</vAcc></extensions></trkpt>
      <trkpt lon="-123.282452" lat="44.571009"><ele>76.069405</ele><time>2020-09-26T23:34:21Z</time><extensions><speed>6.240000</speed><course>319.218750</course><hAcc>5.000000</hAcc><vAcc>3.000000</vAcc></extensions></trkpt>
      <trkpt lon="-123.282433" lat="44.571019"><ele>75.482002</ele><time>2020-09-26T23:34:22Z</time><extensions><speed>4.880000</speed><course>325.195312</course><hAcc>5.000000</hAcc><vAcc>3.000000</vAcc></extensions></trkpt>
      <trkpt lon="-123.282472" lat="44.571063"><ele>75.668816</ele><time>2020-09-26T23:34:23Z</time><extensions><speed>5.230000</speed><course>326.953125</course><hAcc>5.000000</hAcc><vAcc>3.000000</vAcc></extensions></trkpt>
      <trkpt lon="-123.282504" lat="44.571091"><ele>76.022316</ele><time>2020-09-26T23:34:24Z</time><extensions><speed>4.880000</speed><course>315.351562</course><hAcc>5.000000</hAcc><vAcc>3.000000</vAcc></extensions></trkpt>
      <trkpt lon="-123.282524" lat="44.571117"><ele>75.589218</ele><time>2020-09-26T23:34:25Z</time><extensions><speed>3.920000</speed><course>320.625000</course><hAcc>5.000000</hAcc><vAcc>3.000000</vAcc></extensions></trkpt>
      <trkpt lon="-123.282554" lat="44.571143"><ele>75.161804</ele><time>2020-09-26T23:34:26Z</time><extensions><speed>3.800000</speed><course>320.625000</course><hAcc>10.000000</hAcc><vAcc>4.000000</vAcc></extensions></trkpt>
      <trkpt lon="-123.282563" lat="44.571179"><ele>74.958961</ele><time>2020-09-26T23:34:27Z</time><extensions><speed>3.970000</speed><course>325.546875</course><hAcc>10.000000</hAcc><vAcc>4.000000</vAcc></extensions></trkpt>
      <trkpt lon="-123.282683" lat="44.571248"><ele>75.409431</ele><time>2020-09-26T23:34:28Z</time><extensions><speed>3.970000</speed><course>319.570312</course><hAcc>5.000000</hAcc><vAcc>4.000000</vAcc></extensions></trkpt>
      <trkpt lon="-123.282729" lat="44.571297"><ele>75.295280</ele><time>2020-09-26T23:34:29Z</time><extensions><speed>5.560000</speed><course>319.921875</course><hAcc>5.000000</hAcc><vAcc>4.000000</vAcc></extensions></trkpt>
      <trkpt lon="-123.282750" lat="44.571334"><ele>75.275856</ele><time>2020-09-26T23:34:30Z</time><extensions><speed>5.740000</speed><course>327.656250</course><hAcc>5.000000</hAcc><vAcc>3.000000</vAcc></extensions></trkpt>
      <trkpt lon="-123.282826" lat="44.571382"><ele>74.884453</ele><time>2020-09-26T23:34:31Z</time><extensions><speed>5.840000</speed><course>323.437500</course><hAcc>5.000000</hAcc><vAcc>4.000000</vAcc></extensions></trkpt>
      <trkpt lon="-123.282902" lat="44.571437"><ele>74.863251</ele><time>2020-09-26T23:34:32Z</time><extensions><speed>5.840000</speed><course>332.929688</course><hAcc>5.000000</hAcc><vAcc>4.000000</vAcc></extensions></trkpt>
      <trkpt lon="-123.282940" lat="44.571486"><ele>75.133789</ele><time>2020-09-26T23:34:33Z</time><extensions><speed>5.680000</speed><course>329.765625</course><hAcc>5.000000</hAcc><vAcc>4.000000</vAcc></extensions></trkpt>
      <trkpt lon="-123.282975" lat="44.571529"><ele>75.906387</ele><time>2020-09-26T23:34:34Z</time><extensions><speed>5.540000</speed><course>329.765625</course><hAcc>5.000000</hAcc><vAcc>4.000000</vAcc></extensions></trkpt>
      <trkpt lon="-123.283008" lat="44.571565"><ele>75.469383</ele><time>2020-09-26T23:34:35Z</time><extensions><speed>5.230000</speed><course>327.304688</course><hAcc>5.000000</hAcc><vAcc>3.000000</vAcc></extensions></trkpt>
      <trkpt lon="-123.283013" lat="44.571589"><ele>75.234329</ele><time>2020-09-26T23:34:36Z</time><extensions><speed>5.230000</speed><course>332.578125</course><hAcc>5.000000</hAcc><vAcc>3.000000</vAcc></extensions></trkpt>
      <trkpt lon="-123.283119" lat="44.571649"><ele>74.995483</ele><time>2020-09-26T23:34:37Z</time><extensions><speed>4.600000</speed><course>316.054688</course><hAcc>5.000000</hAcc><vAcc>3.000000</vAcc></extensions></trkpt>
      <trkpt lon="-123.283150" lat="44.571667"><ele>74.916290</ele><time>2020-09-26T23:34:38Z</time><extensions><speed>4.510000</speed><course>316.054688</course><hAcc>5.000000</hAcc><vAcc>3.000000</vAcc></extensions></trkpt>
      <trkpt lon="-123.283174" lat="44.571699"><ele>74.881828</ele><time>2020-09-26T23:34:39Z</time><extensions><speed>4.510000</speed><course>323.085938</course><hAcc>5.000000</hAcc><vAcc>3.000000</vAcc></extensions></trkpt>
      <trkpt lon="-123.283205" lat="44.571738"><ele>75.053261</ele><time>2020-09-26T23:34:40Z</time><extensions><speed>4.560000</speed><course>330.468750</course><hAcc>5.000000</hAcc><vAcc>3.000000</vAcc></extensions></trkpt>
      <trkpt lon="-123.283233" lat="44.571774"><ele>74.904045</ele><time>2020-09-26T23:34:41Z</time><extensions><speed>4.560000</speed><course>330.468750</course><hAcc>5.000000</hAcc><vAcc>4.000000</vAcc></extensions></trkpt>
      <trkpt lon="-123.283260" lat="44.571812"><ele>74.883385</ele><time>2020-09-26T23:34:42Z</time><extensions><speed>4.560000</speed><course>333.632812</course><hAcc>10.000000</hAcc><vAcc>3.000000</vAcc></extensions></trkpt>
      <trkpt lon="-123.283247" lat="44.571832"><ele>75.125282</ele><time>2020-09-26T23:34:43Z</time><extensions><speed>4.910000</speed><course>335.742188</course><hAcc>10.000000</hAcc><vAcc>4.000000</vAcc></extensions></trkpt>
      <trkpt lon="-123.283271" lat="44.571878"><ele>75.105049</ele><time>2020-09-26T23:34:44Z</time><extensions><speed>5.000000</speed><course>344.179688</course><hAcc>5.000000</hAcc><vAcc>3.000000</vAcc></extensions></trkpt>
      <trkpt lon="-123.283273" lat="44.571939"><ele>74.993912</ele><time>2020-09-26T23:34:45Z</time><extensions><speed>6.710000</speed><course>356.835938</course><hAcc>5.000000</hAcc><vAcc>3.000000</vAcc></extensions></trkpt>
      <trkpt lon="-123.283277" lat="44.571999"><ele>75.078003</ele><time>2020-09-26T23:34:46Z</time><extensions><speed>6.710000</speed><course>356.835938</course><hAcc>5.000000</hAcc><vAcc>3.000000</vAcc></extensions></trkpt>
      <trkpt lon="-123.283290" lat="44.572068"><ele>74.985893</ele><time>2020-09-26T23:34:47Z</time><extensions><speed>6.710000</speed><course>3.164062</course><hAcc>5.000000</hAcc><vAcc>3.000000</vAcc></extensions></trkpt>
      <trkpt lon="-123.283295" lat="44.572133"><ele>75.050323</ele><time>2020-09-26T23:34:48Z</time><extensions><speed>6.600000</speed><course>359.296875</course><hAcc>5.000000</hAcc><vAcc>3.000000</vAcc></extensions></trkpt>
      <trkpt lon="-123.283295" lat="44.572192"><ele>75.673668</ele><time>2020-09-26T23:34:49Z</time><extensions><speed>6.600000</speed><course>359.296875</course><hAcc>5.000000</hAcc><vAcc>3.000000</vAcc></extensions></trkpt>
      <trkpt lon="-123.283304" lat="44.572249"><ele>74.792191</ele><time>2020-09-26T23:34:50Z</time><extensions><speed>6.600000</speed><course>356.132812</course><hAcc>5.000000</hAcc><vAcc>4.000000</vAcc></extensions></trkpt>
      <trkpt lon="-123.283332" lat="44.572304"><ele>75.464142</ele><time>2020-09-26T23:34:51Z</time><extensions><speed>6.300000</speed><course>353.320312</course><hAcc>5.000000</hAcc><vAcc>4.000000</vAcc></extensions></trkpt>
      <trkpt lon="-123.283341" lat="44.572369"><ele>75.613548</ele><time>2020-09-26T23:34:52Z</time><extensions><speed>6.300000</speed><course>355.781250</course><hAcc>5.000000</hAcc><vAcc>4.000000</vAcc></extensions></trkpt>
      <trkpt lon="-123.283352" lat="44.572433"><ele>75.848228</ele><time>2020-09-26T23:34:53Z</time><extensions><speed>6.480000</speed><course>2.109375</course><hAcc>5.000000</hAcc><vAcc>3.000000</vAcc></extensions></trkpt>
      <trkpt lon="-123.283350" lat="44.572491"><ele>75.327370</ele><time>2020-09-26T23:34:54Z</time><extensions><speed>6.560000</speed><course>3.867188</course><hAcc>5.000000</hAcc><vAcc>3.000000</vAcc></extensions></trkpt>
      <trkpt lon="-123.283358" lat="44.572554"><ele>75.179115</ele><time>2020-09-26T23:34:55Z</time><extensions><speed>7.030000</speed><course>0.000000</course><hAcc>5.000000</hAcc><vAcc>3.000000</vAcc></extensions></trkpt>
      <trkpt lon="-123.283353" lat="44.572615"><ele>74.686249</ele><time>2020-09-26T23:34:56Z</time><extensions><speed>6.940000</speed><course>1.406250</course><hAcc>5.000000</hAcc><vAcc>3.000000</vAcc></extensions></trkpt>
      <trkpt lon="-123.283360" lat="44.572676"><ele>75.549232</ele><time>2020-09-26T23:34:57Z</time><extensions><speed>6.940000</speed><course>5.976562</course><hAcc>5.000000</hAcc><vAcc>3.000000</vAcc></extensions></trkpt>
      <trkpt lon="-123.283359" lat="44.572738"><ele>75.529579</ele><time>2020-09-26T23:34:58Z</time><extensions><speed>6.460000</speed><course>2.812500</course><hAcc>5.000000</hAcc><vAcc>3.000000</vAcc></extensions></trkpt>
      <trkpt lon="-123.283362" lat="44.572797"><ele>75.450165</ele><time>2020-09-26T23:34:59Z</time><extensions><speed>6.490000</speed><course>1.054688</course><hAcc>5.000000</hAcc><vAcc>3.000000</vAcc></extensions></trkpt>
      <trkpt lon="-123.283359" lat="44.572855"><ele>74.976578</ele><time>2020-09-26T23:35:00Z</time><extensions><speed>6.460000</speed><course>0.000000</course><hAcc>5.000000</hAcc><vAcc>3.000000</vAcc></extensions></trkpt>
      <trkpt lon="-123.283363" lat="44.572913"><ele>74.953430</ele><time>2020-09-26T23:35:01Z</time><extensions><speed>6.420000</speed><course>356.835938</course><hAcc>5.000000</hAcc><vAcc>3.000000</vAcc></extensions></trkpt>
      <trkpt lon="-123.283356" lat="44.572963"><ele>75.000633</ele><time>2020-09-26T23:35:02Z</time><extensions><speed>6.200000</speed><course>358.593750</course><hAcc>5.000000</hAcc><vAcc>3.000000</vAcc></extensions></trkpt>
      <trkpt lon="-123.283351" lat="44.573023"><ele>75.820702</ele><time>2020-09-26T23:35:03Z</time><extensions><speed>6.690000</speed><course>358.593750</course><hAcc>5.000000</hAcc><vAcc>3.000000</vAcc></extensions></trkpt>
      <trkpt lon="-123.283339" lat="44.573084"><ele>75.888306</ele><time>2020-09-26T23:35:04Z</time><extensions><speed>6.720000</speed><course>0.703125</course><hAcc>5.000000</hAcc><vAcc>3.000000</vAcc></extensions></trkpt>
      <trkpt lon="-123.283323" lat="44.573141"><ele>76.028061</ele><time>2020-09-26T23:35:05Z</time><extensions><speed>6.690000</speed><course>3.515625</course><hAcc>5.000000</hAcc><vAcc>3.000000</vAcc></extensions></trkpt>
      <trkpt lon="-123.283311" lat="44.573209"><ele>75.537079</ele><time>2020-09-26T23:35:06Z</time><extensions><speed>6.720000</speed><course>4.218750</course><hAcc>5.000000</hAcc><vAcc>3.000000</vAcc></extensions></trkpt>
      <trkpt lon="-123.283300" lat="44.573271"><ele>76.264450</ele><time>2020-09-26T23:35:07Z</time><extensions><speed>6.890000</speed><course>4.921875</course><hAcc>5.000000</hAcc><vAcc>3.000000</vAcc></extensions></trkpt>
      <trkpt lon="-123.283307" lat="44.573319"><ele>76.749306</ele><time>2020-09-26T23:35:08Z</time><extensions><speed>6.890000</speed><course>1.757812</course><hAcc>5.000000</hAcc><vAcc>3.000000</vAcc></extensions></trkpt>
      <trkpt lon="-123.283301" lat="44.573368"><ele>75.664062</ele><time>2020-09-26T23:35:09Z</time><extensions><speed>5.950000</speed><course>3.515625</course><hAcc>5.000000</hAcc><vAcc>3.000000</vAcc></extensions></trkpt>
      <trkpt lon="-123.283295" lat="44.573418"><ele>75.060501</ele><time>2020-09-26T23:35:10Z</time><extensions><speed>5.950000</speed><course>2.812500</course><hAcc>5.000000</hAcc><vAcc>4.000000</vAcc></extensions></trkpt>
      <trkpt lon="-123.283269" lat="44.573489"><ele>75.337898</ele><time>2020-09-26T23:35:11Z</time><extensions><speed>6.430000</speed><course>2.812500</course><hAcc>5.000000</hAcc><vAcc>3.000000</vAcc></extensions></trkpt>
      <trkpt lon="-123.283264" lat="44.573545"><ele>74.977585</ele><time>2020-09-26T23:35:12Z</time><extensions><speed>6.510000</speed><course>3.867188</course><hAcc>5.000000</hAcc><vAcc>3.000000</vAcc></extensions></trkpt>
      <trkpt lon="-123.283255" lat="44.573611"><ele>75.251869</ele><time>2020-09-26T23:35:13Z</time><extensions><speed>6.730000</speed><course>4.921875</course><hAcc>5.000000</hAcc><vAcc>3.000000</vAcc></extensions></trkpt>
      <trkpt lon="-123.283249" lat="44.573675"><ele>75.357697</ele><time>2020-09-26T23:35:14Z</time><extensions><speed>6.730000</speed><course>3.867188</course><hAcc>5.000000</hAcc><vAcc>3.000000</vAcc></extensions></trkpt>
      <trkpt lon="-123.283238" lat="44.573739"><ele>76.029198</ele><time>2020-09-26T23:35:15Z</time><extensions><speed>6.980000</speed><course>5.273438</course><hAcc>5.000000</hAcc><vAcc>3.000000</vAcc></extensions></trkpt>
      <trkpt lon="-123.283248" lat="44.573804"><ele>76.643433</ele><time>2020-09-26T23:35:16Z</time><extensions><speed>6.710000</speed><course>0.000000</course><hAcc>5.000000</hAcc><vAcc>3.000000</vAcc></extensions></trkpt>
      <trkpt lon="-123.283249" lat="44.573872"><ele>77.049286</ele><time>2020-09-26T23:35:17Z</time><extensions><speed>7.010000</speed><course>3.164062</course><hAcc>5.000000</hAcc><vAcc>3.000000</vAcc></extensions></trkpt>
      <trkpt lon="-123.283247" lat="44.573936"><ele>76.942665</ele><time>2020-09-26T23:35:18Z</time><extensions><speed>7.010000</speed><course>4.218750</course><hAcc>5.000000</hAcc><vAcc>3.000000</vAcc></extensions></trkpt>
      <trkpt lon="-123.283237" lat="44.574001"><ele>77.125130</ele><time>2020-09-26T23:35:19Z</time><extensions><speed>7.010000</speed><course>4.218750</course><hAcc>5.000000</hAcc><vAcc>3.000000</vAcc></extensions></trkpt>
      <trkpt lon="-123.283235" lat="44.574069"><ele>77.269829</ele><time>2020-09-26T23:35:20Z</time><extensions><speed>6.890000</speed><course>2.812500</course><hAcc>5.000000</hAcc><vAcc>3.000000</vAcc></extensions></trkpt>
      <trkpt lon="-123.283230" lat="44.574131"><ele>77.430984</ele><time>2020-09-26T23:35:21Z</time><extensions><speed>6.890000</speed><course>2.812500</course><hAcc>5.000000</hAcc><vAcc>3.000000</vAcc></extensions></trkpt>
      <trkpt lon="-123.283260" lat="44.574207"><ele>77.492455</ele><time>2020-09-26T23:35:22Z</time><extensions><speed>7.230000</speed><course>359.648438</course><hAcc>5.000000</hAcc><vAcc>3.000000</vAcc></extensions></trkpt>
      <trkpt lon="-123.283250" lat="44.574267"><ele>77.712845</ele><time>2020-09-26T23:35:23Z</time><extensions><speed>6.870000</speed><course>0.351562</course><hAcc>5.000000</hAcc><vAcc>3.000000</vAcc></extensions></trkpt>
      <trkpt lon="-123.283271" lat="44.574354"><ele>77.773247</ele><time>2020-09-26T23:35:24Z</time><extensions><speed>6.860000</speed><course>0.351562</course><hAcc>5.000000</hAcc><vAcc>3.000000</vAcc></extensions></trkpt>
      <trkpt lon="-123.283250" lat="44.574420"><ele>78.340279</ele><time>2020-09-26T23:35:25Z</time><extensions><speed>6.870000</speed><course>2.109375</course><hAcc>5.000000</hAcc><vAcc>3.000000</vAcc></extensions></trkpt>
      <trkpt lon="-123.283250" lat="44.574475"><ele>78.154816</ele><time>2020-09-26T23:35:26Z</time><extensions><speed>6.660000</speed><course>0.351562</course><hAcc>5.000000</hAcc><vAcc>3.000000</vAcc></extensions></trkpt>
      <trkpt lon="-123.283249" lat="44.574535"><ele>78.436218</ele><time>2020-09-26T23:35:27Z</time><extensions><speed>6.660000</speed><course>0.351562</course><hAcc>5.000000</hAcc><vAcc>3.000000</vAcc></extensions></trkpt>
      <trkpt lon="-123.283219" lat="44.574585"><ele>77.731560</ele><time>2020-09-26T23:35:28Z</time><extensions><speed>6.770000</speed><course>9.140625</course><hAcc>5.000000</hAcc><vAcc>3.000000</vAcc></extensions></trkpt>
      <trkpt lon="-123.283206" lat="44.574645"><ele>77.424927</ele><time>2020-09-26T23:35:29Z</time><extensions><speed>6.770000</speed><course>9.140625</course><hAcc>5.000000</hAcc><vAcc>3.000000</vAcc></extensions></trkpt>
      <trkpt lon="-123.283201" lat="44.574702"><ele>76.827873</ele><time>2020-09-26T23:35:30Z</time><extensions><speed>6.390000</speed><course>6.679688</course><hAcc>5.000000</hAcc><vAcc>3.000000</vAcc></extensions></trkpt>
      <trkpt lon="-123.283218" lat="44.574788"><ele>76.298256</ele><time>2020-09-26T23:35:31Z</time><extensions><speed>8.080000</speed><course>0.000000</course><hAcc>5.000000</hAcc><vAcc>3.000000</vAcc></extensions></trkpt>
      <trkpt lon="-123.283223" lat="44.574853"><ele>76.533844</ele><time>2020-09-26T23:35:32Z</time><extensions><speed>7.050000</speed><course>0.000000</course><hAcc>5.000000</hAcc><vAcc>3.000000</vAcc></extensions></trkpt>
      <trkpt lon="-123.283240" lat="44.574911"><ele>75.675293</ele><time>2020-09-26T23:35:33Z</time><extensions><speed>6.860000</speed><course>0.351562</course><hAcc>5.000000</hAcc><vAcc>3.000000</vAcc></extensions></trkpt>
      <trkpt lon="-123.283239" lat="44.574980"><ele>75.430237</ele><time>2020-09-26T23:35:34Z</time><extensions><speed>7.120000</speed><course>3.867188</course><hAcc>5.000000</hAcc><vAcc>3.000000</vAcc></extensions></trkpt>
      <trkpt lon="-123.283239" lat="44.575056"><ele>75.021660</ele><time>2020-09-26T23:35:35Z</time><extensions><speed>7.010000</speed><course>2.109375</course><hAcc>5.000000</hAcc><vAcc>3.000000</vAcc></extensions></trkpt>
      <trkpt lon="-123.283231" lat="44.575121"><ele>75.222893</ele><time>2020-09-26T23:35:36Z</time><extensions><speed>7.310000</speed><course>3.867188</course><hAcc>5.000000</hAcc><vAcc>3.000000</vAcc></extensions></trkpt>
      <trkpt lon="-123.283228" lat="44.575190"><ele>74.682625</ele><time>2020-09-26T23:35:37Z</time><extensions><speed>6.500000</speed><course>0.351562</course><hAcc>5.000000</hAcc><vAcc>3.000000</vAcc></extensions></trkpt>
      <trkpt lon="-123.283206" lat="44.575242"><ele>74.077454</ele><time>2020-09-26T23:35:38Z</time><extensions><speed>6.340000</speed><course>2.460938</course><hAcc>5.000000</hAcc><vAcc>4.000000</vAcc></extensions></trkpt>
      <trkpt lon="-123.283209" lat="44.575303"><ele>73.610229</ele><time>2020-09-26T23:35:39Z</time><extensions><speed>6.950000</speed><course>359.648438</course><hAcc>5.000000</hAcc><vAcc>4.000000</vAcc></extensions></trkpt>
      <trkpt lon="-123.283211" lat="44.575372"><ele>72.896599</ele><time>2020-09-26T23:35:40Z</time><extensions><speed>7.220000</speed><course>358.945312</course><hAcc>5.000000</hAcc><vAcc>4.000000</vAcc></extensions></trkpt>
      <trkpt lon="-123.283208" lat="44.575435"><ele>73.115067</ele><time>2020-09-26T23:35:41Z</time><extensions><speed>6.830000</speed><course>3.515625</course><hAcc>5.000000</hAcc><vAcc>3.000000</vAcc></extensions></trkpt>
      <trkpt lon="-123.283191" lat="44.575494"><ele>73.758377</ele><time>2020-09-26T23:35:42Z</time><extensions><speed>6.750000</speed><course>3.867188</course><hAcc>5.000000</hAcc><vAcc>3.000000</vAcc></extensions></trkpt>
      <trkpt lon="-123.283189" lat="44.575552"><ele>73.622017</ele><time>2020-09-26T23:35:43Z</time><extensions><speed>6.430000</speed><course>6.679688</course><hAcc>5.000000</hAcc><vAcc>3.000000</vAcc></extensions></trkpt>
      <trkpt lon="-123.283172" lat="44.575616"><ele>73.293396</ele><time>2020-09-26T23:35:44Z</time><extensions><speed>6.640000</speed><course>10.546875</course><hAcc>5.000000</hAcc><vAcc>3.000000</vAcc></extensions></trkpt>
      <trkpt lon="-123.283173" lat="44.575675"><ele>72.532150</ele><time>2020-09-26T23:35:45Z</time><extensions><speed>6.520000</speed><course>3.515625</course><hAcc>5.000000</hAcc><vAcc>3.000000</vAcc></extensions></trkpt>
      <trkpt lon="-123.283178" lat="44.575728"><ele>72.283897</ele><time>2020-09-26T23:35:46Z</time><extensions><speed>6.520000</speed><course>2.812500</course><hAcc>5.000000</hAcc><vAcc>3.000000</vAcc></extensions></trkpt>
      <trkpt lon="-123.283179" lat="44.575781"><ele>72.234306</ele><time>2020-09-26T23:35:47Z</time><extensions><speed>6.510000</speed><course>3.515625</course><hAcc>5.000000</hAcc><vAcc>3.000000</vAcc></extensions></trkpt>
      <trkpt lon="-123.283188" lat="44.575850"><ele>71.536278</ele><time>2020-09-26T23:35:48Z</time><extensions><speed>6.930000</speed><course>1.406250</course><hAcc>5.000000</hAcc><vAcc>3.000000</vAcc></extensions></trkpt>
      <trkpt lon="-123.283179" lat="44.575902"><ele>71.598152</ele><time>2020-09-26T23:35:49Z</time><extensions><speed>6.000000</speed><course>5.625000</course><hAcc>5.000000</hAcc><vAcc>3.000000</vAcc></extensions></trkpt>
      <trkpt lon="-123.283187" lat="44.575952"><ele>72.315575</ele><time>2020-09-26T23:35:50Z</time><extensions><speed>6.510000</speed><course>2.460938</course><hAcc>5.000000</hAcc><vAcc>3.000000</vAcc></extensions></trkpt>
      <trkpt lon="-123.283179" lat="44.576007"><ele>71.969383</ele><time>2020-09-26T23:35:51Z</time><extensions><speed>6.230000</speed><course>359.296875</course><hAcc>5.000000</hAcc><vAcc>3.000000</vAcc></extensions></trkpt>
      <trkpt lon="-123.283177" lat="44.576059"><ele>72.533501</ele><time>2020-09-26T23:35:52Z</time><extensions><speed>5.740000</speed><course>1.757812</course><hAcc>5.000000</hAcc><vAcc>3.000000</vAcc></extensions></trkpt>
      <trkpt lon="-123.283178" lat="44.576113"><ele>72.553734</ele><time>2020-09-26T23:35:53Z</time><extensions><speed>5.740000</speed><course>1.054688</course><hAcc>5.000000</hAcc><vAcc>3.000000</vAcc></extensions></trkpt>
      <trkpt lon="-123.283164" lat="44.576164"><ele>72.594505</ele><time>2020-09-26T23:35:54Z</time><extensions><speed>5.740000</speed><course>2.812500</course><hAcc>5.000000</hAcc><vAcc>3.000000</vAcc></extensions></trkpt>
      <trkpt lon="-123.283151" lat="44.576211"><ele>72.735580</ele><time>2020-09-26T23:35:55Z</time><extensions><speed>5.670000</speed><course>2.109375</course><hAcc>5.000000</hAcc><vAcc>3.000000</vAcc></extensions></trkpt>
      <trkpt lon="-123.283148" lat="44.576262"><ele>72.781593</ele><time>2020-09-26T23:35:56Z</time><extensions><speed>5.360000</speed><course>4.921875</course><hAcc>5.000000</hAcc><vAcc>3.000000</vAcc></extensions></trkpt>
      <trkpt lon="-123.283153" lat="44.576306"><ele>72.235565</ele><time>2020-09-26T23:35:57Z</time><extensions><speed>4.910000</speed><course>356.484375</course><hAcc>5.000000</hAcc><vAcc>3.000000</vAcc></extensions></trkpt>
      <trkpt lon="-123.283166" lat="44.576347"><ele>72.494179</ele><time>2020-09-26T23:35:58Z</time><extensions><speed>4.910000</speed><course>351.914062</course><hAcc>5.000000</hAcc><vAcc>3.000000</vAcc></extensions></trkpt>
      <trkpt lon="-123.283175" lat="44.576391"><ele>72.469193</ele><time>2020-09-26T23:35:59Z</time><extensions><speed>4.730000</speed><course>355.429688</course><hAcc>5.000000</hAcc><vAcc>3.000000</vAcc></extensions></trkpt>
      <trkpt lon="-123.283180" lat="44.576427"><ele>72.519814</ele><time>2020-09-26T23:36:00Z</time><extensions><speed>4.460000</speed><course>356.835938</course><hAcc>5.000000</hAcc><vAcc>3.000000</vAcc></extensions></trkpt>
      <trkpt lon="-123.283190" lat="44.576461"><ele>72.667984</ele><time>2020-09-26T23:36:01Z</time><extensions><speed>3.310000</speed><course>328.359375</course><hAcc>5.000000</hAcc><vAcc>3.000000</vAcc></extensions></trkpt>
      <trkpt lon="-123.283210" lat="44.576485"><ele>72.700882</ele><time>2020-09-26T23:36:02Z</time><extensions><speed>3.310000</speed><course>321.328125</course><hAcc>5.000000</hAcc><vAcc>3.000000</vAcc></extensions></trkpt>
      <trkpt lon="-123.283248" lat="44.576500"><ele>72.685745</ele><time>2020-09-26T23:36:03Z</time><extensions><speed>3.310000</speed><course>296.015625</course><hAcc>5.000000</hAcc><vAcc>3.000000</vAcc></extensions></trkpt>
      <trkpt lon="-123.283290" lat="44.576521"><ele>72.961517</ele><time>2020-09-26T23:36:04Z</time><extensions><speed>3.530000</speed><course>304.804688</course><hAcc>5.000000</hAcc><vAcc>3.000000</vAcc></extensions></trkpt>
      <trkpt lon="-123.283327" lat="44.576518"><ele>72.781921</ele><time>2020-09-26T23:36:05Z</time><extensions><speed>2.670000</speed><course>267.539062</course><hAcc>5.000000</hAcc><vAcc>3.000000</vAcc></extensions></trkpt>
      <trkpt lon="-123.283361" lat="44.576517"><ele>72.697357</ele><time>2020-09-26T23:36:06Z</time><extensions><speed>2.670000</speed><course>267.539062</course><hAcc>5.000000</hAcc><vAcc>3.000000</vAcc></extensions></trkpt>
      <trkpt lon="-123.283388" lat="44.576505"><ele>72.527756</ele><time>2020-09-26T23:36:07Z</time><extensions><speed>2.670000</speed><course>254.179688</course><hAcc>5.000000</hAcc><vAcc>3.000000</vAcc></extensions></trkpt>
      <trkpt lon="-123.283410" lat="44.576496"><ele>72.345810</ele><time>2020-09-26T23:36:08Z</time><extensions><speed>2.230000</speed><course>253.125000</course><hAcc>5.000000</hAcc><vAcc>4.000000</vAcc></extensions></trkpt>
      <trkpt lon="-123.283429" lat="44.576490"><ele>72.557808</ele><time>2020-09-26T23:36:09Z</time><extensions><speed>1.650000</speed><course>253.828125</course><hAcc>5.000000</hAcc><vAcc>4.000000</vAcc></extensions></trkpt>
      <trkpt lon="-123.283436" lat="44.576489"><ele>72.562569</ele><time>2020-09-26T23:36:10Z</time><extensions><speed>0.720000</speed><course>265.429688</course><hAcc>5.000000</hAcc><vAcc>4.000000</vAcc></extensions></trkpt>
      <trkpt lon="-123.283433" lat="44.576489"><ele>72.631096</ele><time>2020-09-26T23:36:11Z</time><extensions><speed>0.720000</speed><course>297.421875</course><hAcc>5.000000</hAcc><vAcc>4.000000</vAcc></extensions></trkpt>
      <trkpt lon="-123.283426" lat="44.576491"><ele>72.602211</ele><time>2020-09-26T23:36:12Z</time><extensions><speed>0.590000</speed><course>295.312500</course><hAcc>5.000000</hAcc><vAcc>4.000000</vAcc></extensions></trkpt>
      <trkpt lon="-123.283426" lat="44.576496"><ele>72.583305</ele><time>2020-09-26T23:36:13Z</time><extensions><speed>0.590000</speed><course>8.437500</course><hAcc>5.000000</hAcc><vAcc>4.000000</vAcc></extensions></trkpt>
      <trkpt lon="-123.283431" lat="44.576498"><ele>72.682274</ele><time>2020-09-26T23:36:14Z</time><extensions><speed>0.550000</speed><course>272.812500</course><hAcc>10.000000</hAcc><vAcc>4.000000</vAcc></extensions></trkpt>
      <trkpt lon="-123.283435" lat="44.576496"><ele>72.606781</ele><time>2020-09-26T23:36:15Z</time><extensions><speed>0.530000</speed><course>278.789062</course><hAcc>5.000000</hAcc><vAcc>4.000000</vAcc></extensions></trkpt>
      <trkpt lon="-123.283440" lat="44.576497"><ele>72.601021</ele><time>2020-09-26T23:36:16Z</time><extensions><speed>0.530000</speed><course>294.960938</course><hAcc>5.000000</hAcc><vAcc>4.000000</vAcc></extensions></trkpt>
      <trkpt lon="-123.283444" lat="44.576496"><ele>72.549942</ele><time>2020-09-26T23:36:17Z</time><extensions><speed>0.530000</speed><course>293.203125</course><hAcc>5.000000</hAcc><vAcc>4.000000</vAcc></extensions></trkpt>
      <trkpt lon="-123.283450" lat="44.576493"><ele>72.549522</ele><time>2020-09-26T23:36:18Z</time><extensions><speed>0.590000</speed><course>275.976562</course><hAcc>5.000000</hAcc><vAcc>4.000000</vAcc></extensions></trkpt>
      <trkpt lon="-123.283453" lat="44.576490"><ele>72.485329</ele><time>2020-09-26T23:36:19Z</time><extensions><speed>0.170000</speed><course>256.640625</course><hAcc>5.000000</hAcc><vAcc>4.000000</vAcc></extensions></trkpt>
      <trkpt lon="-123.283453" lat="44.576490"><ele>72.543770</ele><time>2020-09-26T23:36:20Z</time><extensions><speed>0.000000</speed><course>241.875000</course><hAcc>5.000000</hAcc><vAcc>4.000000</vAcc></extensions></trkpt>
      <trkpt lon="-123.283463" lat="44.576492"><ele>72.855270</ele><time>2020-09-26T23:36:21Z</time><extensions><speed>0.630000</speed><course>189.843750</course><hAcc>5.000000</hAcc><vAcc>4.000000</vAcc></extensions></trkpt>
      <trkpt lon="-123.283456" lat="44.576494"><ele>73.073021</ele><time>2020-09-26T23:36:22Z</time><extensions><speed>0.630000</speed><course>75.585938</course><hAcc>5.000000</hAcc><vAcc>3.000000</vAcc></extensions></trkpt>
      <trkpt lon="-123.283448" lat="44.576496"><ele>73.014046</ele><time>2020-09-26T23:36:23Z</time><extensions><speed>0.630000</speed><course>69.609375</course><hAcc>5.000000</hAcc><vAcc>3.000000</vAcc></extensions></trkpt>
      <trkpt lon="-123.283448" lat="44.576496"><ele>72.957161</ele><time>2020-09-26T23:36:24Z</time><extensions><speed>0.000000</speed><course>50.625000</course><hAcc>5.000000</hAcc><vAcc>3.000000</vAcc></extensions></trkpt>
      <trkpt lon="-123.283442" lat="44.576502"><ele>72.948769</ele><time>2020-09-26T23:36:25Z</time><extensions><speed>0.430000</speed><course>16.875000</course><hAcc>5.000000</hAcc><vAcc>3.000000</vAcc></extensions></trkpt>
      <trkpt lon="-123.283442" lat="44.576504"><ele>72.833321</ele><time>2020-09-26T23:36:26Z</time><extensions><speed>0.430000</speed><course>348.046875</course><hAcc>5.000000</hAcc><vAcc>3.000000</vAcc></extensions></trkpt>
      <trkpt lon="-123.283443" lat="44.576504"><ele>72.824142</ele><time>2020-09-26T23:36:27Z</time><extensions><speed>0.160000</speed><course>293.906250</course><hAcc>5.000000</hAcc><vAcc>3.000000</vAcc></extensions></trkpt>
      <trkpt lon="-123.283443" lat="44.576504"><ele>72.777435</ele><time>2020-09-26T23:36:28Z</time><extensions><speed>0.000000</speed><course>208.125000</course><hAcc>5.000000</hAcc><vAcc>3.000000</vAcc></extensions></trkpt>
      <trkpt lon="-123.283443" lat="44.576504"><ele>72.646805</ele><time>2020-09-26T23:36:29Z</time><extensions><speed>0.000000</speed><course>201.796875</course><hAcc>5.000000</hAcc><vAcc>3.000000</vAcc></extensions></trkpt>
      <trkpt lon="-123.283440" lat="44.576498"><ele>72.636940</ele><time>2020-09-26T23:36:30Z</time><extensions><speed>0.180000</speed><course>84.375000</course><hAcc>5.000000</hAcc><vAcc>3.000000</vAcc></extensions></trkpt>
      <trkpt lon="-123.283435" lat="44.576498"><ele>72.764023</ele><time>2020-09-26T23:36:31Z</time><extensions><speed>0.540000</speed><course>119.531250</course><hAcc>5.000000</hAcc><vAcc>4.000000</vAcc></extensions></trkpt>
      <trkpt lon="-123.283429" lat="44.576497"><ele>72.563194</ele><time>2020-09-26T23:36:32Z</time><extensions><speed>0.510000</speed><course>127.617188</course><hAcc>5.000000</hAcc><vAcc>4.000000</vAcc></extensions></trkpt>
      <trkpt lon="-123.283429" lat="44.576498"><ele>72.449966</ele><time>2020-09-26T23:36:33Z</time><extensions><speed>0.200000</speed><course>133.242188</course><hAcc>5.000000</hAcc><vAcc>4.000000</vAcc></extensions></trkpt>
      <trkpt lon="-123.283428" lat="44.576505"><ele>72.409180</ele><time>2020-09-26T23:36:34Z</time><extensions><speed>0.510000</speed><course>35.859375</course><hAcc>5.000000</hAcc><vAcc>4.000000</vAcc></extensions></trkpt>
      <trkpt lon="-123.283427" lat="44.576513"><ele>72.528595</ele><time>2020-09-26T23:36:35Z</time><extensions><speed>0.430000</speed><course>8.789062</course><hAcc>5.000000</hAcc><vAcc>4.000000</vAcc></extensions></trkpt>
      <trkpt lon="-123.283428" lat="44.576516"><ele>72.513649</ele><time>2020-09-26T23:36:36Z</time><extensions><speed>0.210000</speed><course>5.976562</course><hAcc>5.000000</hAcc><vAcc>4.000000</vAcc></extensions></trkpt>
      <trkpt lon="-123.283429" lat="44.576521"><ele>72.661743</ele><time>2020-09-26T23:36:37Z</time><extensions><speed>0.230000</speed><course>45.703125</course><hAcc>5.000000</hAcc><vAcc>4.000000</vAcc></extensions></trkpt>
      <trkpt lon="-123.283428" lat="44.576527"><ele>72.743584</ele><time>2020-09-26T23:36:38Z</time><extensions><speed>0.230000</speed><course>56.601562</course><hAcc>5.000000</hAcc><vAcc>4.000000</vAcc></extensions></trkpt>
      <trkpt lon="-123.283427" lat="44.576526"><ele>72.427757</ele><time>2020-09-26T23:36:39Z</time><extensions><speed>0.160000</speed><course>69.609375</course><hAcc>5.000000</hAcc><vAcc>4.000000</vAcc></extensions></trkpt>
      <trkpt lon="-123.283423" lat="44.576527"><ele>72.420998</ele><time>2020-09-26T23:36:40Z</time><extensions><speed>0.480000</speed><course>69.257812</course><hAcc>5.000000</hAcc><vAcc>4.000000</vAcc></extensions></trkpt>
      <trkpt lon="-123.283425" lat="44.576527"><ele>72.410004</ele><time>2020-09-26T23:36:41Z</time><extensions><speed>0.480000</speed><course>69.257812</course><hAcc>5.000000</hAcc><vAcc>4.000000</vAcc></extensions></trkpt>
      <trkpt lon="-123.283427" lat="44.576527"><ele>72.538040</ele><time>2020-09-26T23:36:42Z</time><extensions><speed>0.240000</speed><course>69.257812</course><hAcc>5.000000</hAcc><vAcc>4.000000</vAcc></extensions></trkpt>
      <trkpt lon="-123.283427" lat="44.576527"><ele>72.557808</ele><time>2020-09-26T23:36:43Z</time><extensions><speed>0.000000</speed><course>69.257812</course><hAcc>5.000000</hAcc><vAcc>4.000000</vAcc></extensions></trkpt>
      <trkpt lon="-123.283427" lat="44.576527"><ele>72.615974</ele><time>2020-09-26T23:36:44Z</time><extensions><speed>0.000000</speed><course>69.257812</course><hAcc>5.000000</hAcc><vAcc>4.000000</vAcc></extensions></trkpt>
      <trkpt lon="-123.283427" lat="44.576527"><ele>72.643936</ele><time>2020-09-26T23:36:45Z</time><extensions><speed>0.000000</speed><course>69.257812</course><hAcc>5.000000</hAcc><vAcc>4.000000</vAcc></extensions></trkpt>
      <trkpt lon="-123.283427" lat="44.576527"><ele>72.625862</ele><time>2020-09-26T23:36:46Z</time><extensions><speed>0.000000</speed><course>69.257812</course><hAcc>5.000000</hAcc><vAcc>3.000000</vAcc></extensions></trkpt>
      <trkpt lon="-123.283427" lat="44.576527"><ele>72.532227</ele><time>2020-09-26T23:36:47Z</time><extensions><speed>0.000000</speed><course>69.257812</course><hAcc>5.000000</hAcc><vAcc>3.000000</vAcc></extensions></trkpt>
      <trkpt lon="-123.283427" lat="44.576527"><ele>72.555962</ele><time>2020-09-26T23:36:48Z</time><extensions><speed>0.000000</speed><course>69.257812</course><hAcc>5.000000</hAcc><vAcc>3.000000</vAcc></extensions></trkpt>
      <trkpt lon="-123.283427" lat="44.576527"><ele>72.539467</ele><time>2020-09-26T23:36:49Z</time><extensions><speed>0.000000</speed><course>69.257812</course><hAcc>5.000000</hAcc><vAcc>3.000000</vAcc></extensions></trkpt>
      <trkpt lon="-123.283427" lat="44.576527"><ele>72.472855</ele><time>2020-09-26T23:36:50Z</time><extensions><speed>0.000000</speed><course>69.257812</course><hAcc>5.000000</hAcc><vAcc>3.000000</vAcc></extensions></trkpt>
      <trkpt lon="-123.283427" lat="44.576527"><ele>72.459030</ele><time>2020-09-26T23:36:51Z</time><extensions><speed>0.000000</speed><course>69.257812</course><hAcc>5.000000</hAcc><vAcc>3.000000</vAcc></extensions></trkpt>
      <trkpt lon="-123.283427" lat="44.576527"><ele>72.459129</ele><time>2020-09-26T23:36:52Z</time><extensions><speed>0.000000</speed><course>69.257812</course><hAcc>5.000000</hAcc><vAcc>3.000000</vAcc></extensions></trkpt>
      <trkpt lon="-123.283427" lat="44.576527"><ele>72.493805</ele><time>2020-09-26T23:36:53Z</time><extensions><speed>0.000000</speed><course>69.257812</course><hAcc>5.000000</hAcc><vAcc>3.000000</vAcc></extensions></trkpt>
      <trkpt lon="-123.283427" lat="44.576527"><ele>72.527618</ele><time>2020-09-26T23:36:54Z</time><extensions><speed>0.000000</speed><course>69.257812</course><hAcc>5.000000</hAcc><vAcc>4.000000</vAcc></extensions></trkpt>
      <trkpt lon="-123.283427" lat="44.576527"><ele>72.537659</ele><time>2020-09-26T23:36:55Z</time><extensions><speed>0.000000</speed><course>69.257812</course><hAcc>5.000000</hAcc><vAcc>4.000000</vAcc></extensions></trkpt>
      <trkpt lon="-123.283427" lat="44.576527"><ele>72.521294</ele><time>2020-09-26T23:36:56Z</time><extensions><speed>0.000000</speed><course>69.257812</course><hAcc>5.000000</hAcc><vAcc>4.000000</vAcc></extensions></trkpt>
      <trkpt lon="-123.283427" lat="44.576527"><ele>72.555275</ele><time>2020-09-26T23:36:57Z</time><extensions><speed>0.000000</speed><course>69.257812</course><hAcc>5.000000</hAcc><vAcc>4.000000</vAcc></extensions></trkpt>
      <trkpt lon="-123.283427" lat="44.576527"><ele>72.520119</ele><time>2020-09-26T23:36:58Z</time><extensions><speed>0.000000</speed><course>69.257812</course><hAcc>5.000000</hAcc><vAcc>4.000000</vAcc></extensions></trkpt>
      <trkpt lon="-123.283427" lat="44.576527"><ele>72.540863</ele><time>2020-09-26T23:36:59Z</time><extensions><speed>0.000000</speed><course>69.257812</course><hAcc>5.000000</hAcc><vAcc>3.000000</vAcc></extensions></trkpt>
      <trkpt lon="-123.283427" lat="44.576527"><ele>72.530685</ele><time>2020-09-26T23:37:00Z</time><extensions><speed>0.000000</speed><course>69.257812</course><hAcc>5.000000</hAcc><vAcc>3.000000</vAcc></extensions></trkpt>
      <trkpt lon="-123.283427" lat="44.576527"><ele>72.525764</ele><time>2020-09-26T23:37:01Z</time><extensions><speed>0.000000</speed><course>69.257812</course><hAcc>5.000000</hAcc><vAcc>3.000000</vAcc></extensions></trkpt>
      <trkpt lon="-123.283427" lat="44.576527"><ele>72.547356</ele><time>2020-09-26T23:37:02Z</time><extensions><speed>0.000000</speed><course>69.257812</course><hAcc>5.000000</hAcc><vAcc>3.000000</vAcc></extensions></trkpt>
      <trkpt lon="-123.283427" lat="44.576527"><ele>72.559097</ele><time>2020-09-26T23:37:03Z</time><extensions><speed>0.000000</speed><course>69.257812</course><hAcc>5.000000</hAcc><vAcc>3.000000</vAcc></extensions></trkpt>
      <trkpt lon="-123.283427" lat="44.576527"><ele>72.652924</ele><time>2020-09-26T23:37:04Z</time><extensions><speed>0.000000</speed><course>69.257812</course><hAcc>5.000000</hAcc><vAcc>3.000000</vAcc></extensions></trkpt>
      <trkpt lon="-123.283427" lat="44.576527"><ele>72.631004</ele><time>2020-09-26T23:37:05Z</time><extensions><speed>0.000000</speed><course>69.257812</course><hAcc>5.000000</hAcc><vAcc>3.000000</vAcc></extensions></trkpt>
      <trkpt lon="-123.283427" lat="44.576527"><ele>72.538193</ele><time>2020-09-26T23:37:06Z</time><extensions><speed>0.000000</speed><course>69.257812</course><hAcc>5.000000</hAcc><vAcc>3.000000</vAcc></extensions></trkpt>
      <trkpt lon="-123.283427" lat="44.576527"><ele>72.488556</ele><time>2020-09-26T23:37:07Z</time><extensions><speed>0.000000</speed><course>69.257812</course><hAcc>10.000000</hAcc><vAcc>3.000000</vAcc></extensions></trkpt>
      <trkpt lon="-123.283427" lat="44.576527"><ele>72.396515</ele><time>2020-09-26T23:37:08Z</time><extensions><speed>0.000000</speed><course>69.257812</course><hAcc>10.000000</hAcc><vAcc>3.000000</vAcc></extensions></trkpt>
      <trkpt lon="-123.283427" lat="44.576527"><ele>72.541862</ele><time>2020-09-26T23:37:09Z</time><extensions><speed>0.000000</speed><course>69.257812</course><hAcc>10.000000</hAcc><vAcc>3.000000</vAcc></extensions></trkpt>
      <trkpt lon="-123.283427" lat="44.576527"><ele>72.607460</ele><time>2020-09-26T23:37:10Z</time><extensions><speed>0.000000</speed><course>69.257812</course><hAcc>10.000000</hAcc><vAcc>3.000000</vAcc></extensions></trkpt>
      <trkpt lon="-123.283427" lat="44.576527"><ele>72.693382</ele><time>2020-09-26T23:37:11Z</time><extensions><speed>0.000000</speed><course>69.257812</course><hAcc>10.000000</hAcc><vAcc>3.000000</vAcc></extensions></trkpt>
      <trkpt lon="-123.283427" lat="44.576527"><ele>72.708740</ele><time>2020-09-26T23:37:12Z</time><extensions><speed>0.000000</speed><course>69.257812</course><hAcc>10.000000</hAcc><vAcc>3.000000</vAcc></extensions></trkpt>
      <trkpt lon="-123.283427" lat="44.576527"><ele>72.686546</ele><time>2020-09-26T23:37:13Z</time><extensions><speed>0.000000</speed><course>69.257812</course><hAcc>10.000000</hAcc><vAcc>3.000000</vAcc></extensions></trkpt>
      <trkpt lon="-123.283427" lat="44.576527"><ele>72.500015</ele><time>2020-09-26T23:37:14Z</time><extensions><speed>0.000000</speed><course>69.257812</course><hAcc>10.000000</hAcc><vAcc>3.000000</vAcc></extensions></trkpt>
      <trkpt lon="-123.283427" lat="44.576527"><ele>72.420647</ele><time>2020-09-26T23:37:15Z</time><extensions><speed>0.000000</speed><course>69.257812</course><hAcc>10.000000</hAcc><vAcc>3.000000</vAcc></extensions></trkpt>
      <trkpt lon="-123.283427" lat="44.576527"><ele>72.370728</ele><time>2020-09-26T23:37:16Z</time><extensions><speed>0.000000</speed><course>69.257812</course><hAcc>10.000000</hAcc><vAcc>3.000000</vAcc></extensions></trkpt>
      <trkpt lon="-123.283427" lat="44.576527"><ele>72.353409</ele><time>2020-09-26T23:37:17Z</time><extensions><speed>0.000000</speed><course>69.257812</course><hAcc>10.000000</hAcc><vAcc>3.000000</vAcc></extensions></trkpt>
      <trkpt lon="-123.283427" lat="44.576527"><ele>72.449150</ele><time>2020-09-26T23:37:18Z</time><extensions><speed>0.000000</speed><course>69.257812</course><hAcc>10.000000</hAcc><vAcc>3.000000</vAcc></extensions></trkpt>
      <trkpt lon="-123.283427" lat="44.576527"><ele>72.472588</ele><time>2020-09-26T23:37:18Z</time><extensions><speed>0.000000</speed><course>69.257812</course><hAcc>10.000000</hAcc><vAcc>3.000000</vAcc></extensions></trkpt>
      <trkpt lon="-123.283427" lat="44.576527"><ele>72.397797</ele><time>2020-09-26T23:37:19Z</time><extensions><speed>0.000000</speed><course>69.257812</course><hAcc>10.000000</hAcc><vAcc>3.000000</vAcc></extensions></trkpt>
      <trkpt lon="-123.283427" lat="44.576527"><ele>72.367966</ele><time>2020-09-26T23:37:20Z</time><extensions><speed>0.000000</speed><course>69.257812</course><hAcc>10.000000</hAcc><vAcc>3.000000</vAcc></extensions></trkpt>
      <trkpt lon="-123.283427" lat="44.576527"><ele>72.374733</ele><time>2020-09-26T23:37:21Z</time><extensions><speed>0.000000</speed><course>69.257812</course><hAcc>10.000000</hAcc><vAcc>3.000000</vAcc></extensions></trkpt>
      <trkpt lon="-123.283427" lat="44.576527"><ele>72.450050</ele><time>2020-09-26T23:37:22Z</time><extensions><speed>0.000000</speed><course>69.257812</course><hAcc>10.000000</hAcc><vAcc>3.000000</vAcc></extensions></trkpt>
      <trkpt lon="-123.283427" lat="44.576527"><ele>72.449120</ele><time>2020-09-26T23:37:23Z</time><extensions><speed>0.000000</speed><course>69.257812</course><hAcc>10.000000</hAcc><vAcc>3.000000</vAcc></extensions></trkpt>
      <trkpt lon="-123.283427" lat="44.576527"><ele>72.423897</ele><time>2020-09-26T23:37:24Z</time><extensions><speed>0.000000</speed><course>69.257812</course><hAcc>10.000000</hAcc><vAcc>3.000000</vAcc></extensions></trkpt>
      <trkpt lon="-123.283427" lat="44.576527"><ele>72.419456</ele><time>2020-09-26T23:37:25Z</time><extensions><speed>0.000000</speed><course>69.257812</course><hAcc>10.000000</hAcc><vAcc>3.000000</vAcc></extensions></trkpt>
      <trkpt lon="-123.283427" lat="44.576527"><ele>72.431923</ele><time>2020-09-26T23:37:26Z</time><extensions><speed>0.000000</speed><course>69.257812</course><hAcc>10.000000</hAcc><vAcc>3.000000</vAcc></extensions></trkpt>
      <trkpt lon="-123.283427" lat="44.576527"><ele>72.395569</ele><time>2020-09-26T23:37:27Z</time><extensions><speed>0.000000</speed><course>69.257812</course><hAcc>10.000000</hAcc><vAcc>3.000000</vAcc></extensions></trkpt>
      <trkpt lon="-123.283427" lat="44.576527"><ele>72.346214</ele><time>2020-09-26T23:37:28Z</time><extensions><speed>0.000000</speed><course>69.257812</course><hAcc>10.000000</hAcc><vAcc>3.000000</vAcc></extensions></trkpt>
      <trkpt lon="-123.283427" lat="44.576527"><ele>72.321533</ele><time>2020-09-26T23:37:29Z</time><extensions><speed>0.000000</speed><course>69.257812</course><hAcc>10.000000</hAcc><vAcc>3.000000</vAcc></extensions></trkpt>
      <trkpt lon="-123.283427" lat="44.576527"><ele>72.275848</ele><time>2020-09-26T23:37:30Z</time><extensions><speed>0.000000</speed><course>69.257812</course><hAcc>10.000000</hAcc><vAcc>3.000000</vAcc></extensions></trkpt>
      <trkpt lon="-123.283427" lat="44.576527"><ele>72.223396</ele><time>2020-09-26T23:37:31Z</time><extensions><speed>0.000000</speed><course>69.257812</course><hAcc>10.000000</hAcc><vAcc>3.000000</vAcc></extensions></trkpt>
      <trkpt lon="-123.283427" lat="44.576527"><ele>72.207924</ele><time>2020-09-26T23:37:32Z</time><extensions><speed>0.000000</speed><course>69.257812</course><hAcc>10.000000</hAcc><vAcc>3.000000</vAcc></extensions></trkpt>
      <trkpt lon="-123.283427" lat="44.576527"><ele>72.224945</ele><time>2020-09-26T23:37:33Z</time><extensions><speed>0.000000</speed><course>69.257812</course><hAcc>10.000000</hAcc><vAcc>3.000000</vAcc></extensions></trkpt>
      <trkpt lon="-123.283427" lat="44.576527"><ele>72.181740</ele><time>2020-09-26T23:37:34Z</time><extensions><speed>0.000000</speed><course>69.257812</course><hAcc>10.000000</hAcc><vAcc>3.000000</vAcc></extensions></trkpt>
      <trkpt lon="-123.283427" lat="44.576527"><ele>72.118904</ele><time>2020-09-26T23:37:35Z</time><extensions><speed>0.000000</speed><course>69.257812</course><hAcc>10.000000</hAcc><vAcc>3.000000</vAcc></extensions></trkpt>
      <trkpt lon="-123.283427" lat="44.576527"><ele>72.131157</ele><time>2020-09-26T23:37:36Z</time><extensions><speed>0.000000</speed><course>69.257812</course><hAcc>10.000000</hAcc><vAcc>3.000000</vAcc></extensions></trkpt>
      <trkpt lon="-123.283427" lat="44.576527"><ele>72.160156</ele><time>2020-09-26T23:37:37Z</time><extensions><speed>0.000000</speed><course>69.257812</course><hAcc>10.000000</hAcc><vAcc>3.000000</vAcc></extensions></trkpt>
      <trkpt lon="-123.283427" lat="44.576527"><ele>72.284431</ele><time>2020-09-26T23:37:38Z</time><extensions><speed>0.000000</speed><course>69.257812</course><hAcc>10.000000</hAcc><vAcc>3.000000</vAcc></extensions></trkpt>
      <trkpt lon="-123.283427" lat="44.576527"><ele>72.342819</ele><time>2020-09-26T23:37:39Z</time><extensions><speed>0.000000</speed><course>69.257812</course><hAcc>10.000000</hAcc><vAcc>3.000000</vAcc></extensions></trkpt>
      <trkpt lon="-123.283427" lat="44.576527"><ele>72.380363</ele><time>2020-09-26T23:37:40Z</time><extensions><speed>0.000000</speed><course>69.257812</course><hAcc>10.000000</hAcc><vAcc>3.000000</vAcc></extensions></trkpt>
      <trkpt lon="-123.283427" lat="44.576527"><ele>72.459717</ele><time>2020-09-26T23:37:41Z</time><extensions><speed>0.000000</speed><course>69.257812</course><hAcc>10.000000</hAcc><vAcc>3.000000</vAcc></extensions></trkpt>
      <trkpt lon="-123.283427" lat="44.576527"><ele>72.449860</ele><time>2020-09-26T23:37:42Z</time><extensions><speed>0.000000</speed><course>69.257812</course><hAcc>10.000000</hAcc><vAcc>3.000000</vAcc></extensions></trkpt>
      <trkpt lon="-123.283427" lat="44.576527"><ele>72.393127</ele><time>2020-09-26T23:37:43Z</time><extensions><speed>0.000000</speed><course>69.257812</course><hAcc>10.000000</hAcc><vAcc>3.000000</vAcc></extensions></trkpt>
      <trkpt lon="-123.283427" lat="44.576527"><ele>72.517555</ele><time>2020-09-26T23:37:44Z</time><extensions><speed>0.000000</speed><course>69.257812</course><hAcc>10.000000</hAcc><vAcc>3.000000</vAcc></extensions></trkpt>
      <trkpt lon="-123.283427" lat="44.576527"><ele>72.519127</ele><time>2020-09-26T23:37:45Z</time><extensions><speed>0.000000</speed><course>69.257812</course><hAcc>10.000000</hAcc><vAcc>3.000000</vAcc></extensions></trkpt>
      <trkpt lon="-123.283427" lat="44.576527"><ele>72.522957</ele><time>2020-09-26T23:37:46Z</time><extensions><speed>0.000000</speed><course>69.257812</course><hAcc>10.000000</hAcc><vAcc>3.000000</vAcc></extensions></trkpt>
      <trkpt lon="-123.283427" lat="44.576527"><ele>72.659241</ele><time>2020-09-26T23:37:47Z</time><extensions><speed>0.000000</speed><course>69.257812</course><hAcc>10.000000</hAcc><vAcc>3.000000</vAcc></extensions></trkpt>
      <trkpt lon="-123.283427" lat="44.576527"><ele>72.633690</ele><time>2020-09-26T23:37:48Z</time><extensions><speed>0.000000</speed><course>69.257812</course><hAcc>10.000000</hAcc><vAcc>3.000000</vAcc></extensions></trkpt>
      <trkpt lon="-123.283427" lat="44.576527"><ele>72.543938</ele><time>2020-09-26T23:37:49Z</time><extensions><speed>0.000000</speed><course>69.257812</course><hAcc>10.000000</hAcc><vAcc>3.000000</vAcc></extensions></trkpt>
      <trkpt lon="-123.283427" lat="44.576527"><ele>72.281166</ele><time>2020-09-26T23:37:50Z</time><extensions><speed>0.000000</speed><course>69.257812</course><hAcc>10.000000</hAcc><vAcc>3.000000</vAcc></extensions></trkpt>
      <trkpt lon="-123.283427" lat="44.576527"><ele>72.414978</ele><time>2020-09-26T23:37:51Z</time><extensions><speed>0.000000</speed><course>69.257812</course><hAcc>10.000000</hAcc><vAcc>3.000000</vAcc></extensions></trkpt>
      <trkpt lon="-123.283427" lat="44.576527"><ele>72.332291</ele><time>2020-09-26T23:37:52Z</time><extensions><speed>0.000000</speed><course>69.257812</course><hAcc>10.000000</hAcc><vAcc>3.000000</vAcc></extensions></trkpt>
      <trkpt lon="-123.283427" lat="44.576527"><ele>72.280411</ele><time>2020-09-26T23:37:53Z</time><extensions><speed>0.000000</speed><course>69.257812</course><hAcc>10.000000</hAcc><vAcc>3.000000</vAcc></extensions></trkpt>
      <trkpt lon="-123.283427" lat="44.576527"><ele>72.364563</ele><time>2020-09-26T23:37:54Z</time><extensions><speed>0.000000</speed><course>69.257812</course><hAcc>10.000000</hAcc><vAcc>3.000000</vAcc></extensions></trkpt>
      <trkpt lon="-123.283427" lat="44.576527"><ele>72.364517</ele><time>2020-09-26T23:37:55Z</time><extensions><speed>0.000000</speed><course>69.257812</course><hAcc>10.000000</hAcc><vAcc>3.000000</vAcc></extensions></trkpt>
      <trkpt lon="-123.283427" lat="44.576527"><ele>72.361847</ele><time>2020-09-26T23:37:56Z</time><extensions><speed>0.000000</speed><course>69.257812</course><hAcc>10.000000</hAcc><vAcc>3.000000</vAcc></extensions></trkpt>
      <trkpt lon="-123.283427" lat="44.576527"><ele>72.416306</ele><time>2020-09-26T23:37:57Z</time><extensions><speed>0.000000</speed><course>69.257812</course><hAcc>10.000000</hAcc><vAcc>3.000000</vAcc></extensions></trkpt>
      <trkpt lon="-123.283427" lat="44.576527"><ele>72.358345</ele><time>2020-09-26T23:37:58Z</time><extensions><speed>0.000000</speed><course>69.257812</course><hAcc>10.000000</hAcc><vAcc>3.000000</vAcc></extensions></trkpt>
      <trkpt lon="-123.283427" lat="44.576527"><ele>72.372780</ele><time>2020-09-26T23:37:59Z</time><extensions><speed>0.000000</speed><course>69.257812</course><hAcc>10.000000</hAcc><vAcc>3.000000</vAcc></extensions></trkpt>
      <trkpt lon="-123.283427" lat="44.576527"><ele>72.369164</ele><time>2020-09-26T23:38:00Z</time><extensions><speed>0.000000</speed><course>69.257812</course><hAcc>10.000000</hAcc><vAcc>3.000000</vAcc></extensions></trkpt>
      <trkpt lon="-123.283427" lat="44.576527"><ele>72.357048</ele><time>2020-09-26T23:38:01Z</time><extensions><speed>0.000000</speed><course>69.257812</course><hAcc>10.000000</hAcc><vAcc>3.000000</vAcc></extensions></trkpt>
      <trkpt lon="-123.283427" lat="44.576527"><ele>72.268631</ele><time>2020-09-26T23:38:02Z</time><extensions><speed>0.000000</speed><course>69.257812</course><hAcc>10.000000</hAcc><vAcc>3.000000</vAcc></extensions></trkpt>
      <trkpt lon="-123.283427" lat="44.576527"><ele>72.314018</ele><time>2020-09-26T23:38:03Z</time><extensions><speed>0.000000</speed><course>69.257812</course><hAcc>10.000000</hAcc><vAcc>3.000000</vAcc></extensions></trkpt>
      <trkpt lon="-123.283427" lat="44.576527"><ele>72.299995</ele><time>2020-09-26T23:38:04Z</time><extensions><speed>0.000000</speed><course>69.257812</course><hAcc>10.000000</hAcc><vAcc>3.000000</vAcc></extensions></trkpt>
      <trkpt lon="-123.283427" lat="44.576527"><ele>72.386101</ele><time>2020-09-26T23:38:05Z</time><extensions><speed>0.000000</speed><course>69.257812</course><hAcc>10.000000</hAcc><vAcc>3.000000</vAcc></extensions></trkpt>
      <trkpt lon="-123.283427" lat="44.576527"><ele>72.289429</ele><time>2020-09-26T23:38:06Z</time><extensions><speed>0.000000</speed><course>69.257812</course><hAcc>10.000000</hAcc><vAcc>3.000000</vAcc></extensions></trkpt>
      <trkpt lon="-123.283427" lat="44.576527"><ele>72.267143</ele><time>2020-09-26T23:38:07Z</time><extensions><speed>0.000000</speed><course>69.257812</course><hAcc>10.000000</hAcc><vAcc>3.000000</vAcc></extensions></trkpt>
      <trkpt lon="-123.283427" lat="44.576527"><ele>72.275093</ele><time>2020-09-26T23:38:08Z</time><extensions><speed>0.000000</speed><course>69.257812</course><hAcc>10.000000</hAcc><vAcc>3.000000</vAcc></extensions></trkpt>
      <trkpt lon="-123.283427" lat="44.576527"><ele>72.301559</ele><time>2020-09-26T23:38:09Z</time><extensions><speed>0.000000</speed><course>69.257812</course><hAcc>10.000000</hAcc><vAcc>3.000000</vAcc></extensions></trkpt>
      <trkpt lon="-123.283427" lat="44.576527"><ele>72.236481</ele><time>2020-09-26T23:38:10Z</time><extensions><speed>0.000000</speed><course>69.257812</course><hAcc>10.000000</hAcc><vAcc>3.000000</vAcc></extensions></trkpt>
      <trkpt lon="-123.283427" lat="44.576527"><ele>72.299927</ele><time>2020-09-26T23:38:11Z</time><extensions><speed>0.000000</speed><course>69.257812</course><hAcc>10.000000</hAcc><vAcc>3.000000</vAcc></extensions></trkpt>
      <trkpt lon="-123.283427" lat="44.576527"><ele>72.296745</ele><time>2020-09-26T23:38:12Z</time><extensions><speed>0.000000</speed><course>69.257812</course><hAcc>10.000000</hAcc><vAcc>3.000000</vAcc></extensions></trkpt>
      <trkpt lon="-123.283427" lat="44.576527"><ele>72.379745</ele><time>2020-09-26T23:38:13Z</time><extensions><speed>0.000000</speed><course>69.257812</course><hAcc>10.000000</hAcc><vAcc>3.000000</vAcc></extensions></trkpt>
      <trkpt lon="-123.283427" lat="44.576527"><ele>72.370117</ele><time>2020-09-26T23:38:14Z</time><extensions><speed>0.000000</speed><course>69.257812</course><hAcc>10.000000</hAcc><vAcc>3.000000</vAcc></extensions></trkpt>
      <trkpt lon="-123.283427" lat="44.576527"><ele>72.308540</ele><time>2020-09-26T23:38:15Z</time><extensions><speed>0.000000</speed><course>69.257812</course><hAcc>10.000000</hAcc><vAcc>3.000000</vAcc></extensions></trkpt>
      <trkpt lon="-123.283427" lat="44.576527"><ele>72.370834</ele><time>2020-09-26T23:38:16Z</time><extensions><speed>0.000000</speed><course>69.257812</course><hAcc>10.000000</hAcc><vAcc>3.000000</vAcc></extensions></trkpt>
      <trkpt lon="-123.283427" lat="44.576527"><ele>72.318367</ele><time>2020-09-26T23:38:17Z</time><extensions><speed>0.000000</speed><course>69.257812</course><hAcc>10.000000</hAcc><vAcc>3.000000</vAcc></extensions></trkpt>
      <trkpt lon="-123.283427" lat="44.576527"><ele>72.365318</ele><time>2020-09-26T23:38:18Z</time><extensions><speed>0.000000</speed><course>69.257812</course><hAcc>10.000000</hAcc><vAcc>3.000000</vAcc></extensions></trkpt>
      <trkpt lon="-123.283427" lat="44.576527"><ele>72.368134</ele><time>2020-09-26T23:38:19Z</time><extensions><speed>0.000000</speed><course>69.257812</course><hAcc>10.000000</hAcc><vAcc>3.000000</vAcc></extensions></trkpt>
      <trkpt lon="-123.283427" lat="44.576527"><ele>72.432259</ele><time>2020-09-26T23:38:20Z</time><extensions><speed>0.000000</speed><course>69.257812</course><hAcc>10.000000</hAcc><vAcc>3.000000</vAcc></extensions></trkpt>
      <trkpt lon="-123.283427" lat="44.576527"><ele>72.379364</ele><time>2020-09-26T23:38:21Z</time><extensions><speed>0.000000</speed><course>69.257812</course><hAcc>10.000000</hAcc><vAcc>3.000000</vAcc></extensions></trkpt>
      <trkpt lon="-123.283427" lat="44.576527"><ele>72.471100</ele><time>2020-09-26T23:38:22Z</time><extensions><speed>0.000000</speed><course>69.257812</course><hAcc>10.000000</hAcc><vAcc>3.000000</vAcc></extensions></trkpt>
      <trkpt lon="-123.283427" lat="44.576527"><ele>72.507835</ele><time>2020-09-26T23:38:23Z</time><extensions><speed>0.000000</speed><course>69.257812</course><hAcc>10.000000</hAcc><vAcc>3.000000</vAcc></extensions></trkpt>
    </trkseg>
  </trk>
</gpx>