<?xml version="1.0" encoding="UTF-8"?>
<gpx version="1.1" creator="Apple Health Export" xmlns="http://www.topografix.com/GPX/1/1" xmlns:xsi="http://www.w3.org/2001/XMLSchema-instance" xsi:schemaLocation="http://www.topografix.com/GPX/1/1 http://www.topografix.com/GPX/1/1/gpx.xsd">
  <metadata>
    <time>2021-02-21T19:24:48Z</time>
  </metadata>
  <trk>
    <name>Route 2020-11-03 4:39pm</name>
    <trkseg>
      <trkpt lon="-123.279420" lat="44.563319"><ele>61.147591</ele><time>2020-11-04T00:31:52Z</time><extensions><speed>0.390000</speed><course>116.367188</course><hAcc>10.000000</hAcc><vAcc>12.000000</vAcc></extensions></trkpt>
      <trkpt lon="-123.279387" lat="44.563388"><ele>68.407722</ele><time>2020-11-04T00:31:53Z</time><extensions><speed>0.520000</speed><course>116.367188</course><hAcc>10.000000</hAcc><vAcc>12.000000</vAcc></extensions></trkpt>
      <trkpt lon="-123.279389" lat="44.563383"><ele>72.807930</ele><time>2020-11-04T00:31:54Z</time><extensions><speed>0.530000</speed><course>284.062500</course><hAcc>5.000000</hAcc><vAcc>8.000000</vAcc></extensions></trkpt>
      <trkpt lon="-123.279430" lat="44.563337"><ele>76.682259</ele><time>2020-11-04T00:31:55Z</time><extensions><speed>0.840000</speed><course>262.617188</course><hAcc>5.000000</hAcc><vAcc>6.000000</vAcc></extensions></trkpt>
      <trkpt lon="-123.279432" lat="44.563308"><ele>81.656502</ele><time>2020-11-04T00:31:56Z</time><extensions><speed>2.390000</speed><course>200.390625</course><hAcc>5.000000</hAcc><vAcc>8.000000</vAcc></extensions></trkpt>
      <trkpt lon="-123.279488" lat="44.563218"><ele>73.609016</ele><time>2020-11-04T00:31:57Z</time><extensions><speed>2.140000</speed><course>196.875000</course><hAcc>5.000000</hAcc><vAcc>3.000000</vAcc></extensions></trkpt>
      <trkpt lon="-123.279518" lat="44.563208"><ele>73.672615</ele><time>2020-11-04T00:31:58Z</time><extensions><speed>2.390000</speed><course>200.390625</course><hAcc>5.000000</hAcc><vAcc>3.000000</vAcc></extensions></trkpt>
      <trkpt lon="-123.279540" lat="44.563175"><ele>73.694588</ele><time>2020-11-04T00:31:59Z</time><extensions><speed>3.120000</speed><course>197.929688</course><hAcc>5.000000</hAcc><vAcc>3.000000</vAcc></extensions></trkpt>
      <trkpt lon="-123.279561" lat="44.563135"><ele>73.733345</ele><time>2020-11-04T00:32:00Z</time><extensions><speed>4.590000</speed><course>199.335938</course><hAcc>5.000000</hAcc><vAcc>3.000000</vAcc></extensions></trkpt>
      <trkpt lon="-123.279583" lat="44.563094"><ele>73.766243</ele><time>2020-11-04T00:32:01Z</time><extensions><speed>4.590000</speed><course>202.500000</course><hAcc>5.000000</hAcc><vAcc>3.000000</vAcc></extensions></trkpt>
      <trkpt lon="-123.279595" lat="44.563044"><ele>73.553780</ele><time>2020-11-04T00:32:02Z</time><extensions><speed>4.590000</speed><course>187.734375</course><hAcc>5.000000</hAcc><vAcc>3.000000</vAcc></extensions></trkpt>
      <trkpt lon="-123.279597" lat="44.562982"><ele>74.171700</ele><time>2020-11-04T00:32:03Z</time><extensions><speed>5.880000</speed><course>185.625000</course><hAcc>5.000000</hAcc><vAcc>3.000000</vAcc></extensions></trkpt>
      <trkpt lon="-123.279593" lat="44.562917"><ele>73.991280</ele><time>2020-11-04T00:32:04Z</time><extensions><speed>6.530000</speed><course>183.867188</course><hAcc>5.000000</hAcc><vAcc>3.000000</vAcc></extensions></trkpt>
      <trkpt lon="-123.279586" lat="44.562849"><ele>73.600899</ele><time>2020-11-04T00:32:05Z</time><extensions><speed>7.270000</speed><course>179.648438</course><hAcc>5.000000</hAcc><vAcc>3.000000</vAcc></extensions></trkpt>
      <trkpt lon="-123.279568" lat="44.562780"><ele>73.826241</ele><time>2020-11-04T00:32:06Z</time><extensions><speed>6.640000</speed><course>172.968750</course><hAcc>5.000000</hAcc><vAcc>3.000000</vAcc></extensions></trkpt>
      <trkpt lon="-123.279547" lat="44.562715"><ele>74.098030</ele><time>2020-11-04T00:32:07Z</time><extensions><speed>6.640000</speed><course>173.671875</course><hAcc>5.000000</hAcc><vAcc>3.000000</vAcc></extensions></trkpt>
      <trkpt lon="-123.279527" lat="44.562654"><ele>73.390388</ele><time>2020-11-04T00:32:08Z</time><extensions><speed>6.390000</speed><course>176.132812</course><hAcc>5.000000</hAcc><vAcc>3.000000</vAcc></extensions></trkpt>
      <trkpt lon="-123.279475" lat="44.562586"><ele>72.960457</ele><time>2020-11-04T00:32:09Z</time><extensions><speed>6.390000</speed><course>179.648438</course><hAcc>5.000000</hAcc><vAcc>3.000000</vAcc></extensions></trkpt>
      <trkpt lon="-123.279459" lat="44.562524"><ele>72.406075</ele><time>2020-11-04T00:32:10Z</time><extensions><speed>6.390000</speed><course>175.781250</course><hAcc>5.000000</hAcc><vAcc>3.000000</vAcc></extensions></trkpt>
      <trkpt lon="-123.279457" lat="44.562476"><ele>72.768684</ele><time>2020-11-04T00:32:11Z</time><extensions><speed>6.300000</speed><course>171.210938</course><hAcc>5.000000</hAcc><vAcc>3.000000</vAcc></extensions></trkpt>
      <trkpt lon="-123.279411" lat="44.562436"><ele>72.977913</ele><time>2020-11-04T00:32:12Z</time><extensions><speed>6.040000</speed><course>142.382812</course><hAcc>5.000000</hAcc><vAcc>3.000000</vAcc></extensions></trkpt>
      <trkpt lon="-123.279335" lat="44.562410"><ele>72.448677</ele><time>2020-11-04T00:32:13Z</time><extensions><speed>6.270000</speed><course>120.234375</course><hAcc>5.000000</hAcc><vAcc>3.000000</vAcc></extensions></trkpt>
      <trkpt lon="-123.279266" lat="44.562392"><ele>72.809334</ele><time>2020-11-04T00:32:14Z</time><extensions><speed>6.270000</speed><course>117.070312</course><hAcc>5.000000</hAcc><vAcc>3.000000</vAcc></extensions></trkpt>
      <trkpt lon="-123.279212" lat="44.562359"><ele>72.332771</ele><time>2020-11-04T00:32:15Z</time><extensions><speed>6.270000</speed><course>128.320312</course><hAcc>5.000000</hAcc><vAcc>3.000000</vAcc></extensions></trkpt>
      <trkpt lon="-123.279172" lat="44.562322"><ele>72.329536</ele><time>2020-11-04T00:32:16Z</time><extensions><speed>5.210000</speed><course>138.867188</course><hAcc>5.000000</hAcc><vAcc>3.000000</vAcc></extensions></trkpt>
      <trkpt lon="-123.279137" lat="44.562290"><ele>72.403328</ele><time>2020-11-04T00:32:17Z</time><extensions><speed>5.300000</speed><course>146.250000</course><hAcc>5.000000</hAcc><vAcc>3.000000</vAcc></extensions></trkpt>
      <trkpt lon="-123.279132" lat="44.562235"><ele>72.608955</ele><time>2020-11-04T00:32:18Z</time><extensions><speed>5.210000</speed><course>161.718750</course><hAcc>5.000000</hAcc><vAcc>3.000000</vAcc></extensions></trkpt>
      <trkpt lon="-123.279109" lat="44.562191"><ele>72.289131</ele><time>2020-11-04T00:32:19Z</time><extensions><speed>5.260000</speed><course>165.937500</course><hAcc>5.000000</hAcc><vAcc>3.000000</vAcc></extensions></trkpt>
      <trkpt lon="-123.279092" lat="44.562145"><ele>72.232979</ele><time>2020-11-04T00:32:20Z</time><extensions><speed>5.310000</speed><course>158.203125</course><hAcc>5.000000</hAcc><vAcc>3.000000</vAcc></extensions></trkpt>
      <trkpt lon="-123.279055" lat="44.562102"><ele>72.360420</ele><time>2020-11-04T00:32:21Z</time><extensions><speed>5.500000</speed><course>148.007812</course><hAcc>5.000000</hAcc><vAcc>3.000000</vAcc></extensions></trkpt>
      <trkpt lon="-123.279013" lat="44.562063"><ele>72.261238</ele><time>2020-11-04T00:32:22Z</time><extensions><speed>5.500000</speed><course>142.734375</course><hAcc>5.000000</hAcc><vAcc>3.000000</vAcc></extensions></trkpt>
      <trkpt lon="-123.278954" lat="44.562022"><ele>71.632210</ele><time>2020-11-04T00:32:23Z</time><extensions><speed>5.500000</speed><course>133.945312</course><hAcc>5.000000</hAcc><vAcc>3.000000</vAcc></extensions></trkpt>
      <trkpt lon="-123.278901" lat="44.561987"><ele>71.654549</ele><time>2020-11-04T00:32:24Z</time><extensions><speed>5.810000</speed><course>129.375000</course><hAcc>5.000000</hAcc><vAcc>3.000000</vAcc></extensions></trkpt>
      <trkpt lon="-123.278842" lat="44.561951"><ele>71.287361</ele><time>2020-11-04T00:32:25Z</time><extensions><speed>5.810000</speed><course>123.750000</course><hAcc>5.000000</hAcc><vAcc>3.000000</vAcc></extensions></trkpt>
      <trkpt lon="-123.278804" lat="44.561938"><ele>72.207405</ele><time>2020-11-04T00:32:26Z</time><extensions><speed>5.440000</speed><course>117.070312</course><hAcc>5.000000</hAcc><vAcc>3.000000</vAcc></extensions></trkpt>
      <trkpt lon="-123.278731" lat="44.561928"><ele>72.511848</ele><time>2020-11-04T00:32:27Z</time><extensions><speed>5.440000</speed><course>107.929688</course><hAcc>5.000000</hAcc><vAcc>3.000000</vAcc></extensions></trkpt>
      <trkpt lon="-123.278638" lat="44.561919"><ele>71.679817</ele><time>2020-11-04T00:32:28Z</time><extensions><speed>6.210000</speed><course>101.953125</course><hAcc>5.000000</hAcc><vAcc>3.000000</vAcc></extensions></trkpt>
      <trkpt lon="-123.278580" lat="44.561921"><ele>72.387886</ele><time>2020-11-04T00:32:29Z</time><extensions><speed>6.210000</speed><course>94.570312</course><hAcc>5.000000</hAcc><vAcc>3.000000</vAcc></extensions></trkpt>
      <trkpt lon="-123.278514" lat="44.561918"><ele>72.553108</ele><time>2020-11-04T00:32:30Z</time><extensions><speed>5.270000</speed><course>92.460938</course><hAcc>5.000000</hAcc><vAcc>3.000000</vAcc></extensions></trkpt>
      <trkpt lon="-123.278457" lat="44.561923"><ele>73.242195</ele><time>2020-11-04T00:32:31Z</time><extensions><speed>5.170000</speed><course>93.164062</course><hAcc>5.000000</hAcc><vAcc>3.000000</vAcc></extensions></trkpt>
      <trkpt lon="-123.278411" lat="44.561901"><ele>73.736214</ele><time>2020-11-04T00:32:32Z</time><extensions><speed>5.110000</speed><course>120.234375</course><hAcc>5.000000</hAcc><vAcc>3.000000</vAcc></extensions></trkpt>
      <trkpt lon="-123.278353" lat="44.561882"><ele>74.057564</ele><time>2020-11-04T00:32:33Z</time><extensions><speed>5.350000</speed><course>116.718750</course><hAcc>5.000000</hAcc><vAcc>3.000000</vAcc></extensions></trkpt>
      <trkpt lon="-123.278274" lat="44.561881"><ele>74.427437</ele><time>2020-11-04T00:32:34Z</time><extensions><speed>5.350000</speed><course>96.679688</course><hAcc>5.000000</hAcc><vAcc>3.000000</vAcc></extensions></trkpt>
      <trkpt lon="-123.278185" lat="44.561881"><ele>73.896431</ele><time>2020-11-04T00:32:35Z</time><extensions><speed>6.000000</speed><course>90.703125</course><hAcc>5.000000</hAcc><vAcc>3.000000</vAcc></extensions></trkpt>
      <trkpt lon="-123.278098" lat="44.561885"><ele>73.524544</ele><time>2020-11-04T00:32:36Z</time><extensions><speed>6.370000</speed><course>86.835938</course><hAcc>5.000000</hAcc><vAcc>3.000000</vAcc></extensions></trkpt>
      <trkpt lon="-123.278016" lat="44.561885"><ele>73.432076</ele><time>2020-11-04T00:32:37Z</time><extensions><speed>6.550000</speed><course>89.648438</course><hAcc>5.000000</hAcc><vAcc>3.000000</vAcc></extensions></trkpt>
      <trkpt lon="-123.277928" lat="44.561889"><ele>73.151985</ele><time>2020-11-04T00:32:38Z</time><extensions><speed>6.550000</speed><course>86.484375</course><hAcc>5.000000</hAcc><vAcc>3.000000</vAcc></extensions></trkpt>
      <trkpt lon="-123.277833" lat="44.561901"><ele>73.192024</ele><time>2020-11-04T00:32:39Z</time><extensions><speed>6.790000</speed><course>84.023438</course><hAcc>5.000000</hAcc><vAcc>3.000000</vAcc></extensions></trkpt>
      <trkpt lon="-123.277737" lat="44.561904"><ele>72.893196</ele><time>2020-11-04T00:32:40Z</time><extensions><speed>7.450000</speed><course>86.484375</course><hAcc>5.000000</hAcc><vAcc>3.000000</vAcc></extensions></trkpt>
      <trkpt lon="-123.277649" lat="44.561903"><ele>72.774849</ele><time>2020-11-04T00:32:41Z</time><extensions><speed>7.450000</speed><course>91.054688</course><hAcc>5.000000</hAcc><vAcc>3.000000</vAcc></extensions></trkpt>
      <trkpt lon="-123.277544" lat="44.561903"><ele>71.886604</ele><time>2020-11-04T00:32:42Z</time><extensions><speed>7.450000</speed><course>88.593750</course><hAcc>5.000000</hAcc><vAcc>3.000000</vAcc></extensions></trkpt>
      <trkpt lon="-123.277440" lat="44.561904"><ele>71.973640</ele><time>2020-11-04T00:32:43Z</time><extensions><speed>7.730000</speed><course>90.351562</course><hAcc>5.000000</hAcc><vAcc>3.000000</vAcc></extensions></trkpt>
      <trkpt lon="-123.277334" lat="44.561898"><ele>72.704842</ele><time>2020-11-04T00:32:44Z</time><extensions><speed>8.430000</speed><course>88.945312</course><hAcc>5.000000</hAcc><vAcc>3.000000</vAcc></extensions></trkpt>
      <trkpt lon="-123.277240" lat="44.561891"><ele>72.963570</ele><time>2020-11-04T00:32:45Z</time><extensions><speed>8.180000</speed><course>92.109375</course><hAcc>5.000000</hAcc><vAcc>3.000000</vAcc></extensions></trkpt>
      <trkpt lon="-123.277145" lat="44.561895"><ele>72.452034</ele><time>2020-11-04T00:32:46Z</time><extensions><speed>7.920000</speed><course>87.187500</course><hAcc>5.000000</hAcc><vAcc>3.000000</vAcc></extensions></trkpt>
      <trkpt lon="-123.277053" lat="44.561900"><ele>72.602608</ele><time>2020-11-04T00:32:47Z</time><extensions><speed>8.130000</speed><course>86.835938</course><hAcc>5.000000</hAcc><vAcc>3.000000</vAcc></extensions></trkpt>
      <trkpt lon="-123.276967" lat="44.561891"><ele>72.599312</ele><time>2020-11-04T00:32:48Z</time><extensions><speed>7.400000</speed><course>91.054688</course><hAcc>5.000000</hAcc><vAcc>3.000000</vAcc></extensions></trkpt>
      <trkpt lon="-123.276883" lat="44.561892"><ele>72.645683</ele><time>2020-11-04T00:32:49Z</time><extensions><speed>7.380000</speed><course>88.242188</course><hAcc>5.000000</hAcc><vAcc>3.000000</vAcc></extensions></trkpt>
      <trkpt lon="-123.276800" lat="44.561889"><ele>72.953262</ele><time>2020-11-04T00:32:50Z</time><extensions><speed>7.050000</speed><course>89.296875</course><hAcc>5.000000</hAcc><vAcc>3.000000</vAcc></extensions></trkpt>
      <trkpt lon="-123.276710" lat="44.561892"><ele>73.130791</ele><time>2020-11-04T00:32:51Z</time><extensions><speed>6.420000</speed><course>92.460938</course><hAcc>5.000000</hAcc><vAcc>3.000000</vAcc></extensions></trkpt>
      <trkpt lon="-123.276631" lat="44.561890"><ele>72.407631</ele><time>2020-11-04T00:32:52Z</time><extensions><speed>6.380000</speed><course>92.109375</course><hAcc>5.000000</hAcc><vAcc>3.000000</vAcc></extensions></trkpt>
      <trkpt lon="-123.276553" lat="44.561894"><ele>72.214188</ele><time>2020-11-04T00:32:53Z</time><extensions><speed>6.670000</speed><course>87.187500</course><hAcc>5.000000</hAcc><vAcc>3.000000</vAcc></extensions></trkpt>
      <trkpt lon="-123.276469" lat="44.561897"><ele>71.545349</ele><time>2020-11-04T00:32:54Z</time><extensions><speed>6.660000</speed><course>87.187500</course><hAcc>5.000000</hAcc><vAcc>3.000000</vAcc></extensions></trkpt>
      <trkpt lon="-123.276378" lat="44.561901"><ele>71.471527</ele><time>2020-11-04T00:32:55Z</time><extensions><speed>6.540000</speed><course>88.593750</course><hAcc>5.000000</hAcc><vAcc>3.000000</vAcc></extensions></trkpt>
      <trkpt lon="-123.276291" lat="44.561901"><ele>71.429955</ele><time>2020-11-04T00:32:56Z</time><extensions><speed>6.550000</speed><course>89.296875</course><hAcc>5.000000</hAcc><vAcc>3.000000</vAcc></extensions></trkpt>
      <trkpt lon="-123.276208" lat="44.561904"><ele>71.868019</ele><time>2020-11-04T00:32:57Z</time><extensions><speed>6.830000</speed><course>91.406250</course><hAcc>5.000000</hAcc><vAcc>3.000000</vAcc></extensions></trkpt>
      <trkpt lon="-123.276128" lat="44.561906"><ele>71.884804</ele><time>2020-11-04T00:32:58Z</time><extensions><speed>6.640000</speed><course>93.515625</course><hAcc>5.000000</hAcc><vAcc>3.000000</vAcc></extensions></trkpt>
      <trkpt lon="-123.276032" lat="44.561907"><ele>71.906494</ele><time>2020-11-04T00:32:59Z</time><extensions><speed>6.940000</speed><course>93.164062</course><hAcc>5.000000</hAcc><vAcc>3.000000</vAcc></extensions></trkpt>
      <trkpt lon="-123.275947" lat="44.561907"><ele>72.291168</ele><time>2020-11-04T00:33:00Z</time><extensions><speed>6.760000</speed><course>86.132812</course><hAcc>5.000000</hAcc><vAcc>3.000000</vAcc></extensions></trkpt>
      <trkpt lon="-123.275868" lat="44.561908"><ele>71.642189</ele><time>2020-11-04T00:33:01Z</time><extensions><speed>6.760000</speed><course>85.781250</course><hAcc>5.000000</hAcc><vAcc>3.000000</vAcc></extensions></trkpt>
      <trkpt lon="-123.275786" lat="44.561914"><ele>72.108772</ele><time>2020-11-04T00:33:02Z</time><extensions><speed>6.240000</speed><course>84.726562</course><hAcc>5.000000</hAcc><vAcc>3.000000</vAcc></extensions></trkpt>
      <trkpt lon="-123.275704" lat="44.561917"><ele>71.965271</ele><time>2020-11-04T00:33:03Z</time><extensions><speed>6.500000</speed><course>88.945312</course><hAcc>5.000000</hAcc><vAcc>3.000000</vAcc></extensions></trkpt>
      <trkpt lon="-123.275624" lat="44.561919"><ele>71.813065</ele><time>2020-11-04T00:33:04Z</time><extensions><speed>6.030000</speed><course>86.132812</course><hAcc>5.000000</hAcc><vAcc>3.000000</vAcc></extensions></trkpt>
      <trkpt lon="-123.275543" lat="44.561919"><ele>71.967796</ele><time>2020-11-04T00:33:05Z</time><extensions><speed>6.030000</speed><course>91.406250</course><hAcc>5.000000</hAcc><vAcc>3.000000</vAcc></extensions></trkpt>
      <trkpt lon="-123.275467" lat="44.561917"><ele>71.778976</ele><time>2020-11-04T00:33:06Z</time><extensions><speed>6.030000</speed><course>89.296875</course><hAcc>5.000000</hAcc><vAcc>3.000000</vAcc></extensions></trkpt>
      <trkpt lon="-123.275387" lat="44.561918"><ele>71.980644</ele><time>2020-11-04T00:33:07Z</time><extensions><speed>6.380000</speed><course>89.296875</course><hAcc>5.000000</hAcc><vAcc>3.000000</vAcc></extensions></trkpt>
      <trkpt lon="-123.275292" lat="44.561916"><ele>71.651672</ele><time>2020-11-04T00:33:08Z</time><extensions><speed>6.470000</speed><course>91.757812</course><hAcc>5.000000</hAcc><vAcc>3.000000</vAcc></extensions></trkpt>
      <trkpt lon="-123.275220" lat="44.561915"><ele>71.685570</ele><time>2020-11-04T00:33:09Z</time><extensions><speed>6.470000</speed><course>91.054688</course><hAcc>5.000000</hAcc><vAcc>3.000000</vAcc></extensions></trkpt>
      <trkpt lon="-123.275144" lat="44.561906"><ele>72.049622</ele><time>2020-11-04T00:33:10Z</time><extensions><speed>6.250000</speed><course>95.273438</course><hAcc>5.000000</hAcc><vAcc>3.000000</vAcc></extensions></trkpt>
      <trkpt lon="-123.275072" lat="44.561906"><ele>71.936417</ele><time>2020-11-04T00:33:11Z</time><extensions><speed>6.220000</speed><course>92.460938</course><hAcc>5.000000</hAcc><vAcc>3.000000</vAcc></extensions></trkpt>
      <trkpt lon="-123.274988" lat="44.561905"><ele>72.120094</ele><time>2020-11-04T00:33:12Z</time><extensions><speed>6.090000</speed><course>88.945312</course><hAcc>5.000000</hAcc><vAcc>3.000000</vAcc></extensions></trkpt>
      <trkpt lon="-123.274910" lat="44.561911"><ele>72.242966</ele><time>2020-11-04T00:33:13Z</time><extensions><speed>6.680000</speed><course>86.484375</course><hAcc>5.000000</hAcc><vAcc>3.000000</vAcc></extensions></trkpt>
      <trkpt lon="-123.274830" lat="44.561912"><ele>72.318115</ele><time>2020-11-04T00:33:14Z</time><extensions><speed>6.570000</speed><course>88.242188</course><hAcc>5.000000</hAcc><vAcc>3.000000</vAcc></extensions></trkpt>
      <trkpt lon="-123.274753" lat="44.561917"><ele>72.064987</ele><time>2020-11-04T00:33:15Z</time><extensions><speed>6.570000</speed><course>90.351562</course><hAcc>5.000000</hAcc><vAcc>3.000000</vAcc></extensions></trkpt>
      <trkpt lon="-123.274677" lat="44.561913"><ele>72.141846</ele><time>2020-11-04T00:33:16Z</time><extensions><speed>6.360000</speed><course>88.242188</course><hAcc>5.000000</hAcc><vAcc>3.000000</vAcc></extensions></trkpt>
      <trkpt lon="-123.274608" lat="44.561919"><ele>72.129944</ele><time>2020-11-04T00:33:17Z</time><extensions><speed>6.360000</speed><course>89.648438</course><hAcc>5.000000</hAcc><vAcc>3.000000</vAcc></extensions></trkpt>
      <trkpt lon="-123.274540" lat="44.561922"><ele>72.481049</ele><time>2020-11-04T00:33:18Z</time><extensions><speed>5.980000</speed><course>97.031250</course><hAcc>5.000000</hAcc><vAcc>3.000000</vAcc></extensions></trkpt>
      <trkpt lon="-123.274476" lat="44.561911"><ele>72.732460</ele><time>2020-11-04T00:33:19Z</time><extensions><speed>5.600000</speed><course>112.500000</course><hAcc>5.000000</hAcc><vAcc>3.000000</vAcc></extensions></trkpt>
      <trkpt lon="-123.274410" lat="44.561892"><ele>72.391335</ele><time>2020-11-04T00:33:20Z</time><extensions><speed>5.600000</speed><course>112.500000</course><hAcc>5.000000</hAcc><vAcc>3.000000</vAcc></extensions></trkpt>
      <trkpt lon="-123.274413" lat="44.561839"><ele>72.267624</ele><time>2020-11-04T00:33:21Z</time><extensions><speed>5.600000</speed><course>163.476562</course><hAcc>5.000000</hAcc><vAcc>3.000000</vAcc></extensions></trkpt>
      <trkpt lon="-123.274411" lat="44.561779"><ele>72.522667</ele><time>2020-11-04T00:33:22Z</time><extensions><speed>5.600000</speed><course>177.539062</course><hAcc>5.000000</hAcc><vAcc>3.000000</vAcc></extensions></trkpt>
      <trkpt lon="-123.274406" lat="44.561729"><ele>72.771347</ele><time>2020-11-04T00:33:23Z</time><extensions><speed>5.060000</speed><course>177.890625</course><hAcc>5.000000</hAcc><vAcc>3.000000</vAcc></extensions></trkpt>
      <trkpt lon="-123.274403" lat="44.561678"><ele>72.558311</ele><time>2020-11-04T00:33:24Z</time><extensions><speed>5.660000</speed><course>179.296875</course><hAcc>5.000000</hAcc><vAcc>3.000000</vAcc></extensions></trkpt>
      <trkpt lon="-123.274411" lat="44.561627"><ele>72.474365</ele><time>2020-11-04T00:33:25Z</time><extensions><speed>5.660000</speed><course>179.648438</course><hAcc>5.000000</hAcc><vAcc>3.000000</vAcc></extensions></trkpt>
      <trkpt lon="-123.274414" lat="44.561568"><ele>72.441818</ele><time>2020-11-04T00:33:26Z</time><extensions><speed>5.660000</speed><course>178.945312</course><hAcc>5.000000</hAcc><vAcc>3.000000</vAcc></extensions></trkpt>
      <trkpt lon="-123.274405" lat="44.561510"><ele>72.567497</ele><time>2020-11-04T00:33:27Z</time><extensions><speed>6.030000</speed><course>176.484375</course><hAcc>5.000000</hAcc><vAcc>3.000000</vAcc></extensions></trkpt>
      <trkpt lon="-123.274392" lat="44.561455"><ele>72.212646</ele><time>2020-11-04T00:33:28Z</time><extensions><speed>6.380000</speed><course>174.726562</course><hAcc>5.000000</hAcc><vAcc>3.000000</vAcc></extensions></trkpt>
      <trkpt lon="-123.274383" lat="44.561393"><ele>72.380486</ele><time>2020-11-04T00:33:29Z</time><extensions><speed>6.480000</speed><course>176.132812</course><hAcc>5.000000</hAcc><vAcc>3.000000</vAcc></extensions></trkpt>
      <trkpt lon="-123.274370" lat="44.561326"><ele>72.397110</ele><time>2020-11-04T00:33:30Z</time><extensions><speed>6.480000</speed><course>171.562500</course><hAcc>5.000000</hAcc><vAcc>3.000000</vAcc></extensions></trkpt>
      <trkpt lon="-123.274349" lat="44.561272"><ele>72.616478</ele><time>2020-11-04T00:33:31Z</time><extensions><speed>6.650000</speed><course>167.695312</course><hAcc>5.000000</hAcc><vAcc>3.000000</vAcc></extensions></trkpt>
      <trkpt lon="-123.274318" lat="44.561209"><ele>72.381027</ele><time>2020-11-04T00:33:32Z</time><extensions><speed>7.020000</speed><course>164.882812</course><hAcc>5.000000</hAcc><vAcc>3.000000</vAcc></extensions></trkpt>
      <trkpt lon="-123.274291" lat="44.561150"><ele>72.560326</ele><time>2020-11-04T00:33:33Z</time><extensions><speed>7.020000</speed><course>163.828125</course><hAcc>5.000000</hAcc><vAcc>3.000000</vAcc></extensions></trkpt>
      <trkpt lon="-123.274260" lat="44.561081"><ele>72.751160</ele><time>2020-11-04T00:33:34Z</time><extensions><speed>7.020000</speed><course>165.937500</course><hAcc>5.000000</hAcc><vAcc>3.000000</vAcc></extensions></trkpt>
      <trkpt lon="-123.274252" lat="44.561020"><ele>72.793930</ele><time>2020-11-04T00:33:35Z</time><extensions><speed>7.120000</speed><course>170.156250</course><hAcc>5.000000</hAcc><vAcc>3.000000</vAcc></extensions></trkpt>
      <trkpt lon="-123.274251" lat="44.560967"><ele>72.286354</ele><time>2020-11-04T00:33:36Z</time><extensions><speed>6.820000</speed><course>174.726562</course><hAcc>5.000000</hAcc><vAcc>3.000000</vAcc></extensions></trkpt>
      <trkpt lon="-123.274235" lat="44.560901"><ele>72.593040</ele><time>2020-11-04T00:33:37Z</time><extensions><speed>6.910000</speed><course>171.914062</course><hAcc>5.000000</hAcc><vAcc>3.000000</vAcc></extensions></trkpt>
      <trkpt lon="-123.274218" lat="44.560845"><ele>72.506149</ele><time>2020-11-04T00:33:38Z</time><extensions><speed>6.370000</speed><course>167.695312</course><hAcc>5.000000</hAcc><vAcc>3.000000</vAcc></extensions></trkpt>
      <trkpt lon="-123.274200" lat="44.560788"><ele>72.624405</ele><time>2020-11-04T00:33:39Z</time><extensions><speed>6.260000</speed><course>175.781250</course><hAcc>5.000000</hAcc><vAcc>3.000000</vAcc></extensions></trkpt>
      <trkpt lon="-123.274182" lat="44.560725"><ele>72.369507</ele><time>2020-11-04T00:33:40Z</time><extensions><speed>6.650000</speed><course>172.265625</course><hAcc>5.000000</hAcc><vAcc>3.000000</vAcc></extensions></trkpt>
      <trkpt lon="-123.274163" lat="44.560662"><ele>72.337830</ele><time>2020-11-04T00:33:41Z</time><extensions><speed>6.650000</speed><course>167.695312</course><hAcc>5.000000</hAcc><vAcc>3.000000</vAcc></extensions></trkpt>
      <trkpt lon="-123.274153" lat="44.560602"><ele>72.894005</ele><time>2020-11-04T00:33:42Z</time><extensions><speed>6.720000</speed><course>168.046875</course><hAcc>5.000000</hAcc><vAcc>3.000000</vAcc></extensions></trkpt>
      <trkpt lon="-123.274154" lat="44.560545"><ele>72.665428</ele><time>2020-11-04T00:33:43Z</time><extensions><speed>6.080000</speed><course>177.187500</course><hAcc>5.000000</hAcc><vAcc>3.000000</vAcc></extensions></trkpt>
      <trkpt lon="-123.274134" lat="44.560490"><ele>73.063164</ele><time>2020-11-04T00:33:44Z</time><extensions><speed>7.200000</speed><course>170.156250</course><hAcc>5.000000</hAcc><vAcc>3.000000</vAcc></extensions></trkpt>
      <trkpt lon="-123.274111" lat="44.560430"><ele>73.137527</ele><time>2020-11-04T00:33:45Z</time><extensions><speed>6.980000</speed><course>170.859375</course><hAcc>5.000000</hAcc><vAcc>3.000000</vAcc></extensions></trkpt>
      <trkpt lon="-123.274094" lat="44.560364"><ele>73.174805</ele><time>2020-11-04T00:33:46Z</time><extensions><speed>7.470000</speed><course>171.210938</course><hAcc>5.000000</hAcc><vAcc>3.000000</vAcc></extensions></trkpt>
      <trkpt lon="-123.274084" lat="44.560293"><ele>72.690277</ele><time>2020-11-04T00:33:47Z</time><extensions><speed>7.610000</speed><course>174.726562</course><hAcc>5.000000</hAcc><vAcc>3.000000</vAcc></extensions></trkpt>
      <trkpt lon="-123.274037" lat="44.560237"><ele>72.635590</ele><time>2020-11-04T00:33:48Z</time><extensions><speed>7.270000</speed><course>152.578125</course><hAcc>5.000000</hAcc><vAcc>3.000000</vAcc></extensions></trkpt>
      <trkpt lon="-123.273990" lat="44.560183"><ele>72.706665</ele><time>2020-11-04T00:33:49Z</time><extensions><speed>7.010000</speed><course>148.359375</course><hAcc>5.000000</hAcc><vAcc>3.000000</vAcc></extensions></trkpt>
      <trkpt lon="-123.273944" lat="44.560128"><ele>72.430275</ele><time>2020-11-04T00:33:50Z</time><extensions><speed>7.040000</speed><course>148.359375</course><hAcc>5.000000</hAcc><vAcc>3.000000</vAcc></extensions></trkpt>
      <trkpt lon="-123.273887" lat="44.560080"><ele>72.522163</ele><time>2020-11-04T00:33:51Z</time><extensions><speed>6.490000</speed><course>145.546875</course><hAcc>5.000000</hAcc><vAcc>3.000000</vAcc></extensions></trkpt>
      <trkpt lon="-123.273822" lat="44.560039"><ele>72.784920</ele><time>2020-11-04T00:33:52Z</time><extensions><speed>6.520000</speed><course>135.703125</course><hAcc>5.000000</hAcc><vAcc>3.000000</vAcc></extensions></trkpt>
      <trkpt lon="-123.273763" lat="44.560006"><ele>72.958405</ele><time>2020-11-04T00:33:53Z</time><extensions><speed>6.830000</speed><course>126.562500</course><hAcc>5.000000</hAcc><vAcc>3.000000</vAcc></extensions></trkpt>
      <trkpt lon="-123.273689" lat="44.559981"><ele>72.693794</ele><time>2020-11-04T00:33:54Z</time><extensions><speed>6.780000</speed><course>116.015625</course><hAcc>5.000000</hAcc><vAcc>3.000000</vAcc></extensions></trkpt>
      <trkpt lon="-123.273607" lat="44.559968"><ele>72.787300</ele><time>2020-11-04T00:33:55Z</time><extensions><speed>6.330000</speed><course>101.953125</course><hAcc>5.000000</hAcc><vAcc>3.000000</vAcc></extensions></trkpt>
      <trkpt lon="-123.273544" lat="44.559960"><ele>72.740234</ele><time>2020-11-04T00:33:56Z</time><extensions><speed>6.150000</speed><course>100.898438</course><hAcc>5.000000</hAcc><vAcc>3.000000</vAcc></extensions></trkpt>
      <trkpt lon="-123.273468" lat="44.559953"><ele>72.525276</ele><time>2020-11-04T00:33:57Z</time><extensions><speed>5.770000</speed><course>98.789062</course><hAcc>5.000000</hAcc><vAcc>3.000000</vAcc></extensions></trkpt>
      <trkpt lon="-123.273404" lat="44.559916"><ele>72.529556</ele><time>2020-11-04T00:33:58Z</time><extensions><speed>6.100000</speed><course>121.992188</course><hAcc>5.000000</hAcc><vAcc>3.000000</vAcc></extensions></trkpt>
      <trkpt lon="-123.273339" lat="44.559892"><ele>72.668655</ele><time>2020-11-04T00:33:59Z</time><extensions><speed>6.440000</speed><course>118.125000</course><hAcc>5.000000</hAcc><vAcc>3.000000</vAcc></extensions></trkpt>
      <trkpt lon="-123.273271" lat="44.559878"><ele>72.652016</ele><time>2020-11-04T00:34:00Z</time><extensions><speed>6.180000</speed><course>108.281250</course><hAcc>5.000000</hAcc><vAcc>3.000000</vAcc></extensions></trkpt>
      <trkpt lon="-123.273204" lat="44.559875"><ele>72.486427</ele><time>2020-11-04T00:34:01Z</time><extensions><speed>6.190000</speed><course>96.679688</course><hAcc>5.000000</hAcc><vAcc>3.000000</vAcc></extensions></trkpt>
      <trkpt lon="-123.273131" lat="44.559874"><ele>72.478287</ele><time>2020-11-04T00:34:02Z</time><extensions><speed>6.230000</speed><course>90.703125</course><hAcc>5.000000</hAcc><vAcc>3.000000</vAcc></extensions></trkpt>
      <trkpt lon="-123.273035" lat="44.559877"><ele>72.467712</ele><time>2020-11-04T00:34:03Z</time><extensions><speed>7.060000</speed><course>87.890625</course><hAcc>5.000000</hAcc><vAcc>3.000000</vAcc></extensions></trkpt>
      <trkpt lon="-123.272950" lat="44.559887"><ele>72.499550</ele><time>2020-11-04T00:34:04Z</time><extensions><speed>7.060000</speed><course>83.671875</course><hAcc>5.000000</hAcc><vAcc>3.000000</vAcc></extensions></trkpt>
      <trkpt lon="-123.272865" lat="44.559893"><ele>72.495094</ele><time>2020-11-04T00:34:05Z</time><extensions><speed>7.080000</speed><course>84.023438</course><hAcc>5.000000</hAcc><vAcc>3.000000</vAcc></extensions></trkpt>
      <trkpt lon="-123.272770" lat="44.559912"><ele>72.369545</ele><time>2020-11-04T00:34:06Z</time><extensions><speed>7.190000</speed><course>79.804688</course><hAcc>5.000000</hAcc><vAcc>3.000000</vAcc></extensions></trkpt>
      <trkpt lon="-123.272675" lat="44.559925"><ele>72.472374</ele><time>2020-11-04T00:34:07Z</time><extensions><speed>7.190000</speed><course>79.804688</course><hAcc>5.000000</hAcc><vAcc>3.000000</vAcc></extensions></trkpt>
      <trkpt lon="-123.272586" lat="44.559929"><ele>71.909348</ele><time>2020-11-04T00:34:08Z</time><extensions><speed>6.830000</speed><course>84.726562</course><hAcc>5.000000</hAcc><vAcc>3.000000</vAcc></extensions></trkpt>
      <trkpt lon="-123.272498" lat="44.559950"><ele>72.182243</ele><time>2020-11-04T00:34:09Z</time><extensions><speed>7.630000</speed><course>78.750000</course><hAcc>5.000000</hAcc><vAcc>3.000000</vAcc></extensions></trkpt>
      <trkpt lon="-123.272412" lat="44.559956"><ele>71.475632</ele><time>2020-11-04T00:34:10Z</time><extensions><speed>6.800000</speed><course>84.023438</course><hAcc>5.000000</hAcc><vAcc>3.000000</vAcc></extensions></trkpt>
      <trkpt lon="-123.272334" lat="44.559958"><ele>72.009186</ele><time>2020-11-04T00:34:11Z</time><extensions><speed>6.010000</speed><course>88.242188</course><hAcc>5.000000</hAcc><vAcc>3.000000</vAcc></extensions></trkpt>
      <trkpt lon="-123.272274" lat="44.559951"><ele>71.738792</ele><time>2020-11-04T00:34:12Z</time><extensions><speed>5.550000</speed><course>95.625000</course><hAcc>5.000000</hAcc><vAcc>3.000000</vAcc></extensions></trkpt>
      <trkpt lon="-123.272192" lat="44.559961"><ele>71.550652</ele><time>2020-11-04T00:34:13Z</time><extensions><speed>6.030000</speed><course>86.132812</course><hAcc>5.000000</hAcc><vAcc>3.000000</vAcc></extensions></trkpt>
      <trkpt lon="-123.272116" lat="44.559962"><ele>72.125511</ele><time>2020-11-04T00:34:14Z</time><extensions><speed>5.840000</speed><course>87.187500</course><hAcc>5.000000</hAcc><vAcc>3.000000</vAcc></extensions></trkpt>
      <trkpt lon="-123.272039" lat="44.559973"><ele>72.151230</ele><time>2020-11-04T00:34:15Z</time><extensions><speed>6.010000</speed><course>83.671875</course><hAcc>5.000000</hAcc><vAcc>3.000000</vAcc></extensions></trkpt>
      <trkpt lon="-123.271974" lat="44.559982"><ele>71.986397</ele><time>2020-11-04T00:34:16Z</time><extensions><speed>6.010000</speed><course>79.804688</course><hAcc>5.000000</hAcc><vAcc>3.000000</vAcc></extensions></trkpt>
      <trkpt lon="-123.271903" lat="44.559997"><ele>72.098900</ele><time>2020-11-04T00:34:17Z</time><extensions><speed>5.930000</speed><course>75.234375</course><hAcc>5.000000</hAcc><vAcc>3.000000</vAcc></extensions></trkpt>
      <trkpt lon="-123.271842" lat="44.559999"><ele>72.096191</ele><time>2020-11-04T00:34:18Z</time><extensions><speed>5.650000</speed><course>81.562500</course><hAcc>5.000000</hAcc><vAcc>3.000000</vAcc></extensions></trkpt>
      <trkpt lon="-123.271772" lat="44.560008"><ele>72.863190</ele><time>2020-11-04T00:34:19Z</time><extensions><speed>5.650000</speed><course>82.265625</course><hAcc>5.000000</hAcc><vAcc>3.000000</vAcc></extensions></trkpt>
      <trkpt lon="-123.271700" lat="44.560019"><ele>72.175652</ele><time>2020-11-04T00:34:20Z</time><extensions><speed>5.650000</speed><course>81.210938</course><hAcc>5.000000</hAcc><vAcc>3.000000</vAcc></extensions></trkpt>
      <trkpt lon="-123.271629" lat="44.560030"><ele>71.981041</ele><time>2020-11-04T00:34:21Z</time><extensions><speed>5.650000</speed><course>79.453125</course><hAcc>5.000000</hAcc><vAcc>3.000000</vAcc></extensions></trkpt>
      <trkpt lon="-123.271562" lat="44.560030"><ele>72.352272</ele><time>2020-11-04T00:34:22Z</time><extensions><speed>5.630000</speed><course>84.023438</course><hAcc>5.000000</hAcc><vAcc>3.000000</vAcc></extensions></trkpt>
      <trkpt lon="-123.271504" lat="44.560039"><ele>72.298203</ele><time>2020-11-04T00:34:23Z</time><extensions><speed>5.240000</speed><course>79.101562</course><hAcc>5.000000</hAcc><vAcc>3.000000</vAcc></extensions></trkpt>
      <trkpt lon="-123.271449" lat="44.560053"><ele>72.058525</ele><time>2020-11-04T00:34:24Z</time><extensions><speed>5.240000</speed><course>70.312500</course><hAcc>5.000000</hAcc><vAcc>3.000000</vAcc></extensions></trkpt>
      <trkpt lon="-123.271395" lat="44.560053"><ele>71.987419</ele><time>2020-11-04T00:34:25Z</time><extensions><speed>5.160000</speed><course>78.398438</course><hAcc>5.000000</hAcc><vAcc>3.000000</vAcc></extensions></trkpt>
      <trkpt lon="-123.271342" lat="44.560063"><ele>71.927155</ele><time>2020-11-04T00:34:26Z</time><extensions><speed>4.930000</speed><course>76.992188</course><hAcc>5.000000</hAcc><vAcc>3.000000</vAcc></extensions></trkpt>
      <trkpt lon="-123.271265" lat="44.560079"><ele>71.881889</ele><time>2020-11-04T00:34:27Z</time><extensions><speed>5.460000</speed><course>74.531250</course><hAcc>5.000000</hAcc><vAcc>3.000000</vAcc></extensions></trkpt>
      <trkpt lon="-123.271203" lat="44.560081"><ele>71.828362</ele><time>2020-11-04T00:34:28Z</time><extensions><speed>5.460000</speed><course>83.671875</course><hAcc>5.000000</hAcc><vAcc>3.000000</vAcc></extensions></trkpt>
      <trkpt lon="-123.271147" lat="44.560072"><ele>71.844223</ele><time>2020-11-04T00:34:29Z</time><extensions><speed>4.720000</speed><course>95.273438</course><hAcc>5.000000</hAcc><vAcc>3.000000</vAcc></extensions></trkpt>
      <trkpt lon="-123.271109" lat="44.560046"><ele>71.875755</ele><time>2020-11-04T00:34:30Z</time><extensions><speed>4.650000</speed><course>125.156250</course><hAcc>5.000000</hAcc><vAcc>3.000000</vAcc></extensions></trkpt>
      <trkpt lon="-123.271074" lat="44.560021"><ele>71.794662</ele><time>2020-11-04T00:34:31Z</time><extensions><speed>4.690000</speed><course>158.203125</course><hAcc>5.000000</hAcc><vAcc>3.000000</vAcc></extensions></trkpt>
      <trkpt lon="-123.271057" lat="44.559995"><ele>72.037323</ele><time>2020-11-04T00:34:32Z</time><extensions><speed>4.690000</speed><course>170.507812</course><hAcc>5.000000</hAcc><vAcc>3.000000</vAcc></extensions></trkpt>
      <trkpt lon="-123.271049" lat="44.559950"><ele>71.903976</ele><time>2020-11-04T00:34:33Z</time><extensions><speed>4.690000</speed><course>166.992188</course><hAcc>5.000000</hAcc><vAcc>3.000000</vAcc></extensions></trkpt>
      <trkpt lon="-123.271027" lat="44.559902"><ele>71.637115</ele><time>2020-11-04T00:34:34Z</time><extensions><speed>4.950000</speed><course>164.882812</course><hAcc>5.000000</hAcc><vAcc>3.000000</vAcc></extensions></trkpt>
      <trkpt lon="-123.271005" lat="44.559851"><ele>71.741989</ele><time>2020-11-04T00:34:35Z</time><extensions><speed>4.940000</speed><course>165.585938</course><hAcc>5.000000</hAcc><vAcc>3.000000</vAcc></extensions></trkpt>
      <trkpt lon="-123.270987" lat="44.559807"><ele>71.832115</ele><time>2020-11-04T00:34:36Z</time><extensions><speed>5.440000</speed><course>165.585938</course><hAcc>5.000000</hAcc><vAcc>3.000000</vAcc></extensions></trkpt>
      <trkpt lon="-123.270991" lat="44.559763"><ele>71.794601</ele><time>2020-11-04T00:34:37Z</time><extensions><speed>4.940000</speed><course>174.726562</course><hAcc>5.000000</hAcc><vAcc>3.000000</vAcc></extensions></trkpt>
      <trkpt lon="-123.270983" lat="44.559731"><ele>71.965256</ele><time>2020-11-04T00:34:38Z</time><extensions><speed>4.920000</speed><course>166.640625</course><hAcc>5.000000</hAcc><vAcc>3.000000</vAcc></extensions></trkpt>
      <trkpt lon="-123.270946" lat="44.559672"><ele>71.997742</ele><time>2020-11-04T00:34:39Z</time><extensions><speed>5.660000</speed><course>161.015625</course><hAcc>5.000000</hAcc><vAcc>3.000000</vAcc></extensions></trkpt>
      <trkpt lon="-123.270917" lat="44.559618"><ele>71.872810</ele><time>2020-11-04T00:34:40Z</time><extensions><speed>6.010000</speed><course>158.906250</course><hAcc>5.000000</hAcc><vAcc>3.000000</vAcc></extensions></trkpt>
      <trkpt lon="-123.270902" lat="44.559560"><ele>71.810272</ele><time>2020-11-04T00:34:41Z</time><extensions><speed>6.010000</speed><course>162.773438</course><hAcc>5.000000</hAcc><vAcc>3.000000</vAcc></extensions></trkpt>
      <trkpt lon="-123.270907" lat="44.559524"><ele>71.989479</ele><time>2020-11-04T00:34:42Z</time><extensions><speed>6.010000</speed><course>173.671875</course><hAcc>5.000000</hAcc><vAcc>3.000000</vAcc></extensions></trkpt>
      <trkpt lon="-123.270893" lat="44.559476"><ele>71.802673</ele><time>2020-11-04T00:34:43Z</time><extensions><speed>5.530000</speed><course>170.859375</course><hAcc>5.000000</hAcc><vAcc>3.000000</vAcc></extensions></trkpt>
      <trkpt lon="-123.270879" lat="44.559431"><ele>71.595314</ele><time>2020-11-04T00:34:44Z</time><extensions><speed>5.530000</speed><course>169.804688</course><hAcc>5.000000</hAcc><vAcc>3.000000</vAcc></extensions></trkpt>
      <trkpt lon="-123.270863" lat="44.559379"><ele>71.959404</ele><time>2020-11-04T00:34:45Z</time><extensions><speed>5.200000</speed><course>171.914062</course><hAcc>5.000000</hAcc><vAcc>3.000000</vAcc></extensions></trkpt>
      <trkpt lon="-123.270869" lat="44.559332"><ele>71.639832</ele><time>2020-11-04T00:34:46Z</time><extensions><speed>5.200000</speed><course>171.562500</course><hAcc>5.000000</hAcc><vAcc>3.000000</vAcc></extensions></trkpt>
      <trkpt lon="-123.270894" lat="44.559302"><ele>71.613052</ele><time>2020-11-04T00:34:47Z</time><extensions><speed>5.050000</speed><course>176.132812</course><hAcc>5.000000</hAcc><vAcc>3.000000</vAcc></extensions></trkpt>
      <trkpt lon="-123.270887" lat="44.559242"><ele>71.743828</ele><time>2020-11-04T00:34:48Z</time><extensions><speed>5.800000</speed><course>172.968750</course><hAcc>5.000000</hAcc><vAcc>3.000000</vAcc></extensions></trkpt>
      <trkpt lon="-123.270870" lat="44.559183"><ele>71.698349</ele><time>2020-11-04T00:34:49Z</time><extensions><speed>5.800000</speed><course>168.046875</course><hAcc>5.000000</hAcc><vAcc>3.000000</vAcc></extensions></trkpt>
      <trkpt lon="-123.270858" lat="44.559125"><ele>72.053467</ele><time>2020-11-04T00:34:50Z</time><extensions><speed>6.700000</speed><course>169.804688</course><hAcc>5.000000</hAcc><vAcc>3.000000</vAcc></extensions></trkpt>
      <trkpt lon="-123.270859" lat="44.559088"><ele>71.641312</ele><time>2020-11-04T00:34:51Z</time><extensions><speed>5.860000</speed><course>167.695312</course><hAcc>5.000000</hAcc><vAcc>3.000000</vAcc></extensions></trkpt>
      <trkpt lon="-123.270843" lat="44.559047"><ele>71.708099</ele><time>2020-11-04T00:34:52Z</time><extensions><speed>5.860000</speed><course>164.179688</course><hAcc>5.000000</hAcc><vAcc>3.000000</vAcc></extensions></trkpt>
      <trkpt lon="-123.270845" lat="44.559012"><ele>71.600380</ele><time>2020-11-04T00:34:53Z</time><extensions><speed>5.530000</speed><course>171.562500</course><hAcc>5.000000</hAcc><vAcc>3.000000</vAcc></extensions></trkpt>
      <trkpt lon="-123.270836" lat="44.558991"><ele>71.355377</ele><time>2020-11-04T00:34:54Z</time><extensions><speed>4.790000</speed><course>165.585938</course><hAcc>5.000000</hAcc><vAcc>3.000000</vAcc></extensions></trkpt>
      <trkpt lon="-123.270816" lat="44.558935"><ele>71.548981</ele><time>2020-11-04T00:34:55Z</time><extensions><speed>5.100000</speed><course>168.398438</course><hAcc>5.000000</hAcc><vAcc>3.000000</vAcc></extensions></trkpt>
      <trkpt lon="-123.270788" lat="44.558888"><ele>71.615959</ele><time>2020-11-04T00:34:56Z</time><extensions><speed>5.100000</speed><course>169.101562</course><hAcc>5.000000</hAcc><vAcc>3.000000</vAcc></extensions></trkpt>
      <trkpt lon="-123.270779" lat="44.558842"><ele>71.648300</ele><time>2020-11-04T00:34:57Z</time><extensions><speed>4.530000</speed><course>168.046875</course><hAcc>5.000000</hAcc><vAcc>3.000000</vAcc></extensions></trkpt>
      <trkpt lon="-123.270760" lat="44.558800"><ele>71.551056</ele><time>2020-11-04T00:34:58Z</time><extensions><speed>4.530000</speed><course>169.101562</course><hAcc>5.000000</hAcc><vAcc>3.000000</vAcc></extensions></trkpt>
      <trkpt lon="-123.270754" lat="44.558757"><ele>71.285355</ele><time>2020-11-04T00:34:59Z</time><extensions><speed>4.690000</speed><course>170.507812</course><hAcc>5.000000</hAcc><vAcc>3.000000</vAcc></extensions></trkpt>
      <trkpt lon="-123.270780" lat="44.558723"><ele>71.469818</ele><time>2020-11-04T00:35:00Z</time><extensions><speed>4.690000</speed><course>184.218750</course><hAcc>5.000000</hAcc><vAcc>3.000000</vAcc></extensions></trkpt>
      <trkpt lon="-123.270832" lat="44.558691"><ele>71.462753</ele><time>2020-11-04T00:35:01Z</time><extensions><speed>4.660000</speed><course>207.773438</course><hAcc>5.000000</hAcc><vAcc>3.000000</vAcc></extensions></trkpt>
      <trkpt lon="-123.270866" lat="44.558679"><ele>71.200012</ele><time>2020-11-04T00:35:02Z</time><extensions><speed>4.590000</speed><course>239.062500</course><hAcc>5.000000</hAcc><vAcc>3.000000</vAcc></extensions></trkpt>
      <trkpt lon="-123.270905" lat="44.558670"><ele>71.768242</ele><time>2020-11-04T00:35:03Z</time><extensions><speed>3.760000</speed><course>252.421875</course><hAcc>5.000000</hAcc><vAcc>3.000000</vAcc></extensions></trkpt>
      <trkpt lon="-123.270938" lat="44.558655"><ele>71.355354</ele><time>2020-11-04T00:35:04Z</time><extensions><speed>4.040000</speed><course>253.125000</course><hAcc>5.000000</hAcc><vAcc>3.000000</vAcc></extensions></trkpt>
      <trkpt lon="-123.270986" lat="44.558665"><ele>71.450981</ele><time>2020-11-04T00:35:05Z</time><extensions><speed>3.760000</speed><course>259.453125</course><hAcc>5.000000</hAcc><vAcc>3.000000</vAcc></extensions></trkpt>
      <trkpt lon="-123.271021" lat="44.558660"><ele>71.386154</ele><time>2020-11-04T00:35:06Z</time><extensions><speed>3.740000</speed><course>260.156250</course><hAcc>5.000000</hAcc><vAcc>3.000000</vAcc></extensions></trkpt>
      <trkpt lon="-123.271060" lat="44.558657"><ele>71.257401</ele><time>2020-11-04T00:35:07Z</time><extensions><speed>3.220000</speed><course>255.585938</course><hAcc>5.000000</hAcc><vAcc>3.000000</vAcc></extensions></trkpt>
      <trkpt lon="-123.271082" lat="44.558657"><ele>71.435333</ele><time>2020-11-04T00:35:08Z</time><extensions><speed>3.220000</speed><course>254.179688</course><hAcc>5.000000</hAcc><vAcc>3.000000</vAcc></extensions></trkpt>
      <trkpt lon="-123.271092" lat="44.558659"><ele>71.420822</ele><time>2020-11-04T00:35:09Z</time><extensions><speed>1.270000</speed><course>254.882812</course><hAcc>5.000000</hAcc><vAcc>3.000000</vAcc></extensions></trkpt>
      <trkpt lon="-123.271110" lat="44.558660"><ele>71.460236</ele><time>2020-11-04T00:35:10Z</time><extensions><speed>1.270000</speed><course>255.585938</course><hAcc>5.000000</hAcc><vAcc>4.000000</vAcc></extensions></trkpt>
      <trkpt lon="-123.271124" lat="44.558660"><ele>71.396599</ele><time>2020-11-04T00:35:11Z</time><extensions><speed>0.850000</speed><course>255.585938</course><hAcc>5.000000</hAcc><vAcc>4.000000</vAcc></extensions></trkpt>
      <trkpt lon="-123.271134" lat="44.558659"><ele>71.206276</ele><time>2020-11-04T00:35:12Z</time><extensions><speed>0.850000</speed><course>255.585938</course><hAcc>5.000000</hAcc><vAcc>4.000000</vAcc></extensions></trkpt>
      <trkpt lon="-123.271137" lat="44.558658"><ele>71.181084</ele><time>2020-11-04T00:35:13Z</time><extensions><speed>0.850000</speed><course>255.234375</course><hAcc>5.000000</hAcc><vAcc>4.000000</vAcc></extensions></trkpt>
      <trkpt lon="-123.271133" lat="44.558656"><ele>71.015427</ele><time>2020-11-04T00:35:14Z</time><extensions><speed>0.440000</speed><course>255.234375</course><hAcc>5.000000</hAcc><vAcc>4.000000</vAcc></extensions></trkpt>
      <trkpt lon="-123.271121" lat="44.558655"><ele>71.216385</ele><time>2020-11-04T00:35:15Z</time><extensions><speed>1.000000</speed><course>255.234375</course><hAcc>5.000000</hAcc><vAcc>4.000000</vAcc></extensions></trkpt>
      <trkpt lon="-123.271107" lat="44.558656"><ele>71.356766</ele><time>2020-11-04T00:35:16Z</time><extensions><speed>1.000000</speed><course>255.234375</course><hAcc>5.000000</hAcc><vAcc>4.000000</vAcc></extensions></trkpt>
      <trkpt lon="-123.271095" lat="44.558657"><ele>71.217590</ele><time>2020-11-04T00:35:17Z</time><extensions><speed>0.920000</speed><course>255.234375</course><hAcc>5.000000</hAcc><vAcc>4.000000</vAcc></extensions></trkpt>
      <trkpt lon="-123.271087" lat="44.558658"><ele>71.231613</ele><time>2020-11-04T00:35:18Z</time><extensions><speed>0.680000</speed><course>255.234375</course><hAcc>5.000000</hAcc><vAcc>4.000000</vAcc></extensions></trkpt>
      <trkpt lon="-123.271081" lat="44.558658"><ele>71.122383</ele><time>2020-11-04T00:35:19Z</time><extensions><speed>0.440000</speed><course>254.882812</course><hAcc>5.000000</hAcc><vAcc>3.000000</vAcc></extensions></trkpt>
      <trkpt lon="-123.271077" lat="44.558659"><ele>71.110657</ele><time>2020-11-04T00:35:20Z</time><extensions><speed>0.440000</speed><course>254.882812</course><hAcc>5.000000</hAcc><vAcc>3.000000</vAcc></extensions></trkpt>
      <trkpt lon="-123.271074" lat="44.558658"><ele>70.952850</ele><time>2020-11-04T00:35:21Z</time><extensions><speed>0.440000</speed><course>254.882812</course><hAcc>5.000000</hAcc><vAcc>3.000000</vAcc></extensions></trkpt>
      <trkpt lon="-123.271074" lat="44.558658"><ele>70.989731</ele><time>2020-11-04T00:35:22Z</time><extensions><speed>0.000000</speed><course>254.882812</course><hAcc>5.000000</hAcc><vAcc>3.000000</vAcc></extensions></trkpt>
      <trkpt lon="-123.271074" lat="44.558658"><ele>70.996826</ele><time>2020-11-04T00:35:23Z</time><extensions><speed>0.000000</speed><course>254.882812</course><hAcc>5.000000</hAcc><vAcc>3.000000</vAcc></extensions></trkpt>
      <trkpt lon="-123.271074" lat="44.558658"><ele>70.979599</ele><time>2020-11-04T00:35:24Z</time><extensions><speed>0.000000</speed><course>254.882812</course><hAcc>5.000000</hAcc><vAcc>3.000000</vAcc></extensions></trkpt>
      <trkpt lon="-123.271074" lat="44.558658"><ele>70.982025</ele><time>2020-11-04T00:35:25Z</time><extensions><speed>0.000000</speed><course>254.531250</course><hAcc>5.000000</hAcc><vAcc>3.000000</vAcc></extensions></trkpt>
      <trkpt lon="-123.271074" lat="44.558658"><ele>71.022591</ele><time>2020-11-04T00:35:26Z</time><extensions><speed>0.000000</speed><course>254.531250</course><hAcc>5.000000</hAcc><vAcc>4.000000</vAcc></extensions></trkpt>
      <trkpt lon="-123.271074" lat="44.558658"><ele>70.813332</ele><time>2020-11-04T00:35:27Z</time><extensions><speed>0.000000</speed><course>254.531250</course><hAcc>5.000000</hAcc><vAcc>3.000000</vAcc></extensions></trkpt>
      <trkpt lon="-123.271074" lat="44.558658"><ele>70.846237</ele><time>2020-11-04T00:35:28Z</time><extensions><speed>0.000000</speed><course>254.531250</course><hAcc>5.000000</hAcc><vAcc>3.000000</vAcc></extensions></trkpt>
      <trkpt lon="-123.271074" lat="44.558658"><ele>70.928947</ele><time>2020-11-04T00:35:29Z</time><extensions><speed>0.000000</speed><course>254.531250</course><hAcc>5.000000</hAcc><vAcc>3.000000</vAcc></extensions></trkpt>
      <trkpt lon="-123.271058" lat="44.558651"><ele>70.948318</ele><time>2020-11-04T00:35:30Z</time><extensions><speed>0.330000</speed><course>39.726562</course><hAcc>5.000000</hAcc><vAcc>3.000000</vAcc></extensions></trkpt>
      <trkpt lon="-123.271047" lat="44.558656"><ele>70.978584</ele><time>2020-11-04T00:35:31Z</time><extensions><speed>1.310000</speed><course>62.929688</course><hAcc>5.000000</hAcc><vAcc>3.000000</vAcc></extensions></trkpt>
      <trkpt lon="-123.271029" lat="44.558661"><ele>70.943314</ele><time>2020-11-04T00:35:32Z</time><extensions><speed>1.540000</speed><course>72.773438</course><hAcc>5.000000</hAcc><vAcc>3.000000</vAcc></extensions></trkpt>
      <trkpt lon="-123.271008" lat="44.558666"><ele>70.921494</ele><time>2020-11-04T00:35:33Z</time><extensions><speed>1.540000</speed><course>73.125000</course><hAcc>5.000000</hAcc><vAcc>3.000000</vAcc></extensions></trkpt>
      <trkpt lon="-123.270990" lat="44.558669"><ele>70.974899</ele><time>2020-11-04T00:35:34Z</time><extensions><speed>1.540000</speed><course>73.476562</course><hAcc>5.000000</hAcc><vAcc>3.000000</vAcc></extensions></trkpt>
      <trkpt lon="-123.270967" lat="44.558670"><ele>70.857468</ele><time>2020-11-04T00:35:35Z</time><extensions><speed>1.750000</speed><course>75.585938</course><hAcc>5.000000</hAcc><vAcc>3.000000</vAcc></extensions></trkpt>
      <trkpt lon="-123.270944" lat="44.558670"><ele>70.902206</ele><time>2020-11-04T00:35:36Z</time><extensions><speed>1.750000</speed><course>96.679688</course><hAcc>5.000000</hAcc><vAcc>3.000000</vAcc></extensions></trkpt>
      <trkpt lon="-123.270923" lat="44.558667"><ele>70.816589</ele><time>2020-11-04T00:35:37Z</time><extensions><speed>1.420000</speed><course>94.921875</course><hAcc>5.000000</hAcc><vAcc>3.000000</vAcc></extensions></trkpt>
      <trkpt lon="-123.270906" lat="44.558664"><ele>70.759377</ele><time>2020-11-04T00:35:38Z</time><extensions><speed>1.180000</speed><course>95.273438</course><hAcc>5.000000</hAcc><vAcc>4.000000</vAcc></extensions></trkpt>
      <trkpt lon="-123.270890" lat="44.558665"><ele>70.847610</ele><time>2020-11-04T00:35:39Z</time><extensions><speed>1.140000</speed><course>95.273438</course><hAcc>5.000000</hAcc><vAcc>4.000000</vAcc></extensions></trkpt>
      <trkpt lon="-123.270877" lat="44.558667"><ele>70.919083</ele><time>2020-11-04T00:35:40Z</time><extensions><speed>1.140000</speed><course>95.273438</course><hAcc>5.000000</hAcc><vAcc>4.000000</vAcc></extensions></trkpt>
      <trkpt lon="-123.270864" lat="44.558672"><ele>70.794464</ele><time>2020-11-04T00:35:41Z</time><extensions><speed>1.140000</speed><course>33.046875</course><hAcc>5.000000</hAcc><vAcc>4.000000</vAcc></extensions></trkpt>
      <trkpt lon="-123.270852" lat="44.558680"><ele>70.816940</ele><time>2020-11-04T00:35:42Z</time><extensions><speed>0.950000</speed><course>32.343750</course><hAcc>5.000000</hAcc><vAcc>4.000000</vAcc></extensions></trkpt>
      <trkpt lon="-123.270844" lat="44.558689"><ele>70.881378</ele><time>2020-11-04T00:35:43Z</time><extensions><speed>0.950000</speed><course>32.343750</course><hAcc>5.000000</hAcc><vAcc>4.000000</vAcc></extensions></trkpt>
      <trkpt lon="-123.270838" lat="44.558695"><ele>70.871033</ele><time>2020-11-04T00:35:44Z</time><extensions><speed>0.950000</speed><course>93.515625</course><hAcc>5.000000</hAcc><vAcc>4.000000</vAcc></extensions></trkpt>
      <trkpt lon="-123.270830" lat="44.558697"><ele>70.796471</ele><time>2020-11-04T00:35:45Z</time><extensions><speed>0.810000</speed><course>112.851562</course><hAcc>5.000000</hAcc><vAcc>4.000000</vAcc></extensions></trkpt>
      <trkpt lon="-123.270816" lat="44.558698"><ele>70.625954</ele><time>2020-11-04T00:35:46Z</time><extensions><speed>0.810000</speed><course>94.218750</course><hAcc>5.000000</hAcc><vAcc>3.000000</vAcc></extensions></trkpt>
      <trkpt lon="-123.270801" lat="44.558700"><ele>70.514763</ele><time>2020-11-04T00:35:47Z</time><extensions><speed>1.090000</speed><course>65.039062</course><hAcc>5.000000</hAcc><vAcc>3.000000</vAcc></extensions></trkpt>
      <trkpt lon="-123.270792" lat="44.558702"><ele>70.556160</ele><time>2020-11-04T00:35:48Z</time><extensions><speed>1.090000</speed><course>31.289062</course><hAcc>5.000000</hAcc><vAcc>3.000000</vAcc></extensions></trkpt>
      <trkpt lon="-123.270786" lat="44.558708"><ele>70.509483</ele><time>2020-11-04T00:35:49Z</time><extensions><speed>0.940000</speed><course>41.835938</course><hAcc>5.000000</hAcc><vAcc>3.000000</vAcc></extensions></trkpt>
      <trkpt lon="-123.270786" lat="44.558716"><ele>70.577698</ele><time>2020-11-04T00:35:50Z</time><extensions><speed>0.870000</speed><course>319.570312</course><hAcc>5.000000</hAcc><vAcc>3.000000</vAcc></extensions></trkpt>
      <trkpt lon="-123.270791" lat="44.558721"><ele>70.417419</ele><time>2020-11-04T00:35:51Z</time><extensions><speed>0.610000</speed><course>280.546875</course><hAcc>5.000000</hAcc><vAcc>3.000000</vAcc></extensions></trkpt>
      <trkpt lon="-123.270799" lat="44.558724"><ele>70.321312</ele><time>2020-11-04T00:35:52Z</time><extensions><speed>0.610000</speed><course>305.507812</course><hAcc>5.000000</hAcc><vAcc>3.000000</vAcc></extensions></trkpt>
      <trkpt lon="-123.270799" lat="44.558724"><ele>70.251396</ele><time>2020-11-04T00:35:53Z</time><extensions><speed>0.000000</speed><course>273.515625</course><hAcc>5.000000</hAcc><vAcc>3.000000</vAcc></extensions></trkpt>
      <trkpt lon="-123.270813" lat="44.558722"><ele>70.287903</ele><time>2020-11-04T00:35:54Z</time><extensions><speed>0.310000</speed><course>248.554688</course><hAcc>5.000000</hAcc><vAcc>3.000000</vAcc></extensions></trkpt>
      <trkpt lon="-123.270820" lat="44.558717"><ele>70.339378</ele><time>2020-11-04T00:35:55Z</time><extensions><speed>0.150000</speed><course>205.664062</course><hAcc>5.000000</hAcc><vAcc>3.000000</vAcc></extensions></trkpt>
      <trkpt lon="-123.270830" lat="44.558716"><ele>70.437263</ele><time>2020-11-04T00:35:56Z</time><extensions><speed>1.000000</speed><course>294.257812</course><hAcc>5.000000</hAcc><vAcc>3.000000</vAcc></extensions></trkpt>
      <trkpt lon="-123.270840" lat="44.558712"><ele>70.330399</ele><time>2020-11-04T00:35:57Z</time><extensions><speed>0.420000</speed><course>207.421875</course><hAcc>5.000000</hAcc><vAcc>3.000000</vAcc></extensions></trkpt>
      <trkpt lon="-123.270844" lat="44.558709"><ele>70.463371</ele><time>2020-11-04T00:35:58Z</time><extensions><speed>0.420000</speed><course>219.023438</course><hAcc>5.000000</hAcc><vAcc>3.000000</vAcc></extensions></trkpt>
      <trkpt lon="-123.270850" lat="44.558705"><ele>70.394348</ele><time>2020-11-04T00:35:59Z</time><extensions><speed>0.650000</speed><course>252.421875</course><hAcc>5.000000</hAcc><vAcc>3.000000</vAcc></extensions></trkpt>
      <trkpt lon="-123.270863" lat="44.558694"><ele>70.526520</ele><time>2020-11-04T00:36:00Z</time><extensions><speed>1.720000</speed><course>230.976562</course><hAcc>5.000000</hAcc><vAcc>3.000000</vAcc></extensions></trkpt>
      <trkpt lon="-123.270875" lat="44.558679"><ele>70.426460</ele><time>2020-11-04T00:36:01Z</time><extensions><speed>1.540000</speed><course>213.398438</course><hAcc>5.000000</hAcc><vAcc>3.000000</vAcc></extensions></trkpt>
      <trkpt lon="-123.270882" lat="44.558664"><ele>70.380829</ele><time>2020-11-04T00:36:02Z</time><extensions><speed>1.540000</speed><course>202.851562</course><hAcc>5.000000</hAcc><vAcc>3.000000</vAcc></extensions></trkpt>
      <trkpt lon="-123.270885" lat="44.558655"><ele>70.504372</ele><time>2020-11-04T00:36:03Z</time><extensions><speed>0.700000</speed><course>193.710938</course><hAcc>5.000000</hAcc><vAcc>3.000000</vAcc></extensions></trkpt>
      <trkpt lon="-123.270885" lat="44.558651"><ele>70.440384</ele><time>2020-11-04T00:36:04Z</time><extensions><speed>0.700000</speed><course>218.320312</course><hAcc>5.000000</hAcc><vAcc>3.000000</vAcc></extensions></trkpt>
      <trkpt lon="-123.270889" lat="44.558651"><ele>70.443100</ele><time>2020-11-04T00:36:05Z</time><extensions><speed>0.360000</speed><course>285.820312</course><hAcc>5.000000</hAcc><vAcc>3.000000</vAcc></extensions></trkpt>
      <trkpt lon="-123.270889" lat="44.558651"><ele>70.417732</ele><time>2020-11-04T00:36:06Z</time><extensions><speed>0.000000</speed><course>328.359375</course><hAcc>5.000000</hAcc><vAcc>3.000000</vAcc></extensions></trkpt>
      <trkpt lon="-123.270889" lat="44.558651"><ele>70.415199</ele><time>2020-11-04T00:36:07Z</time><extensions><speed>0.000000</speed><course>89.648438</course><hAcc>5.000000</hAcc><vAcc>3.000000</vAcc></extensions></trkpt>
      <trkpt lon="-123.270889" lat="44.558651"><ele>70.402824</ele><time>2020-11-04T00:36:08Z</time><extensions><speed>0.000000</speed><course>168.750000</course><hAcc>5.000000</hAcc><vAcc>3.000000</vAcc></extensions></trkpt>
      <trkpt lon="-123.270889" lat="44.558651"><ele>70.458786</ele><time>2020-11-04T00:36:09Z</time><extensions><speed>0.000000</speed><course>286.875000</course><hAcc>5.000000</hAcc><vAcc>3.000000</vAcc></extensions></trkpt>
      <trkpt lon="-123.270889" lat="44.558651"><ele>70.418571</ele><time>2020-11-04T00:36:10Z</time><extensions><speed>0.000000</speed><course>80.507812</course><hAcc>5.000000</hAcc><vAcc>3.000000</vAcc></extensions></trkpt>
      <trkpt lon="-123.270889" lat="44.558651"><ele>70.433907</ele><time>2020-11-04T00:36:11Z</time><extensions><speed>0.000000</speed><course>245.390625</course><hAcc>5.000000</hAcc><vAcc>3.000000</vAcc></extensions></trkpt>
      <trkpt lon="-123.270889" lat="44.558651"><ele>70.417381</ele><time>2020-11-04T00:36:12Z</time><extensions><speed>0.000000</speed><course>168.046875</course><hAcc>5.000000</hAcc><vAcc>3.000000</vAcc></extensions></trkpt>
      <trkpt lon="-123.270905" lat="44.558657"><ele>70.428902</ele><time>2020-11-04T00:36:13Z</time><extensions><speed>0.200000</speed><course>333.984375</course><hAcc>5.000000</hAcc><vAcc>3.000000</vAcc></extensions></trkpt>
      <trkpt lon="-123.270904" lat="44.558657"><ele>70.570633</ele><time>2020-11-04T00:36:14Z</time><extensions><speed>0.200000</speed><course>134.296875</course><hAcc>5.000000</hAcc><vAcc>3.000000</vAcc></extensions></trkpt>
      <trkpt lon="-123.270904" lat="44.558657"><ele>70.419319</ele><time>2020-11-04T00:36:15Z</time><extensions><speed>0.000000</speed><course>137.812500</course><hAcc>5.000000</hAcc><vAcc>3.000000</vAcc></extensions></trkpt>
      <trkpt lon="-123.270904" lat="44.558657"><ele>70.422119</ele><time>2020-11-04T00:36:16Z</time><extensions><speed>0.000000</speed><course>255.937500</course><hAcc>5.000000</hAcc><vAcc>3.000000</vAcc></extensions></trkpt>
      <trkpt lon="-123.270904" lat="44.558657"><ele>70.432281</ele><time>2020-11-04T00:36:17Z</time><extensions><speed>0.000000</speed><course>177.890625</course><hAcc>5.000000</hAcc><vAcc>3.000000</vAcc></extensions></trkpt>
      <trkpt lon="-123.270904" lat="44.558657"><ele>70.502861</ele><time>2020-11-04T00:36:18Z</time><extensions><speed>0.000000</speed><course>351.210938</course><hAcc>5.000000</hAcc><vAcc>3.000000</vAcc></extensions></trkpt>
      <trkpt lon="-123.270906" lat="44.558662"><ele>70.526382</ele><time>2020-11-04T00:36:19Z</time><extensions><speed>0.650000</speed><course>237.304688</course><hAcc>5.000000</hAcc><vAcc>3.000000</vAcc></extensions></trkpt>
      <trkpt lon="-123.270917" lat="44.558653"><ele>70.438240</ele><time>2020-11-04T00:36:20Z</time><extensions><speed>1.750000</speed><course>223.593750</course><hAcc>5.000000</hAcc><vAcc>3.000000</vAcc></extensions></trkpt>
      <trkpt lon="-123.270933" lat="44.558644"><ele>70.635986</ele><time>2020-11-04T00:36:21Z</time><extensions><speed>1.640000</speed><course>266.835938</course><hAcc>5.000000</hAcc><vAcc>3.000000</vAcc></extensions></trkpt>
      <trkpt lon="-123.270950" lat="44.558638"><ele>70.509850</ele><time>2020-11-04T00:36:22Z</time><extensions><speed>1.660000</speed><course>264.023438</course><hAcc>5.000000</hAcc><vAcc>3.000000</vAcc></extensions></trkpt>
      <trkpt lon="-123.270968" lat="44.558637"><ele>70.434235</ele><time>2020-11-04T00:36:23Z</time><extensions><speed>1.420000</speed><course>271.757812</course><hAcc>5.000000</hAcc><vAcc>3.000000</vAcc></extensions></trkpt>
      <trkpt lon="-123.270983" lat="44.558638"><ele>70.581398</ele><time>2020-11-04T00:36:24Z</time><extensions><speed>1.420000</speed><course>267.187500</course><hAcc>5.000000</hAcc><vAcc>3.000000</vAcc></extensions></trkpt>
      <trkpt lon="-123.270998" lat="44.558641"><ele>70.640938</ele><time>2020-11-04T00:36:25Z</time><extensions><speed>1.310000</speed><course>277.382812</course><hAcc>5.000000</hAcc><vAcc>3.000000</vAcc></extensions></trkpt>
      <trkpt lon="-123.271015" lat="44.558649"><ele>70.559975</ele><time>2020-11-04T00:36:26Z</time><extensions><speed>1.310000</speed><course>318.515625</course><hAcc>5.000000</hAcc><vAcc>3.000000</vAcc></extensions></trkpt>
      <trkpt lon="-123.271032" lat="44.558659"><ele>70.516418</ele><time>2020-11-04T00:36:27Z</time><extensions><speed>1.520000</speed><course>311.132812</course><hAcc>5.000000</hAcc><vAcc>3.000000</vAcc></extensions></trkpt>
      <trkpt lon="-123.271044" lat="44.558672"><ele>70.642654</ele><time>2020-11-04T00:36:28Z</time><extensions><speed>1.580000</speed><course>315.351562</course><hAcc>5.000000</hAcc><vAcc>3.000000</vAcc></extensions></trkpt>
      <trkpt lon="-123.271056" lat="44.558684"><ele>70.591896</ele><time>2020-11-04T00:36:29Z</time><extensions><speed>1.520000</speed><course>310.429688</course><hAcc>5.000000</hAcc><vAcc>3.000000</vAcc></extensions></trkpt>
      <trkpt lon="-123.271068" lat="44.558692"><ele>70.537071</ele><time>2020-11-04T00:36:30Z</time><extensions><speed>1.500000</speed><course>301.289062</course><hAcc>5.000000</hAcc><vAcc>3.000000</vAcc></extensions></trkpt>
      <trkpt lon="-123.271079" lat="44.558697"><ele>70.768204</ele><time>2020-11-04T00:36:31Z</time><extensions><speed>1.090000</speed><course>276.679688</course><hAcc>5.000000</hAcc><vAcc>3.000000</vAcc></extensions></trkpt>
      <trkpt lon="-123.271090" lat="44.558701"><ele>70.721359</ele><time>2020-11-04T00:36:32Z</time><extensions><speed>1.090000</speed><course>292.148438</course><hAcc>5.000000</hAcc><vAcc>3.000000</vAcc></extensions></trkpt>
      <trkpt lon="-123.271095" lat="44.558704"><ele>70.727089</ele><time>2020-11-04T00:36:33Z</time><extensions><speed>1.020000</speed><course>343.476562</course><hAcc>5.000000</hAcc><vAcc>3.000000</vAcc></extensions></trkpt>
      <trkpt lon="-123.271095" lat="44.558704"><ele>70.824799</ele><time>2020-11-04T00:36:34Z</time><extensions><speed>0.000000</speed><course>89.296875</course><hAcc>5.000000</hAcc><vAcc>3.000000</vAcc></extensions></trkpt>
      <trkpt lon="-123.271091" lat="44.558704"><ele>70.798592</ele><time>2020-11-04T00:36:35Z</time><extensions><speed>0.260000</speed><course>310.078125</course><hAcc>5.000000</hAcc><vAcc>3.000000</vAcc></extensions></trkpt>
      <trkpt lon="-123.271093" lat="44.558704"><ele>70.962624</ele><time>2020-11-04T00:36:36Z</time><extensions><speed>0.280000</speed><course>167.695312</course><hAcc>5.000000</hAcc><vAcc>3.000000</vAcc></extensions></trkpt>
      <trkpt lon="-123.271094" lat="44.558702"><ele>70.742905</ele><time>2020-11-04T00:36:37Z</time><extensions><speed>0.210000</speed><course>165.585938</course><hAcc>5.000000</hAcc><vAcc>3.000000</vAcc></extensions></trkpt>
      <trkpt lon="-123.271096" lat="44.558708"><ele>70.924789</ele><time>2020-11-04T00:36:38Z</time><extensions><speed>0.280000</speed><course>353.320312</course><hAcc>5.000000</hAcc><vAcc>3.000000</vAcc></extensions></trkpt>
      <trkpt lon="-123.271097" lat="44.558719"><ele>70.817093</ele><time>2020-11-04T00:36:39Z</time><extensions><speed>1.110000</speed><course>342.070312</course><hAcc>5.000000</hAcc><vAcc>3.000000</vAcc></extensions></trkpt>
      <trkpt lon="-123.271100" lat="44.558726"><ele>70.865204</ele><time>2020-11-04T00:36:40Z</time><extensions><speed>1.110000</speed><course>10.898438</course><hAcc>5.000000</hAcc><vAcc>3.000000</vAcc></extensions></trkpt>
      <trkpt lon="-123.271100" lat="44.558731"><ele>70.894081</ele><time>2020-11-04T00:36:41Z</time><extensions><speed>0.660000</speed><course>36.914062</course><hAcc>5.000000</hAcc><vAcc>3.000000</vAcc></extensions></trkpt>
      <trkpt lon="-123.271099" lat="44.558733"><ele>71.288368</ele><time>2020-11-04T00:36:42Z</time><extensions><speed>0.210000</speed><course>42.187500</course><hAcc>5.000000</hAcc><vAcc>3.000000</vAcc></extensions></trkpt>
      <trkpt lon="-123.271094" lat="44.558736"><ele>71.462166</ele><time>2020-11-04T00:36:43Z</time><extensions><speed>0.390000</speed><course>59.062500</course><hAcc>5.000000</hAcc><vAcc>3.000000</vAcc></extensions></trkpt>
      <trkpt lon="-123.271089" lat="44.558738"><ele>71.581551</ele><time>2020-11-04T00:36:44Z</time><extensions><speed>0.390000</speed><course>73.828125</course><hAcc>5.000000</hAcc><vAcc>3.000000</vAcc></extensions></trkpt>
      <trkpt lon="-123.271083" lat="44.558741"><ele>71.592491</ele><time>2020-11-04T00:36:45Z</time><extensions><speed>0.230000</speed><course>307.265625</course><hAcc>5.000000</hAcc><vAcc>3.000000</vAcc></extensions></trkpt>
      <trkpt lon="-123.271083" lat="44.558741"><ele>71.561768</ele><time>2020-11-04T00:36:46Z</time><extensions><speed>0.000000</speed><course>26.015625</course><hAcc>5.000000</hAcc><vAcc>3.000000</vAcc></extensions></trkpt>
      <trkpt lon="-123.271083" lat="44.558741"><ele>71.568901</ele><time>2020-11-04T00:36:47Z</time><extensions><speed>0.000000</speed><course>197.929688</course><hAcc>5.000000</hAcc><vAcc>3.000000</vAcc></extensions></trkpt>
      <trkpt lon="-123.271079" lat="44.558737"><ele>71.551170</ele><time>2020-11-04T00:36:48Z</time><extensions><speed>0.450000</speed><course>191.601562</course><hAcc>5.000000</hAcc><vAcc>3.000000</vAcc></extensions></trkpt>
      <trkpt lon="-123.271079" lat="44.558731"><ele>71.658897</ele><time>2020-11-04T00:36:49Z</time><extensions><speed>0.360000</speed><course>187.031250</course><hAcc>5.000000</hAcc><vAcc>3.000000</vAcc></extensions></trkpt>
      <trkpt lon="-123.271074" lat="44.558725"><ele>71.653496</ele><time>2020-11-04T00:36:50Z</time><extensions><speed>0.450000</speed><course>96.679688</course><hAcc>5.000000</hAcc><vAcc>3.000000</vAcc></extensions></trkpt>
      <trkpt lon="-123.271068" lat="44.558723"><ele>71.528389</ele><time>2020-11-04T00:36:51Z</time><extensions><speed>0.230000</speed><course>87.539062</course><hAcc>5.000000</hAcc><vAcc>3.000000</vAcc></extensions></trkpt>
      <trkpt lon="-123.271063" lat="44.558722"><ele>71.535591</ele><time>2020-11-04T00:36:52Z</time><extensions><speed>0.310000</speed><course>114.609375</course><hAcc>5.000000</hAcc><vAcc>3.000000</vAcc></extensions></trkpt>
      <trkpt lon="-123.271062" lat="44.558723"><ele>71.584045</ele><time>2020-11-04T00:36:53Z</time><extensions><speed>0.240000</speed><course>229.218750</course><hAcc>5.000000</hAcc><vAcc>3.000000</vAcc></extensions></trkpt>
      <trkpt lon="-123.271063" lat="44.558724"><ele>71.501129</ele><time>2020-11-04T00:36:54Z</time><extensions><speed>0.160000</speed><course>270.351562</course><hAcc>5.000000</hAcc><vAcc>3.000000</vAcc></extensions></trkpt>
      <trkpt lon="-123.271063" lat="44.558724"><ele>71.551170</ele><time>2020-11-04T00:36:55Z</time><extensions><speed>0.000000</speed><course>347.695312</course><hAcc>5.000000</hAcc><vAcc>3.000000</vAcc></extensions></trkpt>
      <trkpt lon="-123.271063" lat="44.558724"><ele>71.495964</ele><time>2020-11-04T00:36:56Z</time><extensions><speed>0.000000</speed><course>179.296875</course><hAcc>5.000000</hAcc><vAcc>3.000000</vAcc></extensions></trkpt>
      <trkpt lon="-123.271063" lat="44.558724"><ele>71.554131</ele><time>2020-11-04T00:36:57Z</time><extensions><speed>0.000000</speed><course>229.921875</course><hAcc>5.000000</hAcc><vAcc>3.000000</vAcc></extensions></trkpt>
      <trkpt lon="-123.271071" lat="44.558731"><ele>71.532806</ele><time>2020-11-04T00:36:58Z</time><extensions><speed>0.240000</speed><course>33.046875</course><hAcc>5.000000</hAcc><vAcc>3.000000</vAcc></extensions></trkpt>
      <trkpt lon="-123.271071" lat="44.558731"><ele>71.551865</ele><time>2020-11-04T00:36:59Z</time><extensions><speed>0.450000</speed><course>183.867188</course><hAcc>5.000000</hAcc><vAcc>3.000000</vAcc></extensions></trkpt>
      <trkpt lon="-123.271069" lat="44.558729"><ele>71.616226</ele><time>2020-11-04T00:37:00Z</time><extensions><speed>0.450000</speed><course>173.671875</course><hAcc>5.000000</hAcc><vAcc>3.000000</vAcc></extensions></trkpt>
      <trkpt lon="-123.271065" lat="44.558727"><ele>71.705139</ele><time>2020-11-04T00:37:01Z</time><extensions><speed>0.330000</speed><course>150.117188</course><hAcc>5.000000</hAcc><vAcc>3.000000</vAcc></extensions></trkpt>
      <trkpt lon="-123.271061" lat="44.558726"><ele>71.608032</ele><time>2020-11-04T00:37:02Z</time><extensions><speed>0.190000</speed><course>164.882812</course><hAcc>5.000000</hAcc><vAcc>3.000000</vAcc></extensions></trkpt>
      <trkpt lon="-123.271054" lat="44.558719"><ele>71.788300</ele><time>2020-11-04T00:37:03Z</time><extensions><speed>0.950000</speed><course>164.179688</course><hAcc>5.000000</hAcc><vAcc>3.000000</vAcc></extensions></trkpt>
      <trkpt lon="-123.271050" lat="44.558713"><ele>71.775002</ele><time>2020-11-04T00:37:04Z</time><extensions><speed>0.950000</speed><course>190.546875</course><hAcc>5.000000</hAcc><vAcc>3.000000</vAcc></extensions></trkpt>
      <trkpt lon="-123.271052" lat="44.558715"><ele>71.884377</ele><time>2020-11-04T00:37:05Z</time><extensions><speed>0.610000</speed><course>12.304688</course><hAcc>5.000000</hAcc><vAcc>3.000000</vAcc></extensions></trkpt>
      <trkpt lon="-123.271051" lat="44.558721"><ele>71.826462</ele><time>2020-11-04T00:37:06Z</time><extensions><speed>0.420000</speed><course>26.015625</course><hAcc>5.000000</hAcc><vAcc>3.000000</vAcc></extensions></trkpt>
      <trkpt lon="-123.271051" lat="44.558721"><ele>71.760117</ele><time>2020-11-04T00:37:07Z</time><extensions><speed>0.000000</speed><course>352.968750</course><hAcc>5.000000</hAcc><vAcc>3.000000</vAcc></extensions></trkpt>
      <trkpt lon="-123.271051" lat="44.558721"><ele>71.814156</ele><time>2020-11-04T00:37:08Z</time><extensions><speed>0.000000</speed><course>331.523438</course><hAcc>5.000000</hAcc><vAcc>3.000000</vAcc></extensions></trkpt>
      <trkpt lon="-123.271051" lat="44.558721"><ele>71.819283</ele><time>2020-11-04T00:37:09Z</time><extensions><speed>0.000000</speed><course>338.906250</course><hAcc>5.000000</hAcc><vAcc>3.000000</vAcc></extensions></trkpt>
      <trkpt lon="-123.271051" lat="44.558721"><ele>71.830238</ele><time>2020-11-04T00:37:10Z</time><extensions><speed>0.000000</speed><course>340.664062</course><hAcc>5.000000</hAcc><vAcc>3.000000</vAcc></extensions></trkpt>
      <trkpt lon="-123.271051" lat="44.558721"><ele>71.835083</ele><time>2020-11-04T00:37:11Z</time><extensions><speed>0.000000</speed><course>287.226562</course><hAcc>5.000000</hAcc><vAcc>3.000000</vAcc></extensions></trkpt>
      <trkpt lon="-123.271038" lat="44.558727"><ele>71.829689</ele><time>2020-11-04T00:37:12Z</time><extensions><speed>0.480000</speed><course>95.625000</course><hAcc>5.000000</hAcc><vAcc>3.000000</vAcc></extensions></trkpt>
      <trkpt lon="-123.271031" lat="44.558723"><ele>71.721214</ele><time>2020-11-04T00:37:13Z</time><extensions><speed>0.520000</speed><course>81.914062</course><hAcc>5.000000</hAcc><vAcc>3.000000</vAcc></extensions></trkpt>
      <trkpt lon="-123.271025" lat="44.558719"><ele>71.906792</ele><time>2020-11-04T00:37:14Z</time><extensions><speed>0.480000</speed><course>109.335938</course><hAcc>5.000000</hAcc><vAcc>3.000000</vAcc></extensions></trkpt>
      <trkpt lon="-123.271025" lat="44.558718"><ele>71.812340</ele><time>2020-11-04T00:37:15Z</time><extensions><speed>0.320000</speed><course>349.101562</course><hAcc>5.000000</hAcc><vAcc>3.000000</vAcc></extensions></trkpt>
      <trkpt lon="-123.271027" lat="44.558717"><ele>71.769203</ele><time>2020-11-04T00:37:16Z</time><extensions><speed>0.150000</speed><course>33.398438</course><hAcc>5.000000</hAcc><vAcc>3.000000</vAcc></extensions></trkpt>
      <trkpt lon="-123.271027" lat="44.558716"><ele>71.780914</ele><time>2020-11-04T00:37:17Z</time><extensions><speed>0.190000</speed><course>31.289062</course><hAcc>5.000000</hAcc><vAcc>3.000000</vAcc></extensions></trkpt>
      <trkpt lon="-123.271031" lat="44.558718"><ele>71.737885</ele><time>2020-11-04T00:37:18Z</time><extensions><speed>0.330000</speed><course>345.234375</course><hAcc>5.000000</hAcc><vAcc>3.000000</vAcc></extensions></trkpt>
      <trkpt lon="-123.271039" lat="44.558721"><ele>71.764740</ele><time>2020-11-04T00:37:19Z</time><extensions><speed>0.330000</speed><course>309.726562</course><hAcc>5.000000</hAcc><vAcc>3.000000</vAcc></extensions></trkpt>
      <trkpt lon="-123.271046" lat="44.558725"><ele>71.847176</ele><time>2020-11-04T00:37:20Z</time><extensions><speed>0.330000</speed><course>332.226562</course><hAcc>5.000000</hAcc><vAcc>3.000000</vAcc></extensions></trkpt>
      <trkpt lon="-123.271052" lat="44.558726"><ele>71.757011</ele><time>2020-11-04T00:37:21Z</time><extensions><speed>0.230000</speed><course>255.585938</course><hAcc>10.000000</hAcc><vAcc>3.000000</vAcc></extensions></trkpt>
      <trkpt lon="-123.271059" lat="44.558727"><ele>71.723152</ele><time>2020-11-04T00:37:22Z</time><extensions><speed>0.580000</speed><course>293.906250</course><hAcc>10.000000</hAcc><vAcc>3.000000</vAcc></extensions></trkpt>
      <trkpt lon="-123.271068" lat="44.558729"><ele>71.637505</ele><time>2020-11-04T00:37:23Z</time><extensions><speed>0.580000</speed><course>295.312500</course><hAcc>10.000000</hAcc><vAcc>3.000000</vAcc></extensions></trkpt>
      <trkpt lon="-123.271068" lat="44.558729"><ele>71.487549</ele><time>2020-11-04T00:37:24Z</time><extensions><speed>0.000000</speed><course>239.765625</course><hAcc>10.000000</hAcc><vAcc>3.000000</vAcc></extensions></trkpt>
      <trkpt lon="-123.271068" lat="44.558729"><ele>71.412582</ele><time>2020-11-04T00:37:25Z</time><extensions><speed>0.000000</speed><course>234.140625</course><hAcc>10.000000</hAcc><vAcc>3.000000</vAcc></extensions></trkpt>
      <trkpt lon="-123.271068" lat="44.558729"><ele>71.428703</ele><time>2020-11-04T00:37:26Z</time><extensions><speed>0.000000</speed><course>76.992188</course><hAcc>10.000000</hAcc><vAcc>3.000000</vAcc></extensions></trkpt>
      <trkpt lon="-123.271076" lat="44.558728"><ele>71.415657</ele><time>2020-11-04T00:37:27Z</time><extensions><speed>0.330000</speed><course>7.734375</course><hAcc>10.000000</hAcc><vAcc>3.000000</vAcc></extensions></trkpt>
      <trkpt lon="-123.271076" lat="44.558731"><ele>71.428986</ele><time>2020-11-04T00:37:28Z</time><extensions><speed>0.330000</speed><course>11.953125</course><hAcc>10.000000</hAcc><vAcc>3.000000</vAcc></extensions></trkpt>
      <trkpt lon="-123.271072" lat="44.558744"><ele>71.397163</ele><time>2020-11-04T00:37:29Z</time><extensions><speed>0.330000</speed><course>10.195312</course><hAcc>10.000000</hAcc><vAcc>3.000000</vAcc></extensions></trkpt>
      <trkpt lon="-123.271073" lat="44.558744"><ele>71.411797</ele><time>2020-11-04T00:37:30Z</time><extensions><speed>0.510000</speed><course>6.328125</course><hAcc>10.000000</hAcc><vAcc>3.000000</vAcc></extensions></trkpt>
      <trkpt lon="-123.271083" lat="44.558736"><ele>70.901352</ele><time>2020-11-04T00:37:31Z</time><extensions><speed>0.480000</speed><course>277.382812</course><hAcc>10.000000</hAcc><vAcc>3.000000</vAcc></extensions></trkpt>
      <trkpt lon="-123.271090" lat="44.558721"><ele>70.890770</ele><time>2020-11-04T00:37:32Z</time><extensions><speed>0.240000</speed><course>206.718750</course><hAcc>10.000000</hAcc><vAcc>3.000000</vAcc></extensions></trkpt>
      <trkpt lon="-123.271090" lat="44.558709"><ele>70.887360</ele><time>2020-11-04T00:37:33Z</time><extensions><speed>0.480000</speed><course>157.148438</course><hAcc>10.000000</hAcc><vAcc>3.000000</vAcc></extensions></trkpt>
      <trkpt lon="-123.271092" lat="44.558694"><ele>70.918243</ele><time>2020-11-04T00:37:34Z</time><extensions><speed>0.660000</speed><course>157.851562</course><hAcc>10.000000</hAcc><vAcc>3.000000</vAcc></extensions></trkpt>
      <trkpt lon="-123.271094" lat="44.558684"><ele>70.892845</ele><time>2020-11-04T00:37:35Z</time><extensions><speed>0.660000</speed><course>165.937500</course><hAcc>10.000000</hAcc><vAcc>3.000000</vAcc></extensions></trkpt>
      <trkpt lon="-123.271095" lat="44.558678"><ele>70.897263</ele><time>2020-11-04T00:37:36Z</time><extensions><speed>0.660000</speed><course>181.054688</course><hAcc>10.000000</hAcc><vAcc>3.000000</vAcc></extensions></trkpt>
      <trkpt lon="-123.271096" lat="44.558677"><ele>70.915253</ele><time>2020-11-04T00:37:37Z</time><extensions><speed>0.180000</speed><course>193.359375</course><hAcc>10.000000</hAcc><vAcc>3.000000</vAcc></extensions></trkpt>
      <trkpt lon="-123.271098" lat="44.558674"><ele>70.886383</ele><time>2020-11-04T00:37:38Z</time><extensions><speed>0.400000</speed><course>207.421875</course><hAcc>10.000000</hAcc><vAcc>3.000000</vAcc></extensions></trkpt>
      <trkpt lon="-123.271099" lat="44.558672"><ele>70.678375</ele><time>2020-11-04T00:37:39Z</time><extensions><speed>0.150000</speed><course>215.507812</course><hAcc>10.000000</hAcc><vAcc>3.000000</vAcc></extensions></trkpt>
      <trkpt lon="-123.271099" lat="44.558672"><ele>70.848259</ele><time>2020-11-04T00:37:40Z</time><extensions><speed>0.000000</speed><course>204.960938</course><hAcc>10.000000</hAcc><vAcc>3.000000</vAcc></extensions></trkpt>
      <trkpt lon="-123.271101" lat="44.558672"><ele>70.994431</ele><time>2020-11-04T00:37:41Z</time><extensions><speed>0.150000</speed><course>179.648438</course><hAcc>10.000000</hAcc><vAcc>3.000000</vAcc></extensions></trkpt>
      <trkpt lon="-123.271100" lat="44.558669"><ele>71.005547</ele><time>2020-11-04T00:37:42Z</time><extensions><speed>0.370000</speed><course>155.039062</course><hAcc>10.000000</hAcc><vAcc>3.000000</vAcc></extensions></trkpt>
      <trkpt lon="-123.271095" lat="44.558664"><ele>70.985260</ele><time>2020-11-04T00:37:43Z</time><extensions><speed>0.910000</speed><course>137.812500</course><hAcc>10.000000</hAcc><vAcc>3.000000</vAcc></extensions></trkpt>
      <trkpt lon="-123.271089" lat="44.558657"><ele>70.928871</ele><time>2020-11-04T00:37:44Z</time><extensions><speed>0.910000</speed><course>133.242188</course><hAcc>5.000000</hAcc><vAcc>3.000000</vAcc></extensions></trkpt>
      <trkpt lon="-123.271076" lat="44.558655"><ele>70.818771</ele><time>2020-11-04T00:37:45Z</time><extensions><speed>0.910000</speed><course>100.195312</course><hAcc>5.000000</hAcc><vAcc>3.000000</vAcc></extensions></trkpt>
      <trkpt lon="-123.271058" lat="44.558657"><ele>70.715027</ele><time>2020-11-04T00:37:46Z</time><extensions><speed>1.500000</speed><course>79.804688</course><hAcc>5.000000</hAcc><vAcc>3.000000</vAcc></extensions></trkpt>
      <trkpt lon="-123.271042" lat="44.558662"><ele>70.850121</ele><time>2020-11-04T00:37:47Z</time><extensions><speed>1.180000</speed><course>61.171875</course><hAcc>5.000000</hAcc><vAcc>3.000000</vAcc></extensions></trkpt>
      <trkpt lon="-123.271023" lat="44.558667"><ele>70.509071</ele><time>2020-11-04T00:37:48Z</time><extensions><speed>1.800000</speed><course>70.312500</course><hAcc>5.000000</hAcc><vAcc>3.000000</vAcc></extensions></trkpt>
      <trkpt lon="-123.270990" lat="44.558666"><ele>70.735977</ele><time>2020-11-04T00:37:49Z</time><extensions><speed>1.800000</speed><course>83.320312</course><hAcc>5.000000</hAcc><vAcc>3.000000</vAcc></extensions></trkpt>
      <trkpt lon="-123.270962" lat="44.558663"><ele>70.546364</ele><time>2020-11-04T00:37:50Z</time><extensions><speed>1.800000</speed><course>92.109375</course><hAcc>5.000000</hAcc><vAcc>3.000000</vAcc></extensions></trkpt>
      <trkpt lon="-123.270942" lat="44.558659"><ele>70.870392</ele><time>2020-11-04T00:37:51Z</time><extensions><speed>1.340000</speed><course>91.757812</course><hAcc>5.000000</hAcc><vAcc>3.000000</vAcc></extensions></trkpt>
      <trkpt lon="-123.270925" lat="44.558658"><ele>70.603912</ele><time>2020-11-04T00:37:52Z</time><extensions><speed>1.340000</speed><course>86.835938</course><hAcc>5.000000</hAcc><vAcc>3.000000</vAcc></extensions></trkpt>
      <trkpt lon="-123.270907" lat="44.558658"><ele>70.771057</ele><time>2020-11-04T00:37:53Z</time><extensions><speed>1.340000</speed><course>93.867188</course><hAcc>5.000000</hAcc><vAcc>3.000000</vAcc></extensions></trkpt>
      <trkpt lon="-123.270886" lat="44.558659"><ele>70.614914</ele><time>2020-11-04T00:37:54Z</time><extensions><speed>1.350000</speed><course>82.968750</course><hAcc>5.000000</hAcc><vAcc>3.000000</vAcc></extensions></trkpt>
      <trkpt lon="-123.270867" lat="44.558660"><ele>70.638191</ele><time>2020-11-04T00:37:55Z</time><extensions><speed>1.220000</speed><course>82.265625</course><hAcc>5.000000</hAcc><vAcc>3.000000</vAcc></extensions></trkpt>
      <trkpt lon="-123.270850" lat="44.558661"><ele>70.641739</ele><time>2020-11-04T00:37:56Z</time><extensions><speed>1.280000</speed><course>79.804688</course><hAcc>5.000000</hAcc><vAcc>3.000000</vAcc></extensions></trkpt>
      <trkpt lon="-123.270833" lat="44.558665"><ele>70.394196</ele><time>2020-11-04T00:37:57Z</time><extensions><speed>1.220000</speed><course>71.367188</course><hAcc>5.000000</hAcc><vAcc>3.000000</vAcc></extensions></trkpt>
      <trkpt lon="-123.270819" lat="44.558669"><ele>70.457542</ele><time>2020-11-04T00:37:58Z</time><extensions><speed>1.120000</speed><course>70.312500</course><hAcc>5.000000</hAcc><vAcc>3.000000</vAcc></extensions></trkpt>
      <trkpt lon="-123.270805" lat="44.558676"><ele>70.472557</ele><time>2020-11-04T00:37:59Z</time><extensions><speed>1.290000</speed><course>48.867188</course><hAcc>5.000000</hAcc><vAcc>3.000000</vAcc></extensions></trkpt>
      <trkpt lon="-123.270796" lat="44.558683"><ele>70.479935</ele><time>2020-11-04T00:38:00Z</time><extensions><speed>1.290000</speed><course>15.117188</course><hAcc>5.000000</hAcc><vAcc>3.000000</vAcc></extensions></trkpt>
      <trkpt lon="-123.270796" lat="44.558683"><ele>70.420883</ele><time>2020-11-04T00:38:01Z</time><extensions><speed>0.000000</speed><course>280.898438</course><hAcc>5.000000</hAcc><vAcc>3.000000</vAcc></extensions></trkpt>
      <trkpt lon="-123.270791" lat="44.558690"><ele>70.392441</ele><time>2020-11-04T00:38:02Z</time><extensions><speed>0.610000</speed><course>164.531250</course><hAcc>5.000000</hAcc><vAcc>3.000000</vAcc></extensions></trkpt>
      <trkpt lon="-123.270792" lat="44.558691"><ele>70.412827</ele><time>2020-11-04T00:38:03Z</time><extensions><speed>0.300000</speed><course>333.632812</course><hAcc>5.000000</hAcc><vAcc>3.000000</vAcc></extensions></trkpt>
      <trkpt lon="-123.270797" lat="44.558695"><ele>70.388115</ele><time>2020-11-04T00:38:04Z</time><extensions><speed>0.650000</speed><course>354.023438</course><hAcc>5.000000</hAcc><vAcc>3.000000</vAcc></extensions></trkpt>
      <trkpt lon="-123.270806" lat="44.558700"><ele>70.383354</ele><time>2020-11-04T00:38:05Z</time><extensions><speed>0.650000</speed><course>229.921875</course><hAcc>5.000000</hAcc><vAcc>3.000000</vAcc></extensions></trkpt>
      <trkpt lon="-123.270817" lat="44.558698"><ele>70.451088</ele><time>2020-11-04T00:38:06Z</time><extensions><speed>0.730000</speed><course>216.562500</course><hAcc>5.000000</hAcc><vAcc>3.000000</vAcc></extensions></trkpt>
      <trkpt lon="-123.270823" lat="44.558692"><ele>70.434929</ele><time>2020-11-04T00:38:07Z</time><extensions><speed>0.880000</speed><course>182.812500</course><hAcc>5.000000</hAcc><vAcc>3.000000</vAcc></extensions></trkpt>
      <trkpt lon="-123.270827" lat="44.558685"><ele>70.661575</ele><time>2020-11-04T00:38:08Z</time><extensions><speed>0.880000</speed><course>200.742188</course><hAcc>5.000000</hAcc><vAcc>3.000000</vAcc></extensions></trkpt>
      <trkpt lon="-123.270833" lat="44.558678"><ele>70.649277</ele><time>2020-11-04T00:38:09Z</time><extensions><speed>0.880000</speed><course>215.859375</course><hAcc>5.000000</hAcc><vAcc>3.000000</vAcc></extensions></trkpt>
      <trkpt lon="-123.270846" lat="44.558671"><ele>70.726044</ele><time>2020-11-04T00:38:10Z</time><extensions><speed>1.040000</speed><course>239.414062</course><hAcc>5.000000</hAcc><vAcc>3.000000</vAcc></extensions></trkpt>
      <trkpt lon="-123.270861" lat="44.558667"><ele>70.657074</ele><time>2020-11-04T00:38:11Z</time><extensions><speed>1.150000</speed><course>251.718750</course><hAcc>5.000000</hAcc><vAcc>3.000000</vAcc></extensions></trkpt>
      <trkpt lon="-123.270876" lat="44.558666"><ele>70.541382</ele><time>2020-11-04T00:38:12Z</time><extensions><speed>1.150000</speed><course>256.640625</course><hAcc>5.000000</hAcc><vAcc>3.000000</vAcc></extensions></trkpt>
      <trkpt lon="-123.270891" lat="44.558666"><ele>70.787796</ele><time>2020-11-04T00:38:13Z</time><extensions><speed>1.120000</speed><course>261.210938</course><hAcc>5.000000</hAcc><vAcc>3.000000</vAcc></extensions></trkpt>
      <trkpt lon="-123.270907" lat="44.558662"><ele>70.879219</ele><time>2020-11-04T00:38:14Z</time><extensions><speed>1.120000</speed><course>251.015625</course><hAcc>5.000000</hAcc><vAcc>3.000000</vAcc></extensions></trkpt>
      <trkpt lon="-123.270925" lat="44.558655"><ele>70.682465</ele><time>2020-11-04T00:38:15Z</time><extensions><speed>1.630000</speed><course>240.820312</course><hAcc>5.000000</hAcc><vAcc>3.000000</vAcc></extensions></trkpt>
      <trkpt lon="-123.270932" lat="44.558650"><ele>70.708199</ele><time>2020-11-04T00:38:16Z</time><extensions><speed>1.630000</speed><course>225.703125</course><hAcc>5.000000</hAcc><vAcc>3.000000</vAcc></extensions></trkpt>
      <trkpt lon="-123.270926" lat="44.558647"><ele>70.734573</ele><time>2020-11-04T00:38:17Z</time><extensions><speed>0.880000</speed><course>156.445312</course><hAcc>5.000000</hAcc><vAcc>3.000000</vAcc></extensions></trkpt>
      <trkpt lon="-123.270913" lat="44.558651"><ele>70.737572</ele><time>2020-11-04T00:38:18Z</time><extensions><speed>0.880000</speed><course>50.976562</course><hAcc>5.000000</hAcc><vAcc>3.000000</vAcc></extensions></trkpt>
      <trkpt lon="-123.270899" lat="44.558661"><ele>70.999779</ele><time>2020-11-04T00:38:19Z</time><extensions><speed>0.880000</speed><course>42.539062</course><hAcc>5.000000</hAcc><vAcc>3.000000</vAcc></extensions></trkpt>
      <trkpt lon="-123.270889" lat="44.558669"><ele>70.831505</ele><time>2020-11-04T00:38:20Z</time><extensions><speed>0.880000</speed><course>34.804688</course><hAcc>5.000000</hAcc><vAcc>3.000000</vAcc></extensions></trkpt>
      <trkpt lon="-123.270885" lat="44.558683"><ele>70.806580</ele><time>2020-11-04T00:38:21Z</time><extensions><speed>0.880000</speed><course>8.085938</course><hAcc>5.000000</hAcc><vAcc>3.000000</vAcc></extensions></trkpt>
      <trkpt lon="-123.270887" lat="44.558692"><ele>70.947060</ele><time>2020-11-04T00:38:22Z</time><extensions><speed>0.740000</speed><course>341.367188</course><hAcc>5.000000</hAcc><vAcc>3.000000</vAcc></extensions></trkpt>
      <trkpt lon="-123.270892" lat="44.558698"><ele>71.447823</ele><time>2020-11-04T00:38:23Z</time><extensions><speed>0.670000</speed><course>324.492188</course><hAcc>5.000000</hAcc><vAcc>3.000000</vAcc></extensions></trkpt>
      <trkpt lon="-123.270898" lat="44.558699"><ele>71.572655</ele><time>2020-11-04T00:38:24Z</time><extensions><speed>0.670000</speed><course>296.015625</course><hAcc>5.000000</hAcc><vAcc>3.000000</vAcc></extensions></trkpt>
      <trkpt lon="-123.270909" lat="44.558698"><ele>71.881958</ele><time>2020-11-04T00:38:25Z</time><extensions><speed>0.670000</speed><course>275.976562</course><hAcc>5.000000</hAcc><vAcc>3.000000</vAcc></extensions></trkpt>
      <trkpt lon="-123.270922" lat="44.558696"><ele>71.828087</ele><time>2020-11-04T00:38:26Z</time><extensions><speed>0.690000</speed><course>247.500000</course><hAcc>5.000000</hAcc><vAcc>3.000000</vAcc></extensions></trkpt>
      <trkpt lon="-123.270929" lat="44.558695"><ele>71.831047</ele><time>2020-11-04T00:38:27Z</time><extensions><speed>0.290000</speed><course>251.718750</course><hAcc>5.000000</hAcc><vAcc>3.000000</vAcc></extensions></trkpt>
      <trkpt lon="-123.270929" lat="44.558695"><ele>71.917740</ele><time>2020-11-04T00:38:28Z</time><extensions><speed>0.000000</speed><course>254.882812</course><hAcc>5.000000</hAcc><vAcc>3.000000</vAcc></extensions></trkpt>
      <trkpt lon="-123.270945" lat="44.558693"><ele>72.020119</ele><time>2020-11-04T00:38:29Z</time><extensions><speed>0.290000</speed><course>227.460938</course><hAcc>5.000000</hAcc><vAcc>3.000000</vAcc></extensions></trkpt>
      <trkpt lon="-123.270945" lat="44.558693"><ele>71.875175</ele><time>2020-11-04T00:38:30Z</time><extensions><speed>0.000000</speed><course>215.859375</course><hAcc>5.000000</hAcc><vAcc>3.000000</vAcc></extensions></trkpt>
      <trkpt lon="-123.270959" lat="44.558693"><ele>71.959908</ele><time>2020-11-04T00:38:31Z</time><extensions><speed>0.180000</speed><course>222.187500</course><hAcc>5.000000</hAcc><vAcc>3.000000</vAcc></extensions></trkpt>
      <trkpt lon="-123.270967" lat="44.558694"><ele>71.982048</ele><time>2020-11-04T00:38:32Z</time><extensions><speed>0.430000</speed><course>266.132812</course><hAcc>5.000000</hAcc><vAcc>3.000000</vAcc></extensions></trkpt>
      <trkpt lon="-123.270974" lat="44.558695"><ele>71.876343</ele><time>2020-11-04T00:38:33Z</time><extensions><speed>0.280000</speed><course>256.640625</course><hAcc>5.000000</hAcc><vAcc>3.000000</vAcc></extensions></trkpt>
      <trkpt lon="-123.270980" lat="44.558695"><ele>71.923119</ele><time>2020-11-04T00:38:34Z</time><extensions><speed>0.410000</speed><course>253.828125</course><hAcc>5.000000</hAcc><vAcc>3.000000</vAcc></extensions></trkpt>
      <trkpt lon="-123.270985" lat="44.558695"><ele>72.078407</ele><time>2020-11-04T00:38:35Z</time><extensions><speed>0.240000</speed><course>237.304688</course><hAcc>5.000000</hAcc><vAcc>3.000000</vAcc></extensions></trkpt>
      <trkpt lon="-123.270995" lat="44.558693"><ele>71.899063</ele><time>2020-11-04T00:38:36Z</time><extensions><speed>0.920000</speed><course>250.312500</course><hAcc>5.000000</hAcc><vAcc>3.000000</vAcc></extensions></trkpt>
      <trkpt lon="-123.271006" lat="44.558692"><ele>71.840714</ele><time>2020-11-04T00:38:37Z</time><extensions><speed>0.580000</speed><course>247.500000</course><hAcc>5.000000</hAcc><vAcc>3.000000</vAcc></extensions></trkpt>
      <trkpt lon="-123.271006" lat="44.558692"><ele>71.885750</ele><time>2020-11-04T00:38:38Z</time><extensions><speed>0.000000</speed><course>248.554688</course><hAcc>5.000000</hAcc><vAcc>3.000000</vAcc></extensions></trkpt>
      <trkpt lon="-123.271012" lat="44.558690"><ele>71.795937</ele><time>2020-11-04T00:38:39Z</time><extensions><speed>0.400000</speed><course>212.695312</course><hAcc>5.000000</hAcc><vAcc>3.000000</vAcc></extensions></trkpt>
      <trkpt lon="-123.271010" lat="44.558688"><ele>71.829262</ele><time>2020-11-04T00:38:40Z</time><extensions><speed>0.400000</speed><course>135.351562</course><hAcc>5.000000</hAcc><vAcc>3.000000</vAcc></extensions></trkpt>
      <trkpt lon="-123.271005" lat="44.558688"><ele>71.885300</ele><time>2020-11-04T00:38:41Z</time><extensions><speed>0.390000</speed><course>94.921875</course><hAcc>5.000000</hAcc><vAcc>3.000000</vAcc></extensions></trkpt>
      <trkpt lon="-123.271002" lat="44.558690"><ele>71.844017</ele><time>2020-11-04T00:38:42Z</time><extensions><speed>0.160000</speed><course>52.031250</course><hAcc>5.000000</hAcc><vAcc>3.000000</vAcc></extensions></trkpt>
      <trkpt lon="-123.271002" lat="44.558697"><ele>71.982155</ele><time>2020-11-04T00:38:43Z</time><extensions><speed>1.130000</speed><course>350.156250</course><hAcc>5.000000</hAcc><vAcc>3.000000</vAcc></extensions></trkpt>
      <trkpt lon="-123.271010" lat="44.558709"><ele>71.918144</ele><time>2020-11-04T00:38:44Z</time><extensions><speed>1.130000</speed><course>326.601562</course><hAcc>5.000000</hAcc><vAcc>3.000000</vAcc></extensions></trkpt>
      <trkpt lon="-123.271018" lat="44.558717"><ele>71.994629</ele><time>2020-11-04T00:38:45Z</time><extensions><speed>1.130000</speed><course>327.304688</course><hAcc>5.000000</hAcc><vAcc>3.000000</vAcc></extensions></trkpt>
      <trkpt lon="-123.271021" lat="44.558721"><ele>71.882942</ele><time>2020-11-04T00:38:46Z</time><extensions><speed>0.690000</speed><course>323.437500</course><hAcc>5.000000</hAcc><vAcc>3.000000</vAcc></extensions></trkpt>
      <trkpt lon="-123.271022" lat="44.558721"><ele>71.881165</ele><time>2020-11-04T00:38:47Z</time><extensions><speed>0.170000</speed><course>319.921875</course><hAcc>5.000000</hAcc><vAcc>3.000000</vAcc></extensions></trkpt>
      <trkpt lon="-123.271022" lat="44.558721"><ele>71.853676</ele><time>2020-11-04T00:38:48Z</time><extensions><speed>0.000000</speed><course>316.054688</course><hAcc>5.000000</hAcc><vAcc>3.000000</vAcc></extensions></trkpt>
      <trkpt lon="-123.271022" lat="44.558721"><ele>71.842598</ele><time>2020-11-04T00:38:49Z</time><extensions><speed>0.000000</speed><course>251.367188</course><hAcc>5.000000</hAcc><vAcc>3.000000</vAcc></extensions></trkpt>
      <trkpt lon="-123.271027" lat="44.558723"><ele>71.912140</ele><time>2020-11-04T00:38:50Z</time><extensions><speed>0.170000</speed><course>322.031250</course><hAcc>5.000000</hAcc><vAcc>3.000000</vAcc></extensions></trkpt>
      <trkpt lon="-123.271027" lat="44.558719"><ele>71.793449</ele><time>2020-11-04T00:38:51Z</time><extensions><speed>0.410000</speed><course>169.101562</course><hAcc>5.000000</hAcc><vAcc>3.000000</vAcc></extensions></trkpt>
      <trkpt lon="-123.271024" lat="44.558714"><ele>71.729111</ele><time>2020-11-04T00:38:52Z</time><extensions><speed>0.410000</speed><course>148.007812</course><hAcc>5.000000</hAcc><vAcc>3.000000</vAcc></extensions></trkpt>
      <trkpt lon="-123.271023" lat="44.558701"><ele>71.919006</ele><time>2020-11-04T00:38:53Z</time><extensions><speed>0.410000</speed><course>178.593750</course><hAcc>5.000000</hAcc><vAcc>3.000000</vAcc></extensions></trkpt>
      <trkpt lon="-123.271025" lat="44.558693"><ele>71.822578</ele><time>2020-11-04T00:38:54Z</time><extensions><speed>0.550000</speed><course>201.093750</course><hAcc>5.000000</hAcc><vAcc>3.000000</vAcc></extensions></trkpt>
      <trkpt lon="-123.271034" lat="44.558689"><ele>71.842964</ele><time>2020-11-04T00:38:55Z</time><extensions><speed>0.220000</speed><course>213.046875</course><hAcc>5.000000</hAcc><vAcc>3.000000</vAcc></extensions></trkpt>
      <trkpt lon="-123.271042" lat="44.558688"><ele>71.791580</ele><time>2020-11-04T00:38:56Z</time><extensions><speed>0.150000</speed><course>228.867188</course><hAcc>5.000000</hAcc><vAcc>3.000000</vAcc></extensions></trkpt>
      <trkpt lon="-123.271042" lat="44.558688"><ele>71.755447</ele><time>2020-11-04T00:38:57Z</time><extensions><speed>0.000000</speed><course>221.132812</course><hAcc>5.000000</hAcc><vAcc>3.000000</vAcc></extensions></trkpt>
      <trkpt lon="-123.271054" lat="44.558696"><ele>71.837120</ele><time>2020-11-04T00:38:58Z</time><extensions><speed>0.150000</speed><course>81.914062</course><hAcc>5.000000</hAcc><vAcc>3.000000</vAcc></extensions></trkpt>
      <trkpt lon="-123.271052" lat="44.558698"><ele>71.793633</ele><time>2020-11-04T00:38:59Z</time><extensions><speed>0.450000</speed><course>98.437500</course><hAcc>5.000000</hAcc><vAcc>3.000000</vAcc></extensions></trkpt>
      <trkpt lon="-123.271048" lat="44.558697"><ele>71.768959</ele><time>2020-11-04T00:39:00Z</time><extensions><speed>0.690000</speed><course>117.070312</course><hAcc>5.000000</hAcc><vAcc>3.000000</vAcc></extensions></trkpt>
      <trkpt lon="-123.271038" lat="44.558690"><ele>71.731560</ele><time>2020-11-04T00:39:01Z</time><extensions><speed>0.690000</speed><course>129.375000</course><hAcc>5.000000</hAcc><vAcc>3.000000</vAcc></extensions></trkpt>
      <trkpt lon="-123.271032" lat="44.558682"><ele>71.962280</ele><time>2020-11-04T00:39:02Z</time><extensions><speed>0.690000</speed><course>143.085938</course><hAcc>5.000000</hAcc><vAcc>3.000000</vAcc></extensions></trkpt>
      <trkpt lon="-123.271029" lat="44.558673"><ele>71.863884</ele><time>2020-11-04T00:39:03Z</time><extensions><speed>1.050000</speed><course>158.906250</course><hAcc>5.000000</hAcc><vAcc>3.000000</vAcc></extensions></trkpt>
      <trkpt lon="-123.271026" lat="44.558667"><ele>71.848854</ele><time>2020-11-04T00:39:04Z</time><extensions><speed>1.050000</speed><course>167.695312</course><hAcc>5.000000</hAcc><vAcc>3.000000</vAcc></extensions></trkpt>
      <trkpt lon="-123.271026" lat="44.558667"><ele>71.816513</ele><time>2020-11-04T00:39:05Z</time><extensions><speed>0.000000</speed><course>158.203125</course><hAcc>5.000000</hAcc><vAcc>3.000000</vAcc></extensions></trkpt>
      <trkpt lon="-123.271026" lat="44.558667"><ele>71.801460</ele><time>2020-11-04T00:39:06Z</time><extensions><speed>0.000000</speed><course>132.890625</course><hAcc>5.000000</hAcc><vAcc>3.000000</vAcc></extensions></trkpt>
      <trkpt lon="-123.271026" lat="44.558667"><ele>71.863228</ele><time>2020-11-04T00:39:07Z</time><extensions><speed>0.000000</speed><course>127.265625</course><hAcc>5.000000</hAcc><vAcc>3.000000</vAcc></extensions></trkpt>
      <trkpt lon="-123.271026" lat="44.558667"><ele>71.817055</ele><time>2020-11-04T00:39:08Z</time><extensions><speed>0.000000</speed><course>260.859375</course><hAcc>5.000000</hAcc><vAcc>3.000000</vAcc></extensions></trkpt>
      <trkpt lon="-123.271030" lat="44.558668"><ele>71.783493</ele><time>2020-11-04T00:39:09Z</time><extensions><speed>0.370000</speed><course>305.507812</course><hAcc>5.000000</hAcc><vAcc>3.000000</vAcc></extensions></trkpt>
      <trkpt lon="-123.271035" lat="44.558672"><ele>71.743546</ele><time>2020-11-04T00:39:10Z</time><extensions><speed>0.350000</speed><course>306.562500</course><hAcc>5.000000</hAcc><vAcc>3.000000</vAcc></extensions></trkpt>
      <trkpt lon="-123.271037" lat="44.558675"><ele>71.816650</ele><time>2020-11-04T00:39:11Z</time><extensions><speed>0.370000</speed><course>330.468750</course><hAcc>5.000000</hAcc><vAcc>3.000000</vAcc></extensions></trkpt>
      <trkpt lon="-123.271034" lat="44.558676"><ele>71.778740</ele><time>2020-11-04T00:39:12Z</time><extensions><speed>0.400000</speed><course>112.851562</course><hAcc>5.000000</hAcc><vAcc>3.000000</vAcc></extensions></trkpt>
      <trkpt lon="-123.271030" lat="44.558676"><ele>71.839821</ele><time>2020-11-04T00:39:13Z</time><extensions><speed>0.230000</speed><course>118.476562</course><hAcc>5.000000</hAcc><vAcc>3.000000</vAcc></extensions></trkpt>
      <trkpt lon="-123.271029" lat="44.558677"><ele>71.824181</ele><time>2020-11-04T00:39:14Z</time><extensions><speed>0.180000</speed><course>127.617188</course><hAcc>5.000000</hAcc><vAcc>3.000000</vAcc></extensions></trkpt>
      <trkpt lon="-123.271029" lat="44.558677"><ele>71.828682</ele><time>2020-11-04T00:39:15Z</time><extensions><speed>0.000000</speed><course>127.617188</course><hAcc>5.000000</hAcc><vAcc>3.000000</vAcc></extensions></trkpt>
      <trkpt lon="-123.271029" lat="44.558677"><ele>71.840797</ele><time>2020-11-04T00:39:16Z</time><extensions><speed>0.000000</speed><course>127.617188</course><hAcc>5.000000</hAcc><vAcc>3.000000</vAcc></extensions></trkpt>
    </trkseg>
  </trk>
</gpx>