<?xml version="1.0" encoding="UTF-8"?>
<gpx version="1.1" creator="Apple Health Export" xmlns="http://www.topografix.com/GPX/1/1" xmlns:xsi="http://www.w3.org/2001/XMLSchema-instance" xsi:schemaLocation="http://www.topografix.com/GPX/1/1 http://www.topografix.com/GPX/1/1/gpx.xsd">
  <metadata>
    <time>2021-02-21T19:24:48Z</time>
  </metadata>
  <trk>
    <name>Route 2020-10-28 4:27pm</name>
    <trkseg>
      <trkpt lon="-123.279360" lat="44.563276"><ele>81.470039</ele><time>2020-10-28T23:12:39Z</time><extensions><speed>2.770000</speed><course>316.757812</course><hAcc>10.000000</hAcc><vAcc>12.000000</vAcc></extensions></trkpt>
      <trkpt lon="-123.279378" lat="44.563290"><ele>81.677132</ele><time>2020-10-28T23:12:39Z</time><extensions><speed>2.770000</speed><course>316.757812</course><hAcc>10.000000</hAcc><vAcc>12.000000</vAcc></extensions></trkpt>
      <trkpt lon="-123.279407" lat="44.563255"><ele>73.457123</ele><time>2020-10-28T23:12:48Z</time><extensions><speed>0.000000</speed><course>-1.000000</course><hAcc>5.999685</hAcc><vAcc>8.414702</vAcc></extensions></trkpt>
      <trkpt lon="-123.279393" lat="44.563274"><ele>73.349709</ele><time>2020-10-28T23:12:49Z</time><extensions><speed>0.000000</speed><course>-1.000000</course><hAcc>5.999685</hAcc><vAcc>10.740492</vAcc></extensions></trkpt>
      <trkpt lon="-123.279386" lat="44.563277"><ele>73.294235</ele><time>2020-10-28T23:12:50Z</time><extensions><speed>0.000000</speed><course>-1.000000</course><hAcc>5.999685</hAcc><vAcc>6.801436</vAcc></extensions></trkpt>
      <trkpt lon="-123.279367" lat="44.563335"><ele>88.518501</ele><time>2020-10-28T23:12:50Z</time><extensions><speed>1.740000</speed><course>29.179688</course><hAcc>5.000000</hAcc><vAcc>12.000000</vAcc></extensions></trkpt>
      <trkpt lon="-123.279362" lat="44.563333"><ele>79.116951</ele><time>2020-10-28T23:12:51Z</time><extensions><speed>1.740000</speed><course>16.171875</course><hAcc>5.000000</hAcc><vAcc>3.000000</vAcc></extensions></trkpt>
      <trkpt lon="-123.279358" lat="44.563338"><ele>78.787971</ele><time>2020-10-28T23:12:52Z</time><extensions><speed>1.280000</speed><course>2.812500</course><hAcc>5.000000</hAcc><vAcc>3.000000</vAcc></extensions></trkpt>
      <trkpt lon="-123.279359" lat="44.563350"><ele>77.307014</ele><time>2020-10-28T23:12:53Z</time><extensions><speed>1.280000</speed><course>346.992188</course><hAcc>5.000000</hAcc><vAcc>3.000000</vAcc></extensions></trkpt>
      <trkpt lon="-123.279364" lat="44.563359"><ele>76.811592</ele><time>2020-10-28T23:12:54Z</time><extensions><speed>1.280000</speed><course>298.125000</course><hAcc>5.000000</hAcc><vAcc>3.000000</vAcc></extensions></trkpt>
      <trkpt lon="-123.279371" lat="44.563364"><ele>76.044380</ele><time>2020-10-28T23:12:55Z</time><extensions><speed>0.270000</speed><course>267.539062</course><hAcc>5.000000</hAcc><vAcc>3.000000</vAcc></extensions></trkpt>
      <trkpt lon="-123.279379" lat="44.563365"><ele>76.658333</ele><time>2020-10-28T23:12:56Z</time><extensions><speed>0.220000</speed><course>224.296875</course><hAcc>5.000000</hAcc><vAcc>3.000000</vAcc></extensions></trkpt>
      <trkpt lon="-123.279379" lat="44.563365"><ele>77.761971</ele><time>2020-10-28T23:12:57Z</time><extensions><speed>0.000000</speed><course>45.703125</course><hAcc>5.000000</hAcc><vAcc>3.000000</vAcc></extensions></trkpt>
      <trkpt lon="-123.279379" lat="44.563365"><ele>77.321602</ele><time>2020-10-28T23:12:58Z</time><extensions><speed>0.000000</speed><course>45.703125</course><hAcc>5.000000</hAcc><vAcc>3.000000</vAcc></extensions></trkpt>
      <trkpt lon="-123.279379" lat="44.563365"><ele>77.354622</ele><time>2020-10-28T23:12:59Z</time><extensions><speed>0.000000</speed><course>45.703125</course><hAcc>5.000000</hAcc><vAcc>3.000000</vAcc></extensions></trkpt>
      <trkpt lon="-123.279379" lat="44.563365"><ele>77.310677</ele><time>2020-10-28T23:13:00Z</time><extensions><speed>0.000000</speed><course>45.703125</course><hAcc>5.000000</hAcc><vAcc>3.000000</vAcc></extensions></trkpt>
      <trkpt lon="-123.279379" lat="44.563365"><ele>77.335945</ele><time>2020-10-28T23:13:01Z</time><extensions><speed>0.000000</speed><course>45.703125</course><hAcc>5.000000</hAcc><vAcc>3.000000</vAcc></extensions></trkpt>
      <trkpt lon="-123.279379" lat="44.563365"><ele>77.459175</ele><time>2020-10-28T23:13:02Z</time><extensions><speed>0.000000</speed><course>107.226562</course><hAcc>5.000000</hAcc><vAcc>3.000000</vAcc></extensions></trkpt>
      <trkpt lon="-123.279395" lat="44.563364"><ele>78.324471</ele><time>2020-10-28T23:13:03Z</time><extensions><speed>0.220000</speed><course>303.046875</course><hAcc>5.000000</hAcc><vAcc>3.000000</vAcc></extensions></trkpt>
      <trkpt lon="-123.279395" lat="44.563364"><ele>78.388313</ele><time>2020-10-28T23:13:04Z</time><extensions><speed>0.000000</speed><course>330.117188</course><hAcc>5.000000</hAcc><vAcc>3.000000</vAcc></extensions></trkpt>
      <trkpt lon="-123.279395" lat="44.563364"><ele>78.133064</ele><time>2020-10-28T23:13:05Z</time><extensions><speed>0.000000</speed><course>164.531250</course><hAcc>5.000000</hAcc><vAcc>3.000000</vAcc></extensions></trkpt>
      <trkpt lon="-123.279395" lat="44.563364"><ele>77.964119</ele><time>2020-10-28T23:13:06Z</time><extensions><speed>0.000000</speed><course>232.031250</course><hAcc>5.000000</hAcc><vAcc>3.000000</vAcc></extensions></trkpt>
      <trkpt lon="-123.279395" lat="44.563364"><ele>77.809273</ele><time>2020-10-28T23:13:07Z</time><extensions><speed>0.000000</speed><course>174.023438</course><hAcc>5.000000</hAcc><vAcc>3.000000</vAcc></extensions></trkpt>
      <trkpt lon="-123.279395" lat="44.563364"><ele>77.587166</ele><time>2020-10-28T23:13:08Z</time><extensions><speed>0.000000</speed><course>234.140625</course><hAcc>5.000000</hAcc><vAcc>3.000000</vAcc></extensions></trkpt>
      <trkpt lon="-123.279395" lat="44.563364"><ele>77.579536</ele><time>2020-10-28T23:13:09Z</time><extensions><speed>0.000000</speed><course>234.140625</course><hAcc>5.000000</hAcc><vAcc>3.000000</vAcc></extensions></trkpt>
      <trkpt lon="-123.279395" lat="44.563364"><ele>77.582039</ele><time>2020-10-28T23:13:10Z</time><extensions><speed>0.000000</speed><course>115.664062</course><hAcc>5.000000</hAcc><vAcc>3.000000</vAcc></extensions></trkpt>
      <trkpt lon="-123.279395" lat="44.563364"><ele>77.578011</ele><time>2020-10-28T23:13:11Z</time><extensions><speed>0.000000</speed><course>115.664062</course><hAcc>5.000000</hAcc><vAcc>3.000000</vAcc></extensions></trkpt>
      <trkpt lon="-123.279395" lat="44.563364"><ele>77.577339</ele><time>2020-10-28T23:13:12Z</time><extensions><speed>0.000000</speed><course>115.664062</course><hAcc>5.000000</hAcc><vAcc>3.000000</vAcc></extensions></trkpt>
      <trkpt lon="-123.279395" lat="44.563364"><ele>77.535042</ele><time>2020-10-28T23:13:13Z</time><extensions><speed>0.000000</speed><course>115.664062</course><hAcc>5.000000</hAcc><vAcc>3.000000</vAcc></extensions></trkpt>
      <trkpt lon="-123.279395" lat="44.563364"><ele>77.540421</ele><time>2020-10-28T23:13:14Z</time><extensions><speed>0.000000</speed><course>240.117188</course><hAcc>5.000000</hAcc><vAcc>3.000000</vAcc></extensions></trkpt>
      <trkpt lon="-123.279395" lat="44.563364"><ele>77.613762</ele><time>2020-10-28T23:13:15Z</time><extensions><speed>0.000000</speed><course>215.507812</course><hAcc>5.000000</hAcc><vAcc>3.000000</vAcc></extensions></trkpt>
      <trkpt lon="-123.279417" lat="44.563349"><ele>77.613525</ele><time>2020-10-28T23:13:16Z</time><extensions><speed>0.190000</speed><course>225.000000</course><hAcc>5.000000</hAcc><vAcc>3.000000</vAcc></extensions></trkpt>
      <trkpt lon="-123.279424" lat="44.563346"><ele>77.619057</ele><time>2020-10-28T23:13:17Z</time><extensions><speed>0.460000</speed><course>288.281250</course><hAcc>5.000000</hAcc><vAcc>3.000000</vAcc></extensions></trkpt>
      <trkpt lon="-123.279432" lat="44.563345"><ele>77.437569</ele><time>2020-10-28T23:13:18Z</time><extensions><speed>0.460000</speed><course>289.335938</course><hAcc>5.000000</hAcc><vAcc>3.000000</vAcc></extensions></trkpt>
      <trkpt lon="-123.279432" lat="44.563345"><ele>77.386139</ele><time>2020-10-28T23:13:19Z</time><extensions><speed>0.000000</speed><course>92.460938</course><hAcc>5.000000</hAcc><vAcc>3.000000</vAcc></extensions></trkpt>
      <trkpt lon="-123.279432" lat="44.563345"><ele>77.333504</ele><time>2020-10-28T23:13:20Z</time><extensions><speed>0.000000</speed><course>194.765625</course><hAcc>5.000000</hAcc><vAcc>3.000000</vAcc></extensions></trkpt>
      <trkpt lon="-123.279432" lat="44.563345"><ele>77.299774</ele><time>2020-10-28T23:13:21Z</time><extensions><speed>0.000000</speed><course>139.570312</course><hAcc>5.000000</hAcc><vAcc>3.000000</vAcc></extensions></trkpt>
      <trkpt lon="-123.279438" lat="44.563343"><ele>77.147881</ele><time>2020-10-28T23:13:22Z</time><extensions><speed>0.270000</speed><course>355.429688</course><hAcc>5.000000</hAcc><vAcc>3.000000</vAcc></extensions></trkpt>
      <trkpt lon="-123.279438" lat="44.563344"><ele>77.220757</ele><time>2020-10-28T23:13:23Z</time><extensions><speed>0.180000</speed><course>260.507812</course><hAcc>5.000000</hAcc><vAcc>3.000000</vAcc></extensions></trkpt>
      <trkpt lon="-123.279438" lat="44.563344"><ele>77.189247</ele><time>2020-10-28T23:13:24Z</time><extensions><speed>0.000000</speed><course>165.585938</course><hAcc>5.000000</hAcc><vAcc>3.000000</vAcc></extensions></trkpt>
      <trkpt lon="-123.279438" lat="44.563348"><ele>77.027092</ele><time>2020-10-28T23:13:25Z</time><extensions><speed>0.180000</speed><course>33.398438</course><hAcc>5.000000</hAcc><vAcc>3.000000</vAcc></extensions></trkpt>
      <trkpt lon="-123.279438" lat="44.563348"><ele>76.947411</ele><time>2020-10-28T23:13:26Z</time><extensions><speed>0.000000</speed><course>187.734375</course><hAcc>5.000000</hAcc><vAcc>3.000000</vAcc></extensions></trkpt>
      <trkpt lon="-123.279440" lat="44.563348"><ele>76.887604</ele><time>2020-10-28T23:13:27Z</time><extensions><speed>0.330000</speed><course>236.250000</course><hAcc>5.000000</hAcc><vAcc>3.000000</vAcc></extensions></trkpt>
      <trkpt lon="-123.279443" lat="44.563346"><ele>76.800385</ele><time>2020-10-28T23:13:28Z</time><extensions><speed>0.290000</speed><course>192.656250</course><hAcc>5.000000</hAcc><vAcc>3.000000</vAcc></extensions></trkpt>
      <trkpt lon="-123.279443" lat="44.563346"><ele>76.749481</ele><time>2020-10-28T23:13:29Z</time><extensions><speed>0.000000</speed><course>323.437500</course><hAcc>5.000000</hAcc><vAcc>3.000000</vAcc></extensions></trkpt>
      <trkpt lon="-123.279453" lat="44.563338"><ele>76.805031</ele><time>2020-10-28T23:13:30Z</time><extensions><speed>0.320000</speed><course>348.046875</course><hAcc>5.000000</hAcc><vAcc>3.000000</vAcc></extensions></trkpt>
      <trkpt lon="-123.279458" lat="44.563337"><ele>76.898819</ele><time>2020-10-28T23:13:31Z</time><extensions><speed>0.190000</speed><course>248.906250</course><hAcc>5.000000</hAcc><vAcc>3.000000</vAcc></extensions></trkpt>
      <trkpt lon="-123.279458" lat="44.563337"><ele>77.194649</ele><time>2020-10-28T23:13:32Z</time><extensions><speed>0.000000</speed><course>156.445312</course><hAcc>5.000000</hAcc><vAcc>3.000000</vAcc></extensions></trkpt>
      <trkpt lon="-123.279464" lat="44.563337"><ele>77.111893</ele><time>2020-10-28T23:13:33Z</time><extensions><speed>0.190000</speed><course>323.789062</course><hAcc>5.000000</hAcc><vAcc>3.000000</vAcc></extensions></trkpt>
      <trkpt lon="-123.279469" lat="44.563335"><ele>77.173035</ele><time>2020-10-28T23:13:34Z</time><extensions><speed>0.350000</speed><course>323.789062</course><hAcc>5.000000</hAcc><vAcc>3.000000</vAcc></extensions></trkpt>
      <trkpt lon="-123.279471" lat="44.563333"><ele>77.069931</ele><time>2020-10-28T23:13:35Z</time><extensions><speed>0.230000</speed><course>323.789062</course><hAcc>5.000000</hAcc><vAcc>3.000000</vAcc></extensions></trkpt>
      <trkpt lon="-123.279471" lat="44.563333"><ele>77.254036</ele><time>2020-10-28T23:13:36Z</time><extensions><speed>0.000000</speed><course>323.789062</course><hAcc>5.000000</hAcc><vAcc>3.000000</vAcc></extensions></trkpt>
      <trkpt lon="-123.279471" lat="44.563333"><ele>77.089729</ele><time>2020-10-28T23:13:37Z</time><extensions><speed>0.000000</speed><course>323.789062</course><hAcc>5.000000</hAcc><vAcc>3.000000</vAcc></extensions></trkpt>
      <trkpt lon="-123.279471" lat="44.563333"><ele>77.175217</ele><time>2020-10-28T23:13:38Z</time><extensions><speed>0.000000</speed><course>323.789062</course><hAcc>5.000000</hAcc><vAcc>3.000000</vAcc></extensions></trkpt>
      <trkpt lon="-123.279471" lat="44.563333"><ele>77.049362</ele><time>2020-10-28T23:13:39Z</time><extensions><speed>0.000000</speed><course>323.789062</course><hAcc>5.000000</hAcc><vAcc>3.000000</vAcc></extensions></trkpt>
      <trkpt lon="-123.279469" lat="44.563331"><ele>76.963417</ele><time>2020-10-28T23:13:40Z</time><extensions><speed>0.470000</speed><course>81.914062</course><hAcc>5.000000</hAcc><vAcc>3.000000</vAcc></extensions></trkpt>
      <trkpt lon="-123.279468" lat="44.563329"><ele>76.799149</ele><time>2020-10-28T23:13:41Z</time><extensions><speed>0.240000</speed><course>111.093750</course><hAcc>5.000000</hAcc><vAcc>3.000000</vAcc></extensions></trkpt>
      <trkpt lon="-123.279468" lat="44.563329"><ele>76.720406</ele><time>2020-10-28T23:13:42Z</time><extensions><speed>0.000000</speed><course>316.406250</course><hAcc>5.000000</hAcc><vAcc>3.000000</vAcc></extensions></trkpt>
      <trkpt lon="-123.279477" lat="44.563324"><ele>76.610489</ele><time>2020-10-28T23:13:43Z</time><extensions><speed>0.240000</speed><course>237.656250</course><hAcc>5.000000</hAcc><vAcc>3.000000</vAcc></extensions></trkpt>
      <trkpt lon="-123.279487" lat="44.563319"><ele>76.554688</ele><time>2020-10-28T23:13:44Z</time><extensions><speed>0.570000</speed><course>249.609375</course><hAcc>5.000000</hAcc><vAcc>3.000000</vAcc></extensions></trkpt>
      <trkpt lon="-123.279491" lat="44.563317"><ele>76.596977</ele><time>2020-10-28T23:13:45Z</time><extensions><speed>0.170000</speed><course>205.312500</course><hAcc>5.000000</hAcc><vAcc>3.000000</vAcc></extensions></trkpt>
      <trkpt lon="-123.279491" lat="44.563317"><ele>76.422508</ele><time>2020-10-28T23:13:46Z</time><extensions><speed>0.000000</speed><course>203.906250</course><hAcc>5.000000</hAcc><vAcc>3.000000</vAcc></extensions></trkpt>
      <trkpt lon="-123.279484" lat="44.563316"><ele>76.512840</ele><time>2020-10-28T23:13:47Z</time><extensions><speed>0.170000</speed><course>270.351562</course><hAcc>5.000000</hAcc><vAcc>3.000000</vAcc></extensions></trkpt>
      <trkpt lon="-123.279484" lat="44.563316"><ele>76.604187</ele><time>2020-10-28T23:13:48Z</time><extensions><speed>0.000000</speed><course>270.351562</course><hAcc>5.000000</hAcc><vAcc>3.000000</vAcc></extensions></trkpt>
      <trkpt lon="-123.279484" lat="44.563316"><ele>76.608780</ele><time>2020-10-28T23:13:49Z</time><extensions><speed>0.000000</speed><course>270.351562</course><hAcc>5.000000</hAcc><vAcc>3.000000</vAcc></extensions></trkpt>
      <trkpt lon="-123.279484" lat="44.563316"><ele>76.592133</ele><time>2020-10-28T23:13:50Z</time><extensions><speed>0.000000</speed><course>270.351562</course><hAcc>5.000000</hAcc><vAcc>3.000000</vAcc></extensions></trkpt>
      <trkpt lon="-123.279484" lat="44.563316"><ele>76.621071</ele><time>2020-10-28T23:13:51Z</time><extensions><speed>0.000000</speed><course>270.351562</course><hAcc>5.000000</hAcc><vAcc>3.000000</vAcc></extensions></trkpt>
      <trkpt lon="-123.279484" lat="44.563316"><ele>76.591751</ele><time>2020-10-28T23:13:52Z</time><extensions><speed>0.000000</speed><course>270.351562</course><hAcc>5.000000</hAcc><vAcc>3.000000</vAcc></extensions></trkpt>
      <trkpt lon="-123.279484" lat="44.563316"><ele>76.578270</ele><time>2020-10-28T23:13:53Z</time><extensions><speed>0.000000</speed><course>270.351562</course><hAcc>5.000000</hAcc><vAcc>3.000000</vAcc></extensions></trkpt>
      <trkpt lon="-123.279484" lat="44.563316"><ele>76.596397</ele><time>2020-10-28T23:13:54Z</time><extensions><speed>0.000000</speed><course>270.351562</course><hAcc>5.000000</hAcc><vAcc>3.000000</vAcc></extensions></trkpt>
      <trkpt lon="-123.279484" lat="44.563316"><ele>76.584366</ele><time>2020-10-28T23:13:55Z</time><extensions><speed>0.000000</speed><course>270.351562</course><hAcc>5.000000</hAcc><vAcc>3.000000</vAcc></extensions></trkpt>
      <trkpt lon="-123.279484" lat="44.563316"><ele>76.547821</ele><time>2020-10-28T23:13:56Z</time><extensions><speed>0.000000</speed><course>270.351562</course><hAcc>5.000000</hAcc><vAcc>3.000000</vAcc></extensions></trkpt>
      <trkpt lon="-123.279484" lat="44.563316"><ele>76.472015</ele><time>2020-10-28T23:13:57Z</time><extensions><speed>0.000000</speed><course>270.351562</course><hAcc>5.000000</hAcc><vAcc>3.000000</vAcc></extensions></trkpt>
      <trkpt lon="-123.279484" lat="44.563316"><ele>76.446236</ele><time>2020-10-28T23:13:58Z</time><extensions><speed>0.000000</speed><course>270.351562</course><hAcc>5.000000</hAcc><vAcc>3.000000</vAcc></extensions></trkpt>
      <trkpt lon="-123.279484" lat="44.563316"><ele>76.396469</ele><time>2020-10-28T23:13:59Z</time><extensions><speed>0.000000</speed><course>270.351562</course><hAcc>5.000000</hAcc><vAcc>3.000000</vAcc></extensions></trkpt>
      <trkpt lon="-123.279484" lat="44.563316"><ele>76.460617</ele><time>2020-10-28T23:14:00Z</time><extensions><speed>0.000000</speed><course>270.351562</course><hAcc>5.000000</hAcc><vAcc>3.000000</vAcc></extensions></trkpt>
      <trkpt lon="-123.279484" lat="44.563316"><ele>76.350800</ele><time>2020-10-28T23:14:01Z</time><extensions><speed>0.000000</speed><course>270.351562</course><hAcc>5.000000</hAcc><vAcc>3.000000</vAcc></extensions></trkpt>
      <trkpt lon="-123.279484" lat="44.563316"><ele>76.372345</ele><time>2020-10-28T23:14:02Z</time><extensions><speed>0.000000</speed><course>270.351562</course><hAcc>5.000000</hAcc><vAcc>3.000000</vAcc></extensions></trkpt>
      <trkpt lon="-123.279484" lat="44.563316"><ele>76.367500</ele><time>2020-10-28T23:14:03Z</time><extensions><speed>0.000000</speed><course>270.351562</course><hAcc>5.000000</hAcc><vAcc>3.000000</vAcc></extensions></trkpt>
      <trkpt lon="-123.279484" lat="44.563316"><ele>76.351807</ele><time>2020-10-28T23:14:04Z</time><extensions><speed>0.000000</speed><course>270.351562</course><hAcc>5.000000</hAcc><vAcc>3.000000</vAcc></extensions></trkpt>
      <trkpt lon="-123.279484" lat="44.563316"><ele>76.430443</ele><time>2020-10-28T23:14:05Z</time><extensions><speed>0.000000</speed><course>270.351562</course><hAcc>5.000000</hAcc><vAcc>3.000000</vAcc></extensions></trkpt>
      <trkpt lon="-123.279484" lat="44.563316"><ele>76.380096</ele><time>2020-10-28T23:14:06Z</time><extensions><speed>0.000000</speed><course>270.351562</course><hAcc>5.000000</hAcc><vAcc>3.000000</vAcc></extensions></trkpt>
      <trkpt lon="-123.279484" lat="44.563316"><ele>76.623253</ele><time>2020-10-28T23:14:07Z</time><extensions><speed>0.000000</speed><course>270.351562</course><hAcc>5.000000</hAcc><vAcc>3.000000</vAcc></extensions></trkpt>
      <trkpt lon="-123.279474" lat="44.563317"><ele>76.391861</ele><time>2020-10-28T23:14:08Z</time><extensions><speed>0.200000</speed><course>188.789062</course><hAcc>5.000000</hAcc><vAcc>3.000000</vAcc></extensions></trkpt>
      <trkpt lon="-123.279476" lat="44.563304"><ele>76.351585</ele><time>2020-10-28T23:14:09Z</time><extensions><speed>0.200000</speed><course>190.898438</course><hAcc>5.000000</hAcc><vAcc>3.000000</vAcc></extensions></trkpt>
      <trkpt lon="-123.279479" lat="44.563279"><ele>76.741295</ele><time>2020-10-28T23:14:10Z</time><extensions><speed>1.580000</speed><course>193.710938</course><hAcc>5.000000</hAcc><vAcc>3.000000</vAcc></extensions></trkpt>
      <trkpt lon="-123.279484" lat="44.563254"><ele>76.855186</ele><time>2020-10-28T23:14:11Z</time><extensions><speed>3.330000</speed><course>185.625000</course><hAcc>5.000000</hAcc><vAcc>3.000000</vAcc></extensions></trkpt>
      <trkpt lon="-123.279483" lat="44.563220"><ele>76.593071</ele><time>2020-10-28T23:14:12Z</time><extensions><speed>3.710000</speed><course>177.890625</course><hAcc>5.000000</hAcc><vAcc>3.000000</vAcc></extensions></trkpt>
      <trkpt lon="-123.279482" lat="44.563184"><ele>76.855690</ele><time>2020-10-28T23:14:13Z</time><extensions><speed>3.710000</speed><course>180.351562</course><hAcc>5.000000</hAcc><vAcc>3.000000</vAcc></extensions></trkpt>
      <trkpt lon="-123.279478" lat="44.563146"><ele>76.288170</ele><time>2020-10-28T23:14:14Z</time><extensions><speed>4.120000</speed><course>176.132812</course><hAcc>5.000000</hAcc><vAcc>3.000000</vAcc></extensions></trkpt>
      <trkpt lon="-123.279473" lat="44.563068"><ele>76.812981</ele><time>2020-10-28T23:14:15Z</time><extensions><speed>5.260000</speed><course>182.812500</course><hAcc>5.000000</hAcc><vAcc>3.000000</vAcc></extensions></trkpt>
      <trkpt lon="-123.279463" lat="44.563032"><ele>76.237373</ele><time>2020-10-28T23:14:16Z</time><extensions><speed>5.380000</speed><course>179.648438</course><hAcc>5.000000</hAcc><vAcc>3.000000</vAcc></extensions></trkpt>
      <trkpt lon="-123.279469" lat="44.562986"><ele>76.056068</ele><time>2020-10-28T23:14:17Z</time><extensions><speed>5.370000</speed><course>182.109375</course><hAcc>5.000000</hAcc><vAcc>3.000000</vAcc></extensions></trkpt>
      <trkpt lon="-123.279475" lat="44.562936"><ele>76.040108</ele><time>2020-10-28T23:14:18Z</time><extensions><speed>5.380000</speed><course>181.054688</course><hAcc>5.000000</hAcc><vAcc>3.000000</vAcc></extensions></trkpt>
      <trkpt lon="-123.279473" lat="44.562880"><ele>76.587654</ele><time>2020-10-28T23:14:19Z</time><extensions><speed>5.650000</speed><course>181.054688</course><hAcc>5.000000</hAcc><vAcc>3.000000</vAcc></extensions></trkpt>
      <trkpt lon="-123.279483" lat="44.562823"><ele>76.131973</ele><time>2020-10-28T23:14:20Z</time><extensions><speed>5.650000</speed><course>182.812500</course><hAcc>5.000000</hAcc><vAcc>3.000000</vAcc></extensions></trkpt>
      <trkpt lon="-123.279485" lat="44.562776"><ele>75.932190</ele><time>2020-10-28T23:14:21Z</time><extensions><speed>5.550000</speed><course>179.296875</course><hAcc>5.000000</hAcc><vAcc>3.000000</vAcc></extensions></trkpt>
      <trkpt lon="-123.279485" lat="44.562730"><ele>75.528008</ele><time>2020-10-28T23:14:22Z</time><extensions><speed>5.190000</speed><course>176.132812</course><hAcc>5.000000</hAcc><vAcc>3.000000</vAcc></extensions></trkpt>
      <trkpt lon="-123.279477" lat="44.562682"><ele>75.495789</ele><time>2020-10-28T23:14:23Z</time><extensions><speed>5.190000</speed><course>179.648438</course><hAcc>5.000000</hAcc><vAcc>3.000000</vAcc></extensions></trkpt>
      <trkpt lon="-123.279455" lat="44.562639"><ele>75.560524</ele><time>2020-10-28T23:14:24Z</time><extensions><speed>5.160000</speed><course>181.054688</course><hAcc>5.000000</hAcc><vAcc>3.000000</vAcc></extensions></trkpt>
      <trkpt lon="-123.279448" lat="44.562592"><ele>76.217880</ele><time>2020-10-28T23:14:25Z</time><extensions><speed>5.160000</speed><course>174.023438</course><hAcc>5.000000</hAcc><vAcc>3.000000</vAcc></extensions></trkpt>
      <trkpt lon="-123.279427" lat="44.562551"><ele>76.087318</ele><time>2020-10-28T23:14:26Z</time><extensions><speed>5.160000</speed><course>152.578125</course><hAcc>5.000000</hAcc><vAcc>3.000000</vAcc></extensions></trkpt>
      <trkpt lon="-123.279390" lat="44.562519"><ele>76.300758</ele><time>2020-10-28T23:14:27Z</time><extensions><speed>5.190000</speed><course>125.859375</course><hAcc>5.000000</hAcc><vAcc>3.000000</vAcc></extensions></trkpt>
      <trkpt lon="-123.279347" lat="44.562500"><ele>75.750122</ele><time>2020-10-28T23:14:28Z</time><extensions><speed>4.540000</speed><course>101.953125</course><hAcc>5.000000</hAcc><vAcc>3.000000</vAcc></extensions></trkpt>
      <trkpt lon="-123.279284" lat="44.562480"><ele>75.815392</ele><time>2020-10-28T23:14:29Z</time><extensions><speed>5.300000</speed><course>112.500000</course><hAcc>5.000000</hAcc><vAcc>3.000000</vAcc></extensions></trkpt>
      <trkpt lon="-123.279244" lat="44.562456"><ele>75.637245</ele><time>2020-10-28T23:14:30Z</time><extensions><speed>5.090000</speed><course>132.539062</course><hAcc>5.000000</hAcc><vAcc>3.000000</vAcc></extensions></trkpt>
      <trkpt lon="-123.279202" lat="44.562435"><ele>75.147591</ele><time>2020-10-28T23:14:31Z</time><extensions><speed>5.090000</speed><course>137.109375</course><hAcc>5.000000</hAcc><vAcc>3.000000</vAcc></extensions></trkpt>
      <trkpt lon="-123.279165" lat="44.562401"><ele>75.030334</ele><time>2020-10-28T23:14:32Z</time><extensions><speed>4.850000</speed><course>143.437500</course><hAcc>5.000000</hAcc><vAcc>3.000000</vAcc></extensions></trkpt>
      <trkpt lon="-123.279138" lat="44.562353"><ele>75.432991</ele><time>2020-10-28T23:14:33Z</time><extensions><speed>5.270000</speed><course>163.828125</course><hAcc>5.000000</hAcc><vAcc>3.000000</vAcc></extensions></trkpt>
      <trkpt lon="-123.279121" lat="44.562296"><ele>75.336266</ele><time>2020-10-28T23:14:34Z</time><extensions><speed>5.270000</speed><course>171.562500</course><hAcc>5.000000</hAcc><vAcc>3.000000</vAcc></extensions></trkpt>
      <trkpt lon="-123.279103" lat="44.562258"><ele>74.918190</ele><time>2020-10-28T23:14:35Z</time><extensions><speed>5.600000</speed><course>159.609375</course><hAcc>5.000000</hAcc><vAcc>3.000000</vAcc></extensions></trkpt>
      <trkpt lon="-123.279073" lat="44.562207"><ele>74.891182</ele><time>2020-10-28T23:14:36Z</time><extensions><speed>5.390000</speed><course>155.742188</course><hAcc>5.000000</hAcc><vAcc>3.000000</vAcc></extensions></trkpt>
      <trkpt lon="-123.279032" lat="44.562176"><ele>74.823135</ele><time>2020-10-28T23:14:37Z</time><extensions><speed>5.390000</speed><course>136.054688</course><hAcc>5.000000</hAcc><vAcc>3.000000</vAcc></extensions></trkpt>
      <trkpt lon="-123.278999" lat="44.562141"><ele>74.732498</ele><time>2020-10-28T23:14:38Z</time><extensions><speed>4.960000</speed><course>140.625000</course><hAcc>5.000000</hAcc><vAcc>3.000000</vAcc></extensions></trkpt>
      <trkpt lon="-123.278975" lat="44.562114"><ele>74.443359</ele><time>2020-10-28T23:14:39Z</time><extensions><speed>4.260000</speed><course>135.000000</course><hAcc>5.000000</hAcc><vAcc>3.000000</vAcc></extensions></trkpt>
      <trkpt lon="-123.278945" lat="44.562100"><ele>74.273811</ele><time>2020-10-28T23:14:40Z</time><extensions><speed>3.510000</speed><course>128.320312</course><hAcc>5.000000</hAcc><vAcc>3.000000</vAcc></extensions></trkpt>
      <trkpt lon="-123.278923" lat="44.562090"><ele>74.055084</ele><time>2020-10-28T23:14:41Z</time><extensions><speed>1.710000</speed><course>128.320312</course><hAcc>5.000000</hAcc><vAcc>3.000000</vAcc></extensions></trkpt>
      <trkpt lon="-123.278910" lat="44.562086"><ele>73.876564</ele><time>2020-10-28T23:14:42Z</time><extensions><speed>1.710000</speed><course>117.070312</course><hAcc>5.000000</hAcc><vAcc>3.000000</vAcc></extensions></trkpt>
      <trkpt lon="-123.278900" lat="44.562094"><ele>73.820190</ele><time>2020-10-28T23:14:43Z</time><extensions><speed>0.840000</speed><course>116.367188</course><hAcc>5.000000</hAcc><vAcc>4.000000</vAcc></extensions></trkpt>
      <trkpt lon="-123.278895" lat="44.562099"><ele>73.942284</ele><time>2020-10-28T23:14:44Z</time><extensions><speed>0.710000</speed><course>116.718750</course><hAcc>5.000000</hAcc><vAcc>4.000000</vAcc></extensions></trkpt>
      <trkpt lon="-123.278892" lat="44.562099"><ele>73.905640</ele><time>2020-10-28T23:14:45Z</time><extensions><speed>0.150000</speed><course>116.015625</course><hAcc>5.000000</hAcc><vAcc>4.000000</vAcc></extensions></trkpt>
      <trkpt lon="-123.278892" lat="44.562099"><ele>73.896072</ele><time>2020-10-28T23:14:46Z</time><extensions><speed>0.000000</speed><course>116.015625</course><hAcc>5.000000</hAcc><vAcc>4.000000</vAcc></extensions></trkpt>
      <trkpt lon="-123.278892" lat="44.562099"><ele>73.902374</ele><time>2020-10-28T23:14:47Z</time><extensions><speed>0.000000</speed><course>116.015625</course><hAcc>5.000000</hAcc><vAcc>4.000000</vAcc></extensions></trkpt>
      <trkpt lon="-123.278892" lat="44.562099"><ele>73.869553</ele><time>2020-10-28T23:14:48Z</time><extensions><speed>0.000000</speed><course>116.015625</course><hAcc>5.000000</hAcc><vAcc>4.000000</vAcc></extensions></trkpt>
      <trkpt lon="-123.278892" lat="44.562099"><ele>73.861572</ele><time>2020-10-28T23:14:49Z</time><extensions><speed>0.000000</speed><course>116.015625</course><hAcc>5.000000</hAcc><vAcc>4.000000</vAcc></extensions></trkpt>
      <trkpt lon="-123.278892" lat="44.562099"><ele>73.823273</ele><time>2020-10-28T23:14:50Z</time><extensions><speed>0.000000</speed><course>116.015625</course><hAcc>5.000000</hAcc><vAcc>4.000000</vAcc></extensions></trkpt>
      <trkpt lon="-123.278892" lat="44.562099"><ele>73.757233</ele><time>2020-10-28T23:14:51Z</time><extensions><speed>0.000000</speed><course>116.015625</course><hAcc>5.000000</hAcc><vAcc>4.000000</vAcc></extensions></trkpt>
      <trkpt lon="-123.278892" lat="44.562099"><ele>73.718719</ele><time>2020-10-28T23:14:52Z</time><extensions><speed>0.000000</speed><course>116.015625</course><hAcc>5.000000</hAcc><vAcc>4.000000</vAcc></extensions></trkpt>
      <trkpt lon="-123.278892" lat="44.562099"><ele>73.711632</ele><time>2020-10-28T23:14:53Z</time><extensions><speed>0.000000</speed><course>116.015625</course><hAcc>5.000000</hAcc><vAcc>4.000000</vAcc></extensions></trkpt>
      <trkpt lon="-123.278892" lat="44.562099"><ele>73.656258</ele><time>2020-10-28T23:14:54Z</time><extensions><speed>0.000000</speed><course>116.015625</course><hAcc>5.000000</hAcc><vAcc>4.000000</vAcc></extensions></trkpt>
      <trkpt lon="-123.278892" lat="44.562099"><ele>73.732361</ele><time>2020-10-28T23:14:55Z</time><extensions><speed>0.000000</speed><course>116.015625</course><hAcc>5.000000</hAcc><vAcc>4.000000</vAcc></extensions></trkpt>
      <trkpt lon="-123.278864" lat="44.562106"><ele>73.765404</ele><time>2020-10-28T23:14:56Z</time><extensions><speed>1.100000</speed><course>16.171875</course><hAcc>5.000000</hAcc><vAcc>3.000000</vAcc></extensions></trkpt>
      <trkpt lon="-123.278860" lat="44.562110"><ele>73.869934</ele><time>2020-10-28T23:14:57Z</time><extensions><speed>0.680000</speed><course>31.289062</course><hAcc>5.000000</hAcc><vAcc>4.000000</vAcc></extensions></trkpt>
      <trkpt lon="-123.278853" lat="44.562115"><ele>73.912712</ele><time>2020-10-28T23:14:58Z</time><extensions><speed>0.910000</speed><course>55.195312</course><hAcc>5.000000</hAcc><vAcc>3.000000</vAcc></extensions></trkpt>
      <trkpt lon="-123.278849" lat="44.562110"><ele>74.045525</ele><time>2020-10-28T23:14:59Z</time><extensions><speed>0.770000</speed><course>130.429688</course><hAcc>5.000000</hAcc><vAcc>3.000000</vAcc></extensions></trkpt>
      <trkpt lon="-123.278852" lat="44.562103"><ele>73.922737</ele><time>2020-10-28T23:15:00Z</time><extensions><speed>0.770000</speed><course>167.343750</course><hAcc>5.000000</hAcc><vAcc>3.000000</vAcc></extensions></trkpt>
      <trkpt lon="-123.278852" lat="44.562103"><ele>73.830864</ele><time>2020-10-28T23:15:01Z</time><extensions><speed>0.000000</speed><course>170.156250</course><hAcc>5.000000</hAcc><vAcc>3.000000</vAcc></extensions></trkpt>
      <trkpt lon="-123.278852" lat="44.562103"><ele>73.787048</ele><time>2020-10-28T23:15:02Z</time><extensions><speed>0.000000</speed><course>44.296875</course><hAcc>5.000000</hAcc><vAcc>3.000000</vAcc></extensions></trkpt>
      <trkpt lon="-123.278867" lat="44.562088"><ele>73.808769</ele><time>2020-10-28T23:15:03Z</time><extensions><speed>0.280000</speed><course>269.296875</course><hAcc>5.000000</hAcc><vAcc>3.000000</vAcc></extensions></trkpt>
      <trkpt lon="-123.278867" lat="44.562088"><ele>73.748466</ele><time>2020-10-28T23:15:04Z</time><extensions><speed>0.000000</speed><course>326.250000</course><hAcc>5.000000</hAcc><vAcc>3.000000</vAcc></extensions></trkpt>
      <trkpt lon="-123.278866" lat="44.562080"><ele>73.795410</ele><time>2020-10-28T23:15:05Z</time><extensions><speed>0.280000</speed><course>66.796875</course><hAcc>5.000000</hAcc><vAcc>3.000000</vAcc></extensions></trkpt>
      <trkpt lon="-123.278860" lat="44.562069"><ele>73.882744</ele><time>2020-10-28T23:15:06Z</time><extensions><speed>0.590000</speed><course>153.984375</course><hAcc>5.000000</hAcc><vAcc>3.000000</vAcc></extensions></trkpt>
      <trkpt lon="-123.278848" lat="44.562062"><ele>73.841492</ele><time>2020-10-28T23:15:07Z</time><extensions><speed>1.110000</speed><course>85.429688</course><hAcc>5.000000</hAcc><vAcc>3.000000</vAcc></extensions></trkpt>
      <trkpt lon="-123.278844" lat="44.562060"><ele>73.786377</ele><time>2020-10-28T23:15:08Z</time><extensions><speed>0.580000</speed><course>52.382812</course><hAcc>5.000000</hAcc><vAcc>4.000000</vAcc></extensions></trkpt>
      <trkpt lon="-123.278839" lat="44.562057"><ele>73.792870</ele><time>2020-10-28T23:15:09Z</time><extensions><speed>0.860000</speed><course>55.546875</course><hAcc>5.000000</hAcc><vAcc>4.000000</vAcc></extensions></trkpt>
      <trkpt lon="-123.278833" lat="44.562048"><ele>73.804298</ele><time>2020-10-28T23:15:10Z</time><extensions><speed>0.670000</speed><course>74.179688</course><hAcc>5.000000</hAcc><vAcc>4.000000</vAcc></extensions></trkpt>
      <trkpt lon="-123.278819" lat="44.562039"><ele>73.762321</ele><time>2020-10-28T23:15:11Z</time><extensions><speed>0.860000</speed><course>88.945312</course><hAcc>5.000000</hAcc><vAcc>4.000000</vAcc></extensions></trkpt>
      <trkpt lon="-123.278810" lat="44.562025"><ele>73.790039</ele><time>2020-10-28T23:15:12Z</time><extensions><speed>1.320000</speed><course>133.945312</course><hAcc>5.000000</hAcc><vAcc>4.000000</vAcc></extensions></trkpt>
      <trkpt lon="-123.278811" lat="44.562007"><ele>73.653160</ele><time>2020-10-28T23:15:13Z</time><extensions><speed>1.320000</speed><course>150.468750</course><hAcc>5.000000</hAcc><vAcc>4.000000</vAcc></extensions></trkpt>
      <trkpt lon="-123.278806" lat="44.562009"><ele>73.725487</ele><time>2020-10-28T23:15:14Z</time><extensions><speed>1.190000</speed><course>90.000000</course><hAcc>5.000000</hAcc><vAcc>4.000000</vAcc></extensions></trkpt>
      <trkpt lon="-123.278801" lat="44.562018"><ele>73.805450</ele><time>2020-10-28T23:15:15Z</time><extensions><speed>1.140000</speed><course>59.414062</course><hAcc>5.000000</hAcc><vAcc>4.000000</vAcc></extensions></trkpt>
      <trkpt lon="-123.278803" lat="44.562022"><ele>73.878937</ele><time>2020-10-28T23:15:16Z</time><extensions><speed>1.000000</speed><course>59.765625</course><hAcc>5.000000</hAcc><vAcc>4.000000</vAcc></extensions></trkpt>
      <trkpt lon="-123.278802" lat="44.562026"><ele>73.936066</ele><time>2020-10-28T23:15:17Z</time><extensions><speed>0.540000</speed><course>61.875000</course><hAcc>5.000000</hAcc><vAcc>4.000000</vAcc></extensions></trkpt>
      <trkpt lon="-123.278803" lat="44.562027"><ele>73.955048</ele><time>2020-10-28T23:15:18Z</time><extensions><speed>0.210000</speed><course>62.929688</course><hAcc>5.000000</hAcc><vAcc>4.000000</vAcc></extensions></trkpt>
      <trkpt lon="-123.278803" lat="44.562027"><ele>73.787544</ele><time>2020-10-28T23:15:19Z</time><extensions><speed>0.000000</speed><course>79.453125</course><hAcc>5.000000</hAcc><vAcc>3.000000</vAcc></extensions></trkpt>
      <trkpt lon="-123.278803" lat="44.562027"><ele>73.858276</ele><time>2020-10-28T23:15:20Z</time><extensions><speed>0.000000</speed><course>34.101562</course><hAcc>5.000000</hAcc><vAcc>3.000000</vAcc></extensions></trkpt>
      <trkpt lon="-123.278803" lat="44.562027"><ele>73.901131</ele><time>2020-10-28T23:15:21Z</time><extensions><speed>0.000000</speed><course>280.195312</course><hAcc>5.000000</hAcc><vAcc>3.000000</vAcc></extensions></trkpt>
      <trkpt lon="-123.278848" lat="44.562040"><ele>73.856270</ele><time>2020-10-28T23:15:22Z</time><extensions><speed>0.270000</speed><course>296.718750</course><hAcc>5.000000</hAcc><vAcc>3.000000</vAcc></extensions></trkpt>
      <trkpt lon="-123.278848" lat="44.562040"><ele>73.803299</ele><time>2020-10-28T23:15:23Z</time><extensions><speed>0.000000</speed><course>308.320312</course><hAcc>5.000000</hAcc><vAcc>3.000000</vAcc></extensions></trkpt>
      <trkpt lon="-123.278848" lat="44.562040"><ele>73.870476</ele><time>2020-10-28T23:15:24Z</time><extensions><speed>0.000000</speed><course>308.320312</course><hAcc>5.000000</hAcc><vAcc>3.000000</vAcc></extensions></trkpt>
      <trkpt lon="-123.278848" lat="44.562040"><ele>73.865669</ele><time>2020-10-28T23:15:25Z</time><extensions><speed>0.000000</speed><course>308.320312</course><hAcc>5.000000</hAcc><vAcc>3.000000</vAcc></extensions></trkpt>
      <trkpt lon="-123.278853" lat="44.562053"><ele>73.913551</ele><time>2020-10-28T23:15:26Z</time><extensions><speed>0.610000</speed><course>84.726562</course><hAcc>5.000000</hAcc><vAcc>3.000000</vAcc></extensions></trkpt>
      <trkpt lon="-123.278853" lat="44.562053"><ele>73.871368</ele><time>2020-10-28T23:15:27Z</time><extensions><speed>0.000000</speed><course>83.320312</course><hAcc>5.000000</hAcc><vAcc>3.000000</vAcc></extensions></trkpt>
      <trkpt lon="-123.278853" lat="44.562053"><ele>73.872917</ele><time>2020-10-28T23:15:28Z</time><extensions><speed>0.000000</speed><course>83.320312</course><hAcc>5.000000</hAcc><vAcc>3.000000</vAcc></extensions></trkpt>
      <trkpt lon="-123.278853" lat="44.562053"><ele>73.868851</ele><time>2020-10-28T23:15:29Z</time><extensions><speed>0.000000</speed><course>83.320312</course><hAcc>5.000000</hAcc><vAcc>3.000000</vAcc></extensions></trkpt>
      <trkpt lon="-123.278853" lat="44.562053"><ele>73.863037</ele><time>2020-10-28T23:15:30Z</time><extensions><speed>0.000000</speed><course>83.320312</course><hAcc>5.000000</hAcc><vAcc>3.000000</vAcc></extensions></trkpt>
      <trkpt lon="-123.278853" lat="44.562053"><ele>73.867340</ele><time>2020-10-28T23:15:31Z</time><extensions><speed>0.000000</speed><course>83.320312</course><hAcc>5.000000</hAcc><vAcc>3.000000</vAcc></extensions></trkpt>
      <trkpt lon="-123.278853" lat="44.562053"><ele>73.838013</ele><time>2020-10-28T23:15:32Z</time><extensions><speed>0.000000</speed><course>83.320312</course><hAcc>5.000000</hAcc><vAcc>3.000000</vAcc></extensions></trkpt>
      <trkpt lon="-123.278853" lat="44.562053"><ele>73.809120</ele><time>2020-10-28T23:15:33Z</time><extensions><speed>0.000000</speed><course>83.320312</course><hAcc>5.000000</hAcc><vAcc>3.000000</vAcc></extensions></trkpt>
      <trkpt lon="-123.278853" lat="44.562053"><ele>73.857933</ele><time>2020-10-28T23:15:34Z</time><extensions><speed>0.000000</speed><course>83.320312</course><hAcc>5.000000</hAcc><vAcc>3.000000</vAcc></extensions></trkpt>
      <trkpt lon="-123.278853" lat="44.562053"><ele>73.777206</ele><time>2020-10-28T23:15:35Z</time><extensions><speed>0.000000</speed><course>83.320312</course><hAcc>5.000000</hAcc><vAcc>3.000000</vAcc></extensions></trkpt>
      <trkpt lon="-123.278853" lat="44.562053"><ele>73.721382</ele><time>2020-10-28T23:15:36Z</time><extensions><speed>0.000000</speed><course>83.320312</course><hAcc>5.000000</hAcc><vAcc>3.000000</vAcc></extensions></trkpt>
      <trkpt lon="-123.278853" lat="44.562053"><ele>73.714142</ele><time>2020-10-28T23:15:37Z</time><extensions><speed>0.000000</speed><course>83.320312</course><hAcc>5.000000</hAcc><vAcc>3.000000</vAcc></extensions></trkpt>
      <trkpt lon="-123.278853" lat="44.562053"><ele>73.739670</ele><time>2020-10-28T23:15:38Z</time><extensions><speed>0.000000</speed><course>83.320312</course><hAcc>5.000000</hAcc><vAcc>3.000000</vAcc></extensions></trkpt>
      <trkpt lon="-123.278853" lat="44.562053"><ele>73.786049</ele><time>2020-10-28T23:15:39Z</time><extensions><speed>0.000000</speed><course>83.320312</course><hAcc>5.000000</hAcc><vAcc>3.000000</vAcc></extensions></trkpt>
      <trkpt lon="-123.278853" lat="44.562053"><ele>73.825607</ele><time>2020-10-28T23:15:40Z</time><extensions><speed>0.000000</speed><course>91.406250</course><hAcc>5.000000</hAcc><vAcc>3.000000</vAcc></extensions></trkpt>
      <trkpt lon="-123.278851" lat="44.562053"><ele>73.715195</ele><time>2020-10-28T23:15:41Z</time><extensions><speed>0.370000</speed><course>260.156250</course><hAcc>5.000000</hAcc><vAcc>3.000000</vAcc></extensions></trkpt>
      <trkpt lon="-123.278851" lat="44.562053"><ele>73.774101</ele><time>2020-10-28T23:15:42Z</time><extensions><speed>0.000000</speed><course>261.210938</course><hAcc>5.000000</hAcc><vAcc>4.000000</vAcc></extensions></trkpt>
      <trkpt lon="-123.278851" lat="44.562053"><ele>73.735123</ele><time>2020-10-28T23:15:43Z</time><extensions><speed>0.000000</speed><course>261.210938</course><hAcc>5.000000</hAcc><vAcc>4.000000</vAcc></extensions></trkpt>
      <trkpt lon="-123.278851" lat="44.562053"><ele>73.762917</ele><time>2020-10-28T23:15:44Z</time><extensions><speed>0.000000</speed><course>261.210938</course><hAcc>5.000000</hAcc><vAcc>4.000000</vAcc></extensions></trkpt>
      <trkpt lon="-123.278851" lat="44.562053"><ele>73.721603</ele><time>2020-10-28T23:15:45Z</time><extensions><speed>0.000000</speed><course>261.210938</course><hAcc>5.000000</hAcc><vAcc>4.000000</vAcc></extensions></trkpt>
      <trkpt lon="-123.278851" lat="44.562053"><ele>73.700218</ele><time>2020-10-28T23:15:46Z</time><extensions><speed>0.000000</speed><course>261.210938</course><hAcc>5.000000</hAcc><vAcc>4.000000</vAcc></extensions></trkpt>
      <trkpt lon="-123.278851" lat="44.562053"><ele>73.692024</ele><time>2020-10-28T23:15:47Z</time><extensions><speed>0.000000</speed><course>81.914062</course><hAcc>5.000000</hAcc><vAcc>4.000000</vAcc></extensions></trkpt>
      <trkpt lon="-123.278818" lat="44.562065"><ele>73.653786</ele><time>2020-10-28T23:15:48Z</time><extensions><speed>0.740000</speed><course>77.695312</course><hAcc>5.000000</hAcc><vAcc>4.000000</vAcc></extensions></trkpt>
      <trkpt lon="-123.278799" lat="44.562071"><ele>73.716568</ele><time>2020-10-28T23:15:49Z</time><extensions><speed>1.370000</speed><course>73.125000</course><hAcc>5.000000</hAcc><vAcc>4.000000</vAcc></extensions></trkpt>
      <trkpt lon="-123.278799" lat="44.562071"><ele>73.709106</ele><time>2020-10-28T23:15:50Z</time><extensions><speed>0.000000</speed><course>67.500000</course><hAcc>5.000000</hAcc><vAcc>4.000000</vAcc></extensions></trkpt>
      <trkpt lon="-123.278804" lat="44.562078"><ele>73.707619</ele><time>2020-10-28T23:15:51Z</time><extensions><speed>0.350000</speed><course>317.109375</course><hAcc>5.000000</hAcc><vAcc>4.000000</vAcc></extensions></trkpt>
      <trkpt lon="-123.278804" lat="44.562078"><ele>73.702675</ele><time>2020-10-28T23:15:52Z</time><extensions><speed>0.000000</speed><course>67.500000</course><hAcc>5.000000</hAcc><vAcc>4.000000</vAcc></extensions></trkpt>
      <trkpt lon="-123.278804" lat="44.562078"><ele>73.634697</ele><time>2020-10-28T23:15:53Z</time><extensions><speed>0.000000</speed><course>67.500000</course><hAcc>5.000000</hAcc><vAcc>4.000000</vAcc></extensions></trkpt>
      <trkpt lon="-123.278804" lat="44.562078"><ele>73.657043</ele><time>2020-10-28T23:15:54Z</time><extensions><speed>0.000000</speed><course>67.500000</course><hAcc>5.000000</hAcc><vAcc>4.000000</vAcc></extensions></trkpt>
      <trkpt lon="-123.278804" lat="44.562078"><ele>73.685127</ele><time>2020-10-28T23:15:55Z</time><extensions><speed>0.000000</speed><course>67.500000</course><hAcc>5.000000</hAcc><vAcc>4.000000</vAcc></extensions></trkpt>
      <trkpt lon="-123.278804" lat="44.562078"><ele>73.702713</ele><time>2020-10-28T23:15:56Z</time><extensions><speed>0.000000</speed><course>193.710938</course><hAcc>5.000000</hAcc><vAcc>4.000000</vAcc></extensions></trkpt>
      <trkpt lon="-123.278806" lat="44.562069"><ele>73.768616</ele><time>2020-10-28T23:15:57Z</time><extensions><speed>0.220000</speed><course>158.203125</course><hAcc>5.000000</hAcc><vAcc>4.000000</vAcc></extensions></trkpt>
      <trkpt lon="-123.278805" lat="44.562067"><ele>73.646141</ele><time>2020-10-28T23:15:58Z</time><extensions><speed>0.160000</speed><course>158.203125</course><hAcc>5.000000</hAcc><vAcc>3.000000</vAcc></extensions></trkpt>
      <trkpt lon="-123.278805" lat="44.562067"><ele>73.667923</ele><time>2020-10-28T23:15:59Z</time><extensions><speed>0.000000</speed><course>158.203125</course><hAcc>5.000000</hAcc><vAcc>3.000000</vAcc></extensions></trkpt>
      <trkpt lon="-123.278805" lat="44.562067"><ele>73.738014</ele><time>2020-10-28T23:16:00Z</time><extensions><speed>0.000000</speed><course>158.203125</course><hAcc>5.000000</hAcc><vAcc>3.000000</vAcc></extensions></trkpt>
      <trkpt lon="-123.278805" lat="44.562067"><ele>73.696159</ele><time>2020-10-28T23:16:01Z</time><extensions><speed>0.000000</speed><course>88.945312</course><hAcc>5.000000</hAcc><vAcc>3.000000</vAcc></extensions></trkpt>
      <trkpt lon="-123.278794" lat="44.562066"><ele>73.711411</ele><time>2020-10-28T23:16:02Z</time><extensions><speed>0.770000</speed><course>78.750000</course><hAcc>5.000000</hAcc><vAcc>3.000000</vAcc></extensions></trkpt>
      <trkpt lon="-123.278789" lat="44.562068"><ele>73.747887</ele><time>2020-10-28T23:16:03Z</time><extensions><speed>0.790000</speed><course>70.312500</course><hAcc>5.000000</hAcc><vAcc>3.000000</vAcc></extensions></trkpt>
      <trkpt lon="-123.278789" lat="44.562067"><ele>73.712372</ele><time>2020-10-28T23:16:04Z</time><extensions><speed>0.770000</speed><course>73.125000</course><hAcc>5.000000</hAcc><vAcc>3.000000</vAcc></extensions></trkpt>
      <trkpt lon="-123.278789" lat="44.562067"><ele>73.677628</ele><time>2020-10-28T23:16:05Z</time><extensions><speed>0.000000</speed><course>78.750000</course><hAcc>5.000000</hAcc><vAcc>3.000000</vAcc></extensions></trkpt>
      <trkpt lon="-123.278789" lat="44.562067"><ele>73.720299</ele><time>2020-10-28T23:16:06Z</time><extensions><speed>0.000000</speed><course>78.750000</course><hAcc>5.000000</hAcc><vAcc>4.000000</vAcc></extensions></trkpt>
      <trkpt lon="-123.278789" lat="44.562067"><ele>73.661407</ele><time>2020-10-28T23:16:07Z</time><extensions><speed>0.000000</speed><course>78.750000</course><hAcc>5.000000</hAcc><vAcc>4.000000</vAcc></extensions></trkpt>
      <trkpt lon="-123.278806" lat="44.562058"><ele>73.670013</ele><time>2020-10-28T23:16:08Z</time><extensions><speed>0.230000</speed><course>82.617188</course><hAcc>5.000000</hAcc><vAcc>4.000000</vAcc></extensions></trkpt>
      <trkpt lon="-123.278806" lat="44.562058"><ele>73.626907</ele><time>2020-10-28T23:16:09Z</time><extensions><speed>0.000000</speed><course>86.132812</course><hAcc>5.000000</hAcc><vAcc>4.000000</vAcc></extensions></trkpt>
      <trkpt lon="-123.278806" lat="44.562058"><ele>73.637070</ele><time>2020-10-28T23:16:10Z</time><extensions><speed>0.000000</speed><course>86.132812</course><hAcc>5.000000</hAcc><vAcc>4.000000</vAcc></extensions></trkpt>
      <trkpt lon="-123.278806" lat="44.562058"><ele>73.682236</ele><time>2020-10-28T23:16:11Z</time><extensions><speed>0.000000</speed><course>86.132812</course><hAcc>5.000000</hAcc><vAcc>4.000000</vAcc></extensions></trkpt>
      <trkpt lon="-123.278806" lat="44.562058"><ele>73.640213</ele><time>2020-10-28T23:16:12Z</time><extensions><speed>0.000000</speed><course>86.132812</course><hAcc>5.000000</hAcc><vAcc>4.000000</vAcc></extensions></trkpt>
      <trkpt lon="-123.278806" lat="44.562058"><ele>73.649734</ele><time>2020-10-28T23:16:13Z</time><extensions><speed>0.000000</speed><course>86.132812</course><hAcc>5.000000</hAcc><vAcc>4.000000</vAcc></extensions></trkpt>
      <trkpt lon="-123.278806" lat="44.562058"><ele>73.694557</ele><time>2020-10-28T23:16:14Z</time><extensions><speed>0.000000</speed><course>86.132812</course><hAcc>5.000000</hAcc><vAcc>4.000000</vAcc></extensions></trkpt>
      <trkpt lon="-123.278806" lat="44.562058"><ele>73.707672</ele><time>2020-10-28T23:16:15Z</time><extensions><speed>0.000000</speed><course>86.132812</course><hAcc>5.000000</hAcc><vAcc>4.000000</vAcc></extensions></trkpt>
      <trkpt lon="-123.278806" lat="44.562058"><ele>73.636986</ele><time>2020-10-28T23:16:16Z</time><extensions><speed>0.000000</speed><course>86.132812</course><hAcc>5.000000</hAcc><vAcc>4.000000</vAcc></extensions></trkpt>
      <trkpt lon="-123.278806" lat="44.562058"><ele>73.661835</ele><time>2020-10-28T23:16:17Z</time><extensions><speed>0.000000</speed><course>86.132812</course><hAcc>5.000000</hAcc><vAcc>4.000000</vAcc></extensions></trkpt>
      <trkpt lon="-123.278806" lat="44.562058"><ele>73.689171</ele><time>2020-10-28T23:16:18Z</time><extensions><speed>0.000000</speed><course>86.132812</course><hAcc>5.000000</hAcc><vAcc>4.000000</vAcc></extensions></trkpt>
      <trkpt lon="-123.278815" lat="44.562051"><ele>73.618942</ele><time>2020-10-28T23:16:19Z</time><extensions><speed>0.220000</speed><course>95.976562</course><hAcc>5.000000</hAcc><vAcc>3.000000</vAcc></extensions></trkpt>
      <trkpt lon="-123.278818" lat="44.562049"><ele>73.736183</ele><time>2020-10-28T23:16:20Z</time><extensions><speed>0.160000</speed><course>95.976562</course><hAcc>5.000000</hAcc><vAcc>3.000000</vAcc></extensions></trkpt>
      <trkpt lon="-123.278816" lat="44.562045"><ele>73.856850</ele><time>2020-10-28T23:16:21Z</time><extensions><speed>0.350000</speed><course>93.515625</course><hAcc>5.000000</hAcc><vAcc>3.000000</vAcc></extensions></trkpt>
      <trkpt lon="-123.278817" lat="44.562042"><ele>73.829552</ele><time>2020-10-28T23:16:22Z</time><extensions><speed>0.300000</speed><course>215.507812</course><hAcc>5.000000</hAcc><vAcc>3.000000</vAcc></extensions></trkpt>
      <trkpt lon="-123.278817" lat="44.562042"><ele>73.811607</ele><time>2020-10-28T23:16:23Z</time><extensions><speed>0.000000</speed><course>244.687500</course><hAcc>5.000000</hAcc><vAcc>3.000000</vAcc></extensions></trkpt>
      <trkpt lon="-123.278817" lat="44.562042"><ele>73.888718</ele><time>2020-10-28T23:16:24Z</time><extensions><speed>0.000000</speed><course>244.687500</course><hAcc>5.000000</hAcc><vAcc>3.000000</vAcc></extensions></trkpt>
      <trkpt lon="-123.278817" lat="44.562042"><ele>73.872574</ele><time>2020-10-28T23:16:25Z</time><extensions><speed>0.000000</speed><course>244.687500</course><hAcc>5.000000</hAcc><vAcc>4.000000</vAcc></extensions></trkpt>
      <trkpt lon="-123.278817" lat="44.562042"><ele>73.913437</ele><time>2020-10-28T23:16:26Z</time><extensions><speed>0.000000</speed><course>244.687500</course><hAcc>5.000000</hAcc><vAcc>4.000000</vAcc></extensions></trkpt>
      <trkpt lon="-123.278817" lat="44.562042"><ele>73.953423</ele><time>2020-10-28T23:16:27Z</time><extensions><speed>0.000000</speed><course>244.687500</course><hAcc>5.000000</hAcc><vAcc>4.000000</vAcc></extensions></trkpt>
      <trkpt lon="-123.278817" lat="44.562042"><ele>73.890999</ele><time>2020-10-28T23:16:28Z</time><extensions><speed>0.000000</speed><course>244.687500</course><hAcc>5.000000</hAcc><vAcc>4.000000</vAcc></extensions></trkpt>
      <trkpt lon="-123.278817" lat="44.562042"><ele>73.975166</ele><time>2020-10-28T23:16:29Z</time><extensions><speed>0.000000</speed><course>244.687500</course><hAcc>5.000000</hAcc><vAcc>4.000000</vAcc></extensions></trkpt>
      <trkpt lon="-123.278817" lat="44.562042"><ele>73.965683</ele><time>2020-10-28T23:16:30Z</time><extensions><speed>0.000000</speed><course>244.687500</course><hAcc>5.000000</hAcc><vAcc>4.000000</vAcc></extensions></trkpt>
      <trkpt lon="-123.278817" lat="44.562042"><ele>73.947983</ele><time>2020-10-28T23:16:31Z</time><extensions><speed>0.000000</speed><course>244.687500</course><hAcc>5.000000</hAcc><vAcc>4.000000</vAcc></extensions></trkpt>
      <trkpt lon="-123.278817" lat="44.562042"><ele>73.918961</ele><time>2020-10-28T23:16:32Z</time><extensions><speed>0.000000</speed><course>92.812500</course><hAcc>5.000000</hAcc><vAcc>4.000000</vAcc></extensions></trkpt>
      <trkpt lon="-123.278824" lat="44.562024"><ele>73.894585</ele><time>2020-10-28T23:16:33Z</time><extensions><speed>0.490000</speed><course>92.812500</course><hAcc>5.000000</hAcc><vAcc>4.000000</vAcc></extensions></trkpt>
      <trkpt lon="-123.278825" lat="44.562023"><ele>73.837997</ele><time>2020-10-28T23:16:34Z</time><extensions><speed>0.490000</speed><course>92.812500</course><hAcc>5.000000</hAcc><vAcc>4.000000</vAcc></extensions></trkpt>
      <trkpt lon="-123.278824" lat="44.562020"><ele>73.831314</ele><time>2020-10-28T23:16:35Z</time><extensions><speed>0.470000</speed><course>95.625000</course><hAcc>5.000000</hAcc><vAcc>4.000000</vAcc></extensions></trkpt>
      <trkpt lon="-123.278822" lat="44.562018"><ele>73.831802</ele><time>2020-10-28T23:16:36Z</time><extensions><speed>0.330000</speed><course>104.765625</course><hAcc>5.000000</hAcc><vAcc>4.000000</vAcc></extensions></trkpt>
      <trkpt lon="-123.278818" lat="44.562008"><ele>73.832657</ele><time>2020-10-28T23:16:37Z</time><extensions><speed>0.820000</speed><course>130.429688</course><hAcc>5.000000</hAcc><vAcc>4.000000</vAcc></extensions></trkpt>
      <trkpt lon="-123.278818" lat="44.562004"><ele>73.889679</ele><time>2020-10-28T23:16:38Z</time><extensions><speed>0.820000</speed><course>111.796875</course><hAcc>5.000000</hAcc><vAcc>4.000000</vAcc></extensions></trkpt>
      <trkpt lon="-123.278818" lat="44.562004"><ele>73.785423</ele><time>2020-10-28T23:16:39Z</time><extensions><speed>0.000000</speed><course>85.781250</course><hAcc>5.000000</hAcc><vAcc>4.000000</vAcc></extensions></trkpt>
      <trkpt lon="-123.278818" lat="44.562004"><ele>73.739662</ele><time>2020-10-28T23:16:40Z</time><extensions><speed>0.000000</speed><course>85.781250</course><hAcc>5.000000</hAcc><vAcc>4.000000</vAcc></extensions></trkpt>
      <trkpt lon="-123.278818" lat="44.562004"><ele>73.829071</ele><time>2020-10-28T23:16:41Z</time><extensions><speed>0.000000</speed><course>85.781250</course><hAcc>5.000000</hAcc><vAcc>4.000000</vAcc></extensions></trkpt>
      <trkpt lon="-123.278833" lat="44.561996"><ele>73.889114</ele><time>2020-10-28T23:16:42Z</time><extensions><speed>0.260000</speed><course>261.210938</course><hAcc>5.000000</hAcc><vAcc>4.000000</vAcc></extensions></trkpt>
      <trkpt lon="-123.278838" lat="44.561989"><ele>73.802605</ele><time>2020-10-28T23:16:43Z</time><extensions><speed>0.260000</speed><course>139.921875</course><hAcc>5.000000</hAcc><vAcc>4.000000</vAcc></extensions></trkpt>
      <trkpt lon="-123.278838" lat="44.561989"><ele>73.881905</ele><time>2020-10-28T23:16:44Z</time><extensions><speed>0.000000</speed><course>126.562500</course><hAcc>10.000000</hAcc><vAcc>4.000000</vAcc></extensions></trkpt>
      <trkpt lon="-123.278838" lat="44.561989"><ele>73.851112</ele><time>2020-10-28T23:16:45Z</time><extensions><speed>0.000000</speed><course>126.562500</course><hAcc>10.000000</hAcc><vAcc>4.000000</vAcc></extensions></trkpt>
      <trkpt lon="-123.278838" lat="44.561989"><ele>73.905106</ele><time>2020-10-28T23:16:46Z</time><extensions><speed>0.000000</speed><course>126.562500</course><hAcc>10.000000</hAcc><vAcc>4.000000</vAcc></extensions></trkpt>
      <trkpt lon="-123.278849" lat="44.561979"><ele>73.994102</ele><time>2020-10-28T23:16:47Z</time><extensions><speed>0.240000</speed><course>195.117188</course><hAcc>10.000000</hAcc><vAcc>4.000000</vAcc></extensions></trkpt>
      <trkpt lon="-123.278856" lat="44.561993"><ele>73.965149</ele><time>2020-10-28T23:16:48Z</time><extensions><speed>0.240000</speed><course>48.867188</course><hAcc>10.000000</hAcc><vAcc>4.000000</vAcc></extensions></trkpt>
      <trkpt lon="-123.278857" lat="44.562011"><ele>73.924904</ele><time>2020-10-28T23:16:49Z</time><extensions><speed>0.440000</speed><course>47.460938</course><hAcc>10.000000</hAcc><vAcc>4.000000</vAcc></extensions></trkpt>
      <trkpt lon="-123.278865" lat="44.562030"><ele>73.964180</ele><time>2020-10-28T23:16:50Z</time><extensions><speed>0.440000</speed><course>47.460938</course><hAcc>5.000000</hAcc><vAcc>4.000000</vAcc></extensions></trkpt>
      <trkpt lon="-123.278864" lat="44.562037"><ele>73.855965</ele><time>2020-10-28T23:16:51Z</time><extensions><speed>0.350000</speed><course>61.171875</course><hAcc>5.000000</hAcc><vAcc>4.000000</vAcc></extensions></trkpt>
      <trkpt lon="-123.278864" lat="44.562037"><ele>73.850197</ele><time>2020-10-28T23:16:52Z</time><extensions><speed>0.000000</speed><course>74.882812</course><hAcc>5.000000</hAcc><vAcc>4.000000</vAcc></extensions></trkpt>
      <trkpt lon="-123.278864" lat="44.562037"><ele>73.893196</ele><time>2020-10-28T23:16:53Z</time><extensions><speed>0.000000</speed><course>74.882812</course><hAcc>5.000000</hAcc><vAcc>4.000000</vAcc></extensions></trkpt>
      <trkpt lon="-123.278864" lat="44.562037"><ele>73.956169</ele><time>2020-10-28T23:16:54Z</time><extensions><speed>0.000000</speed><course>74.882812</course><hAcc>5.000000</hAcc><vAcc>4.000000</vAcc></extensions></trkpt>
      <trkpt lon="-123.278864" lat="44.562037"><ele>73.887764</ele><time>2020-10-28T23:16:55Z</time><extensions><speed>0.000000</speed><course>74.882812</course><hAcc>5.000000</hAcc><vAcc>4.000000</vAcc></extensions></trkpt>
      <trkpt lon="-123.278856" lat="44.562043"><ele>73.956894</ele><time>2020-10-28T23:16:56Z</time><extensions><speed>0.200000</speed><course>82.265625</course><hAcc>5.000000</hAcc><vAcc>4.000000</vAcc></extensions></trkpt>
      <trkpt lon="-123.278856" lat="44.562043"><ele>73.984604</ele><time>2020-10-28T23:16:57Z</time><extensions><speed>0.000000</speed><course>88.593750</course><hAcc>5.000000</hAcc><vAcc>4.000000</vAcc></extensions></trkpt>
      <trkpt lon="-123.278856" lat="44.562043"><ele>73.883980</ele><time>2020-10-28T23:16:58Z</time><extensions><speed>0.000000</speed><course>88.593750</course><hAcc>5.000000</hAcc><vAcc>4.000000</vAcc></extensions></trkpt>
      <trkpt lon="-123.278856" lat="44.562043"><ele>73.922676</ele><time>2020-10-28T23:16:59Z</time><extensions><speed>0.000000</speed><course>88.593750</course><hAcc>5.000000</hAcc><vAcc>4.000000</vAcc></extensions></trkpt>
      <trkpt lon="-123.278856" lat="44.562043"><ele>73.905647</ele><time>2020-10-28T23:17:00Z</time><extensions><speed>0.000000</speed><course>88.593750</course><hAcc>5.000000</hAcc><vAcc>4.000000</vAcc></extensions></trkpt>
      <trkpt lon="-123.278856" lat="44.562043"><ele>73.867935</ele><time>2020-10-28T23:17:01Z</time><extensions><speed>0.000000</speed><course>88.593750</course><hAcc>5.000000</hAcc><vAcc>4.000000</vAcc></extensions></trkpt>
      <trkpt lon="-123.278856" lat="44.562043"><ele>73.838997</ele><time>2020-10-28T23:17:02Z</time><extensions><speed>0.000000</speed><course>88.593750</course><hAcc>5.000000</hAcc><vAcc>4.000000</vAcc></extensions></trkpt>
      <trkpt lon="-123.278856" lat="44.562043"><ele>73.809097</ele><time>2020-10-28T23:17:03Z</time><extensions><speed>0.000000</speed><course>88.593750</course><hAcc>5.000000</hAcc><vAcc>4.000000</vAcc></extensions></trkpt>
      <trkpt lon="-123.278856" lat="44.562043"><ele>73.774529</ele><time>2020-10-28T23:17:04Z</time><extensions><speed>0.000000</speed><course>88.593750</course><hAcc>5.000000</hAcc><vAcc>4.000000</vAcc></extensions></trkpt>
      <trkpt lon="-123.278856" lat="44.562043"><ele>73.753212</ele><time>2020-10-28T23:17:05Z</time><extensions><speed>0.000000</speed><course>88.593750</course><hAcc>5.000000</hAcc><vAcc>4.000000</vAcc></extensions></trkpt>
      <trkpt lon="-123.278856" lat="44.562043"><ele>73.720940</ele><time>2020-10-28T23:17:06Z</time><extensions><speed>0.000000</speed><course>88.593750</course><hAcc>5.000000</hAcc><vAcc>4.000000</vAcc></extensions></trkpt>
      <trkpt lon="-123.278856" lat="44.562043"><ele>73.698181</ele><time>2020-10-28T23:17:07Z</time><extensions><speed>0.000000</speed><course>88.593750</course><hAcc>5.000000</hAcc><vAcc>4.000000</vAcc></extensions></trkpt>
      <trkpt lon="-123.278856" lat="44.562043"><ele>73.711517</ele><time>2020-10-28T23:17:08Z</time><extensions><speed>0.000000</speed><course>54.843750</course><hAcc>5.000000</hAcc><vAcc>4.000000</vAcc></extensions></trkpt>
      <trkpt lon="-123.278834" lat="44.562038"><ele>73.700653</ele><time>2020-10-28T23:17:09Z</time><extensions><speed>0.420000</speed><course>48.867188</course><hAcc>5.000000</hAcc><vAcc>4.000000</vAcc></extensions></trkpt>
      <trkpt lon="-123.278826" lat="44.562031"><ele>73.688538</ele><time>2020-10-28T23:17:10Z</time><extensions><speed>0.310000</speed><course>48.867188</course><hAcc>5.000000</hAcc><vAcc>4.000000</vAcc></extensions></trkpt>
      <trkpt lon="-123.278825" lat="44.562029"><ele>73.604034</ele><time>2020-10-28T23:17:11Z</time><extensions><speed>0.210000</speed><course>48.867188</course><hAcc>5.000000</hAcc><vAcc>4.000000</vAcc></extensions></trkpt>
      <trkpt lon="-123.278825" lat="44.562029"><ele>73.688690</ele><time>2020-10-28T23:17:12Z</time><extensions><speed>0.000000</speed><course>48.867188</course><hAcc>5.000000</hAcc><vAcc>4.000000</vAcc></extensions></trkpt>
      <trkpt lon="-123.278825" lat="44.562029"><ele>73.598473</ele><time>2020-10-28T23:17:13Z</time><extensions><speed>0.000000</speed><course>48.867188</course><hAcc>5.000000</hAcc><vAcc>4.000000</vAcc></extensions></trkpt>
      <trkpt lon="-123.278825" lat="44.562029"><ele>73.573593</ele><time>2020-10-28T23:17:14Z</time><extensions><speed>0.000000</speed><course>48.867188</course><hAcc>5.000000</hAcc><vAcc>4.000000</vAcc></extensions></trkpt>
      <trkpt lon="-123.278825" lat="44.562029"><ele>73.555115</ele><time>2020-10-28T23:17:15Z</time><extensions><speed>0.000000</speed><course>48.867188</course><hAcc>5.000000</hAcc><vAcc>4.000000</vAcc></extensions></trkpt>
      <trkpt lon="-123.278825" lat="44.562029"><ele>73.550705</ele><time>2020-10-28T23:17:16Z</time><extensions><speed>0.000000</speed><course>48.867188</course><hAcc>5.000000</hAcc><vAcc>3.000000</vAcc></extensions></trkpt>
      <trkpt lon="-123.278825" lat="44.562029"><ele>73.521187</ele><time>2020-10-28T23:17:17Z</time><extensions><speed>0.000000</speed><course>48.867188</course><hAcc>5.000000</hAcc><vAcc>3.000000</vAcc></extensions></trkpt>
      <trkpt lon="-123.278823" lat="44.562027"><ele>73.549263</ele><time>2020-10-28T23:17:18Z</time><extensions><speed>0.270000</speed><course>56.601562</course><hAcc>5.000000</hAcc><vAcc>3.000000</vAcc></extensions></trkpt>
      <trkpt lon="-123.278822" lat="44.562026"><ele>73.477005</ele><time>2020-10-28T23:17:19Z</time><extensions><speed>0.270000</speed><course>78.046875</course><hAcc>5.000000</hAcc><vAcc>4.000000</vAcc></extensions></trkpt>
      <trkpt lon="-123.278822" lat="44.562026"><ele>73.442131</ele><time>2020-10-28T23:17:20Z</time><extensions><speed>0.000000</speed><course>75.937500</course><hAcc>5.000000</hAcc><vAcc>3.000000</vAcc></extensions></trkpt>
      <trkpt lon="-123.278822" lat="44.562026"><ele>73.381226</ele><time>2020-10-28T23:17:21Z</time><extensions><speed>0.000000</speed><course>75.937500</course><hAcc>5.000000</hAcc><vAcc>4.000000</vAcc></extensions></trkpt>
      <trkpt lon="-123.278822" lat="44.562026"><ele>73.317680</ele><time>2020-10-28T23:17:22Z</time><extensions><speed>0.000000</speed><course>75.937500</course><hAcc>5.000000</hAcc><vAcc>4.000000</vAcc></extensions></trkpt>
      <trkpt lon="-123.278822" lat="44.562022"><ele>73.321701</ele><time>2020-10-28T23:17:23Z</time><extensions><speed>0.500000</speed><course>78.398438</course><hAcc>5.000000</hAcc><vAcc>4.000000</vAcc></extensions></trkpt>
      <trkpt lon="-123.278813" lat="44.562022"><ele>73.330269</ele><time>2020-10-28T23:17:24Z</time><extensions><speed>0.900000</speed><course>82.265625</course><hAcc>5.000000</hAcc><vAcc>4.000000</vAcc></extensions></trkpt>
      <trkpt lon="-123.278807" lat="44.562023"><ele>73.328705</ele><time>2020-10-28T23:17:25Z</time><extensions><speed>0.500000</speed><course>73.125000</course><hAcc>5.000000</hAcc><vAcc>4.000000</vAcc></extensions></trkpt>
      <trkpt lon="-123.278807" lat="44.562023"><ele>73.253403</ele><time>2020-10-28T23:17:26Z</time><extensions><speed>0.000000</speed><course>58.710938</course><hAcc>5.000000</hAcc><vAcc>4.000000</vAcc></extensions></trkpt>
      <trkpt lon="-123.278807" lat="44.562023"><ele>73.200310</ele><time>2020-10-28T23:17:27Z</time><extensions><speed>0.000000</speed><course>58.710938</course><hAcc>5.000000</hAcc><vAcc>4.000000</vAcc></extensions></trkpt>
      <trkpt lon="-123.278807" lat="44.562023"><ele>73.288116</ele><time>2020-10-28T23:17:28Z</time><extensions><speed>0.000000</speed><course>58.710938</course><hAcc>5.000000</hAcc><vAcc>4.000000</vAcc></extensions></trkpt>
      <trkpt lon="-123.278807" lat="44.562023"><ele>73.240601</ele><time>2020-10-28T23:17:29Z</time><extensions><speed>0.000000</speed><course>58.710938</course><hAcc>5.000000</hAcc><vAcc>4.000000</vAcc></extensions></trkpt>
      <trkpt lon="-123.278807" lat="44.562023"><ele>73.217178</ele><time>2020-10-28T23:17:30Z</time><extensions><speed>0.000000</speed><course>58.710938</course><hAcc>5.000000</hAcc><vAcc>4.000000</vAcc></extensions></trkpt>
      <trkpt lon="-123.278807" lat="44.562023"><ele>73.141090</ele><time>2020-10-28T23:17:31Z</time><extensions><speed>0.000000</speed><course>58.710938</course><hAcc>5.000000</hAcc><vAcc>4.000000</vAcc></extensions></trkpt>
      <trkpt lon="-123.278805" lat="44.562020"><ele>73.053146</ele><time>2020-10-28T23:17:32Z</time><extensions><speed>0.520000</speed><course>79.101562</course><hAcc>5.000000</hAcc><vAcc>4.000000</vAcc></extensions></trkpt>
      <trkpt lon="-123.278800" lat="44.562021"><ele>73.124374</ele><time>2020-10-28T23:17:33Z</time><extensions><speed>0.520000</speed><course>78.750000</course><hAcc>5.000000</hAcc><vAcc>4.000000</vAcc></extensions></trkpt>
      <trkpt lon="-123.278804" lat="44.562021"><ele>73.034256</ele><time>2020-10-28T23:17:34Z</time><extensions><speed>0.520000</speed><course>78.750000</course><hAcc>5.000000</hAcc><vAcc>4.000000</vAcc></extensions></trkpt>
      <trkpt lon="-123.278806" lat="44.562020"><ele>73.037033</ele><time>2020-10-28T23:17:35Z</time><extensions><speed>0.490000</speed><course>78.750000</course><hAcc>5.000000</hAcc><vAcc>4.000000</vAcc></extensions></trkpt>
      <trkpt lon="-123.278806" lat="44.562020"><ele>73.092438</ele><time>2020-10-28T23:17:36Z</time><extensions><speed>0.000000</speed><course>78.750000</course><hAcc>5.000000</hAcc><vAcc>4.000000</vAcc></extensions></trkpt>
      <trkpt lon="-123.278806" lat="44.562020"><ele>73.017410</ele><time>2020-10-28T23:17:37Z</time><extensions><speed>0.000000</speed><course>78.750000</course><hAcc>5.000000</hAcc><vAcc>4.000000</vAcc></extensions></trkpt>
      <trkpt lon="-123.278806" lat="44.562020"><ele>73.072220</ele><time>2020-10-28T23:17:38Z</time><extensions><speed>0.000000</speed><course>77.343750</course><hAcc>5.000000</hAcc><vAcc>4.000000</vAcc></extensions></trkpt>
      <trkpt lon="-123.278806" lat="44.562020"><ele>73.012131</ele><time>2020-10-28T23:17:39Z</time><extensions><speed>0.000000</speed><course>83.671875</course><hAcc>5.000000</hAcc><vAcc>4.000000</vAcc></extensions></trkpt>
      <trkpt lon="-123.278806" lat="44.562020"><ele>72.995186</ele><time>2020-10-28T23:17:40Z</time><extensions><speed>0.000000</speed><course>84.023438</course><hAcc>5.000000</hAcc><vAcc>4.000000</vAcc></extensions></trkpt>
      <trkpt lon="-123.278806" lat="44.562020"><ele>72.985588</ele><time>2020-10-28T23:17:41Z</time><extensions><speed>0.000000</speed><course>84.023438</course><hAcc>5.000000</hAcc><vAcc>4.000000</vAcc></extensions></trkpt>
      <trkpt lon="-123.278806" lat="44.562020"><ele>72.998283</ele><time>2020-10-28T23:17:42Z</time><extensions><speed>0.000000</speed><course>84.023438</course><hAcc>5.000000</hAcc><vAcc>4.000000</vAcc></extensions></trkpt>
      <trkpt lon="-123.278806" lat="44.562020"><ele>73.035088</ele><time>2020-10-28T23:17:43Z</time><extensions><speed>0.000000</speed><course>84.023438</course><hAcc>5.000000</hAcc><vAcc>4.000000</vAcc></extensions></trkpt>
      <trkpt lon="-123.278806" lat="44.562020"><ele>73.037659</ele><time>2020-10-28T23:17:44Z</time><extensions><speed>0.000000</speed><course>84.023438</course><hAcc>5.000000</hAcc><vAcc>4.000000</vAcc></extensions></trkpt>
      <trkpt lon="-123.278810" lat="44.562016"><ele>73.025162</ele><time>2020-10-28T23:17:45Z</time><extensions><speed>0.180000</speed><course>69.257812</course><hAcc>5.000000</hAcc><vAcc>4.000000</vAcc></extensions></trkpt>
      <trkpt lon="-123.278810" lat="44.562016"><ele>72.912239</ele><time>2020-10-28T23:17:46Z</time><extensions><speed>0.000000</speed><course>48.867188</course><hAcc>5.000000</hAcc><vAcc>4.000000</vAcc></extensions></trkpt>
      <trkpt lon="-123.278810" lat="44.562016"><ele>72.942497</ele><time>2020-10-28T23:17:47Z</time><extensions><speed>0.000000</speed><course>48.867188</course><hAcc>5.000000</hAcc><vAcc>4.000000</vAcc></extensions></trkpt>
      <trkpt lon="-123.278810" lat="44.562016"><ele>72.956535</ele><time>2020-10-28T23:17:48Z</time><extensions><speed>0.000000</speed><course>48.867188</course><hAcc>5.000000</hAcc><vAcc>3.000000</vAcc></extensions></trkpt>
      <trkpt lon="-123.278810" lat="44.562016"><ele>72.906975</ele><time>2020-10-28T23:17:49Z</time><extensions><speed>0.000000</speed><course>230.273438</course><hAcc>5.000000</hAcc><vAcc>3.000000</vAcc></extensions></trkpt>
      <trkpt lon="-123.278829" lat="44.561993"><ele>72.955879</ele><time>2020-10-28T23:17:50Z</time><extensions><speed>0.760000</speed><course>228.164062</course><hAcc>5.000000</hAcc><vAcc>3.000000</vAcc></extensions></trkpt>
      <trkpt lon="-123.278826" lat="44.561988"><ele>72.928024</ele><time>2020-10-28T23:17:51Z</time><extensions><speed>0.760000</speed><course>228.164062</course><hAcc>5.000000</hAcc><vAcc>3.000000</vAcc></extensions></trkpt>
      <trkpt lon="-123.278818" lat="44.561981"><ele>73.051765</ele><time>2020-10-28T23:17:52Z</time><extensions><speed>0.570000</speed><course>228.164062</course><hAcc>5.000000</hAcc><vAcc>3.000000</vAcc></extensions></trkpt>
      <trkpt lon="-123.278815" lat="44.561976"><ele>73.045059</ele><time>2020-10-28T23:17:53Z</time><extensions><speed>0.380000</speed><course>213.398438</course><hAcc>5.000000</hAcc><vAcc>3.000000</vAcc></extensions></trkpt>
      <trkpt lon="-123.278815" lat="44.561976"><ele>73.062355</ele><time>2020-10-28T23:17:54Z</time><extensions><speed>0.000000</speed><course>50.273438</course><hAcc>5.000000</hAcc><vAcc>3.000000</vAcc></extensions></trkpt>
      <trkpt lon="-123.278815" lat="44.561976"><ele>73.075966</ele><time>2020-10-28T23:17:55Z</time><extensions><speed>0.000000</speed><course>50.273438</course><hAcc>5.000000</hAcc><vAcc>3.000000</vAcc></extensions></trkpt>
      <trkpt lon="-123.278815" lat="44.561976"><ele>73.079559</ele><time>2020-10-28T23:17:56Z</time><extensions><speed>0.000000</speed><course>50.273438</course><hAcc>5.000000</hAcc><vAcc>3.000000</vAcc></extensions></trkpt>
      <trkpt lon="-123.278815" lat="44.561976"><ele>73.085091</ele><time>2020-10-28T23:17:57Z</time><extensions><speed>0.000000</speed><course>72.070312</course><hAcc>5.000000</hAcc><vAcc>3.000000</vAcc></extensions></trkpt>
      <trkpt lon="-123.278815" lat="44.561976"><ele>73.091843</ele><time>2020-10-28T23:17:58Z</time><extensions><speed>0.000000</speed><course>78.750000</course><hAcc>5.000000</hAcc><vAcc>3.000000</vAcc></extensions></trkpt>
      <trkpt lon="-123.278815" lat="44.561976"><ele>73.096130</ele><time>2020-10-28T23:17:59Z</time><extensions><speed>0.000000</speed><course>78.750000</course><hAcc>5.000000</hAcc><vAcc>3.000000</vAcc></extensions></trkpt>
      <trkpt lon="-123.278815" lat="44.561976"><ele>73.093262</ele><time>2020-10-28T23:18:00Z</time><extensions><speed>0.000000</speed><course>78.750000</course><hAcc>5.000000</hAcc><vAcc>4.000000</vAcc></extensions></trkpt>
      <trkpt lon="-123.278815" lat="44.561976"><ele>73.119453</ele><time>2020-10-28T23:18:01Z</time><extensions><speed>0.000000</speed><course>78.750000</course><hAcc>5.000000</hAcc><vAcc>4.000000</vAcc></extensions></trkpt>
      <trkpt lon="-123.278815" lat="44.561976"><ele>73.113998</ele><time>2020-10-28T23:18:02Z</time><extensions><speed>0.000000</speed><course>78.750000</course><hAcc>5.000000</hAcc><vAcc>4.000000</vAcc></extensions></trkpt>
      <trkpt lon="-123.278815" lat="44.561976"><ele>73.081131</ele><time>2020-10-28T23:18:03Z</time><extensions><speed>0.000000</speed><course>78.750000</course><hAcc>5.000000</hAcc><vAcc>4.000000</vAcc></extensions></trkpt>
      <trkpt lon="-123.278815" lat="44.561976"><ele>73.114815</ele><time>2020-10-28T23:18:04Z</time><extensions><speed>0.000000</speed><course>78.750000</course><hAcc>5.000000</hAcc><vAcc>4.000000</vAcc></extensions></trkpt>
      <trkpt lon="-123.278811" lat="44.561967"><ele>73.105400</ele><time>2020-10-28T23:18:05Z</time><extensions><speed>0.240000</speed><course>87.187500</course><hAcc>5.000000</hAcc><vAcc>4.000000</vAcc></extensions></trkpt>
      <trkpt lon="-123.278810" lat="44.561964"><ele>73.086617</ele><time>2020-10-28T23:18:06Z</time><extensions><speed>0.240000</speed><course>91.757812</course><hAcc>5.000000</hAcc><vAcc>4.000000</vAcc></extensions></trkpt>
      <trkpt lon="-123.278810" lat="44.561964"><ele>73.087128</ele><time>2020-10-28T23:18:07Z</time><extensions><speed>0.000000</speed><course>88.242188</course><hAcc>5.000000</hAcc><vAcc>4.000000</vAcc></extensions></trkpt>
      <trkpt lon="-123.278810" lat="44.561964"><ele>73.071983</ele><time>2020-10-28T23:18:08Z</time><extensions><speed>0.000000</speed><course>88.242188</course><hAcc>5.000000</hAcc><vAcc>4.000000</vAcc></extensions></trkpt>
      <trkpt lon="-123.278810" lat="44.561964"><ele>73.082588</ele><time>2020-10-28T23:18:09Z</time><extensions><speed>0.000000</speed><course>88.242188</course><hAcc>5.000000</hAcc><vAcc>4.000000</vAcc></extensions></trkpt>
      <trkpt lon="-123.278810" lat="44.561964"><ele>73.087029</ele><time>2020-10-28T23:18:10Z</time><extensions><speed>0.000000</speed><course>88.242188</course><hAcc>5.000000</hAcc><vAcc>4.000000</vAcc></extensions></trkpt>
      <trkpt lon="-123.278810" lat="44.561964"><ele>73.160156</ele><time>2020-10-28T23:18:11Z</time><extensions><speed>0.000000</speed><course>90.000000</course><hAcc>5.000000</hAcc><vAcc>4.000000</vAcc></extensions></trkpt>
      <trkpt lon="-123.278810" lat="44.561964"><ele>73.144852</ele><time>2020-10-28T23:18:12Z</time><extensions><speed>0.000000</speed><course>90.000000</course><hAcc>5.000000</hAcc><vAcc>4.000000</vAcc></extensions></trkpt>
      <trkpt lon="-123.278810" lat="44.561964"><ele>73.161072</ele><time>2020-10-28T23:18:13Z</time><extensions><speed>0.000000</speed><course>248.203125</course><hAcc>5.000000</hAcc><vAcc>3.000000</vAcc></extensions></trkpt>
      <trkpt lon="-123.278820" lat="44.561954"><ele>73.164742</ele><time>2020-10-28T23:18:14Z</time><extensions><speed>0.160000</speed><course>191.953125</course><hAcc>5.000000</hAcc><vAcc>3.000000</vAcc></extensions></trkpt>
      <trkpt lon="-123.278826" lat="44.561948"><ele>73.219704</ele><time>2020-10-28T23:18:15Z</time><extensions><speed>0.650000</speed><course>232.031250</course><hAcc>5.000000</hAcc><vAcc>3.000000</vAcc></extensions></trkpt>
      <trkpt lon="-123.278828" lat="44.561946"><ele>73.246552</ele><time>2020-10-28T23:18:16Z</time><extensions><speed>0.170000</speed><course>218.320312</course><hAcc>5.000000</hAcc><vAcc>3.000000</vAcc></extensions></trkpt>
      <trkpt lon="-123.278828" lat="44.561946"><ele>73.264160</ele><time>2020-10-28T23:18:17Z</time><extensions><speed>0.000000</speed><course>218.320312</course><hAcc>5.000000</hAcc><vAcc>3.000000</vAcc></extensions></trkpt>
      <trkpt lon="-123.278828" lat="44.561946"><ele>73.250259</ele><time>2020-10-28T23:18:18Z</time><extensions><speed>0.000000</speed><course>218.320312</course><hAcc>5.000000</hAcc><vAcc>3.000000</vAcc></extensions></trkpt>
      <trkpt lon="-123.278828" lat="44.561946"><ele>73.330330</ele><time>2020-10-28T23:18:19Z</time><extensions><speed>0.000000</speed><course>218.320312</course><hAcc>5.000000</hAcc><vAcc>3.000000</vAcc></extensions></trkpt>
      <trkpt lon="-123.278828" lat="44.561946"><ele>73.419121</ele><time>2020-10-28T23:18:20Z</time><extensions><speed>0.000000</speed><course>218.320312</course><hAcc>5.000000</hAcc><vAcc>3.000000</vAcc></extensions></trkpt>
      <trkpt lon="-123.278828" lat="44.561946"><ele>73.411987</ele><time>2020-10-28T23:18:21Z</time><extensions><speed>0.000000</speed><course>218.320312</course><hAcc>5.000000</hAcc><vAcc>3.000000</vAcc></extensions></trkpt>
      <trkpt lon="-123.278826" lat="44.561940"><ele>73.422302</ele><time>2020-10-28T23:18:22Z</time><extensions><speed>0.200000</speed><course>211.289062</course><hAcc>5.000000</hAcc><vAcc>3.000000</vAcc></extensions></trkpt>
      <trkpt lon="-123.278825" lat="44.561935"><ele>73.495506</ele><time>2020-10-28T23:18:23Z</time><extensions><speed>0.170000</speed><course>107.578125</course><hAcc>5.000000</hAcc><vAcc>3.000000</vAcc></extensions></trkpt>
      <trkpt lon="-123.278815" lat="44.561931"><ele>73.531708</ele><time>2020-10-28T23:18:24Z</time><extensions><speed>0.200000</speed><course>61.875000</course><hAcc>5.000000</hAcc><vAcc>3.000000</vAcc></extensions></trkpt>
      <trkpt lon="-123.278810" lat="44.561931"><ele>73.589890</ele><time>2020-10-28T23:18:25Z</time><extensions><speed>0.490000</speed><course>50.976562</course><hAcc>5.000000</hAcc><vAcc>3.000000</vAcc></extensions></trkpt>
      <trkpt lon="-123.278812" lat="44.561927"><ele>73.598022</ele><time>2020-10-28T23:18:26Z</time><extensions><speed>0.490000</speed><course>50.976562</course><hAcc>5.000000</hAcc><vAcc>3.000000</vAcc></extensions></trkpt>
      <trkpt lon="-123.278813" lat="44.561926"><ele>73.641418</ele><time>2020-10-28T23:18:27Z</time><extensions><speed>0.240000</speed><course>50.976562</course><hAcc>5.000000</hAcc><vAcc>3.000000</vAcc></extensions></trkpt>
      <trkpt lon="-123.278813" lat="44.561926"><ele>73.667610</ele><time>2020-10-28T23:18:28Z</time><extensions><speed>0.000000</speed><course>50.976562</course><hAcc>5.000000</hAcc><vAcc>3.000000</vAcc></extensions></trkpt>
      <trkpt lon="-123.278812" lat="44.561925"><ele>73.744827</ele><time>2020-10-28T23:18:29Z</time><extensions><speed>0.240000</speed><course>61.523438</course><hAcc>5.000000</hAcc><vAcc>3.000000</vAcc></extensions></trkpt>
      <trkpt lon="-123.278805" lat="44.561923"><ele>73.776451</ele><time>2020-10-28T23:18:30Z</time><extensions><speed>0.630000</speed><course>80.156250</course><hAcc>5.000000</hAcc><vAcc>3.000000</vAcc></extensions></trkpt>
      <trkpt lon="-123.278805" lat="44.561923"><ele>73.841248</ele><time>2020-10-28T23:18:31Z</time><extensions><speed>0.000000</speed><course>84.726562</course><hAcc>5.000000</hAcc><vAcc>3.000000</vAcc></extensions></trkpt>
      <trkpt lon="-123.278805" lat="44.561923"><ele>73.848213</ele><time>2020-10-28T23:18:32Z</time><extensions><speed>0.000000</speed><course>84.726562</course><hAcc>5.000000</hAcc><vAcc>3.000000</vAcc></extensions></trkpt>
      <trkpt lon="-123.278805" lat="44.561923"><ele>73.837578</ele><time>2020-10-28T23:18:33Z</time><extensions><speed>0.000000</speed><course>84.726562</course><hAcc>5.000000</hAcc><vAcc>3.000000</vAcc></extensions></trkpt>
      <trkpt lon="-123.278805" lat="44.561923"><ele>73.911476</ele><time>2020-10-28T23:18:34Z</time><extensions><speed>0.000000</speed><course>84.726562</course><hAcc>5.000000</hAcc><vAcc>3.000000</vAcc></extensions></trkpt>
      <trkpt lon="-123.278805" lat="44.561923"><ele>73.919830</ele><time>2020-10-28T23:18:35Z</time><extensions><speed>0.000000</speed><course>84.726562</course><hAcc>5.000000</hAcc><vAcc>3.000000</vAcc></extensions></trkpt>
      <trkpt lon="-123.278805" lat="44.561923"><ele>73.957504</ele><time>2020-10-28T23:18:36Z</time><extensions><speed>0.000000</speed><course>84.726562</course><hAcc>5.000000</hAcc><vAcc>3.000000</vAcc></extensions></trkpt>
      <trkpt lon="-123.278805" lat="44.561923"><ele>73.957626</ele><time>2020-10-28T23:18:37Z</time><extensions><speed>0.000000</speed><course>84.726562</course><hAcc>5.000000</hAcc><vAcc>3.000000</vAcc></extensions></trkpt>
      <trkpt lon="-123.278805" lat="44.561923"><ele>73.934372</ele><time>2020-10-28T23:18:38Z</time><extensions><speed>0.000000</speed><course>84.726562</course><hAcc>5.000000</hAcc><vAcc>3.000000</vAcc></extensions></trkpt>
      <trkpt lon="-123.278805" lat="44.561923"><ele>74.007553</ele><time>2020-10-28T23:18:39Z</time><extensions><speed>0.000000</speed><course>84.726562</course><hAcc>5.000000</hAcc><vAcc>3.000000</vAcc></extensions></trkpt>
      <trkpt lon="-123.278815" lat="44.561912"><ele>73.961906</ele><time>2020-10-28T23:18:40Z</time><extensions><speed>0.420000</speed><course>61.523438</course><hAcc>5.000000</hAcc><vAcc>3.000000</vAcc></extensions></trkpt>
      <trkpt lon="-123.278811" lat="44.561911"><ele>74.003654</ele><time>2020-10-28T23:18:41Z</time><extensions><speed>0.420000</speed><course>75.937500</course><hAcc>5.000000</hAcc><vAcc>3.000000</vAcc></extensions></trkpt>
      <trkpt lon="-123.278827" lat="44.561913"><ele>74.033623</ele><time>2020-10-28T23:18:42Z</time><extensions><speed>0.640000</speed><course>284.062500</course><hAcc>5.000000</hAcc><vAcc>3.000000</vAcc></extensions></trkpt>
      <trkpt lon="-123.278870" lat="44.561907"><ele>74.020821</ele><time>2020-10-28T23:18:43Z</time><extensions><speed>1.370000</speed><course>269.296875</course><hAcc>5.000000</hAcc><vAcc>3.000000</vAcc></extensions></trkpt>
      <trkpt lon="-123.278870" lat="44.561907"><ele>74.037506</ele><time>2020-10-28T23:18:44Z</time><extensions><speed>0.000000</speed><course>260.859375</course><hAcc>5.000000</hAcc><vAcc>3.000000</vAcc></extensions></trkpt>
      <trkpt lon="-123.278883" lat="44.561896"><ele>74.069153</ele><time>2020-10-28T23:18:45Z</time><extensions><speed>0.280000</speed><course>243.281250</course><hAcc>5.000000</hAcc><vAcc>3.000000</vAcc></extensions></trkpt>
      <trkpt lon="-123.278883" lat="44.561896"><ele>74.090080</ele><time>2020-10-28T23:18:46Z</time><extensions><speed>0.000000</speed><course>256.640625</course><hAcc>5.000000</hAcc><vAcc>3.000000</vAcc></extensions></trkpt>
      <trkpt lon="-123.278883" lat="44.561896"><ele>74.034233</ele><time>2020-10-28T23:18:47Z</time><extensions><speed>0.000000</speed><course>256.640625</course><hAcc>5.000000</hAcc><vAcc>3.000000</vAcc></extensions></trkpt>
      <trkpt lon="-123.278883" lat="44.561896"><ele>74.129181</ele><time>2020-10-28T23:18:48Z</time><extensions><speed>0.000000</speed><course>256.640625</course><hAcc>5.000000</hAcc><vAcc>3.000000</vAcc></extensions></trkpt>
      <trkpt lon="-123.278899" lat="44.561889"><ele>74.208107</ele><time>2020-10-28T23:18:49Z</time><extensions><speed>0.600000</speed><course>235.546875</course><hAcc>5.000000</hAcc><vAcc>3.000000</vAcc></extensions></trkpt>
      <trkpt lon="-123.278899" lat="44.561889"><ele>74.208748</ele><time>2020-10-28T23:18:50Z</time><extensions><speed>0.000000</speed><course>230.625000</course><hAcc>5.000000</hAcc><vAcc>3.000000</vAcc></extensions></trkpt>
      <trkpt lon="-123.278899" lat="44.561889"><ele>74.235847</ele><time>2020-10-28T23:18:51Z</time><extensions><speed>0.000000</speed><course>227.812500</course><hAcc>5.000000</hAcc><vAcc>3.000000</vAcc></extensions></trkpt>
      <trkpt lon="-123.278899" lat="44.561889"><ele>74.254074</ele><time>2020-10-28T23:18:52Z</time><extensions><speed>0.000000</speed><course>227.812500</course><hAcc>5.000000</hAcc><vAcc>3.000000</vAcc></extensions></trkpt>
      <trkpt lon="-123.278899" lat="44.561889"><ele>74.292473</ele><time>2020-10-28T23:18:53Z</time><extensions><speed>0.000000</speed><course>227.812500</course><hAcc>5.000000</hAcc><vAcc>3.000000</vAcc></extensions></trkpt>
      <trkpt lon="-123.278899" lat="44.561889"><ele>74.382317</ele><time>2020-10-28T23:18:54Z</time><extensions><speed>0.000000</speed><course>47.109375</course><hAcc>5.000000</hAcc><vAcc>3.000000</vAcc></extensions></trkpt>
      <trkpt lon="-123.278899" lat="44.561889"><ele>74.426163</ele><time>2020-10-28T23:18:55Z</time><extensions><speed>0.000000</speed><course>21.445312</course><hAcc>5.000000</hAcc><vAcc>3.000000</vAcc></extensions></trkpt>
      <trkpt lon="-123.278899" lat="44.561889"><ele>74.396118</ele><time>2020-10-28T23:18:56Z</time><extensions><speed>0.000000</speed><course>201.093750</course><hAcc>5.000000</hAcc><vAcc>3.000000</vAcc></extensions></trkpt>
      <trkpt lon="-123.278899" lat="44.561889"><ele>74.503960</ele><time>2020-10-28T23:18:57Z</time><extensions><speed>0.000000</speed><course>201.093750</course><hAcc>5.000000</hAcc><vAcc>3.000000</vAcc></extensions></trkpt>
      <trkpt lon="-123.278899" lat="44.561889"><ele>74.549553</ele><time>2020-10-28T23:18:58Z</time><extensions><speed>0.000000</speed><course>201.093750</course><hAcc>5.000000</hAcc><vAcc>3.000000</vAcc></extensions></trkpt>
      <trkpt lon="-123.278899" lat="44.561889"><ele>74.529633</ele><time>2020-10-28T23:18:59Z</time><extensions><speed>0.000000</speed><course>201.093750</course><hAcc>5.000000</hAcc><vAcc>3.000000</vAcc></extensions></trkpt>
      <trkpt lon="-123.278899" lat="44.561889"><ele>74.561089</ele><time>2020-10-28T23:19:00Z</time><extensions><speed>0.000000</speed><course>201.093750</course><hAcc>5.000000</hAcc><vAcc>3.000000</vAcc></extensions></trkpt>
      <trkpt lon="-123.278899" lat="44.561889"><ele>74.616974</ele><time>2020-10-28T23:19:01Z</time><extensions><speed>0.000000</speed><course>201.093750</course><hAcc>5.000000</hAcc><vAcc>3.000000</vAcc></extensions></trkpt>
      <trkpt lon="-123.278899" lat="44.561889"><ele>74.608299</ele><time>2020-10-28T23:19:02Z</time><extensions><speed>0.000000</speed><course>201.093750</course><hAcc>5.000000</hAcc><vAcc>3.000000</vAcc></extensions></trkpt>
      <trkpt lon="-123.278899" lat="44.561889"><ele>74.690819</ele><time>2020-10-28T23:19:03Z</time><extensions><speed>0.000000</speed><course>201.093750</course><hAcc>5.000000</hAcc><vAcc>3.000000</vAcc></extensions></trkpt>
      <trkpt lon="-123.278899" lat="44.561889"><ele>74.839546</ele><time>2020-10-28T23:19:04Z</time><extensions><speed>0.000000</speed><course>201.093750</course><hAcc>5.000000</hAcc><vAcc>3.000000</vAcc></extensions></trkpt>
      <trkpt lon="-123.278952" lat="44.561878"><ele>74.824867</ele><time>2020-10-28T23:19:05Z</time><extensions><speed>0.350000</speed><course>264.726562</course><hAcc>5.000000</hAcc><vAcc>3.000000</vAcc></extensions></trkpt>
      <trkpt lon="-123.278968" lat="44.561879"><ele>74.877556</ele><time>2020-10-28T23:19:06Z</time><extensions><speed>1.100000</speed><course>268.945312</course><hAcc>5.000000</hAcc><vAcc>3.000000</vAcc></extensions></trkpt>
      <trkpt lon="-123.278979" lat="44.561881"><ele>75.124474</ele><time>2020-10-28T23:19:07Z</time><extensions><speed>0.620000</speed><course>281.953125</course><hAcc>5.000000</hAcc><vAcc>3.000000</vAcc></extensions></trkpt>
      <trkpt lon="-123.278990" lat="44.561882"><ele>75.189323</ele><time>2020-10-28T23:19:08Z</time><extensions><speed>0.620000</speed><course>266.132812</course><hAcc>5.000000</hAcc><vAcc>3.000000</vAcc></extensions></trkpt>
      <trkpt lon="-123.278994" lat="44.561882"><ele>75.265999</ele><time>2020-10-28T23:19:09Z</time><extensions><speed>0.570000</speed><course>266.132812</course><hAcc>5.000000</hAcc><vAcc>3.000000</vAcc></extensions></trkpt>
      <trkpt lon="-123.278992" lat="44.561882"><ele>75.336906</ele><time>2020-10-28T23:19:10Z</time><extensions><speed>0.360000</speed><course>123.046875</course><hAcc>5.000000</hAcc><vAcc>3.000000</vAcc></extensions></trkpt>
      <trkpt lon="-123.278980" lat="44.561886"><ele>75.378235</ele><time>2020-10-28T23:19:11Z</time><extensions><speed>0.660000</speed><course>75.234375</course><hAcc>5.000000</hAcc><vAcc>3.000000</vAcc></extensions></trkpt>
      <trkpt lon="-123.278981" lat="44.561886"><ele>75.431236</ele><time>2020-10-28T23:19:12Z</time><extensions><speed>0.360000</speed><course>10.195312</course><hAcc>5.000000</hAcc><vAcc>3.000000</vAcc></extensions></trkpt>
      <trkpt lon="-123.278973" lat="44.561891"><ele>75.586952</ele><time>2020-10-28T23:19:13Z</time><extensions><speed>0.540000</speed><course>63.632812</course><hAcc>5.000000</hAcc><vAcc>3.000000</vAcc></extensions></trkpt>
      <trkpt lon="-123.278964" lat="44.561891"><ele>75.619194</ele><time>2020-10-28T23:19:14Z</time><extensions><speed>0.410000</speed><course>63.632812</course><hAcc>5.000000</hAcc><vAcc>3.000000</vAcc></extensions></trkpt>
      <trkpt lon="-123.278962" lat="44.561891"><ele>75.531532</ele><time>2020-10-28T23:19:15Z</time><extensions><speed>0.270000</speed><course>63.632812</course><hAcc>5.000000</hAcc><vAcc>3.000000</vAcc></extensions></trkpt>
      <trkpt lon="-123.278962" lat="44.561891"><ele>75.572495</ele><time>2020-10-28T23:19:16Z</time><extensions><speed>0.000000</speed><course>63.632812</course><hAcc>5.000000</hAcc><vAcc>3.000000</vAcc></extensions></trkpt>
      <trkpt lon="-123.278948" lat="44.561891"><ele>75.621513</ele><time>2020-10-28T23:19:17Z</time><extensions><speed>0.270000</speed><course>80.859375</course><hAcc>5.000000</hAcc><vAcc>3.000000</vAcc></extensions></trkpt>
      <trkpt lon="-123.278948" lat="44.561891"><ele>75.687057</ele><time>2020-10-28T23:19:18Z</time><extensions><speed>0.000000</speed><course>85.429688</course><hAcc>5.000000</hAcc><vAcc>3.000000</vAcc></extensions></trkpt>
      <trkpt lon="-123.278948" lat="44.561891"><ele>75.641998</ele><time>2020-10-28T23:19:19Z</time><extensions><speed>0.000000</speed><course>85.429688</course><hAcc>5.000000</hAcc><vAcc>3.000000</vAcc></extensions></trkpt>
      <trkpt lon="-123.278948" lat="44.561891"><ele>75.653885</ele><time>2020-10-28T23:19:20Z</time><extensions><speed>0.000000</speed><course>85.429688</course><hAcc>5.000000</hAcc><vAcc>3.000000</vAcc></extensions></trkpt>
      <trkpt lon="-123.278948" lat="44.561891"><ele>75.752876</ele><time>2020-10-28T23:19:21Z</time><extensions><speed>0.000000</speed><course>85.429688</course><hAcc>5.000000</hAcc><vAcc>3.000000</vAcc></extensions></trkpt>
      <trkpt lon="-123.278948" lat="44.561891"><ele>75.750740</ele><time>2020-10-28T23:19:22Z</time><extensions><speed>0.000000</speed><course>85.429688</course><hAcc>5.000000</hAcc><vAcc>3.000000</vAcc></extensions></trkpt>
      <trkpt lon="-123.278941" lat="44.561890"><ele>75.831848</ele><time>2020-10-28T23:19:23Z</time><extensions><speed>0.390000</speed><course>227.460938</course><hAcc>5.000000</hAcc><vAcc>3.000000</vAcc></extensions></trkpt>
      <trkpt lon="-123.278944" lat="44.561891"><ele>75.829247</ele><time>2020-10-28T23:19:24Z</time><extensions><speed>0.390000</speed><course>227.460938</course><hAcc>5.000000</hAcc><vAcc>3.000000</vAcc></extensions></trkpt>
      <trkpt lon="-123.278944" lat="44.561891"><ele>75.886543</ele><time>2020-10-28T23:19:25Z</time><extensions><speed>0.000000</speed><course>227.460938</course><hAcc>5.000000</hAcc><vAcc>3.000000</vAcc></extensions></trkpt>
      <trkpt lon="-123.278952" lat="44.561887"><ele>75.936234</ele><time>2020-10-28T23:19:26Z</time><extensions><speed>0.290000</speed><course>229.218750</course><hAcc>5.000000</hAcc><vAcc>3.000000</vAcc></extensions></trkpt>
      <trkpt lon="-123.278952" lat="44.561887"><ele>75.928726</ele><time>2020-10-28T23:19:27Z</time><extensions><speed>0.000000</speed><course>229.218750</course><hAcc>5.000000</hAcc><vAcc>3.000000</vAcc></extensions></trkpt>
      <trkpt lon="-123.278952" lat="44.561887"><ele>76.004364</ele><time>2020-10-28T23:19:28Z</time><extensions><speed>0.000000</speed><course>229.218750</course><hAcc>5.000000</hAcc><vAcc>3.000000</vAcc></extensions></trkpt>
      <trkpt lon="-123.278952" lat="44.561887"><ele>76.009483</ele><time>2020-10-28T23:19:29Z</time><extensions><speed>0.000000</speed><course>229.218750</course><hAcc>5.000000</hAcc><vAcc>3.000000</vAcc></extensions></trkpt>
      <trkpt lon="-123.278952" lat="44.561887"><ele>76.052368</ele><time>2020-10-28T23:19:30Z</time><extensions><speed>0.000000</speed><course>229.218750</course><hAcc>5.000000</hAcc><vAcc>3.000000</vAcc></extensions></trkpt>
      <trkpt lon="-123.278952" lat="44.561887"><ele>76.070503</ele><time>2020-10-28T23:19:31Z</time><extensions><speed>0.000000</speed><course>229.218750</course><hAcc>5.000000</hAcc><vAcc>3.000000</vAcc></extensions></trkpt>
      <trkpt lon="-123.278952" lat="44.561887"><ele>76.081772</ele><time>2020-10-28T23:19:32Z</time><extensions><speed>0.000000</speed><course>229.218750</course><hAcc>5.000000</hAcc><vAcc>3.000000</vAcc></extensions></trkpt>
      <trkpt lon="-123.278952" lat="44.561887"><ele>76.154945</ele><time>2020-10-28T23:19:33Z</time><extensions><speed>0.000000</speed><course>229.218750</course><hAcc>5.000000</hAcc><vAcc>3.000000</vAcc></extensions></trkpt>
      <trkpt lon="-123.278952" lat="44.561887"><ele>76.136131</ele><time>2020-10-28T23:19:34Z</time><extensions><speed>0.000000</speed><course>61.171875</course><hAcc>5.000000</hAcc><vAcc>3.000000</vAcc></extensions></trkpt>
      <trkpt lon="-123.278939" lat="44.561882"><ele>76.212868</ele><time>2020-10-28T23:19:35Z</time><extensions><speed>0.910000</speed><course>61.171875</course><hAcc>5.000000</hAcc><vAcc>3.000000</vAcc></extensions></trkpt>
      <trkpt lon="-123.278938" lat="44.561882"><ele>76.260910</ele><time>2020-10-28T23:19:36Z</time><extensions><speed>0.610000</speed><course>61.171875</course><hAcc>5.000000</hAcc><vAcc>3.000000</vAcc></extensions></trkpt>
      <trkpt lon="-123.278938" lat="44.561882"><ele>76.232124</ele><time>2020-10-28T23:19:37Z</time><extensions><speed>0.000000</speed><course>61.171875</course><hAcc>5.000000</hAcc><vAcc>3.000000</vAcc></extensions></trkpt>
      <trkpt lon="-123.278938" lat="44.561882"><ele>76.292793</ele><time>2020-10-28T23:19:38Z</time><extensions><speed>0.000000</speed><course>61.171875</course><hAcc>5.000000</hAcc><vAcc>3.000000</vAcc></extensions></trkpt>
      <trkpt lon="-123.278938" lat="44.561882"><ele>76.361870</ele><time>2020-10-28T23:19:39Z</time><extensions><speed>0.000000</speed><course>61.171875</course><hAcc>5.000000</hAcc><vAcc>3.000000</vAcc></extensions></trkpt>
      <trkpt lon="-123.278938" lat="44.561882"><ele>76.385574</ele><time>2020-10-28T23:19:40Z</time><extensions><speed>0.000000</speed><course>61.171875</course><hAcc>5.000000</hAcc><vAcc>3.000000</vAcc></extensions></trkpt>
      <trkpt lon="-123.278938" lat="44.561882"><ele>76.413956</ele><time>2020-10-28T23:19:41Z</time><extensions><speed>0.000000</speed><course>61.171875</course><hAcc>5.000000</hAcc><vAcc>3.000000</vAcc></extensions></trkpt>
      <trkpt lon="-123.278938" lat="44.561882"><ele>76.451538</ele><time>2020-10-28T23:19:42Z</time><extensions><speed>0.000000</speed><course>61.171875</course><hAcc>5.000000</hAcc><vAcc>3.000000</vAcc></extensions></trkpt>
      <trkpt lon="-123.278938" lat="44.561882"><ele>76.433762</ele><time>2020-10-28T23:19:43Z</time><extensions><speed>0.000000</speed><course>61.171875</course><hAcc>5.000000</hAcc><vAcc>3.000000</vAcc></extensions></trkpt>
      <trkpt lon="-123.278938" lat="44.561882"><ele>76.499161</ele><time>2020-10-28T23:19:44Z</time><extensions><speed>0.000000</speed><course>61.171875</course><hAcc>5.000000</hAcc><vAcc>3.000000</vAcc></extensions></trkpt>
      <trkpt lon="-123.278938" lat="44.561882"><ele>76.550079</ele><time>2020-10-28T23:19:45Z</time><extensions><speed>0.000000</speed><course>61.171875</course><hAcc>5.000000</hAcc><vAcc>3.000000</vAcc></extensions></trkpt>
      <trkpt lon="-123.278938" lat="44.561882"><ele>76.533752</ele><time>2020-10-28T23:19:46Z</time><extensions><speed>0.000000</speed><course>61.171875</course><hAcc>5.000000</hAcc><vAcc>3.000000</vAcc></extensions></trkpt>
      <trkpt lon="-123.278938" lat="44.561882"><ele>76.490791</ele><time>2020-10-28T23:19:47Z</time><extensions><speed>0.000000</speed><course>3.867188</course><hAcc>5.000000</hAcc><vAcc>3.000000</vAcc></extensions></trkpt>
      <trkpt lon="-123.278938" lat="44.561882"><ele>76.570724</ele><time>2020-10-28T23:19:48Z</time><extensions><speed>0.000000</speed><course>72.773438</course><hAcc>5.000000</hAcc><vAcc>3.000000</vAcc></extensions></trkpt>
      <trkpt lon="-123.278938" lat="44.561882"><ele>76.585258</ele><time>2020-10-28T23:19:49Z</time><extensions><speed>0.000000</speed><course>74.882812</course><hAcc>5.000000</hAcc><vAcc>3.000000</vAcc></extensions></trkpt>
      <trkpt lon="-123.278938" lat="44.561882"><ele>76.564629</ele><time>2020-10-28T23:19:50Z</time><extensions><speed>0.000000</speed><course>74.882812</course><hAcc>5.000000</hAcc><vAcc>3.000000</vAcc></extensions></trkpt>
      <trkpt lon="-123.278925" lat="44.561885"><ele>76.539223</ele><time>2020-10-28T23:19:51Z</time><extensions><speed>0.440000</speed><course>81.562500</course><hAcc>5.000000</hAcc><vAcc>3.000000</vAcc></extensions></trkpt>
      <trkpt lon="-123.278930" lat="44.561885"><ele>76.617088</ele><time>2020-10-28T23:19:52Z</time><extensions><speed>0.440000</speed><course>270.351562</course><hAcc>5.000000</hAcc><vAcc>3.000000</vAcc></extensions></trkpt>
      <trkpt lon="-123.278946" lat="44.561884"><ele>76.637260</ele><time>2020-10-28T23:19:53Z</time><extensions><speed>0.660000</speed><course>267.539062</course><hAcc>5.000000</hAcc><vAcc>3.000000</vAcc></extensions></trkpt>
      <trkpt lon="-123.278952" lat="44.561884"><ele>76.646194</ele><time>2020-10-28T23:19:54Z</time><extensions><speed>0.190000</speed><course>297.070312</course><hAcc>5.000000</hAcc><vAcc>3.000000</vAcc></extensions></trkpt>
      <trkpt lon="-123.278960" lat="44.561887"><ele>76.715057</ele><time>2020-10-28T23:19:55Z</time><extensions><speed>0.430000</speed><course>295.312500</course><hAcc>5.000000</hAcc><vAcc>3.000000</vAcc></extensions></trkpt>
      <trkpt lon="-123.278960" lat="44.561887"><ele>76.706940</ele><time>2020-10-28T23:19:56Z</time><extensions><speed>0.000000</speed><course>268.593750</course><hAcc>5.000000</hAcc><vAcc>3.000000</vAcc></extensions></trkpt>
      <trkpt lon="-123.278975" lat="44.561877"><ele>76.714752</ele><time>2020-10-28T23:19:57Z</time><extensions><speed>0.430000</speed><course>248.906250</course><hAcc>5.000000</hAcc><vAcc>3.000000</vAcc></extensions></trkpt>
      <trkpt lon="-123.278971" lat="44.561879"><ele>76.734161</ele><time>2020-10-28T23:19:58Z</time><extensions><speed>0.490000</speed><course>68.906250</course><hAcc>5.000000</hAcc><vAcc>3.000000</vAcc></extensions></trkpt>
      <trkpt lon="-123.278963" lat="44.561882"><ele>76.722649</ele><time>2020-10-28T23:19:59Z</time><extensions><speed>0.490000</speed><course>34.804688</course><hAcc>5.000000</hAcc><vAcc>3.000000</vAcc></extensions></trkpt>
      <trkpt lon="-123.278958" lat="44.561888"><ele>76.740204</ele><time>2020-10-28T23:20:00Z</time><extensions><speed>0.650000</speed><course>36.562500</course><hAcc>5.000000</hAcc><vAcc>3.000000</vAcc></extensions></trkpt>
      <trkpt lon="-123.278956" lat="44.561888"><ele>76.815033</ele><time>2020-10-28T23:20:01Z</time><extensions><speed>0.230000</speed><course>34.804688</course><hAcc>5.000000</hAcc><vAcc>3.000000</vAcc></extensions></trkpt>
      <trkpt lon="-123.278956" lat="44.561888"><ele>76.831612</ele><time>2020-10-28T23:20:02Z</time><extensions><speed>0.000000</speed><course>34.804688</course><hAcc>5.000000</hAcc><vAcc>3.000000</vAcc></extensions></trkpt>
      <trkpt lon="-123.278956" lat="44.561888"><ele>76.885506</ele><time>2020-10-28T23:20:03Z</time><extensions><speed>0.000000</speed><course>34.804688</course><hAcc>5.000000</hAcc><vAcc>3.000000</vAcc></extensions></trkpt>
      <trkpt lon="-123.278956" lat="44.561888"><ele>76.928299</ele><time>2020-10-28T23:20:04Z</time><extensions><speed>0.000000</speed><course>34.804688</course><hAcc>5.000000</hAcc><vAcc>3.000000</vAcc></extensions></trkpt>
      <trkpt lon="-123.278956" lat="44.561888"><ele>76.951897</ele><time>2020-10-28T23:20:05Z</time><extensions><speed>0.000000</speed><course>40.429688</course><hAcc>5.000000</hAcc><vAcc>3.000000</vAcc></extensions></trkpt>
      <trkpt lon="-123.278956" lat="44.561888"><ele>76.984261</ele><time>2020-10-28T23:20:06Z</time><extensions><speed>0.000000</speed><course>288.632812</course><hAcc>5.000000</hAcc><vAcc>3.000000</vAcc></extensions></trkpt>
      <trkpt lon="-123.278956" lat="44.561888"><ele>77.042267</ele><time>2020-10-28T23:20:07Z</time><extensions><speed>0.000000</speed><course>288.632812</course><hAcc>5.000000</hAcc><vAcc>3.000000</vAcc></extensions></trkpt>
      <trkpt lon="-123.278956" lat="44.561888"><ele>77.058296</ele><time>2020-10-28T23:20:08Z</time><extensions><speed>0.000000</speed><course>288.632812</course><hAcc>5.000000</hAcc><vAcc>3.000000</vAcc></extensions></trkpt>
      <trkpt lon="-123.278956" lat="44.561888"><ele>77.002060</ele><time>2020-10-28T23:20:09Z</time><extensions><speed>0.000000</speed><course>288.632812</course><hAcc>5.000000</hAcc><vAcc>3.000000</vAcc></extensions></trkpt>
      <trkpt lon="-123.278956" lat="44.561888"><ele>77.122627</ele><time>2020-10-28T23:20:10Z</time><extensions><speed>0.000000</speed><course>288.632812</course><hAcc>5.000000</hAcc><vAcc>3.000000</vAcc></extensions></trkpt>
      <trkpt lon="-123.278956" lat="44.561888"><ele>77.121925</ele><time>2020-10-28T23:20:11Z</time><extensions><speed>0.000000</speed><course>288.632812</course><hAcc>5.000000</hAcc><vAcc>3.000000</vAcc></extensions></trkpt>
      <trkpt lon="-123.278956" lat="44.561888"><ele>77.254967</ele><time>2020-10-28T23:20:12Z</time><extensions><speed>0.000000</speed><course>78.750000</course><hAcc>5.000000</hAcc><vAcc>3.000000</vAcc></extensions></trkpt>
      <trkpt lon="-123.278943" lat="44.561894"><ele>77.244972</ele><time>2020-10-28T23:20:13Z</time><extensions><speed>0.990000</speed><course>78.750000</course><hAcc>5.000000</hAcc><vAcc>3.000000</vAcc></extensions></trkpt>
      <trkpt lon="-123.278936" lat="44.561890"><ele>77.252853</ele><time>2020-10-28T23:20:14Z</time><extensions><speed>0.990000</speed><course>88.945312</course><hAcc>5.000000</hAcc><vAcc>3.000000</vAcc></extensions></trkpt>
      <trkpt lon="-123.278936" lat="44.561890"><ele>77.266808</ele><time>2020-10-28T23:20:15Z</time><extensions><speed>0.000000</speed><course>141.679688</course><hAcc>5.000000</hAcc><vAcc>3.000000</vAcc></extensions></trkpt>
      <trkpt lon="-123.278929" lat="44.561879"><ele>77.239883</ele><time>2020-10-28T23:20:16Z</time><extensions><speed>0.420000</speed><course>158.203125</course><hAcc>5.000000</hAcc><vAcc>3.000000</vAcc></extensions></trkpt>
      <trkpt lon="-123.278929" lat="44.561879"><ele>77.296547</ele><time>2020-10-28T23:20:17Z</time><extensions><speed>0.000000</speed><course>158.203125</course><hAcc>5.000000</hAcc><vAcc>3.000000</vAcc></extensions></trkpt>
      <trkpt lon="-123.278929" lat="44.561879"><ele>77.216904</ele><time>2020-10-28T23:20:18Z</time><extensions><speed>0.000000</speed><course>158.203125</course><hAcc>5.000000</hAcc><vAcc>3.000000</vAcc></extensions></trkpt>
      <trkpt lon="-123.278929" lat="44.561879"><ele>77.205605</ele><time>2020-10-28T23:20:19Z</time><extensions><speed>0.000000</speed><course>158.203125</course><hAcc>5.000000</hAcc><vAcc>3.000000</vAcc></extensions></trkpt>
      <trkpt lon="-123.278924" lat="44.561892"><ele>77.160172</ele><time>2020-10-28T23:20:20Z</time><extensions><speed>0.810000</speed><course>310.429688</course><hAcc>5.000000</hAcc><vAcc>3.000000</vAcc></extensions></trkpt>
      <trkpt lon="-123.278924" lat="44.561892"><ele>77.168884</ele><time>2020-10-28T23:20:21Z</time><extensions><speed>0.000000</speed><course>310.429688</course><hAcc>5.000000</hAcc><vAcc>3.000000</vAcc></extensions></trkpt>
      <trkpt lon="-123.278910" lat="44.561909"><ele>77.016594</ele><time>2020-10-28T23:20:22Z</time><extensions><speed>0.810000</speed><course>133.945312</course><hAcc>5.000000</hAcc><vAcc>3.000000</vAcc></extensions></trkpt>
      <trkpt lon="-123.278894" lat="44.561904"><ele>77.112946</ele><time>2020-10-28T23:20:23Z</time><extensions><speed>0.850000</speed><course>131.835938</course><hAcc>5.000000</hAcc><vAcc>3.000000</vAcc></extensions></trkpt>
      <trkpt lon="-123.278871" lat="44.561905"><ele>76.985405</ele><time>2020-10-28T23:20:24Z</time><extensions><speed>2.380000</speed><course>130.078125</course><hAcc>5.000000</hAcc><vAcc>3.000000</vAcc></extensions></trkpt>
      <trkpt lon="-123.278857" lat="44.561898"><ele>76.977806</ele><time>2020-10-28T23:20:25Z</time><extensions><speed>2.410000</speed><course>124.453125</course><hAcc>5.000000</hAcc><vAcc>3.000000</vAcc></extensions></trkpt>
      <trkpt lon="-123.278821" lat="44.561888"><ele>77.097450</ele><time>2020-10-28T23:20:26Z</time><extensions><speed>3.630000</speed><course>112.851562</course><hAcc>5.000000</hAcc><vAcc>3.000000</vAcc></extensions></trkpt>
      <trkpt lon="-123.278778" lat="44.561878"><ele>76.795341</ele><time>2020-10-28T23:20:27Z</time><extensions><speed>3.630000</speed><course>108.984375</course><hAcc>5.000000</hAcc><vAcc>3.000000</vAcc></extensions></trkpt>
      <trkpt lon="-123.278707" lat="44.561891"><ele>76.948273</ele><time>2020-10-28T23:20:28Z</time><extensions><speed>3.630000</speed><course>98.789062</course><hAcc>5.000000</hAcc><vAcc>3.000000</vAcc></extensions></trkpt>
      <trkpt lon="-123.278648" lat="44.561896"><ele>76.966530</ele><time>2020-10-28T23:20:29Z</time><extensions><speed>4.400000</speed><course>90.351562</course><hAcc>5.000000</hAcc><vAcc>3.000000</vAcc></extensions></trkpt>
      <trkpt lon="-123.278560" lat="44.561937"><ele>77.059486</ele><time>2020-10-28T23:20:30Z</time><extensions><speed>4.730000</speed><course>96.679688</course><hAcc>5.000000</hAcc><vAcc>3.000000</vAcc></extensions></trkpt>
      <trkpt lon="-123.278506" lat="44.561938"><ele>76.633629</ele><time>2020-10-28T23:20:31Z</time><extensions><speed>4.730000</speed><course>98.085938</course><hAcc>5.000000</hAcc><vAcc>3.000000</vAcc></extensions></trkpt>
      <trkpt lon="-123.278417" lat="44.561967"><ele>76.704453</ele><time>2020-10-28T23:20:32Z</time><extensions><speed>4.730000</speed><course>80.859375</course><hAcc>5.000000</hAcc><vAcc>3.000000</vAcc></extensions></trkpt>
      <trkpt lon="-123.278318" lat="44.561978"><ele>76.590637</ele><time>2020-10-28T23:20:33Z</time><extensions><speed>5.240000</speed><course>90.000000</course><hAcc>5.000000</hAcc><vAcc>4.000000</vAcc></extensions></trkpt>
      <trkpt lon="-123.278263" lat="44.561984"><ele>76.909683</ele><time>2020-10-28T23:20:34Z</time><extensions><speed>5.750000</speed><course>90.703125</course><hAcc>5.000000</hAcc><vAcc>4.000000</vAcc></extensions></trkpt>
      <trkpt lon="-123.278197" lat="44.561983"><ele>76.610817</ele><time>2020-10-28T23:20:35Z</time><extensions><speed>5.740000</speed><course>94.570312</course><hAcc>5.000000</hAcc><vAcc>4.000000</vAcc></extensions></trkpt>
      <trkpt lon="-123.278125" lat="44.561979"><ele>76.294449</ele><time>2020-10-28T23:20:36Z</time><extensions><speed>5.740000</speed><course>94.570312</course><hAcc>5.000000</hAcc><vAcc>4.000000</vAcc></extensions></trkpt>
      <trkpt lon="-123.278061" lat="44.561933"><ele>76.819771</ele><time>2020-10-28T23:20:37Z</time><extensions><speed>5.740000</speed><course>107.578125</course><hAcc>5.000000</hAcc><vAcc>4.000000</vAcc></extensions></trkpt>
      <trkpt lon="-123.277962" lat="44.561961"><ele>75.781990</ele><time>2020-10-28T23:20:38Z</time><extensions><speed>5.630000</speed><course>101.601562</course><hAcc>5.000000</hAcc><vAcc>4.000000</vAcc></extensions></trkpt>
      <trkpt lon="-123.277895" lat="44.561951"><ele>76.156281</ele><time>2020-10-28T23:20:39Z</time><extensions><speed>5.430000</speed><course>101.601562</course><hAcc>10.000000</hAcc><vAcc>4.000000</vAcc></extensions></trkpt>
      <trkpt lon="-123.277797" lat="44.561967"><ele>76.414726</ele><time>2020-10-28T23:20:40Z</time><extensions><speed>6.560000</speed><course>94.570312</course><hAcc>5.000000</hAcc><vAcc>4.000000</vAcc></extensions></trkpt>
      <trkpt lon="-123.277714" lat="44.561963"><ele>77.160400</ele><time>2020-10-28T23:20:41Z</time><extensions><speed>6.560000</speed><course>94.570312</course><hAcc>5.000000</hAcc><vAcc>4.000000</vAcc></extensions></trkpt>
      <trkpt lon="-123.277643" lat="44.561960"><ele>76.850716</ele><time>2020-10-28T23:20:42Z</time><extensions><speed>6.560000</speed><course>92.812500</course><hAcc>10.000000</hAcc><vAcc>4.000000</vAcc></extensions></trkpt>
      <trkpt lon="-123.277549" lat="44.561952"><ele>76.685760</ele><time>2020-10-28T23:20:43Z</time><extensions><speed>6.560000</speed><course>90.703125</course><hAcc>10.000000</hAcc><vAcc>4.000000</vAcc></extensions></trkpt>
      <trkpt lon="-123.277465" lat="44.561948"><ele>77.223198</ele><time>2020-10-28T23:20:44Z</time><extensions><speed>6.600000</speed><course>89.296875</course><hAcc>10.000000</hAcc><vAcc>4.000000</vAcc></extensions></trkpt>
      <trkpt lon="-123.277388" lat="44.561945"><ele>77.039818</ele><time>2020-10-28T23:20:45Z</time><extensions><speed>6.030000</speed><course>88.593750</course><hAcc>10.000000</hAcc><vAcc>4.000000</vAcc></extensions></trkpt>
      <trkpt lon="-123.277289" lat="44.561945"><ele>76.347832</ele><time>2020-10-28T23:20:46Z</time><extensions><speed>6.080000</speed><course>95.625000</course><hAcc>10.000000</hAcc><vAcc>4.000000</vAcc></extensions></trkpt>
      <trkpt lon="-123.277225" lat="44.561935"><ele>76.397247</ele><time>2020-10-28T23:20:47Z</time><extensions><speed>6.030000</speed><course>94.218750</course><hAcc>10.000000</hAcc><vAcc>4.000000</vAcc></extensions></trkpt>
      <trkpt lon="-123.277168" lat="44.561929"><ele>75.941933</ele><time>2020-10-28T23:20:48Z</time><extensions><speed>5.840000</speed><course>89.296875</course><hAcc>10.000000</hAcc><vAcc>4.000000</vAcc></extensions></trkpt>
      <trkpt lon="-123.277116" lat="44.561919"><ele>76.015297</ele><time>2020-10-28T23:20:49Z</time><extensions><speed>5.740000</speed><course>91.757812</course><hAcc>10.000000</hAcc><vAcc>4.000000</vAcc></extensions></trkpt>
      <trkpt lon="-123.277042" lat="44.561925"><ele>75.905533</ele><time>2020-10-28T23:20:50Z</time><extensions><speed>5.810000</speed><course>90.000000</course><hAcc>5.000000</hAcc><vAcc>4.000000</vAcc></extensions></trkpt>
      <trkpt lon="-123.276990" lat="44.561922"><ele>76.452019</ele><time>2020-10-28T23:20:51Z</time><extensions><speed>5.810000</speed><course>90.703125</course><hAcc>5.000000</hAcc><vAcc>4.000000</vAcc></extensions></trkpt>
      <trkpt lon="-123.276925" lat="44.561923"><ele>76.163765</ele><time>2020-10-28T23:20:52Z</time><extensions><speed>5.400000</speed><course>90.000000</course><hAcc>5.000000</hAcc><vAcc>4.000000</vAcc></extensions></trkpt>
      <trkpt lon="-123.276872" lat="44.561913"><ele>76.216171</ele><time>2020-10-28T23:20:53Z</time><extensions><speed>5.290000</speed><course>96.679688</course><hAcc>5.000000</hAcc><vAcc>4.000000</vAcc></extensions></trkpt>
      <trkpt lon="-123.276801" lat="44.561916"><ele>76.296234</ele><time>2020-10-28T23:20:54Z</time><extensions><speed>5.290000</speed><course>98.437500</course><hAcc>5.000000</hAcc><vAcc>4.000000</vAcc></extensions></trkpt>
      <trkpt lon="-123.276725" lat="44.561920"><ele>76.332680</ele><time>2020-10-28T23:20:55Z</time><extensions><speed>5.730000</speed><course>88.593750</course><hAcc>5.000000</hAcc><vAcc>4.000000</vAcc></extensions></trkpt>
      <trkpt lon="-123.276680" lat="44.561917"><ele>75.751961</ele><time>2020-10-28T23:20:56Z</time><extensions><speed>5.730000</speed><course>90.703125</course><hAcc>5.000000</hAcc><vAcc>4.000000</vAcc></extensions></trkpt>
      <trkpt lon="-123.276611" lat="44.561908"><ele>76.410080</ele><time>2020-10-28T23:20:57Z</time><extensions><speed>5.390000</speed><course>94.921875</course><hAcc>5.000000</hAcc><vAcc>4.000000</vAcc></extensions></trkpt>
      <trkpt lon="-123.276551" lat="44.561904"><ele>76.170486</ele><time>2020-10-28T23:20:58Z</time><extensions><speed>5.310000</speed><course>92.812500</course><hAcc>5.000000</hAcc><vAcc>4.000000</vAcc></extensions></trkpt>
      <trkpt lon="-123.276482" lat="44.561903"><ele>75.727165</ele><time>2020-10-28T23:20:59Z</time><extensions><speed>5.310000</speed><course>90.000000</course><hAcc>5.000000</hAcc><vAcc>4.000000</vAcc></extensions></trkpt>
      <trkpt lon="-123.276412" lat="44.561907"><ele>75.798370</ele><time>2020-10-28T23:21:00Z</time><extensions><speed>5.510000</speed><course>87.539062</course><hAcc>5.000000</hAcc><vAcc>4.000000</vAcc></extensions></trkpt>
      <trkpt lon="-123.276339" lat="44.561909"><ele>75.611542</ele><time>2020-10-28T23:21:01Z</time><extensions><speed>5.510000</speed><course>91.054688</course><hAcc>5.000000</hAcc><vAcc>4.000000</vAcc></extensions></trkpt>
      <trkpt lon="-123.276284" lat="44.561901"><ele>75.556145</ele><time>2020-10-28T23:21:02Z</time><extensions><speed>5.370000</speed><course>96.679688</course><hAcc>5.000000</hAcc><vAcc>4.000000</vAcc></extensions></trkpt>
      <trkpt lon="-123.276222" lat="44.561895"><ele>75.407539</ele><time>2020-10-28T23:21:03Z</time><extensions><speed>4.960000</speed><course>97.031250</course><hAcc>5.000000</hAcc><vAcc>4.000000</vAcc></extensions></trkpt>
      <trkpt lon="-123.276137" lat="44.561901"><ele>75.378448</ele><time>2020-10-28T23:21:04Z</time><extensions><speed>4.960000</speed><course>88.593750</course><hAcc>5.000000</hAcc><vAcc>4.000000</vAcc></extensions></trkpt>
      <trkpt lon="-123.276083" lat="44.561902"><ele>75.471268</ele><time>2020-10-28T23:21:05Z</time><extensions><speed>5.230000</speed><course>89.296875</course><hAcc>5.000000</hAcc><vAcc>4.000000</vAcc></extensions></trkpt>
      <trkpt lon="-123.276040" lat="44.561901"><ele>75.474472</ele><time>2020-10-28T23:21:06Z</time><extensions><speed>5.230000</speed><course>80.156250</course><hAcc>5.000000</hAcc><vAcc>4.000000</vAcc></extensions></trkpt>
      <trkpt lon="-123.275977" lat="44.561906"><ele>75.479500</ele><time>2020-10-28T23:21:07Z</time><extensions><speed>5.220000</speed><course>85.078125</course><hAcc>5.000000</hAcc><vAcc>4.000000</vAcc></extensions></trkpt>
      <trkpt lon="-123.275909" lat="44.561912"><ele>75.633644</ele><time>2020-10-28T23:21:08Z</time><extensions><speed>5.220000</speed><course>87.187500</course><hAcc>5.000000</hAcc><vAcc>4.000000</vAcc></extensions></trkpt>
      <trkpt lon="-123.275848" lat="44.561907"><ele>75.376518</ele><time>2020-10-28T23:21:09Z</time><extensions><speed>5.110000</speed><course>88.593750</course><hAcc>5.000000</hAcc><vAcc>4.000000</vAcc></extensions></trkpt>
      <trkpt lon="-123.275791" lat="44.561907"><ele>75.536400</ele><time>2020-10-28T23:21:10Z</time><extensions><speed>5.110000</speed><course>79.804688</course><hAcc>5.000000</hAcc><vAcc>4.000000</vAcc></extensions></trkpt>
      <trkpt lon="-123.275742" lat="44.561913"><ele>75.377045</ele><time>2020-10-28T23:21:11Z</time><extensions><speed>5.110000</speed><course>80.859375</course><hAcc>5.000000</hAcc><vAcc>4.000000</vAcc></extensions></trkpt>
      <trkpt lon="-123.275669" lat="44.561915"><ele>75.109390</ele><time>2020-10-28T23:21:12Z</time><extensions><speed>5.450000</speed><course>81.210938</course><hAcc>5.000000</hAcc><vAcc>4.000000</vAcc></extensions></trkpt>
      <trkpt lon="-123.275598" lat="44.561921"><ele>74.687012</ele><time>2020-10-28T23:21:13Z</time><extensions><speed>5.570000</speed><course>84.375000</course><hAcc>5.000000</hAcc><vAcc>4.000000</vAcc></extensions></trkpt>
      <trkpt lon="-123.275534" lat="44.561933"><ele>74.657974</ele><time>2020-10-28T23:21:14Z</time><extensions><speed>5.570000</speed><course>85.781250</course><hAcc>5.000000</hAcc><vAcc>4.000000</vAcc></extensions></trkpt>
      <trkpt lon="-123.275468" lat="44.561937"><ele>74.806015</ele><time>2020-10-28T23:21:15Z</time><extensions><speed>5.220000</speed><course>85.781250</course><hAcc>5.000000</hAcc><vAcc>4.000000</vAcc></extensions></trkpt>
      <trkpt lon="-123.275390" lat="44.561924"><ele>74.566292</ele><time>2020-10-28T23:21:16Z</time><extensions><speed>5.220000</speed><course>92.812500</course><hAcc>5.000000</hAcc><vAcc>4.000000</vAcc></extensions></trkpt>
      <trkpt lon="-123.275322" lat="44.561936"><ele>74.484428</ele><time>2020-10-28T23:21:17Z</time><extensions><speed>5.420000</speed><course>90.703125</course><hAcc>5.000000</hAcc><vAcc>4.000000</vAcc></extensions></trkpt>
      <trkpt lon="-123.275231" lat="44.561931"><ele>74.642609</ele><time>2020-10-28T23:21:18Z</time><extensions><speed>5.420000</speed><course>88.242188</course><hAcc>5.000000</hAcc><vAcc>4.000000</vAcc></extensions></trkpt>
      <trkpt lon="-123.275157" lat="44.561929"><ele>74.652168</ele><time>2020-10-28T23:21:19Z</time><extensions><speed>5.420000</speed><course>90.351562</course><hAcc>5.000000</hAcc><vAcc>4.000000</vAcc></extensions></trkpt>
      <trkpt lon="-123.275092" lat="44.561925"><ele>74.758194</ele><time>2020-10-28T23:21:20Z</time><extensions><speed>5.820000</speed><course>92.460938</course><hAcc>5.000000</hAcc><vAcc>4.000000</vAcc></extensions></trkpt>
      <trkpt lon="-123.275007" lat="44.561937"><ele>74.318916</ele><time>2020-10-28T23:21:21Z</time><extensions><speed>5.530000</speed><course>91.406250</course><hAcc>5.000000</hAcc><vAcc>4.000000</vAcc></extensions></trkpt>
      <trkpt lon="-123.274941" lat="44.561940"><ele>74.182541</ele><time>2020-10-28T23:21:22Z</time><extensions><speed>5.530000</speed><course>89.296875</course><hAcc>5.000000</hAcc><vAcc>4.000000</vAcc></extensions></trkpt>
      <trkpt lon="-123.274876" lat="44.561941"><ele>74.254471</ele><time>2020-10-28T23:21:23Z</time><extensions><speed>5.220000</speed><course>89.296875</course><hAcc>5.000000</hAcc><vAcc>4.000000</vAcc></extensions></trkpt>
      <trkpt lon="-123.274799" lat="44.561948"><ele>73.971245</ele><time>2020-10-28T23:21:24Z</time><extensions><speed>5.220000</speed><course>91.406250</course><hAcc>5.000000</hAcc><vAcc>4.000000</vAcc></extensions></trkpt>
      <trkpt lon="-123.274717" lat="44.561957"><ele>73.840385</ele><time>2020-10-28T23:21:25Z</time><extensions><speed>5.660000</speed><course>92.460938</course><hAcc>5.000000</hAcc><vAcc>4.000000</vAcc></extensions></trkpt>
      <trkpt lon="-123.274646" lat="44.561962"><ele>74.050011</ele><time>2020-10-28T23:21:26Z</time><extensions><speed>5.660000</speed><course>85.078125</course><hAcc>5.000000</hAcc><vAcc>3.000000</vAcc></extensions></trkpt>
      <trkpt lon="-123.274578" lat="44.561966"><ele>73.837402</ele><time>2020-10-28T23:21:27Z</time><extensions><speed>5.390000</speed><course>85.078125</course><hAcc>5.000000</hAcc><vAcc>3.000000</vAcc></extensions></trkpt>
      <trkpt lon="-123.274528" lat="44.561960"><ele>73.684517</ele><time>2020-10-28T23:21:28Z</time><extensions><speed>5.390000</speed><course>96.679688</course><hAcc>5.000000</hAcc><vAcc>3.000000</vAcc></extensions></trkpt>
      <trkpt lon="-123.274473" lat="44.561944"><ele>73.464325</ele><time>2020-10-28T23:21:29Z</time><extensions><speed>4.820000</speed><course>116.015625</course><hAcc>5.000000</hAcc><vAcc>3.000000</vAcc></extensions></trkpt>
      <trkpt lon="-123.274418" lat="44.561925"><ele>73.331551</ele><time>2020-10-28T23:21:30Z</time><extensions><speed>4.820000</speed><course>116.015625</course><hAcc>5.000000</hAcc><vAcc>4.000000</vAcc></extensions></trkpt>
      <trkpt lon="-123.274409" lat="44.561883"><ele>73.599953</ele><time>2020-10-28T23:21:31Z</time><extensions><speed>4.820000</speed><course>161.015625</course><hAcc>5.000000</hAcc><vAcc>3.000000</vAcc></extensions></trkpt>
      <trkpt lon="-123.274429" lat="44.561841"><ele>73.465157</ele><time>2020-10-28T23:21:32Z</time><extensions><speed>4.510000</speed><course>183.164062</course><hAcc>5.000000</hAcc><vAcc>3.000000</vAcc></extensions></trkpt>
      <trkpt lon="-123.274432" lat="44.561801"><ele>73.406738</ele><time>2020-10-28T23:21:33Z</time><extensions><speed>4.430000</speed><course>183.164062</course><hAcc>5.000000</hAcc><vAcc>4.000000</vAcc></extensions></trkpt>
      <trkpt lon="-123.274435" lat="44.561757"><ele>73.420929</ele><time>2020-10-28T23:21:34Z</time><extensions><speed>4.920000</speed><course>183.867188</course><hAcc>5.000000</hAcc><vAcc>3.000000</vAcc></extensions></trkpt>
      <trkpt lon="-123.274424" lat="44.561710"><ele>73.201447</ele><time>2020-10-28T23:21:35Z</time><extensions><speed>4.920000</speed><course>178.242188</course><hAcc>5.000000</hAcc><vAcc>3.000000</vAcc></extensions></trkpt>
      <trkpt lon="-123.274418" lat="44.561672"><ele>73.119064</ele><time>2020-10-28T23:21:36Z</time><extensions><speed>4.920000</speed><course>177.539062</course><hAcc>5.000000</hAcc><vAcc>3.000000</vAcc></extensions></trkpt>
      <trkpt lon="-123.274396" lat="44.561627"><ele>73.257652</ele><time>2020-10-28T23:21:37Z</time><extensions><speed>5.190000</speed><course>180.703125</course><hAcc>5.000000</hAcc><vAcc>3.000000</vAcc></extensions></trkpt>
      <trkpt lon="-123.274406" lat="44.561578"><ele>73.206406</ele><time>2020-10-28T23:21:38Z</time><extensions><speed>5.760000</speed><course>179.296875</course><hAcc>5.000000</hAcc><vAcc>3.000000</vAcc></extensions></trkpt>
      <trkpt lon="-123.274400" lat="44.561531"><ele>73.065216</ele><time>2020-10-28T23:21:39Z</time><extensions><speed>5.360000</speed><course>174.023438</course><hAcc>5.000000</hAcc><vAcc>3.000000</vAcc></extensions></trkpt>
      <trkpt lon="-123.274389" lat="44.561480"><ele>72.859695</ele><time>2020-10-28T23:21:40Z</time><extensions><speed>5.360000</speed><course>170.859375</course><hAcc>5.000000</hAcc><vAcc>3.000000</vAcc></extensions></trkpt>
      <trkpt lon="-123.274384" lat="44.561438"><ele>73.116730</ele><time>2020-10-28T23:21:41Z</time><extensions><speed>5.230000</speed><course>172.617188</course><hAcc>5.000000</hAcc><vAcc>3.000000</vAcc></extensions></trkpt>
      <trkpt lon="-123.274370" lat="44.561388"><ele>72.784943</ele><time>2020-10-28T23:21:42Z</time><extensions><speed>5.800000</speed><course>170.859375</course><hAcc>5.000000</hAcc><vAcc>3.000000</vAcc></extensions></trkpt>
      <trkpt lon="-123.274329" lat="44.561349"><ele>72.541870</ele><time>2020-10-28T23:21:43Z</time><extensions><speed>5.430000</speed><course>164.531250</course><hAcc>5.000000</hAcc><vAcc>4.000000</vAcc></extensions></trkpt>
      <trkpt lon="-123.274315" lat="44.561299"><ele>72.529861</ele><time>2020-10-28T23:21:44Z</time><extensions><speed>5.430000</speed><course>168.398438</course><hAcc>5.000000</hAcc><vAcc>4.000000</vAcc></extensions></trkpt>
      <trkpt lon="-123.274301" lat="44.561250"><ele>72.630028</ele><time>2020-10-28T23:21:45Z</time><extensions><speed>5.720000</speed><course>167.695312</course><hAcc>5.000000</hAcc><vAcc>4.000000</vAcc></extensions></trkpt>
      <trkpt lon="-123.274298" lat="44.561199"><ele>72.872093</ele><time>2020-10-28T23:21:46Z</time><extensions><speed>5.760000</speed><course>170.859375</course><hAcc>5.000000</hAcc><vAcc>4.000000</vAcc></extensions></trkpt>
      <trkpt lon="-123.274294" lat="44.561148"><ele>72.493111</ele><time>2020-10-28T23:21:47Z</time><extensions><speed>5.720000</speed><course>172.968750</course><hAcc>5.000000</hAcc><vAcc>4.000000</vAcc></extensions></trkpt>
      <trkpt lon="-123.274278" lat="44.561122"><ele>72.520584</ele><time>2020-10-28T23:21:48Z</time><extensions><speed>5.710000</speed><course>158.554688</course><hAcc>5.000000</hAcc><vAcc>4.000000</vAcc></extensions></trkpt>
      <trkpt lon="-123.274271" lat="44.561075"><ele>72.469574</ele><time>2020-10-28T23:21:49Z</time><extensions><speed>5.100000</speed><course>169.804688</course><hAcc>5.000000</hAcc><vAcc>4.000000</vAcc></extensions></trkpt>
      <trkpt lon="-123.274261" lat="44.561033"><ele>72.487144</ele><time>2020-10-28T23:21:50Z</time><extensions><speed>5.100000</speed><course>169.804688</course><hAcc>5.000000</hAcc><vAcc>4.000000</vAcc></extensions></trkpt>
      <trkpt lon="-123.274267" lat="44.560993"><ele>72.628494</ele><time>2020-10-28T23:21:51Z</time><extensions><speed>5.100000</speed><course>175.078125</course><hAcc>5.000000</hAcc><vAcc>4.000000</vAcc></extensions></trkpt>
      <trkpt lon="-123.274271" lat="44.560949"><ele>72.597191</ele><time>2020-10-28T23:21:52Z</time><extensions><speed>5.140000</speed><course>175.781250</course><hAcc>5.000000</hAcc><vAcc>4.000000</vAcc></extensions></trkpt>
      <trkpt lon="-123.274253" lat="44.560899"><ele>72.664856</ele><time>2020-10-28T23:21:53Z</time><extensions><speed>5.390000</speed><course>176.484375</course><hAcc>5.000000</hAcc><vAcc>4.000000</vAcc></extensions></trkpt>
      <trkpt lon="-123.274246" lat="44.560850"><ele>72.578331</ele><time>2020-10-28T23:21:54Z</time><extensions><speed>5.650000</speed><course>173.320312</course><hAcc>5.000000</hAcc><vAcc>3.000000</vAcc></extensions></trkpt>
      <trkpt lon="-123.274238" lat="44.560790"><ele>72.498779</ele><time>2020-10-28T23:21:55Z</time><extensions><speed>5.650000</speed><course>174.023438</course><hAcc>5.000000</hAcc><vAcc>3.000000</vAcc></extensions></trkpt>
      <trkpt lon="-123.274220" lat="44.560713"><ele>72.370148</ele><time>2020-10-28T23:21:56Z</time><extensions><speed>5.650000</speed><course>174.023438</course><hAcc>5.000000</hAcc><vAcc>3.000000</vAcc></extensions></trkpt>
      <trkpt lon="-123.274213" lat="44.560661"><ele>72.442383</ele><time>2020-10-28T23:21:57Z</time><extensions><speed>5.360000</speed><course>172.617188</course><hAcc>5.000000</hAcc><vAcc>3.000000</vAcc></extensions></trkpt>
      <trkpt lon="-123.274202" lat="44.560614"><ele>72.544907</ele><time>2020-10-28T23:21:58Z</time><extensions><speed>5.580000</speed><course>170.859375</course><hAcc>5.000000</hAcc><vAcc>3.000000</vAcc></extensions></trkpt>
      <trkpt lon="-123.274194" lat="44.560553"><ele>72.437775</ele><time>2020-10-28T23:21:59Z</time><extensions><speed>5.580000</speed><course>174.375000</course><hAcc>5.000000</hAcc><vAcc>3.000000</vAcc></extensions></trkpt>
      <trkpt lon="-123.274137" lat="44.560488"><ele>72.431816</ele><time>2020-10-28T23:22:00Z</time><extensions><speed>6.000000</speed><course>170.156250</course><hAcc>5.000000</hAcc><vAcc>3.000000</vAcc></extensions></trkpt>
      <trkpt lon="-123.274154" lat="44.560448"><ele>72.360191</ele><time>2020-10-28T23:22:01Z</time><extensions><speed>5.240000</speed><course>165.937500</course><hAcc>5.000000</hAcc><vAcc>3.000000</vAcc></extensions></trkpt>
      <trkpt lon="-123.274121" lat="44.560394"><ele>72.727348</ele><time>2020-10-28T23:22:02Z</time><extensions><speed>5.510000</speed><course>158.203125</course><hAcc>5.000000</hAcc><vAcc>3.000000</vAcc></extensions></trkpt>
      <trkpt lon="-123.274098" lat="44.560342"><ele>72.432167</ele><time>2020-10-28T23:22:03Z</time><extensions><speed>5.510000</speed><course>159.257812</course><hAcc>5.000000</hAcc><vAcc>3.000000</vAcc></extensions></trkpt>
      <trkpt lon="-123.274085" lat="44.560300"><ele>72.652840</ele><time>2020-10-28T23:22:04Z</time><extensions><speed>5.510000</speed><course>163.828125</course><hAcc>5.000000</hAcc><vAcc>3.000000</vAcc></extensions></trkpt>
      <trkpt lon="-123.274056" lat="44.560252"><ele>72.566917</ele><time>2020-10-28T23:22:05Z</time><extensions><speed>5.000000</speed><course>153.281250</course><hAcc>5.000000</hAcc><vAcc>3.000000</vAcc></extensions></trkpt>
      <trkpt lon="-123.274020" lat="44.560215"><ele>72.511841</ele><time>2020-10-28T23:22:06Z</time><extensions><speed>5.000000</speed><course>139.570312</course><hAcc>5.000000</hAcc><vAcc>3.000000</vAcc></extensions></trkpt>
      <trkpt lon="-123.273979" lat="44.560181"><ele>72.397552</ele><time>2020-10-28T23:22:07Z</time><extensions><speed>4.990000</speed><course>139.570312</course><hAcc>5.000000</hAcc><vAcc>3.000000</vAcc></extensions></trkpt>
      <trkpt lon="-123.273927" lat="44.560153"><ele>72.447380</ele><time>2020-10-28T23:22:08Z</time><extensions><speed>4.970000</speed><course>133.945312</course><hAcc>5.000000</hAcc><vAcc>3.000000</vAcc></extensions></trkpt>
      <trkpt lon="-123.273889" lat="44.560120"><ele>73.101326</ele><time>2020-10-28T23:22:09Z</time><extensions><speed>4.760000</speed><course>137.812500</course><hAcc>5.000000</hAcc><vAcc>3.000000</vAcc></extensions></trkpt>
      <trkpt lon="-123.273853" lat="44.560085"><ele>72.692284</ele><time>2020-10-28T23:22:10Z</time><extensions><speed>4.770000</speed><course>138.867188</course><hAcc>5.000000</hAcc><vAcc>3.000000</vAcc></extensions></trkpt>
      <trkpt lon="-123.273838" lat="44.560068"><ele>72.424759</ele><time>2020-10-28T23:22:11Z</time><extensions><speed>4.760000</speed><course>138.164062</course><hAcc>5.000000</hAcc><vAcc>3.000000</vAcc></extensions></trkpt>
      <trkpt lon="-123.273799" lat="44.560038"><ele>72.345230</ele><time>2020-10-28T23:22:12Z</time><extensions><speed>4.570000</speed><course>138.164062</course><hAcc>5.000000</hAcc><vAcc>3.000000</vAcc></extensions></trkpt>
      <trkpt lon="-123.273773" lat="44.560025"><ele>72.367409</ele><time>2020-10-28T23:22:13Z</time><extensions><speed>4.360000</speed><course>116.015625</course><hAcc>5.000000</hAcc><vAcc>3.000000</vAcc></extensions></trkpt>
      <trkpt lon="-123.273701" lat="44.560023"><ele>72.604729</ele><time>2020-10-28T23:22:14Z</time><extensions><speed>4.360000</speed><course>98.437500</course><hAcc>5.000000</hAcc><vAcc>3.000000</vAcc></extensions></trkpt>
      <trkpt lon="-123.273663" lat="44.560016"><ele>72.077499</ele><time>2020-10-28T23:22:15Z</time><extensions><speed>4.200000</speed><course>94.570312</course><hAcc>5.000000</hAcc><vAcc>4.000000</vAcc></extensions></trkpt>
      <trkpt lon="-123.273618" lat="44.560012"><ele>71.670654</ele><time>2020-10-28T23:22:16Z</time><extensions><speed>3.740000</speed><course>95.273438</course><hAcc>5.000000</hAcc><vAcc>4.000000</vAcc></extensions></trkpt>
      <trkpt lon="-123.273547" lat="44.560011"><ele>72.433388</ele><time>2020-10-28T23:22:17Z</time><extensions><speed>4.220000</speed><course>85.078125</course><hAcc>5.000000</hAcc><vAcc>4.000000</vAcc></extensions></trkpt>
      <trkpt lon="-123.273484" lat="44.560013"><ele>71.834969</ele><time>2020-10-28T23:22:18Z</time><extensions><speed>4.220000</speed><course>88.242188</course><hAcc>5.000000</hAcc><vAcc>4.000000</vAcc></extensions></trkpt>
      <trkpt lon="-123.273420" lat="44.560020"><ele>72.445885</ele><time>2020-10-28T23:22:19Z</time><extensions><speed>4.220000</speed><course>80.507812</course><hAcc>5.000000</hAcc><vAcc>4.000000</vAcc></extensions></trkpt>
      <trkpt lon="-123.273351" lat="44.560026"><ele>72.172493</ele><time>2020-10-28T23:22:20Z</time><extensions><speed>4.690000</speed><course>79.453125</course><hAcc>5.000000</hAcc><vAcc>4.000000</vAcc></extensions></trkpt>
      <trkpt lon="-123.273283" lat="44.560034"><ele>72.224068</ele><time>2020-10-28T23:22:21Z</time><extensions><speed>4.800000</speed><course>78.750000</course><hAcc>10.000000</hAcc><vAcc>4.000000</vAcc></extensions></trkpt>
      <trkpt lon="-123.273236" lat="44.560035"><ele>72.242752</ele><time>2020-10-28T23:22:22Z</time><extensions><speed>4.800000</speed><course>82.265625</course><hAcc>10.000000</hAcc><vAcc>4.000000</vAcc></extensions></trkpt>
      <trkpt lon="-123.273209" lat="44.560028"><ele>72.362747</ele><time>2020-10-28T23:22:23Z</time><extensions><speed>3.540000</speed><course>90.703125</course><hAcc>5.000000</hAcc><vAcc>4.000000</vAcc></extensions></trkpt>
      <trkpt lon="-123.273178" lat="44.560021"><ele>72.708656</ele><time>2020-10-28T23:22:24Z</time><extensions><speed>3.370000</speed><course>93.515625</course><hAcc>5.000000</hAcc><vAcc>4.000000</vAcc></extensions></trkpt>
      <trkpt lon="-123.273143" lat="44.560014"><ele>72.753197</ele><time>2020-10-28T23:22:25Z</time><extensions><speed>3.380000</speed><course>94.570312</course><hAcc>10.000000</hAcc><vAcc>4.000000</vAcc></extensions></trkpt>
      <trkpt lon="-123.273100" lat="44.560009"><ele>72.689507</ele><time>2020-10-28T23:22:26Z</time><extensions><speed>4.130000</speed><course>93.164062</course><hAcc>5.000000</hAcc><vAcc>4.000000</vAcc></extensions></trkpt>
      <trkpt lon="-123.273047" lat="44.560008"><ele>72.515640</ele><time>2020-10-28T23:22:27Z</time><extensions><speed>4.040000</speed><course>92.812500</course><hAcc>5.000000</hAcc><vAcc>4.000000</vAcc></extensions></trkpt>
      <trkpt lon="-123.272997" lat="44.560006"><ele>72.967232</ele><time>2020-10-28T23:22:28Z</time><extensions><speed>4.040000</speed><course>92.812500</course><hAcc>5.000000</hAcc><vAcc>4.000000</vAcc></extensions></trkpt>
      <trkpt lon="-123.272947" lat="44.560006"><ele>72.980179</ele><time>2020-10-28T23:22:29Z</time><extensions><speed>4.030000</speed><course>86.835938</course><hAcc>5.000000</hAcc><vAcc>4.000000</vAcc></extensions></trkpt>
      <trkpt lon="-123.272888" lat="44.560007"><ele>72.735374</ele><time>2020-10-28T23:22:30Z</time><extensions><speed>4.750000</speed><course>87.890625</course><hAcc>5.000000</hAcc><vAcc>4.000000</vAcc></extensions></trkpt>
      <trkpt lon="-123.272830" lat="44.560002"><ele>73.049545</ele><time>2020-10-28T23:22:31Z</time><extensions><speed>4.400000</speed><course>90.000000</course><hAcc>5.000000</hAcc><vAcc>4.000000</vAcc></extensions></trkpt>
      <trkpt lon="-123.272769" lat="44.559995"><ele>73.105598</ele><time>2020-10-28T23:22:32Z</time><extensions><speed>4.630000</speed><course>95.625000</course><hAcc>5.000000</hAcc><vAcc>4.000000</vAcc></extensions></trkpt>
      <trkpt lon="-123.272682" lat="44.559964"><ele>72.631493</ele><time>2020-10-28T23:22:33Z</time><extensions><speed>5.140000</speed><course>98.437500</course><hAcc>5.000000</hAcc><vAcc>4.000000</vAcc></extensions></trkpt>
      <trkpt lon="-123.272614" lat="44.559966"><ele>73.041351</ele><time>2020-10-28T23:22:34Z</time><extensions><speed>5.780000</speed><course>94.921875</course><hAcc>5.000000</hAcc><vAcc>4.000000</vAcc></extensions></trkpt>
      <trkpt lon="-123.272542" lat="44.559962"><ele>73.036972</ele><time>2020-10-28T23:22:35Z</time><extensions><speed>5.770000</speed><course>94.921875</course><hAcc>5.000000</hAcc><vAcc>4.000000</vAcc></extensions></trkpt>
      <trkpt lon="-123.272464" lat="44.559990"><ele>73.269485</ele><time>2020-10-28T23:22:36Z</time><extensions><speed>5.770000</speed><course>87.890625</course><hAcc>5.000000</hAcc><vAcc>4.000000</vAcc></extensions></trkpt>
      <trkpt lon="-123.272384" lat="44.559992"><ele>73.035583</ele><time>2020-10-28T23:22:37Z</time><extensions><speed>6.120000</speed><course>89.648438</course><hAcc>5.000000</hAcc><vAcc>4.000000</vAcc></extensions></trkpt>
      <trkpt lon="-123.272300" lat="44.559995"><ele>73.564804</ele><time>2020-10-28T23:22:38Z</time><extensions><speed>6.870000</speed><course>76.289062</course><hAcc>5.000000</hAcc><vAcc>4.000000</vAcc></extensions></trkpt>
      <trkpt lon="-123.272195" lat="44.560026"><ele>73.434250</ele><time>2020-10-28T23:22:39Z</time><extensions><speed>6.790000</speed><course>80.507812</course><hAcc>5.000000</hAcc><vAcc>4.000000</vAcc></extensions></trkpt>
      <trkpt lon="-123.272098" lat="44.560030"><ele>73.437538</ele><time>2020-10-28T23:22:40Z</time><extensions><speed>6.870000</speed><course>88.945312</course><hAcc>5.000000</hAcc><vAcc>4.000000</vAcc></extensions></trkpt>
      <trkpt lon="-123.271999" lat="44.560033"><ele>73.691338</ele><time>2020-10-28T23:22:41Z</time><extensions><speed>7.430000</speed><course>84.023438</course><hAcc>5.000000</hAcc><vAcc>4.000000</vAcc></extensions></trkpt>
      <trkpt lon="-123.271906" lat="44.560040"><ele>73.408363</ele><time>2020-10-28T23:22:42Z</time><extensions><speed>7.430000</speed><course>84.023438</course><hAcc>5.000000</hAcc><vAcc>4.000000</vAcc></extensions></trkpt>
      <trkpt lon="-123.271801" lat="44.560065"><ele>73.562050</ele><time>2020-10-28T23:22:43Z</time><extensions><speed>7.430000</speed><course>82.265625</course><hAcc>10.000000</hAcc><vAcc>4.000000</vAcc></extensions></trkpt>
      <trkpt lon="-123.271706" lat="44.560074"><ele>73.077240</ele><time>2020-10-28T23:22:44Z</time><extensions><speed>7.620000</speed><course>82.265625</course><hAcc>10.000000</hAcc><vAcc>4.000000</vAcc></extensions></trkpt>
      <trkpt lon="-123.271603" lat="44.560102"><ele>73.292702</ele><time>2020-10-28T23:22:45Z</time><extensions><speed>7.340000</speed><course>77.343750</course><hAcc>10.000000</hAcc><vAcc>4.000000</vAcc></extensions></trkpt>
      <trkpt lon="-123.271514" lat="44.560103"><ele>73.293938</ele><time>2020-10-28T23:22:46Z</time><extensions><speed>7.070000</speed><course>76.992188</course><hAcc>10.000000</hAcc><vAcc>4.000000</vAcc></extensions></trkpt>
      <trkpt lon="-123.271432" lat="44.560101"><ele>73.308868</ele><time>2020-10-28T23:22:47Z</time><extensions><speed>6.810000</speed><course>83.671875</course><hAcc>5.000000</hAcc><vAcc>4.000000</vAcc></extensions></trkpt>
      <trkpt lon="-123.271381" lat="44.560103"><ele>73.318703</ele><time>2020-10-28T23:22:48Z</time><extensions><speed>4.810000</speed><course>80.859375</course><hAcc>5.000000</hAcc><vAcc>4.000000</vAcc></extensions></trkpt>
      <trkpt lon="-123.271308" lat="44.560107"><ele>73.129280</ele><time>2020-10-28T23:22:49Z</time><extensions><speed>5.980000</speed><course>75.585938</course><hAcc>5.000000</hAcc><vAcc>4.000000</vAcc></extensions></trkpt>
      <trkpt lon="-123.271230" lat="44.560112"><ele>73.273338</ele><time>2020-10-28T23:22:50Z</time><extensions><speed>5.920000</speed><course>81.210938</course><hAcc>5.000000</hAcc><vAcc>4.000000</vAcc></extensions></trkpt>
      <trkpt lon="-123.271149" lat="44.560118"><ele>72.829605</ele><time>2020-10-28T23:22:51Z</time><extensions><speed>6.300000</speed><course>80.859375</course><hAcc>5.000000</hAcc><vAcc>4.000000</vAcc></extensions></trkpt>
      <trkpt lon="-123.271082" lat="44.560121"><ele>72.773476</ele><time>2020-10-28T23:22:52Z</time><extensions><speed>5.900000</speed><course>85.429688</course><hAcc>5.000000</hAcc><vAcc>4.000000</vAcc></extensions></trkpt>
      <trkpt lon="-123.271033" lat="44.560117"><ele>72.986557</ele><time>2020-10-28T23:22:53Z</time><extensions><speed>4.480000</speed><course>87.890625</course><hAcc>5.000000</hAcc><vAcc>4.000000</vAcc></extensions></trkpt>
      <trkpt lon="-123.270985" lat="44.560067"><ele>73.111710</ele><time>2020-10-28T23:22:54Z</time><extensions><speed>5.010000</speed><course>126.562500</course><hAcc>5.000000</hAcc><vAcc>4.000000</vAcc></extensions></trkpt>
      <trkpt lon="-123.270953" lat="44.560017"><ele>73.314644</ele><time>2020-10-28T23:22:55Z</time><extensions><speed>5.010000</speed><course>139.570312</course><hAcc>10.000000</hAcc><vAcc>4.000000</vAcc></extensions></trkpt>
      <trkpt lon="-123.270980" lat="44.559944"><ele>73.472198</ele><time>2020-10-28T23:22:56Z</time><extensions><speed>5.260000</speed><course>168.046875</course><hAcc>5.000000</hAcc><vAcc>4.000000</vAcc></extensions></trkpt>
      <trkpt lon="-123.270952" lat="44.559892"><ele>73.533646</ele><time>2020-10-28T23:22:57Z</time><extensions><speed>5.490000</speed><course>167.343750</course><hAcc>5.000000</hAcc><vAcc>4.000000</vAcc></extensions></trkpt>
      <trkpt lon="-123.270936" lat="44.559844"><ele>73.609100</ele><time>2020-10-28T23:22:58Z</time><extensions><speed>5.490000</speed><course>167.343750</course><hAcc>10.000000</hAcc><vAcc>4.000000</vAcc></extensions></trkpt>
      <trkpt lon="-123.270929" lat="44.559783"><ele>73.189240</ele><time>2020-10-28T23:22:59Z</time><extensions><speed>5.490000</speed><course>174.023438</course><hAcc>10.000000</hAcc><vAcc>4.000000</vAcc></extensions></trkpt>
      <trkpt lon="-123.270935" lat="44.559711"><ele>73.756210</ele><time>2020-10-28T23:23:00Z</time><extensions><speed>5.970000</speed><course>177.539062</course><hAcc>10.000000</hAcc><vAcc>4.000000</vAcc></extensions></trkpt>
      <trkpt lon="-123.270922" lat="44.559614"><ele>73.829544</ele><time>2020-10-28T23:23:01Z</time><extensions><speed>6.540000</speed><course>172.265625</course><hAcc>5.000000</hAcc><vAcc>3.000000</vAcc></extensions></trkpt>
      <trkpt lon="-123.270913" lat="44.559549"><ele>73.457176</ele><time>2020-10-28T23:23:02Z</time><extensions><speed>6.540000</speed><course>165.585938</course><hAcc>5.000000</hAcc><vAcc>4.000000</vAcc></extensions></trkpt>
      <trkpt lon="-123.270894" lat="44.559496"><ele>73.440964</ele><time>2020-10-28T23:23:03Z</time><extensions><speed>6.140000</speed><course>165.585938</course><hAcc>5.000000</hAcc><vAcc>4.000000</vAcc></extensions></trkpt>
      <trkpt lon="-123.270906" lat="44.559438"><ele>73.378624</ele><time>2020-10-28T23:23:04Z</time><extensions><speed>6.140000</speed><course>172.617188</course><hAcc>5.000000</hAcc><vAcc>3.000000</vAcc></extensions></trkpt>
      <trkpt lon="-123.270916" lat="44.559384"><ele>73.291008</ele><time>2020-10-28T23:23:05Z</time><extensions><speed>5.350000</speed><course>178.593750</course><hAcc>5.000000</hAcc><vAcc>3.000000</vAcc></extensions></trkpt>
      <trkpt lon="-123.270931" lat="44.559339"><ele>73.539558</ele><time>2020-10-28T23:23:06Z</time><extensions><speed>5.500000</speed><course>182.460938</course><hAcc>5.000000</hAcc><vAcc>4.000000</vAcc></extensions></trkpt>
      <trkpt lon="-123.270933" lat="44.559289"><ele>73.515137</ele><time>2020-10-28T23:23:07Z</time><extensions><speed>5.500000</speed><course>182.460938</course><hAcc>5.000000</hAcc><vAcc>4.000000</vAcc></extensions></trkpt>
      <trkpt lon="-123.270915" lat="44.559250"><ele>73.218712</ele><time>2020-10-28T23:23:08Z</time><extensions><speed>5.500000</speed><course>174.023438</course><hAcc>10.000000</hAcc><vAcc>4.000000</vAcc></extensions></trkpt>
      <trkpt lon="-123.270903" lat="44.559196"><ele>73.223511</ele><time>2020-10-28T23:23:09Z</time><extensions><speed>5.610000</speed><course>162.773438</course><hAcc>5.000000</hAcc><vAcc>4.000000</vAcc></extensions></trkpt>
      <trkpt lon="-123.270902" lat="44.559160"><ele>73.008736</ele><time>2020-10-28T23:23:10Z</time><extensions><speed>5.610000</speed><course>166.640625</course><hAcc>5.000000</hAcc><vAcc>3.000000</vAcc></extensions></trkpt>
      <trkpt lon="-123.270901" lat="44.559126"><ele>72.829124</ele><time>2020-10-28T23:23:11Z</time><extensions><speed>4.870000</speed><course>174.023438</course><hAcc>5.000000</hAcc><vAcc>4.000000</vAcc></extensions></trkpt>
      <trkpt lon="-123.270870" lat="44.559054"><ele>72.988335</ele><time>2020-10-28T23:23:12Z</time><extensions><speed>4.870000</speed><course>171.914062</course><hAcc>5.000000</hAcc><vAcc>4.000000</vAcc></extensions></trkpt>
      <trkpt lon="-123.270856" lat="44.558997"><ele>73.010544</ele><time>2020-10-28T23:23:13Z</time><extensions><speed>5.840000</speed><course>169.101562</course><hAcc>5.000000</hAcc><vAcc>4.000000</vAcc></extensions></trkpt>
      <trkpt lon="-123.270845" lat="44.558949"><ele>72.771599</ele><time>2020-10-28T23:23:14Z</time><extensions><speed>5.840000</speed><course>169.101562</course><hAcc>5.000000</hAcc><vAcc>4.000000</vAcc></extensions></trkpt>
      <trkpt lon="-123.270860" lat="44.558916"><ele>72.875870</ele><time>2020-10-28T23:23:15Z</time><extensions><speed>5.010000</speed><course>181.757812</course><hAcc>5.000000</hAcc><vAcc>4.000000</vAcc></extensions></trkpt>
      <trkpt lon="-123.270854" lat="44.558885"><ele>73.054909</ele><time>2020-10-28T23:23:16Z</time><extensions><speed>4.480000</speed><course>165.585938</course><hAcc>5.000000</hAcc><vAcc>4.000000</vAcc></extensions></trkpt>
      <trkpt lon="-123.270840" lat="44.558825"><ele>73.039093</ele><time>2020-10-28T23:23:17Z</time><extensions><speed>4.520000</speed><course>192.304688</course><hAcc>5.000000</hAcc><vAcc>4.000000</vAcc></extensions></trkpt>
      <trkpt lon="-123.270853" lat="44.558785"><ele>72.391411</ele><time>2020-10-28T23:23:18Z</time><extensions><speed>4.520000</speed><course>192.304688</course><hAcc>5.000000</hAcc><vAcc>4.000000</vAcc></extensions></trkpt>
      <trkpt lon="-123.270899" lat="44.558773"><ele>72.283920</ele><time>2020-10-28T23:23:19Z</time><extensions><speed>4.510000</speed><course>238.007812</course><hAcc>5.000000</hAcc><vAcc>3.000000</vAcc></extensions></trkpt>
      <trkpt lon="-123.270944" lat="44.558732"><ele>72.446434</ele><time>2020-10-28T23:23:20Z</time><extensions><speed>4.200000</speed><course>234.492188</course><hAcc>5.000000</hAcc><vAcc>4.000000</vAcc></extensions></trkpt>
      <trkpt lon="-123.270983" lat="44.558716"><ele>72.304794</ele><time>2020-10-28T23:23:21Z</time><extensions><speed>3.860000</speed><course>241.523438</course><hAcc>5.000000</hAcc><vAcc>4.000000</vAcc></extensions></trkpt>
      <trkpt lon="-123.271026" lat="44.558699"><ele>72.354111</ele><time>2020-10-28T23:23:22Z</time><extensions><speed>3.860000</speed><course>241.523438</course><hAcc>10.000000</hAcc><vAcc>4.000000</vAcc></extensions></trkpt>
      <trkpt lon="-123.271058" lat="44.558718"><ele>72.360222</ele><time>2020-10-28T23:23:23Z</time><extensions><speed>3.860000</speed><course>271.054688</course><hAcc>5.000000</hAcc><vAcc>4.000000</vAcc></extensions></trkpt>
      <trkpt lon="-123.271083" lat="44.558727"><ele>72.344490</ele><time>2020-10-28T23:23:24Z</time><extensions><speed>2.510000</speed><course>281.953125</course><hAcc>5.000000</hAcc><vAcc>4.000000</vAcc></extensions></trkpt>
      <trkpt lon="-123.271114" lat="44.558731"><ele>72.469948</ele><time>2020-10-28T23:23:25Z</time><extensions><speed>2.510000</speed><course>281.953125</course><hAcc>10.000000</hAcc><vAcc>4.000000</vAcc></extensions></trkpt>
      <trkpt lon="-123.271125" lat="44.558726"><ele>72.449966</ele><time>2020-10-28T23:23:26Z</time><extensions><speed>2.510000</speed><course>246.093750</course><hAcc>5.000000</hAcc><vAcc>4.000000</vAcc></extensions></trkpt>
      <trkpt lon="-123.271137" lat="44.558728"><ele>72.430389</ele><time>2020-10-28T23:23:27Z</time><extensions><speed>1.130000</speed><course>266.132812</course><hAcc>5.000000</hAcc><vAcc>4.000000</vAcc></extensions></trkpt>
      <trkpt lon="-123.271149" lat="44.558727"><ele>72.469742</ele><time>2020-10-28T23:23:28Z</time><extensions><speed>1.030000</speed><course>248.203125</course><hAcc>5.000000</hAcc><vAcc>4.000000</vAcc></extensions></trkpt>
      <trkpt lon="-123.271163" lat="44.558723"><ele>72.454758</ele><time>2020-10-28T23:23:29Z</time><extensions><speed>1.010000</speed><course>248.554688</course><hAcc>5.000000</hAcc><vAcc>4.000000</vAcc></extensions></trkpt>
      <trkpt lon="-123.271166" lat="44.558722"><ele>72.276245</ele><time>2020-10-28T23:23:30Z</time><extensions><speed>0.150000</speed><course>252.773438</course><hAcc>5.000000</hAcc><vAcc>4.000000</vAcc></extensions></trkpt>
      <trkpt lon="-123.271166" lat="44.558722"><ele>72.357155</ele><time>2020-10-28T23:23:31Z</time><extensions><speed>0.000000</speed><course>254.179688</course><hAcc>5.000000</hAcc><vAcc>4.000000</vAcc></extensions></trkpt>
      <trkpt lon="-123.271166" lat="44.558722"><ele>72.402885</ele><time>2020-10-28T23:23:32Z</time><extensions><speed>0.000000</speed><course>245.742188</course><hAcc>5.000000</hAcc><vAcc>4.000000</vAcc></extensions></trkpt>
      <trkpt lon="-123.271166" lat="44.558722"><ele>72.318710</ele><time>2020-10-28T23:23:33Z</time><extensions><speed>0.000000</speed><course>322.734375</course><hAcc>5.000000</hAcc><vAcc>4.000000</vAcc></extensions></trkpt>
      <trkpt lon="-123.271166" lat="44.558722"><ele>72.380913</ele><time>2020-10-28T23:23:34Z</time><extensions><speed>0.000000</speed><course>7.031250</course><hAcc>5.000000</hAcc><vAcc>4.000000</vAcc></extensions></trkpt>
      <trkpt lon="-123.271166" lat="44.558722"><ele>72.387421</ele><time>2020-10-28T23:23:35Z</time><extensions><speed>0.000000</speed><course>7.031250</course><hAcc>5.000000</hAcc><vAcc>3.000000</vAcc></extensions></trkpt>
      <trkpt lon="-123.271166" lat="44.558722"><ele>72.352928</ele><time>2020-10-28T23:23:36Z</time><extensions><speed>0.000000</speed><course>7.031250</course><hAcc>5.000000</hAcc><vAcc>3.000000</vAcc></extensions></trkpt>
      <trkpt lon="-123.271166" lat="44.558722"><ele>72.384445</ele><time>2020-10-28T23:23:37Z</time><extensions><speed>0.000000</speed><course>7.031250</course><hAcc>5.000000</hAcc><vAcc>3.000000</vAcc></extensions></trkpt>
      <trkpt lon="-123.271166" lat="44.558722"><ele>72.378548</ele><time>2020-10-28T23:23:38Z</time><extensions><speed>0.000000</speed><course>7.031250</course><hAcc>5.000000</hAcc><vAcc>4.000000</vAcc></extensions></trkpt>
      <trkpt lon="-123.271166" lat="44.558722"><ele>72.359680</ele><time>2020-10-28T23:23:39Z</time><extensions><speed>0.000000</speed><course>7.031250</course><hAcc>5.000000</hAcc><vAcc>4.000000</vAcc></extensions></trkpt>
      <trkpt lon="-123.271166" lat="44.558722"><ele>72.309692</ele><time>2020-10-28T23:23:40Z</time><extensions><speed>0.000000</speed><course>88.242188</course><hAcc>5.000000</hAcc><vAcc>4.000000</vAcc></extensions></trkpt>
      <trkpt lon="-123.271175" lat="44.558728"><ele>72.327599</ele><time>2020-10-28T23:23:41Z</time><extensions><speed>0.830000</speed><course>91.406250</course><hAcc>5.000000</hAcc><vAcc>4.000000</vAcc></extensions></trkpt>
      <trkpt lon="-123.271160" lat="44.558728"><ele>72.373833</ele><time>2020-10-28T23:23:42Z</time><extensions><speed>1.320000</speed><course>91.757812</course><hAcc>5.000000</hAcc><vAcc>4.000000</vAcc></extensions></trkpt>
      <trkpt lon="-123.271153" lat="44.558728"><ele>72.358742</ele><time>2020-10-28T23:23:43Z</time><extensions><speed>0.230000</speed><course>92.812500</course><hAcc>5.000000</hAcc><vAcc>4.000000</vAcc></extensions></trkpt>
      <trkpt lon="-123.271149" lat="44.558728"><ele>72.433464</ele><time>2020-10-28T23:23:44Z</time><extensions><speed>0.310000</speed><course>95.625000</course><hAcc>5.000000</hAcc><vAcc>4.000000</vAcc></extensions></trkpt>
      <trkpt lon="-123.271138" lat="44.558723"><ele>72.375908</ele><time>2020-10-28T23:23:45Z</time><extensions><speed>1.540000</speed><course>131.132812</course><hAcc>5.000000</hAcc><vAcc>4.000000</vAcc></extensions></trkpt>
      <trkpt lon="-123.271125" lat="44.558712"><ele>72.330658</ele><time>2020-10-28T23:23:46Z</time><extensions><speed>1.540000</speed><course>143.085938</course><hAcc>5.000000</hAcc><vAcc>4.000000</vAcc></extensions></trkpt>
      <trkpt lon="-123.271119" lat="44.558700"><ele>72.314346</ele><time>2020-10-28T23:23:47Z</time><extensions><speed>1.240000</speed><course>152.226562</course><hAcc>5.000000</hAcc><vAcc>4.000000</vAcc></extensions></trkpt>
      <trkpt lon="-123.271116" lat="44.558690"><ele>72.538467</ele><time>2020-10-28T23:23:48Z</time><extensions><speed>0.900000</speed><course>162.070312</course><hAcc>5.000000</hAcc><vAcc>4.000000</vAcc></extensions></trkpt>
      <trkpt lon="-123.271108" lat="44.558684"><ele>72.343498</ele><time>2020-10-28T23:23:49Z</time><extensions><speed>1.330000</speed><course>139.218750</course><hAcc>5.000000</hAcc><vAcc>4.000000</vAcc></extensions></trkpt>
      <trkpt lon="-123.271095" lat="44.558678"><ele>72.363914</ele><time>2020-10-28T23:23:50Z</time><extensions><speed>1.340000</speed><course>117.421875</course><hAcc>5.000000</hAcc><vAcc>4.000000</vAcc></extensions></trkpt>
      <trkpt lon="-123.271079" lat="44.558673"><ele>72.235817</ele><time>2020-10-28T23:23:51Z</time><extensions><speed>1.340000</speed><course>112.148438</course><hAcc>5.000000</hAcc><vAcc>4.000000</vAcc></extensions></trkpt>
      <trkpt lon="-123.271063" lat="44.558671"><ele>72.906845</ele><time>2020-10-28T23:23:52Z</time><extensions><speed>1.340000</speed><course>111.093750</course><hAcc>5.000000</hAcc><vAcc>4.000000</vAcc></extensions></trkpt>
      <trkpt lon="-123.271046" lat="44.558669"><ele>72.603973</ele><time>2020-10-28T23:23:53Z</time><extensions><speed>1.100000</speed><course>106.875000</course><hAcc>5.000000</hAcc><vAcc>4.000000</vAcc></extensions></trkpt>
      <trkpt lon="-123.271028" lat="44.558666"><ele>72.653297</ele><time>2020-10-28T23:23:54Z</time><extensions><speed>1.100000</speed><course>91.406250</course><hAcc>5.000000</hAcc><vAcc>4.000000</vAcc></extensions></trkpt>
      <trkpt lon="-123.271012" lat="44.558666"><ele>72.484909</ele><time>2020-10-28T23:23:55Z</time><extensions><speed>1.010000</speed><course>89.296875</course><hAcc>5.000000</hAcc><vAcc>4.000000</vAcc></extensions></trkpt>
      <trkpt lon="-123.270996" lat="44.558668"><ele>72.452446</ele><time>2020-10-28T23:23:56Z</time><extensions><speed>1.010000</speed><course>76.289062</course><hAcc>5.000000</hAcc><vAcc>4.000000</vAcc></extensions></trkpt>
      <trkpt lon="-123.270983" lat="44.558672"><ele>72.399857</ele><time>2020-10-28T23:23:57Z</time><extensions><speed>0.910000</speed><course>66.796875</course><hAcc>5.000000</hAcc><vAcc>4.000000</vAcc></extensions></trkpt>
      <trkpt lon="-123.270964" lat="44.558681"><ele>72.587929</ele><time>2020-10-28T23:23:58Z</time><extensions><speed>1.540000</speed><course>60.468750</course><hAcc>5.000000</hAcc><vAcc>4.000000</vAcc></extensions></trkpt>
      <trkpt lon="-123.270947" lat="44.558689"><ele>72.607246</ele><time>2020-10-28T23:23:59Z</time><extensions><speed>0.910000</speed><course>66.796875</course><hAcc>5.000000</hAcc><vAcc>4.000000</vAcc></extensions></trkpt>
      <trkpt lon="-123.270927" lat="44.558694"><ele>72.210548</ele><time>2020-10-28T23:24:00Z</time><extensions><speed>1.450000</speed><course>75.585938</course><hAcc>5.000000</hAcc><vAcc>4.000000</vAcc></extensions></trkpt>
      <trkpt lon="-123.270907" lat="44.558699"><ele>72.088387</ele><time>2020-10-28T23:24:01Z</time><extensions><speed>1.240000</speed><course>67.851562</course><hAcc>5.000000</hAcc><vAcc>4.000000</vAcc></extensions></trkpt>
      <trkpt lon="-123.270892" lat="44.558707"><ele>72.090790</ele><time>2020-10-28T23:24:02Z</time><extensions><speed>1.240000</speed><course>65.039062</course><hAcc>5.000000</hAcc><vAcc>4.000000</vAcc></extensions></trkpt>
      <trkpt lon="-123.270892" lat="44.558707"><ele>72.045113</ele><time>2020-10-28T23:24:03Z</time><extensions><speed>0.000000</speed><course>51.328125</course><hAcc>5.000000</hAcc><vAcc>4.000000</vAcc></extensions></trkpt>
      <trkpt lon="-123.270883" lat="44.558717"><ele>71.997032</ele><time>2020-10-28T23:24:04Z</time><extensions><speed>0.360000</speed><course>60.820312</course><hAcc>5.000000</hAcc><vAcc>4.000000</vAcc></extensions></trkpt>
      <trkpt lon="-123.270880" lat="44.558725"><ele>72.035622</ele><time>2020-10-28T23:24:05Z</time><extensions><speed>0.830000</speed><course>358.242188</course><hAcc>5.000000</hAcc><vAcc>4.000000</vAcc></extensions></trkpt>
      <trkpt lon="-123.270879" lat="44.558736"><ele>72.004227</ele><time>2020-10-28T23:24:06Z</time><extensions><speed>1.030000</speed><course>355.781250</course><hAcc>5.000000</hAcc><vAcc>4.000000</vAcc></extensions></trkpt>
      <trkpt lon="-123.270877" lat="44.558744"><ele>72.049255</ele><time>2020-10-28T23:24:07Z</time><extensions><speed>0.830000</speed><course>349.453125</course><hAcc>5.000000</hAcc><vAcc>4.000000</vAcc></extensions></trkpt>
      <trkpt lon="-123.270877" lat="44.558744"><ele>72.181969</ele><time>2020-10-28T23:24:08Z</time><extensions><speed>0.000000</speed><course>354.023438</course><hAcc>5.000000</hAcc><vAcc>4.000000</vAcc></extensions></trkpt>
      <trkpt lon="-123.270866" lat="44.558749"><ele>72.098381</ele><time>2020-10-28T23:24:09Z</time><extensions><speed>0.200000</speed><course>8.085938</course><hAcc>5.000000</hAcc><vAcc>4.000000</vAcc></extensions></trkpt>
      <trkpt lon="-123.270856" lat="44.558749"><ele>72.189720</ele><time>2020-10-28T23:24:10Z</time><extensions><speed>0.600000</speed><course>92.109375</course><hAcc>5.000000</hAcc><vAcc>4.000000</vAcc></extensions></trkpt>
      <trkpt lon="-123.270846" lat="44.558747"><ele>72.192841</ele><time>2020-10-28T23:24:11Z</time><extensions><speed>0.600000</speed><course>104.414062</course><hAcc>5.000000</hAcc><vAcc>4.000000</vAcc></extensions></trkpt>
      <trkpt lon="-123.270839" lat="44.558744"><ele>72.247299</ele><time>2020-10-28T23:24:12Z</time><extensions><speed>0.600000</speed><course>93.515625</course><hAcc>5.000000</hAcc><vAcc>4.000000</vAcc></extensions></trkpt>
      <trkpt lon="-123.270843" lat="44.558735"><ele>72.208092</ele><time>2020-10-28T23:24:13Z</time><extensions><speed>1.900000</speed><course>197.929688</course><hAcc>5.000000</hAcc><vAcc>4.000000</vAcc></extensions></trkpt>
      <trkpt lon="-123.270849" lat="44.558724"><ele>72.258560</ele><time>2020-10-28T23:24:14Z</time><extensions><speed>1.900000</speed><course>215.507812</course><hAcc>5.000000</hAcc><vAcc>4.000000</vAcc></extensions></trkpt>
      <trkpt lon="-123.270857" lat="44.558719"><ele>72.396362</ele><time>2020-10-28T23:24:15Z</time><extensions><speed>0.990000</speed><course>219.023438</course><hAcc>5.000000</hAcc><vAcc>4.000000</vAcc></extensions></trkpt>
      <trkpt lon="-123.270862" lat="44.558715"><ele>72.348175</ele><time>2020-10-28T23:24:16Z</time><extensions><speed>0.610000</speed><course>235.195312</course><hAcc>5.000000</hAcc><vAcc>4.000000</vAcc></extensions></trkpt>
      <trkpt lon="-123.270871" lat="44.558714"><ele>72.570892</ele><time>2020-10-28T23:24:17Z</time><extensions><speed>0.940000</speed><course>272.812500</course><hAcc>5.000000</hAcc><vAcc>4.000000</vAcc></extensions></trkpt>
      <trkpt lon="-123.270878" lat="44.558714"><ele>72.816124</ele><time>2020-10-28T23:24:18Z</time><extensions><speed>0.940000</speed><course>280.546875</course><hAcc>5.000000</hAcc><vAcc>4.000000</vAcc></extensions></trkpt>
      <trkpt lon="-123.270882" lat="44.558713"><ele>72.443169</ele><time>2020-10-28T23:24:19Z</time><extensions><speed>0.560000</speed><course>264.726562</course><hAcc>5.000000</hAcc><vAcc>4.000000</vAcc></extensions></trkpt>
      <trkpt lon="-123.270886" lat="44.558714"><ele>72.339951</ele><time>2020-10-28T23:24:20Z</time><extensions><speed>0.490000</speed><course>254.531250</course><hAcc>5.000000</hAcc><vAcc>4.000000</vAcc></extensions></trkpt>
      <trkpt lon="-123.270893" lat="44.558714"><ele>72.486382</ele><time>2020-10-28T23:24:21Z</time><extensions><speed>0.840000</speed><course>254.882812</course><hAcc>5.000000</hAcc><vAcc>4.000000</vAcc></extensions></trkpt>
      <trkpt lon="-123.270904" lat="44.558716"><ele>72.227242</ele><time>2020-10-28T23:24:22Z</time><extensions><speed>0.930000</speed><course>270.000000</course><hAcc>5.000000</hAcc><vAcc>4.000000</vAcc></extensions></trkpt>
      <trkpt lon="-123.270919" lat="44.558719"><ele>72.685905</ele><time>2020-10-28T23:24:23Z</time><extensions><speed>0.930000</speed><course>270.703125</course><hAcc>5.000000</hAcc><vAcc>4.000000</vAcc></extensions></trkpt>
      <trkpt lon="-123.270938" lat="44.558721"><ele>72.338654</ele><time>2020-10-28T23:24:24Z</time><extensions><speed>1.250000</speed><course>270.351562</course><hAcc>5.000000</hAcc><vAcc>4.000000</vAcc></extensions></trkpt>
      <trkpt lon="-123.270952" lat="44.558720"><ele>71.968788</ele><time>2020-10-28T23:24:25Z</time><extensions><speed>1.020000</speed><course>271.406250</course><hAcc>5.000000</hAcc><vAcc>4.000000</vAcc></extensions></trkpt>
      <trkpt lon="-123.270964" lat="44.558718"><ele>72.389618</ele><time>2020-10-28T23:24:26Z</time><extensions><speed>1.020000</speed><course>270.000000</course><hAcc>5.000000</hAcc><vAcc>4.000000</vAcc></extensions></trkpt>
      <trkpt lon="-123.270981" lat="44.558714"><ele>72.508095</ele><time>2020-10-28T23:24:27Z</time><extensions><speed>1.020000</speed><course>265.078125</course><hAcc>5.000000</hAcc><vAcc>4.000000</vAcc></extensions></trkpt>
      <trkpt lon="-123.271004" lat="44.558713"><ele>72.519547</ele><time>2020-10-28T23:24:28Z</time><extensions><speed>1.510000</speed><course>267.539062</course><hAcc>5.000000</hAcc><vAcc>4.000000</vAcc></extensions></trkpt>
      <trkpt lon="-123.271029" lat="44.558713"><ele>72.692940</ele><time>2020-10-28T23:24:29Z</time><extensions><speed>1.900000</speed><course>269.296875</course><hAcc>5.000000</hAcc><vAcc>4.000000</vAcc></extensions></trkpt>
      <trkpt lon="-123.271049" lat="44.558712"><ele>72.584076</ele><time>2020-10-28T23:24:30Z</time><extensions><speed>1.900000</speed><course>266.484375</course><hAcc>5.000000</hAcc><vAcc>4.000000</vAcc></extensions></trkpt>
      <trkpt lon="-123.271061" lat="44.558704"><ele>72.701904</ele><time>2020-10-28T23:24:31Z</time><extensions><speed>1.450000</speed><course>220.078125</course><hAcc>5.000000</hAcc><vAcc>4.000000</vAcc></extensions></trkpt>
      <trkpt lon="-123.271073" lat="44.558692"><ele>72.675835</ele><time>2020-10-28T23:24:32Z</time><extensions><speed>1.380000</speed><course>230.625000</course><hAcc>5.000000</hAcc><vAcc>4.000000</vAcc></extensions></trkpt>
      <trkpt lon="-123.271081" lat="44.558679"><ele>72.670448</ele><time>2020-10-28T23:24:33Z</time><extensions><speed>0.720000</speed><course>199.335938</course><hAcc>5.000000</hAcc><vAcc>4.000000</vAcc></extensions></trkpt>
      <trkpt lon="-123.271081" lat="44.558679"><ele>72.733406</ele><time>2020-10-28T23:24:34Z</time><extensions><speed>0.000000</speed><course>198.984375</course><hAcc>5.000000</hAcc><vAcc>4.000000</vAcc></extensions></trkpt>
      <trkpt lon="-123.271081" lat="44.558679"><ele>72.825943</ele><time>2020-10-28T23:24:35Z</time><extensions><speed>0.000000</speed><course>303.046875</course><hAcc>5.000000</hAcc><vAcc>4.000000</vAcc></extensions></trkpt>
      <trkpt lon="-123.271081" lat="44.558679"><ele>72.813713</ele><time>2020-10-28T23:24:36Z</time><extensions><speed>0.000000</speed><course>298.476562</course><hAcc>5.000000</hAcc><vAcc>3.000000</vAcc></extensions></trkpt>
      <trkpt lon="-123.271081" lat="44.558679"><ele>72.799538</ele><time>2020-10-28T23:24:37Z</time><extensions><speed>0.000000</speed><course>306.210938</course><hAcc>5.000000</hAcc><vAcc>3.000000</vAcc></extensions></trkpt>
      <trkpt lon="-123.271081" lat="44.558679"><ele>72.818909</ele><time>2020-10-28T23:24:38Z</time><extensions><speed>0.000000</speed><course>207.421875</course><hAcc>5.000000</hAcc><vAcc>3.000000</vAcc></extensions></trkpt>
      <trkpt lon="-123.271081" lat="44.558679"><ele>72.814125</ele><time>2020-10-28T23:24:39Z</time><extensions><speed>0.000000</speed><course>330.117188</course><hAcc>5.000000</hAcc><vAcc>3.000000</vAcc></extensions></trkpt>
      <trkpt lon="-123.271081" lat="44.558679"><ele>72.875671</ele><time>2020-10-28T23:24:40Z</time><extensions><speed>0.000000</speed><course>7.382812</course><hAcc>5.000000</hAcc><vAcc>3.000000</vAcc></extensions></trkpt>
      <trkpt lon="-123.271082" lat="44.558679"><ele>72.919174</ele><time>2020-10-28T23:24:41Z</time><extensions><speed>0.800000</speed><course>2.460938</course><hAcc>5.000000</hAcc><vAcc>3.000000</vAcc></extensions></trkpt>
      <trkpt lon="-123.271084" lat="44.558689"><ele>73.497002</ele><time>2020-10-28T23:24:42Z</time><extensions><speed>1.090000</speed><course>359.296875</course><hAcc>5.000000</hAcc><vAcc>3.000000</vAcc></extensions></trkpt>
      <trkpt lon="-123.271088" lat="44.558694"><ele>72.996193</ele><time>2020-10-28T23:24:43Z</time><extensions><speed>0.800000</speed><course>331.875000</course><hAcc>5.000000</hAcc><vAcc>3.000000</vAcc></extensions></trkpt>
      <trkpt lon="-123.271094" lat="44.558695"><ele>73.016235</ele><time>2020-10-28T23:24:44Z</time><extensions><speed>0.740000</speed><course>261.210938</course><hAcc>5.000000</hAcc><vAcc>3.000000</vAcc></extensions></trkpt>
      <trkpt lon="-123.271096" lat="44.558696"><ele>73.129021</ele><time>2020-10-28T23:24:45Z</time><extensions><speed>0.450000</speed><course>343.476562</course><hAcc>5.000000</hAcc><vAcc>3.000000</vAcc></extensions></trkpt>
      <trkpt lon="-123.271096" lat="44.558696"><ele>72.961571</ele><time>2020-10-28T23:24:46Z</time><extensions><speed>0.000000</speed><course>72.421875</course><hAcc>5.000000</hAcc><vAcc>3.000000</vAcc></extensions></trkpt>
      <trkpt lon="-123.271099" lat="44.558696"><ele>73.074379</ele><time>2020-10-28T23:24:47Z</time><extensions><speed>0.180000</speed><course>159.960938</course><hAcc>5.000000</hAcc><vAcc>3.000000</vAcc></extensions></trkpt>
      <trkpt lon="-123.271099" lat="44.558701"><ele>72.968887</ele><time>2020-10-28T23:24:48Z</time><extensions><speed>0.180000</speed><course>34.101562</course><hAcc>5.000000</hAcc><vAcc>3.000000</vAcc></extensions></trkpt>
      <trkpt lon="-123.271101" lat="44.558709"><ele>73.151810</ele><time>2020-10-28T23:24:49Z</time><extensions><speed>0.630000</speed><course>3.515625</course><hAcc>5.000000</hAcc><vAcc>3.000000</vAcc></extensions></trkpt>
      <trkpt lon="-123.271104" lat="44.558720"><ele>73.061646</ele><time>2020-10-28T23:24:50Z</time><extensions><speed>0.830000</speed><course>4.570312</course><hAcc>5.000000</hAcc><vAcc>3.000000</vAcc></extensions></trkpt>
      <trkpt lon="-123.271105" lat="44.558729"><ele>73.151276</ele><time>2020-10-28T23:24:51Z</time><extensions><speed>0.790000</speed><course>9.492188</course><hAcc>5.000000</hAcc><vAcc>3.000000</vAcc></extensions></trkpt>
      <trkpt lon="-123.271106" lat="44.558735"><ele>72.959450</ele><time>2020-10-28T23:24:52Z</time><extensions><speed>0.790000</speed><course>349.804688</course><hAcc>5.000000</hAcc><vAcc>3.000000</vAcc></extensions></trkpt>
      <trkpt lon="-123.271106" lat="44.558738"><ele>73.382561</ele><time>2020-10-28T23:24:53Z</time><extensions><speed>0.230000</speed><course>75.937500</course><hAcc>5.000000</hAcc><vAcc>3.000000</vAcc></extensions></trkpt>
      <trkpt lon="-123.271118" lat="44.558737"><ele>73.383385</ele><time>2020-10-28T23:24:54Z</time><extensions><speed>1.230000</speed><course>262.968750</course><hAcc>5.000000</hAcc><vAcc>3.000000</vAcc></extensions></trkpt>
      <trkpt lon="-123.271131" lat="44.558732"><ele>73.672523</ele><time>2020-10-28T23:24:55Z</time><extensions><speed>0.910000</speed><course>227.460938</course><hAcc>5.000000</hAcc><vAcc>3.000000</vAcc></extensions></trkpt>
      <trkpt lon="-123.271136" lat="44.558731"><ele>73.600197</ele><time>2020-10-28T23:24:56Z</time><extensions><speed>0.910000</speed><course>239.062500</course><hAcc>5.000000</hAcc><vAcc>3.000000</vAcc></extensions></trkpt>
      <trkpt lon="-123.271133" lat="44.558733"><ele>74.431313</ele><time>2020-10-28T23:24:57Z</time><extensions><speed>0.280000</speed><course>161.718750</course><hAcc>5.000000</hAcc><vAcc>3.000000</vAcc></extensions></trkpt>
      <trkpt lon="-123.271124" lat="44.558736"><ele>74.278114</ele><time>2020-10-28T23:24:58Z</time><extensions><speed>0.420000</speed><course>74.882812</course><hAcc>5.000000</hAcc><vAcc>3.000000</vAcc></extensions></trkpt>
      <trkpt lon="-123.271115" lat="44.558735"><ele>74.055855</ele><time>2020-10-28T23:24:59Z</time><extensions><speed>0.420000</speed><course>161.718750</course><hAcc>5.000000</hAcc><vAcc>3.000000</vAcc></extensions></trkpt>
      <trkpt lon="-123.271109" lat="44.558730"><ele>73.735542</ele><time>2020-10-28T23:25:00Z</time><extensions><speed>0.530000</speed><course>169.453125</course><hAcc>5.000000</hAcc><vAcc>3.000000</vAcc></extensions></trkpt>
      <trkpt lon="-123.271105" lat="44.558727"><ele>74.636848</ele><time>2020-10-28T23:25:01Z</time><extensions><speed>0.490000</speed><course>168.046875</course><hAcc>5.000000</hAcc><vAcc>3.000000</vAcc></extensions></trkpt>
      <trkpt lon="-123.271103" lat="44.558725"><ele>74.704315</ele><time>2020-10-28T23:25:02Z</time><extensions><speed>0.490000</speed><course>172.265625</course><hAcc>5.000000</hAcc><vAcc>3.000000</vAcc></extensions></trkpt>
      <trkpt lon="-123.271109" lat="44.558720"><ele>74.266243</ele><time>2020-10-28T23:25:03Z</time><extensions><speed>0.490000</speed><course>217.617188</course><hAcc>5.000000</hAcc><vAcc>3.000000</vAcc></extensions></trkpt>
      <trkpt lon="-123.271111" lat="44.558717"><ele>74.211777</ele><time>2020-10-28T23:25:04Z</time><extensions><speed>0.190000</speed><course>234.492188</course><hAcc>5.000000</hAcc><vAcc>3.000000</vAcc></extensions></trkpt>
      <trkpt lon="-123.271111" lat="44.558715"><ele>74.310074</ele><time>2020-10-28T23:25:05Z</time><extensions><speed>0.310000</speed><course>247.148438</course><hAcc>5.000000</hAcc><vAcc>3.000000</vAcc></extensions></trkpt>
      <trkpt lon="-123.271111" lat="44.558711"><ele>74.778893</ele><time>2020-10-28T23:25:06Z</time><extensions><speed>0.310000</speed><course>220.781250</course><hAcc>5.000000</hAcc><vAcc>3.000000</vAcc></extensions></trkpt>
      <trkpt lon="-123.271111" lat="44.558711"><ele>74.340897</ele><time>2020-10-28T23:25:07Z</time><extensions><speed>0.000000</speed><course>230.976562</course><hAcc>5.000000</hAcc><vAcc>3.000000</vAcc></extensions></trkpt>
      <trkpt lon="-123.271105" lat="44.558708"><ele>74.462746</ele><time>2020-10-28T23:25:08Z</time><extensions><speed>0.270000</speed><course>183.515625</course><hAcc>5.000000</hAcc><vAcc>3.000000</vAcc></extensions></trkpt>
      <trkpt lon="-123.271103" lat="44.558707"><ele>73.937187</ele><time>2020-10-28T23:25:09Z</time><extensions><speed>0.160000</speed><course>214.453125</course><hAcc>5.000000</hAcc><vAcc>3.000000</vAcc></extensions></trkpt>
      <trkpt lon="-123.271103" lat="44.558707"><ele>74.017998</ele><time>2020-10-28T23:25:10Z</time><extensions><speed>0.000000</speed><course>351.562500</course><hAcc>5.000000</hAcc><vAcc>3.000000</vAcc></extensions></trkpt>
      <trkpt lon="-123.271103" lat="44.558707"><ele>74.051277</ele><time>2020-10-28T23:25:11Z</time><extensions><speed>0.000000</speed><course>172.265625</course><hAcc>5.000000</hAcc><vAcc>3.000000</vAcc></extensions></trkpt>
      <trkpt lon="-123.271103" lat="44.558707"><ele>74.102989</ele><time>2020-10-28T23:25:12Z</time><extensions><speed>0.000000</speed><course>215.156250</course><hAcc>5.000000</hAcc><vAcc>3.000000</vAcc></extensions></trkpt>
      <trkpt lon="-123.271091" lat="44.558712"><ele>74.066833</ele><time>2020-10-28T23:25:13Z</time><extensions><speed>0.280000</speed><course>49.921875</course><hAcc>5.000000</hAcc><vAcc>3.000000</vAcc></extensions></trkpt>
      <trkpt lon="-123.271088" lat="44.558715"><ele>74.160149</ele><time>2020-10-28T23:25:14Z</time><extensions><speed>0.190000</speed><course>15.820312</course><hAcc>5.000000</hAcc><vAcc>3.000000</vAcc></extensions></trkpt>
      <trkpt lon="-123.271088" lat="44.558715"><ele>74.183289</ele><time>2020-10-28T23:25:15Z</time><extensions><speed>0.000000</speed><course>33.046875</course><hAcc>5.000000</hAcc><vAcc>3.000000</vAcc></extensions></trkpt>
      <trkpt lon="-123.271085" lat="44.558716"><ele>74.180771</ele><time>2020-10-28T23:25:16Z</time><extensions><speed>0.200000</speed><course>96.328125</course><hAcc>5.000000</hAcc><vAcc>3.000000</vAcc></extensions></trkpt>
      <trkpt lon="-123.271081" lat="44.558715"><ele>74.054680</ele><time>2020-10-28T23:25:17Z</time><extensions><speed>0.470000</speed><course>128.671875</course><hAcc>5.000000</hAcc><vAcc>3.000000</vAcc></extensions></trkpt>
      <trkpt lon="-123.271081" lat="44.558715"><ele>73.960381</ele><time>2020-10-28T23:25:18Z</time><extensions><speed>0.000000</speed><course>131.132812</course><hAcc>5.000000</hAcc><vAcc>3.000000</vAcc></extensions></trkpt>
      <trkpt lon="-123.271081" lat="44.558715"><ele>73.814316</ele><time>2020-10-28T23:25:19Z</time><extensions><speed>0.000000</speed><course>131.132812</course><hAcc>5.000000</hAcc><vAcc>3.000000</vAcc></extensions></trkpt>
      <trkpt lon="-123.271081" lat="44.558715"><ele>73.935715</ele><time>2020-10-28T23:25:20Z</time><extensions><speed>0.000000</speed><course>131.132812</course><hAcc>5.000000</hAcc><vAcc>3.000000</vAcc></extensions></trkpt>
      <trkpt lon="-123.271081" lat="44.558715"><ele>73.937248</ele><time>2020-10-28T23:25:21Z</time><extensions><speed>0.000000</speed><course>131.132812</course><hAcc>5.000000</hAcc><vAcc>3.000000</vAcc></extensions></trkpt>
      <trkpt lon="-123.271081" lat="44.558715"><ele>73.863365</ele><time>2020-10-28T23:25:22Z</time><extensions><speed>0.000000</speed><course>131.132812</course><hAcc>5.000000</hAcc><vAcc>3.000000</vAcc></extensions></trkpt>
      <trkpt lon="-123.271081" lat="44.558715"><ele>73.915382</ele><time>2020-10-28T23:25:23Z</time><extensions><speed>0.000000</speed><course>131.132812</course><hAcc>5.000000</hAcc><vAcc>3.000000</vAcc></extensions></trkpt>
      <trkpt lon="-123.271081" lat="44.558715"><ele>73.907402</ele><time>2020-10-28T23:25:24Z</time><extensions><speed>0.000000</speed><course>131.132812</course><hAcc>5.000000</hAcc><vAcc>3.000000</vAcc></extensions></trkpt>
      <trkpt lon="-123.271081" lat="44.558715"><ele>73.925499</ele><time>2020-10-28T23:25:25Z</time><extensions><speed>0.000000</speed><course>131.132812</course><hAcc>5.000000</hAcc><vAcc>3.000000</vAcc></extensions></trkpt>
      <trkpt lon="-123.271081" lat="44.558715"><ele>73.787674</ele><time>2020-10-28T23:25:26Z</time><extensions><speed>0.000000</speed><course>131.132812</course><hAcc>5.000000</hAcc><vAcc>3.000000</vAcc></extensions></trkpt>
      <trkpt lon="-123.271081" lat="44.558715"><ele>73.750931</ele><time>2020-10-28T23:25:27Z</time><extensions><speed>0.000000</speed><course>131.132812</course><hAcc>5.000000</hAcc><vAcc>3.000000</vAcc></extensions></trkpt>
      <trkpt lon="-123.271081" lat="44.558715"><ele>73.794960</ele><time>2020-10-28T23:25:28Z</time><extensions><speed>0.000000</speed><course>131.132812</course><hAcc>5.000000</hAcc><vAcc>3.000000</vAcc></extensions></trkpt>
      <trkpt lon="-123.271081" lat="44.558715"><ele>73.765556</ele><time>2020-10-28T23:25:29Z</time><extensions><speed>0.000000</speed><course>131.132812</course><hAcc>5.000000</hAcc><vAcc>3.000000</vAcc></extensions></trkpt>
      <trkpt lon="-123.271081" lat="44.558715"><ele>73.794556</ele><time>2020-10-28T23:25:30Z</time><extensions><speed>0.000000</speed><course>131.132812</course><hAcc>5.000000</hAcc><vAcc>3.000000</vAcc></extensions></trkpt>
      <trkpt lon="-123.271081" lat="44.558715"><ele>73.781830</ele><time>2020-10-28T23:25:31Z</time><extensions><speed>0.000000</speed><course>131.132812</course><hAcc>5.000000</hAcc><vAcc>3.000000</vAcc></extensions></trkpt>
      <trkpt lon="-123.271081" lat="44.558715"><ele>73.794243</ele><time>2020-10-28T23:25:32Z</time><extensions><speed>0.000000</speed><course>131.132812</course><hAcc>5.000000</hAcc><vAcc>3.000000</vAcc></extensions></trkpt>
      <trkpt lon="-123.271081" lat="44.558715"><ele>73.861542</ele><time>2020-10-28T23:25:33Z</time><extensions><speed>0.000000</speed><course>131.132812</course><hAcc>5.000000</hAcc><vAcc>3.000000</vAcc></extensions></trkpt>
      <trkpt lon="-123.271081" lat="44.558715"><ele>73.880280</ele><time>2020-10-28T23:25:34Z</time><extensions><speed>0.000000</speed><course>131.132812</course><hAcc>5.000000</hAcc><vAcc>3.000000</vAcc></extensions></trkpt>
      <trkpt lon="-123.271081" lat="44.558715"><ele>73.939262</ele><time>2020-10-28T23:25:35Z</time><extensions><speed>0.000000</speed><course>131.132812</course><hAcc>5.000000</hAcc><vAcc>3.000000</vAcc></extensions></trkpt>
      <trkpt lon="-123.271081" lat="44.558715"><ele>73.947426</ele><time>2020-10-28T23:25:36Z</time><extensions><speed>0.000000</speed><course>131.132812</course><hAcc>5.000000</hAcc><vAcc>3.000000</vAcc></extensions></trkpt>
      <trkpt lon="-123.271081" lat="44.558715"><ele>73.932014</ele><time>2020-10-28T23:25:37Z</time><extensions><speed>0.000000</speed><course>131.132812</course><hAcc>5.000000</hAcc><vAcc>3.000000</vAcc></extensions></trkpt>
      <trkpt lon="-123.271081" lat="44.558715"><ele>74.034393</ele><time>2020-10-28T23:25:38Z</time><extensions><speed>0.000000</speed><course>131.132812</course><hAcc>5.000000</hAcc><vAcc>3.000000</vAcc></extensions></trkpt>
      <trkpt lon="-123.271081" lat="44.558715"><ele>74.069977</ele><time>2020-10-28T23:25:39Z</time><extensions><speed>0.000000</speed><course>131.132812</course><hAcc>5.000000</hAcc><vAcc>3.000000</vAcc></extensions></trkpt>
      <trkpt lon="-123.271081" lat="44.558715"><ele>74.022583</ele><time>2020-10-28T23:25:40Z</time><extensions><speed>0.000000</speed><course>131.132812</course><hAcc>5.000000</hAcc><vAcc>3.000000</vAcc></extensions></trkpt>
      <trkpt lon="-123.271081" lat="44.558715"><ele>73.995811</ele><time>2020-10-28T23:25:41Z</time><extensions><speed>0.000000</speed><course>131.132812</course><hAcc>5.000000</hAcc><vAcc>3.000000</vAcc></extensions></trkpt>
      <trkpt lon="-123.271081" lat="44.558715"><ele>73.992859</ele><time>2020-10-28T23:25:42Z</time><extensions><speed>0.000000</speed><course>131.132812</course><hAcc>5.000000</hAcc><vAcc>3.000000</vAcc></extensions></trkpt>
      <trkpt lon="-123.271081" lat="44.558715"><ele>74.047112</ele><time>2020-10-28T23:25:43Z</time><extensions><speed>0.000000</speed><course>131.132812</course><hAcc>5.000000</hAcc><vAcc>3.000000</vAcc></extensions></trkpt>
      <trkpt lon="-123.271081" lat="44.558715"><ele>73.982826</ele><time>2020-10-28T23:25:44Z</time><extensions><speed>0.000000</speed><course>131.132812</course><hAcc>5.000000</hAcc><vAcc>3.000000</vAcc></extensions></trkpt>
      <trkpt lon="-123.271081" lat="44.558715"><ele>73.968063</ele><time>2020-10-28T23:25:45Z</time><extensions><speed>0.000000</speed><course>131.132812</course><hAcc>5.000000</hAcc><vAcc>3.000000</vAcc></extensions></trkpt>
      <trkpt lon="-123.271081" lat="44.558715"><ele>73.970932</ele><time>2020-10-28T23:25:46Z</time><extensions><speed>0.000000</speed><course>131.132812</course><hAcc>5.000000</hAcc><vAcc>3.000000</vAcc></extensions></trkpt>
      <trkpt lon="-123.271081" lat="44.558715"><ele>73.940979</ele><time>2020-10-28T23:25:47Z</time><extensions><speed>0.000000</speed><course>-1.000000</course><hAcc>5.000000</hAcc><vAcc>3.000000</vAcc></extensions></trkpt>
      <trkpt lon="-123.271081" lat="44.558715"><ele>73.952141</ele><time>2020-10-28T23:25:48Z</time><extensions><speed>0.000000</speed><course>-1.000000</course><hAcc>5.000000</hAcc><vAcc>3.000000</vAcc></extensions></trkpt>
      <trkpt lon="-123.271081" lat="44.558715"><ele>73.967735</ele><time>2020-10-28T23:25:49Z</time><extensions><speed>0.000000</speed><course>-1.000000</course><hAcc>5.000000</hAcc><vAcc>3.000000</vAcc></extensions></trkpt>
      <trkpt lon="-123.271081" lat="44.558715"><ele>73.916298</ele><time>2020-10-28T23:25:50Z</time><extensions><speed>0.000000</speed><course>-1.000000</course><hAcc>5.000000</hAcc><vAcc>3.000000</vAcc></extensions></trkpt>
      <trkpt lon="-123.271081" lat="44.558715"><ele>73.921539</ele><time>2020-10-28T23:25:51Z</time><extensions><speed>0.000000</speed><course>-1.000000</course><hAcc>5.000000</hAcc><vAcc>3.000000</vAcc></extensions></trkpt>
      <trkpt lon="-123.271081" lat="44.558715"><ele>73.885529</ele><time>2020-10-28T23:25:52Z</time><extensions><speed>0.000000</speed><course>-1.000000</course><hAcc>5.000000</hAcc><vAcc>3.000000</vAcc></extensions></trkpt>
      <trkpt lon="-123.271081" lat="44.558715"><ele>73.918839</ele><time>2020-10-28T23:25:53Z</time><extensions><speed>0.000000</speed><course>-1.000000</course><hAcc>5.000000</hAcc><vAcc>3.000000</vAcc></extensions></trkpt>
      <trkpt lon="-123.271081" lat="44.558715"><ele>73.860542</ele><time>2020-10-28T23:25:54Z</time><extensions><speed>0.000000</speed><course>-1.000000</course><hAcc>5.000000</hAcc><vAcc>3.000000</vAcc></extensions></trkpt>
      <trkpt lon="-123.271081" lat="44.558715"><ele>73.805756</ele><time>2020-10-28T23:25:55Z</time><extensions><speed>0.000000</speed><course>-1.000000</course><hAcc>5.000000</hAcc><vAcc>3.000000</vAcc></extensions></trkpt>
      <trkpt lon="-123.271081" lat="44.558715"><ele>73.691170</ele><time>2020-10-28T23:25:56Z</time><extensions><speed>0.000000</speed><course>-1.000000</course><hAcc>5.000000</hAcc><vAcc>3.000000</vAcc></extensions></trkpt>
      <trkpt lon="-123.271081" lat="44.558715"><ele>73.703453</ele><time>2020-10-28T23:25:57Z</time><extensions><speed>0.000000</speed><course>-1.000000</course><hAcc>5.000000</hAcc><vAcc>3.000000</vAcc></extensions></trkpt>
      <trkpt lon="-123.271081" lat="44.558715"><ele>73.675743</ele><time>2020-10-28T23:25:58Z</time><extensions><speed>0.000000</speed><course>-1.000000</course><hAcc>5.000000</hAcc><vAcc>3.000000</vAcc></extensions></trkpt>
      <trkpt lon="-123.271081" lat="44.558715"><ele>73.665962</ele><time>2020-10-28T23:25:59Z</time><extensions><speed>0.000000</speed><course>-1.000000</course><hAcc>5.000000</hAcc><vAcc>3.000000</vAcc></extensions></trkpt>
      <trkpt lon="-123.271081" lat="44.558715"><ele>73.663101</ele><time>2020-10-28T23:26:00Z</time><extensions><speed>0.000000</speed><course>-1.000000</course><hAcc>5.000000</hAcc><vAcc>3.000000</vAcc></extensions></trkpt>
      <trkpt lon="-123.271081" lat="44.558715"><ele>73.574684</ele><time>2020-10-28T23:26:01Z</time><extensions><speed>0.000000</speed><course>-1.000000</course><hAcc>5.000000</hAcc><vAcc>3.000000</vAcc></extensions></trkpt>
      <trkpt lon="-123.271081" lat="44.558715"><ele>73.567596</ele><time>2020-10-28T23:26:02Z</time><extensions><speed>0.000000</speed><course>-1.000000</course><hAcc>5.000000</hAcc><vAcc>3.000000</vAcc></extensions></trkpt>
      <trkpt lon="-123.271081" lat="44.558715"><ele>73.535461</ele><time>2020-10-28T23:26:03Z</time><extensions><speed>0.000000</speed><course>-1.000000</course><hAcc>5.000000</hAcc><vAcc>3.000000</vAcc></extensions></trkpt>
      <trkpt lon="-123.271081" lat="44.558715"><ele>73.471756</ele><time>2020-10-28T23:26:04Z</time><extensions><speed>0.000000</speed><course>-1.000000</course><hAcc>5.000000</hAcc><vAcc>3.000000</vAcc></extensions></trkpt>
      <trkpt lon="-123.271081" lat="44.558715"><ele>73.554207</ele><time>2020-10-28T23:26:05Z</time><extensions><speed>0.000000</speed><course>-1.000000</course><hAcc>5.000000</hAcc><vAcc>3.000000</vAcc></extensions></trkpt>
      <trkpt lon="-123.271081" lat="44.558715"><ele>73.426392</ele><time>2020-10-28T23:26:06Z</time><extensions><speed>0.000000</speed><course>-1.000000</course><hAcc>5.000000</hAcc><vAcc>3.000000</vAcc></extensions></trkpt>
      <trkpt lon="-123.271081" lat="44.558715"><ele>73.386971</ele><time>2020-10-28T23:26:07Z</time><extensions><speed>0.000000</speed><course>-1.000000</course><hAcc>5.000000</hAcc><vAcc>3.000000</vAcc></extensions></trkpt>
      <trkpt lon="-123.271081" lat="44.558715"><ele>73.314713</ele><time>2020-10-28T23:26:08Z</time><extensions><speed>0.000000</speed><course>-1.000000</course><hAcc>5.000000</hAcc><vAcc>3.000000</vAcc></extensions></trkpt>
      <trkpt lon="-123.271081" lat="44.558715"><ele>73.368073</ele><time>2020-10-28T23:26:09Z</time><extensions><speed>0.000000</speed><course>-1.000000</course><hAcc>5.000000</hAcc><vAcc>3.000000</vAcc></extensions></trkpt>
      <trkpt lon="-123.271081" lat="44.558715"><ele>73.349968</ele><time>2020-10-28T23:26:10Z</time><extensions><speed>0.000000</speed><course>-1.000000</course><hAcc>5.000000</hAcc><vAcc>3.000000</vAcc></extensions></trkpt>
      <trkpt lon="-123.271081" lat="44.558715"><ele>73.349754</ele><time>2020-10-28T23:26:11Z</time><extensions><speed>0.000000</speed><course>-1.000000</course><hAcc>5.000000</hAcc><vAcc>3.000000</vAcc></extensions></trkpt>
      <trkpt lon="-123.271081" lat="44.558715"><ele>73.343842</ele><time>2020-10-28T23:26:12Z</time><extensions><speed>0.000000</speed><course>-1.000000</course><hAcc>5.000000</hAcc><vAcc>3.000000</vAcc></extensions></trkpt>
      <trkpt lon="-123.271081" lat="44.558715"><ele>73.349831</ele><time>2020-10-28T23:26:13Z</time><extensions><speed>0.000000</speed><course>-1.000000</course><hAcc>5.000000</hAcc><vAcc>3.000000</vAcc></extensions></trkpt>
      <trkpt lon="-123.271081" lat="44.558715"><ele>73.300552</ele><time>2020-10-28T23:26:14Z</time><extensions><speed>0.000000</speed><course>-1.000000</course><hAcc>5.000000</hAcc><vAcc>3.000000</vAcc></extensions></trkpt>
      <trkpt lon="-123.271081" lat="44.558715"><ele>73.290947</ele><time>2020-10-28T23:26:15Z</time><extensions><speed>0.000000</speed><course>-1.000000</course><hAcc>5.000000</hAcc><vAcc>3.000000</vAcc></extensions></trkpt>
      <trkpt lon="-123.271081" lat="44.558715"><ele>73.318939</ele><time>2020-10-28T23:26:16Z</time><extensions><speed>0.000000</speed><course>-1.000000</course><hAcc>5.000000</hAcc><vAcc>3.000000</vAcc></extensions></trkpt>
      <trkpt lon="-123.271081" lat="44.558715"><ele>73.268318</ele><time>2020-10-28T23:26:17Z</time><extensions><speed>0.000000</speed><course>-1.000000</course><hAcc>5.000000</hAcc><vAcc>3.000000</vAcc></extensions></trkpt>
      <trkpt lon="-123.271081" lat="44.558715"><ele>73.337311</ele><time>2020-10-28T23:26:18Z</time><extensions><speed>0.000000</speed><course>-1.000000</course><hAcc>5.000000</hAcc><vAcc>3.000000</vAcc></extensions></trkpt>
      <trkpt lon="-123.271081" lat="44.558715"><ele>73.311600</ele><time>2020-10-28T23:26:19Z</time><extensions><speed>0.000000</speed><course>-1.000000</course><hAcc>5.000000</hAcc><vAcc>3.000000</vAcc></extensions></trkpt>
      <trkpt lon="-123.271081" lat="44.558715"><ele>73.325134</ele><time>2020-10-28T23:26:20Z</time><extensions><speed>0.000000</speed><course>-1.000000</course><hAcc>5.000000</hAcc><vAcc>3.000000</vAcc></extensions></trkpt>
      <trkpt lon="-123.271081" lat="44.558715"><ele>73.312843</ele><time>2020-10-28T23:26:21Z</time><extensions><speed>0.000000</speed><course>-1.000000</course><hAcc>5.000000</hAcc><vAcc>3.000000</vAcc></extensions></trkpt>
      <trkpt lon="-123.271081" lat="44.558715"><ele>73.356506</ele><time>2020-10-28T23:26:22Z</time><extensions><speed>0.000000</speed><course>-1.000000</course><hAcc>5.000000</hAcc><vAcc>3.000000</vAcc></extensions></trkpt>
      <trkpt lon="-123.271081" lat="44.558715"><ele>73.319199</ele><time>2020-10-28T23:26:23Z</time><extensions><speed>0.000000</speed><course>-1.000000</course><hAcc>5.000000</hAcc><vAcc>3.000000</vAcc></extensions></trkpt>
      <trkpt lon="-123.271081" lat="44.558715"><ele>73.286156</ele><time>2020-10-28T23:26:24Z</time><extensions><speed>0.000000</speed><course>-1.000000</course><hAcc>5.000000</hAcc><vAcc>3.000000</vAcc></extensions></trkpt>
      <trkpt lon="-123.271081" lat="44.558715"><ele>73.343842</ele><time>2020-10-28T23:26:25Z</time><extensions><speed>0.000000</speed><course>-1.000000</course><hAcc>5.000000</hAcc><vAcc>3.000000</vAcc></extensions></trkpt>
      <trkpt lon="-123.271081" lat="44.558715"><ele>73.285065</ele><time>2020-10-28T23:26:26Z</time><extensions><speed>0.000000</speed><course>-1.000000</course><hAcc>5.000000</hAcc><vAcc>3.000000</vAcc></extensions></trkpt>
      <trkpt lon="-123.271081" lat="44.558715"><ele>73.314209</ele><time>2020-10-28T23:26:27Z</time><extensions><speed>0.000000</speed><course>-1.000000</course><hAcc>5.000000</hAcc><vAcc>3.000000</vAcc></extensions></trkpt>
      <trkpt lon="-123.271081" lat="44.558715"><ele>73.273499</ele><time>2020-10-28T23:26:28Z</time><extensions><speed>0.000000</speed><course>-1.000000</course><hAcc>5.000000</hAcc><vAcc>3.000000</vAcc></extensions></trkpt>
      <trkpt lon="-123.271081" lat="44.558715"><ele>73.279427</ele><time>2020-10-28T23:26:29Z</time><extensions><speed>0.000000</speed><course>-1.000000</course><hAcc>5.000000</hAcc><vAcc>3.000000</vAcc></extensions></trkpt>
      <trkpt lon="-123.271081" lat="44.558715"><ele>73.269043</ele><time>2020-10-28T23:26:30Z</time><extensions><speed>0.000000</speed><course>-1.000000</course><hAcc>5.000000</hAcc><vAcc>3.000000</vAcc></extensions></trkpt>
      <trkpt lon="-123.271081" lat="44.558715"><ele>73.251625</ele><time>2020-10-28T23:26:31Z</time><extensions><speed>0.000000</speed><course>-1.000000</course><hAcc>5.000000</hAcc><vAcc>3.000000</vAcc></extensions></trkpt>
      <trkpt lon="-123.271081" lat="44.558715"><ele>73.312134</ele><time>2020-10-28T23:26:32Z</time><extensions><speed>0.000000</speed><course>-1.000000</course><hAcc>5.000000</hAcc><vAcc>3.000000</vAcc></extensions></trkpt>
      <trkpt lon="-123.271081" lat="44.558715"><ele>73.205063</ele><time>2020-10-28T23:26:33Z</time><extensions><speed>0.000000</speed><course>-1.000000</course><hAcc>5.000000</hAcc><vAcc>3.000000</vAcc></extensions></trkpt>
      <trkpt lon="-123.271081" lat="44.558715"><ele>73.216896</ele><time>2020-10-28T23:26:34Z</time><extensions><speed>0.000000</speed><course>-1.000000</course><hAcc>5.000000</hAcc><vAcc>3.000000</vAcc></extensions></trkpt>
      <trkpt lon="-123.271081" lat="44.558715"><ele>73.250900</ele><time>2020-10-28T23:26:35Z</time><extensions><speed>0.000000</speed><course>-1.000000</course><hAcc>5.000000</hAcc><vAcc>3.000000</vAcc></extensions></trkpt>
      <trkpt lon="-123.271081" lat="44.558715"><ele>73.222893</ele><time>2020-10-28T23:26:36Z</time><extensions><speed>0.000000</speed><course>-1.000000</course><hAcc>5.000000</hAcc><vAcc>3.000000</vAcc></extensions></trkpt>
      <trkpt lon="-123.271081" lat="44.558715"><ele>73.137154</ele><time>2020-10-28T23:26:37Z</time><extensions><speed>0.000000</speed><course>-1.000000</course><hAcc>5.000000</hAcc><vAcc>3.000000</vAcc></extensions></trkpt>
      <trkpt lon="-123.271081" lat="44.558715"><ele>73.237541</ele><time>2020-10-28T23:26:38Z</time><extensions><speed>0.000000</speed><course>-1.000000</course><hAcc>5.000000</hAcc><vAcc>3.000000</vAcc></extensions></trkpt>
      <trkpt lon="-123.271081" lat="44.558715"><ele>73.207191</ele><time>2020-10-28T23:26:39Z</time><extensions><speed>0.000000</speed><course>-1.000000</course><hAcc>5.000000</hAcc><vAcc>3.000000</vAcc></extensions></trkpt>
      <trkpt lon="-123.271081" lat="44.558715"><ele>73.186783</ele><time>2020-10-28T23:26:40Z</time><extensions><speed>0.000000</speed><course>-1.000000</course><hAcc>5.000000</hAcc><vAcc>3.000000</vAcc></extensions></trkpt>
      <trkpt lon="-123.271081" lat="44.558715"><ele>73.186768</ele><time>2020-10-28T23:26:41Z</time><extensions><speed>0.000000</speed><course>-1.000000</course><hAcc>5.000000</hAcc><vAcc>3.000000</vAcc></extensions></trkpt>
      <trkpt lon="-123.271081" lat="44.558715"><ele>73.206627</ele><time>2020-10-28T23:26:42Z</time><extensions><speed>0.000000</speed><course>-1.000000</course><hAcc>5.000000</hAcc><vAcc>3.000000</vAcc></extensions></trkpt>
      <trkpt lon="-123.271081" lat="44.558715"><ele>73.169365</ele><time>2020-10-28T23:26:43Z</time><extensions><speed>0.000000</speed><course>-1.000000</course><hAcc>5.000000</hAcc><vAcc>3.000000</vAcc></extensions></trkpt>
      <trkpt lon="-123.271081" lat="44.558715"><ele>73.180840</ele><time>2020-10-28T23:26:44Z</time><extensions><speed>0.000000</speed><course>-1.000000</course><hAcc>5.000000</hAcc><vAcc>3.000000</vAcc></extensions></trkpt>
      <trkpt lon="-123.271081" lat="44.558715"><ele>73.142326</ele><time>2020-10-28T23:26:45Z</time><extensions><speed>0.000000</speed><course>-1.000000</course><hAcc>5.000000</hAcc><vAcc>3.000000</vAcc></extensions></trkpt>
      <trkpt lon="-123.271081" lat="44.558715"><ele>73.140633</ele><time>2020-10-28T23:26:46Z</time><extensions><speed>0.000000</speed><course>-1.000000</course><hAcc>5.000000</hAcc><vAcc>3.000000</vAcc></extensions></trkpt>
      <trkpt lon="-123.271081" lat="44.558715"><ele>73.096489</ele><time>2020-10-28T23:26:47Z</time><extensions><speed>0.000000</speed><course>-1.000000</course><hAcc>5.000000</hAcc><vAcc>3.000000</vAcc></extensions></trkpt>
      <trkpt lon="-123.271081" lat="44.558715"><ele>73.097672</ele><time>2020-10-28T23:26:48Z</time><extensions><speed>0.000000</speed><course>-1.000000</course><hAcc>5.000000</hAcc><vAcc>3.000000</vAcc></extensions></trkpt>
      <trkpt lon="-123.271081" lat="44.558715"><ele>73.084122</ele><time>2020-10-28T23:26:49Z</time><extensions><speed>0.000000</speed><course>-1.000000</course><hAcc>5.000000</hAcc><vAcc>3.000000</vAcc></extensions></trkpt>
      <trkpt lon="-123.271081" lat="44.558715"><ele>73.101608</ele><time>2020-10-28T23:26:50Z</time><extensions><speed>0.000000</speed><course>-1.000000</course><hAcc>5.000000</hAcc><vAcc>3.000000</vAcc></extensions></trkpt>
      <trkpt lon="-123.271081" lat="44.558715"><ele>73.146385</ele><time>2020-10-28T23:26:51Z</time><extensions><speed>0.000000</speed><course>-1.000000</course><hAcc>5.000000</hAcc><vAcc>3.000000</vAcc></extensions></trkpt>
      <trkpt lon="-123.271081" lat="44.558715"><ele>73.102432</ele><time>2020-10-28T23:26:52Z</time><extensions><speed>0.000000</speed><course>-1.000000</course><hAcc>5.000000</hAcc><vAcc>3.000000</vAcc></extensions></trkpt>
      <trkpt lon="-123.271081" lat="44.558715"><ele>73.093391</ele><time>2020-10-28T23:26:53Z</time><extensions><speed>0.000000</speed><course>-1.000000</course><hAcc>5.000000</hAcc><vAcc>3.000000</vAcc></extensions></trkpt>
      <trkpt lon="-123.271081" lat="44.558715"><ele>73.109833</ele><time>2020-10-28T23:26:54Z</time><extensions><speed>0.000000</speed><course>-1.000000</course><hAcc>5.000000</hAcc><vAcc>3.000000</vAcc></extensions></trkpt>
      <trkpt lon="-123.271081" lat="44.558715"><ele>73.073662</ele><time>2020-10-28T23:26:55Z</time><extensions><speed>0.000000</speed><course>-1.000000</course><hAcc>5.000000</hAcc><vAcc>3.000000</vAcc></extensions></trkpt>
      <trkpt lon="-123.271081" lat="44.558715"><ele>73.150017</ele><time>2020-10-28T23:26:56Z</time><extensions><speed>0.000000</speed><course>-1.000000</course><hAcc>5.000000</hAcc><vAcc>3.000000</vAcc></extensions></trkpt>
      <trkpt lon="-123.271081" lat="44.558715"><ele>73.055244</ele><time>2020-10-28T23:26:57Z</time><extensions><speed>0.000000</speed><course>-1.000000</course><hAcc>5.000000</hAcc><vAcc>3.000000</vAcc></extensions></trkpt>
      <trkpt lon="-123.271081" lat="44.558715"><ele>73.099815</ele><time>2020-10-28T23:26:58Z</time><extensions><speed>0.000000</speed><course>-1.000000</course><hAcc>5.000000</hAcc><vAcc>3.000000</vAcc></extensions></trkpt>
      <trkpt lon="-123.271081" lat="44.558715"><ele>73.073975</ele><time>2020-10-28T23:26:59Z</time><extensions><speed>0.000000</speed><course>-1.000000</course><hAcc>5.000000</hAcc><vAcc>3.000000</vAcc></extensions></trkpt>
      <trkpt lon="-123.271081" lat="44.558715"><ele>73.088257</ele><time>2020-10-28T23:27:00Z</time><extensions><speed>0.000000</speed><course>-1.000000</course><hAcc>5.000000</hAcc><vAcc>3.000000</vAcc></extensions></trkpt>
      <trkpt lon="-123.271081" lat="44.558715"><ele>73.131470</ele><time>2020-10-28T23:27:01Z</time><extensions><speed>0.000000</speed><course>-1.000000</course><hAcc>5.000000</hAcc><vAcc>3.000000</vAcc></extensions></trkpt>
      <trkpt lon="-123.271081" lat="44.558715"><ele>73.117485</ele><time>2020-10-28T23:27:02Z</time><extensions><speed>0.000000</speed><course>-1.000000</course><hAcc>5.000000</hAcc><vAcc>3.000000</vAcc></extensions></trkpt>
      <trkpt lon="-123.271081" lat="44.558715"><ele>73.106354</ele><time>2020-10-28T23:27:03Z</time><extensions><speed>0.000000</speed><course>-1.000000</course><hAcc>10.000000</hAcc><vAcc>3.000000</vAcc></extensions></trkpt>
      <trkpt lon="-123.271081" lat="44.558715"><ele>73.172646</ele><time>2020-10-28T23:27:04Z</time><extensions><speed>0.000000</speed><course>-1.000000</course><hAcc>10.000000</hAcc><vAcc>3.000000</vAcc></extensions></trkpt>
      <trkpt lon="-123.271081" lat="44.558715"><ele>73.192352</ele><time>2020-10-28T23:27:05Z</time><extensions><speed>0.000000</speed><course>-1.000000</course><hAcc>10.000000</hAcc><vAcc>3.000000</vAcc></extensions></trkpt>
      <trkpt lon="-123.271081" lat="44.558715"><ele>73.208138</ele><time>2020-10-28T23:27:06Z</time><extensions><speed>0.000000</speed><course>-1.000000</course><hAcc>10.000000</hAcc><vAcc>3.000000</vAcc></extensions></trkpt>
      <trkpt lon="-123.271081" lat="44.558715"><ele>73.268646</ele><time>2020-10-28T23:27:07Z</time><extensions><speed>0.000000</speed><course>-1.000000</course><hAcc>10.000000</hAcc><vAcc>3.000000</vAcc></extensions></trkpt>
    </trkseg>
  </trk>
</gpx>