<?xml version="1.0" encoding="UTF-8"?>
<gpx version="1.1" creator="Apple Health Export" xmlns="http://www.topografix.com/GPX/1/1" xmlns:xsi="http://www.w3.org/2001/XMLSchema-instance" xsi:schemaLocation="http://www.topografix.com/GPX/1/1 http://www.topografix.com/GPX/1/1/gpx.xsd">
  <metadata>
    <time>2021-02-21T19:24:48Z</time>
  </metadata>
  <trk>
    <name>Route 2021-01-03 4:19pm</name>
    <trkseg>
      <trkpt lon="-123.281408" lat="44.563443"><ele>73.747520</ele><time>2021-01-04T00:06:45Z</time><extensions><speed>1.278273</speed><course>259.901764</course><hAcc>1.548795</hAcc><vAcc>1.143468</vAcc></extensions></trkpt>
      <trkpt lon="-123.281423" lat="44.563446"><ele>73.763008</ele><time>2021-01-04T00:06:46Z</time><extensions><speed>1.278067</speed><course>267.083008</course><hAcc>1.351844</hAcc><vAcc>1.001134</vAcc></extensions></trkpt>
      <trkpt lon="-123.281439" lat="44.563448"><ele>73.778381</ele><time>2021-01-04T00:06:47Z</time><extensions><speed>1.277362</speed><course>287.676788</course><hAcc>1.200412</hAcc><vAcc>0.890559</vAcc></extensions></trkpt>
      <trkpt lon="-123.281454" lat="44.563451"><ele>73.793190</ele><time>2021-01-04T00:06:48Z</time><extensions><speed>1.276177</speed><course>274.858307</course><hAcc>1.092056</hAcc><vAcc>0.810254</vAcc></extensions></trkpt>
      <trkpt lon="-123.281470" lat="44.563454"><ele>73.806541</ele><time>2021-01-04T00:06:49Z</time><extensions><speed>1.274768</speed><course>264.147491</course><hAcc>1.020956</hAcc><vAcc>0.756469</vAcc></extensions></trkpt>
      <trkpt lon="-123.281486" lat="44.563457"><ele>73.817261</ele><time>2021-01-04T00:06:50Z</time><extensions><speed>1.273409</speed><course>270.859283</course><hAcc>0.978905</hAcc><vAcc>0.723761</vAcc></extensions></trkpt>
      <trkpt lon="-123.281501" lat="44.563459"><ele>73.824303</ele><time>2021-01-04T00:06:51Z</time><extensions><speed>1.272323</speed><course>272.356812</course><hAcc>0.957094</hAcc><vAcc>0.706118</vAcc></extensions></trkpt>
      <trkpt lon="-123.281517" lat="44.563462"><ele>73.827347</ele><time>2021-01-04T00:06:52Z</time><extensions><speed>1.271708</speed><course>267.260315</course><hAcc>0.947777</hAcc><vAcc>0.698089</vAcc></extensions></trkpt>
      <trkpt lon="-123.281532" lat="44.563464"><ele>73.826683</ele><time>2021-01-04T00:06:53Z</time><extensions><speed>1.272302</speed><course>273.391144</course><hAcc>0.945139</hAcc><vAcc>0.695442</vAcc></extensions></trkpt>
      <trkpt lon="-123.281548" lat="44.563467"><ele>73.823135</ele><time>2021-01-04T00:06:54Z</time><extensions><speed>1.275270</speed><course>289.586670</course><hAcc>0.945345</hAcc><vAcc>0.695289</vAcc></extensions></trkpt>
      <trkpt lon="-123.281564" lat="44.563469"><ele>73.818207</ele><time>2021-01-04T00:06:55Z</time><extensions><speed>1.280880</speed><course>280.058350</course><hAcc>0.946174</hAcc><vAcc>0.695879</vAcc></extensions></trkpt>
      <trkpt lon="-123.281580" lat="44.563471"><ele>73.813858</ele><time>2021-01-04T00:06:56Z</time><extensions><speed>1.288556</speed><course>284.983856</course><hAcc>0.946539</hAcc><vAcc>0.696296</vAcc></extensions></trkpt>
      <trkpt lon="-123.281596" lat="44.563473"><ele>73.812080</ele><time>2021-01-04T00:06:57Z</time><extensions><speed>1.297682</speed><course>285.542297</course><hAcc>0.946063</hAcc><vAcc>0.696167</vAcc></extensions></trkpt>
      <trkpt lon="-123.281612" lat="44.563474"><ele>73.814629</ele><time>2021-01-04T00:06:58Z</time><extensions><speed>1.307763</speed><course>290.875458</course><hAcc>0.944772</hAcc><vAcc>0.695444</vAcc></extensions></trkpt>
      <trkpt lon="-123.281629" lat="44.563475"><ele>73.822983</ele><time>2021-01-04T00:06:59Z</time><extensions><speed>1.318521</speed><course>271.886871</course><hAcc>0.942877</hAcc><vAcc>0.694238</vAcc></extensions></trkpt>
      <trkpt lon="-123.281645" lat="44.563475"><ele>73.838486</ele><time>2021-01-04T00:07:00Z</time><extensions><speed>1.329522</speed><course>264.740295</course><hAcc>0.940645</hAcc><vAcc>0.692727</vAcc></extensions></trkpt>
      <trkpt lon="-123.281662" lat="44.563475"><ele>73.862335</ele><time>2021-01-04T00:07:01Z</time><extensions><speed>1.340074</speed><course>267.419128</course><hAcc>0.938324</hAcc><vAcc>0.691088</vAcc></extensions></trkpt>
      <trkpt lon="-123.281679" lat="44.563473"><ele>73.895180</ele><time>2021-01-04T00:07:02Z</time><extensions><speed>1.349758</speed><course>256.506073</course><hAcc>0.936109</hAcc><vAcc>0.689472</vAcc></extensions></trkpt>
      <trkpt lon="-123.281696" lat="44.563472"><ele>73.936943</ele><time>2021-01-04T00:07:03Z</time><extensions><speed>1.358668</speed><course>270.368164</course><hAcc>0.934131</hAcc><vAcc>0.687988</vAcc></extensions></trkpt>
      <trkpt lon="-123.281713" lat="44.563469"><ele>73.987190</ele><time>2021-01-04T00:07:04Z</time><extensions><speed>1.367167</speed><course>267.901276</course><hAcc>0.932458</hAcc><vAcc>0.686702</vAcc></extensions></trkpt>
      <trkpt lon="-123.281729" lat="44.563465"><ele>74.044952</ele><time>2021-01-04T00:07:05Z</time><extensions><speed>1.375187</speed><course>267.121033</course><hAcc>0.931111</hAcc><vAcc>0.685641</vAcc></extensions></trkpt>
      <trkpt lon="-123.281745" lat="44.563461"><ele>74.108376</ele><time>2021-01-04T00:07:06Z</time><extensions><speed>1.382381</speed><course>260.596161</course><hAcc>0.930077</hAcc><vAcc>0.684808</vAcc></extensions></trkpt>
      <trkpt lon="-123.281761" lat="44.563456"><ele>74.174355</ele><time>2021-01-04T00:07:07Z</time><extensions><speed>1.388695</speed><course>252.913025</course><hAcc>0.929319</hAcc><vAcc>0.684184</vAcc></extensions></trkpt>
      <trkpt lon="-123.281776" lat="44.563449"><ele>74.238739</ele><time>2021-01-04T00:07:08Z</time><extensions><speed>1.394874</speed><course>254.142578</course><hAcc>0.928792</hAcc><vAcc>0.683740</vAcc></extensions></trkpt>
      <trkpt lon="-123.281791" lat="44.563442"><ele>74.297302</ele><time>2021-01-04T00:07:09Z</time><extensions><speed>1.402010</speed><course>260.314850</course><hAcc>0.928446</hAcc><vAcc>0.683442</vAcc></extensions></trkpt>
      <trkpt lon="-123.281804" lat="44.563434"><ele>74.346428</ele><time>2021-01-04T00:07:10Z</time><extensions><speed>1.410956</speed><course>248.414886</course><hAcc>0.928237</hAcc><vAcc>0.683256</vAcc></extensions></trkpt>
      <trkpt lon="-123.281817" lat="44.563425"><ele>74.383247</ele><time>2021-01-04T00:07:11Z</time><extensions><speed>1.422721</speed><course>241.496292</course><hAcc>0.928124</hAcc><vAcc>0.683153</vAcc></extensions></trkpt>
      <trkpt lon="-123.281828" lat="44.563415"><ele>74.406082</ele><time>2021-01-04T00:07:12Z</time><extensions><speed>1.438302</speed><course>232.328125</course><hAcc>0.928075</hAcc><vAcc>0.683107</vAcc></extensions></trkpt>
      <trkpt lon="-123.281838" lat="44.563404"><ele>74.414650</ele><time>2021-01-04T00:07:13Z</time><extensions><speed>1.458683</speed><course>220.517075</course><hAcc>0.928065</hAcc><vAcc>0.683095</vAcc></extensions></trkpt>
      <trkpt lon="-123.281847" lat="44.563393"><ele>74.409241</ele><time>2021-01-04T00:07:14Z</time><extensions><speed>1.484559</speed><course>209.251678</course><hAcc>0.928072</hAcc><vAcc>0.683101</vAcc></extensions></trkpt>
      <trkpt lon="-123.281855" lat="44.563380"><ele>74.389946</ele><time>2021-01-04T00:07:15Z</time><extensions><speed>1.515809</speed><course>206.926270</course><hAcc>0.928084</hAcc><vAcc>0.683111</vAcc></extensions></trkpt>
      <trkpt lon="-123.281862" lat="44.563367"><ele>74.356041</ele><time>2021-01-04T00:07:16Z</time><extensions><speed>1.552044</speed><course>200.955948</course><hAcc>0.928093</hAcc><vAcc>0.683119</vAcc></extensions></trkpt>
      <trkpt lon="-123.281867" lat="44.563354"><ele>74.306206</ele><time>2021-01-04T00:07:17Z</time><extensions><speed>1.593403</speed><course>188.027435</course><hAcc>0.928094</hAcc><vAcc>0.683120</vAcc></extensions></trkpt>
      <trkpt lon="-123.281871" lat="44.563340"><ele>74.239334</ele><time>2021-01-04T00:07:18Z</time><extensions><speed>1.640520</speed><course>195.471695</course><hAcc>0.928086</hAcc><vAcc>0.683112</vAcc></extensions></trkpt>
      <trkpt lon="-123.281874" lat="44.563325"><ele>74.154892</ele><time>2021-01-04T00:07:19Z</time><extensions><speed>1.694419</speed><course>194.670303</course><hAcc>0.928069</hAcc><vAcc>0.683096</vAcc></extensions></trkpt>
      <trkpt lon="-123.281876" lat="44.563309"><ele>74.052742</ele><time>2021-01-04T00:07:20Z</time><extensions><speed>1.756328</speed><course>190.774414</course><hAcc>0.928046</hAcc><vAcc>0.683074</vAcc></extensions></trkpt>
      <trkpt lon="-123.281877" lat="44.563293"><ele>73.933304</ele><time>2021-01-04T00:07:21Z</time><extensions><speed>1.827327</speed><course>187.212173</course><hAcc>0.928020</hAcc><vAcc>0.683049</vAcc></extensions></trkpt>
      <trkpt lon="-123.281878" lat="44.563276"><ele>73.798073</ele><time>2021-01-04T00:07:22Z</time><extensions><speed>1.908367</speed><course>174.647095</course><hAcc>0.927997</hAcc><vAcc>0.683027</vAcc></extensions></trkpt>
      <trkpt lon="-123.281877" lat="44.563259"><ele>73.649834</ele><time>2021-01-04T00:07:23Z</time><extensions><speed>2.000468</speed><course>178.780167</course><hAcc>0.927981</hAcc><vAcc>0.683011</vAcc></extensions></trkpt>
      <trkpt lon="-123.281876" lat="44.563240"><ele>73.492249</ele><time>2021-01-04T00:07:24Z</time><extensions><speed>2.104421</speed><course>175.639450</course><hAcc>0.927976</hAcc><vAcc>0.683006</vAcc></extensions></trkpt>
      <trkpt lon="-123.281875" lat="44.563221"><ele>73.329025</ele><time>2021-01-04T00:07:25Z</time><extensions><speed>2.219681</speed><course>176.304825</course><hAcc>0.927985</hAcc><vAcc>0.683014</vAcc></extensions></trkpt>
      <trkpt lon="-123.281874" lat="44.563200"><ele>73.162971</ele><time>2021-01-04T00:07:26Z</time><extensions><speed>2.344600</speed><course>178.169250</course><hAcc>0.928007</hAcc><vAcc>0.683037</vAcc></extensions></trkpt>
      <trkpt lon="-123.281872" lat="44.563179"><ele>72.995758</ele><time>2021-01-04T00:07:27Z</time><extensions><speed>2.477822</speed><course>182.679184</course><hAcc>0.928041</hAcc><vAcc>0.683071</vAcc></extensions></trkpt>
      <trkpt lon="-123.281871" lat="44.563156"><ele>72.828369</ele><time>2021-01-04T00:07:28Z</time><extensions><speed>2.617728</speed><course>180.212952</course><hAcc>0.928082</hAcc><vAcc>0.683111</vAcc></extensions></trkpt>
      <trkpt lon="-123.281869" lat="44.563132"><ele>72.661713</ele><time>2021-01-04T00:07:29Z</time><extensions><speed>2.762767</speed><course>181.425079</course><hAcc>0.928125</hAcc><vAcc>0.683154</vAcc></extensions></trkpt>
      <trkpt lon="-123.281868" lat="44.563106"><ele>72.497208</ele><time>2021-01-04T00:07:30Z</time><extensions><speed>2.911978</speed><course>172.691727</course><hAcc>0.928165</hAcc><vAcc>0.683195</vAcc></extensions></trkpt>
      <trkpt lon="-123.281867" lat="44.563079"><ele>72.337219</ele><time>2021-01-04T00:07:31Z</time><extensions><speed>3.064196</speed><course>187.741074</course><hAcc>0.928201</hAcc><vAcc>0.683232</vAcc></extensions></trkpt>
      <trkpt lon="-123.281866" lat="44.563051"><ele>72.184883</ele><time>2021-01-04T00:07:32Z</time><extensions><speed>3.217696</speed><course>186.581024</course><hAcc>0.928234</hAcc><vAcc>0.683266</vAcc></extensions></trkpt>
      <trkpt lon="-123.281865" lat="44.563021"><ele>72.043449</ele><time>2021-01-04T00:07:33Z</time><extensions><speed>3.369944</speed><course>176.638657</course><hAcc>0.928266</hAcc><vAcc>0.683301</vAcc></extensions></trkpt>
      <trkpt lon="-123.281865" lat="44.562990"><ele>71.915665</ele><time>2021-01-04T00:07:34Z</time><extensions><speed>3.517763</speed><course>183.541519</course><hAcc>0.928307</hAcc><vAcc>0.683345</vAcc></extensions></trkpt>
      <trkpt lon="-123.281864" lat="44.562958"><ele>71.803673</ele><time>2021-01-04T00:07:35Z</time><extensions><speed>3.657341</speed><course>177.798782</course><hAcc>0.928371</hAcc><vAcc>0.683411</vAcc></extensions></trkpt>
      <trkpt lon="-123.281865" lat="44.562925"><ele>71.709328</ele><time>2021-01-04T00:07:36Z</time><extensions><speed>3.784193</speed><course>181.999695</course><hAcc>0.928476</hAcc><vAcc>0.683517</vAcc></extensions></trkpt>
      <trkpt lon="-123.281865" lat="44.562890"><ele>71.633842</ele><time>2021-01-04T00:07:37Z</time><extensions><speed>3.893000</speed><course>182.346573</course><hAcc>0.928650</hAcc><vAcc>0.683684</vAcc></extensions></trkpt>
      <trkpt lon="-123.281866" lat="44.562855"><ele>71.577446</ele><time>2021-01-04T00:07:38Z</time><extensions><speed>3.979229</speed><course>180.904129</course><hAcc>0.928924</hAcc><vAcc>0.683939</vAcc></extensions></trkpt>
      <trkpt lon="-123.281867" lat="44.562819"><ele>71.539627</ele><time>2021-01-04T00:07:39Z</time><extensions><speed>4.041664</speed><course>180.918930</course><hAcc>0.929334</hAcc><vAcc>0.684312</vAcc></extensions></trkpt>
      <trkpt lon="-123.281868" lat="44.562782"><ele>71.519341</ele><time>2021-01-04T00:07:40Z</time><extensions><speed>4.080342</speed><course>182.971329</course><hAcc>0.929921</hAcc><vAcc>0.684829</vAcc></extensions></trkpt>
      <trkpt lon="-123.281869" lat="44.562745"><ele>71.514992</ele><time>2021-01-04T00:07:41Z</time><extensions><speed>4.094361</speed><course>180.258667</course><hAcc>0.930722</hAcc><vAcc>0.685516</vAcc></extensions></trkpt>
      <trkpt lon="-123.281871" lat="44.562708"><ele>71.524162</ele><time>2021-01-04T00:07:42Z</time><extensions><speed>4.082708</speed><course>182.410233</course><hAcc>0.931775</hAcc><vAcc>0.686395</vAcc></extensions></trkpt>
      <trkpt lon="-123.281872" lat="44.562672"><ele>71.544106</ele><time>2021-01-04T00:07:43Z</time><extensions><speed>4.045441</speed><course>191.682663</course><hAcc>0.933109</hAcc><vAcc>0.687478</vAcc></extensions></trkpt>
      <trkpt lon="-123.281873" lat="44.562636"><ele>71.572441</ele><time>2021-01-04T00:07:44Z</time><extensions><speed>3.984673</speed><course>187.423294</course><hAcc>0.934735</hAcc><vAcc>0.688762</vAcc></extensions></trkpt>
      <trkpt lon="-123.281873" lat="44.562600"><ele>71.606850</ele><time>2021-01-04T00:07:45Z</time><extensions><speed>3.904166</speed><course>179.513306</course><hAcc>0.936641</hAcc><vAcc>0.690226</vAcc></extensions></trkpt>
      <trkpt lon="-123.281874" lat="44.562566"><ele>71.645119</ele><time>2021-01-04T00:07:46Z</time><extensions><speed>3.807555</speed><course>178.241379</course><hAcc>0.938773</hAcc><vAcc>0.691815</vAcc></extensions></trkpt>
      <trkpt lon="-123.281873" lat="44.562532"><ele>71.685577</ele><time>2021-01-04T00:07:47Z</time><extensions><speed>3.697910</speed><course>183.267822</course><hAcc>0.941027</hAcc><vAcc>0.693442</vAcc></extensions></trkpt>
      <trkpt lon="-123.281872" lat="44.562499"><ele>71.727234</ele><time>2021-01-04T00:07:48Z</time><extensions><speed>3.579030</speed><course>180.290375</course><hAcc>0.943247</hAcc><vAcc>0.694983</vAcc></extensions></trkpt>
      <trkpt lon="-123.281870" lat="44.562467"><ele>71.769516</ele><time>2021-01-04T00:07:49Z</time><extensions><speed>3.455714</speed><course>179.845825</course><hAcc>0.945231</hAcc><vAcc>0.696292</vAcc></extensions></trkpt>
      <trkpt lon="-123.281867" lat="44.562437"><ele>71.812019</ele><time>2021-01-04T00:07:50Z</time><extensions><speed>3.332948</speed><course>177.150909</course><hAcc>0.946764</hAcc><vAcc>0.697228</vAcc></extensions></trkpt>
      <trkpt lon="-123.281864" lat="44.562408"><ele>71.854095</ele><time>2021-01-04T00:07:51Z</time><extensions><speed>3.215055</speed><course>174.956543</course><hAcc>0.947683</hAcc><vAcc>0.697707</vAcc></extensions></trkpt>
      <trkpt lon="-123.281859" lat="44.562379"><ele>71.894997</ele><time>2021-01-04T00:07:52Z</time><extensions><speed>3.105454</speed><course>164.780762</course><hAcc>0.947995</hAcc><vAcc>0.697793</vAcc></extensions></trkpt>
      <trkpt lon="-123.281852" lat="44.562352"><ele>71.934113</ele><time>2021-01-04T00:07:53Z</time><extensions><speed>3.006351</speed><course>179.690765</course><hAcc>0.948059</hAcc><vAcc>0.697839</vAcc></extensions></trkpt>
      <trkpt lon="-123.281845" lat="44.562326"><ele>71.971062</ele><time>2021-01-04T00:07:54Z</time><extensions><speed>2.919266</speed><course>183.772583</course><hAcc>0.948862</hAcc><vAcc>0.698677</vAcc></extensions></trkpt>
      <trkpt lon="-123.281836" lat="44.562301"><ele>72.005661</ele><time>2021-01-04T00:07:55Z</time><extensions><speed>2.845433</speed><course>177.651306</course><hAcc>0.952380</hAcc><vAcc>0.701872</vAcc></extensions></trkpt>
      <trkpt lon="-123.281826" lat="44.562277"><ele>72.037888</ele><time>2021-01-04T00:07:56Z</time><extensions><speed>2.785875</speed><course>184.282013</course><hAcc>0.962000</hAcc><vAcc>0.709992</vAcc></extensions></trkpt>
      <trkpt lon="-123.281814" lat="44.562253"><ele>72.067650</ele><time>2021-01-04T00:07:57Z</time><extensions><speed>2.740388</speed><course>172.267014</course><hAcc>0.982862</hAcc><vAcc>0.726805</vAcc></extensions></trkpt>
      <trkpt lon="-123.281801" lat="44.562231"><ele>72.094604</ele><time>2021-01-04T00:07:58Z</time><extensions><speed>2.707094</speed><course>155.201126</course><hAcc>1.021869</hAcc><vAcc>0.757209</vAcc></extensions></trkpt>
      <trkpt lon="-123.281776" lat="44.562228"><ele>72.208961</ele><time>2021-01-04T00:07:59Z</time><extensions><speed>2.459853</speed><course>270.859283</course><hAcc>0.980356</hAcc><vAcc>0.725268</vAcc></extensions></trkpt>
      <trkpt lon="-123.281747" lat="44.562220"><ele>72.307228</ele><time>2021-01-04T00:08:00Z</time><extensions><speed>2.487187</speed><course>272.356812</course><hAcc>0.958263</hAcc><vAcc>0.707335</vAcc></extensions></trkpt>
      <trkpt lon="-123.281717" lat="44.562212"><ele>72.386444</ele><time>2021-01-04T00:08:01Z</time><extensions><speed>2.518702</speed><course>267.260315</course><hAcc>0.948727</hAcc><vAcc>0.699078</vAcc></extensions></trkpt>
      <trkpt lon="-123.281687" lat="44.562206"><ele>72.445946</ele><time>2021-01-04T00:08:02Z</time><extensions><speed>2.554239</speed><course>273.391144</course><hAcc>0.945925</hAcc><vAcc>0.696260</vAcc></extensions></trkpt>
      <trkpt lon="-123.281655" lat="44.562201"><ele>72.486092</ele><time>2021-01-04T00:08:03Z</time><extensions><speed>2.593050</speed><course>289.586670</course><hAcc>0.946012</hAcc><vAcc>0.695981</vAcc></extensions></trkpt>
      <trkpt lon="-123.281623" lat="44.562196"><ele>72.507866</ele><time>2021-01-04T00:08:04Z</time><extensions><speed>2.633328</speed><course>280.058350</course><hAcc>0.946752</hAcc><vAcc>0.696475</vAcc></extensions></trkpt>
      <trkpt lon="-123.281590" lat="44.562193"><ele>72.512917</ele><time>2021-01-04T00:08:05Z</time><extensions><speed>2.673316</speed><course>284.983856</course><hAcc>0.947041</hAcc><vAcc>0.696813</vAcc></extensions></trkpt>
      <trkpt lon="-123.281556" lat="44.562190"><ele>72.503128</ele><time>2021-01-04T00:08:06Z</time><extensions><speed>2.711192</speed><course>285.542297</course><hAcc>0.946494</hAcc><vAcc>0.696609</vAcc></extensions></trkpt>
      <trkpt lon="-123.281522" lat="44.562188"><ele>72.480751</ele><time>2021-01-04T00:08:07Z</time><extensions><speed>2.744560</speed><course>290.875458</course><hAcc>0.945127</hAcc><vAcc>0.695807</vAcc></extensions></trkpt>
      <trkpt lon="-123.281487" lat="44.562187"><ele>72.448967</ele><time>2021-01-04T00:08:08Z</time><extensions><speed>2.772856</speed><course>271.886871</course><hAcc>0.943151</hAcc><vAcc>0.694517</vAcc></extensions></trkpt>
      <trkpt lon="-123.281452" lat="44.562186"><ele>72.411896</ele><time>2021-01-04T00:08:09Z</time><extensions><speed>2.796263</speed><course>264.740295</course><hAcc>0.940832</hAcc><vAcc>0.692915</vAcc></extensions></trkpt>
      <trkpt lon="-123.281417" lat="44.562186"><ele>72.374489</ele><time>2021-01-04T00:08:10Z</time><extensions><speed>2.815180</speed><course>267.419128</course><hAcc>0.938419</hAcc><vAcc>0.691181</vAcc></extensions></trkpt>
      <trkpt lon="-123.281381" lat="44.562186"><ele>72.342056</ele><time>2021-01-04T00:08:11Z</time><extensions><speed>2.830940</speed><course>256.506073</course><hAcc>0.936109</hAcc><vAcc>0.689466</vAcc></extensions></trkpt>
      <trkpt lon="-123.281346" lat="44.562186"><ele>72.319572</ele><time>2021-01-04T00:08:12Z</time><extensions><speed>2.844834</speed><course>270.368164</course><hAcc>0.934032</hAcc><vAcc>0.687880</vAcc></extensions></trkpt>
      <trkpt lon="-123.281310" lat="44.562186"><ele>72.310936</ele><time>2021-01-04T00:08:13Z</time><extensions><speed>2.857426</speed><course>267.901276</course><hAcc>0.932261</hAcc><vAcc>0.686492</vAcc></extensions></trkpt>
      <trkpt lon="-123.281274" lat="44.562186"><ele>72.318428</ele><time>2021-01-04T00:08:14Z</time><extensions><speed>2.868827</speed><course>267.121033</course><hAcc>0.930819</hAcc><vAcc>0.685331</vAcc></extensions></trkpt>
      <trkpt lon="-123.281237" lat="44.562186"><ele>72.342590</ele><time>2021-01-04T00:08:15Z</time><extensions><speed>2.879130</speed><course>260.596161</course><hAcc>0.929692</hAcc><vAcc>0.684401</vAcc></extensions></trkpt>
      <trkpt lon="-123.281201" lat="44.562187"><ele>72.382523</ele><time>2021-01-04T00:08:16Z</time><extensions><speed>2.888729</speed><course>252.913025</course><hAcc>0.928847</hAcc><vAcc>0.683684</vAcc></extensions></trkpt>
      <trkpt lon="-123.281165" lat="44.562187"><ele>72.436096</ele><time>2021-01-04T00:08:17Z</time><extensions><speed>2.898643</speed><course>254.142578</course><hAcc>0.928238</hAcc><vAcc>0.683153</vAcc></extensions></trkpt>
      <trkpt lon="-123.281128" lat="44.562187"><ele>72.500328</ele><time>2021-01-04T00:08:18Z</time><extensions><speed>2.909953</speed><course>260.314850</course><hAcc>0.927819</hAcc><vAcc>0.682777</vAcc></extensions></trkpt>
      <trkpt lon="-123.281091" lat="44.562187"><ele>72.571777</ele><time>2021-01-04T00:08:19Z</time><extensions><speed>2.923713</speed><course>248.414886</course><hAcc>0.927546</hAcc><vAcc>0.682525</vAcc></extensions></trkpt>
      <trkpt lon="-123.281055" lat="44.562187"><ele>72.647263</ele><time>2021-01-04T00:08:20Z</time><extensions><speed>2.939324</speed><course>241.496292</course><hAcc>0.927381</hAcc><vAcc>0.682368</vAcc></extensions></trkpt>
      <trkpt lon="-123.281017" lat="44.562187"><ele>72.724411</ele><time>2021-01-04T00:08:21Z</time><extensions><speed>2.955084</speed><course>232.328125</course><hAcc>0.927293</hAcc><vAcc>0.682281</vAcc></extensions></trkpt>
      <trkpt lon="-123.280980" lat="44.562186"><ele>72.800964</ele><time>2021-01-04T00:08:22Z</time><extensions><speed>2.969321</speed><course>220.517075</course><hAcc>0.927260</hAcc><vAcc>0.682246</vAcc></extensions></trkpt>
      <trkpt lon="-123.280943" lat="44.562185"><ele>72.874069</ele><time>2021-01-04T00:08:23Z</time><extensions><speed>2.980258</speed><course>209.251678</course><hAcc>0.927265</hAcc><vAcc>0.682251</vAcc></extensions></trkpt>
      <trkpt lon="-123.280905" lat="44.562184"><ele>72.940239</ele><time>2021-01-04T00:08:24Z</time><extensions><speed>2.986684</speed><course>206.926270</course><hAcc>0.927303</hAcc><vAcc>0.682289</vAcc></extensions></trkpt>
      <trkpt lon="-123.280868" lat="44.562183"><ele>72.995461</ele><time>2021-01-04T00:08:25Z</time><extensions><speed>2.988789</speed><course>200.955948</course><hAcc>0.927375</hAcc><vAcc>0.682362</vAcc></extensions></trkpt>
      <trkpt lon="-123.280830" lat="44.562182"><ele>73.035744</ele><time>2021-01-04T00:08:26Z</time><extensions><speed>2.988139</speed><course>188.027435</course><hAcc>0.927490</hAcc><vAcc>0.682476</vAcc></extensions></trkpt>
      <trkpt lon="-123.280792" lat="44.562181"><ele>73.057137</ele><time>2021-01-04T00:08:27Z</time><extensions><speed>2.986086</speed><course>195.471695</course><hAcc>0.927666</hAcc><vAcc>0.682647</vAcc></extensions></trkpt>
      <trkpt lon="-123.280755" lat="44.562180"><ele>73.055817</ele><time>2021-01-04T00:08:28Z</time><extensions><speed>2.984209</speed><course>194.670303</course><hAcc>0.927931</hAcc><vAcc>0.682894</vAcc></extensions></trkpt>
      <trkpt lon="-123.280717" lat="44.562179"><ele>73.028961</ele><time>2021-01-04T00:08:29Z</time><extensions><speed>2.984753</speed><course>190.774414</course><hAcc>0.928320</hAcc><vAcc>0.683246</vAcc></extensions></trkpt>
      <trkpt lon="-123.280680" lat="44.562178"><ele>72.975517</ele><time>2021-01-04T00:08:30Z</time><extensions><speed>2.989658</speed><course>187.212173</course><hAcc>0.928874</hAcc><vAcc>0.683732</vAcc></extensions></trkpt>
      <trkpt lon="-123.280642" lat="44.562177"><ele>72.896255</ele><time>2021-01-04T00:08:31Z</time><extensions><speed>3.000926</speed><course>174.647095</course><hAcc>0.929639</hAcc><vAcc>0.684384</vAcc></extensions></trkpt>
      <trkpt lon="-123.280604" lat="44.562176"><ele>72.793480</ele><time>2021-01-04T00:08:32Z</time><extensions><speed>3.020570</speed><course>178.780167</course><hAcc>0.930660</hAcc><vAcc>0.685232</vAcc></extensions></trkpt>
      <trkpt lon="-123.280566" lat="44.562176"><ele>72.670288</ele><time>2021-01-04T00:08:33Z</time><extensions><speed>3.048675</speed><course>175.639450</course><hAcc>0.931974</hAcc><vAcc>0.686297</vAcc></extensions></trkpt>
      <trkpt lon="-123.280528" lat="44.562176"><ele>72.529724</ele><time>2021-01-04T00:08:34Z</time><extensions><speed>3.084181</speed><course>176.304825</course><hAcc>0.933600</hAcc><vAcc>0.687583</vAcc></extensions></trkpt>
      <trkpt lon="-123.280488" lat="44.562177"><ele>72.374626</ele><time>2021-01-04T00:08:35Z</time><extensions><speed>3.126647</speed><course>178.169250</course><hAcc>0.935526</hAcc><vAcc>0.689067</vAcc></extensions></trkpt>
      <trkpt lon="-123.280449" lat="44.562178"><ele>72.207916</ele><time>2021-01-04T00:08:36Z</time><extensions><speed>3.175299</speed><course>182.679184</course><hAcc>0.937697</hAcc><vAcc>0.690699</vAcc></extensions></trkpt>
      <trkpt lon="-123.280409" lat="44.562180"><ele>72.033081</ele><time>2021-01-04T00:08:37Z</time><extensions><speed>3.229119</speed><course>180.212952</course><hAcc>0.940011</hAcc><vAcc>0.692387</vAcc></extensions></trkpt>
      <trkpt lon="-123.280368" lat="44.562183"><ele>71.854355</ele><time>2021-01-04T00:08:38Z</time><extensions><speed>3.286884</speed><course>181.425079</course><hAcc>0.942307</hAcc><vAcc>0.694008</vAcc></extensions></trkpt>
      <trkpt lon="-123.280326" lat="44.562186"><ele>71.676361</ele><time>2021-01-04T00:08:39Z</time><extensions><speed>3.346626</speed><course>172.691727</course><hAcc>0.944381</hAcc><vAcc>0.695411</vAcc></extensions></trkpt>
      <trkpt lon="-123.280284" lat="44.562191"><ele>71.504509</ele><time>2021-01-04T00:08:40Z</time><extensions><speed>3.406249</speed><course>187.741074</course><hAcc>0.946014</hAcc><vAcc>0.696450</vAcc></extensions></trkpt>
      <trkpt lon="-123.280242" lat="44.562196"><ele>71.345726</ele><time>2021-01-04T00:08:41Z</time><extensions><speed>3.463588</speed><course>186.581024</course><hAcc>0.947040</hAcc><vAcc>0.697040</vAcc></extensions></trkpt>
      <trkpt lon="-123.280199" lat="44.562202"><ele>71.207649</ele><time>2021-01-04T00:08:42Z</time><extensions><speed>3.516512</speed><course>176.638657</course><hAcc>0.947465</hAcc><vAcc>0.697245</vAcc></extensions></trkpt>
      <trkpt lon="-123.280155" lat="44.562209"><ele>71.097275</ele><time>2021-01-04T00:08:43Z</time><extensions><speed>3.563182</speed><course>183.541519</course><hAcc>0.947649</hAcc><vAcc>0.697416</vAcc></extensions></trkpt>
      <trkpt lon="-123.280112" lat="44.562218"><ele>71.020996</ele><time>2021-01-04T00:08:44Z</time><extensions><speed>3.602320</speed><course>177.798782</course><hAcc>0.948581</hAcc><vAcc>0.698388</vAcc></extensions></trkpt>
      <trkpt lon="-123.280068" lat="44.562227"><ele>70.984505</ele><time>2021-01-04T00:08:45Z</time><extensions><speed>3.633329</speed><course>181.999695</course><hAcc>0.952238</hAcc><vAcc>0.701727</vAcc></extensions></trkpt>
      <trkpt lon="-123.280025" lat="44.562238"><ele>70.990944</ele><time>2021-01-04T00:08:46Z</time><extensions><speed>3.656090</speed><course>182.346573</course><hAcc>0.962004</hAcc><vAcc>0.710000</vAcc></extensions></trkpt>
      <trkpt lon="-123.279982" lat="44.562249"><ele>71.039581</ele><time>2021-01-04T00:08:47Z</time><extensions><speed>3.669849</speed><course>180.904129</course><hAcc>0.983013</hAcc><vAcc>0.726966</vAcc></extensions></trkpt>
      <trkpt lon="-123.279939" lat="44.562262"><ele>71.126144</ele><time>2021-01-04T00:08:48Z</time><extensions><speed>3.674314</speed><course>180.918930</course><hAcc>1.022156</hAcc><vAcc>0.757510</vAcc></extensions></trkpt>
      <trkpt lon="-123.279909" lat="44.562309"><ele>71.668533</ele><time>2021-01-04T00:08:49Z</time><extensions><speed>4.957663</speed><course>270.859283</course><hAcc>0.980922</hAcc><vAcc>0.725835</vAcc></extensions></trkpt>
      <trkpt lon="-123.279887" lat="44.562352"><ele>72.159195</ele><time>2021-01-04T00:08:50Z</time><extensions><speed>5.092213</speed><course>272.356812</course><hAcc>0.959194</hAcc><vAcc>0.708251</vAcc></extensions></trkpt>
      <trkpt lon="-123.279868" lat="44.562396"><ele>72.607262</ele><time>2021-01-04T00:08:51Z</time><extensions><speed>5.248442</speed><course>267.260315</course><hAcc>0.950161</hAcc><vAcc>0.700456</vAcc></extensions></trkpt>
      <trkpt lon="-123.279851" lat="44.562443"><ele>73.003838</ele><time>2021-01-04T00:08:52Z</time><extensions><speed>5.418170</speed><course>273.391144</course><hAcc>0.948037</hAcc><vAcc>0.698241</vAcc></extensions></trkpt>
      <trkpt lon="-123.279836" lat="44.562491"><ele>73.342354</ele><time>2021-01-04T00:08:53Z</time><extensions><speed>5.589232</speed><course>289.586670</course><hAcc>0.949015</hAcc><vAcc>0.698733</vAcc></extensions></trkpt>
      <trkpt lon="-123.279823" lat="44.562541"><ele>73.618408</ele><time>2021-01-04T00:08:54Z</time><extensions><speed>5.750151</speed><course>280.058350</course><hAcc>0.950900</hAcc><vAcc>0.700193</vAcc></extensions></trkpt>
      <trkpt lon="-123.279812" lat="44.562593"><ele>73.829147</ele><time>2021-01-04T00:08:55Z</time><extensions><speed>5.890236</speed><course>284.983856</course><hAcc>0.952617</hAcc><vAcc>0.701701</vAcc></extensions></trkpt>
      <trkpt lon="-123.279803" lat="44.562646"><ele>73.973381</ele><time>2021-01-04T00:08:56Z</time><extensions><speed>5.998979</speed><course>285.542297</course><hAcc>0.953788</hAcc><vAcc>0.702869</vAcc></extensions></trkpt>
      <trkpt lon="-123.279796" lat="44.562700"><ele>74.051399</ele><time>2021-01-04T00:08:57Z</time><extensions><speed>6.066997</speed><course>290.875458</course><hAcc>0.954409</hAcc><vAcc>0.703608</vAcc></extensions></trkpt>
      <trkpt lon="-123.279790" lat="44.562755"><ele>74.064377</ele><time>2021-01-04T00:08:58Z</time><extensions><speed>6.085790</speed><course>271.886871</course><hAcc>0.954626</hAcc><vAcc>0.703966</vAcc></extensions></trkpt>
      <trkpt lon="-123.279786" lat="44.562809"><ele>74.014915</ele><time>2021-01-04T00:08:59Z</time><extensions><speed>6.050042</speed><course>264.740295</course><hAcc>0.954591</hAcc><vAcc>0.704022</vAcc></extensions></trkpt>
      <trkpt lon="-123.279783" lat="44.562863"><ele>73.909264</ele><time>2021-01-04T00:09:00Z</time><extensions><speed>5.958834</speed><course>267.419128</course><hAcc>0.954392</hAcc><vAcc>0.703824</vAcc></extensions></trkpt>
      <trkpt lon="-123.279782" lat="44.562916"><ele>73.758644</ele><time>2021-01-04T00:09:01Z</time><extensions><speed>5.813764</speed><course>256.506073</course><hAcc>0.954019</hAcc><vAcc>0.703375</vAcc></extensions></trkpt>
      <trkpt lon="-123.279782" lat="44.562968"><ele>73.578064</ele><time>2021-01-04T00:09:02Z</time><extensions><speed>5.617760</speed><course>270.368164</course><hAcc>0.953392</hAcc><vAcc>0.702646</vAcc></extensions></trkpt>
      <trkpt lon="-123.279782" lat="44.563017"><ele>73.384377</ele><time>2021-01-04T00:09:03Z</time><extensions><speed>5.376366</speed><course>267.901276</course><hAcc>0.952426</hAcc><vAcc>0.701627</vAcc></extensions></trkpt>
      <trkpt lon="-123.279784" lat="44.563064"><ele>73.194679</ele><time>2021-01-04T00:09:04Z</time><extensions><speed>5.097394</speed><course>267.121033</course><hAcc>0.951161</hAcc><vAcc>0.700426</vAcc></extensions></trkpt>
      <trkpt lon="-123.279787" lat="44.563109"><ele>73.025444</ele><time>2021-01-04T00:09:05Z</time><extensions><speed>4.790907</speed><course>260.596161</course><hAcc>0.949957</hAcc><vAcc>0.699408</vAcc></extensions></trkpt>
      <trkpt lon="-123.279791" lat="44.563150"><ele>72.890579</ele><time>2021-01-04T00:09:06Z</time><extensions><speed>4.471267</speed><course>252.913025</course><hAcc>0.949780</hAcc><vAcc>0.699403</vAcc></extensions></trkpt>
      <trkpt lon="-123.279796" lat="44.563189"><ele>72.798782</ele><time>2021-01-04T00:09:07Z</time><extensions><speed>4.154365</speed><course>254.142578</course><hAcc>0.952577</hAcc><vAcc>0.701962</vAcc></extensions></trkpt>
      <trkpt lon="-123.279802" lat="44.563225"><ele>72.753273</ele><time>2021-01-04T00:09:08Z</time><extensions><speed>3.855040</speed><course>260.314850</course><hAcc>0.961702</hAcc><vAcc>0.709636</vAcc></extensions></trkpt>
      <trkpt lon="-123.279808" lat="44.563258"><ele>72.752975</ele><time>2021-01-04T00:09:09Z</time><extensions><speed>3.586316</speed><course>248.414886</course><hAcc>0.982262</hAcc><vAcc>0.726171</vAcc></extensions></trkpt>
      <trkpt lon="-123.279815" lat="44.563289"><ele>72.793564</ele><time>2021-01-04T00:09:10Z</time><extensions><speed>3.357588</speed><course>241.496292</course><hAcc>1.021133</hAcc><vAcc>0.756445</vAcc></extensions></trkpt>
      <trkpt lon="-123.279826" lat="44.563293"><ele>72.517204</ele><time>2021-01-04T00:09:11Z</time><extensions><speed>0.175883</speed><course>270.859283</course><hAcc>0.979390</hAcc><vAcc>0.724265</vAcc></extensions></trkpt>
      <trkpt lon="-123.279828" lat="44.563292"><ele>72.686523</ele><time>2021-01-04T00:09:12Z</time><extensions><speed>0.196238</speed><course>272.356812</course><hAcc>0.957561</hAcc><vAcc>0.706602</vAcc></extensions></trkpt>
      <trkpt lon="-123.279828" lat="44.563290"><ele>72.838814</ele><time>2021-01-04T00:09:13Z</time><extensions><speed>0.262425</speed><course>267.260315</course><hAcc>0.948239</hAcc><vAcc>0.698565</vAcc></extensions></trkpt>
      <trkpt lon="-123.279827" lat="44.563287"><ele>72.970093</ele><time>2021-01-04T00:09:14Z</time><extensions><speed>0.354186</speed><course>273.391144</course><hAcc>0.945604</hAcc><vAcc>0.695919</vAcc></extensions></trkpt>
      <trkpt lon="-123.279826" lat="44.563284"><ele>73.076874</ele><time>2021-01-04T00:09:15Z</time><extensions><speed>0.457113</speed><course>289.586670</course><hAcc>0.945816</hAcc><vAcc>0.695770</vAcc></extensions></trkpt>
      <trkpt lon="-123.279823" lat="44.563280"><ele>73.156502</ele><time>2021-01-04T00:09:16Z</time><extensions><speed>0.563810</speed><course>280.058350</course><hAcc>0.946648</hAcc><vAcc>0.696362</vAcc></extensions></trkpt>
      <trkpt lon="-123.279819" lat="44.563275"><ele>73.207695</ele><time>2021-01-04T00:09:17Z</time><extensions><speed>0.670281</speed><course>284.983856</course><hAcc>0.947009</hAcc><vAcc>0.696774</vAcc></extensions></trkpt>
      <trkpt lon="-123.279814" lat="44.563270"><ele>73.230751</ele><time>2021-01-04T00:09:18Z</time><extensions><speed>0.774442</speed><course>285.542297</course><hAcc>0.946523</hAcc><vAcc>0.696636</vAcc></extensions></trkpt>
      <trkpt lon="-123.279807" lat="44.563264"><ele>73.227501</ele><time>2021-01-04T00:09:19Z</time><extensions><speed>0.875079</speed><course>290.875458</course><hAcc>0.945218</hAcc><vAcc>0.695900</vAcc></extensions></trkpt>
      <trkpt lon="-123.279799" lat="44.563258"><ele>73.201149</ele><time>2021-01-04T00:09:20Z</time><extensions><speed>0.971128</speed><course>271.886871</course><hAcc>0.943318</hAcc><vAcc>0.694691</vAcc></extensions></trkpt>
      <trkpt lon="-123.279790" lat="44.563251"><ele>73.156326</ele><time>2021-01-04T00:09:21Z</time><extensions><speed>1.061410</speed><course>264.740295</course><hAcc>0.941104</hAcc><vAcc>0.693199</vAcc></extensions></trkpt>
      <trkpt lon="-123.279780" lat="44.563244"><ele>73.099365</ele><time>2021-01-04T00:09:22Z</time><extensions><speed>1.144729</speed><course>267.419128</course><hAcc>0.938846</hAcc><vAcc>0.691621</vAcc></extensions></trkpt>
      <trkpt lon="-123.279769" lat="44.563237"><ele>73.037453</ele><time>2021-01-04T00:09:23Z</time><extensions><speed>1.219617</speed><course>256.506073</course><hAcc>0.936760</hAcc><vAcc>0.690126</vAcc></extensions></trkpt>
      <trkpt lon="-123.279758" lat="44.563230"><ele>72.976601</ele><time>2021-01-04T00:09:24Z</time><extensions><speed>1.285089</speed><course>270.368164</course><hAcc>0.935006</hAcc><vAcc>0.688847</vAcc></extensions></trkpt>
      <trkpt lon="-123.279745" lat="44.563222"><ele>72.920876</ele><time>2021-01-04T00:09:25Z</time><extensions><speed>1.341485</speed><course>267.901276</course><hAcc>0.933686</hAcc><vAcc>0.687874</vAcc></extensions></trkpt>
      <trkpt lon="-123.279733" lat="44.563213"><ele>72.872604</ele><time>2021-01-04T00:09:26Z</time><extensions><speed>1.389699</speed><course>267.121033</course><hAcc>0.932861</hAcc><vAcc>0.687264</vAcc></extensions></trkpt>
      <trkpt lon="-123.279719" lat="44.563205"><ele>72.832436</ele><time>2021-01-04T00:09:27Z</time><extensions><speed>1.430647</speed><course>260.596161</course><hAcc>0.932560</hAcc><vAcc>0.687048</vAcc></extensions></trkpt>
      <trkpt lon="-123.279706" lat="44.563196"><ele>72.799561</ele><time>2021-01-04T00:09:28Z</time><extensions><speed>1.465252</speed><course>252.913025</course><hAcc>0.932791</hAcc><vAcc>0.687238</vAcc></extensions></trkpt>
      <trkpt lon="-123.279693" lat="44.563187"><ele>72.771812</ele><time>2021-01-04T00:09:29Z</time><extensions><speed>1.494353</speed><course>254.142578</course><hAcc>0.933546</hAcc><vAcc>0.687824</vAcc></extensions></trkpt>
      <trkpt lon="-123.279679" lat="44.563177"><ele>72.746338</ele><time>2021-01-04T00:09:30Z</time><extensions><speed>1.518347</speed><course>260.314850</course><hAcc>0.934795</hAcc><vAcc>0.688778</vAcc></extensions></trkpt>
      <trkpt lon="-123.279666" lat="44.563168"><ele>72.720490</ele><time>2021-01-04T00:09:31Z</time><extensions><speed>1.537332</speed><course>248.414886</course><hAcc>0.936484</hAcc><vAcc>0.690050</vAcc></extensions></trkpt>
      <trkpt lon="-123.279652" lat="44.563158"><ele>72.692604</ele><time>2021-01-04T00:09:32Z</time><extensions><speed>1.551158</speed><course>241.496292</course><hAcc>0.938522</hAcc><vAcc>0.691557</vAcc></extensions></trkpt>
      <trkpt lon="-123.279639" lat="44.563147"><ele>72.662605</ele><time>2021-01-04T00:09:33Z</time><extensions><speed>1.559682</speed><course>232.328125</course><hAcc>0.940773</hAcc><vAcc>0.693186</vAcc></extensions></trkpt>
      <trkpt lon="-123.279625" lat="44.563137"><ele>72.631798</ele><time>2021-01-04T00:09:34Z</time><extensions><speed>1.563273</speed><course>220.517075</course><hAcc>0.943056</hAcc><vAcc>0.694793</vAcc></extensions></trkpt>
      <trkpt lon="-123.279612" lat="44.563127"><ele>72.601944</ele><time>2021-01-04T00:09:35Z</time><extensions><speed>1.562624</speed><course>209.251678</course><hAcc>0.945146</hAcc><vAcc>0.696213</vAcc></extensions></trkpt>
      <trkpt lon="-123.279599" lat="44.563116"><ele>72.574471</ele><time>2021-01-04T00:09:36Z</time><extensions><speed>1.558381</speed><course>206.926270</course><hAcc>0.946815</hAcc><vAcc>0.697290</vAcc></extensions></trkpt>
      <trkpt lon="-123.279587" lat="44.563105"><ele>72.550056</ele><time>2021-01-04T00:09:37Z</time><extensions><speed>1.551262</speed><course>200.955948</course><hAcc>0.947885</hAcc><vAcc>0.697929</vAcc></extensions></trkpt>
      <trkpt lon="-123.279575" lat="44.563095"><ele>72.528648</ele><time>2021-01-04T00:09:37Z</time><extensions><speed>1.542176</speed><course>188.027435</course><hAcc>0.948374</hAcc><vAcc>0.698198</vAcc></extensions></trkpt>
      <trkpt lon="-123.279563" lat="44.563084"><ele>72.509636</ele><time>2021-01-04T00:09:38Z</time><extensions><speed>1.531959</speed><course>195.471695</course><hAcc>0.948637</hAcc><vAcc>0.698446</vAcc></extensions></trkpt>
      <trkpt lon="-123.279551" lat="44.563072"><ele>72.492271</ele><time>2021-01-04T00:09:39Z</time><extensions><speed>1.521388</speed><course>194.670303</course><hAcc>0.949646</hAcc><vAcc>0.699495</vAcc></extensions></trkpt>
      <trkpt lon="-123.279541" lat="44.563061"><ele>72.476120</ele><time>2021-01-04T00:09:40Z</time><extensions><speed>1.511116</speed><course>190.774414</course><hAcc>0.953385</hAcc><vAcc>0.702918</vAcc></extensions></trkpt>
      <trkpt lon="-123.279530" lat="44.563050"><ele>72.461296</ele><time>2021-01-04T00:09:41Z</time><extensions><speed>1.501756</speed><course>187.212173</course><hAcc>0.963252</hAcc><vAcc>0.711295</vAcc></extensions></trkpt>
      <trkpt lon="-123.279520" lat="44.563038"><ele>72.448288</ele><time>2021-01-04T00:09:42Z</time><extensions><speed>1.493743</speed><course>174.647095</course><hAcc>0.984391</hAcc><vAcc>0.728397</vAcc></extensions></trkpt>
      <trkpt lon="-123.279511" lat="44.563027"><ele>72.437439</ele><time>2021-01-04T00:09:43Z</time><extensions><speed>1.487201</speed><course>178.780167</course><hAcc>1.023702</hAcc><vAcc>0.759118</vAcc></extensions></trkpt>
      <trkpt lon="-123.279506" lat="44.563014"><ele>72.527962</ele><time>2021-01-04T00:09:45Z</time><extensions><speed>1.395657</speed><course>270.859283</course><hAcc>0.982002</hAcc><vAcc>0.726978</vAcc></extensions></trkpt>
      <trkpt lon="-123.279502" lat="44.563002"><ele>72.483902</ele><time>2021-01-04T00:09:46Z</time><extensions><speed>1.391012</speed><course>272.356812</course><hAcc>0.959889</hAcc><vAcc>0.709023</vAcc></extensions></trkpt>
      <trkpt lon="-123.279499" lat="44.562990"><ele>72.443405</ele><time>2021-01-04T00:09:47Z</time><extensions><speed>1.385717</speed><course>267.260315</course><hAcc>0.950340</hAcc><vAcc>0.700752</vAcc></extensions></trkpt>
      <trkpt lon="-123.279495" lat="44.562977"><ele>72.405914</ele><time>2021-01-04T00:09:48Z</time><extensions><speed>1.379913</speed><course>273.391144</course><hAcc>0.947528</hAcc><vAcc>0.697926</vAcc></extensions></trkpt>
      <trkpt lon="-123.279493" lat="44.562965"><ele>72.370125</ele><time>2021-01-04T00:09:49Z</time><extensions><speed>1.373717</speed><course>289.586670</course><hAcc>0.947603</hAcc><vAcc>0.697635</vAcc></extensions></trkpt>
      <trkpt lon="-123.279490" lat="44.562953"><ele>72.334534</ele><time>2021-01-04T00:09:50Z</time><extensions><speed>1.367199</speed><course>280.058350</course><hAcc>0.948320</hAcc><vAcc>0.698108</vAcc></extensions></trkpt>
      <trkpt lon="-123.279488" lat="44.562941"><ele>72.297859</ele><time>2021-01-04T00:09:51Z</time><extensions><speed>1.360590</speed><course>284.983856</course><hAcc>0.948572</hAcc><vAcc>0.698407</vAcc></extensions></trkpt>
      <trkpt lon="-123.279486" lat="44.562929"><ele>72.259094</ele><time>2021-01-04T00:09:52Z</time><extensions><speed>1.354375</speed><course>285.542297</course><hAcc>0.947968</hAcc><vAcc>0.698146</vAcc></extensions></trkpt>
      <trkpt lon="-123.279484" lat="44.562917"><ele>72.217697</ele><time>2021-01-04T00:09:53Z</time><extensions><speed>1.349161</speed><course>290.875458</course><hAcc>0.946527</hAcc><vAcc>0.697267</vAcc></extensions></trkpt>
      <trkpt lon="-123.279483" lat="44.562905"><ele>72.173973</ele><time>2021-01-04T00:09:54Z</time><extensions><speed>1.345549</speed><course>271.886871</course><hAcc>0.944461</hAcc><vAcc>0.695885</vAcc></extensions></trkpt>
      <trkpt lon="-123.279481" lat="44.562893"><ele>72.128693</ele><time>2021-01-04T00:09:55Z</time><extensions><speed>1.343663</speed><course>264.740295</course><hAcc>0.942042</hAcc><vAcc>0.694180</vAcc></extensions></trkpt>
      <trkpt lon="-123.279480" lat="44.562880"><ele>72.082214</ele><time>2021-01-04T00:09:56Z</time><extensions><speed>1.343077</speed><course>267.419128</course><hAcc>0.939528</hAcc><vAcc>0.692342</vAcc></extensions></trkpt>
      <trkpt lon="-123.279479" lat="44.562868"><ele>72.034210</ele><time>2021-01-04T00:09:57Z</time><extensions><speed>1.343279</speed><course>256.506073</course><hAcc>0.937120</hAcc><vAcc>0.690527</vAcc></extensions></trkpt>
      <trkpt lon="-123.279478" lat="44.562856"><ele>71.983963</ele><time>2021-01-04T00:09:58Z</time><extensions><speed>1.343866</speed><course>270.368164</course><hAcc>0.934954</hAcc><vAcc>0.688849</vAcc></extensions></trkpt>
      <trkpt lon="-123.279477" lat="44.562844"><ele>71.931091</ele><time>2021-01-04T00:09:59Z</time><extensions><speed>1.344514</speed><course>267.901276</course><hAcc>0.933105</hAcc><vAcc>0.687381</vAcc></extensions></trkpt>
      <trkpt lon="-123.279476" lat="44.562832"><ele>71.875824</ele><time>2021-01-04T00:10:00Z</time><extensions><speed>1.345077</speed><course>267.121033</course><hAcc>0.931598</hAcc><vAcc>0.686154</vAcc></extensions></trkpt>
      <trkpt lon="-123.279475" lat="44.562820"><ele>71.818794</ele><time>2021-01-04T00:10:01Z</time><extensions><speed>1.345547</speed><course>260.596161</course><hAcc>0.930421</hAcc><vAcc>0.685172</vAcc></extensions></trkpt>
      <trkpt lon="-123.279474" lat="44.562808"><ele>71.760933</ele><time>2021-01-04T00:10:02Z</time><extensions><speed>1.345916</speed><course>252.913025</course><hAcc>0.929539</hAcc><vAcc>0.684418</vAcc></extensions></trkpt>
      <trkpt lon="-123.279474" lat="44.562796"><ele>71.703362</ele><time>2021-01-04T00:10:03Z</time><extensions><speed>1.346138</speed><course>254.142578</course><hAcc>0.928907</hAcc><vAcc>0.683864</vAcc></extensions></trkpt>
      <trkpt lon="-123.279473" lat="44.562784"><ele>71.646797</ele><time>2021-01-04T00:10:04Z</time><extensions><speed>1.345940</speed><course>260.314850</course><hAcc>0.928475</hAcc><vAcc>0.683476</vAcc></extensions></trkpt>
      <trkpt lon="-123.279473" lat="44.562772"><ele>71.591240</ele><time>2021-01-04T00:10:05Z</time><extensions><speed>1.345028</speed><course>248.414886</course><hAcc>0.928197</hAcc><vAcc>0.683219</vAcc></extensions></trkpt>
      <trkpt lon="-123.279472" lat="44.562760"><ele>71.536209</ele><time>2021-01-04T00:10:06Z</time><extensions><speed>1.343463</speed><course>241.496292</course><hAcc>0.928029</hAcc><vAcc>0.683059</vAcc></extensions></trkpt>
      <trkpt lon="-123.279471" lat="44.562748"><ele>71.480988</ele><time>2021-01-04T00:10:07Z</time><extensions><speed>1.341371</speed><course>232.328125</course><hAcc>0.927938</hAcc><vAcc>0.682968</vAcc></extensions></trkpt>
      <trkpt lon="-123.279471" lat="44.562735"><ele>71.424675</ele><time>2021-01-04T00:10:08Z</time><extensions><speed>1.338645</speed><course>220.517075</course><hAcc>0.927895</hAcc><vAcc>0.682922</vAcc></extensions></trkpt>
      <trkpt lon="-123.279470" lat="44.562723"><ele>71.366226</ele><time>2021-01-04T00:10:09Z</time><extensions><speed>1.334841</speed><course>209.251678</course><hAcc>0.927880</hAcc><vAcc>0.682904</vAcc></extensions></trkpt>
      <trkpt lon="-123.279470" lat="44.562711"><ele>71.304764</ele><time>2021-01-04T00:10:10Z</time><extensions><speed>1.329737</speed><course>206.926270</course><hAcc>0.927879</hAcc><vAcc>0.682900</vAcc></extensions></trkpt>
      <trkpt lon="-123.279469" lat="44.562700"><ele>71.240204</ele><time>2021-01-04T00:10:11Z</time><extensions><speed>1.323846</speed><course>200.955948</course><hAcc>0.927881</hAcc><vAcc>0.682902</vAcc></extensions></trkpt>
      <trkpt lon="-123.279468" lat="44.562688"><ele>71.173615</ele><time>2021-01-04T00:10:12Z</time><extensions><speed>1.317761</speed><course>188.027435</course><hAcc>0.927883</hAcc><vAcc>0.682903</vAcc></extensions></trkpt>
      <trkpt lon="-123.279468" lat="44.562676"><ele>71.107201</ele><time>2021-01-04T00:10:13Z</time><extensions><speed>1.311837</speed><course>195.471695</course><hAcc>0.927881</hAcc><vAcc>0.682902</vAcc></extensions></trkpt>
      <trkpt lon="-123.279467" lat="44.562664"><ele>71.043839</ele><time>2021-01-04T00:10:14Z</time><extensions><speed>1.305898</speed><course>194.670303</course><hAcc>0.927876</hAcc><vAcc>0.682897</vAcc></extensions></trkpt>
      <trkpt lon="-123.279465" lat="44.562652"><ele>70.986168</ele><time>2021-01-04T00:10:15Z</time><extensions><speed>1.299363</speed><course>190.774414</course><hAcc>0.927865</hAcc><vAcc>0.682887</vAcc></extensions></trkpt>
      <trkpt lon="-123.279464" lat="44.562641"><ele>70.935852</ele><time>2021-01-04T00:10:16Z</time><extensions><speed>1.292059</speed><course>187.212173</course><hAcc>0.927848</hAcc><vAcc>0.682871</vAcc></extensions></trkpt>
      <trkpt lon="-123.279462" lat="44.562629"><ele>70.893448</ele><time>2021-01-04T00:10:17Z</time><extensions><speed>1.283562</speed><course>174.647095</course><hAcc>0.927824</hAcc><vAcc>0.682847</vAcc></extensions></trkpt>
      <trkpt lon="-123.279460" lat="44.562618"><ele>70.858719</ele><time>2021-01-04T00:10:18Z</time><extensions><speed>1.273311</speed><course>178.780167</course><hAcc>0.927793</hAcc><vAcc>0.682817</vAcc></extensions></trkpt>
      <trkpt lon="-123.279457" lat="44.562607"><ele>70.830711</ele><time>2021-01-04T00:10:19Z</time><extensions><speed>1.261771</speed><course>175.639450</course><hAcc>0.927757</hAcc><vAcc>0.682780</vAcc></extensions></trkpt>
      <trkpt lon="-123.279453" lat="44.562596"><ele>70.807953</ele><time>2021-01-04T00:10:20Z</time><extensions><speed>1.250609</speed><course>176.304825</course><hAcc>0.927716</hAcc><vAcc>0.682739</vAcc></extensions></trkpt>
      <trkpt lon="-123.279448" lat="44.562585"><ele>70.788811</ele><time>2021-01-04T00:10:21Z</time><extensions><speed>1.242263</speed><course>178.169250</course><hAcc>0.927671</hAcc><vAcc>0.682693</vAcc></extensions></trkpt>
      <trkpt lon="-123.279442" lat="44.562575"><ele>70.771782</ele><time>2021-01-04T00:10:22Z</time><extensions><speed>1.239338</speed><course>182.679184</course><hAcc>0.927623</hAcc><vAcc>0.682643</vAcc></extensions></trkpt>
      <trkpt lon="-123.279435" lat="44.562565"><ele>70.755608</ele><time>2021-01-04T00:10:23Z</time><extensions><speed>1.243671</speed><course>180.212952</course><hAcc>0.927572</hAcc><vAcc>0.682591</vAcc></extensions></trkpt>
      <trkpt lon="-123.279427" lat="44.562555"><ele>70.739159</ele><time>2021-01-04T00:10:24Z</time><extensions><speed>1.255918</speed><course>181.425079</course><hAcc>0.927522</hAcc><vAcc>0.682539</vAcc></extensions></trkpt>
      <trkpt lon="-123.279418" lat="44.562546"><ele>70.721527</ele><time>2021-01-04T00:10:25Z</time><extensions><speed>1.275560</speed><course>172.691727</course><hAcc>0.927474</hAcc><vAcc>0.682489</vAcc></extensions></trkpt>
      <trkpt lon="-123.279408" lat="44.562537"><ele>70.702057</ele><time>2021-01-04T00:10:26Z</time><extensions><speed>1.300675</speed><course>187.741074</course><hAcc>0.927432</hAcc><vAcc>0.682446</vAcc></extensions></trkpt>
      <trkpt lon="-123.279396" lat="44.562528"><ele>70.680359</ele><time>2021-01-04T00:10:27Z</time><extensions><speed>1.328498</speed><course>186.581024</course><hAcc>0.927397</hAcc><vAcc>0.682410</vAcc></extensions></trkpt>
      <trkpt lon="-123.279383" lat="44.562520"><ele>70.656349</ele><time>2021-01-04T00:10:28Z</time><extensions><speed>1.355803</speed><course>176.638657</course><hAcc>0.927368</hAcc><vAcc>0.682378</vAcc></extensions></trkpt>
      <trkpt lon="-123.279370" lat="44.562513"><ele>70.629990</ele><time>2021-01-04T00:10:29Z</time><extensions><speed>1.379464</speed><course>183.541519</course><hAcc>0.927338</hAcc><vAcc>0.682347</vAcc></extensions></trkpt>
      <trkpt lon="-123.279356" lat="44.562505"><ele>70.601013</ele><time>2021-01-04T00:10:30Z</time><extensions><speed>1.397204</speed><course>177.798782</course><hAcc>0.927304</hAcc><vAcc>0.682311</vAcc></extensions></trkpt>
      <trkpt lon="-123.279341" lat="44.562498"><ele>70.569252</ele><time>2021-01-04T00:10:31Z</time><extensions><speed>1.407695</speed><course>181.999695</course><hAcc>0.927263</hAcc><vAcc>0.682268</vAcc></extensions></trkpt>
      <trkpt lon="-123.279327" lat="44.562491"><ele>70.535233</ele><time>2021-01-04T00:10:32Z</time><extensions><speed>1.410896</speed><course>182.346573</course><hAcc>0.927215</hAcc><vAcc>0.682218</vAcc></extensions></trkpt>
      <trkpt lon="-123.279312" lat="44.562484"><ele>70.500008</ele><time>2021-01-04T00:10:33Z</time><extensions><speed>1.407507</speed><course>180.904129</course><hAcc>0.927160</hAcc><vAcc>0.682161</vAcc></extensions></trkpt>
      <trkpt lon="-123.279297" lat="44.562477"><ele>70.464714</ele><time>2021-01-04T00:10:34Z</time><extensions><speed>1.398436</speed><course>180.918930</course><hAcc>0.927099</hAcc><vAcc>0.682097</vAcc></extensions></trkpt>
      <trkpt lon="-123.279283" lat="44.562470"><ele>70.430412</ele><time>2021-01-04T00:10:35Z</time><extensions><speed>1.384982</speed><course>182.971329</course><hAcc>0.927032</hAcc><vAcc>0.682028</vAcc></extensions></trkpt>
      <trkpt lon="-123.279268" lat="44.562463"><ele>70.398079</ele><time>2021-01-04T00:10:36Z</time><extensions><speed>1.369082</speed><course>180.258667</course><hAcc>0.926960</hAcc><vAcc>0.681953</vAcc></extensions></trkpt>
      <trkpt lon="-123.279255" lat="44.562456"><ele>70.368515</ele><time>2021-01-04T00:10:37Z</time><extensions><speed>1.352616</speed><course>182.410233</course><hAcc>0.926886</hAcc><vAcc>0.681876</vAcc></extensions></trkpt>
      <trkpt lon="-123.279241" lat="44.562448"><ele>70.342300</ele><time>2021-01-04T00:10:38Z</time><extensions><speed>1.336937</speed><course>191.682663</course><hAcc>0.926811</hAcc><vAcc>0.681798</vAcc></extensions></trkpt>
      <trkpt lon="-123.279229" lat="44.562441"><ele>70.319687</ele><time>2021-01-04T00:10:39Z</time><extensions><speed>1.323065</speed><course>187.423294</course><hAcc>0.926738</hAcc><vAcc>0.681723</vAcc></extensions></trkpt>
      <trkpt lon="-123.279216" lat="44.562433"><ele>70.300438</ele><time>2021-01-04T00:10:40Z</time><extensions><speed>1.311903</speed><course>179.513306</course><hAcc>0.926670</hAcc><vAcc>0.681652</vAcc></extensions></trkpt>
      <trkpt lon="-123.279205" lat="44.562424"><ele>70.283920</ele><time>2021-01-04T00:10:41Z</time><extensions><speed>1.304130</speed><course>178.241379</course><hAcc>0.926605</hAcc><vAcc>0.681585</vAcc></extensions></trkpt>
      <trkpt lon="-123.279194" lat="44.562415"><ele>70.269493</ele><time>2021-01-04T00:10:42Z</time><extensions><speed>1.300199</speed><course>183.267822</course><hAcc>0.926546</hAcc><vAcc>0.681523</vAcc></extensions></trkpt>
      <trkpt lon="-123.279184" lat="44.562406"><ele>70.256889</ele><time>2021-01-04T00:10:43Z</time><extensions><speed>1.300485</speed><course>180.290375</course><hAcc>0.926492</hAcc><vAcc>0.681467</vAcc></extensions></trkpt>
      <trkpt lon="-123.279174" lat="44.562397"><ele>70.246422</ele><time>2021-01-04T00:10:44Z</time><extensions><speed>1.305095</speed><course>179.845825</course><hAcc>0.926446</hAcc><vAcc>0.681419</vAcc></extensions></trkpt>
      <trkpt lon="-123.279165" lat="44.562387"><ele>70.238640</ele><time>2021-01-04T00:10:45Z</time><extensions><speed>1.313740</speed><course>177.150909</course><hAcc>0.926409</hAcc><vAcc>0.681381</vAcc></extensions></trkpt>
      <trkpt lon="-123.279157" lat="44.562377"><ele>70.234009</ele><time>2021-01-04T00:10:46Z</time><extensions><speed>1.325619</speed><course>174.956543</course><hAcc>0.926382</hAcc><vAcc>0.681353</vAcc></extensions></trkpt>
      <trkpt lon="-123.279149" lat="44.562366"><ele>70.232780</ele><time>2021-01-04T00:10:47Z</time><extensions><speed>1.339880</speed><course>164.780762</course><hAcc>0.926365</hAcc><vAcc>0.681335</vAcc></extensions></trkpt>
      <trkpt lon="-123.279142" lat="44.562355"><ele>70.234833</ele><time>2021-01-04T00:10:48Z</time><extensions><speed>1.355555</speed><course>179.690765</course><hAcc>0.926358</hAcc><vAcc>0.681327</vAcc></extensions></trkpt>
      <trkpt lon="-123.279135" lat="44.562344"><ele>70.239487</ele><time>2021-01-04T00:10:49Z</time><extensions><speed>1.371532</speed><course>183.772583</course><hAcc>0.926359</hAcc><vAcc>0.681329</vAcc></extensions></trkpt>
      <trkpt lon="-123.279129" lat="44.562332"><ele>70.245804</ele><time>2021-01-04T00:10:50Z</time><extensions><speed>1.386931</speed><course>177.651306</course><hAcc>0.926371</hAcc><vAcc>0.681341</vAcc></extensions></trkpt>
      <trkpt lon="-123.279123" lat="44.562320"><ele>70.253006</ele><time>2021-01-04T00:10:51Z</time><extensions><speed>1.401026</speed><course>184.282013</course><hAcc>0.926395</hAcc><vAcc>0.681367</vAcc></extensions></trkpt>
      <trkpt lon="-123.279117" lat="44.562308"><ele>70.260719</ele><time>2021-01-04T00:10:52Z</time><extensions><speed>1.413029</speed><course>172.267014</course><hAcc>0.926434</hAcc><vAcc>0.681407</vAcc></extensions></trkpt>
      <trkpt lon="-123.279111" lat="44.562296"><ele>70.268959</ele><time>2021-01-04T00:10:53Z</time><extensions><speed>1.422257</speed><course>155.201126</course><hAcc>0.926486</hAcc><vAcc>0.681461</vAcc></extensions></trkpt>
      <trkpt lon="-123.279106" lat="44.562284"><ele>70.278030</ele><time>2021-01-04T00:10:54Z</time><extensions><speed>1.428322</speed><course>141.316757</course><hAcc>0.926549</hAcc><vAcc>0.681526</vAcc></extensions></trkpt>
      <trkpt lon="-123.279101" lat="44.562272"><ele>70.288086</ele><time>2021-01-04T00:10:55Z</time><extensions><speed>1.431018</speed><course>138.059158</course><hAcc>0.926616</hAcc><vAcc>0.681595</vAcc></extensions></trkpt>
      <trkpt lon="-123.279095" lat="44.562260"><ele>70.298874</ele><time>2021-01-04T00:10:56Z</time><extensions><speed>1.430338</speed><course>121.633224</course><hAcc>0.926682</hAcc><vAcc>0.681664</vAcc></extensions></trkpt>
      <trkpt lon="-123.279090" lat="44.562247"><ele>70.309944</ele><time>2021-01-04T00:10:57Z</time><extensions><speed>1.426638</speed><course>107.554611</course><hAcc>0.926744</hAcc><vAcc>0.681727</vAcc></extensions></trkpt>
      <trkpt lon="-123.279084" lat="44.562235"><ele>70.320816</ele><time>2021-01-04T00:10:58Z</time><extensions><speed>1.420552</speed><course>96.416435</course><hAcc>0.926798</hAcc><vAcc>0.681783</vAcc></extensions></trkpt>
      <trkpt lon="-123.279078" lat="44.562223"><ele>70.330841</ele><time>2021-01-04T00:10:59Z</time><extensions><speed>1.412752</speed><course>79.426483</course><hAcc>0.926842</hAcc><vAcc>0.681829</vAcc></extensions></trkpt>
      <trkpt lon="-123.279071" lat="44.562211"><ele>70.338943</ele><time>2021-01-04T00:11:00Z</time><extensions><speed>1.403837</speed><course>84.193008</course><hAcc>0.926875</hAcc><vAcc>0.681863</vAcc></extensions></trkpt>
      <trkpt lon="-123.279064" lat="44.562200"><ele>70.343735</ele><time>2021-01-04T00:11:01Z</time><extensions><speed>1.394350</speed><course>83.788200</course><hAcc>0.926899</hAcc><vAcc>0.681888</vAcc></extensions></trkpt>
      <trkpt lon="-123.279057" lat="44.562189"><ele>70.343597</ele><time>2021-01-04T00:11:02Z</time><extensions><speed>1.384557</speed><course>85.804298</course><hAcc>0.926913</hAcc><vAcc>0.681903</vAcc></extensions></trkpt>
      <trkpt lon="-123.279049" lat="44.562177"><ele>70.336945</ele><time>2021-01-04T00:11:03Z</time><extensions><speed>1.374593</speed><course>87.583794</course><hAcc>0.926920</hAcc><vAcc>0.681910</vAcc></extensions></trkpt>
      <trkpt lon="-123.279041" lat="44.562167"><ele>70.322891</ele><time>2021-01-04T00:11:04Z</time><extensions><speed>1.364484</speed><course>86.857269</course><hAcc>0.926920</hAcc><vAcc>0.681911</vAcc></extensions></trkpt>
      <trkpt lon="-123.279032" lat="44.562156"><ele>70.301582</ele><time>2021-01-04T00:11:05Z</time><extensions><speed>1.354087</speed><course>94.281998</course><hAcc>0.926915</hAcc><vAcc>0.681905</vAcc></extensions></trkpt>
      <trkpt lon="-123.279024" lat="44.562146"><ele>70.273918</ele><time>2021-01-04T00:11:06Z</time><extensions><speed>1.343226</speed><course>81.814980</course><hAcc>0.926905</hAcc><vAcc>0.681895</vAcc></extensions></trkpt>
      <trkpt lon="-123.279014" lat="44.562136"><ele>70.241158</ele><time>2021-01-04T00:11:07Z</time><extensions><speed>1.331927</speed><course>88.591110</course><hAcc>0.926890</hAcc><vAcc>0.681879</vAcc></extensions></trkpt>
      <trkpt lon="-123.279005" lat="44.562126"><ele>70.204567</ele><time>2021-01-04T00:11:08Z</time><extensions><speed>1.320502</speed><course>88.130676</course><hAcc>0.926872</hAcc><vAcc>0.681860</vAcc></extensions></trkpt>
      <trkpt lon="-123.278995" lat="44.562116"><ele>70.165321</ele><time>2021-01-04T00:11:09Z</time><extensions><speed>1.309444</speed><course>95.042511</course><hAcc>0.926850</hAcc><vAcc>0.681838</vAcc></extensions></trkpt>
      <trkpt lon="-123.278985" lat="44.562107"><ele>70.124611</ele><time>2021-01-04T00:11:10Z</time><extensions><speed>1.299484</speed><course>95.323441</course><hAcc>0.926826</hAcc><vAcc>0.681814</vAcc></extensions></trkpt>
      <trkpt lon="-123.278974" lat="44.562098"><ele>70.083855</ele><time>2021-01-04T00:11:11Z</time><extensions><speed>1.291616</speed><course>94.282280</course><hAcc>0.926801</hAcc><vAcc>0.681788</vAcc></extensions></trkpt>
      <trkpt lon="-123.278963" lat="44.562090"><ele>70.044746</ele><time>2021-01-04T00:11:12Z</time><extensions><speed>1.286649</speed><course>88.328362</course><hAcc>0.926777</hAcc><vAcc>0.681763</vAcc></extensions></trkpt>
      <trkpt lon="-123.278951" lat="44.562082"><ele>70.009041</ele><time>2021-01-04T00:11:13Z</time><extensions><speed>1.284695</speed><course>76.802330</course><hAcc>0.926756</hAcc><vAcc>0.681742</vAcc></extensions></trkpt>
      <trkpt lon="-123.278939" lat="44.562074"><ele>69.978447</ele><time>2021-01-04T00:11:14Z</time><extensions><speed>1.285370</speed><course>71.313316</course><hAcc>0.926744</hAcc><vAcc>0.681730</vAcc></extensions></trkpt>
      <trkpt lon="-123.278927" lat="44.562067"><ele>69.954475</ele><time>2021-01-04T00:11:15Z</time><extensions><speed>1.287916</speed><course>85.676682</course><hAcc>0.926744</hAcc><vAcc>0.681729</vAcc></extensions></trkpt>
      <trkpt lon="-123.278914" lat="44.562060"><ele>69.938110</ele><time>2021-01-04T00:11:16Z</time><extensions><speed>1.291545</speed><course>94.836517</course><hAcc>0.926755</hAcc><vAcc>0.681741</vAcc></extensions></trkpt>
      <trkpt lon="-123.278900" lat="44.562053"><ele>69.929398</ele><time>2021-01-04T00:11:17Z</time><extensions><speed>1.295675</speed><course>88.611603</course><hAcc>0.926778</hAcc><vAcc>0.681764</vAcc></extensions></trkpt>
      <trkpt lon="-123.278887" lat="44.562046"><ele>69.927361</ele><time>2021-01-04T00:11:18Z</time><extensions><speed>1.299669</speed><course>93.026337</course><hAcc>0.926809</hAcc><vAcc>0.681797</vAcc></extensions></trkpt>
      <trkpt lon="-123.278873" lat="44.562040"><ele>69.930359</ele><time>2021-01-04T00:11:19Z</time><extensions><speed>1.303066</speed><course>96.996750</course><hAcc>0.926847</hAcc><vAcc>0.681836</vAcc></extensions></trkpt>
      <trkpt lon="-123.278859" lat="44.562034"><ele>69.936508</ele><time>2021-01-04T00:11:20Z</time><extensions><speed>1.305767</speed><course>92.103210</course><hAcc>0.926887</hAcc><vAcc>0.681877</vAcc></extensions></trkpt>
      <trkpt lon="-123.278844" lat="44.562029"><ele>69.944275</ele><time>2021-01-04T00:11:21Z</time><extensions><speed>1.307998</speed><course>86.006805</course><hAcc>0.926926</hAcc><vAcc>0.681917</vAcc></extensions></trkpt>
      <trkpt lon="-123.278830" lat="44.562024"><ele>69.952751</ele><time>2021-01-04T00:11:22Z</time><extensions><speed>1.310198</speed><course>94.352776</course><hAcc>0.926961</hAcc><vAcc>0.681953</vAcc></extensions></trkpt>
      <trkpt lon="-123.278815" lat="44.562018"><ele>69.960938</ele><time>2021-01-04T00:11:23Z</time><extensions><speed>1.312256</speed><course>98.598251</course><hAcc>0.926987</hAcc><vAcc>0.681979</vAcc></extensions></trkpt>
      <trkpt lon="-123.278800" lat="44.562014"><ele>69.967003</ele><time>2021-01-04T00:11:24Z</time><extensions><speed>1.314196</speed><course>81.560966</course><hAcc>0.927002</hAcc><vAcc>0.681995</vAcc></extensions></trkpt>
      <trkpt lon="-123.278784" lat="44.562009"><ele>69.968781</ele><time>2021-01-04T00:11:25Z</time><extensions><speed>1.316534</speed><course>91.243164</course><hAcc>0.927005</hAcc><vAcc>0.681998</vAcc></extensions></trkpt>
      <trkpt lon="-123.278769" lat="44.562005"><ele>69.964836</ele><time>2021-01-04T00:11:26Z</time><extensions><speed>1.319332</speed><course>90.755104</course><hAcc>0.926995</hAcc><vAcc>0.681988</vAcc></extensions></trkpt>
      <trkpt lon="-123.278753" lat="44.562001"><ele>69.954903</ele><time>2021-01-04T00:11:27Z</time><extensions><speed>1.322464</speed><course>103.307678</course><hAcc>0.926974</hAcc><vAcc>0.681966</vAcc></extensions></trkpt>
      <trkpt lon="-123.278737" lat="44.561997"><ele>69.939850</ele><time>2021-01-04T00:11:28Z</time><extensions><speed>1.325753</speed><course>105.379387</course><hAcc>0.926943</hAcc><vAcc>0.681934</vAcc></extensions></trkpt>
      <trkpt lon="-123.278721" lat="44.561994"><ele>69.921486</ele><time>2021-01-04T00:11:29Z</time><extensions><speed>1.328907</speed><course>87.079628</course><hAcc>0.926904</hAcc><vAcc>0.681894</vAcc></extensions></trkpt>
      <trkpt lon="-123.278705" lat="44.561991"><ele>69.902420</ele><time>2021-01-04T00:11:30Z</time><extensions><speed>1.331822</speed><course>88.220558</course><hAcc>0.926862</hAcc><vAcc>0.681851</vAcc></extensions></trkpt>
      <trkpt lon="-123.278689" lat="44.561988"><ele>69.885231</ele><time>2021-01-04T00:11:31Z</time><extensions><speed>1.334418</speed><course>69.541382</course><hAcc>0.926820</hAcc><vAcc>0.681807</vAcc></extensions></trkpt>
      <trkpt lon="-123.278672" lat="44.561985"><ele>69.871300</ele><time>2021-01-04T00:11:32Z</time><extensions><speed>1.336716</speed><course>95.846222</course><hAcc>0.926780</hAcc><vAcc>0.681766</vAcc></extensions></trkpt>
      <trkpt lon="-123.278656" lat="44.561983"><ele>69.860687</ele><time>2021-01-04T00:11:33Z</time><extensions><speed>1.338991</speed><course>98.704819</course><hAcc>0.926744</hAcc><vAcc>0.681729</vAcc></extensions></trkpt>
      <trkpt lon="-123.278639" lat="44.561981"><ele>69.852905</ele><time>2021-01-04T00:11:34Z</time><extensions><speed>1.341395</speed><course>81.944740</course><hAcc>0.926713</hAcc><vAcc>0.681696</vAcc></extensions></trkpt>
      <trkpt lon="-123.278623" lat="44.561979"><ele>69.847694</ele><time>2021-01-04T00:11:35Z</time><extensions><speed>1.344070</speed><course>80.784363</course><hAcc>0.926686</hAcc><vAcc>0.681668</vAcc></extensions></trkpt>
      <trkpt lon="-123.278606" lat="44.561977"><ele>69.845512</ele><time>2021-01-04T00:11:36Z</time><extensions><speed>1.347041</speed><course>81.677521</course><hAcc>0.926664</hAcc><vAcc>0.681646</vAcc></extensions></trkpt>
      <trkpt lon="-123.278589" lat="44.561975"><ele>69.847214</ele><time>2021-01-04T00:11:37Z</time><extensions><speed>1.350065</speed><course>81.808441</course><hAcc>0.926648</hAcc><vAcc>0.681629</vAcc></extensions></trkpt>
      <trkpt lon="-123.278572" lat="44.561973"><ele>69.853210</ele><time>2021-01-04T00:11:38Z</time><extensions><speed>1.352862</speed><course>87.657707</course><hAcc>0.926638</hAcc><vAcc>0.681618</vAcc></extensions></trkpt>
      <trkpt lon="-123.278555" lat="44.561972"><ele>69.862961</ele><time>2021-01-04T00:11:39Z</time><extensions><speed>1.355309</speed><course>73.152847</course><hAcc>0.926632</hAcc><vAcc>0.681612</vAcc></extensions></trkpt>
      <trkpt lon="-123.278538" lat="44.561970"><ele>69.875275</ele><time>2021-01-04T00:11:40Z</time><extensions><speed>1.357481</speed><course>73.946144</course><hAcc>0.926629</hAcc><vAcc>0.681609</vAcc></extensions></trkpt>
      <trkpt lon="-123.278521" lat="44.561969"><ele>69.888512</ele><time>2021-01-04T00:11:41Z</time><extensions><speed>1.359540</speed><course>89.667122</course><hAcc>0.926629</hAcc><vAcc>0.681609</vAcc></extensions></trkpt>
      <trkpt lon="-123.278504" lat="44.561968"><ele>69.900917</ele><time>2021-01-04T00:11:42Z</time><extensions><speed>1.361570</speed><course>80.636124</course><hAcc>0.926632</hAcc><vAcc>0.681613</vAcc></extensions></trkpt>
      <trkpt lon="-123.278487" lat="44.561967"><ele>69.911362</ele><time>2021-01-04T00:11:43Z</time><extensions><speed>1.363379</speed><course>82.912796</course><hAcc>0.926639</hAcc><vAcc>0.681619</vAcc></extensions></trkpt>
      <trkpt lon="-123.278470" lat="44.561966"><ele>69.919807</ele><time>2021-01-04T00:11:44Z</time><extensions><speed>1.364827</speed><course>72.908760</course><hAcc>0.926648</hAcc><vAcc>0.681629</vAcc></extensions></trkpt>
      <trkpt lon="-123.278453" lat="44.561965"><ele>69.927177</ele><time>2021-01-04T00:11:45Z</time><extensions><speed>1.366101</speed><course>43.084816</course><hAcc>0.926661</hAcc><vAcc>0.681643</vAcc></extensions></trkpt>
      <trkpt lon="-123.278436" lat="44.561964"><ele>69.935249</ele><time>2021-01-04T00:11:46Z</time><extensions><speed>1.367439</speed><course>10.710872</course><hAcc>0.926677</hAcc><vAcc>0.681659</vAcc></extensions></trkpt>
      <trkpt lon="-123.278419" lat="44.561964"><ele>69.946526</ele><time>2021-01-04T00:11:47Z</time><extensions><speed>1.369035</speed><course>2.014233</course><hAcc>0.926696</hAcc><vAcc>0.681679</vAcc></extensions></trkpt>
      <trkpt lon="-123.278401" lat="44.561963"><ele>69.963928</ele><time>2021-01-04T00:11:48Z</time><extensions><speed>1.371006</speed><course>9.808652</course><hAcc>0.926719</hAcc><vAcc>0.681703</vAcc></extensions></trkpt>
      <trkpt lon="-123.278384" lat="44.561963"><ele>69.989937</ele><time>2021-01-04T00:11:49Z</time><extensions><speed>1.373145</speed><course>3.106648</course><hAcc>0.926747</hAcc><vAcc>0.681732</vAcc></extensions></trkpt>
      <trkpt lon="-123.278367" lat="44.561963"><ele>70.025780</ele><time>2021-01-04T00:11:50Z</time><extensions><speed>1.375087</speed><course>0.825488</course><hAcc>0.926778</hAcc><vAcc>0.681764</vAcc></extensions></trkpt>
      <trkpt lon="-123.278350" lat="44.561962"><ele>70.071358</ele><time>2021-01-04T00:11:51Z</time><extensions><speed>1.376766</speed><course>10.592115</course><hAcc>0.926812</hAcc><vAcc>0.681799</vAcc></extensions></trkpt>
      <trkpt lon="-123.278332" lat="44.561962"><ele>70.125542</ele><time>2021-01-04T00:11:52Z</time><extensions><speed>1.378324</speed><course>11.195926</course><hAcc>0.926846</hAcc><vAcc>0.681835</vAcc></extensions></trkpt>
      <trkpt lon="-123.278315" lat="44.561962"><ele>70.186440</ele><time>2021-01-04T00:11:53Z</time><extensions><speed>1.380018</speed><course>6.795914</course><hAcc>0.926880</hAcc><vAcc>0.681870</vAcc></extensions></trkpt>
      <trkpt lon="-123.278297" lat="44.561962"><ele>70.252190</ele><time>2021-01-04T00:11:54Z</time><extensions><speed>1.381510</speed><course>2.790891</course><hAcc>0.926913</hAcc><vAcc>0.681904</vAcc></extensions></trkpt>
      <trkpt lon="-123.278280" lat="44.561962"><ele>70.321724</ele><time>2021-01-04T00:11:55Z</time><extensions><speed>1.382241</speed><course>358.750153</course><hAcc>0.926943</hAcc><vAcc>0.681935</vAcc></extensions></trkpt>
      <trkpt lon="-123.278263" lat="44.561962"><ele>70.394653</ele><time>2021-01-04T00:11:56Z</time><extensions><speed>1.382107</speed><course>358.589783</course><hAcc>0.926969</hAcc><vAcc>0.681963</vAcc></extensions></trkpt>
      <trkpt lon="-123.278245" lat="44.561962"><ele>70.470917</ele><time>2021-01-04T00:11:57Z</time><extensions><speed>1.381159</speed><course>358.965973</course><hAcc>0.926992</hAcc><vAcc>0.681987</vAcc></extensions></trkpt>
      <trkpt lon="-123.278228" lat="44.561962"><ele>70.550499</ele><time>2021-01-04T00:11:58Z</time><extensions><speed>1.379602</speed><course>357.302704</course><hAcc>0.927012</hAcc><vAcc>0.682007</vAcc></extensions></trkpt>
      <trkpt lon="-123.278211" lat="44.561962"><ele>70.632950</ele><time>2021-01-04T00:11:59Z</time><extensions><speed>1.377613</speed><course>357.995270</course><hAcc>0.927028</hAcc><vAcc>0.682024</vAcc></extensions></trkpt>
      <trkpt lon="-123.278193" lat="44.561962"><ele>70.717155</ele><time>2021-01-04T00:12:00Z</time><extensions><speed>1.375240</speed><course>1.970515</course><hAcc>0.927041</hAcc><vAcc>0.682038</vAcc></extensions></trkpt>
      <trkpt lon="-123.278176" lat="44.561962"><ele>70.801376</ele><time>2021-01-04T00:12:01Z</time><extensions><speed>1.372502</speed><course>1.869311</course><hAcc>0.927052</hAcc><vAcc>0.682049</vAcc></extensions></trkpt>
      <trkpt lon="-123.278159" lat="44.561962"><ele>70.883316</ele><time>2021-01-04T00:12:02Z</time><extensions><speed>1.369512</speed><course>2.172438</course><hAcc>0.927060</hAcc><vAcc>0.682058</vAcc></extensions></trkpt>
      <trkpt lon="-123.278141" lat="44.561962"><ele>70.960312</ele><time>2021-01-04T00:12:03Z</time><extensions><speed>1.366412</speed><course>2.881365</course><hAcc>0.927068</hAcc><vAcc>0.682067</vAcc></extensions></trkpt>
      <trkpt lon="-123.278124" lat="44.561962"><ele>71.029732</ele><time>2021-01-04T00:12:04Z</time><extensions><speed>1.363215</speed><course>333.826843</course><hAcc>0.927076</hAcc><vAcc>0.682075</vAcc></extensions></trkpt>
      <trkpt lon="-123.278107" lat="44.561961"><ele>71.089600</ele><time>2021-01-04T00:12:05Z</time><extensions><speed>1.359851</speed><course>329.475555</course><hAcc>0.927083</hAcc><vAcc>0.682083</vAcc></extensions></trkpt>
      <trkpt lon="-123.278090" lat="44.561961"><ele>71.139069</ele><time>2021-01-04T00:12:06Z</time><extensions><speed>1.356321</speed><course>285.610077</course><hAcc>0.927091</hAcc><vAcc>0.682090</vAcc></extensions></trkpt>
      <trkpt lon="-123.278073" lat="44.561961"><ele>71.178253</ele><time>2021-01-04T00:12:07Z</time><extensions><speed>1.352658</speed><course>235.107315</course><hAcc>0.927098</hAcc><vAcc>0.682098</vAcc></extensions></trkpt>
      <trkpt lon="-123.278056" lat="44.561961"><ele>71.207718</ele><time>2021-01-04T00:12:08Z</time><extensions><speed>1.348758</speed><course>216.996399</course><hAcc>0.927105</hAcc><vAcc>0.682105</vAcc></extensions></trkpt>
      <trkpt lon="-123.278039" lat="44.561960"><ele>71.228104</ele><time>2021-01-04T00:12:09Z</time><extensions><speed>1.344495</speed><course>184.137360</course><hAcc>0.927113</hAcc><vAcc>0.682114</vAcc></extensions></trkpt>
      <trkpt lon="-123.278022" lat="44.561960"><ele>71.240158</ele><time>2021-01-04T00:12:10Z</time><extensions><speed>1.339854</speed><course>165.282928</course><hAcc>0.927123</hAcc><vAcc>0.682124</vAcc></extensions></trkpt>
      <trkpt lon="-123.278005" lat="44.561960"><ele>71.244888</ele><time>2021-01-04T00:12:11Z</time><extensions><speed>1.334871</speed><course>160.915634</course><hAcc>0.927134</hAcc><vAcc>0.682135</vAcc></extensions></trkpt>
      <trkpt lon="-123.277989" lat="44.561959"><ele>71.243332</ele><time>2021-01-04T00:12:12Z</time><extensions><speed>1.329519</speed><course>159.127106</course><hAcc>0.927145</hAcc><vAcc>0.682147</vAcc></extensions></trkpt>
      <trkpt lon="-123.277972" lat="44.561959"><ele>71.236572</ele><time>2021-01-04T00:12:13Z</time><extensions><speed>1.323644</speed><course>168.177719</course><hAcc>0.927157</hAcc><vAcc>0.682159</vAcc></extensions></trkpt>
      <trkpt lon="-123.277955" lat="44.561959"><ele>71.225830</ele><time>2021-01-04T00:12:14Z</time><extensions><speed>1.317130</speed><course>172.841660</course><hAcc>0.927168</hAcc><vAcc>0.682171</vAcc></extensions></trkpt>
      <trkpt lon="-123.277939" lat="44.561958"><ele>71.212273</ele><time>2021-01-04T00:12:15Z</time><extensions><speed>1.309966</speed><course>174.803329</course><hAcc>0.927177</hAcc><vAcc>0.682180</vAcc></extensions></trkpt>
      <trkpt lon="-123.277922" lat="44.561958"><ele>71.196640</ele><time>2021-01-04T00:12:16Z</time><extensions><speed>1.302236</speed><course>151.720535</course><hAcc>0.927185</hAcc><vAcc>0.682189</vAcc></extensions></trkpt>
      <trkpt lon="-123.277906" lat="44.561957"><ele>71.179031</ele><time>2021-01-04T00:12:17Z</time><extensions><speed>1.293926</speed><course>112.858406</course><hAcc>0.927193</hAcc><vAcc>0.682197</vAcc></extensions></trkpt>
      <trkpt lon="-123.277890" lat="44.561956"><ele>71.158813</ele><time>2021-01-04T00:12:18Z</time><extensions><speed>1.284943</speed><course>118.033897</course><hAcc>0.927200</hAcc><vAcc>0.682204</vAcc></extensions></trkpt>
      <trkpt lon="-123.277874" lat="44.561956"><ele>71.134644</ele><time>2021-01-04T00:12:19Z</time><extensions><speed>1.275344</speed><course>105.466087</course><hAcc>0.927208</hAcc><vAcc>0.682212</vAcc></extensions></trkpt>
      <trkpt lon="-123.277858" lat="44.561955"><ele>71.104683</ele><time>2021-01-04T00:12:20Z</time><extensions><speed>1.265178</speed><course>101.953598</course><hAcc>0.927215</hAcc><vAcc>0.682220</vAcc></extensions></trkpt>
      <trkpt lon="-123.277842" lat="44.561955"><ele>71.067184</ele><time>2021-01-04T00:12:21Z</time><extensions><speed>1.254279</speed><course>98.491943</course><hAcc>0.927220</hAcc><vAcc>0.682225</vAcc></extensions></trkpt>
      <trkpt lon="-123.277826" lat="44.561955"><ele>71.021156</ele><time>2021-01-04T00:12:22Z</time><extensions><speed>1.242556</speed><course>114.040611</course><hAcc>0.927223</hAcc><vAcc>0.682227</vAcc></extensions></trkpt>
      <trkpt lon="-123.277811" lat="44.561954"><ele>70.966621</ele><time>2021-01-04T00:12:23Z</time><extensions><speed>1.230282</speed><course>117.717232</course><hAcc>0.927220</hAcc><vAcc>0.682225</vAcc></extensions></trkpt>
      <trkpt lon="-123.277795" lat="44.561954"><ele>70.904930</ele><time>2021-01-04T00:12:24Z</time><extensions><speed>1.218000</speed><course>134.099396</course><hAcc>0.927212</hAcc><vAcc>0.682216</vAcc></extensions></trkpt>
      <trkpt lon="-123.277780" lat="44.561954"><ele>70.839127</ele><time>2021-01-04T00:12:25Z</time><extensions><speed>1.206523</speed><course>140.624725</course><hAcc>0.927198</hAcc><vAcc>0.682203</vAcc></extensions></trkpt>
      <trkpt lon="-123.277765" lat="44.561955"><ele>70.773750</ele><time>2021-01-04T00:12:26Z</time><extensions><speed>1.197136</speed><course>159.905472</course><hAcc>0.927182</hAcc><vAcc>0.682186</vAcc></extensions></trkpt>
      <trkpt lon="-123.277750" lat="44.561956"><ele>70.713654</ele><time>2021-01-04T00:12:27Z</time><extensions><speed>1.190656</speed><course>144.691422</course><hAcc>0.927167</hAcc><vAcc>0.682171</vAcc></extensions></trkpt>
      <trkpt lon="-123.277735" lat="44.561957"><ele>70.662292</ele><time>2021-01-04T00:12:28Z</time><extensions><speed>1.185636</speed><course>128.868805</course><hAcc>0.927156</hAcc><vAcc>0.682159</vAcc></extensions></trkpt>
      <trkpt lon="-123.277720" lat="44.561958"><ele>70.621178</ele><time>2021-01-04T00:12:29Z</time><extensions><speed>1.180117</speed><course>130.358353</course><hAcc>0.927151</hAcc><vAcc>0.682154</vAcc></extensions></trkpt>
      <trkpt lon="-123.277706" lat="44.561960"><ele>70.590477</ele><time>2021-01-04T00:12:30Z</time><extensions><speed>1.173437</speed><course>137.184067</course><hAcc>0.927153</hAcc><vAcc>0.682156</vAcc></extensions></trkpt>
      <trkpt lon="-123.277692" lat="44.561963"><ele>70.569588</ele><time>2021-01-04T00:12:31Z</time><extensions><speed>1.165426</speed><course>135.162186</course><hAcc>0.927159</hAcc><vAcc>0.682162</vAcc></extensions></trkpt>
      <trkpt lon="-123.277678" lat="44.561966"><ele>70.557655</ele><time>2021-01-04T00:12:32Z</time><extensions><speed>1.157773</speed><course>134.125488</course><hAcc>0.927168</hAcc><vAcc>0.682171</vAcc></extensions></trkpt>
      <trkpt lon="-123.277664" lat="44.561970"><ele>70.554314</ele><time>2021-01-04T00:12:33Z</time><extensions><speed>1.153173</speed><course>136.819702</course><hAcc>0.927177</hAcc><vAcc>0.682180</vAcc></extensions></trkpt>
      <trkpt lon="-123.277651" lat="44.561975"><ele>70.559181</ele><time>2021-01-04T00:12:34Z</time><extensions><speed>1.153620</speed><course>135.335876</course><hAcc>0.927182</hAcc><vAcc>0.682186</vAcc></extensions></trkpt>
      <trkpt lon="-123.277639" lat="44.561981"><ele>70.570946</ele><time>2021-01-04T00:12:35Z</time><extensions><speed>1.160855</speed><course>128.843506</course><hAcc>0.927183</hAcc><vAcc>0.682187</vAcc></extensions></trkpt>
      <trkpt lon="-123.277627" lat="44.561987"><ele>70.586922</ele><time>2021-01-04T00:12:36Z</time><extensions><speed>1.175847</speed><course>136.265015</course><hAcc>0.927177</hAcc><vAcc>0.682181</vAcc></extensions></trkpt>
      <trkpt lon="-123.277616" lat="44.561994"><ele>70.602913</ele><time>2021-01-04T00:12:37Z</time><extensions><speed>1.198438</speed><course>138.259995</course><hAcc>0.927166</hAcc><vAcc>0.682169</vAcc></extensions></trkpt>
      <trkpt lon="-123.277606" lat="44.562002"><ele>70.614029</ele><time>2021-01-04T00:12:38Z</time><extensions><speed>1.226396</speed><course>137.736145</course><hAcc>0.927151</hAcc><vAcc>0.682154</vAcc></extensions></trkpt>
      <trkpt lon="-123.277596" lat="44.562011"><ele>70.616905</ele><time>2021-01-04T00:12:39Z</time><extensions><speed>1.255239</speed><course>148.147491</course><hAcc>0.927136</hAcc><vAcc>0.682138</vAcc></extensions></trkpt>
      <trkpt lon="-123.277586" lat="44.562020"><ele>70.610924</ele><time>2021-01-04T00:12:40Z</time><extensions><speed>1.280431</speed><course>159.699310</course><hAcc>0.927122</hAcc><vAcc>0.682124</vAcc></extensions></trkpt>
      <trkpt lon="-123.277577" lat="44.562030"><ele>70.597610</ele><time>2021-01-04T00:12:41Z</time><extensions><speed>1.298634</speed><course>166.710251</course><hAcc>0.927109</hAcc><vAcc>0.682110</vAcc></extensions></trkpt>
      <trkpt lon="-123.277569" lat="44.562040"><ele>70.579292</ele><time>2021-01-04T00:12:42Z</time><extensions><speed>1.307219</speed><course>168.492783</course><hAcc>0.927096</hAcc><vAcc>0.682097</vAcc></extensions></trkpt>
      <trkpt lon="-123.277560" lat="44.562050"><ele>70.557709</ele><time>2021-01-04T00:12:43Z</time><extensions><speed>1.304503</speed><course>161.790512</course><hAcc>0.927084</hAcc><vAcc>0.682085</vAcc></extensions></trkpt>
      <trkpt lon="-123.277552" lat="44.562060"><ele>70.533363</ele><time>2021-01-04T00:12:44Z</time><extensions><speed>1.289862</speed><course>160.585739</course><hAcc>0.927074</hAcc><vAcc>0.682075</vAcc></extensions></trkpt>
      <trkpt lon="-123.277544" lat="44.562070"><ele>70.506317</ele><time>2021-01-04T00:12:45Z</time><extensions><speed>1.263301</speed><course>177.510941</course><hAcc>0.927067</hAcc><vAcc>0.682067</vAcc></extensions></trkpt>
      <trkpt lon="-123.277537" lat="44.562080"><ele>70.477554</ele><time>2021-01-04T00:12:46Z</time><extensions><speed>1.224913</speed><course>175.494263</course><hAcc>0.927062</hAcc><vAcc>0.682063</vAcc></extensions></trkpt>
      <trkpt lon="-123.277530" lat="44.562089"><ele>70.449356</ele><time>2021-01-04T00:12:47Z</time><extensions><speed>1.174755</speed><course>181.083023</course><hAcc>0.927062</hAcc><vAcc>0.682063</vAcc></extensions></trkpt>
      <trkpt lon="-123.277523" lat="44.562098"><ele>70.424469</ele><time>2021-01-04T00:12:48Z</time><extensions><speed>1.113621</speed><course>183.084732</course><hAcc>0.927067</hAcc><vAcc>0.682068</vAcc></extensions></trkpt>
      <trkpt lon="-123.277516" lat="44.562107"><ele>70.405174</ele><time>2021-01-04T00:12:49Z</time><extensions><speed>1.042940</speed><course>169.786560</course><hAcc>0.927077</hAcc><vAcc>0.682078</vAcc></extensions></trkpt>
      <trkpt lon="-123.277510" lat="44.562115"><ele>70.392876</ele><time>2021-01-04T00:12:50Z</time><extensions><speed>0.964261</speed><course>173.798843</course><hAcc>0.927092</hAcc><vAcc>0.682094</vAcc></extensions></trkpt>
      <trkpt lon="-123.277505" lat="44.562122"><ele>70.387962</ele><time>2021-01-04T00:12:51Z</time><extensions><speed>0.879374</speed><course>173.315048</course><hAcc>0.927112</hAcc><vAcc>0.682115</vAcc></extensions></trkpt>
      <trkpt lon="-123.277500" lat="44.562129"><ele>70.390030</ele><time>2021-01-04T00:12:52Z</time><extensions><speed>0.790694</speed><course>174.297546</course><hAcc>0.927137</hAcc><vAcc>0.682141</vAcc></extensions></trkpt>
      <trkpt lon="-123.277496" lat="44.562135"><ele>70.398369</ele><time>2021-01-04T00:12:53Z</time><extensions><speed>0.700570</speed><course>178.766190</course><hAcc>0.927164</hAcc><vAcc>0.682169</vAcc></extensions></trkpt>
      <trkpt lon="-123.277492" lat="44.562140"><ele>70.412422</ele><time>2021-01-04T00:12:54Z</time><extensions><speed>0.610579</speed><course>180.557480</course><hAcc>0.927192</hAcc><vAcc>0.682197</vAcc></extensions></trkpt>
      <trkpt lon="-123.277489" lat="44.562144"><ele>70.431770</ele><time>2021-01-04T00:12:55Z</time><extensions><speed>0.522654</speed><course>174.765411</course><hAcc>0.927218</hAcc><vAcc>0.682224</vAcc></extensions></trkpt>
      <trkpt lon="-123.277486" lat="44.562148"><ele>70.455582</ele><time>2021-01-04T00:12:56Z</time><extensions><speed>0.439594</speed><course>171.030518</course><hAcc>0.927240</hAcc><vAcc>0.682247</vAcc></extensions></trkpt>
      <trkpt lon="-123.277484" lat="44.562152"><ele>70.482391</ele><time>2021-01-04T00:12:57Z</time><extensions><speed>0.363761</speed><course>176.014328</course><hAcc>0.927259</hAcc><vAcc>0.682267</vAcc></extensions></trkpt>
      <trkpt lon="-123.277483" lat="44.562154"><ele>70.510323</ele><time>2021-01-04T00:12:58Z</time><extensions><speed>0.296842</speed><course>175.429291</course><hAcc>0.927274</hAcc><vAcc>0.682283</vAcc></extensions></trkpt>
      <trkpt lon="-123.277482" lat="44.562157"><ele>70.537384</ele><time>2021-01-04T00:12:59Z</time><extensions><speed>0.240415</speed><course>174.397110</course><hAcc>0.927286</hAcc><vAcc>0.682295</vAcc></extensions></trkpt>
      <trkpt lon="-123.277481" lat="44.562159"><ele>70.561554</ele><time>2021-01-04T00:13:00Z</time><extensions><speed>0.196046</speed><course>176.744003</course><hAcc>0.927296</hAcc><vAcc>0.682306</vAcc></extensions></trkpt>
      <trkpt lon="-123.277481" lat="44.562160"><ele>70.580978</ele><time>2021-01-04T00:13:01Z</time><extensions><speed>0.165084</speed><course>173.063705</course><hAcc>0.927305</hAcc><vAcc>0.682316</vAcc></extensions></trkpt>
      <trkpt lon="-123.277482" lat="44.562162"><ele>70.594368</ele><time>2021-01-04T00:13:02Z</time><extensions><speed>0.147658</speed><course>173.440857</course><hAcc>0.927315</hAcc><vAcc>0.682326</vAcc></extensions></trkpt>
      <trkpt lon="-123.277483" lat="44.562163"><ele>70.601334</ele><time>2021-01-04T00:13:03Z</time><extensions><speed>0.141816</speed><course>165.145981</course><hAcc>0.927327</hAcc><vAcc>0.682339</vAcc></extensions></trkpt>
      <trkpt lon="-123.277484" lat="44.562164"><ele>70.602501</ele><time>2021-01-04T00:13:04Z</time><extensions><speed>0.143898</speed><course>176.531357</course><hAcc>0.927341</hAcc><vAcc>0.682353</vAcc></extensions></trkpt>
      <trkpt lon="-123.277485" lat="44.562165"><ele>70.599220</ele><time>2021-01-04T00:13:05Z</time><extensions><speed>0.149924</speed><course>180.000107</course><hAcc>0.927357</hAcc><vAcc>0.682370</vAcc></extensions></trkpt>
      <trkpt lon="-123.277487" lat="44.562165"><ele>70.592880</ele><time>2021-01-04T00:13:06Z</time><extensions><speed>0.155947</speed><course>184.025665</course><hAcc>0.927375</hAcc><vAcc>0.682389</vAcc></extensions></trkpt>
      <trkpt lon="-123.277489" lat="44.562166"><ele>70.584351</ele><time>2021-01-04T00:13:07Z</time><extensions><speed>0.158198</speed><course>180.146896</course><hAcc>0.927394</hAcc><vAcc>0.682408</vAcc></extensions></trkpt>
      <trkpt lon="-123.277491" lat="44.562166"><ele>70.573891</ele><time>2021-01-04T00:13:08Z</time><extensions><speed>0.153975</speed><course>160.981567</course><hAcc>0.927412</hAcc><vAcc>0.682427</vAcc></extensions></trkpt>
      <trkpt lon="-123.277493" lat="44.562167"><ele>70.561401</ele><time>2021-01-04T00:13:09Z</time><extensions><speed>0.141747</speed><course>164.898132</course><hAcc>0.927429</hAcc><vAcc>0.682444</vAcc></extensions></trkpt>
      <trkpt lon="-123.277494" lat="44.562167"><ele>70.546539</ele><time>2021-01-04T00:13:10Z</time><extensions><speed>0.121196</speed><course>174.822464</course><hAcc>0.927444</hAcc><vAcc>0.682459</vAcc></extensions></trkpt>
      <trkpt lon="-123.277495" lat="44.562167"><ele>70.528732</ele><time>2021-01-04T00:13:11Z</time><extensions><speed>0.093335</speed><course>136.240067</course><hAcc>0.927457</hAcc><vAcc>0.682473</vAcc></extensions></trkpt>
      <trkpt lon="-123.277496" lat="44.562167"><ele>70.507256</ele><time>2021-01-04T00:13:12Z</time><extensions><speed>0.060817</speed><course>155.867279</course><hAcc>0.927468</hAcc><vAcc>0.682483</vAcc></extensions></trkpt>
      <trkpt lon="-123.277497" lat="44.562167"><ele>70.481689</ele><time>2021-01-04T00:13:13Z</time><extensions><speed>0.029150</speed><course>177.112762</course><hAcc>0.927475</hAcc><vAcc>0.682489</vAcc></extensions></trkpt>
      <trkpt lon="-123.277497" lat="44.562167"><ele>70.452278</ele><time>2021-01-04T00:13:14Z</time><extensions><speed>0.021488</speed><course>176.365082</course><hAcc>0.927477</hAcc><vAcc>0.682490</vAcc></extensions></trkpt>
      <trkpt lon="-123.277497" lat="44.562167"><ele>70.419830</ele><time>2021-01-04T00:13:15Z</time><extensions><speed>0.045933</speed><course>181.560989</course><hAcc>0.927474</hAcc><vAcc>0.682486</vAcc></extensions></trkpt>
      <trkpt lon="-123.277496" lat="44.562166"><ele>70.385300</ele><time>2021-01-04T00:13:16Z</time><extensions><speed>0.072175</speed><course>185.648636</course><hAcc>0.927467</hAcc><vAcc>0.682477</vAcc></extensions></trkpt>
      <trkpt lon="-123.277496" lat="44.562166"><ele>70.349640</ele><time>2021-01-04T00:13:17Z</time><extensions><speed>0.096916</speed><course>184.925461</course><hAcc>0.927457</hAcc><vAcc>0.682466</vAcc></extensions></trkpt>
      <trkpt lon="-123.277495" lat="44.562165"><ele>70.313774</ele><time>2021-01-04T00:13:18Z</time><extensions><speed>0.121081</speed><course>171.093323</course><hAcc>0.927447</hAcc><vAcc>0.682454</vAcc></extensions></trkpt>
      <trkpt lon="-123.277494" lat="44.562164"><ele>70.278976</ele><time>2021-01-04T00:13:19Z</time><extensions><speed>0.146795</speed><course>164.449860</course><hAcc>0.927438</hAcc><vAcc>0.682444</vAcc></extensions></trkpt>
      <trkpt lon="-123.277493" lat="44.562163"><ele>70.247078</ele><time>2021-01-04T00:13:20Z</time><extensions><speed>0.176381</speed><course>159.177032</course><hAcc>0.927433</hAcc><vAcc>0.682439</vAcc></extensions></trkpt>
      <trkpt lon="-123.277491" lat="44.562161"><ele>70.219604</ele><time>2021-01-04T00:13:21Z</time><extensions><speed>0.211045</speed><course>142.355621</course><hAcc>0.927437</hAcc><vAcc>0.682443</vAcc></extensions></trkpt>
      <trkpt lon="-123.277490" lat="44.562159"><ele>70.197205</ele><time>2021-01-04T00:13:22Z</time><extensions><speed>0.251329</speed><course>135.792206</course><hAcc>0.927453</hAcc><vAcc>0.682460</vAcc></extensions></trkpt>
      <trkpt lon="-123.277489" lat="44.562157"><ele>70.180016</ele><time>2021-01-04T00:13:23Z</time><extensions><speed>0.297677</speed><course>121.926117</course><hAcc>0.927489</hAcc><vAcc>0.682499</vAcc></extensions></trkpt>
      <trkpt lon="-123.277487" lat="44.562154"><ele>70.168030</ele><time>2021-01-04T00:13:24Z</time><extensions><speed>0.350196</speed><course>116.774925</course><hAcc>0.927551</hAcc><vAcc>0.682565</vAcc></extensions></trkpt>
      <trkpt lon="-123.277485" lat="44.562151"><ele>70.161102</ele><time>2021-01-04T00:13:25Z</time><extensions><speed>0.408629</speed><course>110.031364</course><hAcc>0.927651</hAcc><vAcc>0.682668</vAcc></extensions></trkpt>
      <trkpt lon="-123.277484" lat="44.562148"><ele>70.158875</ele><time>2021-01-04T00:13:26Z</time><extensions><speed>0.472340</speed><course>114.063271</course><hAcc>0.927801</hAcc><vAcc>0.682820</vAcc></extensions></trkpt>
      <trkpt lon="-123.277481" lat="44.562143"><ele>70.161049</ele><time>2021-01-04T00:13:27Z</time><extensions><speed>0.540434</speed><course>115.448456</course><hAcc>0.928022</hAcc><vAcc>0.683036</vAcc></extensions></trkpt>
      <trkpt lon="-123.277479" lat="44.562138"><ele>70.167564</ele><time>2021-01-04T00:13:28Z</time><extensions><speed>0.611389</speed><course>114.473717</course><hAcc>0.928340</hAcc><vAcc>0.683336</vAcc></extensions></trkpt>
      <trkpt lon="-123.277476" lat="44.562133"><ele>70.178261</ele><time>2021-01-04T00:13:29Z</time><extensions><speed>0.683000</speed><course>121.653114</course><hAcc>0.928786</hAcc><vAcc>0.683745</vAcc></extensions></trkpt>
      <trkpt lon="-123.277473" lat="44.562127"><ele>70.192909</ele><time>2021-01-04T00:13:30Z</time><extensions><speed>0.753155</speed><course>126.025467</course><hAcc>0.929397</hAcc><vAcc>0.684288</vAcc></extensions></trkpt>
      <trkpt lon="-123.277470" lat="44.562120"><ele>70.211311</ele><time>2021-01-04T00:13:31Z</time><extensions><speed>0.819910</speed><course>126.604561</course><hAcc>0.930214</hAcc><vAcc>0.684992</vAcc></extensions></trkpt>
      <trkpt lon="-123.277466" lat="44.562113"><ele>70.233116</ele><time>2021-01-04T00:13:32Z</time><extensions><speed>0.881428</speed><course>125.385521</course><hAcc>0.931278</hAcc><vAcc>0.685883</vAcc></extensions></trkpt>
      <trkpt lon="-123.277462" lat="44.562105"><ele>70.257996</ele><time>2021-01-04T00:13:33Z</time><extensions><speed>0.936207</speed><course>122.139084</course><hAcc>0.932621</hAcc><vAcc>0.686976</vAcc></extensions></trkpt>
      <trkpt lon="-123.277458" lat="44.562097"><ele>70.285957</ele><time>2021-01-04T00:13:34Z</time><extensions><speed>0.983304</speed><course>133.200104</course><hAcc>0.934260</hAcc><vAcc>0.688274</vAcc></extensions></trkpt>
      <trkpt lon="-123.277452" lat="44.562089"><ele>70.317360</ele><time>2021-01-04T00:13:35Z</time><extensions><speed>1.022755</speed><course>135.216431</course><hAcc>0.936183</hAcc><vAcc>0.689756</vAcc></extensions></trkpt>
      <trkpt lon="-123.277447" lat="44.562081"><ele>70.352654</ele><time>2021-01-04T00:13:36Z</time><extensions><speed>1.055101</speed><course>138.825531</course><hAcc>0.938336</hAcc><vAcc>0.691367</vAcc></extensions></trkpt>
      <trkpt lon="-123.277441" lat="44.562072"><ele>70.392197</ele><time>2021-01-04T00:13:37Z</time><extensions><speed>1.080768</speed><course>139.668121</course><hAcc>0.940613</hAcc><vAcc>0.693017</vAcc></extensions></trkpt>
      <trkpt lon="-123.277434" lat="44.562063"><ele>70.436264</ele><time>2021-01-04T00:13:38Z</time><extensions><speed>1.100263</speed><course>138.163391</course><hAcc>0.942854</hAcc><vAcc>0.694580</vAcc></extensions></trkpt>
      <trkpt lon="-123.277428" lat="44.562055"><ele>70.484818</ele><time>2021-01-04T00:13:39Z</time><extensions><speed>1.114267</speed><course>131.951141</course><hAcc>0.944854</hAcc><vAcc>0.695906</vAcc></extensions></trkpt>
      <trkpt lon="-123.277420" lat="44.562046"><ele>70.537476</ele><time>2021-01-04T00:13:40Z</time><extensions><speed>1.123542</speed><course>140.930328</course><hAcc>0.946393</hAcc><vAcc>0.696848</vAcc></extensions></trkpt>
      <trkpt lon="-123.277412" lat="44.562038"><ele>70.593681</ele><time>2021-01-04T00:13:41Z</time><extensions><speed>1.128878</speed><course>150.228745</course><hAcc>0.947307</hAcc><vAcc>0.697321</vAcc></extensions></trkpt>
      <trkpt lon="-123.277404" lat="44.562029"><ele>70.652664</ele><time>2021-01-04T00:13:42Z</time><extensions><speed>1.131043</speed><course>155.441605</course><hAcc>0.947599</hAcc><vAcc>0.697387</vAcc></extensions></trkpt>
      <trkpt lon="-123.277396" lat="44.562021"><ele>70.713402</ele><time>2021-01-04T00:13:43Z</time><extensions><speed>1.130754</speed><course>156.576736</course><hAcc>0.947631</hAcc><vAcc>0.697400</vAcc></extensions></trkpt>
      <trkpt lon="-123.277387" lat="44.562013"><ele>70.774849</ele><time>2021-01-04T00:13:44Z</time><extensions><speed>1.128590</speed><course>153.680496</course><hAcc>0.948393</hAcc><vAcc>0.698195</vAcc></extensions></trkpt>
      <trkpt lon="-123.277378" lat="44.562006"><ele>70.835793</ele><time>2021-01-04T00:13:45Z</time><extensions><speed>1.124879</speed><course>156.751221</course><hAcc>0.951867</hAcc><vAcc>0.701345</vAcc></extensions></trkpt>
      <trkpt lon="-123.277368" lat="44.561998"><ele>70.895111</ele><time>2021-01-04T00:13:46Z</time><extensions><speed>1.120119</speed><course>157.436844</course><hAcc>0.961445</hAcc><vAcc>0.709423</vAcc></extensions></trkpt>
      <trkpt lon="-123.277358" lat="44.561991"><ele>70.952316</ele><time>2021-01-04T00:13:47Z</time><extensions><speed>1.115130</speed><course>163.069382</course><hAcc>0.982274</hAcc><vAcc>0.726204</vAcc></extensions></trkpt>
      <trkpt lon="-123.277348" lat="44.561984"><ele>71.007423</ele><time>2021-01-04T00:13:48Z</time><extensions><speed>1.110557</speed><course>159.810440</course><hAcc>1.021262</hAcc><vAcc>0.756588</vAcc></extensions></trkpt>
      <trkpt lon="-123.277333" lat="44.561980"><ele>71.025566</ele><time>2021-01-04T00:13:49Z</time><extensions><speed>1.107929</speed><course>270.859283</course><hAcc>0.979745</hAcc><vAcc>0.724641</vAcc></extensions></trkpt>
      <trkpt lon="-123.277320" lat="44.561978"><ele>71.034103</ele><time>2021-01-04T00:13:50Z</time><extensions><speed>1.122063</speed><course>272.356812</course><hAcc>0.957781</hAcc><vAcc>0.706839</vAcc></extensions></trkpt>
      <trkpt lon="-123.277306" lat="44.561975"><ele>71.034615</ele><time>2021-01-04T00:13:51Z</time><extensions><speed>1.139292</speed><course>267.260315</course><hAcc>0.948356</hAcc><vAcc>0.698696</vAcc></extensions></trkpt>
      <trkpt lon="-123.277292" lat="44.561973"><ele>71.026482</ele><time>2021-01-04T00:13:52Z</time><extensions><speed>1.158709</speed><course>273.391144</course><hAcc>0.945645</hAcc><vAcc>0.695974</vAcc></extensions></trkpt>
      <trkpt lon="-123.277277" lat="44.561971"><ele>71.009995</ele><time>2021-01-04T00:13:53Z</time><extensions><speed>1.178706</speed><course>289.586670</course><hAcc>0.945803</hAcc><vAcc>0.695768</vAcc></extensions></trkpt>
      <trkpt lon="-123.277262" lat="44.561969"><ele>70.986206</ele><time>2021-01-04T00:13:54Z</time><extensions><speed>1.198142</speed><course>280.058350</course><hAcc>0.946592</hAcc><vAcc>0.696316</vAcc></extensions></trkpt>
      <trkpt lon="-123.277247" lat="44.561968"><ele>70.956413</ele><time>2021-01-04T00:13:55Z</time><extensions><speed>1.216267</speed><course>284.983856</course><hAcc>0.946913</hAcc><vAcc>0.696686</vAcc></extensions></trkpt>
      <trkpt lon="-123.277232" lat="44.561967"><ele>70.922089</ele><time>2021-01-04T00:13:56Z</time><extensions><speed>1.232756</speed><course>285.542297</course><hAcc>0.946382</hAcc><vAcc>0.696500</vAcc></extensions></trkpt>
      <trkpt lon="-123.277216" lat="44.561966"><ele>70.884644</ele><time>2021-01-04T00:13:57Z</time><extensions><speed>1.246975</speed><course>290.875458</course><hAcc>0.945021</hAcc><vAcc>0.695704</vAcc></extensions></trkpt>
      <trkpt lon="-123.277201" lat="44.561965"><ele>70.844727</ele><time>2021-01-04T00:13:58Z</time><extensions><speed>1.258912</speed><course>271.886871</course><hAcc>0.943042</hAcc><vAcc>0.694412</vAcc></extensions></trkpt>
      <trkpt lon="-123.277185" lat="44.561964"><ele>70.802071</ele><time>2021-01-04T00:13:59Z</time><extensions><speed>1.269010</speed><course>264.740295</course><hAcc>0.940715</hAcc><vAcc>0.692803</vAcc></extensions></trkpt>
      <trkpt lon="-123.277169" lat="44.561963"><ele>70.756508</ele><time>2021-01-04T00:14:00Z</time><extensions><speed>1.277506</speed><course>267.419128</course><hAcc>0.938294</hAcc><vAcc>0.691062</vAcc></extensions></trkpt>
      <trkpt lon="-123.277153" lat="44.561962"><ele>70.708412</ele><time>2021-01-04T00:14:01Z</time><extensions><speed>1.284632</speed><course>256.506073</course><hAcc>0.935976</hAcc><vAcc>0.689340</vAcc></extensions></trkpt>
      <trkpt lon="-123.277137" lat="44.561962"><ele>70.658234</ele><time>2021-01-04T00:14:02Z</time><extensions><speed>1.290841</speed><course>270.368164</course><hAcc>0.933892</hAcc><vAcc>0.687748</vAcc></extensions></trkpt>
      <trkpt lon="-123.277120" lat="44.561962"><ele>70.606140</ele><time>2021-01-04T00:14:03Z</time><extensions><speed>1.296402</speed><course>267.901276</course><hAcc>0.932114</hAcc><vAcc>0.686355</vAcc></extensions></trkpt>
      <trkpt lon="-123.277104" lat="44.561962"><ele>70.552002</ele><time>2021-01-04T00:14:04Z</time><extensions><speed>1.301131</speed><course>267.121033</course><hAcc>0.930664</hAcc><vAcc>0.685190</vAcc></extensions></trkpt>
      <trkpt lon="-123.277088" lat="44.561961"><ele>70.495377</ele><time>2021-01-04T00:14:05Z</time><extensions><speed>1.304930</speed><course>260.596161</course><hAcc>0.929528</hAcc><vAcc>0.684255</vAcc></extensions></trkpt>
      <trkpt lon="-123.277071" lat="44.561962"><ele>70.435516</ele><time>2021-01-04T00:14:06Z</time><extensions><speed>1.307714</speed><course>252.913025</course><hAcc>0.928672</hAcc><vAcc>0.683533</vAcc></extensions></trkpt>
      <trkpt lon="-123.277055" lat="44.561962"><ele>70.371864</ele><time>2021-01-04T00:14:06Z</time><extensions><speed>1.309299</speed><course>254.142578</course><hAcc>0.928068</hAcc><vAcc>0.683008</vAcc></extensions></trkpt>
      <trkpt lon="-123.277038" lat="44.561962"><ele>70.304314</ele><time>2021-01-04T00:14:07Z</time><extensions><speed>1.309481</speed><course>260.314850</course><hAcc>0.927667</hAcc><vAcc>0.682648</vAcc></extensions></trkpt>
      <trkpt lon="-123.277022" lat="44.561962"><ele>70.233948</ele><time>2021-01-04T00:14:08Z</time><extensions><speed>1.307972</speed><course>248.414886</course><hAcc>0.927408</hAcc><vAcc>0.682408</vAcc></extensions></trkpt>
      <trkpt lon="-123.277005" lat="44.561963"><ele>70.162491</ele><time>2021-01-04T00:14:09Z</time><extensions><speed>1.304771</speed><course>241.496292</course><hAcc>0.927253</hAcc><vAcc>0.682258</vAcc></extensions></trkpt>
      <trkpt lon="-123.276989" lat="44.561963"><ele>70.091942</ele><time>2021-01-04T00:14:10Z</time><extensions><speed>1.300433</speed><course>232.328125</course><hAcc>0.927168</hAcc><vAcc>0.682173</vAcc></extensions></trkpt>
      <trkpt lon="-123.276973" lat="44.561964"><ele>70.024277</ele><time>2021-01-04T00:14:11Z</time><extensions><speed>1.295675</speed><course>220.517075</course><hAcc>0.927130</hAcc><vAcc>0.682131</vAcc></extensions></trkpt>
      <trkpt lon="-123.276956" lat="44.561965"><ele>69.961113</ele><time>2021-01-04T00:14:12Z</time><extensions><speed>1.291230</speed><course>209.251678</course><hAcc>0.927119</hAcc><vAcc>0.682117</vAcc></extensions></trkpt>
      <trkpt lon="-123.276940" lat="44.561965"><ele>69.903458</ele><time>2021-01-04T00:14:13Z</time><extensions><speed>1.287704</speed><course>206.926270</course><hAcc>0.927123</hAcc><vAcc>0.682118</vAcc></extensions></trkpt>
      <trkpt lon="-123.276924" lat="44.561966"><ele>69.851883</ele><time>2021-01-04T00:14:14Z</time><extensions><speed>1.285512</speed><course>200.955948</course><hAcc>0.927132</hAcc><vAcc>0.682126</vAcc></extensions></trkpt>
      <trkpt lon="-123.276908" lat="44.561966"><ele>69.806931</ele><time>2021-01-04T00:14:15Z</time><extensions><speed>1.285085</speed><course>188.027435</course><hAcc>0.927142</hAcc><vAcc>0.682135</vAcc></extensions></trkpt>
      <trkpt lon="-123.276892" lat="44.561967"><ele>69.769073</ele><time>2021-01-04T00:14:16Z</time><extensions><speed>1.286964</speed><course>195.471695</course><hAcc>0.927148</hAcc><vAcc>0.682142</vAcc></extensions></trkpt>
      <trkpt lon="-123.276875" lat="44.561967"><ele>69.738693</ele><time>2021-01-04T00:14:17Z</time><extensions><speed>1.291278</speed><course>194.670303</course><hAcc>0.927152</hAcc><vAcc>0.682147</vAcc></extensions></trkpt>
      <trkpt lon="-123.276859" lat="44.561967"><ele>69.716431</ele><time>2021-01-04T00:14:18Z</time><extensions><speed>1.298214</speed><course>190.774414</course><hAcc>0.927154</hAcc><vAcc>0.682150</vAcc></extensions></trkpt>
      <trkpt lon="-123.276843" lat="44.561967"><ele>69.702965</ele><time>2021-01-04T00:14:19Z</time><extensions><speed>1.308591</speed><course>187.212173</course><hAcc>0.927154</hAcc><vAcc>0.682153</vAcc></extensions></trkpt>
      <trkpt lon="-123.276826" lat="44.561967"><ele>69.698540</ele><time>2021-01-04T00:14:20Z</time><extensions><speed>1.323445</speed><course>174.647095</course><hAcc>0.927155</hAcc><vAcc>0.682155</vAcc></extensions></trkpt>
      <trkpt lon="-123.276809" lat="44.561967"><ele>69.702660</ele><time>2021-01-04T00:14:21Z</time><extensions><speed>1.343997</speed><course>178.780167</course><hAcc>0.927158</hAcc><vAcc>0.682160</vAcc></extensions></trkpt>
      <trkpt lon="-123.276792" lat="44.561966"><ele>69.713982</ele><time>2021-01-04T00:14:22Z</time><extensions><speed>1.371599</speed><course>175.639450</course><hAcc>0.927165</hAcc><vAcc>0.682168</vAcc></extensions></trkpt>
      <trkpt lon="-123.276775" lat="44.561965"><ele>69.730339</ele><time>2021-01-04T00:14:23Z</time><extensions><speed>1.407333</speed><course>176.304825</course><hAcc>0.927175</hAcc><vAcc>0.682179</vAcc></extensions></trkpt>
      <trkpt lon="-123.276757" lat="44.561963"><ele>69.748940</ele><time>2021-01-04T00:14:24Z</time><extensions><speed>1.452052</speed><course>178.169250</course><hAcc>0.927190</hAcc><vAcc>0.682196</vAcc></extensions></trkpt>
      <trkpt lon="-123.276739" lat="44.561961"><ele>69.767036</ele><time>2021-01-04T00:14:25Z</time><extensions><speed>1.506646</speed><course>182.679184</course><hAcc>0.927210</hAcc><vAcc>0.682217</vAcc></extensions></trkpt>
      <trkpt lon="-123.276720" lat="44.561958"><ele>69.783005</ele><time>2021-01-04T00:14:26Z</time><extensions><speed>1.571883</speed><course>180.212952</course><hAcc>0.927236</hAcc><vAcc>0.682244</vAcc></extensions></trkpt>
      <trkpt lon="-123.276700" lat="44.561954"><ele>69.796539</ele><time>2021-01-04T00:14:27Z</time><extensions><speed>1.648161</speed><course>181.425079</course><hAcc>0.927267</hAcc><vAcc>0.682277</vAcc></extensions></trkpt>
      <trkpt lon="-123.276680" lat="44.561949"><ele>69.807854</ele><time>2021-01-04T00:14:28Z</time><extensions><speed>1.735148</speed><course>172.691727</course><hAcc>0.927306</hAcc><vAcc>0.682317</vAcc></extensions></trkpt>
      <trkpt lon="-123.276659" lat="44.561944"><ele>69.817039</ele><time>2021-01-04T00:14:29Z</time><extensions><speed>1.831898</speed><course>187.741074</course><hAcc>0.927351</hAcc><vAcc>0.682363</vAcc></extensions></trkpt>
      <trkpt lon="-123.276637" lat="44.561938"><ele>69.823891</ele><time>2021-01-04T00:14:30Z</time><extensions><speed>1.936652</speed><course>186.581024</course><hAcc>0.927400</hAcc><vAcc>0.682413</vAcc></extensions></trkpt>
      <trkpt lon="-123.276614" lat="44.561931"><ele>69.828087</ele><time>2021-01-04T00:14:31Z</time><extensions><speed>2.047056</speed><course>176.638657</course><hAcc>0.927452</hAcc><vAcc>0.682466</vAcc></extensions></trkpt>
      <trkpt lon="-123.276590" lat="44.561923"><ele>69.829346</ele><time>2021-01-04T00:14:32Z</time><extensions><speed>2.160508</speed><course>183.541519</course><hAcc>0.927503</hAcc><vAcc>0.682518</vAcc></extensions></trkpt>
      <trkpt lon="-123.276565" lat="44.561914"><ele>69.827782</ele><time>2021-01-04T00:14:33Z</time><extensions><speed>2.274062</speed><course>177.798782</course><hAcc>0.927550</hAcc><vAcc>0.682566</vAcc></extensions></trkpt>
      <trkpt lon="-123.276539" lat="44.561904"><ele>69.824074</ele><time>2021-01-04T00:14:34Z</time><extensions><speed>2.384897</speed><course>181.999695</course><hAcc>0.927592</hAcc><vAcc>0.682609</vAcc></extensions></trkpt>
      <trkpt lon="-123.276512" lat="44.561893"><ele>69.819290</ele><time>2021-01-04T00:14:35Z</time><extensions><speed>2.490151</speed><course>182.346573</course><hAcc>0.927628</hAcc><vAcc>0.682644</vAcc></extensions></trkpt>
      <trkpt lon="-123.276484" lat="44.561882"><ele>69.814514</ele><time>2021-01-04T00:14:36Z</time><extensions><speed>2.586825</speed><course>180.904129</course><hAcc>0.927657</hAcc><vAcc>0.682671</vAcc></extensions></trkpt>
      <trkpt lon="-123.276456" lat="44.561870"><ele>69.810776</ele><time>2021-01-04T00:14:37Z</time><extensions><speed>2.672048</speed><course>180.918930</course><hAcc>0.927680</hAcc><vAcc>0.682692</vAcc></extensions></trkpt>
      <trkpt lon="-123.276426" lat="44.561858"><ele>69.808647</ele><time>2021-01-04T00:14:38Z</time><extensions><speed>2.743038</speed><course>182.971329</course><hAcc>0.927702</hAcc><vAcc>0.682710</vAcc></extensions></trkpt>
      <trkpt lon="-123.276396" lat="44.561846"><ele>69.807594</ele><time>2021-01-04T00:14:40Z</time><extensions><speed>2.798416</speed><course>180.258667</course><hAcc>0.927706</hAcc><vAcc>0.682715</vAcc></extensions></trkpt>
      <trkpt lon="-123.276364" lat="44.561834"><ele>69.806374</ele><time>2021-01-04T00:14:41Z</time><extensions><speed>2.839127</speed><course>182.410233</course><hAcc>0.927694</hAcc><vAcc>0.682706</vAcc></extensions></trkpt>
      <trkpt lon="-123.276333" lat="44.561822"><ele>69.804123</ele><time>2021-01-04T00:14:42Z</time><extensions><speed>2.867889</speed><course>191.682663</course><hAcc>0.927681</hAcc><vAcc>0.682696</vAcc></extensions></trkpt>
      <trkpt lon="-123.276300" lat="44.561811"><ele>69.800850</ele><time>2021-01-04T00:14:43Z</time><extensions><speed>2.887350</speed><course>187.423294</course><hAcc>0.927663</hAcc><vAcc>0.682680</vAcc></extensions></trkpt>
      <trkpt lon="-123.276267" lat="44.561800"><ele>69.797523</ele><time>2021-01-04T00:14:44Z</time><extensions><speed>2.900392</speed><course>179.513306</course><hAcc>0.927633</hAcc><vAcc>0.682650</vAcc></extensions></trkpt>
      <trkpt lon="-123.276233" lat="44.561791"><ele>69.796570</ele><time>2021-01-04T00:14:45Z</time><extensions><speed>2.909553</speed><course>178.241379</course><hAcc>0.927585</hAcc><vAcc>0.682602</vAcc></extensions></trkpt>
      <trkpt lon="-123.276198" lat="44.561782"><ele>69.801620</ele><time>2021-01-04T00:14:46Z</time><extensions><speed>2.916574</speed><course>183.267822</course><hAcc>0.927520</hAcc><vAcc>0.682535</vAcc></extensions></trkpt>
      <trkpt lon="-123.276163" lat="44.561774"><ele>69.816750</ele><time>2021-01-04T00:14:47Z</time><extensions><speed>2.923118</speed><course>180.290375</course><hAcc>0.927440</hAcc><vAcc>0.682453</vAcc></extensions></trkpt>
      <trkpt lon="-123.276127" lat="44.561768"><ele>69.845726</ele><time>2021-01-04T00:14:48Z</time><extensions><speed>2.931361</speed><course>179.845825</course><hAcc>0.927354</hAcc><vAcc>0.682364</vAcc></extensions></trkpt>
      <trkpt lon="-123.276091" lat="44.561763"><ele>69.891113</ele><time>2021-01-04T00:14:49Z</time><extensions><speed>2.942757</speed><course>177.150909</course><hAcc>0.927264</hAcc><vAcc>0.682272</vAcc></extensions></trkpt>
      <trkpt lon="-123.276054" lat="44.561758"><ele>69.954521</ele><time>2021-01-04T00:14:50Z</time><extensions><speed>2.957197</speed><course>174.956543</course><hAcc>0.927173</hAcc><vAcc>0.682177</vAcc></extensions></trkpt>
      <trkpt lon="-123.276017" lat="44.561755"><ele>70.036369</ele><time>2021-01-04T00:14:51Z</time><extensions><speed>2.973738</speed><course>164.780762</course><hAcc>0.927078</hAcc><vAcc>0.682078</vAcc></extensions></trkpt>
      <trkpt lon="-123.275980" lat="44.561752"><ele>70.135078</ele><time>2021-01-04T00:14:52Z</time><extensions><speed>2.991367</speed><course>179.690765</course><hAcc>0.926976</hAcc><vAcc>0.681971</vAcc></extensions></trkpt>
      <trkpt lon="-123.275942" lat="44.561750"><ele>70.247688</ele><time>2021-01-04T00:14:53Z</time><extensions><speed>3.009485</speed><course>183.772583</course><hAcc>0.926861</hAcc><vAcc>0.681851</vAcc></extensions></trkpt>
      <trkpt lon="-123.275904" lat="44.561749"><ele>70.370583</ele><time>2021-01-04T00:14:54Z</time><extensions><speed>3.028462</speed><course>177.651306</course><hAcc>0.926730</hAcc><vAcc>0.681714</vAcc></extensions></trkpt>
      <trkpt lon="-123.275866" lat="44.561749"><ele>70.499222</ele><time>2021-01-04T00:14:55Z</time><extensions><speed>3.048586</speed><course>184.282013</course><hAcc>0.926581</hAcc><vAcc>0.681559</vAcc></extensions></trkpt>
      <trkpt lon="-123.275827" lat="44.561749"><ele>70.627869</ele><time>2021-01-04T00:14:56Z</time><extensions><speed>3.069265</speed><course>172.267014</course><hAcc>0.926417</hAcc><vAcc>0.681388</vAcc></extensions></trkpt>
      <trkpt lon="-123.275789" lat="44.561750"><ele>70.750198</ele><time>2021-01-04T00:14:57Z</time><extensions><speed>3.089630</speed><course>155.201126</course><hAcc>0.926239</hAcc><vAcc>0.681202</vAcc></extensions></trkpt>
      <trkpt lon="-123.275750" lat="44.561751"><ele>70.860214</ele><time>2021-01-04T00:14:58Z</time><extensions><speed>3.109249</speed><course>141.316757</course><hAcc>0.926050</hAcc><vAcc>0.681006</vAcc></extensions></trkpt>
      <trkpt lon="-123.275711" lat="44.561752"><ele>70.952301</ele><time>2021-01-04T00:14:59Z</time><extensions><speed>3.127033</speed><course>138.059158</course><hAcc>0.925858</hAcc><vAcc>0.680805</vAcc></extensions></trkpt>
      <trkpt lon="-123.275671" lat="44.561753"><ele>71.020874</ele><time>2021-01-04T00:15:00Z</time><extensions><speed>3.141679</speed><course>121.633224</course><hAcc>0.925669</hAcc><vAcc>0.680608</vAcc></extensions></trkpt>
      <trkpt lon="-123.275632" lat="44.561755"><ele>71.060303</ele><time>2021-01-04T00:15:01Z</time><extensions><speed>3.152845</speed><course>107.554611</course><hAcc>0.925491</hAcc><vAcc>0.680423</vAcc></extensions></trkpt>
      <trkpt lon="-123.275592" lat="44.561756"><ele>71.065712</ele><time>2021-01-04T00:15:02Z</time><extensions><speed>3.160100</speed><course>96.416435</course><hAcc>0.925337</hAcc><vAcc>0.680261</vAcc></extensions></trkpt>
      <trkpt lon="-123.275552" lat="44.561758"><ele>71.034233</ele><time>2021-01-04T00:15:03Z</time><extensions><speed>3.162970</speed><course>79.426483</course><hAcc>0.925215</hAcc><vAcc>0.680134</vAcc></extensions></trkpt>
      <trkpt lon="-123.275512" lat="44.561758"><ele>70.966133</ele><time>2021-01-04T00:15:04Z</time><extensions><speed>3.161381</speed><course>84.193008</course><hAcc>0.925133</hAcc><vAcc>0.680048</vAcc></extensions></trkpt>
      <trkpt lon="-123.275473" lat="44.561759"><ele>70.865257</ele><time>2021-01-04T00:15:05Z</time><extensions><speed>3.156222</speed><course>83.788200</course><hAcc>0.925090</hAcc><vAcc>0.680003</vAcc></extensions></trkpt>
      <trkpt lon="-123.275433" lat="44.561759"><ele>70.738068</ele><time>2021-01-04T00:15:06Z</time><extensions><speed>3.149220</speed><course>85.804298</course><hAcc>0.925083</hAcc><vAcc>0.679996</vAcc></extensions></trkpt>
      <trkpt lon="-123.275393" lat="44.561758"><ele>70.592682</ele><time>2021-01-04T00:15:07Z</time><extensions><speed>3.143222</speed><course>87.583794</course><hAcc>0.925111</hAcc><vAcc>0.680025</vAcc></extensions></trkpt>
      <trkpt lon="-123.275354" lat="44.561757"><ele>70.438065</ele><time>2021-01-04T00:15:08Z</time><extensions><speed>3.141147</speed><course>86.857269</course><hAcc>0.925176</hAcc><vAcc>0.680093</vAcc></extensions></trkpt>
      <trkpt lon="-123.275314" lat="44.561755"><ele>70.282524</ele><time>2021-01-04T00:15:09Z</time><extensions><speed>3.142944</speed><course>94.281998</course><hAcc>0.925286</hAcc><vAcc>0.680208</vAcc></extensions></trkpt>
      <trkpt lon="-123.275275" lat="44.561753"><ele>70.131844</ele><time>2021-01-04T00:15:10Z</time><extensions><speed>3.146228</speed><course>81.814980</course><hAcc>0.925456</hAcc><vAcc>0.680379</vAcc></extensions></trkpt>
      <trkpt lon="-123.275236" lat="44.561750"><ele>69.989326</ele><time>2021-01-04T00:15:11Z</time><extensions><speed>3.149894</speed><course>88.591110</course><hAcc>0.925702</hAcc><vAcc>0.680622</vAcc></extensions></trkpt>
      <trkpt lon="-123.275196" lat="44.561746"><ele>69.857277</ele><time>2021-01-04T00:15:12Z</time><extensions><speed>3.154162</speed><course>88.130676</course><hAcc>0.926052</hAcc><vAcc>0.680956</vAcc></extensions></trkpt>
      <trkpt lon="-123.275157" lat="44.561742"><ele>69.737389</ele><time>2021-01-04T00:15:13Z</time><extensions><speed>3.159175</speed><course>95.042511</course><hAcc>0.926541</hAcc><vAcc>0.681410</vAcc></extensions></trkpt>
      <trkpt lon="-123.275118" lat="44.561737"><ele>69.630470</ele><time>2021-01-04T00:15:14Z</time><extensions><speed>3.164268</speed><course>95.323441</course><hAcc>0.927210</hAcc><vAcc>0.682014</vAcc></extensions></trkpt>
      <trkpt lon="-123.275079" lat="44.561732"><ele>69.537086</ele><time>2021-01-04T00:15:15Z</time><extensions><speed>3.167334</speed><course>94.282280</course><hAcc>0.928103</hAcc><vAcc>0.682797</vAcc></extensions></trkpt>
      <trkpt lon="-123.275040" lat="44.561726"><ele>69.458664</ele><time>2021-01-04T00:15:16Z</time><extensions><speed>3.165495</speed><course>88.328362</course><hAcc>0.929256</hAcc><vAcc>0.683781</vAcc></extensions></trkpt>
      <trkpt lon="-123.275001" lat="44.561720"><ele>69.397453</ele><time>2021-01-04T00:15:17Z</time><extensions><speed>3.156562</speed><course>76.802330</course><hAcc>0.930700</hAcc><vAcc>0.684978</vAcc></extensions></trkpt>
      <trkpt lon="-123.274962" lat="44.561714"><ele>69.355309</ele><time>2021-01-04T00:15:18Z</time><extensions><speed>3.138938</speed><course>71.313316</course><hAcc>0.932443</hAcc><vAcc>0.686385</vAcc></extensions></trkpt>
      <trkpt lon="-123.274923" lat="44.561708"><ele>69.332840</ele><time>2021-01-04T00:15:19Z</time><extensions><speed>3.110758</speed><course>85.676682</course><hAcc>0.934467</hAcc><vAcc>0.687972</vAcc></extensions></trkpt>
      <trkpt lon="-123.274885" lat="44.561702"><ele>69.329414</ele><time>2021-01-04T00:15:20Z</time><extensions><speed>3.070219</speed><course>94.836517</course><hAcc>0.936712</hAcc><vAcc>0.689678</vAcc></extensions></trkpt>
      <trkpt lon="-123.274848" lat="44.561696"><ele>69.343552</ele><time>2021-01-04T00:15:21Z</time><extensions><speed>3.015644</speed><course>88.611603</course><hAcc>0.939071</hAcc><vAcc>0.691414</vAcc></extensions></trkpt>
      <trkpt lon="-123.274811" lat="44.561690"><ele>69.372864</ele><time>2021-01-04T00:15:22Z</time><extensions><speed>2.945054</speed><course>93.026337</course><hAcc>0.941383</hAcc><vAcc>0.693052</vAcc></extensions></trkpt>
      <trkpt lon="-123.274776" lat="44.561685"><ele>69.414253</ele><time>2021-01-04T00:15:23Z</time><extensions><speed>2.857339</speed><course>96.996750</course><hAcc>0.943448</hAcc><vAcc>0.694445</vAcc></extensions></trkpt>
      <trkpt lon="-123.274741" lat="44.561679"><ele>69.465157</ele><time>2021-01-04T00:15:24Z</time><extensions><speed>2.753906</speed><course>92.103210</course><hAcc>0.945049</hAcc><vAcc>0.695452</vAcc></extensions></trkpt>
      <trkpt lon="-123.274708" lat="44.561673"><ele>69.524384</ele><time>2021-01-04T00:15:25Z</time><extensions><speed>2.638105</speed><course>86.006805</course><hAcc>0.946026</hAcc><vAcc>0.695991</vAcc></extensions></trkpt>
      <trkpt lon="-123.274677" lat="44.561668"><ele>69.591827</ele><time>2021-01-04T00:15:26Z</time><extensions><speed>2.513454</speed><course>94.352776</course><hAcc>0.946383</hAcc><vAcc>0.696125</vAcc></extensions></trkpt>
      <trkpt lon="-123.274647" lat="44.561663"><ele>69.667664</ele><time>2021-01-04T00:15:27Z</time><extensions><speed>2.383785</speed><course>98.598251</course><hAcc>0.946481</hAcc><vAcc>0.696206</vAcc></extensions></trkpt>
      <trkpt lon="-123.274619" lat="44.561658"><ele>69.752022</ele><time>2021-01-04T00:15:28Z</time><extensions><speed>2.253702</speed><course>81.560966</course><hAcc>0.947307</hAcc><vAcc>0.697068</vAcc></extensions></trkpt>
      <trkpt lon="-123.274592" lat="44.561652"><ele>69.845482</ele><time>2021-01-04T00:15:29Z</time><extensions><speed>2.128269</speed><course>91.243164</course><hAcc>0.950840</hAcc><vAcc>0.700279</vAcc></extensions></trkpt>
      <trkpt lon="-123.274567" lat="44.561647"><ele>69.949051</ele><time>2021-01-04T00:15:30Z</time><extensions><speed>2.012430</speed><course>90.755104</course><hAcc>0.960468</hAcc><vAcc>0.708410</vAcc></extensions></trkpt>
      <trkpt lon="-123.274543" lat="44.561642"><ele>70.063507</ele><time>2021-01-04T00:15:31Z</time><extensions><speed>1.910846</speed><course>103.307678</course><hAcc>0.981338</hAcc><vAcc>0.725234</vAcc></extensions></trkpt>
      <trkpt lon="-123.274521" lat="44.561637"><ele>70.189301</ele><time>2021-01-04T00:15:32Z</time><extensions><speed>1.826920</speed><course>105.379387</course><hAcc>1.020358</hAcc><vAcc>0.755654</vAcc></extensions></trkpt>
      <trkpt lon="-123.274517" lat="44.561628"><ele>70.317886</ele><time>2021-01-04T00:15:33Z</time><extensions><speed>1.077667</speed><course>270.859283</course><hAcc>0.978925</hAcc><vAcc>0.723791</vAcc></extensions></trkpt>
      <trkpt lon="-123.274510" lat="44.561620"><ele>70.329582</ele><time>2021-01-04T00:15:34Z</time><extensions><speed>1.091925</speed><course>272.356812</course><hAcc>0.957147</hAcc><vAcc>0.706182</vAcc></extensions></trkpt>
      <trkpt lon="-123.274505" lat="44.561611"><ele>70.344856</ele><time>2021-01-04T00:15:35Z</time><extensions><speed>1.111765</speed><course>267.260315</course><hAcc>0.947888</hAcc><vAcc>0.698211</vAcc></extensions></trkpt>
      <trkpt lon="-123.274500" lat="44.561601"><ele>70.360878</ele><time>2021-01-04T00:15:36Z</time><extensions><speed>1.136051</speed><course>273.391144</course><hAcc>0.945321</hAcc><vAcc>0.695639</vAcc></extensions></trkpt>
      <trkpt lon="-123.274496" lat="44.561591"><ele>70.374954</ele><time>2021-01-04T00:15:37Z</time><extensions><speed>1.162493</speed><course>289.586670</course><hAcc>0.945605</hAcc><vAcc>0.695566</vAcc></extensions></trkpt>
      <trkpt lon="-123.274492" lat="44.561581"><ele>70.384941</ele><time>2021-01-04T00:15:38Z</time><extensions><speed>1.188533</speed><course>280.058350</course><hAcc>0.946508</hAcc><vAcc>0.696232</vAcc></extensions></trkpt>
      <trkpt lon="-123.274489" lat="44.561570"><ele>70.389549</ele><time>2021-01-04T00:15:39Z</time><extensions><speed>1.212538</speed><course>284.983856</course><hAcc>0.946934</hAcc><vAcc>0.696713</vAcc></extensions></trkpt>
      <trkpt lon="-123.274487" lat="44.561560"><ele>70.388802</ele><time>2021-01-04T00:15:40Z</time><extensions><speed>1.233710</speed><course>285.542297</course><hAcc>0.946502</hAcc><vAcc>0.696630</vAcc></extensions></trkpt>
      <trkpt lon="-123.274485" lat="44.561548"><ele>70.384079</ele><time>2021-01-04T00:15:41Z</time><extensions><speed>1.251958</speed><course>290.875458</course><hAcc>0.945233</hAcc><vAcc>0.695930</vAcc></extensions></trkpt>
      <trkpt lon="-123.274483" lat="44.561537"><ele>70.377106</ele><time>2021-01-04T00:15:42Z</time><extensions><speed>1.267207</speed><course>271.886871</course><hAcc>0.943336</hAcc><vAcc>0.694723</vAcc></extensions></trkpt>
      <trkpt lon="-123.274481" lat="44.561526"><ele>70.369148</ele><time>2021-01-04T00:15:43Z</time><extensions><speed>1.279374</speed><course>264.740295</course><hAcc>0.941079</hAcc><vAcc>0.693187</vAcc></extensions></trkpt>
      <trkpt lon="-123.274479" lat="44.561514"><ele>70.361244</ele><time>2021-01-04T00:15:44Z</time><extensions><speed>1.288692</speed><course>267.419128</course><hAcc>0.938712</hAcc><vAcc>0.691503</vAcc></extensions></trkpt>
      <trkpt lon="-123.274477" lat="44.561503"><ele>70.354401</ele><time>2021-01-04T00:15:45Z</time><extensions><speed>1.295439</speed><course>256.506073</course><hAcc>0.936432</hAcc><vAcc>0.689822</vAcc></extensions></trkpt>
      <trkpt lon="-123.274476" lat="44.561491"><ele>70.349213</ele><time>2021-01-04T00:15:46Z</time><extensions><speed>1.299716</speed><course>270.368164</course><hAcc>0.934372</hAcc><vAcc>0.688258</vAcc></extensions></trkpt>
      <trkpt lon="-123.274474" lat="44.561480"><ele>70.345474</ele><time>2021-01-04T00:15:47Z</time><extensions><speed>1.301848</speed><course>267.901276</course><hAcc>0.932605</hAcc><vAcc>0.686878</vAcc></extensions></trkpt>
      <trkpt lon="-123.274472" lat="44.561468"><ele>70.342400</ele><time>2021-01-04T00:15:47Z</time><extensions><speed>1.302608</speed><course>267.121033</course><hAcc>0.931173</hAcc><vAcc>0.685730</vAcc></extensions></trkpt>
      <trkpt lon="-123.274471" lat="44.561456"><ele>70.339142</ele><time>2021-01-04T00:15:48Z</time><extensions><speed>1.302949</speed><course>260.596161</course><hAcc>0.930064</hAcc><vAcc>0.684814</vAcc></extensions></trkpt>
      <trkpt lon="-123.274469" lat="44.561445"><ele>70.335220</ele><time>2021-01-04T00:15:49Z</time><extensions><speed>1.303817</speed><course>252.913025</course><hAcc>0.929229</hAcc><vAcc>0.684106</vAcc></extensions></trkpt>
      <trkpt lon="-123.274468" lat="44.561433"><ele>70.330238</ele><time>2021-01-04T00:15:50Z</time><extensions><speed>1.305860</speed><course>254.142578</course><hAcc>0.928624</hAcc><vAcc>0.683579</vAcc></extensions></trkpt>
      <trkpt lon="-123.274466" lat="44.561421"><ele>70.323700</ele><time>2021-01-04T00:15:51Z</time><extensions><speed>1.309628</speed><course>260.314850</course><hAcc>0.928204</hAcc><vAcc>0.683201</vAcc></extensions></trkpt>
      <trkpt lon="-123.274465" lat="44.561409"><ele>70.315063</ele><time>2021-01-04T00:15:52Z</time><extensions><speed>1.315624</speed><course>248.414886</course><hAcc>0.927924</hAcc><vAcc>0.682941</vAcc></extensions></trkpt>
      <trkpt lon="-123.274464" lat="44.561398"><ele>70.303978</ele><time>2021-01-04T00:15:53Z</time><extensions><speed>1.323812</speed><course>241.496292</course><hAcc>0.927746</hAcc><vAcc>0.682770</vAcc></extensions></trkpt>
      <trkpt lon="-123.274462" lat="44.561386"><ele>70.290634</ele><time>2021-01-04T00:15:54Z</time><extensions><speed>1.334080</speed><course>232.328125</course><hAcc>0.927639</hAcc><vAcc>0.682662</vAcc></extensions></trkpt>
      <trkpt lon="-123.274460" lat="44.561374"><ele>70.276085</ele><time>2021-01-04T00:15:55Z</time><extensions><speed>1.346291</speed><course>220.517075</course><hAcc>0.927580</hAcc><vAcc>0.682599</vAcc></extensions></trkpt>
      <trkpt lon="-123.274458" lat="44.561362"><ele>70.262077</ele><time>2021-01-04T00:15:56Z</time><extensions><speed>1.359955</speed><course>209.251678</course><hAcc>0.927548</hAcc><vAcc>0.682563</vAcc></extensions></trkpt>
      <trkpt lon="-123.274456" lat="44.561349"><ele>70.250992</ele><time>2021-01-04T00:15:57Z</time><extensions><speed>1.374893</speed><course>206.926270</course><hAcc>0.927533</hAcc><vAcc>0.682544</vAcc></extensions></trkpt>
      <trkpt lon="-123.274453" lat="44.561337"><ele>70.245781</ele><time>2021-01-04T00:15:58Z</time><extensions><speed>1.390864</speed><course>200.955948</course><hAcc>0.927524</hAcc><vAcc>0.682533</vAcc></extensions></trkpt>
      <trkpt lon="-123.274451" lat="44.561325"><ele>70.249283</ele><time>2021-01-04T00:15:59Z</time><extensions><speed>1.407097</speed><course>188.027435</course><hAcc>0.927518</hAcc><vAcc>0.682526</vAcc></extensions></trkpt>
      <trkpt lon="-123.274448" lat="44.561312"><ele>70.263206</ele><time>2021-01-04T00:16:00Z</time><extensions><speed>1.422599</speed><course>195.471695</course><hAcc>0.927513</hAcc><vAcc>0.682521</vAcc></extensions></trkpt>
      <trkpt lon="-123.274444" lat="44.561299"><ele>70.287155</ele><time>2021-01-04T00:16:01Z</time><extensions><speed>1.436173</speed><course>194.670303</course><hAcc>0.927509</hAcc><vAcc>0.682517</vAcc></extensions></trkpt>
      <trkpt lon="-123.274440" lat="44.561287"><ele>70.318787</ele><time>2021-01-04T00:16:02Z</time><extensions><speed>1.447647</speed><course>190.774414</course><hAcc>0.927508</hAcc><vAcc>0.682517</vAcc></extensions></trkpt>
      <trkpt lon="-123.274436" lat="44.561274"><ele>70.354881</ele><time>2021-01-04T00:16:03Z</time><extensions><speed>1.457545</speed><course>187.212173</course><hAcc>0.927513</hAcc><vAcc>0.682522</vAcc></extensions></trkpt>
      <trkpt lon="-123.274431" lat="44.561261"><ele>70.392288</ele><time>2021-01-04T00:16:04Z</time><extensions><speed>1.465782</speed><course>174.647095</course><hAcc>0.927529</hAcc><vAcc>0.682537</vAcc></extensions></trkpt>
      <trkpt lon="-123.274426" lat="44.561249"><ele>70.428787</ele><time>2021-01-04T00:16:05Z</time><extensions><speed>1.472114</speed><course>178.780167</course><hAcc>0.927559</hAcc><vAcc>0.682567</vAcc></extensions></trkpt>
      <trkpt lon="-123.274421" lat="44.561236"><ele>70.463425</ele><time>2021-01-04T00:16:06Z</time><extensions><speed>1.476604</speed><course>175.639450</course><hAcc>0.927608</hAcc><vAcc>0.682614</vAcc></extensions></trkpt>
      <trkpt lon="-123.274415" lat="44.561223"><ele>70.496483</ele><time>2021-01-04T00:16:08Z</time><extensions><speed>1.479375</speed><course>176.304825</course><hAcc>0.927657</hAcc><vAcc>0.682665</vAcc></extensions></trkpt>
      <trkpt lon="-123.274408" lat="44.561211"><ele>70.528793</ele><time>2021-01-04T00:16:09Z</time><extensions><speed>1.480334</speed><course>178.169250</course><hAcc>0.927702</hAcc><vAcc>0.682717</vAcc></extensions></trkpt>
      <trkpt lon="-123.274401" lat="44.561199"><ele>70.561333</ele><time>2021-01-04T00:16:10Z</time><extensions><speed>1.479451</speed><course>182.679184</course><hAcc>0.927756</hAcc><vAcc>0.682776</vAcc></extensions></trkpt>
      <trkpt lon="-123.274393" lat="44.561187"><ele>70.594765</ele><time>2021-01-04T00:16:11Z</time><extensions><speed>1.476628</speed><course>180.212952</course><hAcc>0.927811</hAcc><vAcc>0.682836</vAcc></extensions></trkpt>
      <trkpt lon="-123.274385" lat="44.561175"><ele>70.629333</ele><time>2021-01-04T00:16:12Z</time><extensions><speed>1.471712</speed><course>181.425079</course><hAcc>0.927863</hAcc><vAcc>0.682891</vAcc></extensions></trkpt>
      <trkpt lon="-123.274376" lat="44.561163"><ele>70.664810</ele><time>2021-01-04T00:16:13Z</time><extensions><speed>1.464680</speed><course>172.691727</course><hAcc>0.927906</hAcc><vAcc>0.682937</vAcc></extensions></trkpt>
      <trkpt lon="-123.274367" lat="44.561152"><ele>70.700394</ele><time>2021-01-04T00:16:14Z</time><extensions><speed>1.455479</speed><course>187.741074</course><hAcc>0.927939</hAcc><vAcc>0.682973</vAcc></extensions></trkpt>
      <trkpt lon="-123.274358" lat="44.561140"><ele>70.734642</ele><time>2021-01-04T00:16:15Z</time><extensions><speed>1.444147</speed><course>186.581024</course><hAcc>0.927962</hAcc><vAcc>0.682998</vAcc></extensions></trkpt>
      <trkpt lon="-123.274348" lat="44.561129"><ele>70.765678</ele><time>2021-01-04T00:16:16Z</time><extensions><speed>1.430853</speed><course>176.638657</course><hAcc>0.927978</hAcc><vAcc>0.683015</vAcc></extensions></trkpt>
      <trkpt lon="-123.274339" lat="44.561119"><ele>70.791435</ele><time>2021-01-04T00:16:17Z</time><extensions><speed>1.415837</speed><course>183.541519</course><hAcc>0.927987</hAcc><vAcc>0.683026</vAcc></extensions></trkpt>
      <trkpt lon="-123.274329" lat="44.561108"><ele>70.809784</ele><time>2021-01-04T00:16:18Z</time><extensions><speed>1.399452</speed><course>177.798782</course><hAcc>0.927994</hAcc><vAcc>0.683033</vAcc></extensions></trkpt>
      <trkpt lon="-123.274319" lat="44.561098"><ele>70.818733</ele><time>2021-01-04T00:16:19Z</time><extensions><speed>1.382009</speed><course>181.999695</course><hAcc>0.928000</hAcc><vAcc>0.683040</vAcc></extensions></trkpt>
      <trkpt lon="-123.274309" lat="44.561087"><ele>70.816345</ele><time>2021-01-04T00:16:20Z</time><extensions><speed>1.363837</speed><course>182.346573</course><hAcc>0.928005</hAcc><vAcc>0.683045</vAcc></extensions></trkpt>
      <trkpt lon="-123.274300" lat="44.561077"><ele>70.800629</ele><time>2021-01-04T00:16:21Z</time><extensions><speed>1.345443</speed><course>180.904129</course><hAcc>0.928008</hAcc><vAcc>0.683049</vAcc></extensions></trkpt>
      <trkpt lon="-123.274290" lat="44.561068"><ele>70.770035</ele><time>2021-01-04T00:16:22Z</time><extensions><speed>1.327415</speed><course>180.918930</course><hAcc>0.928009</hAcc><vAcc>0.683049</vAcc></extensions></trkpt>
      <trkpt lon="-123.274279" lat="44.561058"><ele>70.723694</ele><time>2021-01-04T00:16:23Z</time><extensions><speed>1.310315</speed><course>182.971329</course><hAcc>0.928005</hAcc><vAcc>0.683046</vAcc></extensions></trkpt>
      <trkpt lon="-123.274269" lat="44.561049"><ele>70.660942</ele><time>2021-01-04T00:16:24Z</time><extensions><speed>1.294394</speed><course>180.258667</course><hAcc>0.927999</hAcc><vAcc>0.683039</vAcc></extensions></trkpt>
      <trkpt lon="-123.274258" lat="44.561041"><ele>70.580788</ele><time>2021-01-04T00:16:25Z</time><extensions><speed>1.279189</speed><course>182.410233</course><hAcc>0.927989</hAcc><vAcc>0.683029</vAcc></extensions></trkpt>
      <trkpt lon="-123.274247" lat="44.561033"><ele>70.482170</ele><time>2021-01-04T00:16:26Z</time><extensions><speed>1.263579</speed><course>191.682663</course><hAcc>0.927977</hAcc><vAcc>0.683017</vAcc></extensions></trkpt>
      <trkpt lon="-123.274235" lat="44.561025"><ele>70.364624</ele><time>2021-01-04T00:16:27Z</time><extensions><speed>1.245717</speed><course>187.423294</course><hAcc>0.927963</hAcc><vAcc>0.683001</vAcc></extensions></trkpt>
      <trkpt lon="-123.274223" lat="44.561018"><ele>70.228889</ele><time>2021-01-04T00:16:28Z</time><extensions><speed>1.223717</speed><course>179.513306</course><hAcc>0.927945</hAcc><vAcc>0.682983</vAcc></extensions></trkpt>
      <trkpt lon="-123.274212" lat="44.561011"><ele>70.077126</ele><time>2021-01-04T00:16:29Z</time><extensions><speed>1.196337</speed><course>178.241379</course><hAcc>0.927923</hAcc><vAcc>0.682960</vAcc></extensions></trkpt>
      <trkpt lon="-123.274200" lat="44.561004"><ele>69.912666</ele><time>2021-01-04T00:16:30Z</time><extensions><speed>1.163061</speed><course>183.267822</course><hAcc>0.927897</hAcc><vAcc>0.682933</vAcc></extensions></trkpt>
      <trkpt lon="-123.274189" lat="44.560997"><ele>69.739807</ele><time>2021-01-04T00:16:31Z</time><extensions><speed>1.124454</speed><course>180.290375</course><hAcc>0.927866</hAcc><vAcc>0.682901</vAcc></extensions></trkpt>
      <trkpt lon="-123.274178" lat="44.560991"><ele>69.563705</ele><time>2021-01-04T00:16:32Z</time><extensions><speed>1.082093</speed><course>179.845825</course><hAcc>0.927830</hAcc><vAcc>0.682863</vAcc></extensions></trkpt>
      <trkpt lon="-123.274168" lat="44.560985"><ele>69.390007</ele><time>2021-01-04T00:16:33Z</time><extensions><speed>1.038571</speed><course>177.150909</course><hAcc>0.927789</hAcc><vAcc>0.682820</vAcc></extensions></trkpt>
      <trkpt lon="-123.274159" lat="44.560978"><ele>69.224632</ele><time>2021-01-04T00:16:34Z</time><extensions><speed>0.997840</speed><course>174.956543</course><hAcc>0.927741</hAcc><vAcc>0.682770</vAcc></extensions></trkpt>
      <trkpt lon="-123.274151" lat="44.560972"><ele>69.073410</ele><time>2021-01-04T00:16:35Z</time><extensions><speed>0.965163</speed><course>164.780762</course><hAcc>0.927689</hAcc><vAcc>0.682716</vAcc></extensions></trkpt>
      <trkpt lon="-123.274143" lat="44.560965"><ele>68.941811</ele><time>2021-01-04T00:16:36Z</time><extensions><speed>0.946455</speed><course>179.690765</course><hAcc>0.927632</hAcc><vAcc>0.682657</vAcc></extensions></trkpt>
      <trkpt lon="-123.274137" lat="44.560958"><ele>68.834991</ele><time>2021-01-04T00:16:37Z</time><extensions><speed>0.946643</speed><course>183.772583</course><hAcc>0.927571</hAcc><vAcc>0.682594</vAcc></extensions></trkpt>
      <trkpt lon="-123.274132" lat="44.560950"><ele>68.756966</ele><time>2021-01-04T00:16:38Z</time><extensions><speed>0.966546</speed><course>177.651306</course><hAcc>0.927510</hAcc><vAcc>0.682531</vAcc></extensions></trkpt>
      <trkpt lon="-123.274127" lat="44.560942"><ele>68.709541</ele><time>2021-01-04T00:16:39Z</time><extensions><speed>1.002230</speed><course>184.282013</course><hAcc>0.927451</hAcc><vAcc>0.682469</vAcc></extensions></trkpt>
      <trkpt lon="-123.274123" lat="44.560933"><ele>68.692451</ele><time>2021-01-04T00:16:40Z</time><extensions><speed>1.047591</speed><course>172.267014</course><hAcc>0.927396</hAcc><vAcc>0.682412</vAcc></extensions></trkpt>
      <trkpt lon="-123.274120" lat="44.560924"><ele>68.703873</ele><time>2021-01-04T00:16:41Z</time><extensions><speed>1.096888</speed><course>155.201126</course><hAcc>0.927347</hAcc><vAcc>0.682361</vAcc></extensions></trkpt>
      <trkpt lon="-123.274117" lat="44.560914"><ele>68.740784</ele><time>2021-01-04T00:16:42Z</time><extensions><speed>1.145947</speed><course>141.316757</course><hAcc>0.927304</hAcc><vAcc>0.682316</vAcc></extensions></trkpt>
      <trkpt lon="-123.274115" lat="44.560904"><ele>68.799583</ele><time>2021-01-04T00:16:43Z</time><extensions><speed>1.191765</speed><course>138.059158</course><hAcc>0.927266</hAcc><vAcc>0.682277</vAcc></extensions></trkpt>
      <trkpt lon="-123.274113" lat="44.560893"><ele>68.876671</ele><time>2021-01-04T00:16:44Z</time><extensions><speed>1.232282</speed><course>121.633224</course><hAcc>0.927234</hAcc><vAcc>0.682243</vAcc></extensions></trkpt>
      <trkpt lon="-123.274112" lat="44.560882"><ele>68.968422</ele><time>2021-01-04T00:16:45Z</time><extensions><speed>1.266055</speed><course>107.554611</course><hAcc>0.927206</hAcc><vAcc>0.682214</vAcc></extensions></trkpt>
      <trkpt lon="-123.274110" lat="44.560870"><ele>69.070854</ele><time>2021-01-04T00:16:46Z</time><extensions><speed>1.292578</speed><course>96.416435</course><hAcc>0.927182</hAcc><vAcc>0.682190</vAcc></extensions></trkpt>
      <trkpt lon="-123.274109" lat="44.560858"><ele>69.179939</ele><time>2021-01-04T00:16:47Z</time><extensions><speed>1.312294</speed><course>79.426483</course><hAcc>0.927164</hAcc><vAcc>0.682170</vAcc></extensions></trkpt>
      <trkpt lon="-123.274108" lat="44.560847"><ele>69.292183</ele><time>2021-01-04T00:16:48Z</time><extensions><speed>1.326208</speed><course>84.193008</course><hAcc>0.927150</hAcc><vAcc>0.682155</vAcc></extensions></trkpt>
      <trkpt lon="-123.274107" lat="44.560835"><ele>69.405067</ele><time>2021-01-04T00:16:49Z</time><extensions><speed>1.335724</speed><course>83.788200</course><hAcc>0.927140</hAcc><vAcc>0.682145</vAcc></extensions></trkpt>
      <trkpt lon="-123.274105" lat="44.560823"><ele>69.517189</ele><time>2021-01-04T00:16:50Z</time><extensions><speed>1.341728</speed><course>85.804298</course><hAcc>0.927133</hAcc><vAcc>0.682138</vAcc></extensions></trkpt>
      <trkpt lon="-123.274104" lat="44.560811"><ele>69.628151</ele><time>2021-01-04T00:16:51Z</time><extensions><speed>1.344703</speed><course>87.583794</course><hAcc>0.927129</hAcc><vAcc>0.682133</vAcc></extensions></trkpt>
      <trkpt lon="-123.274103" lat="44.560799"><ele>69.738426</ele><time>2021-01-04T00:16:52Z</time><extensions><speed>1.345379</speed><course>86.857269</course><hAcc>0.927125</hAcc><vAcc>0.682129</vAcc></extensions></trkpt>
      <trkpt lon="-123.274102" lat="44.560786"><ele>69.848999</ele><time>2021-01-04T00:16:53Z</time><extensions><speed>1.344494</speed><course>94.281998</course><hAcc>0.927121</hAcc><vAcc>0.682125</vAcc></extensions></trkpt>
      <trkpt lon="-123.274101" lat="44.560774"><ele>69.960831</ele><time>2021-01-04T00:16:54Z</time><extensions><speed>1.342202</speed><course>81.814980</course><hAcc>0.927115</hAcc><vAcc>0.682118</vAcc></extensions></trkpt>
      <trkpt lon="-123.274100" lat="44.560762"><ele>70.074791</ele><time>2021-01-04T00:16:55Z</time><extensions><speed>1.338700</speed><course>88.591110</course><hAcc>0.927107</hAcc><vAcc>0.682110</vAcc></extensions></trkpt>
      <trkpt lon="-123.274098" lat="44.560750"><ele>70.192039</ele><time>2021-01-04T00:16:56Z</time><extensions><speed>1.334573</speed><course>88.130676</course><hAcc>0.927096</hAcc><vAcc>0.682099</vAcc></extensions></trkpt>
      <trkpt lon="-123.274097" lat="44.560738"><ele>70.314064</ele><time>2021-01-04T00:16:57Z</time><extensions><speed>1.330563</speed><course>95.042511</course><hAcc>0.927083</hAcc><vAcc>0.682085</vAcc></extensions></trkpt>
      <trkpt lon="-123.274096" lat="44.560726"><ele>70.442062</ele><time>2021-01-04T00:16:58Z</time><extensions><speed>1.327174</speed><course>95.323441</course><hAcc>0.927069</hAcc><vAcc>0.682070</vAcc></extensions></trkpt>
      <trkpt lon="-123.274094" lat="44.560715"><ele>70.576538</ele><time>2021-01-04T00:16:59Z</time><extensions><speed>1.324411</speed><course>94.282280</course><hAcc>0.927054</hAcc><vAcc>0.682055</vAcc></extensions></trkpt>
      <trkpt lon="-123.274093" lat="44.560703"><ele>70.717537</ele><time>2021-01-04T00:17:00Z</time><extensions><speed>1.322251</speed><course>88.328362</course><hAcc>0.927042</hAcc><vAcc>0.682042</vAcc></extensions></trkpt>
      <trkpt lon="-123.274092" lat="44.560691"><ele>70.864929</ele><time>2021-01-04T00:17:01Z</time><extensions><speed>1.321090</speed><course>76.802330</course><hAcc>0.927033</hAcc><vAcc>0.682033</vAcc></extensions></trkpt>
      <trkpt lon="-123.274090" lat="44.560679"><ele>71.018211</ele><time>2021-01-04T00:17:02Z</time><extensions><speed>1.321386</speed><course>71.313316</course><hAcc>0.927027</hAcc><vAcc>0.682027</vAcc></extensions></trkpt>
      <trkpt lon="-123.274089" lat="44.560667"><ele>71.175926</ele><time>2021-01-04T00:17:03Z</time><extensions><speed>1.323291</speed><course>85.676682</course><hAcc>0.927025</hAcc><vAcc>0.682025</vAcc></extensions></trkpt>
      <trkpt lon="-123.274087" lat="44.560655"><ele>71.335197</ele><time>2021-01-04T00:17:04Z</time><extensions><speed>1.326760</speed><course>94.836517</course><hAcc>0.927030</hAcc><vAcc>0.682031</vAcc></extensions></trkpt>
      <trkpt lon="-123.274086" lat="44.560643"><ele>71.492500</ele><time>2021-01-04T00:17:05Z</time><extensions><speed>1.331840</speed><course>88.611603</course><hAcc>0.927043</hAcc><vAcc>0.682044</vAcc></extensions></trkpt>
      <trkpt lon="-123.274084" lat="44.560631"><ele>71.644707</ele><time>2021-01-04T00:17:06Z</time><extensions><speed>1.338682</speed><course>93.026337</course><hAcc>0.927063</hAcc><vAcc>0.682064</vAcc></extensions></trkpt>
      <trkpt lon="-123.274082" lat="44.560619"><ele>71.789162</ele><time>2021-01-04T00:17:07Z</time><extensions><speed>1.347114</speed><course>96.996750</course><hAcc>0.927089</hAcc><vAcc>0.682091</vAcc></extensions></trkpt>
      <trkpt lon="-123.274081" lat="44.560607"><ele>71.923500</ele><time>2021-01-04T00:17:08Z</time><extensions><speed>1.356374</speed><course>92.103210</course><hAcc>0.927120</hAcc><vAcc>0.682123</vAcc></extensions></trkpt>
      <trkpt lon="-123.274079" lat="44.560595"><ele>72.046059</ele><time>2021-01-04T00:17:09Z</time><extensions><speed>1.365678</speed><course>86.006805</course><hAcc>0.927155</hAcc><vAcc>0.682160</vAcc></extensions></trkpt>
      <trkpt lon="-123.274078" lat="44.560583"><ele>72.155739</ele><time>2021-01-04T00:17:10Z</time><extensions><speed>1.374160</speed><course>94.352776</course><hAcc>0.927194</hAcc><vAcc>0.682200</vAcc></extensions></trkpt>
      <trkpt lon="-123.274076" lat="44.560570"><ele>72.251213</ele><time>2021-01-04T00:17:11Z</time><extensions><speed>1.380747</speed><course>98.598251</course><hAcc>0.927235</hAcc><vAcc>0.682243</vAcc></extensions></trkpt>
      <trkpt lon="-123.274075" lat="44.560558"><ele>72.330490</ele><time>2021-01-04T00:17:12Z</time><extensions><speed>1.384877</speed><course>81.560966</course><hAcc>0.927276</hAcc><vAcc>0.682285</vAcc></extensions></trkpt>
      <trkpt lon="-123.274073" lat="44.560546"><ele>72.391167</ele><time>2021-01-04T00:17:13Z</time><extensions><speed>1.386302</speed><course>91.243164</course><hAcc>0.927315</hAcc><vAcc>0.682326</vAcc></extensions></trkpt>
      <trkpt lon="-123.274071" lat="44.560533"><ele>72.431244</ele><time>2021-01-04T00:17:14Z</time><extensions><speed>1.385076</speed><course>90.755104</course><hAcc>0.927354</hAcc><vAcc>0.682366</vAcc></extensions></trkpt>
      <trkpt lon="-123.274069" lat="44.560521"><ele>72.450272</ele><time>2021-01-04T00:17:15Z</time><extensions><speed>1.381529</speed><course>103.307678</course><hAcc>0.927391</hAcc><vAcc>0.682404</vAcc></extensions></trkpt>
      <trkpt lon="-123.274067" lat="44.560509"><ele>72.449837</ele><time>2021-01-04T00:17:16Z</time><extensions><speed>1.376251</speed><course>105.379387</course><hAcc>0.927426</hAcc><vAcc>0.682441</vAcc></extensions></trkpt>
      <trkpt lon="-123.274065" lat="44.560496"><ele>72.433212</ele><time>2021-01-04T00:17:17Z</time><extensions><speed>1.370163</speed><course>87.079628</course><hAcc>0.927456</hAcc><vAcc>0.682472</vAcc></extensions></trkpt>
      <trkpt lon="-123.274063" lat="44.560484"><ele>72.405014</ele><time>2021-01-04T00:17:18Z</time><extensions><speed>1.364184</speed><course>88.220558</course><hAcc>0.927482</hAcc><vAcc>0.682499</vAcc></extensions></trkpt>
      <trkpt lon="-123.274060" lat="44.560472"><ele>72.371178</ele><time>2021-01-04T00:17:19Z</time><extensions><speed>1.359108</speed><course>69.541382</course><hAcc>0.927503</hAcc><vAcc>0.682522</vAcc></extensions></trkpt>
      <trkpt lon="-123.274058" lat="44.560460"><ele>72.338303</ele><time>2021-01-04T00:17:20Z</time><extensions><speed>1.355460</speed><course>95.846222</course><hAcc>0.927521</hAcc><vAcc>0.682540</vAcc></extensions></trkpt>
      <trkpt lon="-123.274056" lat="44.560448"><ele>72.311966</ele><time>2021-01-04T00:17:21Z</time><extensions><speed>1.353172</speed><course>98.704819</course><hAcc>0.927538</hAcc><vAcc>0.682557</vAcc></extensions></trkpt>
      <trkpt lon="-123.274053" lat="44.560436"><ele>72.295464</ele><time>2021-01-04T00:17:22Z</time><extensions><speed>1.352028</speed><course>81.944740</course><hAcc>0.927553</hAcc><vAcc>0.682573</vAcc></extensions></trkpt>
      <trkpt lon="-123.274051" lat="44.560424"><ele>72.289452</ele><time>2021-01-04T00:17:23Z</time><extensions><speed>1.352038</speed><course>80.784363</course><hAcc>0.927567</hAcc><vAcc>0.682588</vAcc></extensions></trkpt>
      <trkpt lon="-123.274049" lat="44.560412"><ele>72.292450</ele><time>2021-01-04T00:17:24Z</time><extensions><speed>1.353398</speed><course>81.677521</course><hAcc>0.927581</hAcc><vAcc>0.682602</vAcc></extensions></trkpt>
      <trkpt lon="-123.274047" lat="44.560400"><ele>72.302452</ele><time>2021-01-04T00:17:25Z</time><extensions><speed>1.356007</speed><course>81.808441</course><hAcc>0.927596</hAcc><vAcc>0.682617</vAcc></extensions></trkpt>
      <trkpt lon="-123.274044" lat="44.560387"><ele>72.318390</ele><time>2021-01-04T00:17:26Z</time><extensions><speed>1.359407</speed><course>87.657707</course><hAcc>0.927611</hAcc><vAcc>0.682633</vAcc></extensions></trkpt>
      <trkpt lon="-123.274042" lat="44.560375"><ele>72.340202</ele><time>2021-01-04T00:17:27Z</time><extensions><speed>1.363363</speed><course>73.152847</course><hAcc>0.927624</hAcc><vAcc>0.682646</vAcc></extensions></trkpt>
      <trkpt lon="-123.274040" lat="44.560363"><ele>72.368057</ele><time>2021-01-04T00:17:28Z</time><extensions><speed>1.367715</speed><course>73.946144</course><hAcc>0.927633</hAcc><vAcc>0.682654</vAcc></extensions></trkpt>
      <trkpt lon="-123.274038" lat="44.560351"><ele>72.401520</ele><time>2021-01-04T00:17:29Z</time><extensions><speed>1.372273</speed><course>89.667122</course><hAcc>0.927636</hAcc><vAcc>0.682656</vAcc></extensions></trkpt>
      <trkpt lon="-123.274036" lat="44.560339"><ele>72.439377</ele><time>2021-01-04T00:17:30Z</time><extensions><speed>1.376881</speed><course>80.636124</course><hAcc>0.927633</hAcc><vAcc>0.682652</vAcc></extensions></trkpt>
      <trkpt lon="-123.274033" lat="44.560326"><ele>72.479805</ele><time>2021-01-04T00:17:31Z</time><extensions><speed>1.381309</speed><course>82.912796</course><hAcc>0.927628</hAcc><vAcc>0.682645</vAcc></extensions></trkpt>
      <trkpt lon="-123.274031" lat="44.560314"><ele>72.520325</ele><time>2021-01-04T00:17:32Z</time><extensions><speed>1.385154</speed><course>72.908760</course><hAcc>0.927621</hAcc><vAcc>0.682636</vAcc></extensions></trkpt>
      <trkpt lon="-123.274029" lat="44.560302"><ele>72.557762</ele><time>2021-01-04T00:17:33Z</time><extensions><speed>1.387891</speed><course>43.084816</course><hAcc>0.927615</hAcc><vAcc>0.682629</vAcc></extensions></trkpt>
      <trkpt lon="-123.274026" lat="44.560289"><ele>72.588829</ele><time>2021-01-04T00:17:34Z</time><extensions><speed>1.388991</speed><course>10.710872</course><hAcc>0.927613</hAcc><vAcc>0.682625</vAcc></extensions></trkpt>
      <trkpt lon="-123.274024" lat="44.560277"><ele>72.610794</ele><time>2021-01-04T00:17:35Z</time><extensions><speed>1.388056</speed><course>2.014233</course><hAcc>0.927614</hAcc><vAcc>0.682626</vAcc></extensions></trkpt>
      <trkpt lon="-123.274021" lat="44.560264"><ele>72.621590</ele><time>2021-01-04T00:17:36Z</time><extensions><speed>1.384994</speed><course>9.808652</course><hAcc>0.927618</hAcc><vAcc>0.682630</vAcc></extensions></trkpt>
      <trkpt lon="-123.274019" lat="44.560252"><ele>72.619316</ele><time>2021-01-04T00:17:37Z</time><extensions><speed>1.379948</speed><course>3.106648</course><hAcc>0.927625</hAcc><vAcc>0.682638</vAcc></extensions></trkpt>
      <trkpt lon="-123.274017" lat="44.560240"><ele>72.601624</ele><time>2021-01-04T00:17:38Z</time><extensions><speed>1.372861</speed><course>0.825488</course><hAcc>0.927637</hAcc><vAcc>0.682651</vAcc></extensions></trkpt>
      <trkpt lon="-123.274014" lat="44.560228"><ele>72.565994</ele><time>2021-01-04T00:17:39Z</time><extensions><speed>1.364017</speed><course>10.592115</course><hAcc>0.927662</hAcc><vAcc>0.682679</vAcc></extensions></trkpt>
      <trkpt lon="-123.274012" lat="44.560216"><ele>72.510139</ele><time>2021-01-04T00:17:40Z</time><extensions><speed>1.354130</speed><course>11.195926</course><hAcc>0.927713</hAcc><vAcc>0.682732</vAcc></extensions></trkpt>
      <trkpt lon="-123.274010" lat="44.560204"><ele>72.432465</ele><time>2021-01-04T00:17:41Z</time><extensions><speed>1.344106</speed><course>6.795914</course><hAcc>0.927809</hAcc><vAcc>0.682829</vAcc></extensions></trkpt>
      <trkpt lon="-123.274007" lat="44.560192"><ele>72.333038</ele><time>2021-01-04T00:17:42Z</time><extensions><speed>1.335452</speed><course>2.790891</course><hAcc>0.927977</hAcc><vAcc>0.682991</vAcc></extensions></trkpt>
      <trkpt lon="-123.274005" lat="44.560180"><ele>72.214149</ele><time>2021-01-04T00:17:43Z</time><extensions><speed>1.329841</speed><course>358.750153</course><hAcc>0.928248</hAcc><vAcc>0.683244</vAcc></extensions></trkpt>
      <trkpt lon="-123.274002" lat="44.560168"><ele>72.080040</ele><time>2021-01-04T00:17:44Z</time><extensions><speed>1.328687</speed><course>358.589783</course><hAcc>0.928661</hAcc><vAcc>0.683619</vAcc></extensions></trkpt>
      <trkpt lon="-123.274000" lat="44.560156"><ele>71.936333</ele><time>2021-01-04T00:17:45Z</time><extensions><speed>1.332985</speed><course>358.965973</course><hAcc>0.929258</hAcc><vAcc>0.684147</vAcc></extensions></trkpt>
      <trkpt lon="-123.273997" lat="44.560144"><ele>71.789055</ele><time>2021-01-04T00:17:46Z</time><extensions><speed>1.343286</speed><course>357.302704</course><hAcc>0.930080</hAcc><vAcc>0.684857</vAcc></extensions></trkpt>
      <trkpt lon="-123.273994" lat="44.560132"><ele>71.643517</ele><time>2021-01-04T00:17:47Z</time><extensions><speed>1.360019</speed><course>357.995270</course><hAcc>0.931166</hAcc><vAcc>0.685770</vAcc></extensions></trkpt>
      <trkpt lon="-123.273991" lat="44.560120"><ele>71.503685</ele><time>2021-01-04T00:17:48Z</time><extensions><speed>1.383940</speed><course>1.970515</course><hAcc>0.932543</hAcc><vAcc>0.686897</vAcc></extensions></trkpt>
      <trkpt lon="-123.273987" lat="44.560108"><ele>71.371971</ele><time>2021-01-04T00:17:49Z</time><extensions><speed>1.416142</speed><course>1.869311</course><hAcc>0.934220</hAcc><vAcc>0.688233</vAcc></extensions></trkpt>
      <trkpt lon="-123.273983" lat="44.560095"><ele>71.249260</ele><time>2021-01-04T00:17:50Z</time><extensions><speed>1.457980</speed><course>2.172438</course><hAcc>0.936179</hAcc><vAcc>0.689751</vAcc></extensions></trkpt>
      <trkpt lon="-123.273978" lat="44.560082"><ele>71.134872</ele><time>2021-01-04T00:17:51Z</time><extensions><speed>1.511116</speed><course>2.881365</course><hAcc>0.938364</hAcc><vAcc>0.691394</vAcc></extensions></trkpt>
      <trkpt lon="-123.273973" lat="44.560069"><ele>71.026306</ele><time>2021-01-04T00:17:52Z</time><extensions><speed>1.577352</speed><course>333.826843</course><hAcc>0.940673</hAcc><vAcc>0.693077</vAcc></extensions></trkpt>
      <trkpt lon="-123.273966" lat="44.560055"><ele>70.919296</ele><time>2021-01-04T00:17:53Z</time><extensions><speed>1.658642</speed><course>329.475555</course><hAcc>0.942955</hAcc><vAcc>0.694683</vAcc></extensions></trkpt>
      <trkpt lon="-123.273957" lat="44.560041"><ele>70.808456</ele><time>2021-01-04T00:17:54Z</time><extensions><speed>1.756930</speed><course>285.610077</course><hAcc>0.945023</hAcc><vAcc>0.696080</vAcc></extensions></trkpt>
      <trkpt lon="-123.273947" lat="44.560026"><ele>70.688164</ele><time>2021-01-04T00:17:55Z</time><extensions><speed>1.873555</speed><course>235.107315</course><hAcc>0.946685</hAcc><vAcc>0.697154</vAcc></extensions></trkpt>
      <trkpt lon="-123.273935" lat="44.560011"><ele>70.552795</ele><time>2021-01-04T00:17:56Z</time><extensions><speed>2.008825</speed><course>216.996399</course><hAcc>0.947819</hAcc><vAcc>0.697862</vAcc></extensions></trkpt>
      <trkpt lon="-123.273921" lat="44.559995"><ele>70.396759</ele><time>2021-01-04T00:17:57Z</time><extensions><speed>2.162273</speed><course>184.137360</course><hAcc>0.948491</hAcc><vAcc>0.698332</vAcc></extensions></trkpt>
      <trkpt lon="-123.273905" lat="44.559979"><ele>70.214821</ele><time>2021-01-04T00:17:58Z</time><extensions><speed>2.332630</speed><course>165.282928</course><hAcc>0.949148</hAcc><vAcc>0.699005</vAcc></extensions></trkpt>
      <trkpt lon="-123.273886" lat="44.559962"><ele>70.002609</ele><time>2021-01-04T00:17:59Z</time><extensions><speed>2.516481</speed><course>160.915634</course><hAcc>0.950886</hAcc><vAcc>0.700829</vAcc></extensions></trkpt>
      <trkpt lon="-123.273864" lat="44.559945"><ele>69.757027</ele><time>2021-01-04T00:18:00Z</time><extensions><speed>2.707886</speed><course>159.127106</course><hAcc>0.955813</hAcc><vAcc>0.705498</vAcc></extensions></trkpt>
      <trkpt lon="-123.273839" lat="44.559927"><ele>69.476631</ele><time>2021-01-04T00:18:01Z</time><extensions><speed>2.898657</speed><course>168.177719</course><hAcc>0.967438</hAcc><vAcc>0.715703</vAcc></extensions></trkpt>
      <trkpt lon="-123.273812" lat="44.559908"><ele>69.162079</ele><time>2021-01-04T00:18:02Z</time><extensions><speed>3.078454</speed><course>172.841660</course><hAcc>0.990970</hAcc><vAcc>0.735272</vAcc></extensions></trkpt>
      <trkpt lon="-123.273782" lat="44.559889"><ele>68.816628</ele><time>2021-01-04T00:18:03Z</time><extensions><speed>3.235636</speed><course>174.803329</course><hAcc>1.033264</hAcc><vAcc>0.769043</vAcc></extensions></trkpt>
      <trkpt lon="-123.273726" lat="44.559875"><ele>68.787697</ele><time>2021-01-04T00:18:04Z</time><extensions><speed>4.632938</speed><course>270.859283</course><hAcc>0.989035</hAcc><vAcc>0.734246</vAcc></extensions></trkpt>
      <trkpt lon="-123.273669" lat="44.559865"><ele>68.580185</ele><time>2021-01-04T00:18:05Z</time><extensions><speed>4.672379</speed><course>272.356812</course><hAcc>0.968602</hAcc><vAcc>0.718031</vAcc></extensions></trkpt>
      <trkpt lon="-123.273611" lat="44.559857"><ele>68.390793</ele><time>2021-01-04T00:18:06Z</time><extensions><speed>4.708894</speed><course>267.260315</course><hAcc>0.960557</hAcc><vAcc>0.711321</vAcc></extensions></trkpt>
      <trkpt lon="-123.273552" lat="44.559851"><ele>68.222420</ele><time>2021-01-04T00:18:07Z</time><extensions><speed>4.741636</speed><course>273.391144</course><hAcc>0.959031</hAcc><vAcc>0.709828</vAcc></extensions></trkpt>
      <trkpt lon="-123.273493" lat="44.559847"><ele>68.076149</ele><time>2021-01-04T00:18:08Z</time><extensions><speed>4.770836</speed><course>289.586670</course><hAcc>0.960168</hAcc><vAcc>0.710640</vAcc></extensions></trkpt>
      <trkpt lon="-123.273433" lat="44.559845"><ele>67.952324</ele><time>2021-01-04T00:18:09Z</time><extensions><speed>4.797240</speed><course>280.058350</course><hAcc>0.961740</hAcc><vAcc>0.711998</vAcc></extensions></trkpt>
      <trkpt lon="-123.273372" lat="44.559844"><ele>67.851517</ele><time>2021-01-04T00:18:10Z</time><extensions><speed>4.821203</speed><course>284.983856</course><hAcc>0.962658</hAcc><vAcc>0.712987</vAcc></extensions></trkpt>
      <trkpt lon="-123.273311" lat="44.559845"><ele>67.774666</ele><time>2021-01-04T00:18:11Z</time><extensions><speed>4.842739</speed><course>285.542297</course><hAcc>0.962551</hAcc><vAcc>0.713238</vAcc></extensions></trkpt>
      <trkpt lon="-123.273251" lat="44.559848"><ele>67.722801</ele><time>2021-01-04T00:18:12Z</time><extensions><speed>4.861219</speed><course>290.875458</course><hAcc>0.961448</hAcc><vAcc>0.712708</vAcc></extensions></trkpt>
      <trkpt lon="-123.273190" lat="44.559852"><ele>67.696724</ele><time>2021-01-04T00:18:13Z</time><extensions><speed>4.875546</speed><course>271.886871</course><hAcc>0.959568</hAcc><vAcc>0.711517</vAcc></extensions></trkpt>
      <trkpt lon="-123.273129" lat="44.559858"><ele>67.696732</ele><time>2021-01-04T00:18:14Z</time><extensions><speed>4.885504</speed><course>264.740295</course><hAcc>0.957184</hAcc><vAcc>0.709847</vAcc></extensions></trkpt>
      <trkpt lon="-123.273068" lat="44.559865"><ele>67.722351</ele><time>2021-01-04T00:18:15Z</time><extensions><speed>4.891932</speed><course>267.419128</course><hAcc>0.954545</hAcc><vAcc>0.707878</vAcc></extensions></trkpt>
      <trkpt lon="-123.273007" lat="44.559872"><ele>67.772285</ele><time>2021-01-04T00:18:16Z</time><extensions><speed>4.895745</speed><course>256.506073</course><hAcc>0.951842</hAcc><vAcc>0.705754</vAcc></extensions></trkpt>
      <trkpt lon="-123.272947" lat="44.559880"><ele>67.844643</ele><time>2021-01-04T00:18:17Z</time><extensions><speed>4.897951</speed><course>270.368164</course><hAcc>0.949196</hAcc><vAcc>0.703578</vAcc></extensions></trkpt>
      <trkpt lon="-123.272886" lat="44.559889"><ele>67.936943</ele><time>2021-01-04T00:18:18Z</time><extensions><speed>4.899762</speed><course>267.901276</course><hAcc>0.946666</hAcc><vAcc>0.701402</vAcc></extensions></trkpt>
      <trkpt lon="-123.272826" lat="44.559898"><ele>68.046310</ele><time>2021-01-04T00:18:19Z</time><extensions><speed>4.901990</speed><course>267.121033</course><hAcc>0.944265</hAcc><vAcc>0.699248</vAcc></extensions></trkpt>
      <trkpt lon="-123.272766" lat="44.559908"><ele>68.170059</ele><time>2021-01-04T00:18:20Z</time><extensions><speed>4.904374</speed><course>260.596161</course><hAcc>0.941975</hAcc><vAcc>0.697117</vAcc></extensions></trkpt>
      <trkpt lon="-123.272705" lat="44.559918"><ele>68.305969</ele><time>2021-01-04T00:18:21Z</time><extensions><speed>4.905559</speed><course>252.913025</course><hAcc>0.939777</hAcc><vAcc>0.695005</vAcc></extensions></trkpt>
      <trkpt lon="-123.272645" lat="44.559928"><ele>68.451927</ele><time>2021-01-04T00:18:22Z</time><extensions><speed>4.903774</speed><course>254.142578</course><hAcc>0.937661</hAcc><vAcc>0.692922</vAcc></extensions></trkpt>
      <trkpt lon="-123.272585" lat="44.559937"><ele>68.605629</ele><time>2021-01-04T00:18:23Z</time><extensions><speed>4.897138</speed><course>260.314850</course><hAcc>0.935647</hAcc><vAcc>0.690906</vAcc></extensions></trkpt>
      <trkpt lon="-123.272525" lat="44.559947"><ele>68.764496</ele><time>2021-01-04T00:18:24Z</time><extensions><speed>4.883421</speed><course>248.414886</course><hAcc>0.933797</hAcc><vAcc>0.689031</vAcc></extensions></trkpt>
      <trkpt lon="-123.272465" lat="44.559957"><ele>68.925781</ele><time>2021-01-04T00:18:25Z</time><extensions><speed>4.863320</speed><course>241.496292</course><hAcc>0.932191</hAcc><vAcc>0.687390</vAcc></extensions></trkpt>
      <trkpt lon="-123.272406" lat="44.559966"><ele>69.088005</ele><time>2021-01-04T00:18:26Z</time><extensions><speed>4.840393</speed><course>232.328125</course><hAcc>0.930890</hAcc><vAcc>0.686049</vAcc></extensions></trkpt>
      <trkpt lon="-123.272346" lat="44.559975"><ele>69.251083</ele><time>2021-01-04T00:18:27Z</time><extensions><speed>4.816463</speed><course>220.517075</course><hAcc>0.929912</hAcc><vAcc>0.685031</vAcc></extensions></trkpt>
      <trkpt lon="-123.272287" lat="44.559984"><ele>69.414398</ele><time>2021-01-04T00:18:28Z</time><extensions><speed>4.791386</speed><course>209.251678</course><hAcc>0.929257</hAcc><vAcc>0.684335</vAcc></extensions></trkpt>
      <trkpt lon="-123.272228" lat="44.559993"><ele>69.576157</ele><time>2021-01-04T00:18:29Z</time><extensions><speed>4.764447</speed><course>206.926270</course><hAcc>0.928918</hAcc><vAcc>0.683949</vAcc></extensions></trkpt>
      <trkpt lon="-123.272169" lat="44.560001"><ele>69.733902</ele><time>2021-01-04T00:18:30Z</time><extensions><speed>4.734272</speed><course>200.955948</course><hAcc>0.928890</hAcc><vAcc>0.683860</vAcc></extensions></trkpt>
      <trkpt lon="-123.272111" lat="44.560009"><ele>69.884659</ele><time>2021-01-04T00:18:31Z</time><extensions><speed>4.699289</speed><course>188.027435</course><hAcc>0.929173</hAcc><vAcc>0.684058</vAcc></extensions></trkpt>
      <trkpt lon="-123.272053" lat="44.560017"><ele>70.025726</ele><time>2021-01-04T00:18:32Z</time><extensions><speed>4.658368</speed><course>195.471695</course><hAcc>0.929775</hAcc><vAcc>0.684535</vAcc></extensions></trkpt>
      <trkpt lon="-123.271996" lat="44.560025"><ele>70.155556</ele><time>2021-01-04T00:18:33Z</time><extensions><speed>4.610956</speed><course>194.670303</course><hAcc>0.930705</hAcc><vAcc>0.685285</vAcc></extensions></trkpt>
      <trkpt lon="-123.271939" lat="44.560032"><ele>70.273804</ele><time>2021-01-04T00:18:34Z</time><extensions><speed>4.556422</speed><course>190.774414</course><hAcc>0.931971</hAcc><vAcc>0.686297</vAcc></extensions></trkpt>
      <trkpt lon="-123.271883" lat="44.560039"><ele>70.381714</ele><time>2021-01-04T00:18:35Z</time><extensions><speed>4.493800</speed><course>187.212173</course><hAcc>0.933566</hAcc><vAcc>0.687549</vAcc></extensions></trkpt>
      <trkpt lon="-123.271828" lat="44.560046"><ele>70.481972</ele><time>2021-01-04T00:18:36Z</time><extensions><speed>4.422606</speed><course>174.647095</course><hAcc>0.935460</hAcc><vAcc>0.689000</vAcc></extensions></trkpt>
      <trkpt lon="-123.271773" lat="44.560052"><ele>70.577431</ele><time>2021-01-04T00:18:37Z</time><extensions><speed>4.343485</speed><course>178.780167</course><hAcc>0.937586</hAcc><vAcc>0.690585</vAcc></extensions></trkpt>
      <trkpt lon="-123.271720" lat="44.560058"><ele>70.670464</ele><time>2021-01-04T00:18:38Z</time><extensions><speed>4.257787</speed><course>175.639450</course><hAcc>0.939833</hAcc><vAcc>0.692204</vAcc></extensions></trkpt>
      <trkpt lon="-123.271667" lat="44.560063"><ele>70.763206</ele><time>2021-01-04T00:18:39Z</time><extensions><speed>4.166316</speed><course>176.304825</course><hAcc>0.942034</hAcc><vAcc>0.693727</vAcc></extensions></trkpt>
      <trkpt lon="-123.271616" lat="44.560067"><ele>70.857208</ele><time>2021-01-04T00:18:40Z</time><extensions><speed>4.069559</speed><course>178.169250</course><hAcc>0.943984</hAcc><vAcc>0.695002</vAcc></extensions></trkpt>
      <trkpt lon="-123.271565" lat="44.560070"><ele>70.952957</ele><time>2021-01-04T00:18:41Z</time><extensions><speed>3.967487</speed><course>182.679184</course><hAcc>0.945466</hAcc><vAcc>0.695886</vAcc></extensions></trkpt>
      <trkpt lon="-123.271516" lat="44.560072"><ele>71.050049</ele><time>2021-01-04T00:18:42Z</time><extensions><speed>3.860938</speed><course>180.212952</course><hAcc>0.946318</hAcc><vAcc>0.696297</vAcc></extensions></trkpt>
      <trkpt lon="-123.271468" lat="44.560073"><ele>71.148293</ele><time>2021-01-04T00:18:43Z</time><extensions><speed>3.751042</speed><course>181.425079</course><hAcc>0.946555</hAcc><vAcc>0.696306</vAcc></extensions></trkpt>
      <trkpt lon="-123.271422" lat="44.560072"><ele>71.248505</ele><time>2021-01-04T00:18:44Z</time><extensions><speed>3.639174</speed><course>172.691727</course><hAcc>0.946543</hAcc><vAcc>0.696274</vAcc></extensions></trkpt>
      <trkpt lon="-123.271377" lat="44.560071"><ele>71.351494</ele><time>2021-01-04T00:18:45Z</time><extensions><speed>3.528888</speed><course>187.741074</course><hAcc>0.947277</hAcc><vAcc>0.697040</vAcc></extensions></trkpt>
      <trkpt lon="-123.271333" lat="44.560068"><ele>71.457069</ele><time>2021-01-04T00:18:46Z</time><extensions><speed>3.423822</speed><course>186.581024</course><hAcc>0.950738</hAcc><vAcc>0.700175</vAcc></extensions></trkpt>
      <trkpt lon="-123.271291" lat="44.560064"><ele>71.564583</ele><time>2021-01-04T00:18:47Z</time><extensions><speed>3.326774</speed><course>176.638657</course><hAcc>0.960315</hAcc><vAcc>0.708252</vAcc></extensions></trkpt>
      <trkpt lon="-123.271250" lat="44.560058"><ele>71.673981</ele><time>2021-01-04T00:18:48Z</time><extensions><speed>3.240716</speed><course>183.541519</course><hAcc>0.981149</hAcc><vAcc>0.725038</vAcc></extensions></trkpt>
      <trkpt lon="-123.271211" lat="44.560052"><ele>71.786224</ele><time>2021-01-04T00:18:49Z</time><extensions><speed>3.169431</speed><course>177.798782</course><hAcc>1.020145</hAcc><vAcc>0.755433</vAcc></extensions></trkpt>
      <trkpt lon="-123.271190" lat="44.560025"><ele>71.674522</ele><time>2021-01-04T00:18:50Z</time><extensions><speed>3.318829</speed><course>270.859283</course><hAcc>0.978770</hAcc><vAcc>0.723628</vAcc></extensions></trkpt>
      <trkpt lon="-123.271170" lat="44.559999"><ele>71.656731</ele><time>2021-01-04T00:18:51Z</time><extensions><speed>3.369614</speed><course>272.356812</course><hAcc>0.957067</hAcc><vAcc>0.706097</vAcc></extensions></trkpt>
      <trkpt lon="-123.271152" lat="44.559971"><ele>71.656364</ele><time>2021-01-04T00:18:52Z</time><extensions><speed>3.431360</speed><course>267.260315</course><hAcc>0.947882</hAcc><vAcc>0.698203</vAcc></extensions></trkpt>
      <trkpt lon="-123.271135" lat="44.559942"><ele>71.674385</ele><time>2021-01-04T00:18:53Z</time><extensions><speed>3.501333</speed><course>273.391144</course><hAcc>0.945388</hAcc><vAcc>0.695706</vAcc></extensions></trkpt>
      <trkpt lon="-123.271120" lat="44.559912"><ele>71.710678</ele><time>2021-01-04T00:18:54Z</time><extensions><speed>3.575320</speed><course>289.586670</course><hAcc>0.945745</hAcc><vAcc>0.695708</vAcc></extensions></trkpt>
      <trkpt lon="-123.271107" lat="44.559881"><ele>71.764221</ele><time>2021-01-04T00:18:55Z</time><extensions><speed>3.649415</speed><course>280.058350</course><hAcc>0.946724</hAcc><vAcc>0.696452</vAcc></extensions></trkpt>
      <trkpt lon="-123.271095" lat="44.559849"><ele>71.833130</ele><time>2021-01-04T00:18:56Z</time><extensions><speed>3.720422</speed><course>284.983856</course><hAcc>0.947226</hAcc><vAcc>0.697009</vAcc></extensions></trkpt>
      <trkpt lon="-123.271084" lat="44.559817"><ele>71.914795</ele><time>2021-01-04T00:18:57Z</time><extensions><speed>3.785854</speed><course>285.542297</course><hAcc>0.946867</hAcc><vAcc>0.697000</vAcc></extensions></trkpt>
      <trkpt lon="-123.271074" lat="44.559783"><ele>72.006027</ele><time>2021-01-04T00:18:58Z</time><extensions><speed>3.842595</speed><course>290.875458</course><hAcc>0.945665</hAcc><vAcc>0.696367</vAcc></extensions></trkpt>
      <trkpt lon="-123.271066" lat="44.559749"><ele>72.103180</ele><time>2021-01-04T00:18:59Z</time><extensions><speed>3.888260</speed><course>271.886871</course><hAcc>0.943831</hAcc><vAcc>0.695223</vAcc></extensions></trkpt>
      <trkpt lon="-123.271058" lat="44.559714"><ele>72.202194</ele><time>2021-01-04T00:19:00Z</time><extensions><speed>3.923309</speed><course>264.740295</course><hAcc>0.941633</hAcc><vAcc>0.693747</vAcc></extensions></trkpt>
      <trkpt lon="-123.271050" lat="44.559679"><ele>72.299255</ele><time>2021-01-04T00:19:01Z</time><extensions><speed>3.948914</speed><course>267.419128</course><hAcc>0.939324</hAcc><vAcc>0.692120</vAcc></extensions></trkpt>
      <trkpt lon="-123.271044" lat="44.559644"><ele>72.391563</ele><time>2021-01-04T00:19:02Z</time><extensions><speed>3.965614</speed><course>256.506073</course><hAcc>0.937103</hAcc><vAcc>0.690500</vAcc></extensions></trkpt>
      <trkpt lon="-123.271037" lat="44.559608"><ele>72.476135</ele><time>2021-01-04T00:19:03Z</time><extensions><speed>3.973201</speed><course>270.368164</course><hAcc>0.935111</hAcc><vAcc>0.689004</vAcc></extensions></trkpt>
      <trkpt lon="-123.271031" lat="44.559573"><ele>72.547691</ele><time>2021-01-04T00:19:04Z</time><extensions><speed>3.971165</speed><course>267.901276</course><hAcc>0.933428</hAcc><vAcc>0.687708</vAcc></extensions></trkpt>
      <trkpt lon="-123.271025" lat="44.559537"><ele>72.599884</ele><time>2021-01-04T00:19:05Z</time><extensions><speed>3.960025</speed><course>267.121033</course><hAcc>0.932090</hAcc><vAcc>0.686656</vAcc></extensions></trkpt>
      <trkpt lon="-123.271019" lat="44.559502"><ele>72.628571</ele><time>2021-01-04T00:19:06Z</time><extensions><speed>3.941265</speed><course>260.596161</course><hAcc>0.931100</hAcc><vAcc>0.685865</vAcc></extensions></trkpt>
      <trkpt lon="-123.271014" lat="44.559467"><ele>72.632324</ele><time>2021-01-04T00:19:07Z</time><extensions><speed>3.916398</speed><course>252.913025</course><hAcc>0.930448</hAcc><vAcc>0.685338</vAcc></extensions></trkpt>
      <trkpt lon="-123.271008" lat="44.559432"><ele>72.610580</ele><time>2021-01-04T00:19:08Z</time><extensions><speed>3.886584</speed><course>254.142578</course><hAcc>0.930120</hAcc><vAcc>0.685072</vAcc></extensions></trkpt>
      <trkpt lon="-123.271003" lat="44.559397"><ele>72.562759</ele><time>2021-01-04T00:19:09Z</time><extensions><speed>3.853089</speed><course>260.314850</course><hAcc>0.930107</hAcc><vAcc>0.685065</vAcc></extensions></trkpt>
      <trkpt lon="-123.270997" lat="44.559363"><ele>72.489281</ele><time>2021-01-04T00:19:10Z</time><extensions><speed>3.818110</speed><course>248.414886</course><hAcc>0.930406</hAcc><vAcc>0.685316</vAcc></extensions></trkpt>
      <trkpt lon="-123.270992" lat="44.559329"><ele>72.392883</ele><time>2021-01-04T00:19:11Z</time><extensions><speed>3.784439</speed><course>241.496292</course><hAcc>0.931023</hAcc><vAcc>0.685827</vAcc></extensions></trkpt>
      <trkpt lon="-123.270986" lat="44.559295"><ele>72.278320</ele><time>2021-01-04T00:19:12Z</time><extensions><speed>3.753762</speed><course>232.328125</course><hAcc>0.931969</hAcc><vAcc>0.686600</vAcc></extensions></trkpt>
      <trkpt lon="-123.270981" lat="44.559262"><ele>72.151222</ele><time>2021-01-04T00:19:13Z</time><extensions><speed>3.726090</speed><course>220.517075</course><hAcc>0.933252</hAcc><vAcc>0.687629</vAcc></extensions></trkpt>
      <trkpt lon="-123.270975" lat="44.559229"><ele>72.018120</ele><time>2021-01-04T00:19:14Z</time><extensions><speed>3.700626</speed><course>209.251678</course><hAcc>0.934868</hAcc><vAcc>0.688901</vAcc></extensions></trkpt>
      <trkpt lon="-123.270969" lat="44.559196"><ele>71.886940</ele><time>2021-01-04T00:19:15Z</time><extensions><speed>3.675489</speed><course>206.926270</course><hAcc>0.936787</hAcc><vAcc>0.690376</vAcc></extensions></trkpt>
      <trkpt lon="-123.270963" lat="44.559163"><ele>71.765587</ele><time>2021-01-04T00:19:16Z</time><extensions><speed>3.647620</speed><course>200.955948</course><hAcc>0.938943</hAcc><vAcc>0.691988</vAcc></extensions></trkpt>
      <trkpt lon="-123.270957" lat="44.559131"><ele>71.659340</ele><time>2021-01-04T00:19:17Z</time><extensions><speed>3.614411</speed><course>188.027435</course><hAcc>0.941222</hAcc><vAcc>0.693639</vAcc></extensions></trkpt>
      <trkpt lon="-123.270951" lat="44.559099"><ele>71.570557</ele><time>2021-01-04T00:19:18Z</time><extensions><speed>3.575021</speed><course>195.471695</course><hAcc>0.943462</hAcc><vAcc>0.695203</vAcc></extensions></trkpt>
      <trkpt lon="-123.270945" lat="44.559067"><ele>71.500229</ele><time>2021-01-04T00:19:19Z</time><extensions><speed>3.529918</speed><course>194.670303</course><hAcc>0.945464</hAcc><vAcc>0.696533</vAcc></extensions></trkpt>
      <trkpt lon="-123.270939" lat="44.559036"><ele>71.448891</ele><time>2021-01-04T00:19:20Z</time><extensions><speed>3.479104</speed><course>190.774414</course><hAcc>0.947015</hAcc><vAcc>0.697488</vAcc></extensions></trkpt>
      <trkpt lon="-123.270932" lat="44.559005"><ele>71.416031</ele><time>2021-01-04T00:19:21Z</time><extensions><speed>3.421852</speed><course>187.212173</course><hAcc>0.947954</hAcc><vAcc>0.697990</vAcc></extensions></trkpt>
      <trkpt lon="-123.270926" lat="44.558975"><ele>71.399231</ele><time>2021-01-04T00:19:22Z</time><extensions><speed>3.358605</speed><course>174.647095</course><hAcc>0.948291</hAcc><vAcc>0.698105</vAcc></extensions></trkpt>
      <trkpt lon="-123.270920" lat="44.558945"><ele>71.394508</ele><time>2021-01-04T00:19:23Z</time><extensions><speed>3.290152</speed><course>178.780167</course><hAcc>0.948387</hAcc><vAcc>0.698185</vAcc></extensions></trkpt>
      <trkpt lon="-123.270914" lat="44.558917"><ele>71.397392</ele><time>2021-01-04T00:19:24Z</time><extensions><speed>3.217295</speed><course>175.639450</course><hAcc>0.949231</hAcc><vAcc>0.699067</vAcc></extensions></trkpt>
      <trkpt lon="-123.270908" lat="44.558888"><ele>71.403854</ele><time>2021-01-04T00:19:25Z</time><extensions><speed>3.141714</speed><course>176.304825</course><hAcc>0.952800</hAcc><vAcc>0.702314</vAcc></extensions></trkpt>
      <trkpt lon="-123.270902" lat="44.558861"><ele>71.410881</ele><time>2021-01-04T00:19:26Z</time><extensions><speed>3.065788</speed><course>178.169250</course><hAcc>0.962476</hAcc><vAcc>0.710494</vAcc></extensions></trkpt>
      <trkpt lon="-123.270896" lat="44.558834"><ele>71.416557</ele><time>2021-01-04T00:19:27Z</time><extensions><speed>2.992938</speed><course>182.679184</course><hAcc>0.983396</hAcc><vAcc>0.727368</vAcc></extensions></trkpt>
      <trkpt lon="-123.270891" lat="44.558807"><ele>71.419289</ele><time>2021-01-04T00:19:28Z</time><extensions><speed>2.926422</speed><course>180.212952</course><hAcc>1.022459</hAcc><vAcc>0.757830</vAcc></extensions></trkpt>
      <trkpt lon="-123.270885" lat="44.558782"><ele>71.416847</ele><time>2021-01-04T00:19:29Z</time><extensions><speed>2.869365</speed><course>181.425079</course><hAcc>1.087689</hAcc><vAcc>0.807400</vAcc></extensions></trkpt>
      <trkpt lon="-123.270880" lat="44.558756"><ele>71.407433</ele><time>2021-01-04T00:19:30Z</time><extensions><speed>2.825633</speed><course>172.691727</course><hAcc>1.186872</hAcc><vAcc>0.881283</vAcc></extensions></trkpt>
      <trkpt lon="-123.270874" lat="44.558731"><ele>71.391479</ele><time>2021-01-04T00:19:31Z</time><extensions><speed>2.797442</speed><course>187.741074</course><hAcc>1.325948</hAcc><vAcc>0.983338</vAcc></extensions></trkpt>
      <trkpt lon="-123.270869" lat="44.558706"><ele>71.371414</ele><time>2021-01-04T00:19:32Z</time><extensions><speed>2.783591</speed><course>186.581024</course><hAcc>1.507932</hAcc><vAcc>1.115434</vAcc></extensions></trkpt>
      <trkpt lon="-123.270864" lat="44.558682"><ele>71.349808</ele><time>2021-01-04T00:19:33Z</time><extensions><speed>2.779899</speed><course>176.638657</course><hAcc>1.732699</hAcc><vAcc>1.277368</vAcc></extensions></trkpt>
    </trkseg>
  </trk>
</gpx>