<?xml version="1.0" encoding="UTF-8"?>
<gpx version="1.1" creator="Apple Health Export" xmlns="http://www.topografix.com/GPX/1/1" xmlns:xsi="http://www.w3.org/2001/XMLSchema-instance" xsi:schemaLocation="http://www.topografix.com/GPX/1/1 http://www.topografix.com/GPX/1/1/gpx.xsd">
  <metadata>
    <time>2021-02-21T19:24:49Z</time>
  </metadata>
  <trk>
    <name>Route 2021-01-19 2:29pm</name>
    <trkseg>
      <trkpt lon="-123.264455" lat="44.586949"><ele>75.756493</ele><time>2021-01-19T21:38:20Z</time><extensions><speed>1.315659</speed><course>278.085938</course><hAcc>2.127519</hAcc><vAcc>1.544033</vAcc></extensions></trkpt>
      <trkpt lon="-123.264471" lat="44.586951"><ele>75.327011</ele><time>2021-01-19T21:38:21Z</time><extensions><speed>1.315403</speed><course>278.085938</course><hAcc>1.844336</hAcc><vAcc>1.342533</vAcc></extensions></trkpt>
      <trkpt lon="-123.264486" lat="44.586954"><ele>74.917885</ele><time>2021-01-19T21:38:22Z</time><extensions><speed>1.314572</speed><course>278.085938</course><hAcc>1.605818</hAcc><vAcc>1.172620</vAcc></extensions></trkpt>
      <trkpt lon="-123.264501" lat="44.586957"><ele>74.493210</ele><time>2021-01-19T21:38:23Z</time><extensions><speed>1.308900</speed><course>278.085938</course><hAcc>1.394587</hAcc><vAcc>1.021823</vAcc></extensions></trkpt>
      <trkpt lon="-123.264518" lat="44.586959"><ele>74.049454</ele><time>2021-01-19T21:38:24Z</time><extensions><speed>1.284553</speed><course>278.085938</course><hAcc>1.215552</hAcc><vAcc>0.893518</vAcc></extensions></trkpt>
      <trkpt lon="-123.264533" lat="44.586962"><ele>73.629913</ele><time>2021-01-19T21:38:25Z</time><extensions><speed>1.228712</speed><course>278.085938</course><hAcc>1.084713</hAcc><vAcc>0.799211</vAcc></extensions></trkpt>
      <trkpt lon="-123.264547" lat="44.586964"><ele>73.255714</ele><time>2021-01-19T21:38:25Z</time><extensions><speed>1.150706</speed><course>278.085938</course><hAcc>0.998754</hAcc><vAcc>0.736775</vAcc></extensions></trkpt>
      <trkpt lon="-123.264560" lat="44.586966"><ele>72.883141</ele><time>2021-01-19T21:38:26Z</time><extensions><speed>1.040363</speed><course>278.085938</course><hAcc>0.940611</hAcc><vAcc>0.694118</vAcc></extensions></trkpt>
      <trkpt lon="-123.264572" lat="44.586969"><ele>72.544914</ele><time>2021-01-19T21:38:27Z</time><extensions><speed>0.918085</speed><course>278.085938</course><hAcc>0.908992</hAcc><vAcc>0.670654</vAcc></extensions></trkpt>
      <trkpt lon="-123.264583" lat="44.586970"><ele>72.243759</ele><time>2021-01-19T21:38:28Z</time><extensions><speed>0.791974</speed><course>278.085938</course><hAcc>0.895686</hAcc><vAcc>0.660673</vAcc></extensions></trkpt>
      <trkpt lon="-123.264592" lat="44.586972"><ele>71.980484</ele><time>2021-01-19T21:38:29Z</time><extensions><speed>0.667977</speed><course>278.085938</course><hAcc>0.893791</hAcc><vAcc>0.659260</vAcc></extensions></trkpt>
      <trkpt lon="-123.264599" lat="44.586973"><ele>71.754433</ele><time>2021-01-19T21:38:30Z</time><extensions><speed>0.550212</speed><course>278.085938</course><hAcc>0.898321</hAcc><vAcc>0.662763</vAcc></extensions></trkpt>
      <trkpt lon="-123.264605" lat="44.586975"><ele>71.563866</ele><time>2021-01-19T21:38:31Z</time><extensions><speed>0.441470</speed><course>278.085938</course><hAcc>0.906003</hAcc><vAcc>0.668707</vAcc></extensions></trkpt>
      <trkpt lon="-123.264610" lat="44.586976"><ele>71.406326</ele><time>2021-01-19T21:38:32Z</time><extensions><speed>0.343399</speed><course>-1.000000</course><hAcc>0.914686</hAcc><vAcc>0.675441</vAcc></extensions></trkpt>
      <trkpt lon="-123.264613" lat="44.586976"><ele>71.278938</ele><time>2021-01-19T21:38:33Z</time><extensions><speed>0.256631</speed><course>-1.000000</course><hAcc>0.922935</hAcc><vAcc>0.681871</vAcc></extensions></trkpt>
      <trkpt lon="-123.264616" lat="44.586977"><ele>71.178665</ele><time>2021-01-19T21:38:34Z</time><extensions><speed>0.181186</speed><course>-1.000000</course><hAcc>0.929951</hAcc><vAcc>0.687386</vAcc></extensions></trkpt>
      <trkpt lon="-123.264618" lat="44.586977"><ele>71.102509</ele><time>2021-01-19T21:38:35Z</time><extensions><speed>0.117204</speed><course>-1.000000</course><hAcc>0.935465</hAcc><vAcc>0.691768</vAcc></extensions></trkpt>
      <trkpt lon="-123.264619" lat="44.586977"><ele>71.047607</ele><time>2021-01-19T21:38:36Z</time><extensions><speed>0.067169</speed><course>-1.000000</course><hAcc>0.939528</hAcc><vAcc>0.695042</vAcc></extensions></trkpt>
      <trkpt lon="-123.264620" lat="44.586977"><ele>71.011330</ele><time>2021-01-19T21:38:37Z</time><extensions><speed>0.046157</speed><course>-1.000000</course><hAcc>0.942365</hAcc><vAcc>0.697364</vAcc></extensions></trkpt>
      <trkpt lon="-123.264620" lat="44.586976"><ele>70.991356</ele><time>2021-01-19T21:38:38Z</time><extensions><speed>0.067297</speed><course>-1.000000</course><hAcc>0.944288</hAcc><vAcc>0.698954</vAcc></extensions></trkpt>
      <trkpt lon="-123.264619" lat="44.586976"><ele>70.985703</ele><time>2021-01-19T21:38:39Z</time><extensions><speed>0.102170</speed><course>-1.000000</course><hAcc>0.945635</hAcc><vAcc>0.700058</vAcc></extensions></trkpt>
      <trkpt lon="-123.264619" lat="44.586975"><ele>70.992722</ele><time>2021-01-19T21:38:40Z</time><extensions><speed>0.138569</speed><course>-1.000000</course><hAcc>0.946751</hAcc><vAcc>0.700919</vAcc></extensions></trkpt>
      <trkpt lon="-123.264618" lat="44.586973"><ele>71.011131</ele><time>2021-01-19T21:38:41Z</time><extensions><speed>0.174851</speed><course>-1.000000</course><hAcc>0.947972</hAcc><vAcc>0.701766</vAcc></extensions></trkpt>
      <trkpt lon="-123.264617" lat="44.586972"><ele>71.039993</ele><time>2021-01-19T21:38:42Z</time><extensions><speed>0.211029</speed><course>-1.000000</course><hAcc>0.949636</hAcc><vAcc>0.702814</vAcc></extensions></trkpt>
      <trkpt lon="-123.264616" lat="44.586970"><ele>71.078621</ele><time>2021-01-19T21:38:43Z</time><extensions><speed>0.247180</speed><course>-1.000000</course><hAcc>0.952097</hAcc><vAcc>0.704270</vAcc></extensions></trkpt>
      <trkpt lon="-123.264615" lat="44.586968"><ele>71.126579</ele><time>2021-01-19T21:38:44Z</time><extensions><speed>0.283073</speed><course>-1.000000</course><hAcc>0.955765</hAcc><vAcc>0.706362</vAcc></extensions></trkpt>
      <trkpt lon="-123.264614" lat="44.586965"><ele>71.183548</ele><time>2021-01-19T21:38:45Z</time><extensions><speed>0.318060</speed><course>-1.000000</course><hAcc>0.961122</hAcc><vAcc>0.709355</vAcc></extensions></trkpt>
      <trkpt lon="-123.264612" lat="44.586962"><ele>71.249245</ele><time>2021-01-19T21:38:46Z</time><extensions><speed>0.351035</speed><course>-1.000000</course><hAcc>0.968754</hAcc><vAcc>0.713578</vAcc></extensions></trkpt>
      <trkpt lon="-123.264611" lat="44.586959"><ele>71.323303</ele><time>2021-01-19T21:38:47Z</time><extensions><speed>0.380422</speed><course>-1.000000</course><hAcc>0.979365</hAcc><vAcc>0.719450</vAcc></extensions></trkpt>
      <trkpt lon="-123.264609" lat="44.586956"><ele>71.405121</ele><time>2021-01-19T21:38:48Z</time><extensions><speed>0.404166</speed><course>-1.000000</course><hAcc>0.993775</hAcc><vAcc>0.727499</vAcc></extensions></trkpt>
      <trkpt lon="-123.264608" lat="44.586952"><ele>71.493706</ele><time>2021-01-19T21:38:49Z</time><extensions><speed>0.419746</speed><course>-1.000000</course><hAcc>1.012892</hAcc><vAcc>0.738375</vAcc></extensions></trkpt>
      <trkpt lon="-123.264606" lat="44.586949"><ele>71.587517</ele><time>2021-01-19T21:38:50Z</time><extensions><speed>0.424210</speed><course>-1.000000</course><hAcc>1.037670</hAcc><vAcc>0.752835</vAcc></extensions></trkpt>
      <trkpt lon="-123.264602" lat="44.586942"><ele>71.779846</ele><time>2021-01-19T21:38:53Z</time><extensions><speed>0.357989</speed><course>-1.000000</course><hAcc>1.041931</hAcc><vAcc>0.749482</vAcc></extensions></trkpt>
      <trkpt lon="-123.264599" lat="44.586940"><ele>71.873711</ele><time>2021-01-19T21:38:54Z</time><extensions><speed>0.325236</speed><course>-1.000000</course><hAcc>1.020237</hAcc><vAcc>0.731012</vAcc></extensions></trkpt>
      <trkpt lon="-123.264596" lat="44.586938"><ele>71.962341</ele><time>2021-01-19T21:38:55Z</time><extensions><speed>0.287987</speed><course>-1.000000</course><hAcc>1.001963</hAcc><vAcc>0.715285</vAcc></extensions></trkpt>
      <trkpt lon="-123.264594" lat="44.586936"><ele>72.044014</ele><time>2021-01-19T21:38:56Z</time><extensions><speed>0.252045</speed><course>-1.000000</course><hAcc>0.986179</hAcc><vAcc>0.701787</vAcc></extensions></trkpt>
      <trkpt lon="-123.264591" lat="44.586935"><ele>72.117409</ele><time>2021-01-19T21:38:57Z</time><extensions><speed>0.222703</speed><course>356.800995</course><hAcc>0.972567</hAcc><vAcc>0.690329</vAcc></extensions></trkpt>
      <trkpt lon="-123.264588" lat="44.586935"><ele>72.181900</ele><time>2021-01-19T21:38:58Z</time><extensions><speed>0.201689</speed><course>7.867084</course><hAcc>0.961027</hAcc><vAcc>0.680812</vAcc></extensions></trkpt>
      <trkpt lon="-123.264586" lat="44.586935"><ele>72.237587</ele><time>2021-01-19T21:38:59Z</time><extensions><speed>0.185951</speed><course>20.363853</course><hAcc>0.951453</hAcc><vAcc>0.673095</vAcc></extensions></trkpt>
      <trkpt lon="-123.264584" lat="44.586935"><ele>72.285103</ele><time>2021-01-19T21:39:00Z</time><extensions><speed>0.170961</speed><course>15.183643</course><hAcc>0.943696</hAcc><vAcc>0.666992</vAcc></extensions></trkpt>
      <trkpt lon="-123.264582" lat="44.586936"><ele>72.325287</ele><time>2021-01-19T21:39:01Z</time><extensions><speed>0.154078</speed><course>10.986561</course><hAcc>0.937567</hAcc><vAcc>0.662287</vAcc></extensions></trkpt>
      <trkpt lon="-123.264580" lat="44.586937"><ele>72.358803</ele><time>2021-01-19T21:39:02Z</time><extensions><speed>0.135279</speed><course>4.165410</course><hAcc>0.932843</hAcc><vAcc>0.658750</vAcc></extensions></trkpt>
      <trkpt lon="-123.264579" lat="44.586937"><ele>72.385979</ele><time>2021-01-19T21:39:03Z</time><extensions><speed>0.116192</speed><course>6.938199</course><hAcc>0.929313</hAcc><vAcc>0.656170</vAcc></extensions></trkpt>
      <trkpt lon="-123.264578" lat="44.586938"><ele>72.406990</ele><time>2021-01-19T21:39:04Z</time><extensions><speed>0.099291</speed><course>20.878244</course><hAcc>0.926742</hAcc><vAcc>0.654335</vAcc></extensions></trkpt>
      <trkpt lon="-123.264578" lat="44.586939"><ele>72.421936</ele><time>2021-01-19T21:39:05Z</time><extensions><speed>0.087410</speed><course>29.465908</course><hAcc>0.924908</hAcc><vAcc>0.653055</vAcc></extensions></trkpt>
      <trkpt lon="-123.264578" lat="44.586940"><ele>72.430672</ele><time>2021-01-19T21:39:06Z</time><extensions><speed>0.082346</speed><course>29.208710</course><hAcc>0.923630</hAcc><vAcc>0.652181</vAcc></extensions></trkpt>
      <trkpt lon="-123.264578" lat="44.586940"><ele>72.432434</ele><time>2021-01-19T21:39:07Z</time><extensions><speed>0.083564</speed><course>33.199429</course><hAcc>0.922757</hAcc><vAcc>0.651594</vAcc></extensions></trkpt>
      <trkpt lon="-123.264578" lat="44.586941"><ele>72.426094</ele><time>2021-01-19T21:39:08Z</time><extensions><speed>0.088670</speed><course>33.792309</course><hAcc>0.922171</hAcc><vAcc>0.651203</vAcc></extensions></trkpt>
      <trkpt lon="-123.264578" lat="44.586942"><ele>72.410927</ele><time>2021-01-19T21:39:09Z</time><extensions><speed>0.095322</speed><course>41.925011</course><hAcc>0.921780</hAcc><vAcc>0.650942</vAcc></extensions></trkpt>
      <trkpt lon="-123.264578" lat="44.586943"><ele>72.386925</ele><time>2021-01-19T21:39:10Z</time><extensions><speed>0.101555</speed><course>31.707575</course><hAcc>0.921517</hAcc><vAcc>0.650764</vAcc></extensions></trkpt>
      <trkpt lon="-123.264578" lat="44.586944"><ele>72.354698</ele><time>2021-01-19T21:39:11Z</time><extensions><speed>0.105583</speed><course>20.184132</course><hAcc>0.921338</hAcc><vAcc>0.650639</vAcc></extensions></trkpt>
      <trkpt lon="-123.264578" lat="44.586945"><ele>72.315269</ele><time>2021-01-19T21:39:12Z</time><extensions><speed>0.106258</speed><course>346.263916</course><hAcc>0.921216</hAcc><vAcc>0.650549</vAcc></extensions></trkpt>
      <trkpt lon="-123.264578" lat="44.586946"><ele>72.270096</ele><time>2021-01-19T21:39:13Z</time><extensions><speed>0.104019</speed><course>338.211090</course><hAcc>0.921138</hAcc><vAcc>0.650487</vAcc></extensions></trkpt>
      <trkpt lon="-123.264578" lat="44.586947"><ele>72.221016</ele><time>2021-01-19T21:39:14Z</time><extensions><speed>0.101723</speed><course>336.133270</course><hAcc>0.921105</hAcc><vAcc>0.650454</vAcc></extensions></trkpt>
      <trkpt lon="-123.264577" lat="44.586947"><ele>72.170227</ele><time>2021-01-19T21:39:15Z</time><extensions><speed>0.102972</speed><course>336.384949</course><hAcc>0.921132</hAcc><vAcc>0.650460</vAcc></extensions></trkpt>
      <trkpt lon="-123.264576" lat="44.586948"><ele>72.120110</ele><time>2021-01-19T21:39:16Z</time><extensions><speed>0.109125</speed><course>336.051086</course><hAcc>0.921244</hAcc><vAcc>0.650522</vAcc></extensions></trkpt>
      <trkpt lon="-123.264575" lat="44.586949"><ele>72.072823</ele><time>2021-01-19T21:39:17Z</time><extensions><speed>0.118423</speed><course>17.492363</course><hAcc>0.921480</hAcc><vAcc>0.650666</vAcc></extensions></trkpt>
      <trkpt lon="-123.264574" lat="44.586949"><ele>72.029816</ele><time>2021-01-19T21:39:18Z</time><extensions><speed>0.127881</speed><course>26.748564</course><hAcc>0.921890</hAcc><vAcc>0.650924</vAcc></extensions></trkpt>
      <trkpt lon="-123.264572" lat="44.586950"><ele>71.991859</ele><time>2021-01-19T21:39:19Z</time><extensions><speed>0.135681</speed><course>25.664934</course><hAcc>0.922534</hAcc><vAcc>0.651334</vAcc></extensions></trkpt>
      <trkpt lon="-123.264570" lat="44.586950"><ele>71.959160</ele><time>2021-01-19T21:39:20Z</time><extensions><speed>0.141518</speed><course>22.014688</course><hAcc>0.923476</hAcc><vAcc>0.651938</vAcc></extensions></trkpt>
      <trkpt lon="-123.264569" lat="44.586950"><ele>71.931381</ele><time>2021-01-19T21:39:21Z</time><extensions><speed>0.145672</speed><course>26.135458</course><hAcc>0.924778</hAcc><vAcc>0.652777</vAcc></extensions></trkpt>
      <trkpt lon="-123.264567" lat="44.586951"><ele>71.907471</ele><time>2021-01-19T21:39:22Z</time><extensions><speed>0.148614</speed><course>36.497326</course><hAcc>0.926489</hAcc><vAcc>0.653881</vAcc></extensions></trkpt>
      <trkpt lon="-123.264565" lat="44.586951"><ele>71.886208</ele><time>2021-01-19T21:39:23Z</time><extensions><speed>0.150824</speed><course>39.491074</course><hAcc>0.928624</hAcc><vAcc>0.655262</vAcc></extensions></trkpt>
      <trkpt lon="-123.264563" lat="44.586951"><ele>71.867134</ele><time>2021-01-19T21:39:24Z</time><extensions><speed>0.152787</speed><course>34.162941</course><hAcc>0.931151</hAcc><vAcc>0.656896</vAcc></extensions></trkpt>
      <trkpt lon="-123.264561" lat="44.586951"><ele>71.850517</ele><time>2021-01-19T21:39:25Z</time><extensions><speed>0.154589</speed><course>359.368774</course><hAcc>0.933961</hAcc><vAcc>0.658716</vAcc></extensions></trkpt>
      <trkpt lon="-123.264559" lat="44.586951"><ele>71.836815</ele><time>2021-01-19T21:39:26Z</time><extensions><speed>0.155859</speed><course>356.570099</course><hAcc>0.936854</hAcc><vAcc>0.660590</vAcc></extensions></trkpt>
      <trkpt lon="-123.264557" lat="44.586951"><ele>71.826729</ele><time>2021-01-19T21:39:27Z</time><extensions><speed>0.156664</speed><course>351.180481</course><hAcc>0.939522</hAcc><vAcc>0.662320</vAcc></extensions></trkpt>
      <trkpt lon="-123.264555" lat="44.586951"><ele>71.821007</ele><time>2021-01-19T21:39:28Z</time><extensions><speed>0.157811</speed><course>2.362148</course><hAcc>0.941559</hAcc><vAcc>0.663640</vAcc></extensions></trkpt>
      <trkpt lon="-123.264553" lat="44.586951"><ele>71.820053</ele><time>2021-01-19T21:39:29Z</time><extensions><speed>0.160254</speed><course>3.659442</course><hAcc>0.942628</hAcc><vAcc>0.664332</vAcc></extensions></trkpt>
      <trkpt lon="-123.264551" lat="44.586951"><ele>71.823517</ele><time>2021-01-19T21:39:30Z</time><extensions><speed>0.164679</speed><course>13.500209</course><hAcc>0.942638</hAcc><vAcc>0.664338</vAcc></extensions></trkpt>
      <trkpt lon="-123.264549" lat="44.586950"><ele>71.830421</ele><time>2021-01-19T21:39:31Z</time><extensions><speed>0.171245</speed><course>25.415602</course><hAcc>0.941584</hAcc><vAcc>0.663654</vAcc></extensions></trkpt>
      <trkpt lon="-123.264547" lat="44.586950"><ele>71.839760</ele><time>2021-01-19T21:39:32Z</time><extensions><speed>0.179576</speed><course>81.235893</course><hAcc>0.939542</hAcc><vAcc>0.662331</vAcc></extensions></trkpt>
      <trkpt lon="-123.264546" lat="44.586949"><ele>71.850792</ele><time>2021-01-19T21:39:33Z</time><extensions><speed>0.188583</speed><course>93.596558</course><hAcc>0.936826</hAcc><vAcc>0.660573</vAcc></extensions></trkpt>
      <trkpt lon="-123.264544" lat="44.586947"><ele>71.863007</ele><time>2021-01-19T21:39:34Z</time><extensions><speed>0.197111</speed><course>83.110382</course><hAcc>0.933806</hAcc><vAcc>0.658624</vAcc></extensions></trkpt>
      <trkpt lon="-123.264543" lat="44.586946"><ele>71.876183</ele><time>2021-01-19T21:39:35Z</time><extensions><speed>0.204586</speed><course>83.623711</course><hAcc>0.930729</hAcc><vAcc>0.656649</vAcc></extensions></trkpt>
      <trkpt lon="-123.264542" lat="44.586944"><ele>71.890373</ele><time>2021-01-19T21:39:36Z</time><extensions><speed>0.210336</speed><course>84.893524</course><hAcc>0.927712</hAcc><vAcc>0.654728</vAcc></extensions></trkpt>
      <trkpt lon="-123.264541" lat="44.586942"><ele>71.905716</ele><time>2021-01-19T21:39:37Z</time><extensions><speed>0.213645</speed><course>101.322388</course><hAcc>0.924747</hAcc><vAcc>0.652863</vAcc></extensions></trkpt>
      <trkpt lon="-123.264540" lat="44.586940"><ele>71.922264</ele><time>2021-01-19T21:39:38Z</time><extensions><speed>0.213737</speed><course>103.006592</course><hAcc>0.921720</hAcc><vAcc>0.650991</vAcc></extensions></trkpt>
      <trkpt lon="-123.264540" lat="44.586938"><ele>71.939796</ele><time>2021-01-19T21:39:39Z</time><extensions><speed>0.209831</speed><course>104.989769</course><hAcc>0.918438</hAcc><vAcc>0.648997</vAcc></extensions></trkpt>
      <trkpt lon="-123.264540" lat="44.586937"><ele>71.957710</ele><time>2021-01-19T21:39:40Z</time><extensions><speed>0.201886</speed><course>105.523544</course><hAcc>0.914656</hAcc><vAcc>0.646735</vAcc></extensions></trkpt>
      <trkpt lon="-123.264540" lat="44.586935"><ele>71.974922</ele><time>2021-01-19T21:39:41Z</time><extensions><speed>0.190672</speed><course>101.683151</course><hAcc>0.910111</hAcc><vAcc>0.644048</vAcc></extensions></trkpt>
      <trkpt lon="-123.264540" lat="44.586933"><ele>71.990051</ele><time>2021-01-19T21:39:42Z</time><extensions><speed>0.177251</speed><course>99.259842</course><hAcc>0.904562</hAcc><vAcc>0.640794</vAcc></extensions></trkpt>
      <trkpt lon="-123.264540" lat="44.586932"><ele>72.001869</ele><time>2021-01-19T21:39:43Z</time><extensions><speed>0.162806</speed><course>92.993484</course><hAcc>0.897843</hAcc><vAcc>0.636874</vAcc></extensions></trkpt>
      <trkpt lon="-123.264540" lat="44.586930"><ele>72.009506</ele><time>2021-01-19T21:39:44Z</time><extensions><speed>0.148780</speed><course>85.478088</course><hAcc>0.889921</hAcc><vAcc>0.632267</vAcc></extensions></trkpt>
      <trkpt lon="-123.264540" lat="44.586929"><ele>72.012497</ele><time>2021-01-19T21:39:45Z</time><extensions><speed>0.136977</speed><course>79.351341</course><hAcc>0.880967</hAcc><vAcc>0.627074</vAcc></extensions></trkpt>
      <trkpt lon="-123.264539" lat="44.586928"><ele>72.010765</ele><time>2021-01-19T21:39:46Z</time><extensions><speed>0.129489</speed><course>55.511490</course><hAcc>0.871428</hAcc><vAcc>0.621556</vAcc></extensions></trkpt>
      <trkpt lon="-123.264539" lat="44.586927"><ele>72.004547</ele><time>2021-01-19T21:39:47Z</time><extensions><speed>0.128180</speed><course>47.085369</course><hAcc>0.862081</hAcc><vAcc>0.616162</vAcc></extensions></trkpt>
      <trkpt lon="-123.264538" lat="44.586926"><ele>71.994385</ele><time>2021-01-19T21:39:48Z</time><extensions><speed>0.133750</speed><course>70.655243</course><hAcc>0.854037</hAcc><vAcc>0.611531</vAcc></extensions></trkpt>
      <trkpt lon="-123.264536" lat="44.586925"><ele>71.981125</ele><time>2021-01-19T21:39:49Z</time><extensions><speed>0.144918</speed><course>100.207962</course><hAcc>0.848394</hAcc><vAcc>0.608290</vAcc></extensions></trkpt>
      <trkpt lon="-123.264535" lat="44.586924"><ele>71.965874</ele><time>2021-01-19T21:39:50Z</time><extensions><speed>0.159018</speed><course>180.081177</course><hAcc>0.845579</hAcc><vAcc>0.606672</vAcc></extensions></trkpt>
      <trkpt lon="-123.264533" lat="44.586924"><ele>71.949852</ele><time>2021-01-19T21:39:51Z</time><extensions><speed>0.172803</speed><course>160.184937</course><hAcc>0.845023</hAcc><vAcc>0.606327</vAcc></extensions></trkpt>
      <trkpt lon="-123.264531" lat="44.586923"><ele>71.934135</ele><time>2021-01-19T21:39:52Z</time><extensions><speed>0.183783</speed><course>351.251984</course><hAcc>0.845244</hAcc><vAcc>0.606373</vAcc></extensions></trkpt>
      <trkpt lon="-123.264528" lat="44.586923"><ele>71.919662</ele><time>2021-01-19T21:39:53Z</time><extensions><speed>0.190964</speed><course>348.130127</course><hAcc>0.844442</hAcc><vAcc>0.605753</vAcc></extensions></trkpt>
      <trkpt lon="-123.264526" lat="44.586923"><ele>71.907059</ele><time>2021-01-19T21:39:54Z</time><extensions><speed>0.194254</speed><course>341.645813</course><hAcc>0.841395</hAcc><vAcc>0.603765</vAcc></extensions></trkpt>
      <trkpt lon="-123.264523" lat="44.586923"><ele>71.896301</ele><time>2021-01-19T21:39:55Z</time><extensions><speed>0.193566</speed><course>334.538452</course><hAcc>0.835716</hAcc><vAcc>0.600208</vAcc></extensions></trkpt>
      <trkpt lon="-123.264521" lat="44.586923"><ele>71.886757</ele><time>2021-01-19T21:39:56Z</time><extensions><speed>0.187819</speed><course>340.424896</course><hAcc>0.827769</hAcc><vAcc>0.595315</vAcc></extensions></trkpt>
      <trkpt lon="-123.264519" lat="44.586923"><ele>71.877205</ele><time>2021-01-19T21:39:57Z</time><extensions><speed>0.175210</speed><course>82.171257</course><hAcc>0.818663</hAcc><vAcc>0.589754</vAcc></extensions></trkpt>
      <trkpt lon="-123.264517" lat="44.586923"><ele>71.866310</ele><time>2021-01-19T21:39:58Z</time><extensions><speed>0.152832</speed><course>114.042061</course><hAcc>0.809939</hAcc><vAcc>0.584441</vAcc></extensions></trkpt>
      <trkpt lon="-123.264515" lat="44.586923"><ele>71.853287</ele><time>2021-01-19T21:39:59Z</time><extensions><speed>0.119163</speed><course>115.744438</course><hAcc>0.802965</hAcc><vAcc>0.580187</vAcc></extensions></trkpt>
      <trkpt lon="-123.264514" lat="44.586923"><ele>71.838173</ele><time>2021-01-19T21:40:00Z</time><extensions><speed>0.075834</speed><course>119.465721</course><hAcc>0.798615</hAcc><vAcc>0.577509</vAcc></extensions></trkpt>
      <trkpt lon="-123.264513" lat="44.586923"><ele>71.821739</ele><time>2021-01-19T21:40:01Z</time><extensions><speed>0.025472</speed><course>132.943588</course><hAcc>0.797247</hAcc><vAcc>0.576618</vAcc></extensions></trkpt>
      <trkpt lon="-123.264513" lat="44.586923"><ele>71.805313</ele><time>2021-01-19T21:40:02Z</time><extensions><speed>0.030133</speed><course>133.407990</course><hAcc>0.798720</hAcc><vAcc>0.577427</vAcc></extensions></trkpt>
      <trkpt lon="-123.264514" lat="44.586922"><ele>71.790367</ele><time>2021-01-19T21:40:03Z</time><extensions><speed>0.084251</speed><course>138.771118</course><hAcc>0.802414</hAcc><vAcc>0.579568</vAcc></extensions></trkpt>
      <trkpt lon="-123.264515" lat="44.586922"><ele>71.778069</ele><time>2021-01-19T21:40:04Z</time><extensions><speed>0.131898</speed><course>161.907135</course><hAcc>0.807260</hAcc><vAcc>0.582402</vAcc></extensions></trkpt>
      <trkpt lon="-123.264517" lat="44.586922"><ele>71.769104</ele><time>2021-01-19T21:40:05Z</time><extensions><speed>0.168677</speed><course>171.485413</course><hAcc>0.811795</hAcc><vAcc>0.585063</vAcc></extensions></trkpt>
      <trkpt lon="-123.264519" lat="44.586922"><ele>71.763969</ele><time>2021-01-19T21:40:06Z</time><extensions><speed>0.193459</speed><course>161.211258</course><hAcc>0.814510</hAcc><vAcc>0.586657</vAcc></extensions></trkpt>
      <trkpt lon="-123.264522" lat="44.586922"><ele>71.763313</ele><time>2021-01-19T21:40:07Z</time><extensions><speed>0.207548</speed><course>157.399338</course><hAcc>0.814482</hAcc><vAcc>0.586636</vAcc></extensions></trkpt>
      <trkpt lon="-123.264525" lat="44.586922"><ele>71.767731</ele><time>2021-01-19T21:40:08Z</time><extensions><speed>0.213480</speed><course>111.266724</course><hAcc>0.811686</hAcc><vAcc>0.584983</vAcc></extensions></trkpt>
      <trkpt lon="-123.264527" lat="44.586922"><ele>71.777473</ele><time>2021-01-19T21:40:09Z</time><extensions><speed>0.213048</speed><course>114.521797</course><hAcc>0.806997</hAcc><vAcc>0.582214</vAcc></extensions></trkpt>
      <trkpt lon="-123.264530" lat="44.586922"><ele>71.792152</ele><time>2021-01-19T21:40:10Z</time><extensions><speed>0.206637</speed><course>120.665840</course><hAcc>0.801857</hAcc><vAcc>0.579178</vAcc></extensions></trkpt>
      <trkpt lon="-123.264532" lat="44.586922"><ele>71.810684</ele><time>2021-01-19T21:40:11Z</time><extensions><speed>0.193281</speed><course>122.384125</course><hAcc>0.797639</hAcc><vAcc>0.576686</vAcc></extensions></trkpt>
      <trkpt lon="-123.264535" lat="44.586921"><ele>71.831314</ele><time>2021-01-19T21:40:12Z</time><extensions><speed>0.172145</speed><course>119.166901</course><hAcc>0.795297</hAcc><vAcc>0.575303</vAcc></extensions></trkpt>
      <trkpt lon="-123.264537" lat="44.586921"><ele>71.852028</ele><time>2021-01-19T21:40:13Z</time><extensions><speed>0.142437</speed><course>117.395050</course><hAcc>0.795314</hAcc><vAcc>0.575314</vAcc></extensions></trkpt>
      <trkpt lon="-123.264538" lat="44.586921"><ele>71.871094</ele><time>2021-01-19T21:40:14Z</time><extensions><speed>0.102645</speed><course>170.837555</course><hAcc>0.797684</hAcc><vAcc>0.576714</vAcc></extensions></trkpt>
      <trkpt lon="-123.264539" lat="44.586921"><ele>71.887352</ele><time>2021-01-19T21:40:15Z</time><extensions><speed>0.053481</speed><course>213.694595</course><hAcc>0.801907</hAcc><vAcc>0.579205</vAcc></extensions></trkpt>
      <trkpt lon="-123.264539" lat="44.586921"><ele>71.900291</ele><time>2021-01-19T21:40:16Z</time><extensions><speed>0.009403</speed><course>159.844162</course><hAcc>0.807001</hAcc><vAcc>0.582204</vAcc></extensions></trkpt>
      <trkpt lon="-123.264539" lat="44.586921"><ele>71.910027</ele><time>2021-01-19T21:40:17Z</time><extensions><speed>0.060530</speed><course>151.264786</course><hAcc>0.811550</hAcc><vAcc>0.584871</vAcc></extensions></trkpt>
      <trkpt lon="-123.264538" lat="44.586921"><ele>71.917221</ele><time>2021-01-19T21:40:18Z</time><extensions><speed>0.113562</speed><course>127.341286</course><hAcc>0.814047</hAcc><vAcc>0.586313</vAcc></extensions></trkpt>
      <trkpt lon="-123.264536" lat="44.586921"><ele>71.922821</ele><time>2021-01-19T21:40:19Z</time><extensions><speed>0.160039</speed><course>96.295044</course><hAcc>0.813517</hAcc><vAcc>0.585953</vAcc></extensions></trkpt>
      <trkpt lon="-123.264534" lat="44.586922"><ele>71.927780</ele><time>2021-01-19T21:40:20Z</time><extensions><speed>0.197412</speed><course>61.144066</course><hAcc>0.809847</hAcc><vAcc>0.583720</vAcc></extensions></trkpt>
      <trkpt lon="-123.264531" lat="44.586922"><ele>71.933006</ele><time>2021-01-19T21:40:21Z</time><extensions><speed>0.224507</speed><course>58.255577</course><hAcc>0.803785</hAcc><vAcc>0.580059</vAcc></extensions></trkpt>
      <trkpt lon="-123.264529" lat="44.586923"><ele>71.939049</ele><time>2021-01-19T21:40:22Z</time><extensions><speed>0.242066</speed><course>59.276054</course><hAcc>0.796631</hAcc><vAcc>0.575740</vAcc></extensions></trkpt>
      <trkpt lon="-123.264526" lat="44.586923"><ele>71.945747</ele><time>2021-01-19T21:40:23Z</time><extensions><speed>0.250825</speed><course>62.162910</course><hAcc>0.789644</hAcc><vAcc>0.571514</vAcc></extensions></trkpt>
      <trkpt lon="-123.264523" lat="44.586923"><ele>71.952522</ele><time>2021-01-19T21:40:24Z</time><extensions><speed>0.249924</speed><course>107.744118</course><hAcc>0.783744</hAcc><vAcc>0.567939</vAcc></extensions></trkpt>
      <trkpt lon="-123.264519" lat="44.586924"><ele>71.958801</ele><time>2021-01-19T21:40:25Z</time><extensions><speed>0.238669</speed><course>68.309509</course><hAcc>0.779537</hAcc><vAcc>0.565384</vAcc></extensions></trkpt>
      <trkpt lon="-123.264517" lat="44.586924"><ele>71.964149</ele><time>2021-01-19T21:40:26Z</time><extensions><speed>0.218671</speed><course>56.437046</course><hAcc>0.777369</hAcc><vAcc>0.564065</vAcc></extensions></trkpt>
      <trkpt lon="-123.264514" lat="44.586924"><ele>71.968163</ele><time>2021-01-19T21:40:27Z</time><extensions><speed>0.192492</speed><course>91.176880</course><hAcc>0.777395</hAcc><vAcc>0.564081</vAcc></extensions></trkpt>
      <trkpt lon="-123.264512" lat="44.586924"><ele>71.970459</ele><time>2021-01-19T21:40:28Z</time><extensions><speed>0.163132</speed><course>76.089302</course><hAcc>0.779613</hAcc><vAcc>0.565429</vAcc></extensions></trkpt>
      <trkpt lon="-123.264510" lat="44.586923"><ele>71.970482</ele><time>2021-01-19T21:40:29Z</time><extensions><speed>0.136942</speed><course>68.919807</course><hAcc>0.783865</hAcc><vAcc>0.568010</vAcc></extensions></trkpt>
      <trkpt lon="-123.264509" lat="44.586923"><ele>71.967583</ele><time>2021-01-19T21:40:30Z</time><extensions><speed>0.122043</speed><course>87.268463</course><hAcc>0.789798</hAcc><vAcc>0.571604</vAcc></extensions></trkpt>
      <trkpt lon="-123.264508" lat="44.586922"><ele>71.961372</ele><time>2021-01-19T21:40:31Z</time><extensions><speed>0.120786</speed><course>186.345673</course><hAcc>0.796805</hAcc><vAcc>0.575839</vAcc></extensions></trkpt>
      <trkpt lon="-123.264507" lat="44.586921"><ele>71.951874</ele><time>2021-01-19T21:40:32Z</time><extensions><speed>0.126253</speed><course>189.990967</course><hAcc>0.803959</hAcc><vAcc>0.580156</vAcc></extensions></trkpt>
      <trkpt lon="-123.264507" lat="44.586920"><ele>71.939522</ele><time>2021-01-19T21:40:33Z</time><extensions><speed>0.130443</speed><course>222.607101</course><hAcc>0.810000</hAcc><vAcc>0.583803</vAcc></extensions></trkpt>
      <trkpt lon="-123.264507" lat="44.586918"><ele>71.925209</ele><time>2021-01-19T21:40:34Z</time><extensions><speed>0.130602</speed><course>226.421860</course><hAcc>0.813632</hAcc><vAcc>0.586012</vAcc></extensions></trkpt>
      <trkpt lon="-123.264508" lat="44.586917"><ele>71.909920</ele><time>2021-01-19T21:40:35Z</time><extensions><speed>0.128206</speed><course>226.003006</course><hAcc>0.814122</hAcc><vAcc>0.586353</vAcc></extensions></trkpt>
      <trkpt lon="-123.264509" lat="44.586916"><ele>71.894478</ele><time>2021-01-19T21:40:36Z</time><extensions><speed>0.126348</speed><course>233.856277</course><hAcc>0.811625</hAcc><vAcc>0.584922</vAcc></extensions></trkpt>
      <trkpt lon="-123.264510" lat="44.586916"><ele>71.879494</ele><time>2021-01-19T21:40:37Z</time><extensions><speed>0.128597</speed><course>231.557098</course><hAcc>0.807187</hAcc><vAcc>0.582340</vAcc></extensions></trkpt>
      <trkpt lon="-123.264512" lat="44.586915"><ele>71.865410</ele><time>2021-01-19T21:40:38Z</time><extensions><speed>0.139213</speed><course>219.802612</course><hAcc>0.802438</hAcc><vAcc>0.579578</vAcc></extensions></trkpt>
      <trkpt lon="-123.264513" lat="44.586915"><ele>71.852676</ele><time>2021-01-19T21:40:39Z</time><extensions><speed>0.160309</speed><course>224.687073</course><hAcc>0.798979</hAcc><vAcc>0.577583</vAcc></extensions></trkpt>
      <trkpt lon="-123.264516" lat="44.586915"><ele>71.841690</ele><time>2021-01-19T21:40:40Z</time><extensions><speed>0.189385</speed><course>237.362518</course><hAcc>0.798042</hAcc><vAcc>0.577088</vAcc></extensions></trkpt>
      <trkpt lon="-123.264518" lat="44.586915"><ele>71.832588</ele><time>2021-01-19T21:40:41Z</time><extensions><speed>0.221229</speed><course>255.856537</course><hAcc>0.800438</hAcc><vAcc>0.578572</vAcc></extensions></trkpt>
      <trkpt lon="-123.264521" lat="44.586915"><ele>71.825409</ele><time>2021-01-19T21:40:42Z</time><extensions><speed>0.249440</speed><course>255.154312</course><hAcc>0.806517</hAcc><vAcc>0.582237</vAcc></extensions></trkpt>
      <trkpt lon="-123.264524" lat="44.586916"><ele>71.820251</ele><time>2021-01-19T21:40:43Z</time><extensions><speed>0.268543</speed><course>270.481476</course><hAcc>0.816122</hAcc><vAcc>0.587988</vAcc></extensions></trkpt>
      <trkpt lon="-123.264528" lat="44.586916"><ele>71.817177</ele><time>2021-01-19T21:40:44Z</time><extensions><speed>0.276491</speed><course>299.376282</course><hAcc>0.828546</hAcc><vAcc>0.595402</vAcc></extensions></trkpt>
      <trkpt lon="-123.264531" lat="44.586917"><ele>71.816193</ele><time>2021-01-19T21:40:45Z</time><extensions><speed>0.275177</speed><course>300.854462</course><hAcc>0.842495</hAcc><vAcc>0.603716</vAcc></extensions></trkpt>
      <trkpt lon="-123.264534" lat="44.586917"><ele>71.817444</ele><time>2021-01-19T21:40:46Z</time><extensions><speed>0.267067</speed><course>310.866730</course><hAcc>0.856361</hAcc><vAcc>0.611980</vAcc></extensions></trkpt>
      <trkpt lon="-123.264538" lat="44.586918"><ele>71.821259</ele><time>2021-01-19T21:40:47Z</time><extensions><speed>0.253146</speed><course>316.350983</course><hAcc>0.868766</hAcc><vAcc>0.619377</vAcc></extensions></trkpt>
      <trkpt lon="-123.264541" lat="44.586918"><ele>71.827980</ele><time>2021-01-19T21:40:48Z</time><extensions><speed>0.233369</speed><course>289.301910</course><hAcc>0.878792</hAcc><vAcc>0.625364</vAcc></extensions></trkpt>
      <trkpt lon="-123.264543" lat="44.586918"><ele>71.837563</ele><time>2021-01-19T21:40:49Z</time><extensions><speed>0.207038</speed><course>273.901917</course><hAcc>0.885907</hAcc><vAcc>0.629623</vAcc></extensions></trkpt>
      <trkpt lon="-123.264546" lat="44.586918"><ele>71.849602</ele><time>2021-01-19T21:40:50Z</time><extensions><speed>0.174181</speed><course>224.563278</course><hAcc>0.889851</hAcc><vAcc>0.632000</vAcc></extensions></trkpt>
      <trkpt lon="-123.264548" lat="44.586918"><ele>71.863564</ele><time>2021-01-19T21:40:51Z</time><extensions><speed>0.136363</speed><course>198.650375</course><hAcc>0.890590</hAcc><vAcc>0.632474</vAcc></extensions></trkpt>
      <trkpt lon="-123.264549" lat="44.586918"><ele>71.878906</ele><time>2021-01-19T21:40:52Z</time><extensions><speed>0.098071</speed><course>175.713699</course><hAcc>0.888294</hAcc><vAcc>0.631154</vAcc></extensions></trkpt>
      <trkpt lon="-123.264550" lat="44.586919"><ele>71.895164</ele><time>2021-01-19T21:40:53Z</time><extensions><speed>0.070172</speed><course>158.282288</course><hAcc>0.883288</hAcc><vAcc>0.628234</vAcc></extensions></trkpt>
      <trkpt lon="-123.264551" lat="44.586919"><ele>71.912041</ele><time>2021-01-19T21:40:54Z</time><extensions><speed>0.068892</speed><course>148.572021</course><hAcc>0.876108</hAcc><vAcc>0.624036</vAcc></extensions></trkpt>
      <trkpt lon="-123.264551" lat="44.586920"><ele>71.929520</ele><time>2021-01-19T21:40:55Z</time><extensions><speed>0.089009</speed><course>114.395020</course><hAcc>0.867565</hAcc><vAcc>0.619041</vAcc></extensions></trkpt>
      <trkpt lon="-123.264550" lat="44.586921"><ele>71.947762</ele><time>2021-01-19T21:40:56Z</time><extensions><speed>0.111509</speed><course>114.533447</course><hAcc>0.858805</hAcc><vAcc>0.613921</vAcc></extensions></trkpt>
      <trkpt lon="-123.264550" lat="44.586922"><ele>71.966888</ele><time>2021-01-19T21:40:57Z</time><extensions><speed>0.128071</speed><course>74.243073</course><hAcc>0.851318</hAcc><vAcc>0.609546</vAcc></extensions></trkpt>
      <trkpt lon="-123.264549" lat="44.586923"><ele>71.986732</ele><time>2021-01-19T21:40:58Z</time><extensions><speed>0.136190</speed><course>70.102676</course><hAcc>0.846604</hAcc><vAcc>0.606785</vAcc></extensions></trkpt>
      <trkpt lon="-123.264549" lat="44.586924"><ele>72.006729</ele><time>2021-01-19T21:40:59Z</time><extensions><speed>0.135233</speed><course>29.157429</course><hAcc>0.845505</hAcc><vAcc>0.606127</vAcc></extensions></trkpt>
      <trkpt lon="-123.264548" lat="44.586925"><ele>72.026062</ele><time>2021-01-19T21:41:00Z</time><extensions><speed>0.126445</speed><course>22.900002</course><hAcc>0.847844</hAcc><vAcc>0.607466</vAcc></extensions></trkpt>
      <trkpt lon="-123.264548" lat="44.586926"><ele>72.043892</ele><time>2021-01-19T21:41:01Z</time><extensions><speed>0.111603</speed><course>26.413395</course><hAcc>0.852443</hAcc><vAcc>0.610115</vAcc></extensions></trkpt>
      <trkpt lon="-123.264548" lat="44.586927"><ele>72.059601</ele><time>2021-01-19T21:41:02Z</time><extensions><speed>0.092044</speed><course>36.094204</course><hAcc>0.857510</hAcc><vAcc>0.613029</vAcc></extensions></trkpt>
      <trkpt lon="-123.264548" lat="44.586928"><ele>72.072929</ele><time>2021-01-19T21:41:03Z</time><extensions><speed>0.070016</speed><course>58.201183</course><hAcc>0.861341</hAcc><vAcc>0.615209</vAcc></extensions></trkpt>
      <trkpt lon="-123.264548" lat="44.586928"><ele>72.083939</ele><time>2021-01-19T21:41:04Z</time><extensions><speed>0.054046</speed><course>36.681454</course><hAcc>0.862679</hAcc><vAcc>0.615909</vAcc></extensions></trkpt>
      <trkpt lon="-123.264549" lat="44.586928"><ele>72.092903</ele><time>2021-01-19T21:41:05Z</time><extensions><speed>0.062753</speed><course>24.806076</course><hAcc>0.860746</hAcc><vAcc>0.614669</vAcc></extensions></trkpt>
      <trkpt lon="-123.264550" lat="44.586928"><ele>72.100159</ele><time>2021-01-19T21:41:06Z</time><extensions><speed>0.093446</speed><course>24.848604</course><hAcc>0.855246</hAcc><vAcc>0.611306</vAcc></extensions></trkpt>
      <trkpt lon="-123.264551" lat="44.586928"><ele>72.106071</ele><time>2021-01-19T21:41:07Z</time><extensions><speed>0.129130</speed><course>321.855042</course><hAcc>0.846366</hAcc><vAcc>0.605927</vAcc></extensions></trkpt>
      <trkpt lon="-123.264552" lat="44.586927"><ele>72.111031</ele><time>2021-01-19T21:41:08Z</time><extensions><speed>0.160461</speed><course>311.773346</course><hAcc>0.834801</hAcc><vAcc>0.598941</vAcc></extensions></trkpt>
      <trkpt lon="-123.264553" lat="44.586926"><ele>72.115448</ele><time>2021-01-19T21:41:09Z</time><extensions><speed>0.182799</speed><course>234.342697</course><hAcc>0.821776</hAcc><vAcc>0.591072</vAcc></extensions></trkpt>
      <trkpt lon="-123.264554" lat="44.586924"><ele>72.119690</ele><time>2021-01-19T21:41:10Z</time><extensions><speed>0.194582</speed><course>197.948227</course><hAcc>0.808788</hAcc><vAcc>0.583206</vAcc></extensions></trkpt>
      <trkpt lon="-123.264555" lat="44.586922"><ele>72.123795</ele><time>2021-01-19T21:41:11Z</time><extensions><speed>0.197641</speed><course>180.582977</course><hAcc>0.797070</hAcc><vAcc>0.576080</vAcc></extensions></trkpt>
      <trkpt lon="-123.264555" lat="44.586921"><ele>72.127434</ele><time>2021-01-19T21:41:12Z</time><extensions><speed>0.198037</speed><course>181.310913</course><hAcc>0.787363</hAcc><vAcc>0.570148</vAcc></extensions></trkpt>
      <trkpt lon="-123.264554" lat="44.586919"><ele>72.130112</ele><time>2021-01-19T21:41:13Z</time><extensions><speed>0.203624</speed><course>181.190872</course><hAcc>0.780018</hAcc><vAcc>0.565635</vAcc></extensions></trkpt>
      <trkpt lon="-123.264553" lat="44.586917"><ele>72.131248</ele><time>2021-01-19T21:41:14Z</time><extensions><speed>0.219957</speed><course>169.110062</course><hAcc>0.775130</hAcc><vAcc>0.562618</vAcc></extensions></trkpt>
      <trkpt lon="-123.264551" lat="44.586916"><ele>72.130249</ele><time>2021-01-19T21:41:15Z</time><extensions><speed>0.245905</speed><course>126.639259</course><hAcc>0.772681</hAcc><vAcc>0.561103</vAcc></extensions></trkpt>
      <trkpt lon="-123.264548" lat="44.586915"><ele>72.126610</ele><time>2021-01-19T21:41:16Z</time><extensions><speed>0.273701</speed><course>154.902863</course><hAcc>0.772653</hAcc><vAcc>0.561088</vAcc></extensions></trkpt>
      <trkpt lon="-123.264545" lat="44.586914"><ele>72.119827</ele><time>2021-01-19T21:41:17Z</time><extensions><speed>0.295453</speed><course>153.498138</course><hAcc>0.775083</hAcc><vAcc>0.562596</vAcc></extensions></trkpt>
      <trkpt lon="-123.264541" lat="44.586913"><ele>72.109489</ele><time>2021-01-19T21:41:18Z</time><extensions><speed>0.305486</speed><course>125.483459</course><hAcc>0.780074</hAcc><vAcc>0.565678</vAcc></extensions></trkpt>
      <trkpt lon="-123.264537" lat="44.586913"><ele>72.095421</ele><time>2021-01-19T21:41:19Z</time><extensions><speed>0.299762</speed><course>91.293556</course><hAcc>0.787738</hAcc><vAcc>0.570386</vAcc></extensions></trkpt>
      <trkpt lon="-123.264533" lat="44.586914"><ele>72.077957</ele><time>2021-01-19T21:41:20Z</time><extensions><speed>0.277994</speed><course>99.762383</course><hAcc>0.798094</hAcc><vAcc>0.576708</vAcc></extensions></trkpt>
      <trkpt lon="-123.264530" lat="44.586914"><ele>72.058083</ele><time>2021-01-19T21:41:21Z</time><extensions><speed>0.244750</speed><course>120.216141</course><hAcc>0.810921</hAcc><vAcc>0.584495</vAcc></extensions></trkpt>
      <trkpt lon="-123.264528" lat="44.586915"><ele>72.036942</ele><time>2021-01-19T21:41:22Z</time><extensions><speed>0.207728</speed><course>129.939133</course><hAcc>0.825609</hAcc><vAcc>0.593368</vAcc></extensions></trkpt>
      <trkpt lon="-123.264526" lat="44.586916"><ele>72.015114</ele><time>2021-01-19T21:41:23Z</time><extensions><speed>0.175564</speed><course>134.991196</course><hAcc>0.841044</hAcc><vAcc>0.602661</vAcc></extensions></trkpt>
      <trkpt lon="-123.264525" lat="44.586918"><ele>71.992699</ele><time>2021-01-19T21:41:24Z</time><extensions><speed>0.156598</speed><course>165.505371</course><hAcc>0.855805</hAcc><vAcc>0.611530</vAcc></extensions></trkpt>
      <trkpt lon="-123.264524" lat="44.586919"><ele>71.969757</ele><time>2021-01-19T21:41:25Z</time><extensions><speed>0.157723</speed><course>163.352997</course><hAcc>0.868669</hAcc><vAcc>0.619250</vAcc></extensions></trkpt>
      <trkpt lon="-123.264525" lat="44.586920"><ele>71.946388</ele><time>2021-01-19T21:41:26Z</time><extensions><speed>0.178414</speed><course>163.005447</course><hAcc>0.878823</hAcc><vAcc>0.625339</vAcc></extensions></trkpt>
      <trkpt lon="-123.264526" lat="44.586922"><ele>71.922737</ele><time>2021-01-19T21:41:27Z</time><extensions><speed>0.209788</speed><course>163.973526</course><hAcc>0.885779</hAcc><vAcc>0.629509</vAcc></extensions></trkpt>
      <trkpt lon="-123.264528" lat="44.586924"><ele>71.899178</ele><time>2021-01-19T21:41:28Z</time><extensions><speed>0.242748</speed><course>186.175140</course><hAcc>0.889281</hAcc><vAcc>0.631607</vAcc></extensions></trkpt>
      <trkpt lon="-123.264530" lat="44.586925"><ele>71.876602</ele><time>2021-01-19T21:41:29Z</time><extensions><speed>0.271874</speed><course>237.135208</course><hAcc>0.889229</hAcc><vAcc>0.631578</vAcc></extensions></trkpt>
      <trkpt lon="-123.264533" lat="44.586927"><ele>71.856377</ele><time>2021-01-19T21:41:30Z</time><extensions><speed>0.294167</speed><course>189.997345</course><hAcc>0.885649</hAcc><vAcc>0.629440</vAcc></extensions></trkpt>
      <trkpt lon="-123.264536" lat="44.586928"><ele>71.839859</ele><time>2021-01-19T21:41:31Z</time><extensions><speed>0.307837</speed><course>247.149002</course><hAcc>0.878693</hAcc><vAcc>0.625288</vAcc></extensions></trkpt>
      <trkpt lon="-123.264540" lat="44.586929"><ele>71.827904</ele><time>2021-01-19T21:41:32Z</time><extensions><speed>0.312688</speed><course>245.128799</course><hAcc>0.868700</hAcc><vAcc>0.619327</vAcc></extensions></trkpt>
      <trkpt lon="-123.264543" lat="44.586930"><ele>71.820908</ele><time>2021-01-19T21:41:33Z</time><extensions><speed>0.309985</speed><course>230.019821</course><hAcc>0.856276</hAcc><vAcc>0.611925</vAcc></extensions></trkpt>
      <trkpt lon="-123.264547" lat="44.586931"><ele>71.818840</ele><time>2021-01-19T21:41:34Z</time><extensions><speed>0.301456</speed><course>59.213642</course><hAcc>0.842413</hAcc><vAcc>0.603673</vAcc></extensions></trkpt>
      <trkpt lon="-123.264551" lat="44.586932"><ele>71.821312</ele><time>2021-01-19T21:41:35Z</time><extensions><speed>0.288639</speed><course>11.637530</course><hAcc>0.828575</hAcc><vAcc>0.595442</vAcc></extensions></trkpt>
      <trkpt lon="-123.264554" lat="44.586932"><ele>71.827637</ele><time>2021-01-19T21:41:36Z</time><extensions><speed>0.270270</speed><course>335.019653</course><hAcc>0.816484</hAcc><vAcc>0.588252</vAcc></extensions></trkpt>
      <trkpt lon="-123.264557" lat="44.586932"><ele>71.836761</ele><time>2021-01-19T21:41:37Z</time><extensions><speed>0.242904</speed><course>154.301804</course><hAcc>0.807587</hAcc><vAcc>0.582960</vAcc></extensions></trkpt>
      <trkpt lon="-123.264560" lat="44.586931"><ele>71.847282</ele><time>2021-01-19T21:41:38Z</time><extensions><speed>0.204364</speed><course>181.585358</course><hAcc>0.802786</hAcc><vAcc>0.580100</vAcc></extensions></trkpt>
      <trkpt lon="-123.264562" lat="44.586931"><ele>71.857742</ele><time>2021-01-19T21:41:39Z</time><extensions><speed>0.153313</speed><course>207.623459</course><hAcc>0.802459</hAcc><vAcc>0.579900</vAcc></extensions></trkpt>
      <trkpt lon="-123.264563" lat="44.586930"><ele>71.867073</ele><time>2021-01-19T21:41:40Z</time><extensions><speed>0.096962</speed><course>248.730377</course><hAcc>0.806481</hAcc><vAcc>0.582285</vAcc></extensions></trkpt>
      <trkpt lon="-123.264563" lat="44.586929"><ele>71.874771</ele><time>2021-01-19T21:41:41Z</time><extensions><speed>0.084688</speed><course>192.047058</course><hAcc>0.814229</hAcc><vAcc>0.586887</vAcc></extensions></trkpt>
      <trkpt lon="-123.264562" lat="44.586929"><ele>71.880775</ele><time>2021-01-19T21:41:42Z</time><extensions><speed>0.148902</speed><course>184.541321</course><hAcc>0.824566</hAcc><vAcc>0.593030</vAcc></extensions></trkpt>
      <trkpt lon="-123.264560" lat="44.586928"><ele>71.885506</ele><time>2021-01-19T21:41:43Z</time><extensions><speed>0.229568</speed><course>193.626144</course><hAcc>0.835832</hAcc><vAcc>0.599727</vAcc></extensions></trkpt>
      <trkpt lon="-123.264557" lat="44.586928"><ele>71.889839</ele><time>2021-01-19T21:41:44Z</time><extensions><speed>0.301655</speed><course>162.975586</course><hAcc>0.846120</hAcc><vAcc>0.605847</vAcc></extensions></trkpt>
      <trkpt lon="-123.264553" lat="44.586927"><ele>71.894753</ele><time>2021-01-19T21:41:45Z</time><extensions><speed>0.357617</speed><course>73.781517</course><hAcc>0.853832</hAcc><vAcc>0.610436</vAcc></extensions></trkpt>
      <trkpt lon="-123.264548" lat="44.586927"><ele>71.901062</ele><time>2021-01-19T21:41:46Z</time><extensions><speed>0.394415</speed><course>71.052010</course><hAcc>0.857922</hAcc><vAcc>0.612866</vAcc></extensions></trkpt>
      <trkpt lon="-123.264543" lat="44.586926"><ele>71.909340</ele><time>2021-01-19T21:41:47Z</time><extensions><speed>0.412077</speed><course>96.215485</course><hAcc>0.857856</hAcc><vAcc>0.612812</vAcc></extensions></trkpt>
      <trkpt lon="-123.264538" lat="44.586926"><ele>71.919800</ele><time>2021-01-19T21:41:48Z</time><extensions><speed>0.412372</speed><course>120.919716</course><hAcc>0.853568</hAcc><vAcc>0.610229</vAcc></extensions></trkpt>
      <trkpt lon="-123.264533" lat="44.586925"><ele>71.932411</ele><time>2021-01-19T21:41:49Z</time><extensions><speed>0.397317</speed><course>152.852142</course><hAcc>0.845440</hAcc><vAcc>0.605339</vAcc></extensions></trkpt>
      <trkpt lon="-123.264528" lat="44.586923"><ele>71.947090</ele><time>2021-01-19T21:41:50Z</time><extensions><speed>0.368355</speed><course>155.444077</course><hAcc>0.834321</hAcc><vAcc>0.598647</vAcc></extensions></trkpt>
      <trkpt lon="-123.264524" lat="44.586922"><ele>71.963615</ele><time>2021-01-19T21:41:51Z</time><extensions><speed>0.326505</speed><course>168.371475</course><hAcc>0.821548</hAcc><vAcc>0.590942</vAcc></extensions></trkpt>
      <trkpt lon="-123.264521" lat="44.586921"><ele>71.981293</ele><time>2021-01-19T21:41:52Z</time><extensions><speed>0.274144</speed><course>153.394135</course><hAcc>0.808681</hAcc><vAcc>0.583148</vAcc></extensions></trkpt>
      <trkpt lon="-123.264519" lat="44.586919"><ele>71.998940</ele><time>2021-01-19T21:41:53Z</time><extensions><speed>0.215809</speed><course>129.393097</course><hAcc>0.796965</hAcc><vAcc>0.576008</vAcc></extensions></trkpt>
      <trkpt lon="-123.264517" lat="44.586918"><ele>72.015450</ele><time>2021-01-19T21:41:54Z</time><extensions><speed>0.160061</speed><course>123.504234</course><hAcc>0.787101</hAcc><vAcc>0.569946</vAcc></extensions></trkpt>
      <trkpt lon="-123.264517" lat="44.586917"><ele>72.030312</ele><time>2021-01-19T21:41:55Z</time><extensions><speed>0.126195</speed><course>143.721802</course><hAcc>0.779327</hAcc><vAcc>0.565121</vAcc></extensions></trkpt>
      <trkpt lon="-123.264518" lat="44.586916"><ele>72.043709</ele><time>2021-01-19T21:41:56Z</time><extensions><speed>0.134073</speed><course>206.342422</course><hAcc>0.773561</hAcc><vAcc>0.561498</vAcc></extensions></trkpt>
      <trkpt lon="-123.264519" lat="44.586915"><ele>72.056412</ele><time>2021-01-19T21:41:57Z</time><extensions><speed>0.168150</speed><course>271.542572</course><hAcc>0.769532</hAcc><vAcc>0.558931</vAcc></extensions></trkpt>
      <trkpt lon="-123.264521" lat="44.586914"><ele>72.069481</ele><time>2021-01-19T21:41:58Z</time><extensions><speed>0.203559</speed><course>250.505905</course><hAcc>0.766900</hAcc><vAcc>0.557229</vAcc></extensions></trkpt>
      <trkpt lon="-123.264524" lat="44.586914"><ele>72.083694</ele><time>2021-01-19T21:41:59Z</time><extensions><speed>0.229965</speed><course>225.345352</course><hAcc>0.765347</hAcc><vAcc>0.556210</vAcc></extensions></trkpt>
      <trkpt lon="-123.264527" lat="44.586914"><ele>72.099487</ele><time>2021-01-19T21:42:00Z</time><extensions><speed>0.244944</speed><course>220.670578</course><hAcc>0.764631</hAcc><vAcc>0.555735</vAcc></extensions></trkpt>
      <trkpt lon="-123.264530" lat="44.586914"><ele>72.116982</ele><time>2021-01-19T21:42:01Z</time><extensions><speed>0.248246</speed><course>259.908752</course><hAcc>0.764626</hAcc><vAcc>0.555732</vAcc></extensions></trkpt>
      <trkpt lon="-123.264533" lat="44.586915"><ele>72.135941</ele><time>2021-01-19T21:42:02Z</time><extensions><speed>0.240004</speed><course>261.412079</course><hAcc>0.765331</hAcc><vAcc>0.556198</vAcc></extensions></trkpt>
      <trkpt lon="-123.264535" lat="44.586916"><ele>72.155563</ele><time>2021-01-19T21:42:03Z</time><extensions><speed>0.223014</speed><course>270.044861</course><hAcc>0.766872</hAcc><vAcc>0.557209</vAcc></extensions></trkpt>
      <trkpt lon="-123.264538" lat="44.586917"><ele>72.174583</ele><time>2021-01-19T21:42:04Z</time><extensions><speed>0.204399</speed><course>271.947479</course><hAcc>0.769490</hAcc><vAcc>0.558902</vAcc></extensions></trkpt>
      <trkpt lon="-123.264539" lat="44.586918"><ele>72.191383</ele><time>2021-01-19T21:42:05Z</time><extensions><speed>0.194068</speed><course>264.230072</course><hAcc>0.773503</hAcc><vAcc>0.561459</vAcc></extensions></trkpt>
      <trkpt lon="-123.264540" lat="44.586920"><ele>72.204094</ele><time>2021-01-19T21:42:06Z</time><extensions><speed>0.200191</speed><course>272.128601</course><hAcc>0.779253</hAcc><vAcc>0.565073</vAcc></extensions></trkpt>
      <trkpt lon="-123.264540" lat="44.586922"><ele>72.210907</ele><time>2021-01-19T21:42:07Z</time><extensions><speed>0.223391</speed><course>272.603180</course><hAcc>0.787011</hAcc><vAcc>0.569890</vAcc></extensions></trkpt>
      <trkpt lon="-123.264539" lat="44.586924"><ele>72.210411</ele><time>2021-01-19T21:42:08Z</time><extensions><speed>0.255769</speed><course>271.714722</course><hAcc>0.796864</hAcc><vAcc>0.575946</vAcc></extensions></trkpt>
      <trkpt lon="-123.264538" lat="44.586926"><ele>72.201828</ele><time>2021-01-19T21:42:09Z</time><extensions><speed>0.287606</speed><course>283.649017</course><hAcc>0.808574</hAcc><vAcc>0.583085</vAcc></extensions></trkpt>
      <trkpt lon="-123.264536" lat="44.586929"><ele>72.185150</ele><time>2021-01-19T21:42:10Z</time><extensions><speed>0.311757</speed><course>290.672150</course><hAcc>0.821445</hAcc><vAcc>0.590884</vAcc></extensions></trkpt>
      <trkpt lon="-123.264534" lat="44.586931"><ele>72.161064</ele><time>2021-01-19T21:42:11Z</time><extensions><speed>0.324645</speed><course>153.493225</course><hAcc>0.834232</hAcc><vAcc>0.598600</vAcc></extensions></trkpt>
      <trkpt lon="-123.264531" lat="44.586933"><ele>72.130882</ele><time>2021-01-19T21:42:12Z</time><extensions><speed>0.324912</speed><course>104.306198</course><hAcc>0.845371</hAcc><vAcc>0.605305</vAcc></extensions></trkpt>
      <trkpt lon="-123.264529" lat="44.586936"><ele>72.096306</ele><time>2021-01-19T21:42:13Z</time><extensions><speed>0.311969</speed><course>101.731491</course><hAcc>0.853516</hAcc><vAcc>0.610201</vAcc></extensions></trkpt>
      <trkpt lon="-123.264527" lat="44.586938"><ele>72.059235</ele><time>2021-01-19T21:42:14Z</time><extensions><speed>0.286504</speed><course>105.722328</course><hAcc>0.857793</hAcc><vAcc>0.612769</vAcc></extensions></trkpt>
      <trkpt lon="-123.264525" lat="44.586940"><ele>72.021820</ele><time>2021-01-19T21:42:15Z</time><extensions><speed>0.250455</speed><course>94.268967</course><hAcc>0.857778</hAcc><vAcc>0.612755</vAcc></extensions></trkpt>
      <trkpt lon="-123.264523" lat="44.586942"><ele>71.986504</ele><time>2021-01-19T21:42:16Z</time><extensions><speed>0.205996</speed><course>84.558159</course><hAcc>0.853469</hAcc><vAcc>0.610160</vAcc></extensions></trkpt>
      <trkpt lon="-123.264521" lat="44.586943"><ele>71.955742</ele><time>2021-01-19T21:42:17Z</time><extensions><speed>0.155353</speed><course>78.860420</course><hAcc>0.845290</hAcc><vAcc>0.605240</vAcc></extensions></trkpt>
      <trkpt lon="-123.264520" lat="44.586944"><ele>71.931717</ele><time>2021-01-19T21:42:18Z</time><extensions><speed>0.101163</speed><course>72.504707</course><hAcc>0.834127</hAcc><vAcc>0.598524</vAcc></extensions></trkpt>
      <trkpt lon="-123.264520" lat="44.586944"><ele>71.916145</ele><time>2021-01-19T21:42:19Z</time><extensions><speed>0.046157</speed><course>99.665962</course><hAcc>0.821365</hAcc><vAcc>0.590839</vAcc></extensions></trkpt>
      <trkpt lon="-123.264520" lat="44.586944"><ele>71.910141</ele><time>2021-01-19T21:42:20Z</time><extensions><speed>0.006614</speed><course>113.479027</course><hAcc>0.808646</hAcc><vAcc>0.583164</vAcc></extensions></trkpt>
      <trkpt lon="-123.264520" lat="44.586944"><ele>71.914040</ele><time>2021-01-19T21:42:21Z</time><extensions><speed>0.053281</speed><course>139.390442</course><hAcc>0.797343</hAcc><vAcc>0.576325</vAcc></extensions></trkpt>
      <trkpt lon="-123.264521" lat="44.586944"><ele>71.927429</ele><time>2021-01-19T21:42:22Z</time><extensions><speed>0.090870</speed><course>138.979950</course><hAcc>0.788349</hAcc><vAcc>0.570865</vAcc></extensions></trkpt>
      <trkpt lon="-123.264522" lat="44.586943"><ele>71.949211</ele><time>2021-01-19T21:42:23Z</time><extensions><speed>0.116449</speed><course>161.206360</course><hAcc>0.782166</hAcc><vAcc>0.567101</vAcc></extensions></trkpt>
      <trkpt lon="-123.264523" lat="44.586943"><ele>71.977768</ele><time>2021-01-19T21:42:24Z</time><extensions><speed>0.128677</speed><course>170.741989</course><hAcc>0.779033</hAcc><vAcc>0.565191</vAcc></extensions></trkpt>
      <trkpt lon="-123.264524" lat="44.586942"><ele>72.011299</ele><time>2021-01-19T21:42:25Z</time><extensions><speed>0.128610</speed><course>199.418945</course><hAcc>0.779039</hAcc><vAcc>0.565195</vAcc></extensions></trkpt>
      <trkpt lon="-123.264526" lat="44.586942"><ele>72.047867</ele><time>2021-01-19T21:42:26Z</time><extensions><speed>0.118735</speed><course>200.485016</course><hAcc>0.782186</hAcc><vAcc>0.567115</vAcc></extensions></trkpt>
      <trkpt lon="-123.264527" lat="44.586942"><ele>72.085350</ele><time>2021-01-19T21:42:27Z</time><extensions><speed>0.103587</speed><course>212.143478</course><hAcc>0.788384</hAcc><vAcc>0.570888</vAcc></extensions></trkpt>
      <trkpt lon="-123.264529" lat="44.586942"><ele>72.121674</ele><time>2021-01-19T21:42:28Z</time><extensions><speed>0.089852</speed><course>333.540680</course><hAcc>0.797395</hAcc><vAcc>0.576358</vAcc></extensions></trkpt>
      <trkpt lon="-123.264529" lat="44.586942"><ele>72.155220</ele><time>2021-01-19T21:42:29Z</time><extensions><speed>0.081139</speed><course>340.337494</course><hAcc>0.808715</hAcc><vAcc>0.583208</vAcc></extensions></trkpt>
      <trkpt lon="-123.264530" lat="44.586943"><ele>72.185028</ele><time>2021-01-19T21:42:30Z</time><extensions><speed>0.072262</speed><course>3.519976</course><hAcc>0.821452</hAcc><vAcc>0.590893</vAcc></extensions></trkpt>
      <trkpt lon="-123.264530" lat="44.586943"><ele>72.210686</ele><time>2021-01-19T21:42:31Z</time><extensions><speed>0.055696</speed><course>28.590975</course><hAcc>0.834228</hAcc><vAcc>0.598585</vAcc></extensions></trkpt>
      <trkpt lon="-123.264531" lat="44.586944"><ele>72.232101</ele><time>2021-01-19T21:42:32Z</time><extensions><speed>0.029213</speed><course>8.130479</course><hAcc>0.845399</hAcc><vAcc>0.605303</vAcc></extensions></trkpt>
      <trkpt lon="-123.264531" lat="44.586944"><ele>72.249359</ele><time>2021-01-19T21:42:33Z</time><extensions><speed>0.016556</speed><course>196.445679</course><hAcc>0.853578</hAcc><vAcc>0.610220</vAcc></extensions></trkpt>
      <trkpt lon="-123.264531" lat="44.586944"><ele>72.262543</ele><time>2021-01-19T21:42:34Z</time><extensions><speed>0.049542</speed><course>197.003036</course><hAcc>0.857873</hAcc><vAcc>0.612804</vAcc></extensions></trkpt>
      <trkpt lon="-123.264531" lat="44.586943"><ele>72.271484</ele><time>2021-01-19T21:42:35Z</time><extensions><speed>0.080910</speed><course>346.712097</course><hAcc>0.857859</hAcc><vAcc>0.612797</vAcc></extensions></trkpt>
      <trkpt lon="-123.264532" lat="44.586942"><ele>72.275772</ele><time>2021-01-19T21:42:36Z</time><extensions><speed>0.103085</speed><course>344.724182</course><hAcc>0.853539</hAcc><vAcc>0.610202</vAcc></extensions></trkpt>
      <trkpt lon="-123.264532" lat="44.586941"><ele>72.274872</ele><time>2021-01-19T21:42:37Z</time><extensions><speed>0.114073</speed><course>340.511414</course><hAcc>0.845347</hAcc><vAcc>0.605281</vAcc></extensions></trkpt>
      <trkpt lon="-123.264532" lat="44.586940"><ele>72.268188</ele><time>2021-01-19T21:42:38Z</time><extensions><speed>0.113993</speed><course>340.641479</course><hAcc>0.834181</hAcc><vAcc>0.598568</vAcc></extensions></trkpt>
      <trkpt lon="-123.264533" lat="44.586939"><ele>72.255119</ele><time>2021-01-19T21:42:39Z</time><extensions><speed>0.104984</speed><course>24.922503</course><hAcc>0.821429</hAcc><vAcc>0.590892</vAcc></extensions></trkpt>
      <trkpt lon="-123.264534" lat="44.586939"><ele>72.235275</ele><time>2021-01-19T21:42:40Z</time><extensions><speed>0.090855</speed><course>10.518443</course><hAcc>0.808730</hAcc><vAcc>0.583229</vAcc></extensions></trkpt>
      <trkpt lon="-123.264534" lat="44.586938"><ele>72.208916</ele><time>2021-01-19T21:42:41Z</time><extensions><speed>0.075741</speed><course>351.059021</course><hAcc>0.797440</hAcc><vAcc>0.576392</vAcc></extensions></trkpt>
      <trkpt lon="-123.264535" lat="44.586938"><ele>72.176949</ele><time>2021-01-19T21:42:42Z</time><extensions><speed>0.062868</speed><course>342.574615</course><hAcc>0.788410</hAcc><vAcc>0.570900</vAcc></extensions></trkpt>
      <trkpt lon="-123.264536" lat="44.586938"><ele>72.140816</ele><time>2021-01-19T21:42:43Z</time><extensions><speed>0.053956</speed><course>8.686268</course><hAcc>0.782072</hAcc><vAcc>0.567024</vAcc></extensions></trkpt>
      <trkpt lon="-123.264536" lat="44.586938"><ele>72.102386</ele><time>2021-01-19T21:42:44Z</time><extensions><speed>0.049048</speed><course>354.204498</course><hAcc>0.778558</hAcc><vAcc>0.564858</vAcc></extensions></trkpt>
      <trkpt lon="-123.264537" lat="44.586937"><ele>72.063812</ele><time>2021-01-19T21:42:45Z</time><extensions><speed>0.045837</speed><course>271.762543</course><hAcc>0.777803</hAcc><vAcc>0.564371</vAcc></extensions></trkpt>
      <trkpt lon="-123.264538" lat="44.586937"><ele>72.027367</ele><time>2021-01-19T21:42:46Z</time><extensions><speed>0.042146</speed><course>262.507263</course><hAcc>0.779620</hAcc><vAcc>0.565453</vAcc></extensions></trkpt>
      <trkpt lon="-123.264538" lat="44.586937"><ele>71.995224</ele><time>2021-01-19T21:42:47Z</time><extensions><speed>0.037570</speed><course>249.565308</course><hAcc>0.783703</hAcc><vAcc>0.567917</vAcc></extensions></trkpt>
      <trkpt lon="-123.264538" lat="44.586937"><ele>71.969078</ele><time>2021-01-19T21:42:48Z</time><extensions><speed>0.031989</speed><course>205.194824</course><hAcc>0.789597</hAcc><vAcc>0.571479</vAcc></extensions></trkpt>
      <trkpt lon="-123.264539" lat="44.586937"><ele>71.949730</ele><time>2021-01-19T21:42:49Z</time><extensions><speed>0.025535</speed><course>224.973297</course><hAcc>0.796629</hAcc><vAcc>0.575727</vAcc></extensions></trkpt>
      <trkpt lon="-123.264539" lat="44.586937"><ele>71.937302</ele><time>2021-01-19T21:42:50Z</time><extensions><speed>0.018903</speed><course>252.946548</course><hAcc>0.803836</hAcc><vAcc>0.580078</vAcc></extensions></trkpt>
      <trkpt lon="-123.264539" lat="44.586938"><ele>71.931870</ele><time>2021-01-19T21:42:51Z</time><extensions><speed>0.014535</speed><course>278.898560</course><hAcc>0.809941</hAcc><vAcc>0.583768</vAcc></extensions></trkpt>
      <trkpt lon="-123.264539" lat="44.586938"><ele>71.933556</ele><time>2021-01-19T21:42:52Z</time><extensions><speed>0.017689</speed><course>288.746094</course><hAcc>0.813639</hAcc><vAcc>0.586020</vAcc></extensions></trkpt>
      <trkpt lon="-123.264539" lat="44.586938"><ele>71.942390</ele><time>2021-01-19T21:42:53Z</time><extensions><speed>0.026460</speed><course>296.946503</course><hAcc>0.814181</hAcc><vAcc>0.586391</vAcc></extensions></trkpt>
      <trkpt lon="-123.264539" lat="44.586938"><ele>71.958023</ele><time>2021-01-19T21:42:54Z</time><extensions><speed>0.036674</speed><course>297.930481</course><hAcc>0.811686</hAcc><vAcc>0.584953</vAcc></extensions></trkpt>
      <trkpt lon="-123.264538" lat="44.586938"><ele>71.979530</ele><time>2021-01-19T21:42:55Z</time><extensions><speed>0.046928</speed><course>300.356598</course><hAcc>0.807132</hAcc><vAcc>0.582286</vAcc></extensions></trkpt>
      <trkpt lon="-123.264538" lat="44.586938"><ele>72.005295</ele><time>2021-01-19T21:42:56Z</time><extensions><speed>0.055753</speed><course>314.404907</course><hAcc>0.802033</hAcc><vAcc>0.579285</vAcc></extensions></trkpt>
      <trkpt lon="-123.264537" lat="44.586938"><ele>72.032974</ele><time>2021-01-19T21:42:57Z</time><extensions><speed>0.060668</speed><course>327.844269</course><hAcc>0.797808</hAcc><vAcc>0.576793</vAcc></extensions></trkpt>
      <trkpt lon="-123.264536" lat="44.586938"><ele>72.059990</ele><time>2021-01-19T21:42:58Z</time><extensions><speed>0.057998</speed><course>18.750435</course><hAcc>0.795440</hAcc><vAcc>0.575394</vAcc></extensions></trkpt>
      <trkpt lon="-123.264536" lat="44.586938"><ele>72.084175</ele><time>2021-01-19T21:42:59Z</time><extensions><speed>0.044877</speed><course>72.331932</course><hAcc>0.795429</hAcc><vAcc>0.575385</vAcc></extensions></trkpt>
      <trkpt lon="-123.264535" lat="44.586938"><ele>72.103951</ele><time>2021-01-19T21:43:00Z</time><extensions><speed>0.021342</speed><course>72.431816</course><hAcc>0.797778</hAcc><vAcc>0.576770</vAcc></extensions></trkpt>
      <trkpt lon="-123.264535" lat="44.586938"><ele>72.117981</ele><time>2021-01-19T21:43:01Z</time><extensions><speed>0.016041</speed><course>63.194126</course><hAcc>0.802000</hAcc><vAcc>0.579261</vAcc></extensions></trkpt>
      <trkpt lon="-123.264536" lat="44.586938"><ele>72.124908</ele><time>2021-01-19T21:43:02Z</time><extensions><speed>0.055072</speed><course>58.744598</course><hAcc>0.807135</hAcc><vAcc>0.582292</vAcc></extensions></trkpt>
      <trkpt lon="-123.264537" lat="44.586938"><ele>72.123413</ele><time>2021-01-19T21:43:03Z</time><extensions><speed>0.099100</speed><course>49.051968</course><hAcc>0.811804</hAcc><vAcc>0.585046</vAcc></extensions></trkpt>
      <trkpt lon="-123.264538" lat="44.586938"><ele>72.112671</ele><time>2021-01-19T21:43:04Z</time><extensions><speed>0.144324</speed><course>74.293465</course><hAcc>0.814561</hAcc><vAcc>0.586674</vAcc></extensions></trkpt>
      <trkpt lon="-123.264540" lat="44.586938"><ele>72.092491</ele><time>2021-01-19T21:43:05Z</time><extensions><speed>0.188465</speed><course>64.133141</course><hAcc>0.814534</hAcc><vAcc>0.586661</vAcc></extensions></trkpt>
      <trkpt lon="-123.264543" lat="44.586939"><ele>72.063263</ele><time>2021-01-19T21:43:06Z</time><extensions><speed>0.229574</speed><course>6.007646</course><hAcc>0.811756</hAcc><vAcc>0.585029</vAcc></extensions></trkpt>
      <trkpt lon="-123.264546" lat="44.586939"><ele>72.025864</ele><time>2021-01-19T21:43:07Z</time><extensions><speed>0.265932</speed><course>352.440704</course><hAcc>0.807182</hAcc><vAcc>0.582347</vAcc></extensions></trkpt>
      <trkpt lon="-123.264549" lat="44.586940"><ele>71.981789</ele><time>2021-01-19T21:43:08Z</time><extensions><speed>0.294831</speed><course>335.848114</course><hAcc>0.802376</hAcc><vAcc>0.579537</vAcc></extensions></trkpt>
      <trkpt lon="-123.264553" lat="44.586940"><ele>71.933403</ele><time>2021-01-19T21:43:09Z</time><extensions><speed>0.313676</speed><course>327.358154</course><hAcc>0.798894</hAcc><vAcc>0.577524</vAcc></extensions></trkpt>
      <trkpt lon="-123.264557" lat="44.586941"><ele>71.883728</ele><time>2021-01-19T21:43:10Z</time><extensions><speed>0.321675</speed><course>333.876984</course><hAcc>0.797948</hAcc><vAcc>0.577021</vAcc></extensions></trkpt>
      <trkpt lon="-123.264561" lat="44.586941"><ele>71.835518</ele><time>2021-01-19T21:43:11Z</time><extensions><speed>0.318139</speed><course>317.009186</course><hAcc>0.800346</hAcc><vAcc>0.578505</vAcc></extensions></trkpt>
      <trkpt lon="-123.264565" lat="44.586941"><ele>71.790794</ele><time>2021-01-19T21:43:12Z</time><extensions><speed>0.302821</speed><course>324.809845</course><hAcc>0.806457</hAcc><vAcc>0.582190</vAcc></extensions></trkpt>
      <trkpt lon="-123.264568" lat="44.586941"><ele>71.750931</ele><time>2021-01-19T21:43:13Z</time><extensions><speed>0.277857</speed><course>313.081604</course><hAcc>0.816167</hAcc><vAcc>0.588003</vAcc></extensions></trkpt>
      <trkpt lon="-123.264572" lat="44.586940"><ele>71.716728</ele><time>2021-01-19T21:43:14Z</time><extensions><speed>0.246690</speed><course>310.419220</course><hAcc>0.828830</hAcc><vAcc>0.595557</vAcc></extensions></trkpt>
      <trkpt lon="-123.264574" lat="44.586940"><ele>71.688530</ele><time>2021-01-19T21:43:15Z</time><extensions><speed>0.212206</speed><course>310.161346</course><hAcc>0.843235</hAcc><vAcc>0.604137</vAcc></extensions></trkpt>
      <trkpt lon="-123.264577" lat="44.586939"><ele>71.666389</ele><time>2021-01-19T21:43:16Z</time><extensions><speed>0.176750</speed><course>278.424835</course><hAcc>0.857877</hAcc><vAcc>0.612854</vAcc></extensions></trkpt>
      <trkpt lon="-123.264578" lat="44.586938"><ele>71.650269</ele><time>2021-01-19T21:43:17Z</time><extensions><speed>0.143321</speed><course>284.042450</course><hAcc>0.871491</hAcc><vAcc>0.620959</vAcc></extensions></trkpt>
      <trkpt lon="-123.264579" lat="44.586937"><ele>71.640236</ele><time>2021-01-19T21:43:18Z</time><extensions><speed>0.117311</speed><course>266.509979</course><hAcc>0.883283</hAcc><vAcc>0.627981</vAcc></extensions></trkpt>
      <trkpt lon="-123.264579" lat="44.586936"><ele>71.636223</ele><time>2021-01-19T21:43:19Z</time><extensions><speed>0.107803</speed><course>231.306152</course><hAcc>0.892835</hAcc><vAcc>0.633671</vAcc></extensions></trkpt>
      <trkpt lon="-123.264578" lat="44.586935"><ele>71.637665</ele><time>2021-01-19T21:43:20Z</time><extensions><speed>0.120554</speed><course>224.940414</course><hAcc>0.899987</hAcc><vAcc>0.637932</vAcc></extensions></trkpt>
      <trkpt lon="-123.264577" lat="44.586934"><ele>71.643478</ele><time>2021-01-19T21:43:21Z</time><extensions><speed>0.149186</speed><course>230.877960</course><hAcc>0.904724</hAcc><vAcc>0.640755</vAcc></extensions></trkpt>
      <trkpt lon="-123.264575" lat="44.586934"><ele>71.652382</ele><time>2021-01-19T21:43:22Z</time><extensions><speed>0.182491</speed><course>221.923904</course><hAcc>0.907085</hAcc><vAcc>0.642163</vAcc></extensions></trkpt>
      <trkpt lon="-123.264572" lat="44.586934"><ele>71.663513</ele><time>2021-01-19T21:43:23Z</time><extensions><speed>0.212228</speed><course>216.503632</course><hAcc>0.907105</hAcc><vAcc>0.642177</vAcc></extensions></trkpt>
      <trkpt lon="-123.264570" lat="44.586934"><ele>71.676605</ele><time>2021-01-19T21:43:24Z</time><extensions><speed>0.233595</speed><course>216.408691</course><hAcc>0.904779</hAcc><vAcc>0.640792</vAcc></extensions></trkpt>
      <trkpt lon="-123.264567" lat="44.586934"><ele>71.691902</ele><time>2021-01-19T21:43:25Z</time><extensions><speed>0.244013</speed><course>212.646957</course><hAcc>0.900062</hAcc><vAcc>0.637979</vAcc></extensions></trkpt>
      <trkpt lon="-123.264564" lat="44.586934"><ele>71.710014</ele><time>2021-01-19T21:43:26Z</time><extensions><speed>0.242469</speed><course>240.023636</course><hAcc>0.892892</hAcc><vAcc>0.633700</vAcc></extensions></trkpt>
      <trkpt lon="-123.264561" lat="44.586934"><ele>71.731834</ele><time>2021-01-19T21:43:27Z</time><extensions><speed>0.229083</speed><course>188.506485</course><hAcc>0.883245</hAcc><vAcc>0.627936</vAcc></extensions></trkpt>
      <trkpt lon="-123.264558" lat="44.586935"><ele>71.758263</ele><time>2021-01-19T21:43:28Z</time><extensions><speed>0.205360</speed><course>145.697922</course><hAcc>0.871219</hAcc><vAcc>0.620743</vAcc></extensions></trkpt>
      <trkpt lon="-123.264556" lat="44.586935"><ele>71.789604</ele><time>2021-01-19T21:43:29Z</time><extensions><speed>0.174547</speed><course>187.091660</course><hAcc>0.857133</hAcc><vAcc>0.612307</vAcc></extensions></trkpt>
      <trkpt lon="-123.264554" lat="44.586935"><ele>71.825256</ele><time>2021-01-19T21:43:30Z</time><extensions><speed>0.141116</speed><course>226.719040</course><hAcc>0.841641</hAcc><vAcc>0.603014</vAcc></extensions></trkpt>
      <trkpt lon="-123.264552" lat="44.586935"><ele>71.864067</ele><time>2021-01-19T21:43:31Z</time><extensions><speed>0.110878</speed><course>229.835342</course><hAcc>0.825824</hAcc><vAcc>0.593498</vAcc></extensions></trkpt>
      <trkpt lon="-123.264551" lat="44.586935"><ele>71.904869</ele><time>2021-01-19T21:43:32Z</time><extensions><speed>0.093240</speed><course>251.113083</course><hAcc>0.810964</hAcc><vAcc>0.584519</vAcc></extensions></trkpt>
      <trkpt lon="-123.264550" lat="44.586935"><ele>71.946503</ele><time>2021-01-19T21:43:33Z</time><extensions><speed>0.096350</speed><course>249.022873</course><hAcc>0.798043</hAcc><vAcc>0.576659</vAcc></extensions></trkpt>
      <trkpt lon="-123.264549" lat="44.586934"><ele>71.987854</ele><time>2021-01-19T21:43:34Z</time><extensions><speed>0.116691</speed><course>266.462494</course><hAcc>0.787522</hAcc><vAcc>0.570204</vAcc></extensions></trkpt>
      <trkpt lon="-123.264548" lat="44.586933"><ele>72.027718</ele><time>2021-01-19T21:43:35Z</time><extensions><speed>0.144991</speed><course>266.498474</course><hAcc>0.779446</hAcc><vAcc>0.565195</vAcc></extensions></trkpt>
      <trkpt lon="-123.264547" lat="44.586932"><ele>72.064766</ele><time>2021-01-19T21:43:36Z</time><extensions><speed>0.174023</speed><course>240.664200</course><hAcc>0.773582</hAcc><vAcc>0.561510</vAcc></extensions></trkpt>
      <trkpt lon="-123.264546" lat="44.586930"><ele>72.097580</ele><time>2021-01-19T21:43:37Z</time><extensions><speed>0.198541</speed><course>237.502502</course><hAcc>0.769556</hAcc><vAcc>0.558943</vAcc></extensions></trkpt>
      <trkpt lon="-123.264544" lat="44.586929"><ele>72.124916</ele><time>2021-01-19T21:43:38Z</time><extensions><speed>0.214930</speed><course>233.247269</course><hAcc>0.766965</hAcc><vAcc>0.557265</vAcc></extensions></trkpt>
      <trkpt lon="-123.264542" lat="44.586927"><ele>72.146011</ele><time>2021-01-19T21:43:39Z</time><extensions><speed>0.221101</speed><course>221.501572</course><hAcc>0.765453</hAcc><vAcc>0.556272</vAcc></extensions></trkpt>
      <trkpt lon="-123.264540" lat="44.586926"><ele>72.160835</ele><time>2021-01-19T21:43:40Z</time><extensions><speed>0.215442</speed><course>215.156387</course><hAcc>0.764765</hAcc><vAcc>0.555815</vAcc></extensions></trkpt>
      <trkpt lon="-123.264538" lat="44.586925"><ele>72.169884</ele><time>2021-01-19T21:43:41Z</time><extensions><speed>0.197457</speed><course>215.399124</course><hAcc>0.764768</hAcc><vAcc>0.555818</vAcc></extensions></trkpt>
      <trkpt lon="-123.264537" lat="44.586924"><ele>72.173912</ele><time>2021-01-19T21:43:42Z</time><extensions><speed>0.168752</speed><course>224.216599</course><hAcc>0.765466</hAcc><vAcc>0.556281</vAcc></extensions></trkpt>
      <trkpt lon="-123.264535" lat="44.586923"><ele>72.173798</ele><time>2021-01-19T21:43:43Z</time><extensions><speed>0.132615</speed><course>224.399323</course><hAcc>0.766988</hAcc><vAcc>0.557281</vAcc></extensions></trkpt>
      <trkpt lon="-123.264534" lat="44.586922"><ele>72.170380</ele><time>2021-01-19T21:43:44Z</time><extensions><speed>0.093443</speed><course>217.241013</course><hAcc>0.769581</hAcc><vAcc>0.558959</vAcc></extensions></trkpt>
      <trkpt lon="-123.264533" lat="44.586922"><ele>72.164398</ele><time>2021-01-19T21:43:45Z</time><extensions><speed>0.059052</speed><course>217.241013</course><hAcc>0.773565</hAcc><vAcc>0.561498</vAcc></extensions></trkpt>
      <trkpt lon="-123.264532" lat="44.586923"><ele>72.156471</ele><time>2021-01-19T21:43:46Z</time><extensions><speed>0.049257</speed><course>217.241013</course><hAcc>0.779283</hAcc><vAcc>0.565092</vAcc></extensions></trkpt>
      <trkpt lon="-123.264532" lat="44.586923"><ele>72.147072</ele><time>2021-01-19T21:43:47Z</time><extensions><speed>0.071291</speed><course>217.241013</course><hAcc>0.787009</hAcc><vAcc>0.569889</vAcc></extensions></trkpt>
      <trkpt lon="-123.264532" lat="44.586924"><ele>72.136574</ele><time>2021-01-19T21:43:48Z</time><extensions><speed>0.100394</speed><course>217.241013</course><hAcc>0.796831</hAcc><vAcc>0.575926</vAcc></extensions></trkpt>
      <trkpt lon="-123.264533" lat="44.586925"><ele>72.125320</ele><time>2021-01-19T21:43:49Z</time><extensions><speed>0.123974</speed><course>217.241013</course><hAcc>0.808509</hAcc><vAcc>0.583046</vAcc></extensions></trkpt>
      <trkpt lon="-123.264534" lat="44.586926"><ele>72.113609</ele><time>2021-01-19T21:43:50Z</time><extensions><speed>0.136508</speed><course>242.797058</course><hAcc>0.821350</hAcc><vAcc>0.590827</vAcc></extensions></trkpt>
      <trkpt lon="-123.264534" lat="44.586927"><ele>72.101830</ele><time>2021-01-19T21:43:51Z</time><extensions><speed>0.136931</speed><course>249.224991</course><hAcc>0.834110</hAcc><vAcc>0.598528</vAcc></extensions></trkpt>
      <trkpt lon="-123.264535" lat="44.586928"><ele>72.090523</ele><time>2021-01-19T21:43:52Z</time><extensions><speed>0.127404</speed><course>289.213226</course><hAcc>0.845228</hAcc><vAcc>0.605223</vAcc></extensions></trkpt>
      <trkpt lon="-123.264536" lat="44.586929"><ele>72.080315</ele><time>2021-01-19T21:43:53Z</time><extensions><speed>0.110008</speed><course>272.519440</course><hAcc>0.853361</hAcc><vAcc>0.610114</vAcc></extensions></trkpt>
      <trkpt lon="-123.264537" lat="44.586929"><ele>72.071831</ele><time>2021-01-19T21:43:54Z</time><extensions><speed>0.087612</speed><course>244.734100</course><hAcc>0.857639</hAcc><vAcc>0.612686</vAcc></extensions></trkpt>
      <trkpt lon="-123.264537" lat="44.586930"><ele>72.065704</ele><time>2021-01-19T21:43:55Z</time><extensions><speed>0.063916</speed><course>212.511093</course><hAcc>0.857641</hAcc><vAcc>0.612685</vAcc></extensions></trkpt>
      <trkpt lon="-123.264538" lat="44.586930"><ele>72.062523</ele><time>2021-01-19T21:43:56Z</time><extensions><speed>0.041580</speed><course>269.689758</course><hAcc>0.853363</hAcc><vAcc>0.610109</vAcc></extensions></trkpt>
      <trkpt lon="-123.264538" lat="44.586931"><ele>72.063004</ele><time>2021-01-19T21:43:57Z</time><extensions><speed>0.022374</speed><course>259.363190</course><hAcc>0.845221</hAcc><vAcc>0.605208</vAcc></extensions></trkpt>
      <trkpt lon="-123.264538" lat="44.586931"><ele>72.068115</ele><time>2021-01-19T21:43:58Z</time><extensions><speed>0.009817</speed><course>211.685089</course><hAcc>0.834079</hAcc><vAcc>0.598495</vAcc></extensions></trkpt>
      <trkpt lon="-123.264538" lat="44.586931"><ele>72.078873</ele><time>2021-01-19T21:43:59Z</time><extensions><speed>0.010983</speed><course>221.277267</course><hAcc>0.821278</hAcc><vAcc>0.590767</vAcc></extensions></trkpt>
      <trkpt lon="-123.264538" lat="44.586931"><ele>72.095825</ele><time>2021-01-19T21:44:00Z</time><extensions><speed>0.016028</speed><course>217.167374</course><hAcc>0.808383</hAcc><vAcc>0.582953</vAcc></extensions></trkpt>
      <trkpt lon="-123.264538" lat="44.586931"><ele>72.118546</ele><time>2021-01-19T21:44:01Z</time><extensions><speed>0.018912</speed><course>205.027863</course><hAcc>0.796650</hAcc><vAcc>0.575804</vAcc></extensions></trkpt>
      <trkpt lon="-123.264537" lat="44.586931"><ele>72.145432</ele><time>2021-01-19T21:44:02Z</time><extensions><speed>0.019334</speed><course>192.657761</course><hAcc>0.786803</hAcc><vAcc>0.569763</vAcc></extensions></trkpt>
      <trkpt lon="-123.264537" lat="44.586931"><ele>72.174019</ele><time>2021-01-19T21:44:03Z</time><extensions><speed>0.017614</speed><course>186.711105</course><hAcc>0.779127</hAcc><vAcc>0.565017</vAcc></extensions></trkpt>
      <trkpt lon="-123.264537" lat="44.586930"><ele>72.201874</ele><time>2021-01-19T21:44:04Z</time><extensions><speed>0.014660</speed><course>194.477112</course><hAcc>0.773610</hAcc><vAcc>0.561576</vAcc></extensions></trkpt>
      <trkpt lon="-123.264537" lat="44.586930"><ele>72.227028</ele><time>2021-01-19T21:44:05Z</time><extensions><speed>0.011856</speed><course>188.036453</course><hAcc>0.770080</hAcc><vAcc>0.559354</vAcc></extensions></trkpt>
      <trkpt lon="-123.264537" lat="44.586930"><ele>72.247993</ele><time>2021-01-19T21:44:06Z</time><extensions><speed>0.011152</speed><course>188.036453</course><hAcc>0.768324</hAcc><vAcc>0.558238</vAcc></extensions></trkpt>
      <trkpt lon="-123.264537" lat="44.586931"><ele>72.263680</ele><time>2021-01-19T21:44:07Z</time><extensions><speed>0.013489</speed><course>188.036453</course><hAcc>0.768166</hAcc><vAcc>0.558127</vAcc></extensions></trkpt>
      <trkpt lon="-123.264537" lat="44.586931"><ele>72.273361</ele><time>2021-01-19T21:44:08Z</time><extensions><speed>0.017572</speed><course>188.036453</course><hAcc>0.769503</hAcc><vAcc>0.558959</vAcc></extensions></trkpt>
      <trkpt lon="-123.264537" lat="44.586931"><ele>72.276634</ele><time>2021-01-19T21:44:09Z</time><extensions><speed>0.022136</speed><course>188.036453</course><hAcc>0.772298</hAcc><vAcc>0.560703</vAcc></extensions></trkpt>
      <trkpt lon="-123.264537" lat="44.586931"><ele>72.273376</ele><time>2021-01-19T21:44:10Z</time><extensions><speed>0.026889</speed><course>188.036453</course><hAcc>0.776540</hAcc><vAcc>0.563341</vAcc></extensions></trkpt>
      <trkpt lon="-123.264537" lat="44.586931"><ele>72.263771</ele><time>2021-01-19T21:44:11Z</time><extensions><speed>0.032462</speed><course>188.036453</course><hAcc>0.782163</hAcc><vAcc>0.566818</vAcc></extensions></trkpt>
      <trkpt lon="-123.264537" lat="44.586931"><ele>72.248322</ele><time>2021-01-19T21:44:12Z</time><extensions><speed>0.040371</speed><course>188.036453</course><hAcc>0.788953</hAcc><vAcc>0.570989</vAcc></extensions></trkpt>
      <trkpt lon="-123.264538" lat="44.586932"><ele>72.227829</ele><time>2021-01-19T21:44:13Z</time><extensions><speed>0.052624</speed><course>188.036453</course><hAcc>0.796437</hAcc><vAcc>0.575557</vAcc></extensions></trkpt>
      <trkpt lon="-123.264538" lat="44.586932"><ele>72.203506</ele><time>2021-01-19T21:44:14Z</time><extensions><speed>0.071020</speed><course>86.091255</course><hAcc>0.803796</hAcc><vAcc>0.580026</vAcc></extensions></trkpt>
      <trkpt lon="-123.264540" lat="44.586932"><ele>72.176895</ele><time>2021-01-19T21:44:15Z</time><extensions><speed>0.094781</speed><course>347.190918</course><hAcc>0.809833</hAcc><vAcc>0.583677</vAcc></extensions></trkpt>
      <trkpt lon="-123.264541" lat="44.586931"><ele>72.149712</ele><time>2021-01-19T21:44:16Z</time><extensions><speed>0.120940</speed><course>340.585022</course><hAcc>0.813251</hAcc><vAcc>0.585742</vAcc></extensions></trkpt>
      <trkpt lon="-123.264542" lat="44.586931"><ele>72.123405</ele><time>2021-01-19T21:44:17Z</time><extensions><speed>0.146420</speed><course>326.083466</course><hAcc>0.813251</hAcc><vAcc>0.585746</vAcc></extensions></trkpt>
      <trkpt lon="-123.264544" lat="44.586930"><ele>72.098984</ele><time>2021-01-19T21:44:18Z</time><extensions><speed>0.168104</speed><course>317.138580</course><hAcc>0.809839</hAcc><vAcc>0.583691</vAcc></extensions></trkpt>
      <trkpt lon="-123.264546" lat="44.586929"><ele>72.077126</ele><time>2021-01-19T21:44:19Z</time><extensions><speed>0.183399</speed><course>265.953125</course><hAcc>0.803822</hAcc><vAcc>0.580056</vAcc></extensions></trkpt>
      <trkpt lon="-123.264547" lat="44.586928"><ele>72.058266</ele><time>2021-01-19T21:44:20Z</time><extensions><speed>0.189993</speed><course>256.166992</course><hAcc>0.796496</hAcc><vAcc>0.575611</vAcc></extensions></trkpt>
      <trkpt lon="-123.264549" lat="44.586926"><ele>72.042450</ele><time>2021-01-19T21:44:21Z</time><extensions><speed>0.186663</speed><course>216.080963</course><hAcc>0.789055</hAcc><vAcc>0.571067</vAcc></extensions></trkpt>
      <trkpt lon="-123.264550" lat="44.586925"><ele>72.029388</ele><time>2021-01-19T21:44:22Z</time><extensions><speed>0.173859</speed><course>233.771851</course><hAcc>0.782294</hAcc><vAcc>0.566904</vAcc></extensions></trkpt>
      <trkpt lon="-123.264550" lat="44.586924"><ele>72.018402</ele><time>2021-01-19T21:44:23Z</time><extensions><speed>0.153425</speed><course>247.043350</course><hAcc>0.776638</hAcc><vAcc>0.563389</vAcc></extensions></trkpt>
      <trkpt lon="-123.264550" lat="44.586922"><ele>72.008476</ele><time>2021-01-19T21:44:24Z</time><extensions><speed>0.128937</speed><course>231.404190</course><hAcc>0.772222</hAcc><vAcc>0.560612</vAcc></extensions></trkpt>
      <trkpt lon="-123.264549" lat="44.586921"><ele>71.998322</ele><time>2021-01-19T21:44:25Z</time><extensions><speed>0.107522</speed><course>216.391144</course><hAcc>0.768988</hAcc><vAcc>0.558554</vAcc></extensions></trkpt>
      <trkpt lon="-123.264548" lat="44.586921"><ele>71.986526</ele><time>2021-01-19T21:44:26Z</time><extensions><speed>0.100755</speed><course>185.340393</course><hAcc>0.766780</hAcc><vAcc>0.557131</vAcc></extensions></trkpt>
      <trkpt lon="-123.264547" lat="44.586921"><ele>71.971680</ele><time>2021-01-19T21:44:27Z</time><extensions><speed>0.114519</speed><course>92.245537</course><hAcc>0.765420</hAcc><vAcc>0.556245</vAcc></extensions></trkpt>
      <trkpt lon="-123.264546" lat="44.586921"><ele>71.952682</ele><time>2021-01-19T21:44:28Z</time><extensions><speed>0.140915</speed><course>70.115540</course><hAcc>0.764766</hAcc><vAcc>0.555817</vAcc></extensions></trkpt>
      <trkpt lon="-123.264545" lat="44.586922"><ele>71.929039</ele><time>2021-01-19T21:44:29Z</time><extensions><speed>0.172993</speed><course>80.369911</course><hAcc>0.764753</hAcc><vAcc>0.555813</vAcc></extensions></trkpt>
      <trkpt lon="-123.264544" lat="44.586924"><ele>71.901062</ele><time>2021-01-19T21:44:30Z</time><extensions><speed>0.213060</speed><course>45.406883</course><hAcc>0.765419</hAcc><vAcc>0.556258</vAcc></extensions></trkpt>
      <trkpt lon="-123.264545" lat="44.586926"><ele>71.869736</ele><time>2021-01-19T21:44:31Z</time><extensions><speed>0.264744</speed><course>43.164848</course><hAcc>0.766914</hAcc><vAcc>0.557240</vAcc></extensions></trkpt>
      <trkpt lon="-123.264546" lat="44.586929"><ele>71.836571</ele><time>2021-01-19T21:44:32Z</time><extensions><speed>0.323684</speed><course>30.154623</course><hAcc>0.769500</hAcc><vAcc>0.558914</vAcc></extensions></trkpt>
      <trkpt lon="-123.264549" lat="44.586931"><ele>71.803757</ele><time>2021-01-19T21:44:33Z</time><extensions><speed>0.380261</speed><course>13.854095</course><hAcc>0.773532</hAcc><vAcc>0.561483</vAcc></extensions></trkpt>
      <trkpt lon="-123.264552" lat="44.586934"><ele>71.773834</ele><time>2021-01-19T21:44:34Z</time><extensions><speed>0.425926</speed><course>347.917755</course><hAcc>0.779408</hAcc><vAcc>0.565173</vAcc></extensions></trkpt>
      <trkpt lon="-123.264557" lat="44.586936"><ele>71.749023</ele><time>2021-01-19T21:44:35Z</time><extensions><speed>0.455791</speed><course>334.681732</course><hAcc>0.787497</hAcc><vAcc>0.570189</vAcc></extensions></trkpt>
      <trkpt lon="-123.264562" lat="44.586938"><ele>71.730980</ele><time>2021-01-19T21:44:36Z</time><extensions><speed>0.467401</speed><course>286.666931</course><hAcc>0.798027</hAcc><vAcc>0.576650</vAcc></extensions></trkpt>
      <trkpt lon="-123.264567" lat="44.586940"><ele>71.720879</ele><time>2021-01-19T21:44:37Z</time><extensions><speed>0.460121</speed><course>267.850922</course><hAcc>0.810953</hAcc><vAcc>0.584512</vAcc></extensions></trkpt>
      <trkpt lon="-123.264573" lat="44.586941"><ele>71.719261</ele><time>2021-01-19T21:44:38Z</time><extensions><speed>0.435921</speed><course>253.780289</course><hAcc>0.825818</hAcc><vAcc>0.593494</vAcc></extensions></trkpt>
      <trkpt lon="-123.264578" lat="44.586942"><ele>71.725815</ele><time>2021-01-19T21:44:39Z</time><extensions><speed>0.398082</speed><course>206.579117</course><hAcc>0.841655</hAcc><vAcc>0.603020</vAcc></extensions></trkpt>
      <trkpt lon="-123.264583" lat="44.586942"><ele>71.739502</ele><time>2021-01-19T21:44:40Z</time><extensions><speed>0.349059</speed><course>201.028137</course><hAcc>0.857203</hAcc><vAcc>0.612344</vAcc></extensions></trkpt>
      <trkpt lon="-123.264587" lat="44.586942"><ele>71.758827</ele><time>2021-01-19T21:44:41Z</time><extensions><speed>0.291140</speed><course>192.381287</course><hAcc>0.871422</hAcc><vAcc>0.620854</vAcc></extensions></trkpt>
      <trkpt lon="-123.264590" lat="44.586941"><ele>71.782249</ele><time>2021-01-19T21:44:42Z</time><extensions><speed>0.227663</speed><course>176.318893</course><hAcc>0.883716</hAcc><vAcc>0.628201</vAcc></extensions></trkpt>
      <trkpt lon="-123.264592" lat="44.586941"><ele>71.808334</ele><time>2021-01-19T21:44:43Z</time><extensions><speed>0.164253</speed><course>180.349274</course><hAcc>0.893845</hAcc><vAcc>0.634244</vAcc></extensions></trkpt>
      <trkpt lon="-123.264593" lat="44.586940"><ele>71.835846</ele><time>2021-01-19T21:44:44Z</time><extensions><speed>0.115166</speed><course>184.996262</course><hAcc>0.901821</hAcc><vAcc>0.638994</vAcc></extensions></trkpt>
      <trkpt lon="-123.264593" lat="44.586939"><ele>71.863800</ele><time>2021-01-19T21:44:45Z</time><extensions><speed>0.113564</speed><course>199.226608</course><hAcc>0.907804</hAcc><vAcc>0.642551</vAcc></extensions></trkpt>
      <trkpt lon="-123.264592" lat="44.586938"><ele>71.891411</ele><time>2021-01-19T21:44:46Z</time><extensions><speed>0.164169</speed><course>180.330231</course><hAcc>0.912016</hAcc><vAcc>0.645050</vAcc></extensions></trkpt>
      <trkpt lon="-123.264590" lat="44.586937"><ele>71.918037</ele><time>2021-01-19T21:44:47Z</time><extensions><speed>0.233798</speed><course>166.555298</course><hAcc>0.914679</hAcc><vAcc>0.646628</vAcc></extensions></trkpt>
      <trkpt lon="-123.264587" lat="44.586936"><ele>71.943085</ele><time>2021-01-19T21:44:48Z</time><extensions><speed>0.304818</speed><course>159.356720</course><hAcc>0.915974</hAcc><vAcc>0.647394</vAcc></extensions></trkpt>
      <trkpt lon="-123.264583" lat="44.586935"><ele>71.965904</ele><time>2021-01-19T21:44:49Z</time><extensions><speed>0.369626</speed><course>193.444336</course><hAcc>0.916010</hAcc><vAcc>0.647416</vAcc></extensions></trkpt>
      <trkpt lon="-123.264579" lat="44.586934"><ele>71.985855</ele><time>2021-01-19T21:44:50Z</time><extensions><speed>0.423881</speed><course>179.845993</course><hAcc>0.914820</hAcc><vAcc>0.646716</vAcc></extensions></trkpt>
      <trkpt lon="-123.264573" lat="44.586933"><ele>72.002518</ele><time>2021-01-19T21:44:51Z</time><extensions><speed>0.464716</speed><course>136.770615</course><hAcc>0.912365</hAcc><vAcc>0.645274</vAcc></extensions></trkpt>
      <trkpt lon="-123.264567" lat="44.586932"><ele>72.015610</ele><time>2021-01-19T21:44:52Z</time><extensions><speed>0.490597</speed><course>136.866562</course><hAcc>0.908559</hAcc><vAcc>0.643038</vAcc></extensions></trkpt>
      <trkpt lon="-123.264561" lat="44.586930"><ele>72.024986</ele><time>2021-01-19T21:44:53Z</time><extensions><speed>0.501193</speed><course>129.157654</course><hAcc>0.903305</hAcc><vAcc>0.639955</vAcc></extensions></trkpt>
      <trkpt lon="-123.264555" lat="44.586929"><ele>72.030708</ele><time>2021-01-19T21:44:54Z</time><extensions><speed>0.496740</speed><course>136.504532</course><hAcc>0.896553</hAcc><vAcc>0.635996</vAcc></extensions></trkpt>
      <trkpt lon="-123.264550" lat="44.586927"><ele>72.032883</ele><time>2021-01-19T21:44:55Z</time><extensions><speed>0.478145</speed><course>140.964569</course><hAcc>0.888376</hAcc><vAcc>0.631206</vAcc></extensions></trkpt>
      <trkpt lon="-123.264544" lat="44.586926"><ele>72.031555</ele><time>2021-01-19T21:44:56Z</time><extensions><speed>0.447585</speed><course>140.981567</course><hAcc>0.879059</hAcc><vAcc>0.625755</vAcc></extensions></trkpt>
      <trkpt lon="-123.264539" lat="44.586924"><ele>72.026756</ele><time>2021-01-19T21:44:57Z</time><extensions><speed>0.407444</speed><course>139.484802</course><hAcc>0.869195</hAcc><vAcc>0.619992</vAcc></extensions></trkpt>
      <trkpt lon="-123.264535" lat="44.586923"><ele>72.018738</ele><time>2021-01-19T21:44:58Z</time><extensions><speed>0.359627</speed><course>139.447098</course><hAcc>0.859767</hAcc><vAcc>0.614492</vAcc></extensions></trkpt>
      <trkpt lon="-123.264531" lat="44.586922"><ele>72.008049</ele><time>2021-01-19T21:44:59Z</time><extensions><speed>0.307009</speed><course>149.789871</course><hAcc>0.852176</hAcc><vAcc>0.610069</vAcc></extensions></trkpt>
      <trkpt lon="-123.264528" lat="44.586920"><ele>71.995499</ele><time>2021-01-19T21:45:00Z</time><extensions><speed>0.254087</speed><course>150.425400</course><hAcc>0.847906</hAcc><vAcc>0.607583</vAcc></extensions></trkpt>
      <trkpt lon="-123.264525" lat="44.586919"><ele>71.982101</ele><time>2021-01-19T21:45:01Z</time><extensions><speed>0.204996</speed><course>162.840759</course><hAcc>0.847850</hAcc><vAcc>0.607552</vAcc></extensions></trkpt>
      <trkpt lon="-123.264523" lat="44.586919"><ele>71.968941</ele><time>2021-01-19T21:45:02Z</time><extensions><speed>0.161317</speed><course>136.028610</course><hAcc>0.851939</hAcc><vAcc>0.609934</vAcc></extensions></trkpt>
      <trkpt lon="-123.264522" lat="44.586918"><ele>71.956902</ele><time>2021-01-19T21:45:03Z</time><extensions><speed>0.123281</speed><course>133.116119</course><hAcc>0.859137</hAcc><vAcc>0.614130</vAcc></extensions></trkpt>
      <trkpt lon="-123.264520" lat="44.586918"><ele>71.946457</ele><time>2021-01-19T21:45:04Z</time><extensions><speed>0.093105</speed><course>132.919327</course><hAcc>0.867808</hAcc><vAcc>0.619191</vAcc></extensions></trkpt>
      <trkpt lon="-123.264519" lat="44.586918"><ele>71.937782</ele><time>2021-01-19T21:45:05Z</time><extensions><speed>0.076213</speed><course>133.423477</course><hAcc>0.876386</hAcc><vAcc>0.624206</vAcc></extensions></trkpt>
      <trkpt lon="-123.264519" lat="44.586918"><ele>71.930939</ele><time>2021-01-19T21:45:06Z</time><extensions><speed>0.077112</speed><course>134.335617</course><hAcc>0.883702</hAcc><vAcc>0.628488</vAcc></extensions></trkpt>
      <trkpt lon="-123.264518" lat="44.586919"><ele>71.925842</ele><time>2021-01-19T21:45:07Z</time><extensions><speed>0.091380</speed><course>127.130814</course><hAcc>0.888970</hAcc><vAcc>0.631576</vAcc></extensions></trkpt>
      <trkpt lon="-123.264517" lat="44.586920"><ele>71.922325</ele><time>2021-01-19T21:45:08Z</time><extensions><speed>0.110562</speed><course>126.243042</course><hAcc>0.891721</hAcc><vAcc>0.633191</vAcc></extensions></trkpt>
      <trkpt lon="-123.264517" lat="44.586921"><ele>71.920151</ele><time>2021-01-19T21:45:09Z</time><extensions><speed>0.129180</speed><course>130.481674</course><hAcc>0.891741</hAcc><vAcc>0.633203</vAcc></extensions></trkpt>
      <trkpt lon="-123.264516" lat="44.586922"><ele>71.919067</ele><time>2021-01-19T21:45:10Z</time><extensions><speed>0.144087</speed><course>104.761551</course><hAcc>0.889029</hAcc><vAcc>0.631614</vAcc></extensions></trkpt>
      <trkpt lon="-123.264515" lat="44.586923"><ele>71.918770</ele><time>2021-01-19T21:45:11Z</time><extensions><speed>0.153090</speed><course>92.900787</course><hAcc>0.883800</hAcc><vAcc>0.628550</vAcc></extensions></trkpt>
      <trkpt lon="-123.264515" lat="44.586924"><ele>71.918983</ele><time>2021-01-19T21:45:12Z</time><extensions><speed>0.155081</speed><course>89.432983</course><hAcc>0.876512</hAcc><vAcc>0.624282</vAcc></extensions></trkpt>
      <trkpt lon="-123.264514" lat="44.586925"><ele>71.919434</ele><time>2021-01-19T21:45:13Z</time><extensions><speed>0.150421</speed><course>88.896271</course><hAcc>0.867923</hAcc><vAcc>0.619257</vAcc></extensions></trkpt>
      <trkpt lon="-123.264513" lat="44.586927"><ele>71.919868</ele><time>2021-01-19T21:45:14Z</time><extensions><speed>0.140151</speed><course>84.783928</course><hAcc>0.859143</hAcc><vAcc>0.614124</vAcc></extensions></trkpt>
      <trkpt lon="-123.264512" lat="44.586928"><ele>71.920105</ele><time>2021-01-19T21:45:15Z</time><extensions><speed>0.125639</speed><course>90.904274</course><hAcc>0.851646</hAcc><vAcc>0.609742</vAcc></extensions></trkpt>
      <trkpt lon="-123.264511" lat="44.586928"><ele>71.920113</ele><time>2021-01-19T21:45:16Z</time><extensions><speed>0.108983</speed><course>97.431282</course><hAcc>0.846928</hAcc><vAcc>0.606980</vAcc></extensions></trkpt>
      <trkpt lon="-123.264510" lat="44.586929"><ele>71.919777</ele><time>2021-01-19T21:45:17Z</time><extensions><speed>0.092308</speed><course>123.318611</course><hAcc>0.845847</hAcc><vAcc>0.606334</vAcc></extensions></trkpt>
      <trkpt lon="-123.264510" lat="44.586930"><ele>71.918808</ele><time>2021-01-19T21:45:18Z</time><extensions><speed>0.076771</speed><course>129.233078</course><hAcc>0.848260</hAcc><vAcc>0.607722</vAcc></extensions></trkpt>
      <trkpt lon="-123.264509" lat="44.586930"><ele>71.916786</ele><time>2021-01-19T21:45:19Z</time><extensions><speed>0.062250</speed><course>131.565155</course><hAcc>0.853044</hAcc><vAcc>0.610493</vAcc></extensions></trkpt>
      <trkpt lon="-123.264508" lat="44.586930"><ele>71.913200</ele><time>2021-01-19T21:45:20Z</time><extensions><speed>0.048079</speed><course>148.243057</course><hAcc>0.858498</hAcc><vAcc>0.613660</vAcc></extensions></trkpt>
      <trkpt lon="-123.264508" lat="44.586930"><ele>71.907562</ele><time>2021-01-19T21:45:21Z</time><extensions><speed>0.034440</speed><course>143.105270</course><hAcc>0.863039</hAcc><vAcc>0.616300</vAcc></extensions></trkpt>
      <trkpt lon="-123.264508" lat="44.586931"><ele>71.899467</ele><time>2021-01-19T21:45:22Z</time><extensions><speed>0.024051</speed><course>141.033157</course><hAcc>0.865582</hAcc><vAcc>0.617780</vAcc></extensions></trkpt>
      <trkpt lon="-123.264508" lat="44.586931"><ele>71.888687</ele><time>2021-01-19T21:45:23Z</time><extensions><speed>0.022888</speed><course>129.495331</course><hAcc>0.865583</hAcc><vAcc>0.617781</vAcc></extensions></trkpt>
      <trkpt lon="-123.264508" lat="44.586931"><ele>71.875145</ele><time>2021-01-19T21:45:24Z</time><extensions><speed>0.030270</speed><course>117.947639</course><hAcc>0.863038</hAcc><vAcc>0.616299</vAcc></extensions></trkpt>
      <trkpt lon="-123.264508" lat="44.586931"><ele>71.858978</ele><time>2021-01-19T21:45:25Z</time><extensions><speed>0.039282</speed><course>121.489502</course><hAcc>0.858487</hAcc><vAcc>0.613652</vAcc></extensions></trkpt>
      <trkpt lon="-123.264509" lat="44.586931"><ele>71.840500</ele><time>2021-01-19T21:45:26Z</time><extensions><speed>0.047653</speed><course>128.232956</course><hAcc>0.853013</hAcc><vAcc>0.610473</vAcc></extensions></trkpt>
      <trkpt lon="-123.264509" lat="44.586931"><ele>71.820229</ele><time>2021-01-19T21:45:27Z</time><extensions><speed>0.056596</speed><course>141.257477</course><hAcc>0.848207</hAcc><vAcc>0.607689</vAcc></extensions></trkpt>
      <trkpt lon="-123.264510" lat="44.586931"><ele>71.798912</ele><time>2021-01-19T21:45:28Z</time><extensions><speed>0.068770</speed><course>147.122177</course><hAcc>0.845795</hAcc><vAcc>0.606302</vAcc></extensions></trkpt>
      <trkpt lon="-123.264511" lat="44.586930"><ele>71.777573</ele><time>2021-01-19T21:45:29Z</time><extensions><speed>0.087000</speed><course>151.320190</course><hAcc>0.846940</hAcc><vAcc>0.606984</vAcc></extensions></trkpt>
      <trkpt lon="-123.264511" lat="44.586929"><ele>71.757500</ele><time>2021-01-19T21:45:30Z</time><extensions><speed>0.112514</speed><course>168.268433</course><hAcc>0.851852</hAcc><vAcc>0.609859</vAcc></extensions></trkpt>
      <trkpt lon="-123.264511" lat="44.586928"><ele>71.740013</ele><time>2021-01-19T21:45:31Z</time><extensions><speed>0.143494</speed><course>169.720947</course><hAcc>0.859769</hAcc><vAcc>0.614485</vAcc></extensions></trkpt>
      <trkpt lon="-123.264512" lat="44.586927"><ele>71.726227</ele><time>2021-01-19T21:45:32Z</time><extensions><speed>0.176519</speed><course>156.382919</course><hAcc>0.869320</hAcc><vAcc>0.620066</vAcc></extensions></trkpt>
      <trkpt lon="-123.264512" lat="44.586925"><ele>71.716919</ele><time>2021-01-19T21:45:33Z</time><extensions><speed>0.208933</speed><course>146.667694</course><hAcc>0.879191</hAcc><vAcc>0.625837</vAcc></extensions></trkpt>
      <trkpt lon="-123.264512" lat="44.586923"><ele>71.712669</ele><time>2021-01-19T21:45:34Z</time><extensions><speed>0.239390</speed><course>120.112343</course><hAcc>0.888459</hAcc><vAcc>0.631262</vAcc></extensions></trkpt>
      <trkpt lon="-123.264512" lat="44.586921"><ele>71.713943</ele><time>2021-01-19T21:45:35Z</time><extensions><speed>0.267687</speed><course>195.247620</course><hAcc>0.896581</hAcc><vAcc>0.636019</vAcc></extensions></trkpt>
      <trkpt lon="-123.264512" lat="44.586918"><ele>71.720947</ele><time>2021-01-19T21:45:36Z</time><extensions><speed>0.294507</speed><course>203.876511</course><hAcc>0.903316</hAcc><vAcc>0.639964</vAcc></extensions></trkpt>
      <trkpt lon="-123.264513" lat="44.586916"><ele>71.733505</ele><time>2021-01-19T21:45:37Z</time><extensions><speed>0.321076</speed><course>202.443024</course><hAcc>0.908638</hAcc><vAcc>0.643083</vAcc></extensions></trkpt>
      <trkpt lon="-123.264514" lat="44.586913"><ele>71.751152</ele><time>2021-01-19T21:45:38Z</time><extensions><speed>0.347614</speed><course>197.870041</course><hAcc>0.912659</hAcc><vAcc>0.645439</vAcc></extensions></trkpt>
      <trkpt lon="-123.264516" lat="44.586910"><ele>71.773148</ele><time>2021-01-19T21:45:39Z</time><extensions><speed>0.372494</speed><course>279.826111</course><hAcc>0.915556</hAcc><vAcc>0.647136</vAcc></extensions></trkpt>
      <trkpt lon="-123.264518" lat="44.586907"><ele>71.798615</ele><time>2021-01-19T21:45:40Z</time><extensions><speed>0.392548</speed><course>266.135468</course><hAcc>0.917521</hAcc><vAcc>0.648287</vAcc></extensions></trkpt>
      <trkpt lon="-123.264521" lat="44.586904"><ele>71.826576</ele><time>2021-01-19T21:45:41Z</time><extensions><speed>0.403928</speed><course>202.861115</course><hAcc>0.918729</hAcc><vAcc>0.648994</vAcc></extensions></trkpt>
      <trkpt lon="-123.264523" lat="44.586901"><ele>71.855927</ele><time>2021-01-19T21:45:42Z</time><extensions><speed>0.404178</speed><course>169.809540</course><hAcc>0.919305</hAcc><vAcc>0.649331</vAcc></extensions></trkpt>
      <trkpt lon="-123.264526" lat="44.586898"><ele>71.885284</ele><time>2021-01-19T21:45:43Z</time><extensions><speed>0.394132</speed><course>153.571533</course><hAcc>0.919330</hAcc><vAcc>0.649347</vAcc></extensions></trkpt>
      <trkpt lon="-123.264529" lat="44.586895"><ele>71.913315</ele><time>2021-01-19T21:45:44Z</time><extensions><speed>0.376935</speed><course>151.809784</course><hAcc>0.918795</hAcc><vAcc>0.649037</vAcc></extensions></trkpt>
      <trkpt lon="-123.264532" lat="44.586892"><ele>71.938683</ele><time>2021-01-19T21:45:45Z</time><extensions><speed>0.356327</speed><course>127.552864</course><hAcc>0.917595</hAcc><vAcc>0.648334</vAcc></extensions></trkpt>
      <trkpt lon="-123.264534" lat="44.586890"><ele>71.960342</ele><time>2021-01-19T21:45:46Z</time><extensions><speed>0.335516</speed><course>110.108582</course><hAcc>0.915568</hAcc><vAcc>0.647140</vAcc></extensions></trkpt>
      <trkpt lon="-123.264537" lat="44.586887"><ele>71.977592</ele><time>2021-01-19T21:45:47Z</time><extensions><speed>0.316173</speed><course>77.191521</course><hAcc>0.912485</hAcc><vAcc>0.645317</vAcc></extensions></trkpt>
      <trkpt lon="-123.264539" lat="44.586885"><ele>71.989975</ele><time>2021-01-19T21:45:48Z</time><extensions><speed>0.298109</speed><course>242.213943</course><hAcc>0.908062</hAcc><vAcc>0.642694</vAcc></extensions></trkpt>
      <trkpt lon="-123.264541" lat="44.586883"><ele>71.997391</ele><time>2021-01-19T21:45:49Z</time><extensions><speed>0.279549</speed><course>176.544250</course><hAcc>0.901995</hAcc><vAcc>0.639087</vAcc></extensions></trkpt>
      <trkpt lon="-123.264543" lat="44.586881"><ele>72.000366</ele><time>2021-01-19T21:45:50Z</time><extensions><speed>0.258845</speed><course>155.907043</course><hAcc>0.893997</hAcc><vAcc>0.634320</vAcc></extensions></trkpt>
      <trkpt lon="-123.264545" lat="44.586879"><ele>71.999985</ele><time>2021-01-19T21:45:51Z</time><extensions><speed>0.235288</speed><course>172.920776</course><hAcc>0.883864</hAcc><vAcc>0.628272</vAcc></extensions></trkpt>
      <trkpt lon="-123.264547" lat="44.586878"><ele>71.997566</ele><time>2021-01-19T21:45:52Z</time><extensions><speed>0.207851</speed><course>182.788147</course><hAcc>0.871558</hAcc><vAcc>0.620915</vAcc></extensions></trkpt>
      <trkpt lon="-123.264548" lat="44.586876"><ele>71.994446</ele><time>2021-01-19T21:45:53Z</time><extensions><speed>0.175389</speed><course>186.650345</course><hAcc>0.857308</hAcc><vAcc>0.612387</vAcc></extensions></trkpt>
      <trkpt lon="-123.264550" lat="44.586875"><ele>71.991783</ele><time>2021-01-19T21:45:54Z</time><extensions><speed>0.137439</speed><course>177.987686</course><hAcc>0.841725</hAcc><vAcc>0.603047</vAcc></extensions></trkpt>
      <trkpt lon="-123.264550" lat="44.586874"><ele>71.990364</ele><time>2021-01-19T21:45:55Z</time><extensions><speed>0.093636</speed><course>179.725815</course><hAcc>0.825888</hAcc><vAcc>0.593539</vAcc></extensions></trkpt>
      <trkpt lon="-123.264551" lat="44.586874"><ele>71.990547</ele><time>2021-01-19T21:45:56Z</time><extensions><speed>0.044747</speed><course>189.781006</course><hAcc>0.811173</hAcc><vAcc>0.584682</vAcc></extensions></trkpt>
      <trkpt lon="-123.264551" lat="44.586874"><ele>71.992241</ele><time>2021-01-19T21:45:57Z</time><extensions><speed>0.019551</speed><course>177.560974</course><hAcc>0.798654</hAcc><vAcc>0.577121</vAcc></extensions></trkpt>
      <trkpt lon="-123.264550" lat="44.586874"><ele>71.994881</ele><time>2021-01-19T21:45:58Z</time><extensions><speed>0.073343</speed><course>174.978210</course><hAcc>0.788981</hAcc><vAcc>0.571257</vAcc></extensions></trkpt>
      <trkpt lon="-123.264549" lat="44.586874"><ele>71.997726</ele><time>2021-01-19T21:45:59Z</time><extensions><speed>0.133085</speed><course>169.255493</course><hAcc>0.782466</hAcc><vAcc>0.567293</vAcc></extensions></trkpt>
      <trkpt lon="-123.264548" lat="44.586876"><ele>72.000206</ele><time>2021-01-19T21:46:00Z</time><extensions><speed>0.192989</speed><course>141.348190</course><hAcc>0.779206</hAcc><vAcc>0.565304</vAcc></extensions></trkpt>
      <trkpt lon="-123.264546" lat="44.586877"><ele>72.001953</ele><time>2021-01-19T21:46:01Z</time><extensions><speed>0.250883</speed><course>144.367065</course><hAcc>0.779190</hAcc><vAcc>0.565292</vAcc></extensions></trkpt>
      <trkpt lon="-123.264544" lat="44.586879"><ele>72.002861</ele><time>2021-01-19T21:46:02Z</time><extensions><speed>0.304412</speed><course>124.937927</course><hAcc>0.782356</hAcc><vAcc>0.567222</vAcc></extensions></trkpt>
      <trkpt lon="-123.264542" lat="44.586882"><ele>72.003113</ele><time>2021-01-19T21:46:03Z</time><extensions><speed>0.351780</speed><course>113.106529</course><hAcc>0.788583</hAcc><vAcc>0.571011</vAcc></extensions></trkpt>
      <trkpt lon="-123.264539" lat="44.586884"><ele>72.003128</ele><time>2021-01-19T21:46:04Z</time><extensions><speed>0.392757</speed><course>150.635651</course><hAcc>0.797615</hAcc><vAcc>0.576494</vAcc></extensions></trkpt>
      <trkpt lon="-123.264537" lat="44.586888"><ele>72.003365</ele><time>2021-01-19T21:46:05Z</time><extensions><speed>0.427405</speed><course>128.511154</course><hAcc>0.808945</hAcc><vAcc>0.583350</vAcc></extensions></trkpt>
      <trkpt lon="-123.264534" lat="44.586891"><ele>72.004204</ele><time>2021-01-19T21:46:06Z</time><extensions><speed>0.454664</speed><course>121.997162</course><hAcc>0.821683</hAcc><vAcc>0.591036</vAcc></extensions></trkpt>
      <trkpt lon="-123.264532" lat="44.586895"><ele>72.005844</ele><time>2021-01-19T21:46:07Z</time><extensions><speed>0.473734</speed><course>123.335175</course><hAcc>0.834456</hAcc><vAcc>0.598725</vAcc></extensions></trkpt>
      <trkpt lon="-123.264530" lat="44.586899"><ele>72.008133</ele><time>2021-01-19T21:46:08Z</time><extensions><speed>0.484407</speed><course>123.332901</course><hAcc>0.845622</hAcc><vAcc>0.605440</vAcc></extensions></trkpt>
      <trkpt lon="-123.264528" lat="44.586903"><ele>72.010521</ele><time>2021-01-19T21:46:09Z</time><extensions><speed>0.486541</speed><course>121.890015</course><hAcc>0.853795</hAcc><vAcc>0.610353</vAcc></extensions></trkpt>
      <trkpt lon="-123.264526" lat="44.586907"><ele>72.012413</ele><time>2021-01-19T21:46:10Z</time><extensions><speed>0.479679</speed><course>103.420784</course><hAcc>0.858084</hAcc><vAcc>0.612931</vAcc></extensions></trkpt>
      <trkpt lon="-123.264525" lat="44.586912"><ele>72.013351</ele><time>2021-01-19T21:46:11Z</time><extensions><speed>0.463148</speed><course>82.377686</course><hAcc>0.858062</hAcc><vAcc>0.612918</vAcc></extensions></trkpt>
      <trkpt lon="-123.264525" lat="44.586916"><ele>72.013084</ele><time>2021-01-19T21:46:12Z</time><extensions><speed>0.436900</speed><course>95.219193</course><hAcc>0.853729</hAcc><vAcc>0.610313</vAcc></extensions></trkpt>
      <trkpt lon="-123.264524" lat="44.586919"><ele>72.011574</ele><time>2021-01-19T21:46:13Z</time><extensions><speed>0.401575</speed><course>108.131279</course><hAcc>0.845515</hAcc><vAcc>0.605374</vAcc></extensions></trkpt>
      <trkpt lon="-123.264524" lat="44.586923"><ele>72.008919</ele><time>2021-01-19T21:46:14Z</time><extensions><speed>0.358112</speed><course>94.574608</course><hAcc>0.834311</hAcc><vAcc>0.598637</vAcc></extensions></trkpt>
      <trkpt lon="-123.264524" lat="44.586926"><ele>72.005280</ele><time>2021-01-19T21:46:15Z</time><extensions><speed>0.307498</speed><course>59.282730</course><hAcc>0.821508</hAcc><vAcc>0.590929</vAcc></extensions></trkpt>
      <trkpt lon="-123.264524" lat="44.586928"><ele>72.000969</ele><time>2021-01-19T21:46:16Z</time><extensions><speed>0.251692</speed><course>42.529472</course><hAcc>0.808751</hAcc><vAcc>0.583231</vAcc></extensions></trkpt>
      <trkpt lon="-123.264525" lat="44.586930"><ele>71.996498</ele><time>2021-01-19T21:46:17Z</time><extensions><speed>0.193514</speed><course>48.398193</course><hAcc>0.797415</hAcc><vAcc>0.576372</vAcc></extensions></trkpt>
      <trkpt lon="-123.264525" lat="44.586932"><ele>71.992393</ele><time>2021-01-19T21:46:18Z</time><extensions><speed>0.135640</speed><course>46.187801</course><hAcc>0.788394</hAcc><vAcc>0.570895</vAcc></extensions></trkpt>
      <trkpt lon="-123.264526" lat="44.586933"><ele>71.988899</ele><time>2021-01-19T21:46:19Z</time><extensions><speed>0.080516</speed><course>45.849556</course><hAcc>0.782190</hAcc><vAcc>0.567118</vAcc></extensions></trkpt>
      <trkpt lon="-123.264526" lat="44.586933"><ele>71.985855</ele><time>2021-01-19T21:46:20Z</time><extensions><speed>0.031714</speed><course>52.171581</course><hAcc>0.779041</hAcc><vAcc>0.565197</vAcc></extensions></trkpt>
      <trkpt lon="-123.264526" lat="44.586933"><ele>71.982803</ele><time>2021-01-19T21:46:21Z</time><extensions><speed>0.027045</speed><course>80.423882</course><hAcc>0.779036</hAcc><vAcc>0.565193</vAcc></extensions></trkpt>
      <trkpt lon="-123.264526" lat="44.586933"><ele>71.978920</ele><time>2021-01-19T21:46:22Z</time><extensions><speed>0.066684</speed><course>122.651978</course><hAcc>0.782174</hAcc><vAcc>0.567106</vAcc></extensions></trkpt>
      <trkpt lon="-123.264526" lat="44.586932"><ele>71.973167</ele><time>2021-01-19T21:46:23Z</time><extensions><speed>0.107346</speed><course>151.770630</course><hAcc>0.788366</hAcc><vAcc>0.570875</vAcc></extensions></trkpt>
      <trkpt lon="-123.264525" lat="44.586931"><ele>71.964516</ele><time>2021-01-19T21:46:24Z</time><extensions><speed>0.147828</speed><course>137.713745</course><hAcc>0.797371</hAcc><vAcc>0.576340</vAcc></extensions></trkpt>
      <trkpt lon="-123.264523" lat="44.586930"><ele>71.952271</ele><time>2021-01-19T21:46:25Z</time><extensions><speed>0.186882</speed><course>132.663712</course><hAcc>0.808691</hAcc><vAcc>0.583190</vAcc></extensions></trkpt>
      <trkpt lon="-123.264521" lat="44.586929"><ele>71.936378</ele><time>2021-01-19T21:46:26Z</time><extensions><speed>0.220734</speed><course>64.193901</course><hAcc>0.821457</hAcc><vAcc>0.590893</vAcc></extensions></trkpt>
      <trkpt lon="-123.264518" lat="44.586928"><ele>71.917656</ele><time>2021-01-19T21:46:27Z</time><extensions><speed>0.244276</speed><course>49.281548</course><hAcc>0.834261</hAcc><vAcc>0.598603</vAcc></extensions></trkpt>
      <trkpt lon="-123.264516" lat="44.586927"><ele>71.897507</ele><time>2021-01-19T21:46:28Z</time><extensions><speed>0.254639</speed><course>57.649078</course><hAcc>0.845462</hAcc><vAcc>0.605340</vAcc></extensions></trkpt>
      <trkpt lon="-123.264513" lat="44.586925"><ele>71.877487</ele><time>2021-01-19T21:46:29Z</time><extensions><speed>0.251922</speed><course>80.757988</course><hAcc>0.853669</hAcc><vAcc>0.610274</vAcc></extensions></trkpt>
      <trkpt lon="-123.264511" lat="44.586924"><ele>71.859131</ele><time>2021-01-19T21:46:30Z</time><extensions><speed>0.238596</speed><course>115.387238</course><hAcc>0.857991</hAcc><vAcc>0.612873</vAcc></extensions></trkpt>
      <trkpt lon="-123.264509" lat="44.586923"><ele>71.843658</ele><time>2021-01-19T21:46:31Z</time><extensions><speed>0.220274</speed><course>160.061096</course><hAcc>0.857999</hAcc><vAcc>0.612879</vAcc></extensions></trkpt>
      <trkpt lon="-123.264507" lat="44.586921"><ele>71.831787</ele><time>2021-01-19T21:46:32Z</time><extensions><speed>0.206185</speed><course>176.926865</course><hAcc>0.853692</hAcc><vAcc>0.610291</vAcc></extensions></trkpt>
      <trkpt lon="-123.264506" lat="44.586919"><ele>71.823875</ele><time>2021-01-19T21:46:33Z</time><extensions><speed>0.205325</speed><course>179.044937</course><hAcc>0.845503</hAcc><vAcc>0.605370</vAcc></extensions></trkpt>
      <trkpt lon="-123.264506" lat="44.586917"><ele>71.820137</ele><time>2021-01-19T21:46:34Z</time><extensions><speed>0.219772</speed><course>175.998154</course><hAcc>0.834324</hAcc><vAcc>0.598648</vAcc></extensions></trkpt>
      <trkpt lon="-123.264507" lat="44.586915"><ele>71.820869</ele><time>2021-01-19T21:46:35Z</time><extensions><speed>0.243588</speed><course>202.074661</course><hAcc>0.821545</hAcc><vAcc>0.590956</vAcc></extensions></trkpt>
      <trkpt lon="-123.264508" lat="44.586913"><ele>71.826332</ele><time>2021-01-19T21:46:36Z</time><extensions><speed>0.267319</speed><course>168.391983</course><hAcc>0.808812</hAcc><vAcc>0.583275</vAcc></extensions></trkpt>
      <trkpt lon="-123.264509" lat="44.586911"><ele>71.836426</ele><time>2021-01-19T21:46:37Z</time><extensions><speed>0.282880</speed><course>160.437302</course><hAcc>0.797502</hAcc><vAcc>0.576433</vAcc></extensions></trkpt>
      <trkpt lon="-123.264510" lat="44.586908"><ele>71.850548</ele><time>2021-01-19T21:46:38Z</time><extensions><speed>0.286701</speed><course>158.538422</course><hAcc>0.788506</hAcc><vAcc>0.570973</vAcc></extensions></trkpt>
      <trkpt lon="-123.264512" lat="44.586906"><ele>71.867683</ele><time>2021-01-19T21:46:39Z</time><extensions><speed>0.278347</speed><course>159.015701</course><hAcc>0.782325</hAcc><vAcc>0.567211</vAcc></extensions></trkpt>
      <trkpt lon="-123.264513" lat="44.586904"><ele>71.886459</ele><time>2021-01-19T21:46:40Z</time><extensions><speed>0.258234</speed><course>169.114212</course><hAcc>0.779197</hAcc><vAcc>0.565302</vAcc></extensions></trkpt>
      <trkpt lon="-123.264515" lat="44.586902"><ele>71.905540</ele><time>2021-01-19T21:46:41Z</time><extensions><speed>0.228058</speed><course>167.561600</course><hAcc>0.779207</hAcc><vAcc>0.565307</vAcc></extensions></trkpt>
      <trkpt lon="-123.264516" lat="44.586900"><ele>71.924019</ele><time>2021-01-19T21:46:42Z</time><extensions><speed>0.192171</speed><course>168.742630</course><hAcc>0.782353</hAcc><vAcc>0.567224</vAcc></extensions></trkpt>
      <trkpt lon="-123.264518" lat="44.586899"><ele>71.941673</ele><time>2021-01-19T21:46:43Z</time><extensions><speed>0.156868</speed><course>170.137146</course><hAcc>0.788548</hAcc><vAcc>0.570993</vAcc></extensions></trkpt>
      <trkpt lon="-123.264519" lat="44.586899"><ele>71.959099</ele><time>2021-01-19T21:46:44Z</time><extensions><speed>0.129144</speed><course>127.467979</course><hAcc>0.797562</hAcc><vAcc>0.576464</vAcc></extensions></trkpt>
      <trkpt lon="-123.264521" lat="44.586898"><ele>71.977409</ele><time>2021-01-19T21:46:45Z</time><extensions><speed>0.119281</speed><course>-1.000000</course><hAcc>0.808901</hAcc><vAcc>0.583325</vAcc></extensions></trkpt>
      <trkpt lon="-123.264522" lat="44.586898"><ele>71.997429</ele><time>2021-01-19T21:46:46Z</time><extensions><speed>0.118947</speed><course>-1.000000</course><hAcc>0.821728</hAcc><vAcc>0.591069</vAcc></extensions></trkpt>
      <trkpt lon="-123.264524" lat="44.586898"><ele>72.019630</ele><time>2021-01-19T21:46:47Z</time><extensions><speed>0.124571</speed><course>-1.000000</course><hAcc>0.834711</hAcc><vAcc>0.598896</vAcc></extensions></trkpt>
      <trkpt lon="-123.264525" lat="44.586898"><ele>72.044128</ele><time>2021-01-19T21:46:48Z</time><extensions><speed>0.130742</speed><course>-1.000000</course><hAcc>0.846294</hAcc><vAcc>0.605883</vAcc></extensions></trkpt>
      <trkpt lon="-123.264527" lat="44.586898"><ele>72.070755</ele><time>2021-01-19T21:46:49Z</time><extensions><speed>0.135190</speed><course>-1.000000</course><hAcc>0.855212</hAcc><vAcc>0.611281</vAcc></extensions></trkpt>
      <trkpt lon="-123.264529" lat="44.586899"><ele>72.099121</ele><time>2021-01-19T21:46:50Z</time><extensions><speed>0.137581</speed><course>-1.000000</course><hAcc>0.860752</hAcc><vAcc>0.614667</vAcc></extensions></trkpt>
      <trkpt lon="-123.264530" lat="44.586899"><ele>72.128395</ele><time>2021-01-19T21:46:51Z</time><extensions><speed>0.139012</speed><course>356.800995</course><hAcc>0.862716</hAcc><vAcc>0.615927</vAcc></extensions></trkpt>
      <trkpt lon="-123.264532" lat="44.586900"><ele>72.157166</ele><time>2021-01-19T21:46:52Z</time><extensions><speed>0.142524</speed><course>7.867084</course><hAcc>0.861400</hAcc><vAcc>0.615240</vAcc></extensions></trkpt>
      <trkpt lon="-123.264533" lat="44.586901"><ele>72.183563</ele><time>2021-01-19T21:46:53Z</time><extensions><speed>0.153282</speed><course>20.363853</course><hAcc>0.857579</hAcc><vAcc>0.613069</vAcc></extensions></trkpt>
      <trkpt lon="-123.264534" lat="44.586902"><ele>72.205574</ele><time>2021-01-19T21:46:54Z</time><extensions><speed>0.175705</speed><course>15.183643</course><hAcc>0.852515</hAcc><vAcc>0.610158</vAcc></extensions></trkpt>
      <trkpt lon="-123.264535" lat="44.586904"><ele>72.221146</ele><time>2021-01-19T21:46:55Z</time><extensions><speed>0.209478</speed><course>10.986561</course><hAcc>0.847916</hAcc><vAcc>0.607510</vAcc></extensions></trkpt>
      <trkpt lon="-123.264536" lat="44.586906"><ele>72.228630</ele><time>2021-01-19T21:46:56Z</time><extensions><speed>0.249421</speed><course>4.165410</course><hAcc>0.845575</hAcc><vAcc>0.606171</vAcc></extensions></trkpt>
      <trkpt lon="-123.264536" lat="44.586908"><ele>72.227295</ele><time>2021-01-19T21:46:57Z</time><extensions><speed>0.288100</speed><course>6.938199</course><hAcc>0.846675</hAcc><vAcc>0.606830</vAcc></extensions></trkpt>
      <trkpt lon="-123.264537" lat="44.586911"><ele>72.217682</ele><time>2021-01-19T21:46:58Z</time><extensions><speed>0.319491</speed><course>20.878244</course><hAcc>0.851393</hAcc><vAcc>0.609593</vAcc></extensions></trkpt>
      <trkpt lon="-123.264537" lat="44.586914"><ele>72.201111</ele><time>2021-01-19T21:46:59Z</time><extensions><speed>0.341275</speed><course>29.465908</course><hAcc>0.858889</hAcc><vAcc>0.613974</vAcc></extensions></trkpt>
      <trkpt lon="-123.264538" lat="44.586917"><ele>72.179024</ele><time>2021-01-19T21:47:00Z</time><extensions><speed>0.354512</speed><course>29.208710</course><hAcc>0.867663</hAcc><vAcc>0.619101</vAcc></extensions></trkpt>
      <trkpt lon="-123.264539" lat="44.586920"><ele>72.152634</ele><time>2021-01-19T21:47:01Z</time><extensions><speed>0.361110</speed><course>33.199429</course><hAcc>0.876221</hAcc><vAcc>0.624104</vAcc></extensions></trkpt>
      <trkpt lon="-123.264540" lat="44.586923"><ele>72.122841</ele><time>2021-01-19T21:47:02Z</time><extensions><speed>0.362110</speed><course>33.792309</course><hAcc>0.883417</hAcc><vAcc>0.628309</vAcc></extensions></trkpt>
      <trkpt lon="-123.264541" lat="44.586926"><ele>72.090439</ele><time>2021-01-19T21:47:03Z</time><extensions><speed>0.357800</speed><course>41.925011</course><hAcc>0.888435</hAcc><vAcc>0.631233</vAcc></extensions></trkpt>
      <trkpt lon="-123.264543" lat="44.586929"><ele>72.056541</ele><time>2021-01-19T21:47:04Z</time><extensions><speed>0.348182</speed><course>31.707575</course><hAcc>0.890734</hAcc><vAcc>0.632552</vAcc></extensions></trkpt>
      <trkpt lon="-123.264544" lat="44.586932"><ele>72.022583</ele><time>2021-01-19T21:47:05Z</time><extensions><speed>0.333288</speed><course>20.184132</course><hAcc>0.889984</hAcc><vAcc>0.632068</vAcc></extensions></trkpt>
      <trkpt lon="-123.264546" lat="44.586935"><ele>71.989815</ele><time>2021-01-19T21:47:06Z</time><extensions><speed>0.314180</speed><course>346.263916</course><hAcc>0.886035</hAcc><vAcc>0.629687</vAcc></extensions></trkpt>
      <trkpt lon="-123.264546" lat="44.586938"><ele>71.959053</ele><time>2021-01-19T21:47:07Z</time><extensions><speed>0.293295</speed><course>338.211090</course><hAcc>0.878915</hAcc><vAcc>0.625426</vAcc></extensions></trkpt>
      <trkpt lon="-123.264547" lat="44.586940"><ele>71.930840</ele><time>2021-01-19T21:47:08Z</time><extensions><speed>0.273809</speed><course>336.133270</course><hAcc>0.868871</hAcc><vAcc>0.619432</vAcc></extensions></trkpt>
      <trkpt lon="-123.264546" lat="44.586942"><ele>71.905472</ele><time>2021-01-19T21:47:09Z</time><extensions><speed>0.259304</speed><course>336.384949</course><hAcc>0.856456</hAcc><vAcc>0.612036</vAcc></extensions></trkpt>
      <trkpt lon="-123.264545" lat="44.586945"><ele>71.883224</ele><time>2021-01-19T21:47:10Z</time><extensions><speed>0.252610</speed><course>336.051086</course><hAcc>0.842623</hAcc><vAcc>0.603806</vAcc></extensions></trkpt>
      <trkpt lon="-123.264544" lat="44.586947"><ele>71.864708</ele><time>2021-01-19T21:47:11Z</time><extensions><speed>0.253829</speed><course>17.492363</course><hAcc>0.828818</hAcc><vAcc>0.595598</vAcc></extensions></trkpt>
      <trkpt lon="-123.264542" lat="44.586948"><ele>71.850868</ele><time>2021-01-19T21:47:12Z</time><extensions><speed>0.257985</speed><course>26.748564</course><hAcc>0.816752</hAcc><vAcc>0.588426</vAcc></extensions></trkpt>
      <trkpt lon="-123.264539" lat="44.586950"><ele>71.842621</ele><time>2021-01-19T21:47:13Z</time><extensions><speed>0.257773</speed><course>25.664934</course><hAcc>0.807867</hAcc><vAcc>0.583142</vAcc></extensions></trkpt>
      <trkpt lon="-123.264536" lat="44.586950"><ele>71.840492</ele><time>2021-01-19T21:47:14Z</time><extensions><speed>0.249180</speed><course>22.014688</course><hAcc>0.803067</hAcc><vAcc>0.580283</vAcc></extensions></trkpt>
      <trkpt lon="-123.264533" lat="44.586951"><ele>71.844437</ele><time>2021-01-19T21:47:15Z</time><extensions><speed>0.230831</speed><course>26.135458</course><hAcc>0.802735</hAcc><vAcc>0.580079</vAcc></extensions></trkpt>
      <trkpt lon="-123.264530" lat="44.586951"><ele>71.854240</ele><time>2021-01-19T21:47:16Z</time><extensions><speed>0.204021</speed><course>36.497326</course><hAcc>0.806760</hAcc><vAcc>0.582466</vAcc></extensions></trkpt>
      <trkpt lon="-123.264528" lat="44.586950"><ele>71.869690</ele><time>2021-01-19T21:47:17Z</time><extensions><speed>0.177913</speed><course>39.491074</course><hAcc>0.814542</hAcc><vAcc>0.587089</vAcc></extensions></trkpt>
      <trkpt lon="-123.264527" lat="44.586949"><ele>71.890396</ele><time>2021-01-19T21:47:18Z</time><extensions><speed>0.171907</speed><course>34.162941</course><hAcc>0.824981</hAcc><vAcc>0.593296</vAcc></extensions></trkpt>
      <trkpt lon="-123.264526" lat="44.586947"><ele>71.915665</ele><time>2021-01-19T21:47:19Z</time><extensions><speed>0.199318</speed><course>359.368774</course><hAcc>0.836466</hAcc><vAcc>0.600134</vAcc></extensions></trkpt>
      <trkpt lon="-123.264526" lat="44.586945"><ele>71.944466</ele><time>2021-01-19T21:47:20Z</time><extensions><speed>0.248527</speed><course>356.570099</course><hAcc>0.847152</hAcc><vAcc>0.606509</vAcc></extensions></trkpt>
      <trkpt lon="-123.264527" lat="44.586943"><ele>71.975807</ele><time>2021-01-19T21:47:21Z</time><extensions><speed>0.302259</speed><course>351.180481</course><hAcc>0.855589</hAcc><vAcc>0.611565</vAcc></extensions></trkpt>
      <trkpt lon="-123.264529" lat="44.586940"><ele>72.008759</ele><time>2021-01-19T21:47:22Z</time><extensions><speed>0.349582</speed><course>2.362148</course><hAcc>0.860900</hAcc><vAcc>0.614779</vAcc></extensions></trkpt>
      <trkpt lon="-123.264531" lat="44.586937"><ele>72.042336</ele><time>2021-01-19T21:47:23Z</time><extensions><speed>0.384603</speed><course>3.659442</course><hAcc>0.862778</hAcc><vAcc>0.615967</vAcc></extensions></trkpt>
      <trkpt lon="-123.264533" lat="44.586934"><ele>72.075432</ele><time>2021-01-19T21:47:24Z</time><extensions><speed>0.404136</speed><course>13.500209</course><hAcc>0.861446</hAcc><vAcc>0.615260</vAcc></extensions></trkpt>
      <trkpt lon="-123.264536" lat="44.586931"><ele>72.106979</ele><time>2021-01-19T21:47:25Z</time><extensions><speed>0.406692</speed><course>25.415602</course><hAcc>0.857637</hAcc><vAcc>0.613092</vAcc></extensions></trkpt>
      <trkpt lon="-123.264539" lat="44.586928"><ele>72.136208</ele><time>2021-01-19T21:47:26Z</time><extensions><speed>0.392400</speed><course>81.235893</course><hAcc>0.852586</hAcc><vAcc>0.610190</vAcc></extensions></trkpt>
      <trkpt lon="-123.264541" lat="44.586925"><ele>72.162704</ele><time>2021-01-19T21:47:27Z</time><extensions><speed>0.362763</speed><course>93.596558</course><hAcc>0.847992</hAcc><vAcc>0.607546</vAcc></extensions></trkpt>
      <trkpt lon="-123.264544" lat="44.586923"><ele>72.186234</ele><time>2021-01-19T21:47:28Z</time><extensions><speed>0.320495</speed><course>83.110382</course><hAcc>0.845643</hAcc><vAcc>0.606206</vAcc></extensions></trkpt>
      <trkpt lon="-123.264546" lat="44.586920"><ele>72.206490</ele><time>2021-01-19T21:47:29Z</time><extensions><speed>0.269700</speed><course>83.623711</course><hAcc>0.846723</hAcc><vAcc>0.606857</vAcc></extensions></trkpt>
      <trkpt lon="-123.264548" lat="44.586919"><ele>72.223099</ele><time>2021-01-19T21:47:30Z</time><extensions><speed>0.214792</speed><course>84.893524</course><hAcc>0.851416</hAcc><vAcc>0.609607</vAcc></extensions></trkpt>
      <trkpt lon="-123.264549" lat="44.586917"><ele>72.235802</ele><time>2021-01-19T21:47:31Z</time><extensions><speed>0.159554</speed><course>101.322388</course><hAcc>0.858886</hAcc><vAcc>0.613975</vAcc></extensions></trkpt>
      <trkpt lon="-123.264550" lat="44.586917"><ele>72.244698</ele><time>2021-01-19T21:47:32Z</time><extensions><speed>0.106675</speed><course>103.006592</course><hAcc>0.867638</hAcc><vAcc>0.619092</vAcc></extensions></trkpt>
      <trkpt lon="-123.264551" lat="44.586916"><ele>72.250175</ele><time>2021-01-19T21:47:33Z</time><extensions><speed>0.058537</speed><course>104.989769</course><hAcc>0.876186</hAcc><vAcc>0.624091</vAcc></extensions></trkpt>
      <trkpt lon="-123.264552" lat="44.586916"><ele>72.252754</ele><time>2021-01-19T21:47:34Z</time><extensions><speed>0.024081</speed><course>105.523544</course><hAcc>0.883386</hAcc><vAcc>0.628301</vAcc></extensions></trkpt>
      <trkpt lon="-123.264552" lat="44.586916"><ele>72.253014</ele><time>2021-01-19T21:47:35Z</time><extensions><speed>0.038353</speed><course>101.683151</course><hAcc>0.888424</hAcc><vAcc>0.631238</vAcc></extensions></trkpt>
      <trkpt lon="-123.264552" lat="44.586917"><ele>72.251579</ele><time>2021-01-19T21:47:36Z</time><extensions><speed>0.067315</speed><course>99.259842</course><hAcc>0.890753</hAcc><vAcc>0.632574</vAcc></extensions></trkpt>
      <trkpt lon="-123.264551" lat="44.586917"><ele>72.249123</ele><time>2021-01-19T21:47:37Z</time><extensions><speed>0.090401</speed><course>92.993484</course><hAcc>0.890032</hAcc><vAcc>0.632102</vAcc></extensions></trkpt>
      <trkpt lon="-123.264551" lat="44.586918"><ele>72.246254</ele><time>2021-01-19T21:47:38Z</time><extensions><speed>0.105193</speed><course>85.478088</course><hAcc>0.886084</hAcc><vAcc>0.629709</vAcc></extensions></trkpt>
      <trkpt lon="-123.264550" lat="44.586919"><ele>72.243500</ele><time>2021-01-19T21:47:39Z</time><extensions><speed>0.111204</speed><course>79.351341</course><hAcc>0.878889</hAcc><vAcc>0.625381</vAcc></extensions></trkpt>
      <trkpt lon="-123.264550" lat="44.586920"><ele>72.241188</ele><time>2021-01-19T21:47:40Z</time><extensions><speed>0.109269</speed><course>55.511490</course><hAcc>0.868621</hAcc><vAcc>0.619216</vAcc></extensions></trkpt>
      <trkpt lon="-123.264549" lat="44.586921"><ele>72.239609</ele><time>2021-01-19T21:47:41Z</time><extensions><speed>0.101325</speed><course>47.085369</course><hAcc>0.855719</hAcc><vAcc>0.611475</vAcc></extensions></trkpt>
      <trkpt lon="-123.264549" lat="44.586922"><ele>72.239037</ele><time>2021-01-19T21:47:42Z</time><extensions><speed>0.089380</speed><course>70.655243</course><hAcc>0.840977</hAcc><vAcc>0.602627</vAcc></extensions></trkpt>
      <trkpt lon="-123.264548" lat="44.586922"><ele>72.239746</ele><time>2021-01-19T21:47:43Z</time><extensions><speed>0.075333</speed><course>100.207962</course><hAcc>0.825632</hAcc><vAcc>0.593406</vAcc></extensions></trkpt>
      <trkpt lon="-123.264548" lat="44.586923"><ele>72.241936</ele><time>2021-01-19T21:47:44Z</time><extensions><speed>0.061422</speed><course>180.081177</course><hAcc>0.811149</hAcc><vAcc>0.584683</vAcc></extensions></trkpt>
      <trkpt lon="-123.264547" lat="44.586923"><ele>72.245621</ele><time>2021-01-19T21:47:45Z</time><extensions><speed>0.050214</speed><course>160.184937</course><hAcc>0.798722</hAcc><vAcc>0.577173</vAcc></extensions></trkpt>
      <trkpt lon="-123.264547" lat="44.586923"><ele>72.250679</ele><time>2021-01-19T21:47:46Z</time><extensions><speed>0.044256</speed><course>351.251984</course><hAcc>0.789068</hAcc><vAcc>0.571318</vAcc></extensions></trkpt>
      <trkpt lon="-123.264547" lat="44.586924"><ele>72.256813</ele><time>2021-01-19T21:47:47Z</time><extensions><speed>0.045690</speed><course>348.130127</course><hAcc>0.782539</hAcc><vAcc>0.567344</vAcc></extensions></trkpt>
      <trkpt lon="-123.264546" lat="44.586924"><ele>72.263527</ele><time>2021-01-19T21:47:48Z</time><extensions><speed>0.055313</speed><course>341.645813</course><hAcc>0.779253</hAcc><vAcc>0.565337</vAcc></extensions></trkpt>
      <trkpt lon="-123.264545" lat="44.586924"><ele>72.270195</ele><time>2021-01-19T21:47:49Z</time><extensions><speed>0.072277</speed><course>334.538452</course><hAcc>0.779209</hAcc><vAcc>0.565307</vAcc></extensions></trkpt>
      <trkpt lon="-123.264544" lat="44.586925"><ele>72.276184</ele><time>2021-01-19T21:47:50Z</time><extensions><speed>0.095570</speed><course>340.424896</course><hAcc>0.782348</hAcc><vAcc>0.567217</vAcc></extensions></trkpt>
      <trkpt lon="-123.264543" lat="44.586925"><ele>72.281021</ele><time>2021-01-19T21:47:51Z</time><extensions><speed>0.124432</speed><course>82.171257</course><hAcc>0.788548</hAcc><vAcc>0.570989</vAcc></extensions></trkpt>
      <trkpt lon="-123.264542" lat="44.586926"><ele>72.284454</ele><time>2021-01-19T21:47:52Z</time><extensions><speed>0.157338</speed><course>114.042061</course><hAcc>0.797563</hAcc><vAcc>0.576459</vAcc></extensions></trkpt>
      <trkpt lon="-123.264540" lat="44.586927"><ele>72.286339</ele><time>2021-01-19T21:47:53Z</time><extensions><speed>0.191985</speed><course>115.744438</course><hAcc>0.808903</hAcc><vAcc>0.583322</vAcc></extensions></trkpt>
      <trkpt lon="-123.264538" lat="44.586928"><ele>72.286621</ele><time>2021-01-19T21:47:54Z</time><extensions><speed>0.224926</speed><course>119.465721</course><hAcc>0.821714</hAcc><vAcc>0.591056</vAcc></extensions></trkpt>
      <trkpt lon="-123.264536" lat="44.586929"><ele>72.285332</ele><time>2021-01-19T21:47:55Z</time><extensions><speed>0.251712</speed><course>132.943588</course><hAcc>0.834681</hAcc><vAcc>0.598874</vAcc></extensions></trkpt>
      <trkpt lon="-123.264533" lat="44.586931"><ele>72.282211</ele><time>2021-01-19T21:47:56Z</time><extensions><speed>0.268911</speed><course>133.407990</course><hAcc>0.846254</hAcc><vAcc>0.605856</vAcc></extensions></trkpt>
      <trkpt lon="-123.264531" lat="44.586933"><ele>72.276627</ele><time>2021-01-19T21:47:57Z</time><extensions><speed>0.276004</speed><course>138.771118</course><hAcc>0.855173</hAcc><vAcc>0.611255</vAcc></extensions></trkpt>
      <trkpt lon="-123.264528" lat="44.586934"><ele>72.267883</ele><time>2021-01-19T21:47:58Z</time><extensions><speed>0.274989</speed><course>161.907135</course><hAcc>0.860723</hAcc><vAcc>0.614648</vAcc></extensions></trkpt>
      <trkpt lon="-123.264526" lat="44.586936"><ele>72.255569</ele><time>2021-01-19T21:47:59Z</time><extensions><speed>0.268483</speed><course>171.485413</course><hAcc>0.862702</hAcc><vAcc>0.615916</vAcc></extensions></trkpt>
      <trkpt lon="-123.264523" lat="44.586937"><ele>72.239479</ele><time>2021-01-19T21:48:00Z</time><extensions><speed>0.258684</speed><course>161.211258</course><hAcc>0.861387</hAcc><vAcc>0.615228</vAcc></extensions></trkpt>
      <trkpt lon="-123.264520" lat="44.586939"><ele>72.219429</ele><time>2021-01-19T21:48:01Z</time><extensions><speed>0.247192</speed><course>157.399338</course><hAcc>0.857522</hAcc><vAcc>0.613027</vAcc></extensions></trkpt>
      <trkpt lon="-123.264518" lat="44.586940"><ele>72.195068</ele><time>2021-01-19T21:48:02Z</time><extensions><speed>0.235487</speed><course>111.266724</course><hAcc>0.852308</hAcc><vAcc>0.610022</vAcc></extensions></trkpt>
      <trkpt lon="-123.264516" lat="44.586941"><ele>72.165932</ele><time>2021-01-19T21:48:03Z</time><extensions><speed>0.225180</speed><course>114.521797</course><hAcc>0.847367</hAcc><vAcc>0.607163</vAcc></extensions></trkpt>
      <trkpt lon="-123.264513" lat="44.586942"><ele>72.131592</ele><time>2021-01-19T21:48:04Z</time><extensions><speed>0.218073</speed><course>120.665840</course><hAcc>0.844368</hAcc><vAcc>0.605426</vAcc></extensions></trkpt>
      <trkpt lon="-123.264512" lat="44.586944"><ele>72.091835</ele><time>2021-01-19T21:48:05Z</time><extensions><speed>0.215342</speed><course>122.384125</course><hAcc>0.844335</hAcc><vAcc>0.605406</vAcc></extensions></trkpt>
      <trkpt lon="-123.264510" lat="44.586945"><ele>72.046913</ele><time>2021-01-19T21:48:06Z</time><extensions><speed>0.216446</speed><course>119.166901</course><hAcc>0.847270</hAcc><vAcc>0.607104</vAcc></extensions></trkpt>
      <trkpt lon="-123.264509" lat="44.586947"><ele>71.997894</ele><time>2021-01-19T21:48:07Z</time><extensions><speed>0.219367</speed><course>117.395050</course><hAcc>0.852148</hAcc><vAcc>0.609926</vAcc></extensions></trkpt>
      <trkpt lon="-123.264508" lat="44.586949"><ele>71.946526</ele><time>2021-01-19T21:48:08Z</time><extensions><speed>0.220787</speed><course>170.837555</course><hAcc>0.857305</hAcc><vAcc>0.612898</vAcc></extensions></trkpt>
      <trkpt lon="-123.264507" lat="44.586951"><ele>71.894623</ele><time>2021-01-19T21:48:09Z</time><extensions><speed>0.216915</speed><course>213.694595</course><hAcc>0.861121</hAcc><vAcc>0.615072</vAcc></extensions></trkpt>
      <trkpt lon="-123.264507" lat="44.586953"><ele>71.843895</ele><time>2021-01-19T21:48:10Z</time><extensions><speed>0.204081</speed><course>159.844162</course><hAcc>0.862400</hAcc><vAcc>0.615741</vAcc></extensions></trkpt>
      <trkpt lon="-123.264507" lat="44.586955"><ele>71.795975</ele><time>2021-01-19T21:48:11Z</time><extensions><speed>0.179725</speed><course>151.264786</course><hAcc>0.860402</hAcc><vAcc>0.614464</vAcc></extensions></trkpt>
      <trkpt lon="-123.264507" lat="44.586956"><ele>71.752289</ele><time>2021-01-19T21:48:12Z</time><extensions><speed>0.145127</speed><course>127.341286</course><hAcc>0.854853</hAcc><vAcc>0.611074</vAcc></extensions></trkpt>
      <trkpt lon="-123.264508" lat="44.586957"><ele>71.713829</ele><time>2021-01-19T21:48:13Z</time><extensions><speed>0.112492</speed><course>96.295044</course><hAcc>0.845950</hAcc><vAcc>0.605684</vAcc></extensions></trkpt>
      <trkpt lon="-123.264509" lat="44.586957"><ele>71.681213</ele><time>2021-01-19T21:48:14Z</time><extensions><speed>0.116996</speed><course>61.144066</course><hAcc>0.834392</hAcc><vAcc>0.598705</vAcc></extensions></trkpt>
      <trkpt lon="-123.264511" lat="44.586957"><ele>71.654968</ele><time>2021-01-19T21:48:15Z</time><extensions><speed>0.174877</speed><course>58.255577</course><hAcc>0.821399</hAcc><vAcc>0.590854</vAcc></extensions></trkpt>
      <trkpt lon="-123.264513" lat="44.586956"><ele>71.635658</ele><time>2021-01-19T21:48:16Z</time><extensions><speed>0.258359</speed><course>59.276054</course><hAcc>0.808447</hAcc><vAcc>0.583003</vAcc></extensions></trkpt>
      <trkpt lon="-123.264516" lat="44.586954"><ele>71.623665</ele><time>2021-01-19T21:48:17Z</time><extensions><speed>0.346394</speed><course>62.162910</course><hAcc>0.796724</hAcc><vAcc>0.575857</vAcc></extensions></trkpt>
      <trkpt lon="-123.264519" lat="44.586951"><ele>71.619095</ele><time>2021-01-19T21:48:18Z</time><extensions><speed>0.427433</speed><course>107.744118</course><hAcc>0.786893</hAcc><vAcc>0.569820</vAcc></extensions></trkpt>
      <trkpt lon="-123.264522" lat="44.586948"><ele>71.621880</ele><time>2021-01-19T21:48:19Z</time><extensions><speed>0.494229</speed><course>68.309509</course><hAcc>0.779175</hAcc><vAcc>0.565034</vAcc></extensions></trkpt>
      <trkpt lon="-123.264525" lat="44.586944"><ele>71.631706</ele><time>2021-01-19T21:48:20Z</time><extensions><speed>0.543133</speed><course>56.437046</course><hAcc>0.773477</hAcc><vAcc>0.561457</vAcc></extensions></trkpt>
      <trkpt lon="-123.264529" lat="44.586940"><ele>71.647957</ele><time>2021-01-19T21:48:21Z</time><extensions><speed>0.572896</speed><course>91.176880</course><hAcc>0.769515</hAcc><vAcc>0.558933</vAcc></extensions></trkpt>
      <trkpt lon="-123.264532" lat="44.586935"><ele>71.669655</ele><time>2021-01-19T21:48:22Z</time><extensions><speed>0.582894</speed><course>76.089302</course><hAcc>0.766931</hAcc><vAcc>0.557256</vAcc></extensions></trkpt>
      <trkpt lon="-123.264536" lat="44.586930"><ele>71.695457</ele><time>2021-01-19T21:48:23Z</time><extensions><speed>0.572379</speed><course>68.919807</course><hAcc>0.765362</hAcc><vAcc>0.556213</vAcc></extensions></trkpt>
      <trkpt lon="-123.264539" lat="44.586926"><ele>71.723839</ele><time>2021-01-19T21:48:24Z</time><extensions><speed>0.541936</speed><course>87.268463</course><hAcc>0.764491</hAcc><vAcc>0.555615</vAcc></extensions></trkpt>
      <trkpt lon="-123.264542" lat="44.586922"><ele>71.753204</ele><time>2021-01-19T21:48:25Z</time><extensions><speed>0.494395</speed><course>186.345673</course><hAcc>0.764063</hAcc><vAcc>0.555305</vAcc></extensions></trkpt>
      <trkpt lon="-123.264544" lat="44.586918"><ele>71.782082</ele><time>2021-01-19T21:48:26Z</time><extensions><speed>0.434052</speed><course>189.990967</course><hAcc>0.763889</hAcc><vAcc>0.555168</vAcc></extensions></trkpt>
      <trkpt lon="-123.264546" lat="44.586915"><ele>71.809311</ele><time>2021-01-19T21:48:27Z</time><extensions><speed>0.365556</speed><course>222.607101</course><hAcc>0.763843</hAcc><vAcc>0.555120</vAcc></extensions></trkpt>
      <trkpt lon="-123.264548" lat="44.586912"><ele>71.833862</ele><time>2021-01-19T21:48:28Z</time><extensions><speed>0.292076</speed><course>226.421860</course><hAcc>0.763842</hAcc><vAcc>0.555111</vAcc></extensions></trkpt>
      <trkpt lon="-123.264548" lat="44.586910"><ele>71.854752</ele><time>2021-01-19T21:48:29Z</time><extensions><speed>0.216613</speed><course>226.003006</course><hAcc>0.763850</hAcc><vAcc>0.555115</vAcc></extensions></trkpt>
      <trkpt lon="-123.264549" lat="44.586908"><ele>71.871208</ele><time>2021-01-19T21:48:30Z</time><extensions><speed>0.145542</speed><course>233.856277</course><hAcc>0.763864</hAcc><vAcc>0.555130</vAcc></extensions></trkpt>
      <trkpt lon="-123.264548" lat="44.586907"><ele>71.882843</ele><time>2021-01-19T21:48:31Z</time><extensions><speed>0.098180</speed><course>231.557098</course><hAcc>0.763916</hAcc><vAcc>0.555180</vAcc></extensions></trkpt>
      <trkpt lon="-123.264547" lat="44.586907"><ele>71.889633</ele><time>2021-01-19T21:48:32Z</time><extensions><speed>0.113902</speed><course>219.802612</course><hAcc>0.764082</hAcc><vAcc>0.555311</vAcc></extensions></trkpt>
      <trkpt lon="-123.264546" lat="44.586907"><ele>71.891953</ele><time>2021-01-19T21:48:33Z</time><extensions><speed>0.176381</speed><course>224.687073</course><hAcc>0.764490</hAcc><vAcc>0.555607</vAcc></extensions></trkpt>
      <trkpt lon="-123.264543" lat="44.586907"><ele>71.890625</ele><time>2021-01-19T21:48:34Z</time><extensions><speed>0.250167</speed><course>237.362518</course><hAcc>0.765328</hAcc><vAcc>0.556185</vAcc></extensions></trkpt>
      <trkpt lon="-123.264540" lat="44.586909"><ele>71.886940</ele><time>2021-01-19T21:48:35Z</time><extensions><speed>0.321572</speed><course>255.856537</course><hAcc>0.766861</hAcc><vAcc>0.557207</vAcc></extensions></trkpt>
      <trkpt lon="-123.264536" lat="44.586910"><ele>71.882591</ele><time>2021-01-19T21:48:36Z</time><extensions><speed>0.383605</speed><course>255.154312</course><hAcc>0.769429</hAcc><vAcc>0.558876</vAcc></extensions></trkpt>
      <trkpt lon="-123.264532" lat="44.586912"><ele>71.879387</ele><time>2021-01-19T21:48:37Z</time><extensions><speed>0.431962</speed><course>270.481476</course><hAcc>0.773432</hAcc><vAcc>0.561429</vAcc></extensions></trkpt>
      <trkpt lon="-123.264527" lat="44.586914"><ele>71.878830</ele><time>2021-01-19T21:48:38Z</time><extensions><speed>0.464230</speed><course>299.376282</course><hAcc>0.779290</hAcc><vAcc>0.565107</vAcc></extensions></trkpt>
      <trkpt lon="-123.264522" lat="44.586916"><ele>71.881927</ele><time>2021-01-19T21:48:39Z</time><extensions><speed>0.479586</speed><course>300.854462</course><hAcc>0.787372</hAcc><vAcc>0.570117</vAcc></extensions></trkpt>
      <trkpt lon="-123.264517" lat="44.586919"><ele>71.889221</ele><time>2021-01-19T21:48:40Z</time><extensions><speed>0.479131</speed><course>310.866730</course><hAcc>0.797884</hAcc><vAcc>0.576565</vAcc></extensions></trkpt>
      <trkpt lon="-123.264512" lat="44.586921"><ele>71.900772</ele><time>2021-01-19T21:48:41Z</time><extensions><speed>0.465837</speed><course>316.350983</course><hAcc>0.810734</hAcc><vAcc>0.584383</vAcc></extensions></trkpt>
      <trkpt lon="-123.264507" lat="44.586923"><ele>71.916306</ele><time>2021-01-19T21:48:42Z</time><extensions><speed>0.444243</speed><course>289.301910</course><hAcc>0.825394</hAcc><vAcc>0.593248</vAcc></extensions></trkpt>
      <trkpt lon="-123.264502" lat="44.586925"><ele>71.935257</ele><time>2021-01-19T21:48:43Z</time><extensions><speed>0.418988</speed><course>273.901917</course><hAcc>0.840795</hAcc><vAcc>0.602521</vAcc></extensions></trkpt>
      <trkpt lon="-123.264498" lat="44.586927"><ele>71.956886</ele><time>2021-01-19T21:48:44Z</time><extensions><speed>0.392298</speed><course>224.563278</course><hAcc>0.855536</hAcc><vAcc>0.611377</vAcc></extensions></trkpt>
      <trkpt lon="-123.264494" lat="44.586929"><ele>71.980370</ele><time>2021-01-19T21:48:45Z</time><extensions><speed>0.364154</speed><course>198.650375</course><hAcc>0.868403</hAcc><vAcc>0.619096</vAcc></extensions></trkpt>
      <trkpt lon="-123.264490" lat="44.586931"><ele>72.004730</ele><time>2021-01-19T21:48:46Z</time><extensions><speed>0.333944</speed><course>175.713699</course><hAcc>0.878580</hAcc><vAcc>0.625196</vAcc></extensions></trkpt>
      <trkpt lon="-123.264487" lat="44.586932"><ele>72.029007</ele><time>2021-01-19T21:48:47Z</time><extensions><speed>0.301595</speed><course>158.282288</course><hAcc>0.885576</hAcc><vAcc>0.629388</vAcc></extensions></trkpt>
      <trkpt lon="-123.264484" lat="44.586934"><ele>72.052330</ele><time>2021-01-19T21:48:48Z</time><extensions><speed>0.267724</speed><course>148.572021</course><hAcc>0.889130</hAcc><vAcc>0.631516</vAcc></extensions></trkpt>
      <trkpt lon="-123.264482" lat="44.586936"><ele>72.073692</ele><time>2021-01-19T21:48:49Z</time><extensions><speed>0.232270</speed><course>114.395020</course><hAcc>0.889137</hAcc><vAcc>0.631521</vAcc></extensions></trkpt>
      <trkpt lon="-123.264480" lat="44.586937"><ele>72.091743</ele><time>2021-01-19T21:48:50Z</time><extensions><speed>0.196011</speed><course>114.533447</course><hAcc>0.885614</hAcc><vAcc>0.629416</vAcc></extensions></trkpt>
      <trkpt lon="-123.264480" lat="44.586939"><ele>72.105042</ele><time>2021-01-19T21:48:51Z</time><extensions><speed>0.163818</speed><course>74.243073</course><hAcc>0.878708</hAcc><vAcc>0.625291</vAcc></extensions></trkpt>
      <trkpt lon="-123.264480" lat="44.586940"><ele>72.112396</ele><time>2021-01-19T21:48:52Z</time><extensions><speed>0.148594</speed><course>70.102676</course><hAcc>0.868744</hAcc><vAcc>0.619344</vAcc></extensions></trkpt>
      <trkpt lon="-123.264481" lat="44.586941"><ele>72.113190</ele><time>2021-01-19T21:48:53Z</time><extensions><speed>0.167081</speed><course>29.157429</course><hAcc>0.856315</hAcc><vAcc>0.611933</vAcc></extensions></trkpt>
      <trkpt lon="-123.264483" lat="44.586942"><ele>72.107491</ele><time>2021-01-19T21:48:54Z</time><extensions><speed>0.217612</speed><course>22.900002</course><hAcc>0.842423</hAcc><vAcc>0.603658</vAcc></extensions></trkpt>
      <trkpt lon="-123.264486" lat="44.586943"><ele>72.096054</ele><time>2021-01-19T21:48:55Z</time><extensions><speed>0.284621</speed><course>26.413395</course><hAcc>0.828478</hAcc><vAcc>0.595358</vAcc></extensions></trkpt>
      <trkpt lon="-123.264490" lat="44.586944"><ele>72.080009</ele><time>2021-01-19T21:48:56Z</time><extensions><speed>0.355021</speed><course>36.094204</course><hAcc>0.816169</hAcc><vAcc>0.588030</vAcc></extensions></trkpt>
      <trkpt lon="-123.264495" lat="44.586944"><ele>72.060524</ele><time>2021-01-19T21:48:57Z</time><extensions><speed>0.419716</speed><course>58.201183</course><hAcc>0.806915</hAcc><vAcc>0.582517</vAcc></extensions></trkpt>
      <trkpt lon="-123.264500" lat="44.586944"><ele>72.038864</ele><time>2021-01-19T21:48:58Z</time><extensions><speed>0.471409</speed><course>36.681454</course><hAcc>0.801605</hAcc><vAcc>0.579351</vAcc></extensions></trkpt>
      <trkpt lon="-123.264506" lat="44.586945"><ele>72.016319</ele><time>2021-01-19T21:48:59Z</time><extensions><speed>0.503965</speed><course>24.806076</course><hAcc>0.800633</hAcc><vAcc>0.578767</vAcc></extensions></trkpt>
      <trkpt lon="-123.264513" lat="44.586945"><ele>71.993980</ele><time>2021-01-19T21:49:00Z</time><extensions><speed>0.514230</speed><course>24.848604</course><hAcc>0.803937</hAcc><vAcc>0.580734</vAcc></extensions></trkpt>
      <trkpt lon="-123.264519" lat="44.586945"><ele>71.972466</ele><time>2021-01-19T21:49:01Z</time><extensions><speed>0.502978</speed><course>321.855042</course><hAcc>0.811025</hAcc><vAcc>0.584961</vAcc></extensions></trkpt>
      <trkpt lon="-123.264525" lat="44.586945"><ele>71.951866</ele><time>2021-01-19T21:49:02Z</time><extensions><speed>0.474114</speed><course>311.773346</course><hAcc>0.820974</hAcc><vAcc>0.590901</vAcc></extensions></trkpt>
      <trkpt lon="-123.264531" lat="44.586945"><ele>71.931946</ele><time>2021-01-19T21:49:03Z</time><extensions><speed>0.433616</speed><course>234.342697</course><hAcc>0.832435</hAcc><vAcc>0.597752</vAcc></extensions></trkpt>
      <trkpt lon="-123.264536" lat="44.586945"><ele>71.912498</ele><time>2021-01-19T21:49:04Z</time><extensions><speed>0.386064</speed><course>197.948227</course><hAcc>0.843906</hAcc><vAcc>0.604624</vAcc></extensions></trkpt>
      <trkpt lon="-123.264541" lat="44.586945"><ele>71.893204</ele><time>2021-01-19T21:49:05Z</time><extensions><speed>0.334147</speed><course>180.582977</course><hAcc>0.854277</hAcc><vAcc>0.610850</vAcc></extensions></trkpt>
      <trkpt lon="-123.264544" lat="44.586945"><ele>71.873772</ele><time>2021-01-19T21:49:06Z</time><extensions><speed>0.281091</speed><course>181.310913</course><hAcc>0.863033</hAcc><vAcc>0.616113</vAcc></extensions></trkpt>
      <trkpt lon="-123.264548" lat="44.586945"><ele>71.854340</ele><time>2021-01-19T21:49:07Z</time><extensions><speed>0.230955</speed><course>181.190872</course><hAcc>0.870127</hAcc><vAcc>0.620373</vAcc></extensions></trkpt>
      <trkpt lon="-123.264550" lat="44.586945"><ele>71.835510</ele><time>2021-01-19T21:49:08Z</time><extensions><speed>0.189507</speed><course>169.110062</course><hAcc>0.875538</hAcc><vAcc>0.623607</vAcc></extensions></trkpt>
      <trkpt lon="-123.264553" lat="44.586945"><ele>71.818008</ele><time>2021-01-19T21:49:09Z</time><extensions><speed>0.161844</speed><course>126.639259</course><hAcc>0.878870</hAcc><vAcc>0.625581</vAcc></extensions></trkpt>
      <trkpt lon="-123.264555" lat="44.586945"><ele>71.802231</ele><time>2021-01-19T21:49:10Z</time><extensions><speed>0.149307</speed><course>154.902863</course><hAcc>0.879590</hAcc><vAcc>0.625983</vAcc></extensions></trkpt>
      <trkpt lon="-123.264556" lat="44.586946"><ele>71.787895</ele><time>2021-01-19T21:49:11Z</time><extensions><speed>0.151176</speed><course>153.498138</course><hAcc>0.877326</hAcc><vAcc>0.624600</vAcc></extensions></trkpt>
      <trkpt lon="-123.264558" lat="44.586946"><ele>71.774277</ele><time>2021-01-19T21:49:12Z</time><extensions><speed>0.165947</speed><course>125.483459</course><hAcc>0.871918</hAcc><vAcc>0.621342</vAcc></extensions></trkpt>
      <trkpt lon="-123.264560" lat="44.586947"><ele>71.760475</ele><time>2021-01-19T21:49:13Z</time><extensions><speed>0.191198</speed><course>91.293556</course><hAcc>0.863477</hAcc><vAcc>0.616282</vAcc></extensions></trkpt>
      <trkpt lon="-123.264563" lat="44.586948"><ele>71.745483</ele><time>2021-01-19T21:49:14Z</time><extensions><speed>0.223789</speed><course>99.762383</course><hAcc>0.852465</hAcc><vAcc>0.609699</vAcc></extensions></trkpt>
      <trkpt lon="-123.264565" lat="44.586949"><ele>71.728249</ele><time>2021-01-19T21:49:15Z</time><extensions><speed>0.260378</speed><course>120.216141</course><hAcc>0.839794</hAcc><vAcc>0.602140</vAcc></extensions></trkpt>
      <trkpt lon="-123.264568" lat="44.586950"><ele>71.707962</ele><time>2021-01-19T21:49:16Z</time><extensions><speed>0.297424</speed><course>129.939133</course><hAcc>0.826896</hAcc><vAcc>0.594456</vAcc></extensions></trkpt>
      <trkpt lon="-123.264571" lat="44.586952"><ele>71.684387</ele><time>2021-01-19T21:49:17Z</time><extensions><speed>0.330384</speed><course>134.991196</course><hAcc>0.815498</hAcc><vAcc>0.587670</vAcc></extensions></trkpt>
      <trkpt lon="-123.264574" lat="44.586954"><ele>71.658417</ele><time>2021-01-19T21:49:18Z</time><extensions><speed>0.354253</speed><course>165.505371</course><hAcc>0.807071</hAcc><vAcc>0.582652</vAcc></extensions></trkpt>
      <trkpt lon="-123.264578" lat="44.586956"><ele>71.632362</ele><time>2021-01-19T21:49:19Z</time><extensions><speed>0.364665</speed><course>163.352997</course><hAcc>0.802559</hAcc><vAcc>0.579962</vAcc></extensions></trkpt>
      <trkpt lon="-123.264582" lat="44.586958"><ele>71.609573</ele><time>2021-01-19T21:49:20Z</time><extensions><speed>0.358358</speed><course>163.005447</course><hAcc>0.802390</hAcc><vAcc>0.579856</vAcc></extensions></trkpt>
      <trkpt lon="-123.264586" lat="44.586959"><ele>71.593552</ele><time>2021-01-19T21:49:21Z</time><extensions><speed>0.334676</speed><course>163.973526</course><hAcc>0.806493</hAcc><vAcc>0.582291</vAcc></extensions></trkpt>
      <trkpt lon="-123.264589" lat="44.586961"><ele>71.587158</ele><time>2021-01-19T21:49:22Z</time><extensions><speed>0.298575</speed><course>186.175140</course><hAcc>0.814303</hAcc><vAcc>0.586934</vAcc></extensions></trkpt>
      <trkpt lon="-123.264593" lat="44.586961"><ele>71.592178</ele><time>2021-01-19T21:49:23Z</time><extensions><speed>0.261912</speed><course>237.135208</course><hAcc>0.824746</hAcc><vAcc>0.593147</vAcc></extensions></trkpt>
      <trkpt lon="-123.264596" lat="44.586961"><ele>71.609108</ele><time>2021-01-19T21:49:24Z</time><extensions><speed>0.239546</speed><course>189.997345</course><hAcc>0.836233</hAcc><vAcc>0.599989</vAcc></extensions></trkpt>
      <trkpt lon="-123.264598" lat="44.586960"><ele>71.637115</ele><time>2021-01-19T21:49:25Z</time><extensions><speed>0.241860</speed><course>247.149002</course><hAcc>0.846944</hAcc><vAcc>0.606382</vAcc></extensions></trkpt>
      <trkpt lon="-123.264601" lat="44.586958"><ele>71.674599</ele><time>2021-01-19T21:49:26Z</time><extensions><speed>0.267883</speed><course>245.128799</course><hAcc>0.855387</hAcc><vAcc>0.611440</vAcc></extensions></trkpt>
      <trkpt lon="-123.264602" lat="44.586956"><ele>71.719666</ele><time>2021-01-19T21:49:27Z</time><extensions><speed>0.307294</speed><course>230.019821</course><hAcc>0.860646</hAcc><vAcc>0.614617</vAcc></extensions></trkpt>
      <trkpt lon="-123.264603" lat="44.586953"><ele>71.770393</ele><time>2021-01-19T21:49:28Z</time><extensions><speed>0.349411</speed><course>59.213642</course><hAcc>0.862347</hAcc><vAcc>0.615685</vAcc></extensions></trkpt>
      <trkpt lon="-123.264603" lat="44.586950"><ele>71.824905</ele><time>2021-01-19T21:49:29Z</time><extensions><speed>0.387016</speed><course>11.637530</course><hAcc>0.860601</hAcc><vAcc>0.614708</vAcc></extensions></trkpt>
      <trkpt lon="-123.264603" lat="44.586946"><ele>71.881355</ele><time>2021-01-19T21:49:30Z</time><extensions><speed>0.415612</speed><course>335.019653</course><hAcc>0.855973</hAcc><vAcc>0.612018</vAcc></extensions></trkpt>
      <trkpt lon="-123.264602" lat="44.586942"><ele>71.937965</ele><time>2021-01-19T21:49:31Z</time><extensions><speed>0.432563</speed><course>154.301804</course><hAcc>0.849464</hAcc><vAcc>0.608201</vAcc></extensions></trkpt>
      <trkpt lon="-123.264600" lat="44.586938"><ele>71.993095</ele><time>2021-01-19T21:49:32Z</time><extensions><speed>0.437194</speed><course>181.585358</course><hAcc>0.842471</hAcc><vAcc>0.604075</vAcc></extensions></trkpt>
      <trkpt lon="-123.264598" lat="44.586935"><ele>72.045334</ele><time>2021-01-19T21:49:33Z</time><extensions><speed>0.431331</speed><course>207.623459</course><hAcc>0.836429</hAcc><vAcc>0.600477</vAcc></extensions></trkpt>
      <trkpt lon="-123.264596" lat="44.586931"><ele>72.093704</ele><time>2021-01-19T21:49:34Z</time><extensions><speed>0.419058</speed><course>248.730377</course><hAcc>0.832167</hAcc><vAcc>0.597889</vAcc></extensions></trkpt>
      <trkpt lon="-123.264593" lat="44.586928"><ele>72.137787</ele><time>2021-01-19T21:49:35Z</time><extensions><speed>0.405527</speed><course>192.047058</course><hAcc>0.829580</hAcc><vAcc>0.596253</vAcc></extensions></trkpt>
      <trkpt lon="-123.264589" lat="44.586926"><ele>72.177498</ele><time>2021-01-19T21:49:36Z</time><extensions><speed>0.395410</speed><course>184.541321</course><hAcc>0.827700</hAcc><vAcc>0.595003</vAcc></extensions></trkpt>
      <trkpt lon="-123.264585" lat="44.586924"><ele>72.212868</ele><time>2021-01-19T21:49:37Z</time><extensions><speed>0.391508</speed><course>193.626144</course><hAcc>0.825135</hAcc><vAcc>0.593330</vAcc></extensions></trkpt>
      <trkpt lon="-123.264581" lat="44.586922"><ele>72.243813</ele><time>2021-01-19T21:49:38Z</time><extensions><speed>0.395056</speed><course>162.975586</course><hAcc>0.820815</hAcc><vAcc>0.590609</vAcc></extensions></trkpt>
      <trkpt lon="-123.264576" lat="44.586920"><ele>72.270248</ele><time>2021-01-19T21:49:39Z</time><extensions><speed>0.406097</speed><course>73.781517</course><hAcc>0.814417</hAcc><vAcc>0.586655</vAcc></extensions></trkpt>
      <trkpt lon="-123.264571" lat="44.586920"><ele>72.292084</ele><time>2021-01-19T21:49:40Z</time><extensions><speed>0.423466</speed><course>71.052010</course><hAcc>0.806431</hAcc><vAcc>0.581755</vAcc></extensions></trkpt>
      <trkpt lon="-123.264566" lat="44.586919"><ele>72.309219</ele><time>2021-01-19T21:49:41Z</time><extensions><speed>0.444059</speed><course>96.215485</course><hAcc>0.797874</hAcc><vAcc>0.576512</vAcc></extensions></trkpt>
      <trkpt lon="-123.264560" lat="44.586920"><ele>72.321518</ele><time>2021-01-19T21:49:42Z</time><extensions><speed>0.462963</speed><course>120.919716</course><hAcc>0.789717</hAcc><vAcc>0.571501</vAcc></extensions></trkpt>
      <trkpt lon="-123.264555" lat="44.586921"><ele>72.328857</ele><time>2021-01-19T21:49:43Z</time><extensions><speed>0.475268</speed><course>152.852142</course><hAcc>0.782593</hAcc><vAcc>0.567105</vAcc></extensions></trkpt>
      <trkpt lon="-123.264549" lat="44.586922"><ele>72.331245</ele><time>2021-01-19T21:49:44Z</time><extensions><speed>0.478153</speed><course>155.444077</course><hAcc>0.776835</hAcc><vAcc>0.563532</vAcc></extensions></trkpt>
      <trkpt lon="-123.264544" lat="44.586924"><ele>72.328934</ele><time>2021-01-19T21:49:45Z</time><extensions><speed>0.473108</speed><course>168.371475</course><hAcc>0.772558</hAcc><vAcc>0.560866</vAcc></extensions></trkpt>
      <trkpt lon="-123.264540" lat="44.586927"><ele>72.322151</ele><time>2021-01-19T21:49:46Z</time><extensions><speed>0.463813</speed><course>153.394135</course><hAcc>0.769763</hAcc><vAcc>0.559118</vAcc></extensions></trkpt>
      <trkpt lon="-123.264536" lat="44.586931"><ele>72.310989</ele><time>2021-01-19T21:49:47Z</time><extensions><speed>0.452813</speed><course>129.393097</course><hAcc>0.768424</hAcc><vAcc>0.558286</vAcc></extensions></trkpt>
      <trkpt lon="-123.264534" lat="44.586934"><ele>72.295753</ele><time>2021-01-19T21:49:48Z</time><extensions><speed>0.440068</speed><course>123.504234</course><hAcc>0.768565</hAcc><vAcc>0.558389</vAcc></extensions></trkpt>
      <trkpt lon="-123.264532" lat="44.586938"><ele>72.277107</ele><time>2021-01-19T21:49:49Z</time><extensions><speed>0.421608</speed><course>143.721802</course><hAcc>0.770300</hAcc><vAcc>0.559496</vAcc></extensions></trkpt>
      <trkpt lon="-123.264531" lat="44.586941"><ele>72.256142</ele><time>2021-01-19T21:49:50Z</time><extensions><speed>0.392157</speed><course>206.342422</course><hAcc>0.773842</hAcc><vAcc>0.561727</vAcc></extensions></trkpt>
      <trkpt lon="-123.264532" lat="44.586945"><ele>72.234657</ele><time>2021-01-19T21:49:51Z</time><extensions><speed>0.351346</speed><course>271.542572</course><hAcc>0.779470</hAcc><vAcc>0.565239</vAcc></extensions></trkpt>
      <trkpt lon="-123.264533" lat="44.586948"><ele>72.214455</ele><time>2021-01-19T21:49:52Z</time><extensions><speed>0.304946</speed><course>250.505905</course><hAcc>0.787463</hAcc><vAcc>0.570177</vAcc></extensions></trkpt>
      <trkpt lon="-123.264534" lat="44.586950"><ele>72.196320</ele><time>2021-01-19T21:49:53Z</time><extensions><speed>0.262287</speed><course>225.345352</course><hAcc>0.797982</hAcc><vAcc>0.576619</vAcc></extensions></trkpt>
      <trkpt lon="-123.264536" lat="44.586952"><ele>72.180107</ele><time>2021-01-19T21:49:54Z</time><extensions><speed>0.234141</speed><course>220.670578</course><hAcc>0.810936</hAcc><vAcc>0.584494</vAcc></extensions></trkpt>
      <trkpt lon="-123.264538" lat="44.586953"><ele>72.165298</ele><time>2021-01-19T21:49:55Z</time><extensions><speed>0.227653</speed><course>259.908752</course><hAcc>0.825837</hAcc><vAcc>0.593497</vAcc></extensions></trkpt>
      <trkpt lon="-123.264541" lat="44.586953"><ele>72.151123</ele><time>2021-01-19T21:49:56Z</time><extensions><speed>0.240804</speed><course>261.412079</course><hAcc>0.841689</hAcc><vAcc>0.603034</vAcc></extensions></trkpt>
      <trkpt lon="-123.264544" lat="44.586953"><ele>72.136772</ele><time>2021-01-19T21:49:57Z</time><extensions><speed>0.264861</speed><course>270.044861</course><hAcc>0.857204</hAcc><vAcc>0.612344</vAcc></extensions></trkpt>
      <trkpt lon="-123.264548" lat="44.586953"><ele>72.121582</ele><time>2021-01-19T21:49:58Z</time><extensions><speed>0.291241</speed><course>271.947479</course><hAcc>0.871301</hAcc><vAcc>0.620789</vAcc></extensions></trkpt>
      <trkpt lon="-123.264551" lat="44.586952"><ele>72.105202</ele><time>2021-01-19T21:49:59Z</time><extensions><speed>0.314253</speed><course>264.230072</course><hAcc>0.883329</hAcc><vAcc>0.627985</vAcc></extensions></trkpt>
      <trkpt lon="-123.264555" lat="44.586951"><ele>72.087479</ele><time>2021-01-19T21:50:00Z</time><extensions><speed>0.330487</speed><course>272.128601</course><hAcc>0.892971</hAcc><vAcc>0.633747</vAcc></extensions></trkpt>
      <trkpt lon="-123.264559" lat="44.586949"><ele>72.068497</ele><time>2021-01-19T21:50:01Z</time><extensions><speed>0.338342</speed><course>272.603180</course><hAcc>0.900131</hAcc><vAcc>0.638022</vAcc></extensions></trkpt>
      <trkpt lon="-123.264563" lat="44.586948"><ele>72.048546</ele><time>2021-01-19T21:50:02Z</time><extensions><speed>0.338012</speed><course>271.714722</course><hAcc>0.904837</hAcc><vAcc>0.640828</vAcc></extensions></trkpt>
      <trkpt lon="-123.264566" lat="44.586946"><ele>72.028046</ele><time>2021-01-19T21:50:03Z</time><extensions><speed>0.331990</speed><course>283.649017</course><hAcc>0.907151</hAcc><vAcc>0.642206</vAcc></extensions></trkpt>
      <trkpt lon="-123.264569" lat="44.586944"><ele>72.007431</ele><time>2021-01-19T21:50:04Z</time><extensions><speed>0.323664</speed><course>290.672150</course><hAcc>0.907121</hAcc><vAcc>0.642186</vAcc></extensions></trkpt>
      <trkpt lon="-123.264573" lat="44.586943"><ele>71.986984</ele><time>2021-01-19T21:50:05Z</time><extensions><speed>0.314270</speed><course>153.493225</course><hAcc>0.904751</hAcc><vAcc>0.640773</vAcc></extensions></trkpt>
      <trkpt lon="-123.264575" lat="44.586941"><ele>71.966805</ele><time>2021-01-19T21:50:06Z</time><extensions><speed>0.303335</speed><course>104.306198</course><hAcc>0.900008</hAcc><vAcc>0.637947</vAcc></extensions></trkpt>
      <trkpt lon="-123.264578" lat="44.586939"><ele>71.946899</ele><time>2021-01-19T21:50:07Z</time><extensions><speed>0.289827</speed><course>101.731491</course><hAcc>0.892853</hAcc><vAcc>0.633684</vAcc></extensions></trkpt>
      <trkpt lon="-123.264580" lat="44.586937"><ele>71.927322</ele><time>2021-01-19T21:50:08Z</time><extensions><speed>0.272907</speed><course>105.722328</course><hAcc>0.883300</hAcc><vAcc>0.627994</vAcc></extensions></trkpt>
      <trkpt lon="-123.264582" lat="44.586935"><ele>71.908157</ele><time>2021-01-19T21:50:09Z</time><extensions><speed>0.253160</speed><course>94.268967</course><hAcc>0.871511</hAcc><vAcc>0.620974</vAcc></extensions></trkpt>
      <trkpt lon="-123.264583" lat="44.586933"><ele>71.889420</ele><time>2021-01-19T21:50:10Z</time><extensions><speed>0.233401</speed><course>84.558159</course><hAcc>0.857904</hAcc><vAcc>0.612873</vAcc></extensions></trkpt>
      <trkpt lon="-123.264584" lat="44.586931"><ele>71.870979</ele><time>2021-01-19T21:50:11Z</time><extensions><speed>0.218690</speed><course>78.860420</course><hAcc>0.843275</hAcc><vAcc>0.604165</vAcc></extensions></trkpt>
      <trkpt lon="-123.264584" lat="44.586929"><ele>71.852737</ele><time>2021-01-19T21:50:12Z</time><extensions><speed>0.215262</speed><course>72.504707</course><hAcc>0.828887</hAcc><vAcc>0.595596</vAcc></extensions></trkpt>
      <trkpt lon="-123.264583" lat="44.586927"><ele>71.834648</ele><time>2021-01-19T21:50:13Z</time><extensions><speed>0.227533</speed><course>99.665962</course><hAcc>0.816249</hAcc><vAcc>0.588057</vAcc></extensions></trkpt>
      <trkpt lon="-123.264581" lat="44.586925"><ele>71.816734</ele><time>2021-01-19T21:50:14Z</time><extensions><speed>0.253864</speed><course>113.479027</course><hAcc>0.806568</hAcc><vAcc>0.582262</vAcc></extensions></trkpt>
      <trkpt lon="-123.264579" lat="44.586923"><ele>71.799332</ele><time>2021-01-19T21:50:15Z</time><extensions><speed>0.287996</speed><course>139.390442</course><hAcc>0.800492</hAcc><vAcc>0.578598</vAcc></extensions></trkpt>
      <trkpt lon="-123.264576" lat="44.586921"><ele>71.783104</ele><time>2021-01-19T21:50:16Z</time><extensions><speed>0.323529</speed><course>138.979950</course><hAcc>0.798130</hAcc><vAcc>0.577134</vAcc></extensions></trkpt>
      <trkpt lon="-123.264573" lat="44.586920"><ele>71.768806</ele><time>2021-01-19T21:50:17Z</time><extensions><speed>0.356646</speed><course>161.206360</course><hAcc>0.799109</hAcc><vAcc>0.577655</vAcc></extensions></trkpt>
      <trkpt lon="-123.264569" lat="44.586918"><ele>71.756935</ele><time>2021-01-19T21:50:18Z</time><extensions><speed>0.386205</speed><course>170.741989</course><hAcc>0.802616</hAcc><vAcc>0.579681</vAcc></extensions></trkpt>
      <trkpt lon="-123.264564" lat="44.586916"><ele>71.747467</ele><time>2021-01-19T21:50:19Z</time><extensions><speed>0.411790</speed><course>199.418945</course><hAcc>0.807433</hAcc><vAcc>0.582494</vAcc></extensions></trkpt>
      <trkpt lon="-123.264560" lat="44.586914"><ele>71.739975</ele><time>2021-01-19T21:50:20Z</time><extensions><speed>0.432527</speed><course>200.485016</course><hAcc>0.812000</hAcc><vAcc>0.585171</vAcc></extensions></trkpt>
      <trkpt lon="-123.264555" lat="44.586912"><ele>71.733948</ele><time>2021-01-19T21:50:21Z</time><extensions><speed>0.447023</speed><course>212.143478</course><hAcc>0.814756</hAcc><vAcc>0.586788</vAcc></extensions></trkpt>
      <trkpt lon="-123.264550" lat="44.586910"><ele>71.728951</ele><time>2021-01-19T21:50:22Z</time><extensions><speed>0.453473</speed><course>333.540680</course><hAcc>0.814757</hAcc><vAcc>0.586789</vAcc></extensions></trkpt>
      <trkpt lon="-123.264545" lat="44.586908"><ele>71.724739</ele><time>2021-01-19T21:50:23Z</time><extensions><speed>0.449941</speed><course>340.337494</course><hAcc>0.812005</hAcc><vAcc>0.585174</vAcc></extensions></trkpt>
      <trkpt lon="-123.264540" lat="44.586906"><ele>71.721176</ele><time>2021-01-19T21:50:24Z</time><extensions><speed>0.435234</speed><course>3.519976</course><hAcc>0.807442</hAcc><vAcc>0.582501</vAcc></extensions></trkpt>
      <trkpt lon="-123.264536" lat="44.586904"><ele>71.718224</ele><time>2021-01-19T21:50:25Z</time><extensions><speed>0.410186</speed><course>28.590975</course><hAcc>0.802630</hAcc><vAcc>0.579692</vAcc></extensions></trkpt>
      <trkpt lon="-123.264531" lat="44.586903"><ele>71.715691</ele><time>2021-01-19T21:50:26Z</time><extensions><speed>0.377988</speed><course>8.130479</course><hAcc>0.799132</hAcc><vAcc>0.577672</vAcc></extensions></trkpt>
      <trkpt lon="-123.264527" lat="44.586902"><ele>71.713150</ele><time>2021-01-19T21:50:27Z</time><extensions><speed>0.343606</speed><course>196.445679</course><hAcc>0.798166</hAcc><vAcc>0.577159</vAcc></extensions></trkpt>
      <trkpt lon="-123.264523" lat="44.586901"><ele>71.710045</ele><time>2021-01-19T21:50:28Z</time><extensions><speed>0.313670</speed><course>197.003036</course><hAcc>0.800544</hAcc><vAcc>0.578633</vAcc></extensions></trkpt>
      <trkpt lon="-123.264519" lat="44.586900"><ele>71.705978</ele><time>2021-01-19T21:50:29Z</time><extensions><speed>0.294852</speed><course>346.712097</course><hAcc>0.806642</hAcc><vAcc>0.582311</vAcc></extensions></trkpt>
      <trkpt lon="-123.264516" lat="44.586900"><ele>71.701164</ele><time>2021-01-19T21:50:30Z</time><extensions><speed>0.290654</speed><course>344.724182</course><hAcc>0.816348</hAcc><vAcc>0.588122</vAcc></extensions></trkpt>
      <trkpt lon="-123.264512" lat="44.586901"><ele>71.696312</ele><time>2021-01-19T21:50:31Z</time><extensions><speed>0.299758</speed><course>340.511414</course><hAcc>0.829016</hAcc><vAcc>0.595678</vAcc></extensions></trkpt>
      <trkpt lon="-123.264508" lat="44.586902"><ele>71.692406</ele><time>2021-01-19T21:50:32Z</time><extensions><speed>0.315772</speed><course>340.641479</course><hAcc>0.843434</hAcc><vAcc>0.604265</vAcc></extensions></trkpt>
      <trkpt lon="-123.264505" lat="44.586903"><ele>71.690506</ele><time>2021-01-19T21:50:33Z</time><extensions><speed>0.330804</speed><course>24.922503</course><hAcc>0.858093</hAcc><vAcc>0.612990</vAcc></extensions></trkpt>
      <trkpt lon="-123.264501" lat="44.586905"><ele>71.691177</ele><time>2021-01-19T21:50:34Z</time><extensions><speed>0.338761</speed><course>10.518443</course><hAcc>0.871727</hAcc><vAcc>0.621105</vAcc></extensions></trkpt>
      <trkpt lon="-123.264498" lat="44.586907"><ele>71.694595</ele><time>2021-01-19T21:50:35Z</time><extensions><speed>0.335187</speed><course>351.059021</course><hAcc>0.883540</hAcc><vAcc>0.628136</vAcc></extensions></trkpt>
      <trkpt lon="-123.264495" lat="44.586908"><ele>71.700798</ele><time>2021-01-19T21:50:36Z</time><extensions><speed>0.317239</speed><course>342.574615</course><hAcc>0.893114</hAcc><vAcc>0.633837</vAcc></extensions></trkpt>
      <trkpt lon="-123.264492" lat="44.586910"><ele>71.709579</ele><time>2021-01-19T21:50:37Z</time><extensions><speed>0.283778</speed><course>8.686268</course><hAcc>0.900297</hAcc><vAcc>0.638114</vAcc></extensions></trkpt>
      <trkpt lon="-123.264490" lat="44.586912"><ele>71.720253</ele><time>2021-01-19T21:50:38Z</time><extensions><speed>0.236699</speed><course>354.204498</course><hAcc>0.905090</hAcc><vAcc>0.640970</vAcc></extensions></trkpt>
      <trkpt lon="-123.264488" lat="44.586914"><ele>71.731979</ele><time>2021-01-19T21:50:39Z</time><extensions><speed>0.182812</speed><course>271.762543</course><hAcc>0.907563</hAcc><vAcc>0.642449</vAcc></extensions></trkpt>
      <trkpt lon="-123.264488" lat="44.586915"><ele>71.743965</ele><time>2021-01-19T21:50:40Z</time><extensions><speed>0.134249</speed><course>262.507263</course><hAcc>0.907803</hAcc><vAcc>0.642605</vAcc></extensions></trkpt>
      <trkpt lon="-123.264488" lat="44.586916"><ele>71.755493</ele><time>2021-01-19T21:50:41Z</time><extensions><speed>0.109173</speed><course>249.565308</course><hAcc>0.905888</hAcc><vAcc>0.641488</vAcc></extensions></trkpt>
      <trkpt lon="-123.264488" lat="44.586917"><ele>71.765907</ele><time>2021-01-19T21:50:42Z</time><extensions><speed>0.120304</speed><course>205.194824</course><hAcc>0.901891</hAcc><vAcc>0.639145</vAcc></extensions></trkpt>
      <trkpt lon="-123.264490" lat="44.586918"><ele>71.774879</ele><time>2021-01-19T21:50:43Z</time><extensions><speed>0.153014</speed><course>224.973297</course><hAcc>0.895923</hAcc><vAcc>0.635644</vAcc></extensions></trkpt>
      <trkpt lon="-123.264492" lat="44.586918"><ele>71.782738</ele><time>2021-01-19T21:50:44Z</time><extensions><speed>0.188951</speed><course>252.946548</course><hAcc>0.888190</hAcc><vAcc>0.631110</vAcc></extensions></trkpt>
      <trkpt lon="-123.264494" lat="44.586918"><ele>71.790253</ele><time>2021-01-19T21:50:45Z</time><extensions><speed>0.220035</speed><course>278.898560</course><hAcc>0.879083</hAcc><vAcc>0.625778</vAcc></extensions></trkpt>
      <trkpt lon="-123.264497" lat="44.586919"><ele>71.798271</ele><time>2021-01-19T21:50:46Z</time><extensions><speed>0.243563</speed><course>288.746094</course><hAcc>0.869278</hAcc><vAcc>0.620045</vAcc></extensions></trkpt>
      <trkpt lon="-123.264500" lat="44.586919"><ele>71.807716</ele><time>2021-01-19T21:50:47Z</time><extensions><speed>0.258307</speed><course>296.946503</course><hAcc>0.859823</hAcc><vAcc>0.614526</vAcc></extensions></trkpt>
      <trkpt lon="-123.264503" lat="44.586920"><ele>71.819618</ele><time>2021-01-19T21:50:48Z</time><extensions><speed>0.263601</speed><course>297.930481</course><hAcc>0.852172</hAcc><vAcc>0.610065</vAcc></extensions></trkpt>
      <trkpt lon="-123.264507" lat="44.586921"><ele>71.835106</ele><time>2021-01-19T21:50:49Z</time><extensions><speed>0.259011</speed><course>300.356598</course><hAcc>0.847860</hAcc><vAcc>0.607554</vAcc></extensions></trkpt>
      <trkpt lon="-123.264510" lat="44.586921"><ele>71.855354</ele><time>2021-01-19T21:50:50Z</time><extensions><speed>0.244167</speed><course>314.404907</course><hAcc>0.847843</hAcc><vAcc>0.607543</vAcc></extensions></trkpt>
      <trkpt lon="-123.264513" lat="44.586922"><ele>71.881477</ele><time>2021-01-19T21:50:51Z</time><extensions><speed>0.220125</speed><course>327.844269</course><hAcc>0.852127</hAcc><vAcc>0.610038</vAcc></extensions></trkpt>
      <trkpt lon="-123.264515" lat="44.586922"><ele>71.913979</ele><time>2021-01-19T21:50:52Z</time><extensions><speed>0.190725</speed><course>18.750435</course><hAcc>0.859773</hAcc><vAcc>0.614494</vAcc></extensions></trkpt>
      <trkpt lon="-123.264517" lat="44.586923"><ele>71.951897</ele><time>2021-01-19T21:50:53Z</time><extensions><speed>0.159839</speed><course>72.331932</course><hAcc>0.869269</hAcc><vAcc>0.620035</vAcc></extensions></trkpt>
      <trkpt lon="-123.264519" lat="44.586923"><ele>71.993111</ele><time>2021-01-19T21:50:54Z</time><extensions><speed>0.129752</speed><course>72.431816</course><hAcc>0.879198</hAcc><vAcc>0.625838</vAcc></extensions></trkpt>
      <trkpt lon="-123.264520" lat="44.586923"><ele>72.035156</ele><time>2021-01-19T21:50:55Z</time><extensions><speed>0.102095</speed><course>63.194126</course><hAcc>0.888568</hAcc><vAcc>0.631321</vAcc></extensions></trkpt>
      <trkpt lon="-123.264521" lat="44.586923"><ele>72.075790</ele><time>2021-01-19T21:50:56Z</time><extensions><speed>0.077216</speed><course>58.744598</course><hAcc>0.896782</hAcc><vAcc>0.636132</vAcc></extensions></trkpt>
      <trkpt lon="-123.264522" lat="44.586923"><ele>72.113281</ele><time>2021-01-19T21:50:57Z</time><extensions><speed>0.054347</speed><course>49.051968</course><hAcc>0.903554</hAcc><vAcc>0.640104</vAcc></extensions></trkpt>
      <trkpt lon="-123.264523" lat="44.586923"><ele>72.146614</ele><time>2021-01-19T21:50:58Z</time><extensions><speed>0.032240</speed><course>74.293465</course><hAcc>0.908813</hAcc><vAcc>0.643189</vAcc></extensions></trkpt>
      <trkpt lon="-123.264523" lat="44.586924"><ele>72.175209</ele><time>2021-01-19T21:50:59Z</time><extensions><speed>0.015526</speed><course>64.133141</course><hAcc>0.912610</hAcc><vAcc>0.645417</vAcc></extensions></trkpt>
      <trkpt lon="-123.264523" lat="44.586924"><ele>72.198372</ele><time>2021-01-19T21:51:00Z</time><extensions><speed>0.033781</speed><course>6.007646</course><hAcc>0.915046</hAcc><vAcc>0.646847</vAcc></extensions></trkpt>
      <trkpt lon="-123.264522" lat="44.586924"><ele>72.215271</ele><time>2021-01-19T21:51:01Z</time><extensions><speed>0.068828</speed><course>352.440704</course><hAcc>0.916218</hAcc><vAcc>0.647536</vAcc></extensions></trkpt>
      <trkpt lon="-123.264521" lat="44.586924"><ele>72.225388</ele><time>2021-01-19T21:51:02Z</time><extensions><speed>0.109917</speed><course>335.848114</course><hAcc>0.916187</hAcc><vAcc>0.647518</vAcc></extensions></trkpt>
      <trkpt lon="-123.264520" lat="44.586925"><ele>72.228569</ele><time>2021-01-19T21:51:03Z</time><extensions><speed>0.155182</speed><course>327.358154</course><hAcc>0.914954</hAcc><vAcc>0.646794</vAcc></extensions></trkpt>
      <trkpt lon="-123.264518" lat="44.586926"><ele>72.224968</ele><time>2021-01-19T21:51:04Z</time><extensions><speed>0.203130</speed><course>333.876984</course><hAcc>0.912469</hAcc><vAcc>0.645336</vAcc></extensions></trkpt>
      <trkpt lon="-123.264515" lat="44.586927"><ele>72.214981</ele><time>2021-01-19T21:51:05Z</time><extensions><speed>0.251662</speed><course>317.009186</course><hAcc>0.908638</hAcc><vAcc>0.643089</vAcc></extensions></trkpt>
      <trkpt lon="-123.264512" lat="44.586928"><ele>72.199257</ele><time>2021-01-19T21:51:06Z</time><extensions><speed>0.297901</speed><course>324.809845</course><hAcc>0.903367</hAcc><vAcc>0.639997</vAcc></extensions></trkpt>
      <trkpt lon="-123.264509" lat="44.586929"><ele>72.178673</ele><time>2021-01-19T21:51:07Z</time><extensions><speed>0.338418</speed><course>313.081604</course><hAcc>0.896606</hAcc><vAcc>0.636032</vAcc></extensions></trkpt>
      <trkpt lon="-123.264505" lat="44.586931"><ele>72.154343</ele><time>2021-01-19T21:51:08Z</time><extensions><speed>0.368864</speed><course>310.419220</course><hAcc>0.888421</hAcc><vAcc>0.631236</vAcc></extensions></trkpt>
      <trkpt lon="-123.264501" lat="44.586933"><ele>72.127579</ele><time>2021-01-19T21:51:09Z</time><extensions><speed>0.384768</speed><course>310.161346</course><hAcc>0.879083</hAcc><vAcc>0.625769</vAcc></extensions></trkpt>
      <trkpt lon="-123.264498" lat="44.586935"><ele>72.099976</ele><time>2021-01-19T21:51:10Z</time><extensions><speed>0.383739</speed><course>278.424835</course><hAcc>0.869153</hAcc><vAcc>0.619961</vAcc></extensions></trkpt>
      <trkpt lon="-123.264495" lat="44.586938"><ele>72.073616</ele><time>2021-01-19T21:51:11Z</time><extensions><speed>0.367110</speed><course>284.042450</course><hAcc>0.859560</hAcc><vAcc>0.614356</vAcc></extensions></trkpt>
      <trkpt lon="-123.264492" lat="44.586941"><ele>72.050926</ele><time>2021-01-19T21:51:12Z</time><extensions><speed>0.340854</speed><course>266.509979</course><hAcc>0.851617</hAcc><vAcc>0.609716</vAcc></extensions></trkpt>
      <trkpt lon="-123.264490" lat="44.586943"><ele>72.033592</ele><time>2021-01-19T21:51:13Z</time><extensions><speed>0.315412</speed><course>231.306152</course><hAcc>0.846686</hAcc><vAcc>0.606830</vAcc></extensions></trkpt>
      <trkpt lon="-123.264490" lat="44.586946"><ele>72.021591</ele><time>2021-01-19T21:51:14Z</time><extensions><speed>0.302242</speed><course>224.940414</course><hAcc>0.845506</hAcc><vAcc>0.606124</vAcc></extensions></trkpt>
      <trkpt lon="-123.264490" lat="44.586949"><ele>72.013741</ele><time>2021-01-19T21:51:15Z</time><extensions><speed>0.305102</speed><course>230.877960</course><hAcc>0.847827</hAcc><vAcc>0.607452</vAcc></extensions></trkpt>
      <trkpt lon="-123.264491" lat="44.586951"><ele>72.008713</ele><time>2021-01-19T21:51:16Z</time><extensions><speed>0.316457</speed><course>221.923904</course><hAcc>0.852425</hAcc><vAcc>0.610100</vAcc></extensions></trkpt>
      <trkpt lon="-123.264493" lat="44.586954"><ele>72.005379</ele><time>2021-01-19T21:51:17Z</time><extensions><speed>0.324367</speed><course>216.503632</course><hAcc>0.857486</hAcc><vAcc>0.613011</vAcc></extensions></trkpt>
      <trkpt lon="-123.264495" lat="44.586956"><ele>72.002838</ele><time>2021-01-19T21:51:18Z</time><extensions><speed>0.320551</speed><course>216.408691</course><hAcc>0.861296</hAcc><vAcc>0.615178</vAcc></extensions></trkpt>
      <trkpt lon="-123.264498" lat="44.586958"><ele>72.000366</ele><time>2021-01-19T21:51:19Z</time><extensions><speed>0.302982</speed><course>212.646957</course><hAcc>0.862598</hAcc><vAcc>0.615859</vAcc></extensions></trkpt>
      <trkpt lon="-123.264501" lat="44.586960"><ele>71.997345</ele><time>2021-01-19T21:51:20Z</time><extensions><speed>0.274040</speed><course>240.023636</course><hAcc>0.860622</hAcc><vAcc>0.614595</vAcc></extensions></trkpt>
      <trkpt lon="-123.264503" lat="44.586961"><ele>71.993210</ele><time>2021-01-19T21:51:21Z</time><extensions><speed>0.238187</speed><course>188.506485</course><hAcc>0.855081</hAcc><vAcc>0.611210</vAcc></extensions></trkpt>
      <trkpt lon="-123.264506" lat="44.586962"><ele>71.987633</ele><time>2021-01-19T21:51:22Z</time><extensions><speed>0.202179</speed><course>145.697922</course><hAcc>0.846170</hAcc><vAcc>0.605816</vAcc></extensions></trkpt>
      <trkpt lon="-123.264508" lat="44.586962"><ele>71.980568</ele><time>2021-01-19T21:51:23Z</time><extensions><speed>0.177779</speed><course>187.091660</course><hAcc>0.834591</hAcc><vAcc>0.598824</vAcc></extensions></trkpt>
      <trkpt lon="-123.264510" lat="44.586962"><ele>71.972160</ele><time>2021-01-19T21:51:24Z</time><extensions><speed>0.181500</speed><course>226.719040</course><hAcc>0.821567</hAcc><vAcc>0.590955</vAcc></extensions></trkpt>
      <trkpt lon="-123.264512" lat="44.586961"><ele>71.962730</ele><time>2021-01-19T21:51:25Z</time><extensions><speed>0.220231</speed><course>229.835342</course><hAcc>0.808578</hAcc><vAcc>0.583082</vAcc></extensions></trkpt>
      <trkpt lon="-123.264514" lat="44.586959"><ele>71.952751</ele><time>2021-01-19T21:51:26Z</time><extensions><speed>0.284298</speed><course>251.113083</course><hAcc>0.796817</hAcc><vAcc>0.575913</vAcc></extensions></trkpt>
      <trkpt lon="-123.264515" lat="44.586956"><ele>71.942833</ele><time>2021-01-19T21:51:27Z</time><extensions><speed>0.361705</speed><course>249.022873</course><hAcc>0.786949</hAcc><vAcc>0.569853</vAcc></extensions></trkpt>
      <trkpt lon="-123.264517" lat="44.586953"><ele>71.933632</ele><time>2021-01-19T21:51:28Z</time><extensions><speed>0.444061</speed><course>266.462494</course><hAcc>0.779196</hAcc><vAcc>0.565044</vAcc></extensions></trkpt>
      <trkpt lon="-123.264518" lat="44.586949"><ele>71.925751</ele><time>2021-01-19T21:51:29Z</time><extensions><speed>0.524784</speed><course>266.498474</course><hAcc>0.773462</hAcc><vAcc>0.561444</vAcc></extensions></trkpt>
      <trkpt lon="-123.264519" lat="44.586944"><ele>71.919586</ele><time>2021-01-19T21:51:30Z</time><extensions><speed>0.597630</speed><course>240.664200</course><hAcc>0.769465</hAcc><vAcc>0.558897</vAcc></extensions></trkpt>
      <trkpt lon="-123.264520" lat="44.586938"><ele>71.915329</ele><time>2021-01-19T21:51:31Z</time><extensions><speed>0.656870</speed><course>237.502502</course><hAcc>0.766845</hAcc><vAcc>0.557197</vAcc></extensions></trkpt>
      <trkpt lon="-123.264521" lat="44.586932"><ele>71.912949</ele><time>2021-01-19T21:51:32Z</time><extensions><speed>0.697338</speed><course>233.247269</course><hAcc>0.765241</hAcc><vAcc>0.556132</vAcc></extensions></trkpt>
      <trkpt lon="-123.264522" lat="44.586926"><ele>71.912262</ele><time>2021-01-19T21:51:33Z</time><extensions><speed>0.714836</speed><course>221.501572</course><hAcc>0.764335</hAcc><vAcc>0.555513</vAcc></extensions></trkpt>
      <trkpt lon="-123.264522" lat="44.586919"><ele>71.912827</ele><time>2021-01-19T21:51:34Z</time><extensions><speed>0.707690</speed><course>215.156387</course><hAcc>0.763876</hAcc><vAcc>0.555186</vAcc></extensions></trkpt>
      <trkpt lon="-123.264522" lat="44.586913"><ele>71.914047</ele><time>2021-01-19T21:51:35Z</time><extensions><speed>0.676752</speed><course>215.399124</course><hAcc>0.763679</hAcc><vAcc>0.555037</vAcc></extensions></trkpt>
      <trkpt lon="-123.264522" lat="44.586907"><ele>71.915077</ele><time>2021-01-19T21:51:36Z</time><extensions><speed>0.624965</speed><course>224.216599</course><hAcc>0.763620</hAcc><vAcc>0.554985</vAcc></extensions></trkpt>
      <trkpt lon="-123.264521" lat="44.586902"><ele>71.914795</ele><time>2021-01-19T21:51:37Z</time><extensions><speed>0.557332</speed><course>224.399323</course><hAcc>0.763620</hAcc><vAcc>0.554978</vAcc></extensions></trkpt>
      <trkpt lon="-123.264521" lat="44.586897"><ele>71.911919</ele><time>2021-01-19T21:51:38Z</time><extensions><speed>0.479571</speed><course>217.241013</course><hAcc>0.763636</hAcc><vAcc>0.554987</vAcc></extensions></trkpt>
      <trkpt lon="-123.264521" lat="44.586893"><ele>71.905670</ele><time>2021-01-19T21:51:39Z</time><extensions><speed>0.396899</speed><course>217.241013</course><hAcc>0.763647</hAcc><vAcc>0.554995</vAcc></extensions></trkpt>
      <trkpt lon="-123.264521" lat="44.586890"><ele>71.896255</ele><time>2021-01-19T21:51:40Z</time><extensions><speed>0.313732</speed><course>217.241013</course><hAcc>0.763645</hAcc><vAcc>0.554996</vAcc></extensions></trkpt>
      <trkpt lon="-123.264520" lat="44.586888"><ele>71.884560</ele><time>2021-01-19T21:51:41Z</time><extensions><speed>0.233829</speed><course>217.241013</course><hAcc>0.763631</hAcc><vAcc>0.554991</vAcc></extensions></trkpt>
      <trkpt lon="-123.264521" lat="44.586886"><ele>71.871567</ele><time>2021-01-19T21:51:42Z</time><extensions><speed>0.160718</speed><course>217.241013</course><hAcc>0.763609</hAcc><vAcc>0.554979</vAcc></extensions></trkpt>
      <trkpt lon="-123.264521" lat="44.586885"><ele>71.858040</ele><time>2021-01-19T21:51:43Z</time><extensions><speed>0.098746</speed><course>217.241013</course><hAcc>0.763583</hAcc><vAcc>0.554964</vAcc></extensions></trkpt>
      <trkpt lon="-123.264521" lat="44.586884"><ele>71.844513</ele><time>2021-01-19T21:51:44Z</time><extensions><speed>0.058017</speed><course>242.797058</course><hAcc>0.763558</hAcc><vAcc>0.554949</vAcc></extensions></trkpt>
      <trkpt lon="-123.264522" lat="44.586884"><ele>71.831413</ele><time>2021-01-19T21:51:45Z</time><extensions><speed>0.058575</speed><course>249.224991</course><hAcc>0.763534</hAcc><vAcc>0.554934</vAcc></extensions></trkpt>
      <trkpt lon="-123.264523" lat="44.586884"><ele>71.819138</ele><time>2021-01-19T21:51:46Z</time><extensions><speed>0.084173</speed><course>289.213226</course><hAcc>0.763514</hAcc><vAcc>0.554921</vAcc></extensions></trkpt>
      <trkpt lon="-123.264524" lat="44.586885"><ele>71.808075</ele><time>2021-01-19T21:51:47Z</time><extensions><speed>0.110025</speed><course>272.519440</course><hAcc>0.763498</hAcc><vAcc>0.554910</vAcc></extensions></trkpt>
      <trkpt lon="-123.264525" lat="44.586886"><ele>71.798553</ele><time>2021-01-19T21:51:48Z</time><extensions><speed>0.129918</speed><course>244.734100</course><hAcc>0.763486</hAcc><vAcc>0.554902</vAcc></extensions></trkpt>
      <trkpt lon="-123.264526" lat="44.586887"><ele>71.790779</ele><time>2021-01-19T21:51:49Z</time><extensions><speed>0.142581</speed><course>212.511093</course><hAcc>0.763478</hAcc><vAcc>0.554896</vAcc></extensions></trkpt>
      <trkpt lon="-123.264527" lat="44.586888"><ele>71.784859</ele><time>2021-01-19T21:51:50Z</time><extensions><speed>0.148331</speed><course>269.689758</course><hAcc>0.763472</hAcc><vAcc>0.554891</vAcc></extensions></trkpt>
      <trkpt lon="-123.264528" lat="44.586889"><ele>71.780807</ele><time>2021-01-19T21:51:51Z</time><extensions><speed>0.148488</speed><course>259.363190</course><hAcc>0.763469</hAcc><vAcc>0.554889</vAcc></extensions></trkpt>
      <trkpt lon="-123.264528" lat="44.586890"><ele>71.778549</ele><time>2021-01-19T21:51:52Z</time><extensions><speed>0.144718</speed><course>211.685089</course><hAcc>0.763467</hAcc><vAcc>0.554887</vAcc></extensions></trkpt>
      <trkpt lon="-123.264529" lat="44.586891"><ele>71.777969</ele><time>2021-01-19T21:51:53Z</time><extensions><speed>0.138464</speed><course>221.277267</course><hAcc>0.763466</hAcc><vAcc>0.554886</vAcc></extensions></trkpt>
      <trkpt lon="-123.264530" lat="44.586892"><ele>71.778931</ele><time>2021-01-19T21:51:54Z</time><extensions><speed>0.130732</speed><course>217.167374</course><hAcc>0.763466</hAcc><vAcc>0.554886</vAcc></extensions></trkpt>
      <trkpt lon="-123.264530" lat="44.586893"><ele>71.781258</ele><time>2021-01-19T21:51:55Z</time><extensions><speed>0.122248</speed><course>205.027863</course><hAcc>0.763466</hAcc><vAcc>0.554887</vAcc></extensions></trkpt>
      <trkpt lon="-123.264531" lat="44.586894"><ele>71.784737</ele><time>2021-01-19T21:51:56Z</time><extensions><speed>0.113597</speed><course>192.657761</course><hAcc>0.763468</hAcc><vAcc>0.554888</vAcc></extensions></trkpt>
      <trkpt lon="-123.264531" lat="44.586895"><ele>71.789093</ele><time>2021-01-19T21:51:57Z</time><extensions><speed>0.105188</speed><course>186.711105</course><hAcc>0.763472</hAcc><vAcc>0.554891</vAcc></extensions></trkpt>
      <trkpt lon="-123.264532" lat="44.586896"><ele>71.794006</ele><time>2021-01-19T21:51:58Z</time><extensions><speed>0.097180</speed><course>194.477112</course><hAcc>0.763478</hAcc><vAcc>0.554895</vAcc></extensions></trkpt>
      <trkpt lon="-123.264532" lat="44.586897"><ele>71.799110</ele><time>2021-01-19T21:51:59Z</time><extensions><speed>0.089436</speed><course>188.036453</course><hAcc>0.763486</hAcc><vAcc>0.554902</vAcc></extensions></trkpt>
      <trkpt lon="-123.264533" lat="44.586898"><ele>71.804039</ele><time>2021-01-19T21:52:00Z</time><extensions><speed>0.081508</speed><course>188.036453</course><hAcc>0.763498</hAcc><vAcc>0.554910</vAcc></extensions></trkpt>
      <trkpt lon="-123.264533" lat="44.586898"><ele>71.808441</ele><time>2021-01-19T21:52:01Z</time><extensions><speed>0.073222</speed><course>188.036453</course><hAcc>0.763515</hAcc><vAcc>0.554922</vAcc></extensions></trkpt>
      <trkpt lon="-123.264533" lat="44.586899"><ele>71.812019</ele><time>2021-01-19T21:52:02Z</time><extensions><speed>0.065014</speed><course>188.036453</course><hAcc>0.763536</hAcc><vAcc>0.554936</vAcc></extensions></trkpt>
      <trkpt lon="-123.264533" lat="44.586899"><ele>71.814606</ele><time>2021-01-19T21:52:03Z</time><extensions><speed>0.057476</speed><course>188.036453</course><hAcc>0.763563</hAcc><vAcc>0.554952</vAcc></extensions></trkpt>
      <trkpt lon="-123.264534" lat="44.586900"><ele>71.816132</ele><time>2021-01-19T21:52:04Z</time><extensions><speed>0.051314</speed><course>188.036453</course><hAcc>0.763592</hAcc><vAcc>0.554971</vAcc></extensions></trkpt>
      <trkpt lon="-123.264534" lat="44.586900"><ele>71.816650</ele><time>2021-01-19T21:52:05Z</time><extensions><speed>0.047446</speed><course>188.036453</course><hAcc>0.763623</hAcc><vAcc>0.554989</vAcc></extensions></trkpt>
      <trkpt lon="-123.264534" lat="44.586901"><ele>71.816277</ele><time>2021-01-19T21:52:06Z</time><extensions><speed>0.046571</speed><course>188.036453</course><hAcc>0.763652</hAcc><vAcc>0.555005</vAcc></extensions></trkpt>
      <trkpt lon="-123.264533" lat="44.586901"><ele>71.815208</ele><time>2021-01-19T21:52:07Z</time><extensions><speed>0.048611</speed><course>188.036453</course><hAcc>0.763675</hAcc><vAcc>0.555016</vAcc></extensions></trkpt>
      <trkpt lon="-123.264533" lat="44.586902"><ele>71.813629</ele><time>2021-01-19T21:52:08Z</time><extensions><speed>0.052697</speed><course>86.091255</course><hAcc>0.763686</hAcc><vAcc>0.555020</vAcc></extensions></trkpt>
      <trkpt lon="-123.264532" lat="44.586902"><ele>71.811752</ele><time>2021-01-19T21:52:09Z</time><extensions><speed>0.057556</speed><course>347.190918</course><hAcc>0.763686</hAcc><vAcc>0.555017</vAcc></extensions></trkpt>
      <trkpt lon="-123.264532" lat="44.586902"><ele>71.809799</ele><time>2021-01-19T21:52:10Z</time><extensions><speed>0.061843</speed><course>340.585022</course><hAcc>0.763678</hAcc><vAcc>0.555013</vAcc></extensions></trkpt>
      <trkpt lon="-123.264531" lat="44.586903"><ele>71.807991</ele><time>2021-01-19T21:52:11Z</time><extensions><speed>0.064380</speed><course>326.083466</course><hAcc>0.763681</hAcc><vAcc>0.555020</vAcc></extensions></trkpt>
      <trkpt lon="-123.264531" lat="44.586903"><ele>71.806526</ele><time>2021-01-19T21:52:12Z</time><extensions><speed>0.064460</speed><course>317.138580</course><hAcc>0.763735</hAcc><vAcc>0.555068</vAcc></extensions></trkpt>
      <trkpt lon="-123.264530" lat="44.586903"><ele>71.805565</ele><time>2021-01-19T21:52:13Z</time><extensions><speed>0.061948</speed><course>265.953125</course><hAcc>0.763915</hAcc><vAcc>0.555205</vAcc></extensions></trkpt>
      <trkpt lon="-123.264529" lat="44.586903"><ele>71.805199</ele><time>2021-01-19T21:52:14Z</time><extensions><speed>0.057189</speed><course>256.166992</course><hAcc>0.764344</hAcc><vAcc>0.555512</vAcc></extensions></trkpt>
      <trkpt lon="-123.264529" lat="44.586904"><ele>71.805504</ele><time>2021-01-19T21:52:15Z</time><extensions><speed>0.050670</speed><course>216.080963</course><hAcc>0.765209</hAcc><vAcc>0.556105</vAcc></extensions></trkpt>
      <trkpt lon="-123.264528" lat="44.586904"><ele>71.806496</ele><time>2021-01-19T21:52:16Z</time><extensions><speed>0.042822</speed><course>233.771851</course><hAcc>0.766768</hAcc><vAcc>0.557143</vAcc></extensions></trkpt>
      <trkpt lon="-123.264528" lat="44.586904"><ele>71.808220</ele><time>2021-01-19T21:52:17Z</time><extensions><speed>0.034081</speed><course>247.043350</course><hAcc>0.769359</hAcc><vAcc>0.558827</vAcc></extensions></trkpt>
      <trkpt lon="-123.264527" lat="44.586904"><ele>71.810677</ele><time>2021-01-19T21:52:18Z</time><extensions><speed>0.025305</speed><course>231.404190</course><hAcc>0.773381</hAcc><vAcc>0.561392</vAcc></extensions></trkpt>
      <trkpt lon="-123.264527" lat="44.586904"><ele>71.813789</ele><time>2021-01-19T21:52:19Z</time><extensions><speed>0.017803</speed><course>216.391144</course><hAcc>0.779252</hAcc><vAcc>0.565079</vAcc></extensions></trkpt>
      <trkpt lon="-123.264527" lat="44.586904"><ele>71.817337</ele><time>2021-01-19T21:52:20Z</time><extensions><speed>0.012379</speed><course>185.340393</course><hAcc>0.787342</hAcc><vAcc>0.570094</vAcc></extensions></trkpt>
      <trkpt lon="-123.264527" lat="44.586904"><ele>71.821045</ele><time>2021-01-19T21:52:21Z</time><extensions><speed>0.009352</speed><course>92.245537</course><hAcc>0.797855</hAcc><vAcc>0.576544</vAcc></extensions></trkpt>
      <trkpt lon="-123.264527" lat="44.586904"><ele>71.824654</ele><time>2021-01-19T21:52:22Z</time><extensions><speed>0.008622</speed><course>70.115540</course><hAcc>0.810700</hAcc><vAcc>0.584360</vAcc></extensions></trkpt>
      <trkpt lon="-123.264527" lat="44.586904"><ele>71.828003</ele><time>2021-01-19T21:52:23Z</time><extensions><speed>0.009248</speed><course>80.369911</course><hAcc>0.825348</hAcc><vAcc>0.593218</vAcc></extensions></trkpt>
      <trkpt lon="-123.264527" lat="44.586904"><ele>71.830994</ele><time>2021-01-19T21:52:24Z</time><extensions><speed>0.010251</speed><course>45.406883</course><hAcc>0.840730</hAcc><vAcc>0.602481</vAcc></extensions></trkpt>
      <trkpt lon="-123.264527" lat="44.586904"><ele>71.833572</ele><time>2021-01-19T21:52:25Z</time><extensions><speed>0.011162</speed><course>43.164848</course><hAcc>0.855447</hAcc><vAcc>0.611322</vAcc></extensions></trkpt>
      <trkpt lon="-123.264527" lat="44.586904"><ele>71.835732</ele><time>2021-01-19T21:52:26Z</time><extensions><speed>0.011822</speed><course>30.154623</course><hAcc>0.868285</hAcc><vAcc>0.619024</vAcc></extensions></trkpt>
      <trkpt lon="-123.264527" lat="44.586903"><ele>71.837471</ele><time>2021-01-19T21:52:27Z</time><extensions><speed>0.012213</speed><course>13.854095</course><hAcc>0.878430</hAcc><vAcc>0.625107</vAcc></extensions></trkpt>
      <trkpt lon="-123.264527" lat="44.586903"><ele>71.838791</ele><time>2021-01-19T21:52:28Z</time><extensions><speed>0.012379</speed><course>347.917755</course><hAcc>0.885393</hAcc><vAcc>0.629280</vAcc></extensions></trkpt>
      <trkpt lon="-123.264527" lat="44.586903"><ele>71.839722</ele><time>2021-01-19T21:52:29Z</time><extensions><speed>0.012388</speed><course>334.681732</course><hAcc>0.888918</hAcc><vAcc>0.631393</vAcc></extensions></trkpt>
      <trkpt lon="-123.264527" lat="44.586903"><ele>71.840302</ele><time>2021-01-19T21:52:30Z</time><extensions><speed>0.012318</speed><course>286.666931</course><hAcc>0.888905</hAcc><vAcc>0.631389</vAcc></extensions></trkpt>
      <trkpt lon="-123.264527" lat="44.586903"><ele>71.840546</ele><time>2021-01-19T21:52:31Z</time><extensions><speed>0.012249</speed><course>267.850922</course><hAcc>0.885379</hAcc><vAcc>0.629285</vAcc></extensions></trkpt>
      <trkpt lon="-123.264527" lat="44.586903"><ele>71.840515</ele><time>2021-01-19T21:52:32Z</time><extensions><speed>0.012254</speed><course>253.780289</course><hAcc>0.878490</hAcc><vAcc>0.625174</vAcc></extensions></trkpt>
      <trkpt lon="-123.264527" lat="44.586903"><ele>71.840240</ele><time>2021-01-19T21:52:33Z</time><extensions><speed>0.012389</speed><course>206.579117</course><hAcc>0.868570</hAcc><vAcc>0.619256</vAcc></extensions></trkpt>
      <trkpt lon="-123.264527" lat="44.586903"><ele>71.839783</ele><time>2021-01-19T21:52:34Z</time><extensions><speed>0.012700</speed><course>201.028137</course><hAcc>0.856206</hAcc><vAcc>0.611884</vAcc></extensions></trkpt>
      <trkpt lon="-123.264527" lat="44.586903"><ele>71.839203</ele><time>2021-01-19T21:52:35Z</time><extensions><speed>0.013223</speed><course>192.381287</course><hAcc>0.842352</hAcc><vAcc>0.603627</vAcc></extensions></trkpt>
      <trkpt lon="-123.264526" lat="44.586902"><ele>71.838562</ele><time>2021-01-19T21:52:36Z</time><extensions><speed>0.014011</speed><course>176.318893</course><hAcc>0.828407</hAcc><vAcc>0.595315</vAcc></extensions></trkpt>
      <trkpt lon="-123.264526" lat="44.586902"><ele>71.837929</ele><time>2021-01-19T21:52:37Z</time><extensions><speed>0.015116</speed><course>180.349274</course><hAcc>0.815989</hAcc><vAcc>0.587902</vAcc></extensions></trkpt>
      <trkpt lon="-123.264526" lat="44.586902"><ele>71.837372</ele><time>2021-01-19T21:52:38Z</time><extensions><speed>0.016646</speed><course>184.996262</course><hAcc>0.806394</hAcc><vAcc>0.582157</vAcc></extensions></trkpt>
      <trkpt lon="-123.264526" lat="44.586902"><ele>71.836983</ele><time>2021-01-19T21:52:39Z</time><extensions><speed>0.018859</speed><course>199.226608</course><hAcc>0.800332</hAcc><vAcc>0.578502</vAcc></extensions></trkpt>
      <trkpt lon="-123.264526" lat="44.586902"><ele>71.836830</ele><time>2021-01-19T21:52:40Z</time><extensions><speed>0.022169</speed><course>180.330231</course><hAcc>0.797957</hAcc><vAcc>0.577032</vAcc></extensions></trkpt>
      <trkpt lon="-123.264525" lat="44.586903"><ele>71.837029</ele><time>2021-01-19T21:52:41Z</time><extensions><speed>0.027084</speed><course>166.555298</course><hAcc>0.798917</hAcc><vAcc>0.577541</vAcc></extensions></trkpt>
      <trkpt lon="-123.264525" lat="44.586903"><ele>71.837685</ele><time>2021-01-19T21:52:42Z</time><extensions><speed>0.034101</speed><course>159.356720</course><hAcc>0.802401</hAcc><vAcc>0.579552</vAcc></extensions></trkpt>
      <trkpt lon="-123.264525" lat="44.586903"><ele>71.838928</ele><time>2021-01-19T21:52:43Z</time><extensions><speed>0.043641</speed><course>193.444336</course><hAcc>0.807175</hAcc><vAcc>0.582332</vAcc></extensions></trkpt>
      <trkpt lon="-123.264525" lat="44.586904"><ele>71.840935</ele><time>2021-01-19T21:52:44Z</time><extensions><speed>0.056035</speed><course>179.845993</course><hAcc>0.811639</hAcc><vAcc>0.584930</vAcc></extensions></trkpt>
      <trkpt lon="-123.264525" lat="44.586904"><ele>71.843903</ele><time>2021-01-19T21:52:45Z</time><extensions><speed>0.071581</speed><course>136.770615</course><hAcc>0.814161</hAcc><vAcc>0.586378</vAcc></extensions></trkpt>
      <trkpt lon="-123.264525" lat="44.586905"><ele>71.848022</ele><time>2021-01-19T21:52:46Z</time><extensions><speed>0.090485</speed><course>136.866562</course><hAcc>0.813694</hAcc><vAcc>0.586052</vAcc></extensions></trkpt>
      <trkpt lon="-123.264525" lat="44.586906"><ele>71.853500</ele><time>2021-01-19T21:52:47Z</time><extensions><speed>0.112818</speed><course>129.157654</course><hAcc>0.810085</hAcc><vAcc>0.583857</vAcc></extensions></trkpt>
      <trkpt lon="-123.264525" lat="44.586907"><ele>71.860527</ele><time>2021-01-19T21:52:48Z</time><extensions><speed>0.138524</speed><course>136.504532</course><hAcc>0.804065</hAcc><vAcc>0.580223</vAcc></extensions></trkpt>
      <trkpt lon="-123.264526" lat="44.586908"><ele>71.869293</ele><time>2021-01-19T21:52:49Z</time><extensions><speed>0.167274</speed><course>140.964569</course><hAcc>0.796926</hAcc><vAcc>0.575915</vAcc></extensions></trkpt>
      <trkpt lon="-123.264527" lat="44.586910"><ele>71.880035</ele><time>2021-01-19T21:52:50Z</time><extensions><speed>0.198468</speed><course>140.981567</course><hAcc>0.789927</hAcc><vAcc>0.571684</vAcc></extensions></trkpt>
      <trkpt lon="-123.264528" lat="44.586911"><ele>71.893066</ele><time>2021-01-19T21:52:51Z</time><extensions><speed>0.231312</speed><course>139.484802</course><hAcc>0.783993</hAcc><vAcc>0.568088</vAcc></extensions></trkpt>
      <trkpt lon="-123.264530" lat="44.586913"><ele>71.908737</ele><time>2021-01-19T21:52:52Z</time><extensions><speed>0.264798</speed><course>139.447098</course><hAcc>0.779735</hAcc><vAcc>0.565503</vAcc></extensions></trkpt>
      <trkpt lon="-123.264532" lat="44.586915"><ele>71.927322</ele><time>2021-01-19T21:52:53Z</time><extensions><speed>0.299885</speed><course>149.789871</course><hAcc>0.777514</hAcc><vAcc>0.564154</vAcc></extensions></trkpt>
      <trkpt lon="-123.264535" lat="44.586917"><ele>71.948669</ele><time>2021-01-19T21:52:54Z</time><extensions><speed>0.338739</speed><course>150.425400</course><hAcc>0.777505</hAcc><vAcc>0.564152</vAcc></extensions></trkpt>
      <trkpt lon="-123.264538" lat="44.586919"><ele>71.972054</ele><time>2021-01-19T21:52:55Z</time><extensions><speed>0.381961</speed><course>162.840759</course><hAcc>0.779746</hAcc><vAcc>0.565523</vAcc></extensions></trkpt>
      <trkpt lon="-123.264542" lat="44.586922"><ele>71.996231</ele><time>2021-01-19T21:52:56Z</time><extensions><speed>0.429025</speed><course>136.028610</course><hAcc>0.784141</hAcc><vAcc>0.568206</vAcc></extensions></trkpt>
      <trkpt lon="-123.264547" lat="44.586924"><ele>72.019524</ele><time>2021-01-19T21:52:57Z</time><extensions><speed>0.479086</speed><course>133.116119</course><hAcc>0.790427</hAcc><vAcc>0.572037</vAcc></extensions></trkpt>
      <trkpt lon="-123.264552" lat="44.586926"><ele>72.040161</ele><time>2021-01-19T21:52:58Z</time><extensions><speed>0.530485</speed><course>132.919327</course><hAcc>0.798119</hAcc><vAcc>0.576721</vAcc></extensions></trkpt>
      <trkpt lon="-123.264559" lat="44.586928"><ele>72.056732</ele><time>2021-01-19T21:52:59Z</time><extensions><speed>0.580248</speed><course>133.423477</course><hAcc>0.806452</hAcc><vAcc>0.581795</vAcc></extensions></trkpt>
      <trkpt lon="-123.264566" lat="44.586930"><ele>72.068314</ele><time>2021-01-19T21:53:00Z</time><extensions><speed>0.623961</speed><course>134.335617</course><hAcc>0.814357</hAcc><vAcc>0.586625</vAcc></extensions></trkpt>
      <trkpt lon="-123.264573" lat="44.586932"><ele>72.074371</ele><time>2021-01-19T21:53:01Z</time><extensions><speed>0.657101</speed><course>127.130814</course><hAcc>0.820758</hAcc><vAcc>0.590570</vAcc></extensions></trkpt>
      <trkpt lon="-123.264581" lat="44.586934"><ele>72.074890</ele><time>2021-01-19T21:53:02Z</time><extensions><speed>0.676605</speed><course>126.243042</course><hAcc>0.825151</hAcc><vAcc>0.593331</vAcc></extensions></trkpt>
      <trkpt lon="-123.264590" lat="44.586936"><ele>72.070381</ele><time>2021-01-19T21:53:03Z</time><extensions><speed>0.680916</speed><course>130.481674</course><hAcc>0.827890</hAcc><vAcc>0.595111</vAcc></extensions></trkpt>
      <trkpt lon="-123.264598" lat="44.586937"><ele>72.061707</ele><time>2021-01-19T21:53:04Z</time><extensions><speed>0.669525</speed><course>104.761551</course><hAcc>0.830128</hAcc><vAcc>0.596582</vAcc></extensions></trkpt>
      <trkpt lon="-123.264606" lat="44.586938"><ele>72.049782</ele><time>2021-01-19T21:53:05Z</time><extensions><speed>0.643081</speed><course>92.900787</course><hAcc>0.833398</hAcc><vAcc>0.598634</vAcc></extensions></trkpt>
      <trkpt lon="-123.264614" lat="44.586939"><ele>72.035339</ele><time>2021-01-19T21:53:06Z</time><extensions><speed>0.603762</speed><course>89.432983</course><hAcc>0.838868</hAcc><vAcc>0.601948</vAcc></extensions></trkpt>
      <trkpt lon="-123.264621" lat="44.586940"><ele>72.018990</ele><time>2021-01-19T21:53:07Z</time><extensions><speed>0.555382</speed><course>88.896271</course><hAcc>0.846891</hAcc><vAcc>0.606728</vAcc></extensions></trkpt>
      <trkpt lon="-123.264628" lat="44.586940"><ele>72.001419</ele><time>2021-01-19T21:53:08Z</time><extensions><speed>0.502338</speed><course>84.783928</course><hAcc>0.856926</hAcc><vAcc>0.612665</vAcc></extensions></trkpt>
      <trkpt lon="-123.264633" lat="44.586941"><ele>71.983345</ele><time>2021-01-19T21:53:09Z</time><extensions><speed>0.447489</speed><course>90.904274</course><hAcc>0.867842</hAcc><vAcc>0.619101</vAcc></extensions></trkpt>
      <trkpt lon="-123.264639" lat="44.586941"><ele>71.965508</ele><time>2021-01-19T21:53:10Z</time><extensions><speed>0.392328</speed><course>97.431282</course><hAcc>0.878544</hAcc><vAcc>0.625402</vAcc></extensions></trkpt>
      <trkpt lon="-123.264643" lat="44.586941"><ele>71.948639</ele><time>2021-01-19T21:53:11Z</time><extensions><speed>0.338394</speed><course>123.318611</course><hAcc>0.888290</hAcc><vAcc>0.631136</vAcc></extensions></trkpt>
      <trkpt lon="-123.264647" lat="44.586941"><ele>71.933365</ele><time>2021-01-19T21:53:12Z</time><extensions><speed>0.287343</speed><course>129.233078</course><hAcc>0.896667</hAcc><vAcc>0.636062</vAcc></extensions></trkpt>
      <trkpt lon="-123.264651" lat="44.586941"><ele>71.920143</ele><time>2021-01-19T21:53:13Z</time><extensions><speed>0.240403</speed><course>131.565155</course><hAcc>0.903525</hAcc><vAcc>0.640093</vAcc></extensions></trkpt>
      <trkpt lon="-123.264653" lat="44.586941"><ele>71.909195</ele><time>2021-01-19T21:53:14Z</time><extensions><speed>0.198479</speed><course>148.243057</course><hAcc>0.908901</hAcc><vAcc>0.643251</vAcc></extensions></trkpt>
      <trkpt lon="-123.264656" lat="44.586941"><ele>71.900436</ele><time>2021-01-19T21:53:15Z</time><extensions><speed>0.162573</speed><course>143.105270</course><hAcc>0.912945</hAcc><vAcc>0.645623</vAcc></extensions></trkpt>
      <trkpt lon="-123.264657" lat="44.586941"><ele>71.893608</ele><time>2021-01-19T21:53:16Z</time><extensions><speed>0.134159</speed><course>141.033157</course><hAcc>0.915862</hAcc><vAcc>0.647333</vAcc></extensions></trkpt>
      <trkpt lon="-123.264659" lat="44.586942"><ele>71.888405</ele><time>2021-01-19T21:53:17Z</time><extensions><speed>0.115357</speed><course>129.495331</course><hAcc>0.917875</hAcc><vAcc>0.648510</vAcc></extensions></trkpt>
      <trkpt lon="-123.264660" lat="44.586942"><ele>71.884499</ele><time>2021-01-19T21:53:18Z</time><extensions><speed>0.108721</speed><course>117.947639</course><hAcc>0.919195</hAcc><vAcc>0.649281</vAcc></extensions></trkpt>
      <trkpt lon="-123.264661" lat="44.586943"><ele>71.881592</ele><time>2021-01-19T21:53:19Z</time><extensions><speed>0.115348</speed><course>121.489502</course><hAcc>0.920011</hAcc><vAcc>0.649756</vAcc></extensions></trkpt>
      <trkpt lon="-123.264662" lat="44.586943"><ele>71.879425</ele><time>2021-01-19T21:53:20Z</time><extensions><speed>0.133472</speed><course>128.232956</course><hAcc>0.920481</hAcc><vAcc>0.650028</vAcc></extensions></trkpt>
      <trkpt lon="-123.264663" lat="44.586945"><ele>71.877800</ele><time>2021-01-19T21:53:21Z</time><extensions><speed>0.160151</speed><course>141.257477</course><hAcc>0.920737</hAcc><vAcc>0.650177</vAcc></extensions></trkpt>
      <trkpt lon="-123.264664" lat="44.586946"><ele>71.876556</ele><time>2021-01-19T21:53:22Z</time><extensions><speed>0.193043</speed><course>147.122177</course><hAcc>0.920893</hAcc><vAcc>0.650270</vAcc></extensions></trkpt>
      <trkpt lon="-123.264666" lat="44.586948"><ele>71.875595</ele><time>2021-01-19T21:53:23Z</time><extensions><speed>0.230519</speed><course>151.320190</course><hAcc>0.921057</hAcc><vAcc>0.650372</vAcc></extensions></trkpt>
      <trkpt lon="-123.264667" lat="44.586950"><ele>71.874840</ele><time>2021-01-19T21:53:24Z</time><extensions><speed>0.271208</speed><course>168.268433</course><hAcc>0.921342</hAcc><vAcc>0.650554</vAcc></extensions></trkpt>
      <trkpt lon="-123.264669" lat="44.586952"><ele>71.874252</ele><time>2021-01-19T21:53:25Z</time><extensions><speed>0.313613</speed><course>169.720947</course><hAcc>0.921878</hAcc><vAcc>0.650897</vAcc></extensions></trkpt>
      <trkpt lon="-123.264671" lat="44.586955"><ele>71.873817</ele><time>2021-01-19T21:53:26Z</time><extensions><speed>0.355876</speed><course>156.382919</course><hAcc>0.922830</hAcc><vAcc>0.651506</vAcc></extensions></trkpt>
      <trkpt lon="-123.264673" lat="44.586958"><ele>71.873550</ele><time>2021-01-19T21:53:27Z</time><extensions><speed>0.395640</speed><course>146.667694</course><hAcc>0.924402</hAcc><vAcc>0.652508</vAcc></extensions></trkpt>
      <trkpt lon="-123.264676" lat="44.586961"><ele>71.873512</ele><time>2021-01-19T21:53:28Z</time><extensions><speed>0.429961</speed><course>120.112343</course><hAcc>0.926841</hAcc><vAcc>0.654061</vAcc></extensions></trkpt>
      <trkpt lon="-123.264679" lat="44.586964"><ele>71.873764</ele><time>2021-01-19T21:53:29Z</time><extensions><speed>0.455267</speed><course>195.247620</course><hAcc>0.930428</hAcc><vAcc>0.656344</vAcc></extensions></trkpt>
      <trkpt lon="-123.264682" lat="44.586968"><ele>71.874413</ele><time>2021-01-19T21:53:30Z</time><extensions><speed>0.467342</speed><course>203.876511</course><hAcc>0.935465</hAcc><vAcc>0.659547</vAcc></extensions></trkpt>
      <trkpt lon="-123.264686" lat="44.586971"><ele>71.875595</ele><time>2021-01-19T21:53:31Z</time><extensions><speed>0.464362</speed><course>202.443024</course><hAcc>0.942232</hAcc><vAcc>0.663848</vAcc></extensions></trkpt>
      <trkpt lon="-123.264689" lat="44.586974"><ele>71.877419</ele><time>2021-01-19T21:53:32Z</time><extensions><speed>0.447513</speed><course>197.870041</course><hAcc>0.950940</hAcc><vAcc>0.669380</vAcc></extensions></trkpt>
      <trkpt lon="-123.264693" lat="44.586977"><ele>71.879860</ele><time>2021-01-19T21:53:33Z</time><extensions><speed>0.419139</speed><course>279.826111</course><hAcc>0.961659</hAcc><vAcc>0.676189</vAcc></extensions></trkpt>
      <trkpt lon="-123.264697" lat="44.586979"><ele>71.882729</ele><time>2021-01-19T21:53:34Z</time><extensions><speed>0.382518</speed><course>266.135468</course><hAcc>0.974247</hAcc><vAcc>0.684182</vAcc></extensions></trkpt>
      <trkpt lon="-123.264700" lat="44.586981"><ele>71.885704</ele><time>2021-01-19T21:53:35Z</time><extensions><speed>0.340984</speed><course>202.861115</course><hAcc>0.988278</hAcc><vAcc>0.693085</vAcc></extensions></trkpt>
      <trkpt lon="-123.264704" lat="44.586983"><ele>71.888412</ele><time>2021-01-19T21:53:36Z</time><extensions><speed>0.297453</speed><course>169.809540</course><hAcc>1.002994</hAcc><vAcc>0.702413</vAcc></extensions></trkpt>
      <trkpt lon="-123.264706" lat="44.586984"><ele>71.890640</ele><time>2021-01-19T21:53:37Z</time><extensions><speed>0.253929</speed><course>153.571533</course><hAcc>1.017455</hAcc><vAcc>0.711564</vAcc></extensions></trkpt>
      <trkpt lon="-123.264709" lat="44.586985"><ele>71.892365</ele><time>2021-01-19T21:53:38Z</time><extensions><speed>0.211608</speed><course>151.809784</course><hAcc>1.030872</hAcc><vAcc>0.720030</vAcc></extensions></trkpt>
      <trkpt lon="-123.264711" lat="44.586986"><ele>71.893692</ele><time>2021-01-19T21:53:39Z</time><extensions><speed>0.171703</speed><course>127.552864</course><hAcc>1.042752</hAcc><vAcc>0.727502</vAcc></extensions></trkpt>
      <trkpt lon="-123.264713" lat="44.586986"><ele>71.894707</ele><time>2021-01-19T21:53:40Z</time><extensions><speed>0.135888</speed><course>110.108582</course><hAcc>1.052859</hAcc><vAcc>0.733832</vAcc></extensions></trkpt>
      <trkpt lon="-123.264715" lat="44.586986"><ele>71.895439</ele><time>2021-01-19T21:53:41Z</time><extensions><speed>0.106868</speed><course>77.191521</course><hAcc>1.061157</hAcc><vAcc>0.739003</vAcc></extensions></trkpt>
      <trkpt lon="-123.264716" lat="44.586986"><ele>71.895889</ele><time>2021-01-19T21:53:42Z</time><extensions><speed>0.089153</speed><course>242.213943</course><hAcc>1.067751</hAcc><vAcc>0.743085</vAcc></extensions></trkpt>
      <trkpt lon="-123.264717" lat="44.586985"><ele>71.896080</ele><time>2021-01-19T21:53:43Z</time><extensions><speed>0.087001</speed><course>176.544250</course><hAcc>1.072840</hAcc><vAcc>0.746212</vAcc></extensions></trkpt>
      <trkpt lon="-123.264717" lat="44.586984"><ele>71.896027</ele><time>2021-01-19T21:53:44Z</time><extensions><speed>0.098683</speed><course>155.907043</course><hAcc>1.076678</hAcc><vAcc>0.748547</vAcc></extensions></trkpt>
      <trkpt lon="-123.264717" lat="44.586983"><ele>71.895752</ele><time>2021-01-19T21:53:45Z</time><extensions><speed>0.117667</speed><course>172.920776</course><hAcc>1.079553</hAcc><vAcc>0.750278</vAcc></extensions></trkpt>
      <trkpt lon="-123.264717" lat="44.586982"><ele>71.895325</ele><time>2021-01-19T21:53:46Z</time><extensions><speed>0.138609</speed><course>182.788147</course><hAcc>1.081768</hAcc><vAcc>0.751597</vAcc></extensions></trkpt>
      <trkpt lon="-123.264716" lat="44.586981"><ele>71.894821</ele><time>2021-01-19T21:53:47Z</time><extensions><speed>0.158595</speed><course>186.650345</course><hAcc>1.083638</hAcc><vAcc>0.752709</vAcc></extensions></trkpt>
      <trkpt lon="-123.264715" lat="44.586979"><ele>71.894302</ele><time>2021-01-19T21:53:48Z</time><extensions><speed>0.176072</speed><course>177.987686</course><hAcc>1.085490</hAcc><vAcc>0.753821</vAcc></extensions></trkpt>
      <trkpt lon="-123.264714" lat="44.586978"><ele>71.893829</ele><time>2021-01-19T21:53:49Z</time><extensions><speed>0.190085</speed><course>179.725815</course><hAcc>1.087659</hAcc><vAcc>0.755152</vAcc></extensions></trkpt>
      <trkpt lon="-123.264713" lat="44.586977"><ele>71.893440</ele><time>2021-01-19T21:53:50Z</time><extensions><speed>0.200005</speed><course>189.781006</course><hAcc>1.090495</hAcc><vAcc>0.756931</vAcc></extensions></trkpt>
      <trkpt lon="-123.264711" lat="44.586975"><ele>71.893181</ele><time>2021-01-19T21:53:51Z</time><extensions><speed>0.205197</speed><course>177.560974</course><hAcc>1.094355</hAcc><vAcc>0.759393</vAcc></extensions></trkpt>
      <trkpt lon="-123.264709" lat="44.586974"><ele>71.893089</ele><time>2021-01-19T21:53:52Z</time><extensions><speed>0.205768</speed><course>174.978210</course><hAcc>1.099588</hAcc><vAcc>0.762777</vAcc></extensions></trkpt>
      <trkpt lon="-123.264708" lat="44.586972"><ele>71.893227</ele><time>2021-01-19T21:53:53Z</time><extensions><speed>0.202941</speed><course>169.255493</course><hAcc>1.106514</hAcc><vAcc>0.767301</vAcc></extensions></trkpt>
      <trkpt lon="-123.264706" lat="44.586971"><ele>71.893623</ele><time>2021-01-19T21:53:54Z</time><extensions><speed>0.198363</speed><course>141.348190</course><hAcc>1.115385</hAcc><vAcc>0.773145</vAcc></extensions></trkpt>
      <trkpt lon="-123.264704" lat="44.586970"><ele>71.894188</ele><time>2021-01-19T21:53:55Z</time><extensions><speed>0.193999</speed><course>144.367065</course><hAcc>1.126326</hAcc><vAcc>0.780407</vAcc></extensions></trkpt>
      <trkpt lon="-123.264702" lat="44.586969"><ele>71.894806</ele><time>2021-01-19T21:53:56Z</time><extensions><speed>0.192041</speed><course>124.937927</course><hAcc>1.139282</hAcc><vAcc>0.789064</vAcc></extensions></trkpt>
      <trkpt lon="-123.264700" lat="44.586968"><ele>71.895340</ele><time>2021-01-19T21:53:57Z</time><extensions><speed>0.194576</speed><course>113.106529</course><hAcc>1.153941</hAcc><vAcc>0.798922</vAcc></extensions></trkpt>
      <trkpt lon="-123.264698" lat="44.586967"><ele>71.895714</ele><time>2021-01-19T21:53:58Z</time><extensions><speed>0.203374</speed><course>150.635651</course><hAcc>1.169674</hAcc><vAcc>0.809570</vAcc></extensions></trkpt>
      <trkpt lon="-123.264696" lat="44.586966"><ele>71.895973</ele><time>2021-01-19T21:53:59Z</time><extensions><speed>0.219678</speed><course>128.511154</course><hAcc>1.185486</hAcc><vAcc>0.820344</vAcc></extensions></trkpt>
      <trkpt lon="-123.264693" lat="44.586965"><ele>71.896255</ele><time>2021-01-19T21:54:00Z</time><extensions><speed>0.244134</speed><course>121.997162</course><hAcc>1.199999</hAcc><vAcc>0.830314</vAcc></extensions></trkpt>
      <trkpt lon="-123.264690" lat="44.586965"><ele>71.896790</ele><time>2021-01-19T21:54:01Z</time><extensions><speed>0.276786</speed><course>123.335175</course><hAcc>1.211645</hAcc><vAcc>0.838417</vAcc></extensions></trkpt>
      <trkpt lon="-123.264686" lat="44.586965"><ele>71.897881</ele><time>2021-01-19T21:54:02Z</time><extensions><speed>0.317306</speed><course>123.332901</course><hAcc>1.219047</hAcc><vAcc>0.843723</vAcc></extensions></trkpt>
      <trkpt lon="-123.264682" lat="44.586964"><ele>71.899849</ele><time>2021-01-19T21:54:03Z</time><extensions><speed>0.365276</speed><course>121.890015</course><hAcc>1.221220</hAcc><vAcc>0.845576</vAcc></extensions></trkpt>
      <trkpt lon="-123.264677" lat="44.586964"><ele>71.903069</ele><time>2021-01-19T21:54:04Z</time><extensions><speed>0.420219</speed><course>103.420784</course><hAcc>1.217573</hAcc><vAcc>0.843591</vAcc></extensions></trkpt>
      <trkpt lon="-123.264671" lat="44.586964"><ele>71.907959</ele><time>2021-01-19T21:54:05Z</time><extensions><speed>0.481568</speed><course>82.377686</course><hAcc>1.207901</hAcc><vAcc>0.837657</vAcc></extensions></trkpt>
      <trkpt lon="-123.264665" lat="44.586963"><ele>71.914917</ele><time>2021-01-19T21:54:06Z</time><extensions><speed>0.548620</speed><course>95.219193</course><hAcc>1.192394</hAcc><vAcc>0.827931</vAcc></extensions></trkpt>
      <trkpt lon="-123.264657" lat="44.586963"><ele>71.924370</ele><time>2021-01-19T21:54:07Z</time><extensions><speed>0.620480</speed><course>108.131279</course><hAcc>1.171636</hAcc><vAcc>0.814849</vAcc></extensions></trkpt>
      <trkpt lon="-123.264649" lat="44.586963"><ele>71.936707</ele><time>2021-01-19T21:54:08Z</time><extensions><speed>0.696006</speed><course>94.574608</course><hAcc>1.146622</hAcc><vAcc>0.799128</vAcc></extensions></trkpt>
      <trkpt lon="-123.264640" lat="44.586963"><ele>71.952278</ele><time>2021-01-19T21:54:09Z</time><extensions><speed>0.772912</speed><course>59.282730</course><hAcc>1.118586</hAcc><vAcc>0.781648</vAcc></extensions></trkpt>
      <trkpt lon="-123.264630" lat="44.586962"><ele>71.971390</ele><time>2021-01-19T21:54:10Z</time><extensions><speed>0.847516</speed><course>42.529472</course><hAcc>1.088670</hAcc><vAcc>0.763210</vAcc></extensions></trkpt>
      <trkpt lon="-123.264619" lat="44.586962"><ele>71.994209</ele><time>2021-01-19T21:54:11Z</time><extensions><speed>0.915335</speed><course>48.398193</course><hAcc>1.057784</hAcc><vAcc>0.744434</vAcc></extensions></trkpt>
      <trkpt lon="-123.264607" lat="44.586962"><ele>72.020775</ele><time>2021-01-19T21:54:12Z</time><extensions><speed>0.971004</speed><course>46.187801</course><hAcc>1.026682</hAcc><vAcc>0.725798</vAcc></extensions></trkpt>
      <trkpt lon="-123.264594" lat="44.586961"><ele>72.050919</ele><time>2021-01-19T21:54:13Z</time><extensions><speed>1.008206</speed><course>45.849556</course><hAcc>0.996047</hAcc><vAcc>0.707688</vAcc></extensions></trkpt>
      <trkpt lon="-123.264581" lat="44.586961"><ele>72.084175</ele><time>2021-01-19T21:54:14Z</time><extensions><speed>1.019610</speed><course>52.171581</course><hAcc>0.966542</hAcc><vAcc>0.690433</vAcc></extensions></trkpt>
      <trkpt lon="-123.264578" lat="44.586961"><ele>72.093353</ele><time>2021-01-19T21:54:14Z</time><extensions><speed>1.019014</speed><course>80.423882</course><hAcc>0.959895</hAcc><vAcc>0.686679</vAcc></extensions></trkpt>
      <trkpt lon="-123.264569" lat="44.586961"><ele>72.119293</ele><time>2021-01-19T21:54:15Z</time><extensions><speed>1.005443</speed><course>122.651978</course><hAcc>0.947335</hAcc><vAcc>0.680340</vAcc></extensions></trkpt>
      <trkpt lon="-123.264556" lat="44.586960"><ele>72.155037</ele><time>2021-01-19T21:54:16Z</time><extensions><speed>0.956888</speed><course>151.770630</course><hAcc>0.936187</hAcc><vAcc>0.675552</vAcc></extensions></trkpt>
      <trkpt lon="-123.264545" lat="44.586960"><ele>72.190002</ele><time>2021-01-19T21:54:17Z</time><extensions><speed>0.886922</speed><course>137.713745</course><hAcc>0.927954</hAcc><vAcc>0.672333</vAcc></extensions></trkpt>
      <trkpt lon="-123.264534" lat="44.586959"><ele>72.222366</ele><time>2021-01-19T21:54:18Z</time><extensions><speed>0.802082</speed><course>132.663712</course><hAcc>0.922366</hAcc><vAcc>0.670480</vAcc></extensions></trkpt>
      <trkpt lon="-123.264525" lat="44.586959"><ele>72.250267</ele><time>2021-01-19T21:54:19Z</time><extensions><speed>0.709334</speed><course>64.193901</course><hAcc>0.918965</hAcc><vAcc>0.669713</vAcc></extensions></trkpt>
      <trkpt lon="-123.264516" lat="44.586958"><ele>72.271927</ele><time>2021-01-19T21:54:20Z</time><extensions><speed>0.614212</speed><course>49.281548</course><hAcc>0.917234</hAcc><vAcc>0.669737</vAcc></extensions></trkpt>
      <trkpt lon="-123.264509" lat="44.586958"><ele>72.285667</ele><time>2021-01-19T21:54:21Z</time><extensions><speed>0.520959</speed><course>57.649078</course><hAcc>0.916687</hAcc><vAcc>0.670285</vAcc></extensions></trkpt>
      <trkpt lon="-123.264503" lat="44.586958"><ele>72.290108</ele><time>2021-01-19T21:54:22Z</time><extensions><speed>0.432984</speed><course>80.757988</course><hAcc>0.916909</hAcc><vAcc>0.671140</vAcc></extensions></trkpt>
      <trkpt lon="-123.264498" lat="44.586958"><ele>72.284279</ele><time>2021-01-19T21:54:23Z</time><extensions><speed>0.353581</speed><course>115.387238</course><hAcc>0.917575</hAcc><vAcc>0.672135</vAcc></extensions></trkpt>
      <trkpt lon="-123.264494" lat="44.586957"><ele>72.267754</ele><time>2021-01-19T21:54:24Z</time><extensions><speed>0.285834</speed><course>160.061096</course><hAcc>0.918445</hAcc><vAcc>0.673153</vAcc></extensions></trkpt>
      <trkpt lon="-123.264491" lat="44.586957"><ele>72.240807</ele><time>2021-01-19T21:54:25Z</time><extensions><speed>0.231636</speed><course>176.926865</course><hAcc>0.919354</hAcc><vAcc>0.674109</vAcc></extensions></trkpt>
      <trkpt lon="-123.264488" lat="44.586957"><ele>72.204506</ele><time>2021-01-19T21:54:26Z</time><extensions><speed>0.190411</speed><course>179.044937</course><hAcc>0.920189</hAcc><vAcc>0.674945</vAcc></extensions></trkpt>
      <trkpt lon="-123.264486" lat="44.586958"><ele>72.160591</ele><time>2021-01-19T21:54:27Z</time><extensions><speed>0.159300</speed><course>175.998154</course><hAcc>0.920889</hAcc><vAcc>0.675633</vAcc></extensions></trkpt>
      <trkpt lon="-123.264484" lat="44.586958"><ele>72.111267</ele><time>2021-01-19T21:54:28Z</time><extensions><speed>0.134769</speed><course>202.074661</course><hAcc>0.921432</hAcc><vAcc>0.676165</vAcc></extensions></trkpt>
      <trkpt lon="-123.264483" lat="44.586958"><ele>72.058899</ele><time>2021-01-19T21:54:29Z</time><extensions><speed>0.113491</speed><course>168.391983</course><hAcc>0.921821</hAcc><vAcc>0.676553</vAcc></extensions></trkpt>
      <trkpt lon="-123.264482" lat="44.586958"><ele>72.005722</ele><time>2021-01-19T21:54:30Z</time><extensions><speed>0.092996</speed><course>160.437302</course><hAcc>0.922075</hAcc><vAcc>0.676813</vAcc></extensions></trkpt>
      <trkpt lon="-123.264481" lat="44.586958"><ele>71.953682</ele><time>2021-01-19T21:54:31Z</time><extensions><speed>0.071511</speed><course>158.538422</course><hAcc>0.922220</hAcc><vAcc>0.676972</vAcc></extensions></trkpt>
      <trkpt lon="-123.264480" lat="44.586959"><ele>71.904465</ele><time>2021-01-19T21:54:32Z</time><extensions><speed>0.048930</speed><course>159.015701</course><hAcc>0.922282</hAcc><vAcc>0.677053</vAcc></extensions></trkpt>
      <trkpt lon="-123.264480" lat="44.586959"><ele>71.859459</ele><time>2021-01-19T21:54:33Z</time><extensions><speed>0.030700</speed><course>169.114212</course><hAcc>0.922291</hAcc><vAcc>0.677081</vAcc></extensions></trkpt>
      <trkpt lon="-123.264480" lat="44.586959"><ele>71.819702</ele><time>2021-01-19T21:54:34Z</time><extensions><speed>0.035062</speed><course>167.561600</course><hAcc>0.922268</hAcc><vAcc>0.677078</vAcc></extensions></trkpt>
      <trkpt lon="-123.264480" lat="44.586959"><ele>71.785851</ele><time>2021-01-19T21:54:35Z</time><extensions><speed>0.059663</speed><course>168.742630</course><hAcc>0.922234</hAcc><vAcc>0.677062</vAcc></extensions></trkpt>
      <trkpt lon="-123.264481" lat="44.586960"><ele>71.758286</ele><time>2021-01-19T21:54:36Z</time><extensions><speed>0.088503</speed><course>170.137146</course><hAcc>0.922204</hAcc><vAcc>0.677047</vAcc></extensions></trkpt>
      <trkpt lon="-123.264482" lat="44.586960"><ele>71.737137</ele><time>2021-01-19T21:54:37Z</time><extensions><speed>0.115073</speed><course>127.467979</course><hAcc>0.922188</hAcc><vAcc>0.677045</vAcc></extensions></trkpt>
      <trkpt lon="-123.264484" lat="44.586960"><ele>71.722168</ele><time>2021-01-19T21:54:38Z</time><extensions><speed>0.136895</speed><course>68.883980</course><hAcc>0.922195</hAcc><vAcc>0.677064</vAcc></extensions></trkpt>
      <trkpt lon="-123.264486" lat="44.586960"><ele>71.712898</ele><time>2021-01-19T21:54:39Z</time><extensions><speed>0.152986</speed><course>45.034290</course><hAcc>0.922233</hAcc><vAcc>0.677112</vAcc></extensions></trkpt>
      <trkpt lon="-123.264487" lat="44.586961"><ele>71.708687</ele><time>2021-01-19T21:54:40Z</time><extensions><speed>0.162820</speed><course>356.329926</course><hAcc>0.922312</hAcc><vAcc>0.677198</vAcc></extensions></trkpt>
      <trkpt lon="-123.264490" lat="44.586961"><ele>71.708878</ele><time>2021-01-19T21:54:41Z</time><extensions><speed>0.166821</speed><course>356.364105</course><hAcc>0.922441</hAcc><vAcc>0.677330</vAcc></extensions></trkpt>
      <trkpt lon="-123.264492" lat="44.586961"><ele>71.712730</ele><time>2021-01-19T21:54:42Z</time><extensions><speed>0.165865</speed><course>13.117930</course><hAcc>0.922635</hAcc><vAcc>0.677519</vAcc></extensions></trkpt>
      <trkpt lon="-123.264494" lat="44.586961"><ele>71.719307</ele><time>2021-01-19T21:54:43Z</time><extensions><speed>0.159888</speed><course>191.977615</course><hAcc>0.922911</hAcc><vAcc>0.677778</vAcc></extensions></trkpt>
      <trkpt lon="-123.264496" lat="44.586961"><ele>71.727509</ele><time>2021-01-19T21:54:44Z</time><extensions><speed>0.149412</speed><course>213.359421</course><hAcc>0.923299</hAcc><vAcc>0.678127</vAcc></extensions></trkpt>
      <trkpt lon="-123.264497" lat="44.586962"><ele>71.736435</ele><time>2021-01-19T21:54:45Z</time><extensions><speed>0.136046</speed><course>238.518677</course><hAcc>0.923836</hAcc><vAcc>0.678595</vAcc></extensions></trkpt>
      <trkpt lon="-123.264499" lat="44.586962"><ele>71.745476</ele><time>2021-01-19T21:54:46Z</time><extensions><speed>0.121025</speed><course>235.955856</course><hAcc>0.924570</hAcc><vAcc>0.679213</vAcc></extensions></trkpt>
      <trkpt lon="-123.264500" lat="44.586962"><ele>71.754204</ele><time>2021-01-19T21:54:47Z</time><extensions><speed>0.105331</speed><course>219.898712</course><hAcc>0.925545</hAcc><vAcc>0.680013</vAcc></extensions></trkpt>
      <trkpt lon="-123.264502" lat="44.586962"><ele>71.762321</ele><time>2021-01-19T21:54:48Z</time><extensions><speed>0.089720</speed><course>207.555466</course><hAcc>0.926803</hAcc><vAcc>0.681020</vAcc></extensions></trkpt>
      <trkpt lon="-123.264503" lat="44.586962"><ele>71.769646</ele><time>2021-01-19T21:54:49Z</time><extensions><speed>0.074754</speed><course>254.558014</course><hAcc>0.928369</hAcc><vAcc>0.682244</vAcc></extensions></trkpt>
      <trkpt lon="-123.264503" lat="44.586962"><ele>71.776093</ele><time>2021-01-19T21:54:50Z</time><extensions><speed>0.060825</speed><course>359.833862</course><hAcc>0.930238</hAcc><vAcc>0.683671</vAcc></extensions></trkpt>
      <trkpt lon="-123.264504" lat="44.586962"><ele>71.781631</ele><time>2021-01-19T21:54:51Z</time><extensions><speed>0.048188</speed><course>37.864918</course><hAcc>0.932361</hAcc><vAcc>0.685254</vAcc></extensions></trkpt>
      <trkpt lon="-123.264505" lat="44.586962"><ele>71.786285</ele><time>2021-01-19T21:54:52Z</time><extensions><speed>0.036982</speed><course>73.577896</course><hAcc>0.934639</hAcc><vAcc>0.686906</vAcc></extensions></trkpt>
      <trkpt lon="-123.264505" lat="44.586962"><ele>71.790123</ele><time>2021-01-19T21:54:53Z</time><extensions><speed>0.027255</speed><course>60.364288</course><hAcc>0.936914</hAcc><vAcc>0.688505</vAcc></extensions></trkpt>
      <trkpt lon="-123.264505" lat="44.586962"><ele>71.793205</ele><time>2021-01-19T21:54:54Z</time><extensions><speed>0.018989</speed><course>56.284386</course><hAcc>0.938980</hAcc><vAcc>0.689899</vAcc></extensions></trkpt>
      <trkpt lon="-123.264506" lat="44.586963"><ele>71.795639</ele><time>2021-01-19T21:54:55Z</time><extensions><speed>0.012114</speed><course>49.068726</course><hAcc>0.940614</hAcc><vAcc>0.690939</vAcc></extensions></trkpt>
      <trkpt lon="-123.264506" lat="44.586963"><ele>71.797501</ele><time>2021-01-19T21:54:56Z</time><extensions><speed>0.006536</speed><course>48.148773</course><hAcc>0.941644</hAcc><vAcc>0.691531</vAcc></extensions></trkpt>
      <trkpt lon="-123.264506" lat="44.586963"><ele>71.798904</ele><time>2021-01-19T21:54:57Z</time><extensions><speed>0.002227</speed><course>57.268761</course><hAcc>0.942059</hAcc><vAcc>0.691722</vAcc></extensions></trkpt>
      <trkpt lon="-123.264506" lat="44.586963"><ele>71.799919</ele><time>2021-01-19T21:54:58Z</time><extensions><speed>0.001781</speed><course>65.698944</course><hAcc>0.942200</hAcc><vAcc>0.691846</vAcc></extensions></trkpt>
      <trkpt lon="-123.264506" lat="44.586963"><ele>71.800629</ele><time>2021-01-19T21:54:59Z</time><extensions><speed>0.004208</speed><course>81.530197</course><hAcc>0.943029</hAcc><vAcc>0.692709</vAcc></extensions></trkpt>
      <trkpt lon="-123.264506" lat="44.586963"><ele>71.801102</ele><time>2021-01-19T21:55:00Z</time><extensions><speed>0.006072</speed><course>66.548203</course><hAcc>0.946495</hAcc><vAcc>0.695850</vAcc></extensions></trkpt>
      <trkpt lon="-123.264506" lat="44.586963"><ele>71.801407</ele><time>2021-01-19T21:55:01Z</time><extensions><speed>0.007386</speed><course>65.295082</course><hAcc>0.955956</hAcc><vAcc>0.703812</vAcc></extensions></trkpt>
      <trkpt lon="-123.264505" lat="44.586963"><ele>71.801582</ele><time>2021-01-19T21:55:02Z</time><extensions><speed>0.008261</speed><course>65.515503</course><hAcc>0.976534</hAcc><vAcc>0.720345</vAcc></extensions></trkpt>
      <trkpt lon="-123.264505" lat="44.586963"><ele>71.801666</ele><time>2021-01-19T21:55:03Z</time><extensions><speed>0.008804</speed><course>65.325249</course><hAcc>1.015138</hAcc><vAcc>0.750350</vAcc></extensions></trkpt>
      <trkpt lon="-123.264505" lat="44.586962"><ele>71.799416</ele><time>2021-01-19T21:55:04Z</time><extensions><speed>0.000284</speed><course>278.085938</course><hAcc>0.974118</hAcc><vAcc>0.718897</vAcc></extensions></trkpt>
      <trkpt lon="-123.264505" lat="44.586962"><ele>71.799522</ele><time>2021-01-19T21:55:05Z</time><extensions><speed>0.000287</speed><course>278.085938</course><hAcc>0.952689</hAcc><vAcc>0.701638</vAcc></extensions></trkpt>
      <trkpt lon="-123.264505" lat="44.586962"><ele>71.799660</ele><time>2021-01-19T21:55:06Z</time><extensions><speed>0.000313</speed><course>278.085938</course><hAcc>0.943648</hAcc><vAcc>0.693888</vAcc></extensions></trkpt>
      <trkpt lon="-123.264505" lat="44.586962"><ele>71.799812</ele><time>2021-01-19T21:55:07Z</time><extensions><speed>0.000380</speed><course>278.085938</course><hAcc>0.941188</hAcc><vAcc>0.691426</vAcc></extensions></trkpt>
      <trkpt lon="-123.264505" lat="44.586962"><ele>71.799988</ele><time>2021-01-19T21:55:08Z</time><extensions><speed>0.000496</speed><course>278.085938</course><hAcc>0.941497</hAcc><vAcc>0.691380</vAcc></extensions></trkpt>
      <trkpt lon="-123.264505" lat="44.586962"><ele>71.800194</ele><time>2021-01-19T21:55:09Z</time><extensions><speed>0.000664</speed><course>278.085938</course><hAcc>0.942374</hAcc><vAcc>0.692022</vAcc></extensions></trkpt>
      <trkpt lon="-123.264505" lat="44.586962"><ele>71.800423</ele><time>2021-01-19T21:55:10Z</time><extensions><speed>0.000882</speed><course>278.085938</course><hAcc>0.942750</hAcc><vAcc>0.692453</vAcc></extensions></trkpt>
      <trkpt lon="-123.264505" lat="44.586962"><ele>71.800690</ele><time>2021-01-19T21:55:11Z</time><extensions><speed>0.001151</speed><course>278.085938</course><hAcc>0.942264</hAcc><vAcc>0.692316</vAcc></extensions></trkpt>
      <trkpt lon="-123.264505" lat="44.586962"><ele>71.800980</ele><time>2021-01-19T21:55:12Z</time><extensions><speed>0.001472</speed><course>-1.000000</course><hAcc>0.940954</hAcc><vAcc>0.691573</vAcc></extensions></trkpt>
      <trkpt lon="-123.264505" lat="44.586962"><ele>71.801285</ele><time>2021-01-19T21:55:13Z</time><extensions><speed>0.001845</speed><course>-1.000000</course><hAcc>0.939044</hAcc><vAcc>0.690349</vAcc></extensions></trkpt>
      <trkpt lon="-123.264505" lat="44.586962"><ele>71.801620</ele><time>2021-01-19T21:55:14Z</time><extensions><speed>0.002267</speed><course>-1.000000</course><hAcc>0.936813</hAcc><vAcc>0.688833</vAcc></extensions></trkpt>
      <trkpt lon="-123.264505" lat="44.586962"><ele>71.801956</ele><time>2021-01-19T21:55:15Z</time><extensions><speed>0.002735</speed><course>-1.000000</course><hAcc>0.934522</hAcc><vAcc>0.687212</vAcc></extensions></trkpt>
      <trkpt lon="-123.264505" lat="44.586963"><ele>71.802299</ele><time>2021-01-19T21:55:16Z</time><extensions><speed>0.003243</speed><course>-1.000000</course><hAcc>0.932375</hAcc><vAcc>0.685647</vAcc></extensions></trkpt>
      <trkpt lon="-123.264505" lat="44.586963"><ele>71.802635</ele><time>2021-01-19T21:55:17Z</time><extensions><speed>0.003780</speed><course>-1.000000</course><hAcc>0.930517</hAcc><vAcc>0.684256</vAcc></extensions></trkpt>
      <trkpt lon="-123.264505" lat="44.586963"><ele>71.802940</ele><time>2021-01-19T21:55:18Z</time><extensions><speed>0.004331</speed><course>-1.000000</course><hAcc>0.929028</hAcc><vAcc>0.683112</vAcc></extensions></trkpt>
      <trkpt lon="-123.264505" lat="44.586963"><ele>71.803207</ele><time>2021-01-19T21:55:19Z</time><extensions><speed>0.004876</speed><course>-1.000000</course><hAcc>0.927945</hAcc><vAcc>0.682254</vAcc></extensions></trkpt>
      <trkpt lon="-123.264505" lat="44.586963"><ele>71.803421</ele><time>2021-01-19T21:55:20Z</time><extensions><speed>0.005388</speed><course>-1.000000</course><hAcc>0.927263</hAcc><vAcc>0.681690</vAcc></extensions></trkpt>
      <trkpt lon="-123.264505" lat="44.586963"><ele>71.803558</ele><time>2021-01-19T21:55:21Z</time><extensions><speed>0.005835</speed><course>-1.000000</course><hAcc>0.926955</hAcc><vAcc>0.681404</vAcc></extensions></trkpt>
      <trkpt lon="-123.264505" lat="44.586963"><ele>71.803596</ele><time>2021-01-19T21:55:22Z</time><extensions><speed>0.006177</speed><course>-1.000000</course><hAcc>0.926979</hAcc><vAcc>0.681367</vAcc></extensions></trkpt>
      <trkpt lon="-123.264505" lat="44.586963"><ele>71.803528</ele><time>2021-01-19T21:55:23Z</time><extensions><speed>0.006369</speed><course>-1.000000</course><hAcc>0.927280</hAcc><vAcc>0.681538</vAcc></extensions></trkpt>
      <trkpt lon="-123.264504" lat="44.586963"><ele>71.803329</ele><time>2021-01-19T21:55:24Z</time><extensions><speed>0.006366</speed><course>-1.000000</course><hAcc>0.927796</hAcc><vAcc>0.681871</vAcc></extensions></trkpt>
      <trkpt lon="-123.264504" lat="44.586963"><ele>71.803001</ele><time>2021-01-19T21:55:25Z</time><extensions><speed>0.006127</speed><course>-1.000000</course><hAcc>0.928462</hAcc><vAcc>0.682316</vAcc></extensions></trkpt>
      <trkpt lon="-123.264504" lat="44.586963"><ele>71.802528</ele><time>2021-01-19T21:55:26Z</time><extensions><speed>0.005648</speed><course>-1.000000</course><hAcc>0.929214</hAcc><vAcc>0.682827</vAcc></extensions></trkpt>
      <trkpt lon="-123.264504" lat="44.586963"><ele>71.801910</ele><time>2021-01-19T21:55:27Z</time><extensions><speed>0.005032</speed><course>-1.000000</course><hAcc>0.929998</hAcc><vAcc>0.683370</vAcc></extensions></trkpt>
      <trkpt lon="-123.264504" lat="44.586963"><ele>71.801170</ele><time>2021-01-19T21:55:28Z</time><extensions><speed>0.004687</speed><course>-1.000000</course><hAcc>0.930794</hAcc><vAcc>0.683941</vAcc></extensions></trkpt>
      <trkpt lon="-123.264504" lat="44.586963"><ele>71.800316</ele><time>2021-01-19T21:55:29Z</time><extensions><speed>0.005452</speed><course>-1.000000</course><hAcc>0.931646</hAcc><vAcc>0.684588</vAcc></extensions></trkpt>
      <trkpt lon="-123.264504" lat="44.586963"><ele>71.799400</ele><time>2021-01-19T21:55:30Z</time><extensions><speed>0.007866</speed><course>-1.000000</course><hAcc>0.932714</hAcc><vAcc>0.685451</vAcc></extensions></trkpt>
      <trkpt lon="-123.264504" lat="44.586963"><ele>71.798470</ele><time>2021-01-19T21:55:31Z</time><extensions><speed>0.011787</speed><course>-1.000000</course><hAcc>0.934352</hAcc><vAcc>0.686815</vAcc></extensions></trkpt>
      <trkpt lon="-123.264504" lat="44.586963"><ele>71.797585</ele><time>2021-01-19T21:55:32Z</time><extensions><speed>0.017043</speed><course>-1.000000</course><hAcc>0.937203</hAcc><vAcc>0.689173</vAcc></extensions></trkpt>
      <trkpt lon="-123.264504" lat="44.586962"><ele>71.796844</ele><time>2021-01-19T21:55:33Z</time><extensions><speed>0.023598</speed><course>-1.000000</course><hAcc>0.942324</hAcc><vAcc>0.693305</vAcc></extensions></trkpt>
      <trkpt lon="-123.264504" lat="44.586962"><ele>71.796333</ele><time>2021-01-19T21:55:34Z</time><extensions><speed>0.031465</speed><course>-1.000000</course><hAcc>0.951312</hAcc><vAcc>0.700356</vAcc></extensions></trkpt>
      <trkpt lon="-123.264504" lat="44.586962"><ele>71.796181</ele><time>2021-01-19T21:55:35Z</time><extensions><speed>0.040653</speed><course>356.800995</course><hAcc>0.966397</hAcc><vAcc>0.711890</vAcc></extensions></trkpt>
      <trkpt lon="-123.264504" lat="44.586962"><ele>71.796486</ele><time>2021-01-19T21:55:36Z</time><extensions><speed>0.051141</speed><course>7.867084</course><hAcc>0.990457</hAcc><vAcc>0.729877</vAcc></extensions></trkpt>
      <trkpt lon="-123.264505" lat="44.586961"><ele>71.797379</ele><time>2021-01-19T21:55:37Z</time><extensions><speed>0.062846</speed><course>20.363853</course><hAcc>1.026866</hAcc><vAcc>0.756586</vAcc></extensions></trkpt>
      <trkpt lon="-123.264505" lat="44.586960"><ele>71.798973</ele><time>2021-01-19T21:55:38Z</time><extensions><speed>0.075610</speed><course>15.183643</course><hAcc>1.079141</hAcc><vAcc>0.794344</vAcc></extensions></trkpt>
      <trkpt lon="-123.264505" lat="44.586960"><ele>71.801353</ele><time>2021-01-19T21:55:39Z</time><extensions><speed>0.089173</speed><course>10.986561</course><hAcc>1.150416</hAcc><vAcc>0.845204</vAcc></extensions></trkpt>
      <trkpt lon="-123.264506" lat="44.586959"><ele>71.804550</ele><time>2021-01-19T21:55:40Z</time><extensions><speed>0.103154</speed><course>4.165410</course><hAcc>1.242859</hAcc><vAcc>0.910577</vAcc></extensions></trkpt>
      <trkpt lon="-123.264507" lat="44.586958"><ele>71.808563</ele><time>2021-01-19T21:55:41Z</time><extensions><speed>0.117023</speed><course>6.938199</course><hAcc>1.357221</hAcc><vAcc>0.990954</vAcc></extensions></trkpt>
      <trkpt lon="-123.264514" lat="44.586952"><ele>71.836800</ele><time>2021-01-19T21:55:45Z</time><extensions><speed>0.325798</speed><course>20.878244</course><hAcc>1.526263</hAcc><vAcc>1.102163</vAcc></extensions></trkpt>
      <trkpt lon="-123.264517" lat="44.586950"><ele>71.845642</ele><time>2021-01-19T21:55:46Z</time><extensions><speed>0.335244</speed><course>29.465908</course><hAcc>1.485271</hAcc><vAcc>1.069389</vAcc></extensions></trkpt>
      <trkpt lon="-123.264520" lat="44.586948"><ele>71.853935</ele><time>2021-01-19T21:55:47Z</time><extensions><speed>0.343461</speed><course>29.208710</course><hAcc>1.448011</hAcc><vAcc>1.039205</vAcc></extensions></trkpt>
      <trkpt lon="-123.264523" lat="44.586946"><ele>71.861443</ele><time>2021-01-19T21:55:48Z</time><extensions><speed>0.350121</speed><course>33.199429</course><hAcc>1.410875</hAcc><vAcc>1.009190</vAcc></extensions></trkpt>
      <trkpt lon="-123.264527" lat="44.586943"><ele>71.868065</ele><time>2021-01-19T21:55:49Z</time><extensions><speed>0.355141</speed><course>33.792309</course><hAcc>1.368906</hAcc><vAcc>0.975765</vAcc></extensions></trkpt>
      <trkpt lon="-123.264530" lat="44.586941"><ele>71.872719</ele><time>2021-01-19T21:55:50Z</time><extensions><speed>0.357151</speed><course>41.925011</course><hAcc>1.324317</hAcc><vAcc>0.940897</vAcc></extensions></trkpt>
      <trkpt lon="-123.264534" lat="44.586939"><ele>71.875069</ele><time>2021-01-19T21:55:51Z</time><extensions><speed>0.355858</speed><course>31.707575</course><hAcc>1.276171</hAcc><vAcc>0.903877</vAcc></extensions></trkpt>
      <trkpt lon="-123.264537" lat="44.586937"><ele>71.874397</ele><time>2021-01-19T21:55:52Z</time><extensions><speed>0.350078</speed><course>20.184132</course><hAcc>1.226177</hAcc><vAcc>0.866077</vAcc></extensions></trkpt>
      <trkpt lon="-123.264540" lat="44.586936"><ele>71.871758</ele><time>2021-01-19T21:55:53Z</time><extensions><speed>0.343339</speed><course>346.263916</course><hAcc>1.189108</hAcc><vAcc>0.838349</vAcc></extensions></trkpt>
      <trkpt lon="-123.264543" lat="44.586934"><ele>71.865616</ele><time>2021-01-19T21:55:54Z</time><extensions><speed>0.326271</speed><course>338.211090</course><hAcc>1.145638</hAcc><vAcc>0.806216</vAcc></extensions></trkpt>
      <trkpt lon="-123.264546" lat="44.586932"><ele>71.856148</ele><time>2021-01-19T21:55:55Z</time><extensions><speed>0.302856</speed><course>336.133270</course><hAcc>1.104552</hAcc><vAcc>0.776392</vAcc></extensions></trkpt>
      <trkpt lon="-123.264549" lat="44.586930"><ele>71.843613</ele><time>2021-01-19T21:55:56Z</time><extensions><speed>0.273871</speed><course>336.384949</course><hAcc>1.066823</hAcc><vAcc>0.749483</vAcc></extensions></trkpt>
      <trkpt lon="-123.264551" lat="44.586929"><ele>71.828423</ele><time>2021-01-19T21:55:57Z</time><extensions><speed>0.240261</speed><course>336.051086</course><hAcc>1.033327</hAcc><vAcc>0.725986</vAcc></extensions></trkpt>
      <trkpt lon="-123.264553" lat="44.586927"><ele>71.811104</ele><time>2021-01-19T21:55:58Z</time><extensions><speed>0.203744</speed><course>17.492363</course><hAcc>1.004777</hAcc><vAcc>0.706256</vAcc></extensions></trkpt>
      <trkpt lon="-123.264554" lat="44.586926"><ele>71.792412</ele><time>2021-01-19T21:55:59Z</time><extensions><speed>0.166800</speed><course>26.748564</course><hAcc>0.981467</hAcc><vAcc>0.690367</vAcc></extensions></trkpt>
      <trkpt lon="-123.264555" lat="44.586925"><ele>71.773300</ele><time>2021-01-19T21:56:00Z</time><extensions><speed>0.132702</speed><course>25.664934</course><hAcc>0.963217</hAcc><vAcc>0.678082</vAcc></extensions></trkpt>
      <trkpt lon="-123.264556" lat="44.586924"><ele>71.754898</ele><time>2021-01-19T21:56:01Z</time><extensions><speed>0.106029</speed><course>22.014688</course><hAcc>0.949504</hAcc><vAcc>0.668961</vAcc></extensions></trkpt>
      <trkpt lon="-123.264556" lat="44.586923"><ele>71.738434</ele><time>2021-01-19T21:56:02Z</time><extensions><speed>0.092412</speed><course>26.135458</course><hAcc>0.939618</hAcc><vAcc>0.662458</vAcc></extensions></trkpt>
      <trkpt lon="-123.264555" lat="44.586922"><ele>71.725082</ele><time>2021-01-19T21:56:03Z</time><extensions><speed>0.094460</speed><course>36.497326</course><hAcc>0.932784</hAcc><vAcc>0.658010</vAcc></extensions></trkpt>
      <trkpt lon="-123.264554" lat="44.586922"><ele>71.715706</ele><time>2021-01-19T21:56:04Z</time><extensions><speed>0.107396</speed><course>39.491074</course><hAcc>0.928263</hAcc><vAcc>0.655097</vAcc></extensions></trkpt>
      <trkpt lon="-123.264553" lat="44.586921"><ele>71.710831</ele><time>2021-01-19T21:56:05Z</time><extensions><speed>0.124114</speed><course>34.162941</course><hAcc>0.925410</hAcc><vAcc>0.653273</vAcc></extensions></trkpt>
      <trkpt lon="-123.264551" lat="44.586921"><ele>71.710594</ele><time>2021-01-19T21:56:06Z</time><extensions><speed>0.140149</speed><course>359.368774</course><hAcc>0.923699</hAcc><vAcc>0.652186</vAcc></extensions></trkpt>
      <trkpt lon="-123.264549" lat="44.586921"><ele>71.714821</ele><time>2021-01-19T21:56:07Z</time><extensions><speed>0.153336</speed><course>356.570099</course><hAcc>0.922726</hAcc><vAcc>0.651568</vAcc></extensions></trkpt>
      <trkpt lon="-123.264547" lat="44.586921"><ele>71.723129</ele><time>2021-01-19T21:56:08Z</time><extensions><speed>0.162614</speed><course>351.180481</course><hAcc>0.922201</hAcc><vAcc>0.651230</vAcc></extensions></trkpt>
      <trkpt lon="-123.264545" lat="44.586920"><ele>71.735008</ele><time>2021-01-19T21:56:09Z</time><extensions><speed>0.167501</speed><course>2.362148</course><hAcc>0.921925</hAcc><vAcc>0.651046</vAcc></extensions></trkpt>
      <trkpt lon="-123.264543" lat="44.586920"><ele>71.749916</ele><time>2021-01-19T21:56:10Z</time><extensions><speed>0.167899</speed><course>3.659442</course><hAcc>0.921772</hAcc><vAcc>0.650935</vAcc></extensions></trkpt>
      <trkpt lon="-123.264541" lat="44.586920"><ele>71.767288</ele><time>2021-01-19T21:56:11Z</time><extensions><speed>0.164058</speed><course>13.500209</course><hAcc>0.921670</hAcc><vAcc>0.650853</vAcc></extensions></trkpt>
      <trkpt lon="-123.264539" lat="44.586920"><ele>71.786652</ele><time>2021-01-19T21:56:12Z</time><extensions><speed>0.156642</speed><course>25.415602</course><hAcc>0.921582</hAcc><vAcc>0.650780</vAcc></extensions></trkpt>
      <trkpt lon="-123.264537" lat="44.586920"><ele>71.807602</ele><time>2021-01-19T21:56:13Z</time><extensions><speed>0.146678</speed><course>81.235893</course><hAcc>0.921500</hAcc><vAcc>0.650712</vAcc></extensions></trkpt>
      <trkpt lon="-123.264535" lat="44.586920"><ele>71.829895</ele><time>2021-01-19T21:56:14Z</time><extensions><speed>0.135423</speed><course>93.596558</course><hAcc>0.921431</hAcc><vAcc>0.650654</vAcc></extensions></trkpt>
      <trkpt lon="-123.264534" lat="44.586919"><ele>71.853363</ele><time>2021-01-19T21:56:15Z</time><extensions><speed>0.124130</speed><course>83.110382</course><hAcc>0.921394</hAcc><vAcc>0.650620</vAcc></extensions></trkpt>
      <trkpt lon="-123.264532" lat="44.586919"><ele>71.877907</ele><time>2021-01-19T21:56:16Z</time><extensions><speed>0.113743</speed><course>83.623711</course><hAcc>0.921418</hAcc><vAcc>0.650626</vAcc></extensions></trkpt>
      <trkpt lon="-123.264531" lat="44.586919"><ele>71.903427</ele><time>2021-01-19T21:56:17Z</time><extensions><speed>0.104603</speed><course>84.893524</course><hAcc>0.921536</hAcc><vAcc>0.650696</vAcc></extensions></trkpt>
      <trkpt lon="-123.264530" lat="44.586918"><ele>71.929848</ele><time>2021-01-19T21:56:18Z</time><extensions><speed>0.096327</speed><course>101.322388</course><hAcc>0.921787</hAcc><vAcc>0.650854</vAcc></extensions></trkpt>
      <trkpt lon="-123.264529" lat="44.586918"><ele>71.957047</ele><time>2021-01-19T21:56:19Z</time><extensions><speed>0.088241</speed><course>103.006592</course><hAcc>0.922212</hAcc><vAcc>0.651127</vAcc></extensions></trkpt>
      <trkpt lon="-123.264529" lat="44.586917"><ele>71.984840</ele><time>2021-01-19T21:56:20Z</time><extensions><speed>0.080332</speed><course>104.989769</course><hAcc>0.922850</hAcc><vAcc>0.651538</vAcc></extensions></trkpt>
      <trkpt lon="-123.264528" lat="44.586917"><ele>72.012917</ele><time>2021-01-19T21:56:21Z</time><extensions><speed>0.072996</speed><course>105.523544</course><hAcc>0.923730</hAcc><vAcc>0.652107</vAcc></extensions></trkpt>
      <trkpt lon="-123.264527" lat="44.586916"><ele>72.040710</ele><time>2021-01-19T21:56:22Z</time><extensions><speed>0.066429</speed><course>101.683151</course><hAcc>0.924865</hAcc><vAcc>0.652841</vAcc></extensions></trkpt>
      <trkpt lon="-123.264527" lat="44.586916"><ele>72.067421</ele><time>2021-01-19T21:56:23Z</time><extensions><speed>0.060907</speed><course>99.259842</course><hAcc>0.926235</hAcc><vAcc>0.653729</vAcc></extensions></trkpt>
      <trkpt lon="-123.264526" lat="44.586915"><ele>72.092239</ele><time>2021-01-19T21:56:24Z</time><extensions><speed>0.056724</speed><course>92.993484</course><hAcc>0.927774</hAcc><vAcc>0.654727</vAcc></extensions></trkpt>
      <trkpt lon="-123.264526" lat="44.586915"><ele>72.114464</ele><time>2021-01-19T21:56:25Z</time><extensions><speed>0.053817</speed><course>85.478088</course><hAcc>0.929354</hAcc><vAcc>0.655753</vAcc></extensions></trkpt>
      <trkpt lon="-123.264526" lat="44.586914"><ele>72.133469</ele><time>2021-01-19T21:56:26Z</time><extensions><speed>0.051755</speed><course>79.351341</course><hAcc>0.930772</hAcc><vAcc>0.656677</vAcc></extensions></trkpt>
      <trkpt lon="-123.264525" lat="44.586914"><ele>72.148735</ele><time>2021-01-19T21:56:27Z</time><extensions><speed>0.049911</speed><course>55.511490</course><hAcc>0.931744</hAcc><vAcc>0.657318</vAcc></extensions></trkpt>
      <trkpt lon="-123.264525" lat="44.586913"><ele>72.159935</ele><time>2021-01-19T21:56:28Z</time><extensions><speed>0.047676</speed><course>47.085369</course><hAcc>0.931919</hAcc><vAcc>0.657450</vAcc></extensions></trkpt>
      <trkpt lon="-123.264525" lat="44.586913"><ele>72.166908</ele><time>2021-01-19T21:56:29Z</time><extensions><speed>0.044641</speed><course>70.655243</course><hAcc>0.931051</hAcc><vAcc>0.656919</vAcc></extensions></trkpt>
      <trkpt lon="-123.264525" lat="44.586913"><ele>72.169662</ele><time>2021-01-19T21:56:30Z</time><extensions><speed>0.040831</speed><course>100.207962</course><hAcc>0.929163</hAcc><vAcc>0.655747</vAcc></extensions></trkpt>
      <trkpt lon="-123.264524" lat="44.586913"><ele>72.168304</ele><time>2021-01-19T21:56:31Z</time><extensions><speed>0.036671</speed><course>180.081177</course><hAcc>0.926367</hAcc><vAcc>0.654017</vAcc></extensions></trkpt>
      <trkpt lon="-123.264524" lat="44.586912"><ele>72.163094</ele><time>2021-01-19T21:56:32Z</time><extensions><speed>0.032562</speed><course>160.184937</course><hAcc>0.922683</hAcc><vAcc>0.651752</vAcc></extensions></trkpt>
      <trkpt lon="-123.264524" lat="44.586912"><ele>72.154411</ele><time>2021-01-19T21:56:33Z</time><extensions><speed>0.028966</speed><course>351.251984</course><hAcc>0.918021</hAcc><vAcc>0.648909</vAcc></extensions></trkpt>
      <trkpt lon="-123.264523" lat="44.586912"><ele>72.142731</ele><time>2021-01-19T21:56:34Z</time><extensions><speed>0.026764</speed><course>348.130127</course><hAcc>0.912193</hAcc><vAcc>0.645378</vAcc></extensions></trkpt>
      <trkpt lon="-123.264523" lat="44.586912"><ele>72.128571</ele><time>2021-01-19T21:56:35Z</time><extensions><speed>0.027170</speed><course>341.645813</course><hAcc>0.904945</hAcc><vAcc>0.641009</vAcc></extensions></trkpt>
      <trkpt lon="-123.264523" lat="44.586912"><ele>72.112411</ele><time>2021-01-19T21:56:36Z</time><extensions><speed>0.031093</speed><course>334.538452</course><hAcc>0.896010</hAcc><vAcc>0.635640</vAcc></extensions></trkpt>
      <trkpt lon="-123.264522" lat="44.586913"><ele>72.094711</ele><time>2021-01-19T21:56:37Z</time><extensions><speed>0.038580</speed><course>340.424896</course><hAcc>0.885178</hAcc><vAcc>0.629143</vAcc></extensions></trkpt>
      <trkpt lon="-123.264522" lat="44.586913"><ele>72.075882</ele><time>2021-01-19T21:56:38Z</time><extensions><speed>0.049163</speed><course>82.171257</course><hAcc>0.872386</hAcc><vAcc>0.621475</vAcc></extensions></trkpt>
      <trkpt lon="-123.264522" lat="44.586913"><ele>72.056274</ele><time>2021-01-19T21:56:39Z</time><extensions><speed>0.062346</speed><course>114.042061</course><hAcc>0.857827</hAcc><vAcc>0.612745</vAcc></extensions></trkpt>
      <trkpt lon="-123.264522" lat="44.586914"><ele>72.036201</ele><time>2021-01-19T21:56:40Z</time><extensions><speed>0.077890</speed><course>115.744438</course><hAcc>0.842058</hAcc><vAcc>0.603278</vAcc></extensions></trkpt>
      <trkpt lon="-123.264522" lat="44.586915"><ele>72.015923</ele><time>2021-01-19T21:56:41Z</time><extensions><speed>0.095763</speed><course>119.465721</course><hAcc>0.826087</hAcc><vAcc>0.593667</vAcc></extensions></trkpt>
      <trkpt lon="-123.264522" lat="44.586916"><ele>71.995705</ele><time>2021-01-19T21:56:42Z</time><extensions><speed>0.115853</speed><course>132.943588</course><hAcc>0.811148</hAcc><vAcc>0.584638</vAcc></extensions></trkpt>
      <trkpt lon="-123.264523" lat="44.586917"><ele>71.975769</ele><time>2021-01-19T21:56:43Z</time><extensions><speed>0.137936</speed><course>133.407990</course><hAcc>0.798189</hAcc><vAcc>0.576754</vAcc></extensions></trkpt>
      <trkpt lon="-123.264524" lat="44.586918"><ele>71.956375</ele><time>2021-01-19T21:56:44Z</time><extensions><speed>0.161697</speed><course>138.771118</course><hAcc>0.787650</hAcc><vAcc>0.570288</vAcc></extensions></trkpt>
      <trkpt lon="-123.264525" lat="44.586919"><ele>71.937782</ele><time>2021-01-19T21:56:45Z</time><extensions><speed>0.186639</speed><course>161.907135</course><hAcc>0.779564</hAcc><vAcc>0.565272</vAcc></extensions></trkpt>
      <trkpt lon="-123.264526" lat="44.586921"><ele>71.920303</ele><time>2021-01-19T21:56:46Z</time><extensions><speed>0.211988</speed><course>171.485413</course><hAcc>0.773693</hAcc><vAcc>0.561584</vAcc></extensions></trkpt>
      <trkpt lon="-123.264528" lat="44.586923"><ele>71.904297</ele><time>2021-01-19T21:56:47Z</time><extensions><speed>0.236629</speed><course>161.211258</course><hAcc>0.769661</hAcc><vAcc>0.559014</vAcc></extensions></trkpt>
      <trkpt lon="-123.264530" lat="44.586924"><ele>71.890236</ele><time>2021-01-19T21:56:48Z</time><extensions><speed>0.259114</speed><course>157.399338</course><hAcc>0.767065</hAcc><vAcc>0.557333</vAcc></extensions></trkpt>
      <trkpt lon="-123.264532" lat="44.586926"><ele>71.878601</ele><time>2021-01-19T21:56:49Z</time><extensions><speed>0.277895</speed><course>111.266724</course><hAcc>0.765551</hAcc><vAcc>0.556339</vAcc></extensions></trkpt>
      <trkpt lon="-123.264535" lat="44.586928"><ele>71.869720</ele><time>2021-01-19T21:56:50Z</time><extensions><speed>0.290824</speed><course>114.521797</course><hAcc>0.764864</hAcc><vAcc>0.555883</vAcc></extensions></trkpt>
      <trkpt lon="-123.264538" lat="44.586929"><ele>71.863724</ele><time>2021-01-19T21:56:51Z</time><extensions><speed>0.295486</speed><course>120.665840</course><hAcc>0.764872</hAcc><vAcc>0.555889</vAcc></extensions></trkpt>
      <trkpt lon="-123.264541" lat="44.586931"><ele>71.860451</ele><time>2021-01-19T21:56:52Z</time><extensions><speed>0.290882</speed><course>122.384125</course><hAcc>0.765575</hAcc><vAcc>0.556356</vAcc></extensions></trkpt>
      <trkpt lon="-123.264544" lat="44.586932"><ele>71.859474</ele><time>2021-01-19T21:56:53Z</time><extensions><speed>0.277441</speed><course>119.166901</course><hAcc>0.767104</hAcc><vAcc>0.557359</vAcc></extensions></trkpt>
      <trkpt lon="-123.264547" lat="44.586933"><ele>71.860298</ele><time>2021-01-19T21:56:54Z</time><extensions><speed>0.256669</speed><course>117.395050</course><hAcc>0.769700</hAcc><vAcc>0.559038</vAcc></extensions></trkpt>
      <trkpt lon="-123.264550" lat="44.586933"><ele>71.862549</ele><time>2021-01-19T21:56:55Z</time><extensions><speed>0.230694</speed><course>170.837555</course><hAcc>0.773683</hAcc><vAcc>0.561576</vAcc></extensions></trkpt>
      <trkpt lon="-123.264553" lat="44.586934"><ele>71.866028</ele><time>2021-01-19T21:56:56Z</time><extensions><speed>0.201132</speed><course>213.694595</course><hAcc>0.779394</hAcc><vAcc>0.565163</vAcc></extensions></trkpt>
      <trkpt lon="-123.264555" lat="44.586934"><ele>71.870689</ele><time>2021-01-19T21:56:57Z</time><extensions><speed>0.169496</speed><course>159.844162</course><hAcc>0.787108</hAcc><vAcc>0.569951</vAcc></extensions></trkpt>
      <trkpt lon="-123.264557" lat="44.586934"><ele>71.876648</ele><time>2021-01-19T21:56:58Z</time><extensions><speed>0.137297</speed><course>151.264786</course><hAcc>0.796923</hAcc><vAcc>0.575982</vAcc></extensions></trkpt>
      <trkpt lon="-123.264559" lat="44.586934"><ele>71.884048</ele><time>2021-01-19T21:56:59Z</time><extensions><speed>0.106059</speed><course>127.341286</course><hAcc>0.808621</hAcc><vAcc>0.583114</vAcc></extensions></trkpt>
      <trkpt lon="-123.264560" lat="44.586933"><ele>71.893013</ele><time>2021-01-19T21:57:00Z</time><extensions><speed>0.078674</speed><course>96.295044</course><hAcc>0.821545</hAcc><vAcc>0.590949</vAcc></extensions></trkpt>
      <trkpt lon="-123.264560" lat="44.586933"><ele>71.903557</ele><time>2021-01-19T21:57:01Z</time><extensions><speed>0.063816</speed><course>61.144066</course><hAcc>0.834509</hAcc><vAcc>0.598782</vAcc></extensions></trkpt>
      <trkpt lon="-123.264560" lat="44.586932"><ele>71.915588</ele><time>2021-01-19T21:57:02Z</time><extensions><speed>0.074281</speed><course>58.255577</course><hAcc>0.846039</hAcc><vAcc>0.605745</vAcc></extensions></trkpt>
      <trkpt lon="-123.264559" lat="44.586932"><ele>71.929031</ele><time>2021-01-19T21:57:03Z</time><extensions><speed>0.106354</speed><course>59.276054</course><hAcc>0.854918</hAcc><vAcc>0.611119</vAcc></extensions></trkpt>
      <trkpt lon="-123.264558" lat="44.586931"><ele>71.943840</ele><time>2021-01-19T21:57:04Z</time><extensions><speed>0.149454</speed><course>62.162910</course><hAcc>0.860447</hAcc><vAcc>0.614495</vAcc></extensions></trkpt>
      <trkpt lon="-123.264556" lat="44.586931"><ele>71.959915</ele><time>2021-01-19T21:57:05Z</time><extensions><speed>0.198445</speed><course>107.744118</course><hAcc>0.862426</hAcc><vAcc>0.615759</vAcc></extensions></trkpt>
      <trkpt lon="-123.264553" lat="44.586931"><ele>71.977135</ele><time>2021-01-19T21:57:06Z</time><extensions><speed>0.250726</speed><course>68.309509</course><hAcc>0.861131</hAcc><vAcc>0.615079</vAcc></extensions></trkpt>
      <trkpt lon="-123.264549" lat="44.586930"><ele>71.995293</ele><time>2021-01-19T21:57:07Z</time><extensions><speed>0.303928</speed><course>56.437046</course><hAcc>0.857300</hAcc><vAcc>0.612894</vAcc></extensions></trkpt>
      <trkpt lon="-123.264545" lat="44.586931"><ele>72.014114</ele><time>2021-01-19T21:57:08Z</time><extensions><speed>0.355139</speed><course>91.176880</course><hAcc>0.852127</hAcc><vAcc>0.609912</vAcc></extensions></trkpt>
      <trkpt lon="-123.264540" lat="44.586931"><ele>72.033127</ele><time>2021-01-19T21:57:09Z</time><extensions><speed>0.401020</speed><course>76.089302</course><hAcc>0.847231</hAcc><vAcc>0.607079</vAcc></extensions></trkpt>
      <trkpt lon="-123.264535" lat="44.586932"><ele>72.051804</ele><time>2021-01-19T21:57:10Z</time><extensions><speed>0.436411</speed><course>68.919807</course><hAcc>0.844276</hAcc><vAcc>0.605368</vAcc></extensions></trkpt>
      <trkpt lon="-123.264530" lat="44.586933"><ele>72.069603</ele><time>2021-01-19T21:57:11Z</time><extensions><speed>0.457602</speed><course>87.268463</course><hAcc>0.844286</hAcc><vAcc>0.605374</vAcc></extensions></trkpt>
      <trkpt lon="-123.264524" lat="44.586934"><ele>72.085640</ele><time>2021-01-19T21:57:12Z</time><extensions><speed>0.465047</speed><course>186.345673</course><hAcc>0.847260</hAcc><vAcc>0.607098</vAcc></extensions></trkpt>
      <trkpt lon="-123.264519" lat="44.586935"><ele>72.098412</ele><time>2021-01-19T21:57:13Z</time><extensions><speed>0.460415</speed><course>189.990967</course><hAcc>0.852176</hAcc><vAcc>0.609942</vAcc></extensions></trkpt>
      <trkpt lon="-123.264514" lat="44.586937"><ele>72.106018</ele><time>2021-01-19T21:57:14Z</time><extensions><speed>0.444864</speed><course>222.607101</course><hAcc>0.857367</hAcc><vAcc>0.612936</vAcc></extensions></trkpt>
      <trkpt lon="-123.264509" lat="44.586939"><ele>72.106819</ele><time>2021-01-19T21:57:15Z</time><extensions><speed>0.418376</speed><course>226.421860</course><hAcc>0.861214</hAcc><vAcc>0.615129</vAcc></extensions></trkpt>
      <trkpt lon="-123.264505" lat="44.586941"><ele>72.100060</ele><time>2021-01-19T21:57:16Z</time><extensions><speed>0.380458</speed><course>226.003006</course><hAcc>0.862520</hAcc><vAcc>0.615814</vAcc></extensions></trkpt>
      <trkpt lon="-123.264502" lat="44.586943"><ele>72.085884</ele><time>2021-01-19T21:57:17Z</time><extensions><speed>0.331985</speed><course>233.856277</course><hAcc>0.860544</hAcc><vAcc>0.614550</vAcc></extensions></trkpt>
      <trkpt lon="-123.264499" lat="44.586946"><ele>72.065056</ele><time>2021-01-19T21:57:18Z</time><extensions><speed>0.279322</speed><course>231.557098</course><hAcc>0.855007</hAcc><vAcc>0.611166</vAcc></extensions></trkpt>
      <trkpt lon="-123.264498" lat="44.586948"><ele>72.038788</ele><time>2021-01-19T21:57:19Z</time><extensions><speed>0.239699</speed><course>219.802612</course><hAcc>0.846106</hAcc><vAcc>0.605776</vAcc></extensions></trkpt>
      <trkpt lon="-123.264498" lat="44.586950"><ele>72.008698</ele><time>2021-01-19T21:57:20Z</time><extensions><speed>0.236484</speed><course>224.687073</course><hAcc>0.834538</hAcc><vAcc>0.598788</vAcc></extensions></trkpt>
      <trkpt lon="-123.264500" lat="44.586952"><ele>71.976456</ele><time>2021-01-19T21:57:21Z</time><extensions><speed>0.274626</speed><course>237.362518</course><hAcc>0.821523</hAcc><vAcc>0.590924</vAcc></extensions></trkpt>
      <trkpt lon="-123.264503" lat="44.586953"><ele>71.943428</ele><time>2021-01-19T21:57:22Z</time><extensions><speed>0.335868</speed><course>255.856537</course><hAcc>0.808548</hAcc><vAcc>0.583061</vAcc></extensions></trkpt>
      <trkpt lon="-123.264507" lat="44.586955"><ele>71.911354</ele><time>2021-01-19T21:57:23Z</time><extensions><speed>0.401424</speed><course>255.154312</course><hAcc>0.796822</hAcc><vAcc>0.575922</vAcc></extensions></trkpt>
      <trkpt lon="-123.264512" lat="44.586956"><ele>71.882622</ele><time>2021-01-19T21:57:24Z</time><extensions><speed>0.461151</speed><course>270.481476</course><hAcc>0.787051</hAcc><vAcc>0.569937</vAcc></extensions></trkpt>
      <trkpt lon="-123.264518" lat="44.586957"><ele>71.859894</ele><time>2021-01-19T21:57:25Z</time><extensions><speed>0.509552</speed><course>299.376282</course><hAcc>0.779524</hAcc><vAcc>0.565294</vAcc></extensions></trkpt>
      <trkpt lon="-123.264525" lat="44.586957"><ele>71.845604</ele><time>2021-01-19T21:57:26Z</time><extensions><speed>0.543179</speed><course>300.854462</course><hAcc>0.774254</hAcc><vAcc>0.562018</vAcc></extensions></trkpt>
      <trkpt lon="-123.264532" lat="44.586956"><ele>71.841141</ele><time>2021-01-19T21:57:27Z</time><extensions><speed>0.561122</speed><course>310.866730</course><hAcc>0.771105</hAcc><vAcc>0.560045</vAcc></extensions></trkpt>
      <trkpt lon="-123.264539" lat="44.586955"><ele>71.846245</ele><time>2021-01-19T21:57:28Z</time><extensions><speed>0.565327</speed><course>316.350983</course><hAcc>0.769907</hAcc><vAcc>0.559283</vAcc></extensions></trkpt>
      <trkpt lon="-123.264546" lat="44.586954"><ele>71.859589</ele><time>2021-01-19T21:57:29Z</time><extensions><speed>0.558244</speed><course>289.301910</course><hAcc>0.770523</hAcc><vAcc>0.559656</vAcc></extensions></trkpt>
      <trkpt lon="-123.264552" lat="44.586952"><ele>71.879570</ele><time>2021-01-19T21:57:30Z</time><extensions><speed>0.540851</speed><course>273.901917</course><hAcc>0.772874</hAcc><vAcc>0.561112</vAcc></extensions></trkpt>
      <trkpt lon="-123.264558" lat="44.586950"><ele>71.904564</ele><time>2021-01-19T21:57:31Z</time><extensions><speed>0.512713</speed><course>224.563278</course><hAcc>0.776915</hAcc><vAcc>0.563617</vAcc></extensions></trkpt>
      <trkpt lon="-123.264563" lat="44.586948"><ele>71.932846</ele><time>2021-01-19T21:57:32Z</time><extensions><speed>0.474837</speed><course>198.650375</course><hAcc>0.782578</hAcc><vAcc>0.567116</vAcc></extensions></trkpt>
      <trkpt lon="-123.264568" lat="44.586945"><ele>71.962547</ele><time>2021-01-19T21:57:33Z</time><extensions><speed>0.432325</speed><course>175.713699</course><hAcc>0.789680</hAcc><vAcc>0.571485</vAcc></extensions></trkpt>
      <trkpt lon="-123.264571" lat="44.586942"><ele>71.991707</ele><time>2021-01-19T21:57:34Z</time><extensions><speed>0.392719</speed><course>158.282288</course><hAcc>0.797823</hAcc><vAcc>0.576476</vAcc></extensions></trkpt>
      <trkpt lon="-123.264573" lat="44.586939"><ele>72.018555</ele><time>2021-01-19T21:57:35Z</time><extensions><speed>0.362815</speed><course>148.572021</course><hAcc>0.806304</hAcc><vAcc>0.581661</vAcc></extensions></trkpt>
      <trkpt lon="-123.264575" lat="44.586936"><ele>72.041916</ele><time>2021-01-19T21:57:36Z</time><extensions><speed>0.346299</speed><course>114.395020</course><hAcc>0.814073</hAcc><vAcc>0.586416</vAcc></extensions></trkpt>
      <trkpt lon="-123.264575" lat="44.586933"><ele>72.060974</ele><time>2021-01-19T21:57:37Z</time><extensions><speed>0.342294</speed><course>114.533447</course><hAcc>0.820016</hAcc><vAcc>0.590078</vAcc></extensions></trkpt>
      <trkpt lon="-123.264575" lat="44.586930"><ele>72.074799</ele><time>2021-01-19T21:57:38Z</time><extensions><speed>0.346949</speed><course>74.243073</course><hAcc>0.823524</hAcc><vAcc>0.592289</vAcc></extensions></trkpt>
      <trkpt lon="-123.264575" lat="44.586927"><ele>72.082443</ele><time>2021-01-19T21:57:39Z</time><extensions><speed>0.356247</speed><course>70.102676</course><hAcc>0.824779</hAcc><vAcc>0.593152</vAcc></extensions></trkpt>
      <trkpt lon="-123.264574" lat="44.586924"><ele>72.083260</ele><time>2021-01-19T21:57:40Z</time><extensions><speed>0.366912</speed><course>29.157429</course><hAcc>0.824694</hAcc><vAcc>0.593201</vAcc></extensions></trkpt>
      <trkpt lon="-123.264573" lat="44.586920"><ele>72.077171</ele><time>2021-01-19T21:57:41Z</time><extensions><speed>0.375112</speed><course>22.900002</course><hAcc>0.824522</hAcc><vAcc>0.593171</vAcc></extensions></trkpt>
      <trkpt lon="-123.264572" lat="44.586917"><ele>72.064835</ele><time>2021-01-19T21:57:42Z</time><extensions><speed>0.376544</speed><course>26.413395</course><hAcc>0.825153</hAcc><vAcc>0.593584</vAcc></extensions></trkpt>
      <trkpt lon="-123.264570" lat="44.586914"><ele>72.047485</ele><time>2021-01-19T21:57:43Z</time><extensions><speed>0.368422</speed><course>36.094204</course><hAcc>0.826729</hAcc><vAcc>0.594530</vAcc></extensions></trkpt>
      <trkpt lon="-123.264568" lat="44.586911"><ele>72.026573</ele><time>2021-01-19T21:57:44Z</time><extensions><speed>0.350674</speed><course>58.201183</course><hAcc>0.828647</hAcc><vAcc>0.595661</vAcc></extensions></trkpt>
      <trkpt lon="-123.264566" lat="44.586908"><ele>72.003418</ele><time>2021-01-19T21:57:45Z</time><extensions><speed>0.326620</speed><course>36.681454</course><hAcc>0.829930</hAcc><vAcc>0.596415</vAcc></extensions></trkpt>
      <trkpt lon="-123.264564" lat="44.586906"><ele>71.979134</ele><time>2021-01-19T21:57:46Z</time><extensions><speed>0.302861</speed><course>24.806076</course><hAcc>0.829919</hAcc><vAcc>0.596411</vAcc></extensions></trkpt>
      <trkpt lon="-123.264561" lat="44.586904"><ele>71.954536</ele><time>2021-01-19T21:57:47Z</time><extensions><speed>0.287350</speed><course>24.848604</course><hAcc>0.828647</hAcc><vAcc>0.595671</vAcc></extensions></trkpt>
      <trkpt lon="-123.264558" lat="44.586903"><ele>71.930122</ele><time>2021-01-19T21:57:48Z</time><extensions><speed>0.286101</speed><course>321.855042</course><hAcc>0.826847</hAcc><vAcc>0.594623</vAcc></extensions></trkpt>
      <trkpt lon="-123.264554" lat="44.586903"><ele>71.906433</ele><time>2021-01-19T21:57:49Z</time><extensions><speed>0.298618</speed><course>311.773346</course><hAcc>0.825585</hAcc><vAcc>0.593889</vAcc></extensions></trkpt>
      <trkpt lon="-123.264550" lat="44.586902"><ele>71.884529</ele><time>2021-01-19T21:57:50Z</time><extensions><speed>0.316940</speed><course>234.342697</course><hAcc>0.825583</hAcc><vAcc>0.593887</vAcc></extensions></trkpt>
      <trkpt lon="-123.264546" lat="44.586903"><ele>71.865959</ele><time>2021-01-19T21:57:51Z</time><extensions><speed>0.331787</speed><course>197.948227</course><hAcc>0.826840</hAcc><vAcc>0.594618</vAcc></extensions></trkpt>
      <trkpt lon="-123.264542" lat="44.586903"><ele>71.852325</ele><time>2021-01-19T21:57:52Z</time><extensions><speed>0.336631</speed><course>180.582977</course><hAcc>0.828635</hAcc><vAcc>0.595662</vAcc></extensions></trkpt>
      <trkpt lon="-123.264538" lat="44.586904"><ele>71.845009</ele><time>2021-01-19T21:57:53Z</time><extensions><speed>0.328620</speed><course>181.310913</course><hAcc>0.829899</hAcc><vAcc>0.596397</vAcc></extensions></trkpt>
      <trkpt lon="-123.264535" lat="44.586905"><ele>71.844887</ele><time>2021-01-19T21:57:54Z</time><extensions><speed>0.308048</speed><course>181.190872</course><hAcc>0.829899</hAcc><vAcc>0.596393</vAcc></extensions></trkpt>
      <trkpt lon="-123.264531" lat="44.586907"><ele>71.852036</ele><time>2021-01-19T21:57:55Z</time><extensions><speed>0.277157</speed><course>169.110062</course><hAcc>0.828602</hAcc><vAcc>0.595630</vAcc></extensions></trkpt>
      <trkpt lon="-123.264529" lat="44.586908"><ele>71.865898</ele><time>2021-01-19T21:57:56Z</time><extensions><speed>0.238705</speed><course>126.639259</course><hAcc>0.826666</hAcc><vAcc>0.594488</vAcc></extensions></trkpt>
      <trkpt lon="-123.264527" lat="44.586909"><ele>71.885582</ele><time>2021-01-19T21:57:57Z</time><extensions><speed>0.195943</speed><course>154.902863</course><hAcc>0.825068</hAcc><vAcc>0.593529</vAcc></extensions></trkpt>
      <trkpt lon="-123.264525" lat="44.586911"><ele>71.909927</ele><time>2021-01-19T21:57:58Z</time><extensions><speed>0.152761</speed><course>153.498138</course><hAcc>0.824415</hAcc><vAcc>0.593103</vAcc></extensions></trkpt>
      <trkpt lon="-123.264525" lat="44.586912"><ele>71.937706</ele><time>2021-01-19T21:57:59Z</time><extensions><speed>0.114187</speed><course>125.483459</course><hAcc>0.824564</hAcc><vAcc>0.593120</vAcc></extensions></trkpt>
      <trkpt lon="-123.264525" lat="44.586913"><ele>71.967819</ele><time>2021-01-19T21:58:00Z</time><extensions><speed>0.085965</speed><course>91.293556</course><hAcc>0.824629</hAcc><vAcc>0.593060</vAcc></extensions></trkpt>
      <trkpt lon="-123.264525" lat="44.586913"><ele>71.999336</ele><time>2021-01-19T21:58:01Z</time><extensions><speed>0.070365</speed><course>99.762383</course><hAcc>0.823363</hAcc><vAcc>0.592194</vAcc></extensions></trkpt>
      <trkpt lon="-123.264526" lat="44.586914"><ele>72.031387</ele><time>2021-01-19T21:58:02Z</time><extensions><speed>0.065275</speed><course>120.216141</course><hAcc>0.819855</hAcc><vAcc>0.589987</vAcc></extensions></trkpt>
      <trkpt lon="-123.264526" lat="44.586914"><ele>72.063087</ele><time>2021-01-19T21:58:03Z</time><extensions><speed>0.068932</speed><course>129.939133</course><hAcc>0.813929</hAcc><vAcc>0.586338</vAcc></extensions></trkpt>
      <trkpt lon="-123.264527" lat="44.586913"><ele>72.093491</ele><time>2021-01-19T21:58:04Z</time><extensions><speed>0.082637</speed><course>134.991196</course><hAcc>0.806193</hAcc><vAcc>0.581605</vAcc></extensions></trkpt>
      <trkpt lon="-123.264528" lat="44.586913"><ele>72.121452</ele><time>2021-01-19T21:58:05Z</time><extensions><speed>0.106920</speed><course>165.505371</course><hAcc>0.797752</hAcc><vAcc>0.576442</vAcc></extensions></trkpt>
      <trkpt lon="-123.264529" lat="44.586912"><ele>72.145828</ele><time>2021-01-19T21:58:06Z</time><extensions><speed>0.138882</speed><course>163.352997</course><hAcc>0.789633</hAcc><vAcc>0.571457</vAcc></extensions></trkpt>
      <trkpt lon="-123.264529" lat="44.586910"><ele>72.165756</ele><time>2021-01-19T21:58:07Z</time><extensions><speed>0.175101</speed><course>163.005447</course><hAcc>0.782491</hAcc><vAcc>0.567045</vAcc></extensions></trkpt>
      <trkpt lon="-123.264528" lat="44.586909"><ele>72.180695</ele><time>2021-01-19T21:58:08Z</time><extensions><speed>0.211457</speed><course>163.973526</course><hAcc>0.776645</hAcc><vAcc>0.563403</vAcc></extensions></trkpt>
      <trkpt lon="-123.264527" lat="44.586907"><ele>72.190506</ele><time>2021-01-19T21:58:09Z</time><extensions><speed>0.243324</speed><course>186.175140</course><hAcc>0.772152</hAcc><vAcc>0.560576</vAcc></extensions></trkpt>
      <trkpt lon="-123.264526" lat="44.586905"><ele>72.195610</ele><time>2021-01-19T21:58:10Z</time><extensions><speed>0.266654</speed><course>237.135208</course><hAcc>0.768907</hAcc><vAcc>0.558510</vAcc></extensions></trkpt>
      <trkpt lon="-123.264524" lat="44.586903"><ele>72.196770</ele><time>2021-01-19T21:58:11Z</time><extensions><speed>0.279141</speed><course>189.997345</course><hAcc>0.766722</hAcc><vAcc>0.557103</vAcc></extensions></trkpt>
      <trkpt lon="-123.264522" lat="44.586900"><ele>72.194626</ele><time>2021-01-19T21:58:12Z</time><extensions><speed>0.279844</speed><course>247.149002</course><hAcc>0.765403</hAcc><vAcc>0.556244</vAcc></extensions></trkpt>
      <trkpt lon="-123.264520" lat="44.586899"><ele>72.189445</ele><time>2021-01-19T21:58:13Z</time><extensions><speed>0.268079</speed><course>245.128799</course><hAcc>0.764794</hAcc><vAcc>0.555844</vAcc></extensions></trkpt>
      <trkpt lon="-123.264518" lat="44.586897"><ele>72.180946</ele><time>2021-01-19T21:58:14Z</time><extensions><speed>0.243564</speed><course>230.019821</course><hAcc>0.764809</hAcc><vAcc>0.555853</vAcc></extensions></trkpt>
      <trkpt lon="-123.264516" lat="44.586895"><ele>72.168434</ele><time>2021-01-19T21:58:15Z</time><extensions><speed>0.207589</speed><course>59.213642</course><hAcc>0.765447</hAcc><vAcc>0.556270</vAcc></extensions></trkpt>
      <trkpt lon="-123.264514" lat="44.586894"><ele>72.150864</ele><time>2021-01-19T21:58:16Z</time><extensions><speed>0.163126</speed><course>11.637530</course><hAcc>0.766790</hAcc><vAcc>0.557143</vAcc></extensions></trkpt>
      <trkpt lon="-123.264513" lat="44.586893"><ele>72.127190</ele><time>2021-01-19T21:58:17Z</time><extensions><speed>0.113448</speed><course>335.019653</course><hAcc>0.768989</hAcc><vAcc>0.558558</vAcc></extensions></trkpt>
      <trkpt lon="-123.264512" lat="44.586893"><ele>72.096718</ele><time>2021-01-19T21:58:18Z</time><extensions><speed>0.061483</speed><course>154.301804</course><hAcc>0.772236</hAcc><vAcc>0.560624</vAcc></extensions></trkpt>
      <trkpt lon="-123.264512" lat="44.586893"><ele>72.059540</ele><time>2021-01-19T21:58:19Z</time><extensions><speed>0.020703</speed><course>181.585358</course><hAcc>0.776716</hAcc><vAcc>0.563442</vAcc></extensions></trkpt>
      <trkpt lon="-123.264512" lat="44.586893"><ele>72.016754</ele><time>2021-01-19T21:58:20Z</time><extensions><speed>0.060031</speed><course>207.623459</course><hAcc>0.782540</hAcc><vAcc>0.567071</vAcc></extensions></trkpt>
      <trkpt lon="-123.264512" lat="44.586894"><ele>71.969795</ele><time>2021-01-19T21:58:21Z</time><extensions><speed>0.117140</speed><course>248.730377</course><hAcc>0.789663</hAcc><vAcc>0.571473</vAcc></extensions></trkpt>
      <trkpt lon="-123.264513" lat="44.586895"><ele>71.919762</ele><time>2021-01-19T21:58:22Z</time><extensions><speed>0.175323</speed><course>192.047058</course><hAcc>0.797790</hAcc><vAcc>0.576468</vAcc></extensions></trkpt>
      <trkpt lon="-123.264514" lat="44.586897"><ele>71.867737</ele><time>2021-01-19T21:58:23Z</time><extensions><speed>0.232905</speed><course>184.541321</course><hAcc>0.806309</hAcc><vAcc>0.581687</vAcc></extensions></trkpt>
      <trkpt lon="-123.264516" lat="44.586899"><ele>71.815369</ele><time>2021-01-19T21:58:24Z</time><extensions><speed>0.289090</speed><course>193.626144</course><hAcc>0.814267</hAcc><vAcc>0.586567</vAcc></extensions></trkpt>
      <trkpt lon="-123.264518" lat="44.586901"><ele>71.764740</ele><time>2021-01-19T21:58:25Z</time><extensions><speed>0.343072</speed><course>162.975586</course><hAcc>0.820662</hAcc><vAcc>0.590518</vAcc></extensions></trkpt>
      <trkpt lon="-123.264520" lat="44.586904"><ele>71.717659</ele><time>2021-01-19T21:58:26Z</time><extensions><speed>0.393662</speed><course>73.781517</course><hAcc>0.825034</hAcc><vAcc>0.593270</vAcc></extensions></trkpt>
      <trkpt lon="-123.264523" lat="44.586907"><ele>71.675385</ele><time>2021-01-19T21:58:27Z</time><extensions><speed>0.439222</speed><course>71.052010</course><hAcc>0.827758</hAcc><vAcc>0.595040</vAcc></extensions></trkpt>
      <trkpt lon="-123.264526" lat="44.586911"><ele>71.638718</ele><time>2021-01-19T21:58:28Z</time><extensions><speed>0.477692</speed><course>96.215485</course><hAcc>0.829985</hAcc><vAcc>0.596501</vAcc></extensions></trkpt>
      <trkpt lon="-123.264529" lat="44.586914"><ele>71.608109</ele><time>2021-01-19T21:58:29Z</time><extensions><speed>0.505491</speed><course>120.919716</course><hAcc>0.833225</hAcc><vAcc>0.598533</vAcc></extensions></trkpt>
      <trkpt lon="-123.264533" lat="44.586918"><ele>71.583687</ele><time>2021-01-19T21:58:30Z</time><extensions><speed>0.517017</speed><course>152.852142</course><hAcc>0.838601</hAcc><vAcc>0.601789</vAcc></extensions></trkpt>
      <trkpt lon="-123.264538" lat="44.586921"><ele>71.565231</ele><time>2021-01-19T21:58:31Z</time><extensions><speed>0.506916</speed><course>155.444077</course><hAcc>0.846395</hAcc><vAcc>0.606435</vAcc></extensions></trkpt>
      <trkpt lon="-123.264542" lat="44.586924"><ele>71.552261</ele><time>2021-01-19T21:58:32Z</time><extensions><speed>0.472904</speed><course>168.371475</course><hAcc>0.855969</hAcc><vAcc>0.612102</vAcc></extensions></trkpt>
      <trkpt lon="-123.264546" lat="44.586927"><ele>71.544365</ele><time>2021-01-19T21:58:33Z</time><extensions><speed>0.416746</speed><course>153.394135</course><hAcc>0.866068</hAcc><vAcc>0.618062</vAcc></extensions></trkpt>
      <trkpt lon="-123.264550" lat="44.586929"><ele>71.541130</ele><time>2021-01-19T21:58:34Z</time><extensions><speed>0.343211</speed><course>129.393097</course><hAcc>0.875438</hAcc><vAcc>0.623587</vAcc></extensions></trkpt>
      <trkpt lon="-123.264553" lat="44.586931"><ele>71.542244</ele><time>2021-01-19T21:58:35Z</time><extensions><speed>0.258630</speed><course>123.504234</course><hAcc>0.883152</hAcc><vAcc>0.628133</vAcc></extensions></trkpt>
      <trkpt lon="-123.264555" lat="44.586932"><ele>71.547577</ele><time>2021-01-19T21:58:36Z</time><extensions><speed>0.169895</speed><course>143.721802</course><hAcc>0.888590</hAcc><vAcc>0.631339</vAcc></extensions></trkpt>
      <trkpt lon="-123.264556" lat="44.586933"><ele>71.557152</ele><time>2021-01-19T21:58:37Z</time><extensions><speed>0.084275</speed><course>206.342422</course><hAcc>0.891393</hAcc><vAcc>0.632993</vAcc></extensions></trkpt>
      <trkpt lon="-123.264557" lat="44.586933"><ele>71.570984</ele><time>2021-01-19T21:58:38Z</time><extensions><speed>0.022524</speed><course>271.542572</course><hAcc>0.891411</hAcc><vAcc>0.633010</vAcc></extensions></trkpt>
      <trkpt lon="-123.264556" lat="44.586933"><ele>71.588936</ele><time>2021-01-19T21:58:39Z</time><extensions><speed>0.069637</speed><course>250.505905</course><hAcc>0.888685</hAcc><vAcc>0.631412</vAcc></extensions></trkpt>
      <trkpt lon="-123.264555" lat="44.586933"><ele>71.610626</ele><time>2021-01-19T21:58:40Z</time><extensions><speed>0.122852</speed><course>225.345352</course><hAcc>0.883444</hAcc><vAcc>0.628340</vAcc></extensions></trkpt>
      <trkpt lon="-123.264553" lat="44.586933"><ele>71.635353</ele><time>2021-01-19T21:58:41Z</time><extensions><speed>0.166255</speed><course>220.670578</course><hAcc>0.876155</hAcc><vAcc>0.624070</vAcc></extensions></trkpt>
      <trkpt lon="-123.264551" lat="44.586934"><ele>71.662224</ele><time>2021-01-19T21:58:42Z</time><extensions><speed>0.202454</speed><course>259.908752</course><hAcc>0.867576</hAcc><vAcc>0.619048</vAcc></extensions></trkpt>
      <trkpt lon="-123.264548" lat="44.586934"><ele>71.690201</ele><time>2021-01-19T21:58:43Z</time><extensions><speed>0.234066</speed><course>261.412079</course><hAcc>0.858814</hAcc><vAcc>0.613926</vAcc></extensions></trkpt>
      <trkpt lon="-123.264545" lat="44.586935"><ele>71.718002</ele><time>2021-01-19T21:58:44Z</time><extensions><speed>0.262352</speed><course>270.044861</course><hAcc>0.851343</hAcc><vAcc>0.609559</vAcc></extensions></trkpt>
      <trkpt lon="-123.264542" lat="44.586936"><ele>71.744133</ele><time>2021-01-19T21:58:45Z</time><extensions><speed>0.287265</speed><course>271.947479</course><hAcc>0.846659</hAcc><vAcc>0.606818</vAcc></extensions></trkpt>
      <trkpt lon="-123.264539" lat="44.586937"><ele>71.767189</ele><time>2021-01-19T21:58:46Z</time><extensions><speed>0.307996</speed><course>264.230072</course><hAcc>0.845618</hAcc><vAcc>0.606198</vAcc></extensions></trkpt>
      <trkpt lon="-123.264535" lat="44.586938"><ele>71.785995</ele><time>2021-01-19T21:58:47Z</time><extensions><speed>0.324370</speed><course>272.128601</course><hAcc>0.848079</hAcc><vAcc>0.607615</vAcc></extensions></trkpt>
      <trkpt lon="-123.264532" lat="44.586940"><ele>71.799339</ele><time>2021-01-19T21:58:48Z</time><extensions><speed>0.337884</speed><course>272.603180</course><hAcc>0.852915</hAcc><vAcc>0.610419</vAcc></extensions></trkpt>
      <trkpt lon="-123.264528" lat="44.586942"><ele>71.806053</ele><time>2021-01-19T21:58:49Z</time><extensions><speed>0.350476</speed><course>271.714722</course><hAcc>0.858415</hAcc><vAcc>0.613612</vAcc></extensions></trkpt>
      <trkpt lon="-123.264524" lat="44.586944"><ele>71.805496</ele><time>2021-01-19T21:58:50Z</time><extensions><speed>0.363035</speed><course>283.649017</course><hAcc>0.862974</hAcc><vAcc>0.616258</vAcc></extensions></trkpt>
      <trkpt lon="-123.264521" lat="44.586945"><ele>71.797951</ele><time>2021-01-19T21:58:51Z</time><extensions><speed>0.374930</speed><course>290.672150</course><hAcc>0.865468</hAcc><vAcc>0.617700</vAcc></extensions></trkpt>
      <trkpt lon="-123.264517" lat="44.586947"><ele>71.784607</ele><time>2021-01-19T21:58:52Z</time><extensions><speed>0.383637</speed><course>153.493225</course><hAcc>0.865285</hAcc><vAcc>0.617573</vAcc></extensions></trkpt>
      <trkpt lon="-123.264512" lat="44.586949"><ele>71.767479</ele><time>2021-01-19T21:58:53Z</time><extensions><speed>0.385610</speed><course>104.306198</course><hAcc>0.862317</hAcc><vAcc>0.615815</vAcc></extensions></trkpt>
      <trkpt lon="-123.264508" lat="44.586951"><ele>71.749222</ele><time>2021-01-19T21:58:54Z</time><extensions><speed>0.377642</speed><course>101.731491</course><hAcc>0.856953</hAcc><vAcc>0.612651</vAcc></extensions></trkpt>
      <trkpt lon="-123.264504" lat="44.586952"><ele>71.733017</ele><time>2021-01-19T21:58:55Z</time><extensions><speed>0.357680</speed><course>105.722328</course><hAcc>0.850073</hAcc><vAcc>0.608595</vAcc></extensions></trkpt>
      <trkpt lon="-123.264500" lat="44.586953"><ele>71.722244</ele><time>2021-01-19T21:58:56Z</time><extensions><speed>0.323881</speed><course>94.268967</course><hAcc>0.843011</hAcc><vAcc>0.604429</vAcc></extensions></trkpt>
      <trkpt lon="-123.264497" lat="44.586954"><ele>71.720123</ele><time>2021-01-19T21:58:57Z</time><extensions><speed>0.271956</speed><course>84.558159</course><hAcc>0.837211</hAcc><vAcc>0.600994</vAcc></extensions></trkpt>
      <trkpt lon="-123.264494" lat="44.586955"><ele>71.729118</ele><time>2021-01-19T21:58:58Z</time><extensions><speed>0.198082</speed><course>78.860420</course><hAcc>0.833576</hAcc><vAcc>0.598821</vAcc></extensions></trkpt>
      <trkpt lon="-123.264492" lat="44.586955"><ele>71.750015</ele><time>2021-01-19T21:58:59Z</time><extensions><speed>0.107327</speed><course>72.504707</course><hAcc>0.832151</hAcc><vAcc>0.597940</vAcc></extensions></trkpt>
      <trkpt lon="-123.264491" lat="44.586955"><ele>71.781548</ele><time>2021-01-19T21:59:00Z</time><extensions><speed>0.045607</speed><course>99.665962</course><hAcc>0.832186</hAcc><vAcc>0.597922</vAcc></extensions></trkpt>
      <trkpt lon="-123.264492" lat="44.586954"><ele>71.821037</ele><time>2021-01-19T21:59:01Z</time><extensions><speed>0.123187</speed><course>113.479027</course><hAcc>0.832576</hAcc><vAcc>0.598130</vAcc></extensions></trkpt>
      <trkpt lon="-123.264493" lat="44.586953"><ele>71.865494</ele><time>2021-01-19T21:59:02Z</time><extensions><speed>0.219805</speed><course>139.390442</course><hAcc>0.832596</hAcc><vAcc>0.598147</vAcc></extensions></trkpt>
      <trkpt lon="-123.264496" lat="44.586952"><ele>71.912170</ele><time>2021-01-19T21:59:03Z</time><extensions><speed>0.307545</speed><course>138.979950</course><hAcc>0.832308</hAcc><vAcc>0.598007</vAcc></extensions></trkpt>
      <trkpt lon="-123.264500" lat="44.586951"><ele>71.958908</ele><time>2021-01-19T21:59:04Z</time><extensions><speed>0.380353</speed><course>161.206360</course><hAcc>0.832565</hAcc><vAcc>0.598206</vAcc></extensions></trkpt>
      <trkpt lon="-123.264504" lat="44.586949"><ele>72.004265</ele><time>2021-01-19T21:59:05Z</time><extensions><speed>0.433853</speed><course>170.741989</course><hAcc>0.834624</hAcc><vAcc>0.599469</vAcc></extensions></trkpt>
      <trkpt lon="-123.264509" lat="44.586947"><ele>72.047256</ele><time>2021-01-19T21:59:06Z</time><extensions><speed>0.465790</speed><course>199.418945</course><hAcc>0.839419</hAcc><vAcc>0.602333</vAcc></extensions></trkpt>
      <trkpt lon="-123.264514" lat="44.586944"><ele>72.086998</ele><time>2021-01-19T21:59:07Z</time><extensions><speed>0.478539</speed><course>200.485016</course><hAcc>0.847112</hAcc><vAcc>0.606885</vAcc></extensions></trkpt>
      <trkpt lon="-123.264519" lat="44.586942"><ele>72.122673</ele><time>2021-01-19T21:59:08Z</time><extensions><speed>0.477932</speed><course>212.143478</course><hAcc>0.857020</hAcc><vAcc>0.612726</vAcc></extensions></trkpt>
      <trkpt lon="-123.264524" lat="44.586939"><ele>72.153435</ele><time>2021-01-19T21:59:09Z</time><extensions><speed>0.469102</speed><course>333.540680</course><hAcc>0.867911</hAcc><vAcc>0.619137</vAcc></extensions></trkpt>
      <trkpt lon="-123.264528" lat="44.586937"><ele>72.178101</ele><time>2021-01-19T21:59:10Z</time><extensions><speed>0.455563</speed><course>340.337494</course><hAcc>0.878626</hAcc><vAcc>0.625442</vAcc></extensions></trkpt>
      <trkpt lon="-123.264532" lat="44.586934"><ele>72.195251</ele><time>2021-01-19T21:59:11Z</time><extensions><speed>0.440517</speed><course>3.519976</course><hAcc>0.888387</hAcc><vAcc>0.631185</vAcc></extensions></trkpt>
      <trkpt lon="-123.264536" lat="44.586931"><ele>72.203773</ele><time>2021-01-19T21:59:12Z</time><extensions><speed>0.426478</speed><course>28.590975</course><hAcc>0.896765</hAcc><vAcc>0.636112</vAcc></extensions></trkpt>
      <trkpt lon="-123.264540" lat="44.586928"><ele>72.203255</ele><time>2021-01-19T21:59:13Z</time><extensions><speed>0.415342</speed><course>8.130479</course><hAcc>0.903606</hAcc><vAcc>0.640134</vAcc></extensions></trkpt>
      <trkpt lon="-123.264543" lat="44.586925"><ele>72.193909</ele><time>2021-01-19T21:59:14Z</time><extensions><speed>0.408027</speed><course>196.445679</course><hAcc>0.908948</hAcc><vAcc>0.643272</vAcc></extensions></trkpt>
      <trkpt lon="-123.264546" lat="44.586922"><ele>72.176453</ele><time>2021-01-19T21:59:15Z</time><extensions><speed>0.403908</speed><course>197.003036</course><hAcc>0.912945</hAcc><vAcc>0.645617</vAcc></extensions></trkpt>
      <trkpt lon="-123.264549" lat="44.586919"><ele>72.152161</ele><time>2021-01-19T21:59:16Z</time><extensions><speed>0.401164</speed><course>346.712097</course><hAcc>0.915811</hAcc><vAcc>0.647296</vAcc></extensions></trkpt>
      <trkpt lon="-123.264551" lat="44.586916"><ele>72.122749</ele><time>2021-01-19T21:59:17Z</time><extensions><speed>0.397459</speed><course>344.724182</course><hAcc>0.917775</hAcc><vAcc>0.648445</vAcc></extensions></trkpt>
      <trkpt lon="-123.264554" lat="44.586913"><ele>72.090157</ele><time>2021-01-19T21:59:18Z</time><extensions><speed>0.390043</speed><course>340.511414</course><hAcc>0.919055</hAcc><vAcc>0.649192</vAcc></extensions></trkpt>
      <trkpt lon="-123.264556" lat="44.586910"><ele>72.056435</ele><time>2021-01-19T21:59:19Z</time><extensions><speed>0.375738</speed><course>340.641479</course><hAcc>0.919840</hAcc><vAcc>0.649648</vAcc></extensions></trkpt>
      <trkpt lon="-123.264557" lat="44.586907"><ele>72.023575</ele><time>2021-01-19T21:59:20Z</time><extensions><speed>0.351358</speed><course>24.922503</course><hAcc>0.920285</hAcc><vAcc>0.649906</vAcc></extensions></trkpt>
      <trkpt lon="-123.264559" lat="44.586904"><ele>71.993431</ele><time>2021-01-19T21:59:21Z</time><extensions><speed>0.315930</speed><course>10.518443</course><hAcc>0.920511</hAcc><vAcc>0.650035</vAcc></extensions></trkpt>
      <trkpt lon="-123.264559" lat="44.586901"><ele>71.967278</ele><time>2021-01-19T21:59:22Z</time><extensions><speed>0.272388</speed><course>351.059021</course><hAcc>0.920603</hAcc><vAcc>0.650087</vAcc></extensions></trkpt>
      <trkpt lon="-123.264559" lat="44.586899"><ele>71.945557</ele><time>2021-01-19T21:59:23Z</time><extensions><speed>0.226039</speed><course>342.574615</course><hAcc>0.920623</hAcc><vAcc>0.650098</vAcc></extensions></trkpt>
      <trkpt lon="-123.264559" lat="44.586897"><ele>71.928154</ele><time>2021-01-19T21:59:24Z</time><extensions><speed>0.182540</speed><course>8.686268</course><hAcc>0.920609</hAcc><vAcc>0.650089</vAcc></extensions></trkpt>
      <trkpt lon="-123.264558" lat="44.586896"><ele>71.914581</ele><time>2021-01-19T21:59:25Z</time><extensions><speed>0.146978</speed><course>354.204498</course><hAcc>0.920584</hAcc><vAcc>0.650074</vAcc></extensions></trkpt>
      <trkpt lon="-123.264557" lat="44.586895"><ele>71.903854</ele><time>2021-01-19T21:59:26Z</time><extensions><speed>0.122113</speed><course>271.762543</course><hAcc>0.920560</hAcc><vAcc>0.650060</vAcc></extensions></trkpt>
      <trkpt lon="-123.264556" lat="44.586895"><ele>71.894508</ele><time>2021-01-19T21:59:27Z</time><extensions><speed>0.109036</speed><course>262.507263</course><hAcc>0.920541</hAcc><vAcc>0.650049</vAcc></extensions></trkpt>
      <trkpt lon="-123.264555" lat="44.586895"><ele>71.884834</ele><time>2021-01-19T21:59:28Z</time><extensions><speed>0.109623</speed><course>249.565308</course><hAcc>0.920530</hAcc><vAcc>0.650043</vAcc></extensions></trkpt>
      <trkpt lon="-123.264553" lat="44.586895"><ele>71.873116</ele><time>2021-01-19T21:59:29Z</time><extensions><speed>0.123967</speed><course>205.194824</course><hAcc>0.920527</hAcc><vAcc>0.650041</vAcc></extensions></trkpt>
      <trkpt lon="-123.264552" lat="44.586896"><ele>71.857819</ele><time>2021-01-19T21:59:30Z</time><extensions><speed>0.149231</speed><course>224.973297</course><hAcc>0.920530</hAcc><vAcc>0.650043</vAcc></extensions></trkpt>
      <trkpt lon="-123.264551" lat="44.586898"><ele>71.837914</ele><time>2021-01-19T21:59:31Z</time><extensions><speed>0.181778</speed><course>252.946548</course><hAcc>0.920542</hAcc><vAcc>0.650050</vAcc></extensions></trkpt>
      <trkpt lon="-123.264551" lat="44.586899"><ele>71.813194</ele><time>2021-01-19T21:59:32Z</time><extensions><speed>0.218020</speed><course>278.898560</course><hAcc>0.920562</hAcc><vAcc>0.650062</vAcc></extensions></trkpt>
      <trkpt lon="-123.264551" lat="44.586901"><ele>71.784248</ele><time>2021-01-19T21:59:33Z</time><extensions><speed>0.254156</speed><course>288.746094</course><hAcc>0.920593</hAcc><vAcc>0.650080</vAcc></extensions></trkpt>
      <trkpt lon="-123.264551" lat="44.586904"><ele>71.752289</ele><time>2021-01-19T21:59:34Z</time><extensions><speed>0.286032</speed><course>296.946503</course><hAcc>0.920631</hAcc><vAcc>0.650103</vAcc></extensions></trkpt>
      <trkpt lon="-123.264551" lat="44.586907"><ele>71.719162</ele><time>2021-01-19T21:59:35Z</time><extensions><speed>0.310073</speed><course>297.930481</course><hAcc>0.920674</hAcc><vAcc>0.650128</vAcc></extensions></trkpt>
      <trkpt lon="-123.264552" lat="44.586909"><ele>71.687286</ele><time>2021-01-19T21:59:36Z</time><extensions><speed>0.323139</speed><course>300.356598</course><hAcc>0.920709</hAcc><vAcc>0.650149</vAcc></extensions></trkpt>
      <trkpt lon="-123.264553" lat="44.586912"><ele>71.659431</ele><time>2021-01-19T21:59:37Z</time><extensions><speed>0.322643</speed><course>314.404907</course><hAcc>0.920712</hAcc><vAcc>0.650151</vAcc></extensions></trkpt>
      <trkpt lon="-123.264555" lat="44.586915"><ele>71.638130</ele><time>2021-01-19T21:59:38Z</time><extensions><speed>0.307106</speed><course>327.844269</course><hAcc>0.920643</hAcc><vAcc>0.650112</vAcc></extensions></trkpt>
      <trkpt lon="-123.264556" lat="44.586917"><ele>71.625130</ele><time>2021-01-19T21:59:39Z</time><extensions><speed>0.276707</speed><course>18.750435</course><hAcc>0.920440</hAcc><vAcc>0.649994</vAcc></extensions></trkpt>
      <trkpt lon="-123.264558" lat="44.586919"><ele>71.621269</ele><time>2021-01-19T21:59:40Z</time><extensions><speed>0.233919</speed><course>72.331932</course><hAcc>0.920011</hAcc><vAcc>0.649745</vAcc></extensions></trkpt>
      <trkpt lon="-123.264559" lat="44.586921"><ele>71.626564</ele><time>2021-01-19T21:59:41Z</time><extensions><speed>0.182941</speed><course>72.431816</course><hAcc>0.919234</hAcc><vAcc>0.649291</vAcc></extensions></trkpt>
      <trkpt lon="-123.264559" lat="44.586922"><ele>71.640182</ele><time>2021-01-19T21:59:42Z</time><extensions><speed>0.130392</speed><course>63.194126</course><hAcc>0.917950</hAcc><vAcc>0.648540</vAcc></extensions></trkpt>
      <trkpt lon="-123.264559" lat="44.586923"><ele>71.660530</ele><time>2021-01-19T21:59:43Z</time><extensions><speed>0.091537</speed><course>58.744598</course><hAcc>0.915968</hAcc><vAcc>0.647380</vAcc></extensions></trkpt>
      <trkpt lon="-123.264558" lat="44.586924"><ele>71.685516</ele><time>2021-01-19T21:59:44Z</time><extensions><speed>0.095571</speed><course>49.051968</course><hAcc>0.913072</hAcc><vAcc>0.645683</vAcc></extensions></trkpt>
      <trkpt lon="-123.264557" lat="44.586924"><ele>71.712753</ele><time>2021-01-19T21:59:45Z</time><extensions><speed>0.137994</speed><course>74.293465</course><hAcc>0.909044</hAcc><vAcc>0.643322</vAcc></extensions></trkpt>
      <trkpt lon="-123.264555" lat="44.586924"><ele>71.739792</ele><time>2021-01-19T21:59:46Z</time><extensions><speed>0.190741</speed><course>64.133141</course><hAcc>0.903692</hAcc><vAcc>0.640184</vAcc></extensions></trkpt>
      <trkpt lon="-123.264552" lat="44.586924"><ele>71.764595</ele><time>2021-01-19T21:59:47Z</time><extensions><speed>0.242219</speed><course>6.007646</course><hAcc>0.896902</hAcc><vAcc>0.636205</vAcc></extensions></trkpt>
      <trkpt lon="-123.264549" lat="44.586923"><ele>71.785637</ele><time>2021-01-19T21:59:48Z</time><extensions><speed>0.290028</speed><course>352.440704</course><hAcc>0.888706</hAcc><vAcc>0.631405</vAcc></extensions></trkpt>
      <trkpt lon="-123.264546" lat="44.586922"><ele>71.801865</ele><time>2021-01-19T21:59:49Z</time><extensions><speed>0.335898</speed><course>335.848114</course><hAcc>0.879363</hAcc><vAcc>0.625939</vAcc></extensions></trkpt>
      <trkpt lon="-123.264542" lat="44.586920"><ele>71.812561</ele><time>2021-01-19T21:59:50Z</time><extensions><speed>0.380898</speed><course>327.358154</course><hAcc>0.869455</hAcc><vAcc>0.620150</vAcc></extensions></trkpt>
      <trkpt lon="-123.264539" lat="44.586917"><ele>71.817451</ele><time>2021-01-19T21:59:51Z</time><extensions><speed>0.423734</speed><course>333.876984</course><hAcc>0.859969</hAcc><vAcc>0.614615</vAcc></extensions></trkpt>
      <trkpt lon="-123.264535" lat="44.586914"><ele>71.816925</ele><time>2021-01-19T21:59:52Z</time><extensions><speed>0.464036</speed><course>317.009186</course><hAcc>0.852316</hAcc><vAcc>0.610156</vAcc></extensions></trkpt>
      <trkpt lon="-123.264532" lat="44.586910"><ele>71.811836</ele><time>2021-01-19T21:59:53Z</time><extensions><speed>0.504169</speed><course>324.809845</course><hAcc>0.848013</hAcc><vAcc>0.607650</vAcc></extensions></trkpt>
      <trkpt lon="-123.264529" lat="44.586906"><ele>71.803070</ele><time>2021-01-19T21:59:54Z</time><extensions><speed>0.547041</speed><course>313.081604</course><hAcc>0.848000</hAcc><vAcc>0.607642</vAcc></extensions></trkpt>
      <trkpt lon="-123.264527" lat="44.586901"><ele>71.791412</ele><time>2021-01-19T21:59:55Z</time><extensions><speed>0.593764</speed><course>310.419220</course><hAcc>0.852280</hAcc><vAcc>0.610134</vAcc></extensions></trkpt>
      <trkpt lon="-123.264525" lat="44.586896"><ele>71.777672</ele><time>2021-01-19T21:59:56Z</time><extensions><speed>0.642899</speed><course>310.161346</course><hAcc>0.859916</hAcc><vAcc>0.614583</vAcc></extensions></trkpt>
      <trkpt lon="-123.264524" lat="44.586890"><ele>71.762962</ele><time>2021-01-19T21:59:57Z</time><extensions><speed>0.691442</speed><course>278.424835</course><hAcc>0.869396</hAcc><vAcc>0.620114</vAcc></extensions></trkpt>
      <trkpt lon="-123.264523" lat="44.586883"><ele>71.748680</ele><time>2021-01-19T21:59:58Z</time><extensions><speed>0.736754</speed><course>284.042450</course><hAcc>0.879306</hAcc><vAcc>0.625905</vAcc></extensions></trkpt>
      <trkpt lon="-123.264523" lat="44.586877"><ele>71.736160</ele><time>2021-01-19T21:59:59Z</time><extensions><speed>0.776633</speed><course>266.509979</course><hAcc>0.888656</hAcc><vAcc>0.631375</vAcc></extensions></trkpt>
      <trkpt lon="-123.264522" lat="44.586869"><ele>71.726349</ele><time>2021-01-19T22:00:00Z</time><extensions><speed>0.807942</speed><course>231.306152</course><hAcc>0.896852</hAcc><vAcc>0.636175</vAcc></extensions></trkpt>
      <trkpt lon="-123.264523" lat="44.586862"><ele>71.719765</ele><time>2021-01-19T22:00:01Z</time><extensions><speed>0.825595</speed><course>224.940414</course><hAcc>0.903608</hAcc><vAcc>0.640136</vAcc></extensions></trkpt>
      <trkpt lon="-123.264524" lat="44.586855"><ele>71.716599</ele><time>2021-01-19T22:00:02Z</time><extensions><speed>0.822871</speed><course>230.877960</course><hAcc>0.908853</hAcc><vAcc>0.643213</vAcc></extensions></trkpt>
      <trkpt lon="-123.264525" lat="44.586847"><ele>71.716988</ele><time>2021-01-19T22:00:03Z</time><extensions><speed>0.792906</speed><course>221.923904</course><hAcc>0.912638</hAcc><vAcc>0.645434</vAcc></extensions></trkpt>
      <trkpt lon="-123.264527" lat="44.586841"><ele>71.721367</ele><time>2021-01-19T22:00:04Z</time><extensions><speed>0.731341</speed><course>216.503632</course><hAcc>0.915065</hAcc><vAcc>0.646859</vAcc></extensions></trkpt>
      <trkpt lon="-123.264529" lat="44.586835"><ele>71.730675</ele><time>2021-01-19T22:00:05Z</time><extensions><speed>0.639266</speed><course>216.408691</course><hAcc>0.916231</hAcc><vAcc>0.647543</vAcc></extensions></trkpt>
      <trkpt lon="-123.264532" lat="44.586830"><ele>71.746147</ele><time>2021-01-19T22:00:06Z</time><extensions><speed>0.523706</speed><course>212.646957</course><hAcc>0.916195</hAcc><vAcc>0.647522</vAcc></extensions></trkpt>
      <trkpt lon="-123.264535" lat="44.586827"><ele>71.768944</ele><time>2021-01-19T22:00:07Z</time><extensions><speed>0.397696</speed><course>240.023636</course><hAcc>0.914959</hAcc><vAcc>0.646797</vAcc></extensions></trkpt>
      <trkpt lon="-123.264538" lat="44.586825"><ele>71.799698</ele><time>2021-01-19T22:00:08Z</time><extensions><speed>0.287044</speed><course>188.506485</course><hAcc>0.912472</hAcc><vAcc>0.645338</vAcc></extensions></trkpt>
      <trkpt lon="-123.264542" lat="44.586824"><ele>71.838371</ele><time>2021-01-19T22:00:09Z</time><extensions><speed>0.246366</speed><course>145.697922</course><hAcc>0.908640</hAcc><vAcc>0.643090</vAcc></extensions></trkpt>
      <trkpt lon="-123.264545" lat="44.586825"><ele>71.883881</ele><time>2021-01-19T22:00:10Z</time><extensions><speed>0.310377</speed><course>187.091660</course><hAcc>0.903368</hAcc><vAcc>0.639997</vAcc></extensions></trkpt>
      <trkpt lon="-123.264547" lat="44.586828"><ele>71.933548</ele><time>2021-01-19T22:00:11Z</time><extensions><speed>0.427441</speed><course>226.719040</course><hAcc>0.896606</hAcc><vAcc>0.636032</vAcc></extensions></trkpt>
      <trkpt lon="-123.264550" lat="44.586832"><ele>71.983727</ele><time>2021-01-19T22:00:12Z</time><extensions><speed>0.552694</speed><course>229.835342</course><hAcc>0.888422</hAcc><vAcc>0.631236</vAcc></extensions></trkpt>
      <trkpt lon="-123.264552" lat="44.586837"><ele>72.031281</ele><time>2021-01-19T22:00:13Z</time><extensions><speed>0.666127</speed><course>251.113083</course><hAcc>0.879084</hAcc><vAcc>0.625769</vAcc></extensions></trkpt>
      <trkpt lon="-123.264553" lat="44.586844"><ele>72.074150</ele><time>2021-01-19T22:00:14Z</time><extensions><speed>0.757263</speed><course>249.022873</course><hAcc>0.869154</hAcc><vAcc>0.619962</vAcc></extensions></trkpt>
      <trkpt lon="-123.264555" lat="44.586851"><ele>72.111046</ele><time>2021-01-19T22:00:15Z</time><extensions><speed>0.820353</speed><course>266.462494</course><hAcc>0.859560</hAcc><vAcc>0.614356</vAcc></extensions></trkpt>
      <trkpt lon="-123.264556" lat="44.586858"><ele>72.141258</ele><time>2021-01-19T22:00:16Z</time><extensions><speed>0.853031</speed><course>266.498474</course><hAcc>0.851618</hAcc><vAcc>0.609716</vAcc></extensions></trkpt>
      <trkpt lon="-123.264556" lat="44.586866"><ele>72.164413</ele><time>2021-01-19T22:00:17Z</time><extensions><speed>0.855820</speed><course>240.664200</course><hAcc>0.846687</hAcc><vAcc>0.606830</vAcc></extensions></trkpt>
      <trkpt lon="-123.264556" lat="44.586873"><ele>72.180336</ele><time>2021-01-19T22:00:18Z</time><extensions><speed>0.831924</speed><course>237.502502</course><hAcc>0.845506</hAcc><vAcc>0.606124</vAcc></extensions></trkpt>
      <trkpt lon="-123.264556" lat="44.586881"><ele>72.188972</ele><time>2021-01-19T22:00:19Z</time><extensions><speed>0.786686</speed><course>233.247269</course><hAcc>0.847827</hAcc><vAcc>0.607452</vAcc></extensions></trkpt>
      <trkpt lon="-123.264555" lat="44.586887"><ele>72.190491</ele><time>2021-01-19T22:00:20Z</time><extensions><speed>0.726648</speed><course>221.501572</course><hAcc>0.852425</hAcc><vAcc>0.610101</vAcc></extensions></trkpt>
      <trkpt lon="-123.264553" lat="44.586893"><ele>72.185387</ele><time>2021-01-19T22:00:21Z</time><extensions><speed>0.657566</speed><course>215.156387</course><hAcc>0.857487</hAcc><vAcc>0.613011</vAcc></extensions></trkpt>
      <trkpt lon="-123.264551" lat="44.586899"><ele>72.174507</ele><time>2021-01-19T22:00:22Z</time><extensions><speed>0.583597</speed><course>215.399124</course><hAcc>0.861296</hAcc><vAcc>0.615178</vAcc></extensions></trkpt>
      <trkpt lon="-123.264549" lat="44.586903"><ele>72.158936</ele><time>2021-01-19T22:00:23Z</time><extensions><speed>0.508236</speed><course>224.216599</course><hAcc>0.862598</hAcc><vAcc>0.615859</vAcc></extensions></trkpt>
      <trkpt lon="-123.264546" lat="44.586907"><ele>72.139816</ele><time>2021-01-19T22:00:24Z</time><extensions><speed>0.433810</speed><course>224.399323</course><hAcc>0.860623</hAcc><vAcc>0.614595</vAcc></extensions></trkpt>
      <trkpt lon="-123.264544" lat="44.586910"><ele>72.118057</ele><time>2021-01-19T22:00:25Z</time><extensions><speed>0.361489</speed><course>217.241013</course><hAcc>0.855082</hAcc><vAcc>0.611210</vAcc></extensions></trkpt>
      <trkpt lon="-123.264541" lat="44.586913"><ele>72.094193</ele><time>2021-01-19T22:00:26Z</time><extensions><speed>0.292330</speed><course>217.241013</course><hAcc>0.846171</hAcc><vAcc>0.605816</vAcc></extensions></trkpt>
      <trkpt lon="-123.264539" lat="44.586914"><ele>72.068581</ele><time>2021-01-19T22:00:27Z</time><extensions><speed>0.226688</speed><course>217.241013</course><hAcc>0.834592</hAcc><vAcc>0.598824</vAcc></extensions></trkpt>
      <trkpt lon="-123.264537" lat="44.586915"><ele>72.041649</ele><time>2021-01-19T22:00:28Z</time><extensions><speed>0.163925</speed><course>217.241013</course><hAcc>0.821567</hAcc><vAcc>0.590955</vAcc></extensions></trkpt>
      <trkpt lon="-123.264535" lat="44.586916"><ele>72.013992</ele><time>2021-01-19T22:00:29Z</time><extensions><speed>0.104274</speed><course>217.241013</course><hAcc>0.808579</hAcc><vAcc>0.583082</vAcc></extensions></trkpt>
      <trkpt lon="-123.264535" lat="44.586916"><ele>71.986198</ele><time>2021-01-19T22:00:30Z</time><extensions><speed>0.051061</speed><course>217.241013</course><hAcc>0.796819</hAcc><vAcc>0.575915</vAcc></extensions></trkpt>
      <trkpt lon="-123.264535" lat="44.586917"><ele>71.958733</ele><time>2021-01-19T22:00:31Z</time><extensions><speed>0.036065</speed><course>242.797058</course><hAcc>0.786951</hAcc><vAcc>0.569854</vAcc></extensions></trkpt>
      <trkpt lon="-123.264535" lat="44.586917"><ele>71.932045</ele><time>2021-01-19T22:00:32Z</time><extensions><speed>0.079230</speed><course>249.224991</course><hAcc>0.779200</hAcc><vAcc>0.565047</vAcc></extensions></trkpt>
      <trkpt lon="-123.264536" lat="44.586917"><ele>71.906609</ele><time>2021-01-19T22:00:33Z</time><extensions><speed>0.130233</speed><course>289.213226</course><hAcc>0.773470</hAcc><vAcc>0.561450</vAcc></extensions></trkpt>
      <trkpt lon="-123.264538" lat="44.586918"><ele>71.882820</ele><time>2021-01-19T22:00:34Z</time><extensions><speed>0.180878</speed><course>272.519440</course><hAcc>0.769479</hAcc><vAcc>0.558907</vAcc></extensions></trkpt>
      <trkpt lon="-123.264540" lat="44.586919"><ele>71.861099</ele><time>2021-01-19T22:00:35Z</time><extensions><speed>0.228766</speed><course>244.734100</course><hAcc>0.766867</hAcc><vAcc>0.557213</vAcc></extensions></trkpt>
      <trkpt lon="-123.264543" lat="44.586920"><ele>71.841927</ele><time>2021-01-19T22:00:36Z</time><extensions><speed>0.271545</speed><course>212.511093</course><hAcc>0.765275</hAcc><vAcc>0.556157</vAcc></extensions></trkpt>
      <trkpt lon="-123.264547" lat="44.586921"><ele>71.825775</ele><time>2021-01-19T22:00:37Z</time><extensions><speed>0.306890</speed><course>269.689758</course><hAcc>0.764385</hAcc><vAcc>0.555550</vAcc></extensions></trkpt>
      <trkpt lon="-123.264550" lat="44.586922"><ele>71.812988</ele><time>2021-01-19T22:00:38Z</time><extensions><speed>0.332606</speed><course>259.363190</course><hAcc>0.763948</hAcc><vAcc>0.555237</vAcc></extensions></trkpt>
      <trkpt lon="-123.264554" lat="44.586923"><ele>71.803719</ele><time>2021-01-19T22:00:39Z</time><extensions><speed>0.346756</speed><course>211.685089</course><hAcc>0.763778</hAcc><vAcc>0.555105</vAcc></extensions></trkpt>
      <trkpt lon="-123.264558" lat="44.586925"><ele>71.797844</ele><time>2021-01-19T22:00:40Z</time><extensions><speed>0.347875</speed><course>221.277267</course><hAcc>0.763749</hAcc><vAcc>0.555071</vAcc></extensions></trkpt>
      <trkpt lon="-123.264562" lat="44.586926"><ele>71.794968</ele><time>2021-01-19T22:00:41Z</time><extensions><speed>0.335415</speed><course>217.167374</course><hAcc>0.763782</hAcc><vAcc>0.555084</vAcc></extensions></trkpt>
      <trkpt lon="-123.264565" lat="44.586928"><ele>71.794418</ele><time>2021-01-19T22:00:42Z</time><extensions><speed>0.310788</speed><course>205.027863</course><hAcc>0.763828</hAcc><vAcc>0.555110</vAcc></extensions></trkpt>
      <trkpt lon="-123.264569" lat="44.586929"><ele>71.795364</ele><time>2021-01-19T22:00:43Z</time><extensions><speed>0.277230</speed><course>192.657761</course><hAcc>0.763864</hAcc><vAcc>0.555131</vAcc></extensions></trkpt>
      <trkpt lon="-123.264572" lat="44.586930"><ele>71.797104</ele><time>2021-01-19T22:00:44Z</time><extensions><speed>0.238604</speed><course>186.711105</course><hAcc>0.763879</hAcc><vAcc>0.555140</vAcc></extensions></trkpt>
      <trkpt lon="-123.264574" lat="44.586930"><ele>71.799225</ele><time>2021-01-19T22:00:45Z</time><extensions><speed>0.198628</speed><course>194.477112</course><hAcc>0.763871</hAcc><vAcc>0.555135</vAcc></extensions></trkpt>
      <trkpt lon="-123.264576" lat="44.586931"><ele>71.801514</ele><time>2021-01-19T22:00:46Z</time><extensions><speed>0.160846</speed><course>188.036453</course><hAcc>0.763849</hAcc><vAcc>0.555125</vAcc></extensions></trkpt>
      <trkpt lon="-123.264578" lat="44.586931"><ele>71.803917</ele><time>2021-01-19T22:00:47Z</time><extensions><speed>0.128741</speed><course>188.036453</course><hAcc>0.763836</hAcc><vAcc>0.555123</vAcc></extensions></trkpt>
      <trkpt lon="-123.264580" lat="44.586931"><ele>71.806465</ele><time>2021-01-19T22:00:48Z</time><extensions><speed>0.106177</speed><course>188.036453</course><hAcc>0.763875</hAcc><vAcc>0.555162</vAcc></extensions></trkpt>
      <trkpt lon="-123.264581" lat="44.586931"><ele>71.809181</ele><time>2021-01-19T22:00:49Z</time><extensions><speed>0.097199</speed><course>188.036453</course><hAcc>0.764042</hAcc><vAcc>0.555291</vAcc></extensions></trkpt>
      <trkpt lon="-123.264582" lat="44.586930"><ele>71.812050</ele><time>2021-01-19T22:00:50Z</time><extensions><speed>0.101593</speed><course>188.036453</course><hAcc>0.764460</hAcc><vAcc>0.555590</vAcc></extensions></trkpt>
      <trkpt lon="-123.264582" lat="44.586929"><ele>71.815041</ele><time>2021-01-19T22:00:51Z</time><extensions><speed>0.113580</speed><course>188.036453</course><hAcc>0.765313</hAcc><vAcc>0.556174</vAcc></extensions></trkpt>
      <trkpt lon="-123.264583" lat="44.586928"><ele>71.818054</ele><time>2021-01-19T22:00:52Z</time><extensions><speed>0.127658</speed><course>188.036453</course><hAcc>0.766856</hAcc><vAcc>0.557201</vAcc></extensions></trkpt>
      <trkpt lon="-123.264583" lat="44.586927"><ele>71.820831</ele><time>2021-01-19T22:00:53Z</time><extensions><speed>0.141752</speed><course>188.036453</course><hAcc>0.769426</hAcc><vAcc>0.558871</vAcc></extensions></trkpt>
      <trkpt lon="-123.264583" lat="44.586926"><ele>71.823090</ele><time>2021-01-19T22:00:54Z</time><extensions><speed>0.155990</speed><course>188.036453</course><hAcc>0.773418</hAcc><vAcc>0.561417</vAcc></extensions></trkpt>
      <trkpt lon="-123.264583" lat="44.586924"><ele>71.824608</ele><time>2021-01-19T22:00:55Z</time><extensions><speed>0.171003</speed><course>86.091255</course><hAcc>0.779257</hAcc><vAcc>0.565083</vAcc></extensions></trkpt>
      <trkpt lon="-123.264582" lat="44.586923"><ele>71.825310</ele><time>2021-01-19T22:00:56Z</time><extensions><speed>0.187511</speed><course>347.190918</course><hAcc>0.787323</hAcc><vAcc>0.570082</vAcc></extensions></trkpt>
      <trkpt lon="-123.264581" lat="44.586921"><ele>71.825203</ele><time>2021-01-19T22:00:57Z</time><extensions><speed>0.206133</speed><course>340.585022</course><hAcc>0.797848</hAcc><vAcc>0.576536</vAcc></extensions></trkpt>
      <trkpt lon="-123.264579" lat="44.586920"><ele>71.824326</ele><time>2021-01-19T22:00:58Z</time><extensions><speed>0.227781</speed><course>326.083466</course><hAcc>0.810782</hAcc><vAcc>0.584401</vAcc></extensions></trkpt>
      <trkpt lon="-123.264577" lat="44.586918"><ele>71.822823</ele><time>2021-01-19T22:00:59Z</time><extensions><speed>0.254169</speed><course>317.138580</course><hAcc>0.825659</hAcc><vAcc>0.593390</vAcc></extensions></trkpt>
      <trkpt lon="-123.264574" lat="44.586917"><ele>71.821037</ele><time>2021-01-19T22:01:00Z</time><extensions><speed>0.286590</speed><course>265.953125</course><hAcc>0.841496</hAcc><vAcc>0.602917</vAcc></extensions></trkpt>
      <trkpt lon="-123.264571" lat="44.586915"><ele>71.819328</ele><time>2021-01-19T22:01:01Z</time><extensions><speed>0.325311</speed><course>256.166992</course><hAcc>0.857005</hAcc><vAcc>0.612223</vAcc></extensions></trkpt>
      <trkpt lon="-123.264567" lat="44.586914"><ele>71.818024</ele><time>2021-01-19T22:01:02Z</time><extensions><speed>0.369941</speed><course>216.080963</course><hAcc>0.871110</hAcc><vAcc>0.620671</vAcc></extensions></trkpt>
      <trkpt lon="-123.264563" lat="44.586912"><ele>71.817368</ele><time>2021-01-19T22:01:03Z</time><extensions><speed>0.419000</speed><course>233.771851</course><hAcc>0.883156</hAcc><vAcc>0.627878</vAcc></extensions></trkpt>
      <trkpt lon="-123.264558" lat="44.586911"><ele>71.817543</ele><time>2021-01-19T22:01:04Z</time><extensions><speed>0.469519</speed><course>247.043350</course><hAcc>0.892826</hAcc><vAcc>0.633658</vAcc></extensions></trkpt>
      <trkpt lon="-123.264552" lat="44.586909"><ele>71.818687</ele><time>2021-01-19T22:01:05Z</time><extensions><speed>0.517808</speed><course>231.404190</course><hAcc>0.900026</hAcc><vAcc>0.637959</vAcc></extensions></trkpt>
      <trkpt lon="-123.264545" lat="44.586908"><ele>71.820839</ele><time>2021-01-19T22:01:06Z</time><extensions><speed>0.560602</speed><course>216.391144</course><hAcc>0.904783</hAcc><vAcc>0.640797</vAcc></extensions></trkpt>
      <trkpt lon="-123.264538" lat="44.586907"><ele>71.823875</ele><time>2021-01-19T22:01:07Z</time><extensions><speed>0.595310</speed><course>185.340393</course><hAcc>0.907158</hAcc><vAcc>0.642214</vAcc></extensions></trkpt>
      <trkpt lon="-123.264531" lat="44.586906"><ele>71.827477</ele><time>2021-01-19T22:01:08Z</time><extensions><speed>0.619617</speed><course>92.245537</course><hAcc>0.907196</hAcc><vAcc>0.642235</vAcc></extensions></trkpt>
      <trkpt lon="-123.264523" lat="44.586905"><ele>71.831276</ele><time>2021-01-19T22:01:09Z</time><extensions><speed>0.630996</speed><course>70.115540</course><hAcc>0.904893</hAcc><vAcc>0.640859</vAcc></extensions></trkpt>
      <trkpt lon="-123.264515" lat="44.586904"><ele>71.835121</ele><time>2021-01-19T22:01:10Z</time><extensions><speed>0.626116</speed><course>80.369911</course><hAcc>0.900198</hAcc><vAcc>0.638054</vAcc></extensions></trkpt>
      <trkpt lon="-123.264507" lat="44.586903"><ele>71.839226</ele><time>2021-01-19T22:01:11Z</time><extensions><speed>0.600761</speed><course>45.406883</course><hAcc>0.893041</hAcc><vAcc>0.633777</vAcc></extensions></trkpt>
      <trkpt lon="-123.264500" lat="44.586902"><ele>71.844048</ele><time>2021-01-19T22:01:12Z</time><extensions><speed>0.550434</speed><course>43.164848</course><hAcc>0.883393</hAcc><vAcc>0.628007</vAcc></extensions></trkpt>
      <trkpt lon="-123.264494" lat="44.586901"><ele>71.850044</ele><time>2021-01-19T22:01:13Z</time><extensions><speed>0.471598</speed><course>30.154623</course><hAcc>0.871345</hAcc><vAcc>0.620798</vAcc></extensions></trkpt>
      <trkpt lon="-123.264489" lat="44.586901"><ele>71.857552</ele><time>2021-01-19T22:01:14Z</time><extensions><speed>0.363380</speed><course>13.854095</course><hAcc>0.857220</hAcc><vAcc>0.612340</vAcc></extensions></trkpt>
      <trkpt lon="-123.264485" lat="44.586901"><ele>71.866768</ele><time>2021-01-19T22:01:15Z</time><extensions><speed>0.230111</speed><course>347.917755</course><hAcc>0.841694</hAcc><vAcc>0.603033</vAcc></extensions></trkpt>
      <trkpt lon="-123.264483" lat="44.586901"><ele>71.877769</ele><time>2021-01-19T22:01:16Z</time><extensions><speed>0.091468</speed><course>334.681732</course><hAcc>0.825887</hAcc><vAcc>0.593543</vAcc></extensions></trkpt>
      <trkpt lon="-123.264483" lat="44.586902"><ele>71.890541</ele><time>2021-01-19T22:01:17Z</time><extensions><speed>0.120696</speed><course>286.666931</course><hAcc>0.811167</hAcc><vAcc>0.584683</vAcc></extensions></trkpt>
      <trkpt lon="-123.264485" lat="44.586903"><ele>71.905342</ele><time>2021-01-19T22:01:18Z</time><extensions><speed>0.263985</speed><course>267.850922</course><hAcc>0.798647</hAcc><vAcc>0.577122</vAcc></extensions></trkpt>
      <trkpt lon="-123.264489" lat="44.586904"><ele>71.922600</ele><time>2021-01-19T22:01:19Z</time><extensions><speed>0.388826</speed><course>253.780289</course><hAcc>0.788985</hAcc><vAcc>0.571264</vAcc></extensions></trkpt>
      <trkpt lon="-123.264493" lat="44.586906"><ele>71.942451</ele><time>2021-01-19T22:01:20Z</time><extensions><speed>0.475226</speed><course>206.579117</course><hAcc>0.782489</hAcc><vAcc>0.567311</vAcc></extensions></trkpt>
      <trkpt lon="-123.264499" lat="44.586908"><ele>71.964531</ele><time>2021-01-19T22:01:21Z</time><extensions><speed>0.516266</speed><course>201.028137</course><hAcc>0.779252</hAcc><vAcc>0.565335</vAcc></extensions></trkpt>
      <trkpt lon="-123.264504" lat="44.586911"><ele>71.987968</ele><time>2021-01-19T22:01:22Z</time><extensions><speed>0.515197</speed><course>192.381287</course><hAcc>0.779256</hAcc><vAcc>0.565335</vAcc></extensions></trkpt>
      <trkpt lon="-123.264510" lat="44.586913"><ele>72.011215</ele><time>2021-01-19T22:01:23Z</time><extensions><speed>0.483828</speed><course>176.318893</course><hAcc>0.782439</hAcc><vAcc>0.567273</vAcc></extensions></trkpt>
      <trkpt lon="-123.264514" lat="44.586916"><ele>72.032219</ele><time>2021-01-19T22:01:24Z</time><extensions><speed>0.438619</speed><course>180.349274</course><hAcc>0.788677</hAcc><vAcc>0.571068</vAcc></extensions></trkpt>
      <trkpt lon="-123.264517" lat="44.586919"><ele>72.049072</ele><time>2021-01-19T22:01:25Z</time><extensions><speed>0.397156</speed><course>184.996262</course><hAcc>0.797725</hAcc><vAcc>0.576559</vAcc></extensions></trkpt>
      <trkpt lon="-123.264518" lat="44.586922"><ele>72.060448</ele><time>2021-01-19T22:01:26Z</time><extensions><speed>0.375054</speed><course>199.226608</course><hAcc>0.809095</hAcc><vAcc>0.583439</vAcc></extensions></trkpt>
      <trkpt lon="-123.264518" lat="44.586926"><ele>72.065712</ele><time>2021-01-19T22:01:27Z</time><extensions><speed>0.378157</speed><course>180.330231</course><hAcc>0.821932</hAcc><vAcc>0.591189</vAcc></extensions></trkpt>
      <trkpt lon="-123.264517" lat="44.586929"><ele>72.065178</ele><time>2021-01-19T22:01:28Z</time><extensions><speed>0.397758</speed><course>166.555298</course><hAcc>0.834921</hAcc><vAcc>0.599020</vAcc></extensions></trkpt>
      <trkpt lon="-123.264515" lat="44.586932"><ele>72.059937</ele><time>2021-01-19T22:01:29Z</time><extensions><speed>0.417757</speed><course>159.356720</course><hAcc>0.846506</hAcc><vAcc>0.606009</vAcc></extensions></trkpt>
      <trkpt lon="-123.264512" lat="44.586936"><ele>72.051468</ele><time>2021-01-19T22:01:30Z</time><extensions><speed>0.423918</speed><course>193.444336</course><hAcc>0.855427</hAcc><vAcc>0.611408</vAcc></extensions></trkpt>
      <trkpt lon="-123.264508" lat="44.586938"><ele>72.041359</ele><time>2021-01-19T22:01:31Z</time><extensions><speed>0.407470</speed><course>179.845993</course><hAcc>0.860964</hAcc><vAcc>0.614792</vAcc></extensions></trkpt>
      <trkpt lon="-123.264505" lat="44.586941"><ele>72.031052</ele><time>2021-01-19T22:01:32Z</time><extensions><speed>0.366438</speed><course>136.770615</course><hAcc>0.862919</hAcc><vAcc>0.616047</vAcc></extensions></trkpt>
      <trkpt lon="-123.264502" lat="44.586943"><ele>72.021423</ele><time>2021-01-19T22:01:33Z</time><extensions><speed>0.303578</speed><course>136.866562</course><hAcc>0.861582</hAcc><vAcc>0.615348</vAcc></extensions></trkpt>
      <trkpt lon="-123.264500" lat="44.586945"><ele>72.012939</ele><time>2021-01-19T22:01:34Z</time><extensions><speed>0.223814</speed><course>129.157654</course><hAcc>0.857728</hAcc><vAcc>0.613157</vAcc></extensions></trkpt>
      <trkpt lon="-123.264499" lat="44.586946"><ele>72.006027</ele><time>2021-01-19T22:01:35Z</time><extensions><speed>0.134273</speed><course>136.504532</course><hAcc>0.852617</hAcc><vAcc>0.610219</vAcc></extensions></trkpt>
      <trkpt lon="-123.264498" lat="44.586947"><ele>72.001228</ele><time>2021-01-19T22:01:36Z</time><extensions><speed>0.058030</speed><course>140.964569</course><hAcc>0.847969</hAcc><vAcc>0.607541</vAcc></extensions></trkpt>
      <trkpt lon="-123.264499" lat="44.586947"><ele>71.999046</ele><time>2021-01-19T22:01:37Z</time><extensions><speed>0.096410</speed><course>140.981567</course><hAcc>0.845600</hAcc><vAcc>0.606184</vAcc></extensions></trkpt>
      <trkpt lon="-123.264501" lat="44.586947"><ele>71.999664</ele><time>2021-01-19T22:01:38Z</time><extensions><speed>0.181024</speed><course>139.484802</course><hAcc>0.846735</hAcc><vAcc>0.606862</vAcc></extensions></trkpt>
      <trkpt lon="-123.264503" lat="44.586946"><ele>72.002937</ele><time>2021-01-19T22:01:39Z</time><extensions><speed>0.256545</speed><course>139.447098</course><hAcc>0.851624</hAcc><vAcc>0.609721</vAcc></extensions></trkpt>
      <trkpt lon="-123.264506" lat="44.586945"><ele>72.008331</ele><time>2021-01-19T22:01:40Z</time><extensions><speed>0.315781</speed><course>149.789871</course><hAcc>0.859527</hAcc><vAcc>0.614337</vAcc></extensions></trkpt>
      <trkpt lon="-123.264510" lat="44.586943"><ele>72.015022</ele><time>2021-01-19T22:01:41Z</time><extensions><speed>0.358716</speed><course>150.425400</course><hAcc>0.869083</hAcc><vAcc>0.619919</vAcc></extensions></trkpt>
      <trkpt lon="-123.264514" lat="44.586941"><ele>72.021988</ele><time>2021-01-19T22:01:42Z</time><extensions><speed>0.387803</speed><course>162.840759</course><hAcc>0.878977</hAcc><vAcc>0.625704</vAcc></extensions></trkpt>
      <trkpt lon="-123.264517" lat="44.586939"><ele>72.028168</ele><time>2021-01-19T22:01:43Z</time><extensions><speed>0.405614</speed><course>136.028610</course><hAcc>0.888282</hAcc><vAcc>0.631151</vAcc></extensions></trkpt>
      <trkpt lon="-123.264521" lat="44.586937"><ele>72.032738</ele><time>2021-01-19T22:01:44Z</time><extensions><speed>0.414140</speed><course>133.116119</course><hAcc>0.896436</hAcc><vAcc>0.635929</vAcc></extensions></trkpt>
      <trkpt lon="-123.264526" lat="44.586934"><ele>72.035141</ele><time>2021-01-19T22:01:45Z</time><extensions><speed>0.414949</speed><course>132.919327</course><hAcc>0.903173</hAcc><vAcc>0.639880</vAcc></extensions></trkpt>
      <trkpt lon="-123.264530" lat="44.586932"><ele>72.034828</ele><time>2021-01-19T22:01:46Z</time><extensions><speed>0.409794</speed><course>133.423477</course><hAcc>0.908426</hAcc><vAcc>0.642963</vAcc></extensions></trkpt>
      <trkpt lon="-123.264534" lat="44.586930"><ele>72.031166</ele><time>2021-01-19T22:01:47Z</time><extensions><speed>0.400562</speed><course>134.335617</course><hAcc>0.912247</hAcc><vAcc>0.645207</vAcc></extensions></trkpt>
      <trkpt lon="-123.264538" lat="44.586928"><ele>72.023567</ele><time>2021-01-19T22:01:48Z</time><extensions><speed>0.388842</speed><course>127.130814</course><hAcc>0.914728</hAcc><vAcc>0.646665</vAcc></extensions></trkpt>
      <trkpt lon="-123.264542" lat="44.586926"><ele>72.011536</ele><time>2021-01-19T22:01:49Z</time><extensions><speed>0.376180</speed><course>126.243042</course><hAcc>0.915953</hAcc><vAcc>0.647385</vAcc></extensions></trkpt>
      <trkpt lon="-123.264546" lat="44.586925"><ele>71.994682</ele><time>2021-01-19T22:01:50Z</time><extensions><speed>0.365174</speed><course>130.481674</course><hAcc>0.915957</hAcc><vAcc>0.647385</vAcc></extensions></trkpt>
      <trkpt lon="-123.264551" lat="44.586924"><ele>71.972679</ele><time>2021-01-19T22:01:51Z</time><extensions><speed>0.359047</speed><course>104.761551</course><hAcc>0.914702</hAcc><vAcc>0.646642</vAcc></extensions></trkpt>
      <trkpt lon="-123.264555" lat="44.586923"><ele>71.945389</ele><time>2021-01-19T22:01:52Z</time><extensions><speed>0.359057</speed><course>92.900787</course><hAcc>0.912073</hAcc><vAcc>0.645084</vAcc></extensions></trkpt>
      <trkpt lon="-123.264559" lat="44.586923"><ele>71.912987</ele><time>2021-01-19T22:01:53Z</time><extensions><speed>0.363219</speed><course>89.432983</course><hAcc>0.907889</hAcc><vAcc>0.642598</vAcc></extensions></trkpt>
      <trkpt lon="-123.264564" lat="44.586923"><ele>71.875900</ele><time>2021-01-19T22:01:54Z</time><extensions><speed>0.367178</speed><course>88.896271</course><hAcc>0.901920</hAcc><vAcc>0.639047</vAcc></extensions></trkpt>
      <trkpt lon="-123.264569" lat="44.586923"><ele>71.834808</ele><time>2021-01-19T22:01:55Z</time><extensions><speed>0.365401</speed><course>84.783928</course><hAcc>0.893940</hAcc><vAcc>0.634291</vAcc></extensions></trkpt>
      <trkpt lon="-123.264573" lat="44.586924"><ele>71.790680</ele><time>2021-01-19T22:01:56Z</time><extensions><speed>0.351967</speed><course>90.904274</course><hAcc>0.883790</hAcc><vAcc>0.628233</vAcc></extensions></trkpt>
      <trkpt lon="-123.264577" lat="44.586925"><ele>71.744621</ele><time>2021-01-19T22:01:57Z</time><extensions><speed>0.321979</speed><course>97.431282</course><hAcc>0.871461</hAcc><vAcc>0.620865</vAcc></extensions></trkpt>
      <trkpt lon="-123.264581" lat="44.586926"><ele>71.697739</ele><time>2021-01-19T22:01:58Z</time><extensions><speed>0.274188</speed><course>123.318611</course><hAcc>0.857202</hAcc><vAcc>0.612334</vAcc></extensions></trkpt>
      <trkpt lon="-123.264583" lat="44.586927"><ele>71.651184</ele><time>2021-01-19T22:01:59Z</time><extensions><speed>0.213058</speed><course>129.233078</course><hAcc>0.841635</hAcc><vAcc>0.603008</vAcc></extensions></trkpt>
      <trkpt lon="-123.264585" lat="44.586928"><ele>71.606255</ele><time>2021-01-19T22:02:00Z</time><extensions><speed>0.155670</speed><course>131.565155</course><hAcc>0.825844</hAcc><vAcc>0.593531</vAcc></extensions></trkpt>
      <trkpt lon="-123.264585" lat="44.586929"><ele>71.564354</ele><time>2021-01-19T22:02:01Z</time><extensions><speed>0.151124</speed><course>148.243057</course><hAcc>0.811168</hAcc><vAcc>0.584696</vAcc></extensions></trkpt>
      <trkpt lon="-123.264583" lat="44.586931"><ele>71.527000</ele><time>2021-01-19T22:02:02Z</time><extensions><speed>0.217740</speed><course>143.105270</course><hAcc>0.798685</hAcc><vAcc>0.577151</vAcc></extensions></trkpt>
      <trkpt lon="-123.264581" lat="44.586932"><ele>71.495705</ele><time>2021-01-19T22:02:03Z</time><extensions><speed>0.306380</speed><course>141.033157</course><hAcc>0.789005</hAcc><vAcc>0.571271</vAcc></extensions></trkpt>
      <trkpt lon="-123.264576" lat="44.586933"><ele>71.471611</ele><time>2021-01-19T22:02:04Z</time><extensions><speed>0.386310</speed><course>129.495331</course><hAcc>0.782366</hAcc><vAcc>0.567214</vAcc></extensions></trkpt>
      <trkpt lon="-123.264571" lat="44.586934"><ele>71.455399</ele><time>2021-01-19T22:02:05Z</time><extensions><speed>0.443242</speed><course>117.947639</course><hAcc>0.778752</hAcc><vAcc>0.564985</vAcc></extensions></trkpt>
      <trkpt lon="-123.264566" lat="44.586935"><ele>71.447411</ele><time>2021-01-19T22:02:06Z</time><extensions><speed>0.470903</speed><course>121.489502</course><hAcc>0.778000</hAcc><vAcc>0.564497</vAcc></extensions></trkpt>
      <trkpt lon="-123.264560" lat="44.586936"><ele>71.447807</ele><time>2021-01-19T22:02:07Z</time><extensions><speed>0.470649</speed><course>128.232956</course><hAcc>0.779856</hAcc><vAcc>0.565600</vAcc></extensions></trkpt>
      <trkpt lon="-123.264554" lat="44.586936"><ele>71.456429</ele><time>2021-01-19T22:02:08Z</time><extensions><speed>0.447449</speed><course>141.257477</course><hAcc>0.783976</hAcc><vAcc>0.568084</vAcc></extensions></trkpt>
      <trkpt lon="-123.264549" lat="44.586937"><ele>71.472473</ele><time>2021-01-19T22:02:09Z</time><extensions><speed>0.406612</speed><course>147.122177</course><hAcc>0.789889</hAcc><vAcc>0.571655</vAcc></extensions></trkpt>
      <trkpt lon="-123.264544" lat="44.586937"><ele>71.494202</ele><time>2021-01-19T22:02:10Z</time><extensions><speed>0.354534</speed><course>151.320190</course><hAcc>0.796911</hAcc><vAcc>0.575895</vAcc></extensions></trkpt>
      <trkpt lon="-123.264540" lat="44.586937"><ele>71.519402</ele><time>2021-01-19T22:02:11Z</time><extensions><speed>0.298447</speed><course>168.268433</course><hAcc>0.804081</hAcc><vAcc>0.580221</vAcc></extensions></trkpt>
      <trkpt lon="-123.264537" lat="44.586937"><ele>71.546104</ele><time>2021-01-19T22:02:12Z</time><extensions><speed>0.244969</speed><course>169.720947</course><hAcc>0.810125</hAcc><vAcc>0.583872</vAcc></extensions></trkpt>
      <trkpt lon="-123.264534" lat="44.586936"><ele>71.572861</ele><time>2021-01-19T22:02:13Z</time><extensions><speed>0.197115</speed><course>156.382919</course><hAcc>0.813749</hAcc><vAcc>0.586080</vAcc></extensions></trkpt>
      <trkpt lon="-123.264532" lat="44.586936"><ele>71.598648</ele><time>2021-01-19T22:02:14Z</time><extensions><speed>0.154642</speed><course>146.667694</course><hAcc>0.814227</hAcc><vAcc>0.586416</vAcc></extensions></trkpt>
      <trkpt lon="-123.264530" lat="44.586935"><ele>71.622871</ele><time>2021-01-19T22:02:15Z</time><extensions><speed>0.117183</speed><course>120.112343</course><hAcc>0.811718</hAcc><vAcc>0.584979</vAcc></extensions></trkpt>
      <trkpt lon="-123.264530" lat="44.586934"><ele>71.645348</ele><time>2021-01-19T22:02:16Z</time><extensions><speed>0.086400</speed><course>195.247620</course><hAcc>0.807268</hAcc><vAcc>0.582391</vAcc></extensions></trkpt>
      <trkpt lon="-123.264529" lat="44.586934"><ele>71.666191</ele><time>2021-01-19T22:02:17Z</time><extensions><speed>0.067936</speed><course>203.876511</course><hAcc>0.802495</hAcc><vAcc>0.579612</vAcc></extensions></trkpt>
      <trkpt lon="-123.264530" lat="44.586933"><ele>71.685555</ele><time>2021-01-19T22:02:18Z</time><extensions><speed>0.066384</speed><course>202.443024</course><hAcc>0.798970</hAcc><vAcc>0.577575</vAcc></extensions></trkpt>
      <trkpt lon="-123.264530" lat="44.586933"><ele>71.703522</ele><time>2021-01-19T22:02:19Z</time><extensions><speed>0.073554</speed><course>197.870041</course><hAcc>0.797870</hAcc><vAcc>0.576978</vAcc></extensions></trkpt>
      <trkpt lon="-123.264531" lat="44.586932"><ele>71.720215</ele><time>2021-01-19T22:02:20Z</time><extensions><speed>0.076356</speed><course>279.826111</course><hAcc>0.799918</hAcc><vAcc>0.578248</vAcc></extensions></trkpt>
      <trkpt lon="-123.264532" lat="44.586932"><ele>71.735992</ele><time>2021-01-19T22:02:21Z</time><extensions><speed>0.067252</speed><course>266.135468</course><hAcc>0.805342</hAcc><vAcc>0.581520</vAcc></extensions></trkpt>
      <trkpt lon="-123.264532" lat="44.586932"><ele>71.751610</ele><time>2021-01-19T22:02:22Z</time><extensions><speed>0.045348</speed><course>202.861115</course><hAcc>0.813836</hAcc><vAcc>0.586607</vAcc></extensions></trkpt>
      <trkpt lon="-123.264533" lat="44.586932"><ele>71.768257</ele><time>2021-01-19T22:02:23Z</time><extensions><speed>0.017124</speed><course>169.809540</course><hAcc>0.824517</hAcc><vAcc>0.592983</vAcc></extensions></trkpt>
      <trkpt lon="-123.264533" lat="44.586932"><ele>71.787323</ele><time>2021-01-19T22:02:24Z</time><extensions><speed>0.029451</speed><course>153.571533</course><hAcc>0.835905</hAcc><vAcc>0.599771</vAcc></extensions></trkpt>
      <trkpt lon="-123.264532" lat="44.586932"><ele>71.810074</ele><time>2021-01-19T22:02:25Z</time><extensions><speed>0.065700</speed><course>151.809784</course><hAcc>0.846214</hAcc><vAcc>0.605912</vAcc></extensions></trkpt>
      <trkpt lon="-123.264531" lat="44.586933"><ele>71.837402</ele><time>2021-01-19T22:02:26Z</time><extensions><speed>0.102161</speed><course>127.552864</course><hAcc>0.853910</hAcc><vAcc>0.610492</vAcc></extensions></trkpt>
      <trkpt lon="-123.264530" lat="44.586933"><ele>71.869514</ele><time>2021-01-19T22:02:27Z</time><extensions><speed>0.135971</speed><course>110.108582</course><hAcc>0.857980</hAcc><vAcc>0.612906</vAcc></extensions></trkpt>
      <trkpt lon="-123.264528" lat="44.586934"><ele>71.905907</ele><time>2021-01-19T22:02:28Z</time><extensions><speed>0.165040</speed><course>77.191521</course><hAcc>0.857898</hAcc><vAcc>0.612835</vAcc></extensions></trkpt>
      <trkpt lon="-123.264526" lat="44.586934"><ele>71.945686</ele><time>2021-01-19T22:02:29Z</time><extensions><speed>0.187866</speed><course>242.213943</course><hAcc>0.853597</hAcc><vAcc>0.610237</vAcc></extensions></trkpt>
      <trkpt lon="-123.264524" lat="44.586935"><ele>71.987617</ele><time>2021-01-19T22:02:30Z</time><extensions><speed>0.204778</speed><course>176.544250</course><hAcc>0.845458</hAcc><vAcc>0.605339</vAcc></extensions></trkpt>
      <trkpt lon="-123.264522" lat="44.586937"><ele>72.029953</ele><time>2021-01-19T22:02:31Z</time><extensions><speed>0.218331</speed><course>155.907043</course><hAcc>0.834343</hAcc><vAcc>0.598652</vAcc></extensions></trkpt>
      <trkpt lon="-123.264520" lat="44.586938"><ele>72.070320</ele><time>2021-01-19T22:02:32Z</time><extensions><speed>0.231686</speed><course>172.920776</course><hAcc>0.821621</hAcc><vAcc>0.590993</vAcc></extensions></trkpt>
      <trkpt lon="-123.264518" lat="44.586940"><ele>72.106049</ele><time>2021-01-19T22:02:33Z</time><extensions><speed>0.246816</speed><course>182.788147</course><hAcc>0.808925</hAcc><vAcc>0.583334</vAcc></extensions></trkpt>
      <trkpt lon="-123.264517" lat="44.586942"><ele>72.134743</ele><time>2021-01-19T22:02:34Z</time><extensions><speed>0.263487</speed><course>186.650345</course><hAcc>0.797624</hAcc><vAcc>0.576498</vAcc></extensions></trkpt>
      <trkpt lon="-123.264515" lat="44.586944"><ele>72.154831</ele><time>2021-01-19T22:02:35Z</time><extensions><speed>0.278659</speed><course>177.987686</course><hAcc>0.788611</hAcc><vAcc>0.571029</vAcc></extensions></trkpt>
      <trkpt lon="-123.264514" lat="44.586946"><ele>72.165779</ele><time>2021-01-19T22:02:36Z</time><extensions><speed>0.287180</speed><course>179.725815</course><hAcc>0.782395</hAcc><vAcc>0.567247</vAcc></extensions></trkpt>
      <trkpt lon="-123.264514" lat="44.586949"><ele>72.168144</ele><time>2021-01-19T22:02:37Z</time><extensions><speed>0.284812</speed><course>189.781006</course><hAcc>0.779233</hAcc><vAcc>0.565321</vAcc></extensions></trkpt>
      <trkpt lon="-123.264513" lat="44.586951"><ele>72.163521</ele><time>2021-01-19T22:02:38Z</time><extensions><speed>0.270007</speed><course>177.560974</course><hAcc>0.779253</hAcc><vAcc>0.565336</vAcc></extensions></trkpt>
      <trkpt lon="-123.264513" lat="44.586954"><ele>72.153954</ele><time>2021-01-19T22:02:39Z</time><extensions><speed>0.243530</speed><course>174.978210</course><hAcc>0.782517</hAcc><vAcc>0.567329</vAcc></extensions></trkpt>
      <trkpt lon="-123.264513" lat="44.586956"><ele>72.141159</ele><time>2021-01-19T22:02:40Z</time><extensions><speed>0.207884</speed><course>169.255493</course><hAcc>0.789041</hAcc><vAcc>0.571299</vAcc></extensions></trkpt>
      <trkpt lon="-123.264514" lat="44.586957"><ele>72.126221</ele><time>2021-01-19T22:02:41Z</time><extensions><speed>0.167217</speed><course>141.348190</course><hAcc>0.798728</hAcc><vAcc>0.577173</vAcc></extensions></trkpt>
      <trkpt lon="-123.264514" lat="44.586959"><ele>72.109833</ele><time>2021-01-19T22:02:42Z</time><extensions><speed>0.127995</speed><course>144.367065</course><hAcc>0.811270</hAcc><vAcc>0.584749</vAcc></extensions></trkpt>
      <trkpt lon="-123.264515" lat="44.586959"><ele>72.092560</ele><time>2021-01-19T22:02:43Z</time><extensions><speed>0.101152</speed><course>124.937927</course><hAcc>0.826011</hAcc><vAcc>0.593622</vAcc></extensions></trkpt>
      <trkpt lon="-123.264516" lat="44.586960"><ele>72.074837</ele><time>2021-01-19T22:02:44Z</time><extensions><speed>0.100241</speed><course>113.106529</course><hAcc>0.841850</hAcc><vAcc>0.603129</vAcc></extensions></trkpt>
      <trkpt lon="-123.264518" lat="44.586959"><ele>72.056984</ele><time>2021-01-19T22:02:45Z</time><extensions><speed>0.123738</speed><course>150.635651</course><hAcc>0.857440</hAcc><vAcc>0.612470</vAcc></extensions></trkpt>
      <trkpt lon="-123.264519" lat="44.586959"><ele>72.039291</ele><time>2021-01-19T22:02:46Z</time><extensions><speed>0.158452</speed><course>128.511154</course><hAcc>0.871697</hAcc><vAcc>0.621002</vAcc></extensions></trkpt>
      <trkpt lon="-123.264521" lat="44.586958"><ele>72.022095</ele><time>2021-01-19T22:02:47Z</time><extensions><speed>0.196547</speed><course>121.997162</course><hAcc>0.884008</hAcc><vAcc>0.628361</vAcc></extensions></trkpt>
      <trkpt lon="-123.264523" lat="44.586956"><ele>72.005707</ele><time>2021-01-19T22:02:48Z</time><extensions><speed>0.234957</speed><course>123.335175</course><hAcc>0.894140</hAcc><vAcc>0.634409</vAcc></extensions></trkpt>
      <trkpt lon="-123.264525" lat="44.586955"><ele>71.990379</ele><time>2021-01-19T22:02:49Z</time><extensions><speed>0.272211</speed><course>123.332901</course><hAcc>0.902130</hAcc><vAcc>0.639170</vAcc></extensions></trkpt>
      <trkpt lon="-123.264527" lat="44.586952"><ele>71.976379</ele><time>2021-01-19T22:02:50Z</time><extensions><speed>0.307189</speed><course>121.890015</course><hAcc>0.908183</hAcc><vAcc>0.642769</vAcc></extensions></trkpt>
      <trkpt lon="-123.264529" lat="44.586950"><ele>71.963959</ele><time>2021-01-19T22:02:51Z</time><extensions><speed>0.338871</speed><course>103.420784</course><hAcc>0.912588</hAcc><vAcc>0.645381</vAcc></extensions></trkpt>
      <trkpt lon="-123.264531" lat="44.586947"><ele>71.953339</ele><time>2021-01-19T22:02:52Z</time><extensions><speed>0.366113</speed><course>82.377686</course><hAcc>0.915664</hAcc><vAcc>0.647199</vAcc></extensions></trkpt>
      <trkpt lon="-123.264534" lat="44.586944"><ele>71.944687</ele><time>2021-01-19T22:02:53Z</time><extensions><speed>0.387299</speed><course>95.219193</course><hAcc>0.917717</hAcc><vAcc>0.648409</vAcc></extensions></trkpt>
      <trkpt lon="-123.264536" lat="44.586941"><ele>71.938126</ele><time>2021-01-19T22:02:54Z</time><extensions><speed>0.400265</speed><course>108.131279</course><hAcc>0.919020</hAcc><vAcc>0.649172</vAcc></extensions></trkpt>
      <trkpt lon="-123.264538" lat="44.586938"><ele>71.933754</ele><time>2021-01-19T22:02:55Z</time><extensions><speed>0.402270</speed><course>94.574608</course><hAcc>0.919797</hAcc><vAcc>0.649624</vAcc></extensions></trkpt>
      <trkpt lon="-123.264540" lat="44.586935"><ele>71.931610</ele><time>2021-01-19T22:02:56Z</time><extensions><speed>0.391893</speed><course>59.282730</course><hAcc>0.920225</hAcc><vAcc>0.649870</vAcc></extensions></trkpt>
      <trkpt lon="-123.264542" lat="44.586931"><ele>71.931595</ele><time>2021-01-19T22:02:57Z</time><extensions><speed>0.369350</speed><course>42.529472</course><hAcc>0.920437</hAcc><vAcc>0.649990</vAcc></extensions></trkpt>
      <trkpt lon="-123.264543" lat="44.586928"><ele>71.933426</ele><time>2021-01-19T22:02:58Z</time><extensions><speed>0.335329</speed><course>48.398193</course><hAcc>0.920523</hAcc><vAcc>0.650038</vAcc></extensions></trkpt>
      <trkpt lon="-123.264544" lat="44.586926"><ele>71.936653</ele><time>2021-01-19T22:02:59Z</time><extensions><speed>0.291165</speed><course>46.187801</course><hAcc>0.920548</hAcc><vAcc>0.650050</vAcc></extensions></trkpt>
      <trkpt lon="-123.264545" lat="44.586923"><ele>71.940720</ele><time>2021-01-19T22:03:00Z</time><extensions><speed>0.239420</speed><course>45.849556</course><hAcc>0.920547</hAcc><vAcc>0.650049</vAcc></extensions></trkpt>
      <trkpt lon="-123.264546" lat="44.586922"><ele>71.945038</ele><time>2021-01-19T22:03:01Z</time><extensions><speed>0.183709</speed><course>52.171581</course><hAcc>0.920543</hAcc><vAcc>0.650047</vAcc></extensions></trkpt>
      <trkpt lon="-123.264546" lat="44.586920"><ele>71.949028</ele><time>2021-01-19T22:03:02Z</time><extensions><speed>0.127597</speed><course>80.423882</course><hAcc>0.920546</hAcc><vAcc>0.650048</vAcc></extensions></trkpt>
      <trkpt lon="-123.264547" lat="44.586919"><ele>71.952080</ele><time>2021-01-19T22:03:03Z</time><extensions><speed>0.075239</speed><course>122.651978</course><hAcc>0.920557</hAcc><vAcc>0.650056</vAcc></extensions></trkpt>
      <trkpt lon="-123.264547" lat="44.586919"><ele>71.953568</ele><time>2021-01-19T22:03:04Z</time><extensions><speed>0.036566</speed><course>151.770630</course><hAcc>0.920576</hAcc><vAcc>0.650068</vAcc></extensions></trkpt>
      <trkpt lon="-123.264547" lat="44.586919"><ele>71.952812</ele><time>2021-01-19T22:03:05Z</time><extensions><speed>0.043802</speed><course>137.713745</course><hAcc>0.920601</hAcc><vAcc>0.650083</vAcc></extensions></trkpt>
      <trkpt lon="-123.264548" lat="44.586919"><ele>71.949066</ele><time>2021-01-19T22:03:06Z</time><extensions><speed>0.076622</speed><course>132.663712</course><hAcc>0.920628</hAcc><vAcc>0.650099</vAcc></extensions></trkpt>
      <trkpt lon="-123.264549" lat="44.586920"><ele>71.941635</ele><time>2021-01-19T22:03:07Z</time><extensions><speed>0.109424</speed><course>64.193901</course><hAcc>0.920655</hAcc><vAcc>0.650116</vAcc></extensions></trkpt>
      <trkpt lon="-123.264550" lat="44.586920"><ele>71.930252</ele><time>2021-01-19T22:03:08Z</time><extensions><speed>0.138888</speed><course>49.281548</course><hAcc>0.920680</hAcc><vAcc>0.650131</vAcc></extensions></trkpt>
      <trkpt lon="-123.264552" lat="44.586921"><ele>71.915298</ele><time>2021-01-19T22:03:09Z</time><extensions><speed>0.164475</speed><course>57.649078</course><hAcc>0.920702</hAcc><vAcc>0.650144</vAcc></extensions></trkpt>
      <trkpt lon="-123.264554" lat="44.586921"><ele>71.897682</ele><time>2021-01-19T22:03:10Z</time><extensions><speed>0.185850</speed><course>80.757988</course><hAcc>0.920720</hAcc><vAcc>0.650155</vAcc></extensions></trkpt>
      <trkpt lon="-123.264557" lat="44.586921"><ele>71.878624</ele><time>2021-01-19T22:03:11Z</time><extensions><speed>0.201756</speed><course>115.387238</course><hAcc>0.920735</hAcc><vAcc>0.650163</vAcc></extensions></trkpt>
      <trkpt lon="-123.264559" lat="44.586921"><ele>71.859558</ele><time>2021-01-19T22:03:12Z</time><extensions><speed>0.210683</speed><course>160.061096</course><hAcc>0.920746</hAcc><vAcc>0.650170</vAcc></extensions></trkpt>
      <trkpt lon="-123.264562" lat="44.586921"><ele>71.841911</ele><time>2021-01-19T22:03:13Z</time><extensions><speed>0.211510</speed><course>176.926865</course><hAcc>0.920754</hAcc><vAcc>0.650175</vAcc></extensions></trkpt>
      <trkpt lon="-123.264564" lat="44.586920"><ele>71.826935</ele><time>2021-01-19T22:03:14Z</time><extensions><speed>0.203251</speed><course>179.044937</course><hAcc>0.920759</hAcc><vAcc>0.650178</vAcc></extensions></trkpt>
      <trkpt lon="-123.264566" lat="44.586919"><ele>71.815536</ele><time>2021-01-19T22:03:15Z</time><extensions><speed>0.185553</speed><course>175.998154</course><hAcc>0.920763</hAcc><vAcc>0.650180</vAcc></extensions></trkpt>
      <trkpt lon="-123.264568" lat="44.586918"><ele>71.808205</ele><time>2021-01-19T22:03:16Z</time><extensions><speed>0.159326</speed><course>202.074661</course><hAcc>0.920765</hAcc><vAcc>0.650181</vAcc></extensions></trkpt>
      <trkpt lon="-123.264570" lat="44.586917"><ele>71.805031</ele><time>2021-01-19T22:03:17Z</time><extensions><speed>0.126712</speed><course>168.391983</course><hAcc>0.920767</hAcc><vAcc>0.650182</vAcc></extensions></trkpt>
      <trkpt lon="-123.264571" lat="44.586917"><ele>71.805763</ele><time>2021-01-19T22:03:18Z</time><extensions><speed>0.090726</speed><course>160.437302</course><hAcc>0.920767</hAcc><vAcc>0.650183</vAcc></extensions></trkpt>
      <trkpt lon="-123.264571" lat="44.586916"><ele>71.810013</ele><time>2021-01-19T22:03:19Z</time><extensions><speed>0.055448</speed><course>158.538422</course><hAcc>0.920768</hAcc><vAcc>0.650183</vAcc></extensions></trkpt>
      <trkpt lon="-123.264571" lat="44.586916"><ele>71.817429</ele><time>2021-01-19T22:03:20Z</time><extensions><speed>0.028972</speed><course>159.015701</course><hAcc>0.920768</hAcc><vAcc>0.650183</vAcc></extensions></trkpt>
      <trkpt lon="-123.264571" lat="44.586916"><ele>71.827652</ele><time>2021-01-19T22:03:21Z</time><extensions><speed>0.029366</speed><course>169.114212</course><hAcc>0.920768</hAcc><vAcc>0.650183</vAcc></extensions></trkpt>
      <trkpt lon="-123.264571" lat="44.586916"><ele>71.840073</ele><time>2021-01-19T22:03:22Z</time><extensions><speed>0.044348</speed><course>167.561600</course><hAcc>0.920768</hAcc><vAcc>0.650183</vAcc></extensions></trkpt>
      <trkpt lon="-123.264570" lat="44.586916"><ele>71.853775</ele><time>2021-01-19T22:03:23Z</time><extensions><speed>0.055958</speed><course>168.742630</course><hAcc>0.920768</hAcc><vAcc>0.650183</vAcc></extensions></trkpt>
      <trkpt lon="-123.264569" lat="44.586916"><ele>71.867767</ele><time>2021-01-19T22:03:24Z</time><extensions><speed>0.062813</speed><course>170.137146</course><hAcc>0.920768</hAcc><vAcc>0.650183</vAcc></extensions></trkpt>
      <trkpt lon="-123.264569" lat="44.586916"><ele>71.881317</ele><time>2021-01-19T22:03:25Z</time><extensions><speed>0.066990</speed><course>127.467979</course><hAcc>0.920768</hAcc><vAcc>0.650183</vAcc></extensions></trkpt>
      <trkpt lon="-123.264568" lat="44.586917"><ele>71.893951</ele><time>2021-01-19T22:03:26Z</time><extensions><speed>0.071113</speed><course>68.883980</course><hAcc>0.920768</hAcc><vAcc>0.650183</vAcc></extensions></trkpt>
      <trkpt lon="-123.264567" lat="44.586917"><ele>71.905457</ele><time>2021-01-19T22:03:27Z</time><extensions><speed>0.077606</speed><course>45.034290</course><hAcc>0.920768</hAcc><vAcc>0.650183</vAcc></extensions></trkpt>
      <trkpt lon="-123.264566" lat="44.586917"><ele>71.915794</ele><time>2021-01-19T22:03:28Z</time><extensions><speed>0.088161</speed><course>356.329926</course><hAcc>0.920768</hAcc><vAcc>0.650183</vAcc></extensions></trkpt>
      <trkpt lon="-123.264565" lat="44.586918"><ele>71.924980</ele><time>2021-01-19T22:03:29Z</time><extensions><speed>0.103632</speed><course>356.364105</course><hAcc>0.920767</hAcc><vAcc>0.650183</vAcc></extensions></trkpt>
      <trkpt lon="-123.264564" lat="44.586919"><ele>71.933029</ele><time>2021-01-19T22:03:30Z</time><extensions><speed>0.124415</speed><course>13.117930</course><hAcc>0.920767</hAcc><vAcc>0.650182</vAcc></extensions></trkpt>
      <trkpt lon="-123.264563" lat="44.586919"><ele>71.939934</ele><time>2021-01-19T22:03:31Z</time><extensions><speed>0.150263</speed><course>191.977615</course><hAcc>0.920765</hAcc><vAcc>0.650181</vAcc></extensions></trkpt>
      <trkpt lon="-123.264562" lat="44.586920"><ele>71.945625</ele><time>2021-01-19T22:03:32Z</time><extensions><speed>0.179167</speed><course>213.359421</course><hAcc>0.920763</hAcc><vAcc>0.650180</vAcc></extensions></trkpt>
      <trkpt lon="-123.264560" lat="44.586922"><ele>71.949890</ele><time>2021-01-19T22:03:33Z</time><extensions><speed>0.206930</speed><course>238.518677</course><hAcc>0.920759</hAcc><vAcc>0.650178</vAcc></extensions></trkpt>
      <trkpt lon="-123.264559" lat="44.586924"><ele>71.952339</ele><time>2021-01-19T22:03:34Z</time><extensions><speed>0.229079</speed><course>235.955856</course><hAcc>0.920753</hAcc><vAcc>0.650174</vAcc></extensions></trkpt>
      <trkpt lon="-123.264557" lat="44.586925"><ele>71.952263</ele><time>2021-01-19T22:03:35Z</time><extensions><speed>0.242599</speed><course>219.898712</course><hAcc>0.920745</hAcc><vAcc>0.650170</vAcc></extensions></trkpt>
      <trkpt lon="-123.264556" lat="44.586927"><ele>71.948692</ele><time>2021-01-19T22:03:36Z</time><extensions><speed>0.246652</speed><course>207.555466</course><hAcc>0.920734</hAcc><vAcc>0.650163</vAcc></extensions></trkpt>
      <trkpt lon="-123.264555" lat="44.586929"><ele>71.940666</ele><time>2021-01-19T22:03:37Z</time><extensions><speed>0.242707</speed><course>254.558014</course><hAcc>0.920720</hAcc><vAcc>0.650155</vAcc></extensions></trkpt>
      <trkpt lon="-123.264554" lat="44.586931"><ele>71.927330</ele><time>2021-01-19T22:03:38Z</time><extensions><speed>0.233685</speed><course>359.833862</course><hAcc>0.920702</hAcc><vAcc>0.650144</vAcc></extensions></trkpt>
      <trkpt lon="-123.264553" lat="44.586933"><ele>71.908272</ele><time>2021-01-19T22:03:39Z</time><extensions><speed>0.222983</speed><course>37.864918</course><hAcc>0.920681</hAcc><vAcc>0.650131</vAcc></extensions></trkpt>
      <trkpt lon="-123.264553" lat="44.586935"><ele>71.884010</ele><time>2021-01-19T22:03:40Z</time><extensions><speed>0.213542</speed><course>73.577896</course><hAcc>0.920656</hAcc><vAcc>0.650117</vAcc></extensions></trkpt>
      <trkpt lon="-123.264554" lat="44.586937"><ele>71.855881</ele><time>2021-01-19T22:03:41Z</time><extensions><speed>0.207434</speed><course>60.364288</course><hAcc>0.920631</hAcc><vAcc>0.650101</vAcc></extensions></trkpt>
      <trkpt lon="-123.264555" lat="44.586939"><ele>71.825676</ele><time>2021-01-19T22:03:42Z</time><extensions><speed>0.205777</speed><course>56.284386</course><hAcc>0.920606</hAcc><vAcc>0.650086</vAcc></extensions></trkpt>
      <trkpt lon="-123.264556" lat="44.586941"><ele>71.795235</ele><time>2021-01-19T22:03:43Z</time><extensions><speed>0.208282</speed><course>49.068726</course><hAcc>0.920584</hAcc><vAcc>0.650073</vAcc></extensions></trkpt>
      <trkpt lon="-123.264558" lat="44.586942"><ele>71.766052</ele><time>2021-01-19T22:03:44Z</time><extensions><speed>0.213698</speed><course>48.148773</course><hAcc>0.920570</hAcc><vAcc>0.650064</vAcc></extensions></trkpt>
      <trkpt lon="-123.264559" lat="44.586944"><ele>71.739136</ele><time>2021-01-19T22:03:45Z</time><extensions><speed>0.220705</speed><course>57.268761</course><hAcc>0.920564</hAcc><vAcc>0.650060</vAcc></extensions></trkpt>
      <trkpt lon="-123.264561" lat="44.586945"><ele>71.715202</ele><time>2021-01-19T22:03:46Z</time><extensions><speed>0.228178</speed><course>65.698944</course><hAcc>0.920569</hAcc><vAcc>0.650063</vAcc></extensions></trkpt>
      <trkpt lon="-123.264564" lat="44.586946"><ele>71.694756</ele><time>2021-01-19T22:03:47Z</time><extensions><speed>0.234911</speed><course>81.530197</course><hAcc>0.920580</hAcc><vAcc>0.650070</vAcc></extensions></trkpt>
      <trkpt lon="-123.264566" lat="44.586948"><ele>71.678116</ele><time>2021-01-19T22:03:48Z</time><extensions><speed>0.238912</speed><course>66.548203</course><hAcc>0.920588</hAcc><vAcc>0.650076</vAcc></extensions></trkpt>
      <trkpt lon="-123.264568" lat="44.586949"><ele>71.665474</ele><time>2021-01-19T22:03:49Z</time><extensions><speed>0.237541</speed><course>65.295082</course><hAcc>0.920570</hAcc><vAcc>0.650067</vAcc></extensions></trkpt>
      <trkpt lon="-123.264570" lat="44.586950"><ele>71.656929</ele><time>2021-01-19T22:03:50Z</time><extensions><speed>0.228384</speed><course>65.515503</course><hAcc>0.920487</hAcc><vAcc>0.650020</vAcc></extensions></trkpt>
      <trkpt lon="-123.264572" lat="44.586952"><ele>71.652695</ele><time>2021-01-19T22:03:51Z</time><extensions><speed>0.209842</speed><course>65.325249</course><hAcc>0.920274</hAcc><vAcc>0.649899</vAcc></extensions></trkpt>
      <trkpt lon="-123.264574" lat="44.586953"><ele>71.653114</ele><time>2021-01-19T22:03:52Z</time><extensions><speed>0.181579</speed><course>34.825695</course><hAcc>0.919837</hAcc><vAcc>0.649645</vAcc></extensions></trkpt>
      <trkpt lon="-123.264575" lat="44.586954"><ele>71.658432</ele><time>2021-01-19T22:03:53Z</time><extensions><speed>0.145532</speed><course>45.099758</course><hAcc>0.919040</hAcc><vAcc>0.649179</vAcc></extensions></trkpt>
      <trkpt lon="-123.264576" lat="44.586955"><ele>71.668625</ele><time>2021-01-19T22:03:54Z</time><extensions><speed>0.107773</speed><course>46.144287</course><hAcc>0.917705</hAcc><vAcc>0.648395</vAcc></extensions></trkpt>
      <trkpt lon="-123.264576" lat="44.586956"><ele>71.683357</ele><time>2021-01-19T22:03:55Z</time><extensions><speed>0.085199</speed><course>10.861962</course><hAcc>0.915606</hAcc><vAcc>0.647158</vAcc></extensions></trkpt>
      <trkpt lon="-123.264575" lat="44.586957"><ele>71.702232</ele><time>2021-01-19T22:03:56Z</time><extensions><speed>0.102808</speed><course>52.594299</course><hAcc>0.912475</hAcc><vAcc>0.645307</vAcc></extensions></trkpt>
      <trkpt lon="-123.264573" lat="44.586957"><ele>71.724976</ele><time>2021-01-19T22:03:57Z</time><extensions><speed>0.151487</speed><course>108.704781</course><hAcc>0.908014</hAcc><vAcc>0.642665</vAcc></extensions></trkpt>
      <trkpt lon="-123.264571" lat="44.586956"><ele>71.751282</ele><time>2021-01-19T22:03:58Z</time><extensions><speed>0.210916</speed><course>117.707916</course><hAcc>0.901922</hAcc><vAcc>0.639050</vAcc></extensions></trkpt>
      <trkpt lon="-123.264568" lat="44.586955"><ele>71.780510</ele><time>2021-01-19T22:03:59Z</time><extensions><speed>0.272206</speed><course>147.731262</course><hAcc>0.893939</hAcc><vAcc>0.634307</vAcc></extensions></trkpt>
      <trkpt lon="-123.264565" lat="44.586954"><ele>71.811646</ele><time>2021-01-19T22:04:00Z</time><extensions><speed>0.331209</speed><course>150.702652</course><hAcc>0.883906</hAcc><vAcc>0.628341</vAcc></extensions></trkpt>
      <trkpt lon="-123.264561" lat="44.586952"><ele>71.843346</ele><time>2021-01-19T22:04:01Z</time><extensions><speed>0.385694</speed><course>161.828568</course><hAcc>0.871857</hAcc><vAcc>0.621173</vAcc></extensions></trkpt>
      <trkpt lon="-123.264558" lat="44.586950"><ele>71.874046</ele><time>2021-01-19T22:04:02Z</time><extensions><speed>0.434014</speed><course>166.987411</course><hAcc>0.858117</hAcc><vAcc>0.612999</vAcc></extensions></trkpt>
      <trkpt lon="-123.264553" lat="44.586947"><ele>71.902359</ele><time>2021-01-19T22:04:03Z</time><extensions><speed>0.473989</speed><course>123.885551</course><hAcc>0.843421</hAcc><vAcc>0.604254</vAcc></extensions></trkpt>
      <trkpt lon="-123.264549" lat="44.586944"><ele>71.927223</ele><time>2021-01-19T22:04:04Z</time><extensions><speed>0.502772</speed><course>171.933121</course><hAcc>0.828995</hAcc><vAcc>0.595663</vAcc></extensions></trkpt>
      <trkpt lon="-123.264545" lat="44.586940"><ele>71.947868</ele><time>2021-01-19T22:04:05Z</time><extensions><speed>0.517684</speed><course>156.520676</course><hAcc>0.816324</hAcc><vAcc>0.588104</vAcc></extensions></trkpt>
      <trkpt lon="-123.264540" lat="44.586937"><ele>71.963684</ele><time>2021-01-19T22:04:06Z</time><extensions><speed>0.515942</speed><course>157.976166</course><hAcc>0.806606</hAcc><vAcc>0.582287</vAcc></extensions></trkpt>
      <trkpt lon="-123.264536" lat="44.586933"><ele>71.974152</ele><time>2021-01-19T22:04:07Z</time><extensions><speed>0.493545</speed><course>162.096069</course><hAcc>0.800483</hAcc><vAcc>0.578594</vAcc></extensions></trkpt>
      <trkpt lon="-123.264532" lat="44.586930"><ele>71.978874</ele><time>2021-01-19T22:04:08Z</time><extensions><speed>0.450376</speed><course>165.839340</course><hAcc>0.798069</hAcc><vAcc>0.577099</vAcc></extensions></trkpt>
      <trkpt lon="-123.264529" lat="44.586927"><ele>71.977715</ele><time>2021-01-19T22:04:09Z</time><extensions><speed>0.391138</speed><course>166.884598</course><hAcc>0.798996</hAcc><vAcc>0.577590</vAcc></extensions></trkpt>
      <trkpt lon="-123.264525" lat="44.586925"><ele>71.970978</ele><time>2021-01-19T22:04:10Z</time><extensions><speed>0.321347</speed><course>166.561554</course><hAcc>0.802458</hAcc><vAcc>0.579590</vAcc></extensions></trkpt>
      <trkpt lon="-123.264523" lat="44.586923"><ele>71.959198</ele><time>2021-01-19T22:04:11Z</time><extensions><speed>0.246784</speed><course>165.776703</course><hAcc>0.807244</hAcc><vAcc>0.582387</vAcc></extensions></trkpt>
      <trkpt lon="-123.264521" lat="44.586922"><ele>71.943039</ele><time>2021-01-19T22:04:12Z</time><extensions><speed>0.173208</speed><course>167.148346</course><hAcc>0.811800</hAcc><vAcc>0.585057</vAcc></extensions></trkpt>
      <trkpt lon="-123.264519" lat="44.586922"><ele>71.923241</ele><time>2021-01-19T22:04:13Z</time><extensions><speed>0.108033</speed><course>166.198990</course><hAcc>0.814560</hAcc><vAcc>0.586676</vAcc></extensions></trkpt>
      <trkpt lon="-123.264518" lat="44.586922"><ele>71.900497</ele><time>2021-01-19T22:04:14Z</time><extensions><speed>0.070109</speed><course>168.408966</course><hAcc>0.814570</hAcc><vAcc>0.586678</vAcc></extensions></trkpt>
      <trkpt lon="-123.264517" lat="44.586922"><ele>71.875504</ele><time>2021-01-19T22:04:15Z</time><extensions><speed>0.086056</speed><course>168.375092</course><hAcc>0.811795</hAcc><vAcc>0.585038</vAcc></extensions></trkpt>
      <trkpt lon="-123.264517" lat="44.586923"><ele>71.848930</ele><time>2021-01-19T22:04:16Z</time><extensions><speed>0.126104</speed><course>167.793808</course><hAcc>0.807107</hAcc><vAcc>0.582270</vAcc></extensions></trkpt>
      <trkpt lon="-123.264518" lat="44.586925"><ele>71.821609</ele><time>2021-01-19T22:04:17Z</time><extensions><speed>0.162408</speed><course>93.071625</course><hAcc>0.801949</hAcc><vAcc>0.579225</vAcc></extensions></trkpt>
      <trkpt lon="-123.264519" lat="44.586926"><ele>71.794838</ele><time>2021-01-19T22:04:18Z</time><extensions><speed>0.186736</speed><course>83.260429</course><hAcc>0.797701</hAcc><vAcc>0.576717</vAcc></extensions></trkpt>
      <trkpt lon="-123.264520" lat="44.586928"><ele>71.770317</ele><time>2021-01-19T22:04:19Z</time><extensions><speed>0.198535</speed><course>66.245811</course><hAcc>0.795323</hAcc><vAcc>0.575315</vAcc></extensions></trkpt>
      <trkpt lon="-123.264521" lat="44.586929"><ele>71.749672</ele><time>2021-01-19T22:04:20Z</time><extensions><speed>0.200126</speed><course>63.698448</course><hAcc>0.795304</hAcc><vAcc>0.575305</vAcc></extensions></trkpt>
      <trkpt lon="-123.264523" lat="44.586931"><ele>71.733986</ele><time>2021-01-19T22:04:21Z</time><extensions><speed>0.194985</speed><course>70.652618</course><hAcc>0.797642</hAcc><vAcc>0.576688</vAcc></extensions></trkpt>
      <trkpt lon="-123.264524" lat="44.586932"><ele>71.723846</ele><time>2021-01-19T22:04:22Z</time><extensions><speed>0.187041</speed><course>83.957169</course><hAcc>0.801842</hAcc><vAcc>0.579168</vAcc></extensions></trkpt>
      <trkpt lon="-123.264526" lat="44.586933"><ele>71.719566</ele><time>2021-01-19T22:04:23Z</time><extensions><speed>0.179208</speed><course>91.851616</course><hAcc>0.806927</hAcc><vAcc>0.582164</vAcc></extensions></trkpt>
      <trkpt lon="-123.264528" lat="44.586933"><ele>71.721130</ele><time>2021-01-19T22:04:24Z</time><extensions><speed>0.172334</speed><course>97.331345</course><hAcc>0.811481</hAcc><vAcc>0.584836</vAcc></extensions></trkpt>
      <trkpt lon="-123.264530" lat="44.586934"><ele>71.728096</ele><time>2021-01-19T22:04:25Z</time><extensions><speed>0.165351</speed><course>101.589409</course><hAcc>0.813994</hAcc><vAcc>0.586288</vAcc></extensions></trkpt>
      <trkpt lon="-123.264532" lat="44.586934"><ele>71.739655</ele><time>2021-01-19T22:04:26Z</time><extensions><speed>0.156864</speed><course>102.583984</course><hAcc>0.813482</hAcc><vAcc>0.585935</vAcc></extensions></trkpt>
      <trkpt lon="-123.264534" lat="44.586935"><ele>71.754890</ele><time>2021-01-19T22:04:27Z</time><extensions><speed>0.146196</speed><course>115.577057</course><hAcc>0.809807</hAcc><vAcc>0.583691</vAcc></extensions></trkpt>
      <trkpt lon="-123.264535" lat="44.586935"><ele>71.772812</ele><time>2021-01-19T22:04:28Z</time><extensions><speed>0.133818</speed><course>147.635468</course><hAcc>0.803676</hAcc><vAcc>0.579970</vAcc></extensions></trkpt>
      <trkpt lon="-123.264537" lat="44.586936"><ele>71.792442</ele><time>2021-01-19T22:04:29Z</time><extensions><speed>0.121361</speed><course>156.891235</course><hAcc>0.796319</hAcc><vAcc>0.575498</vAcc></extensions></trkpt>
      <trkpt lon="-123.264538" lat="44.586937"><ele>71.812874</ele><time>2021-01-19T22:04:30Z</time><extensions><speed>0.111435</speed><course>163.743652</course><hAcc>0.788885</hAcc><vAcc>0.570956</vAcc></extensions></trkpt>
      <trkpt lon="-123.264539" lat="44.586937"><ele>71.833328</ele><time>2021-01-19T22:04:31Z</time><extensions><speed>0.107412</speed><course>173.026245</course><hAcc>0.782147</hAcc><vAcc>0.566811</vAcc></extensions></trkpt>
      <trkpt lon="-123.264539" lat="44.586938"><ele>71.853111</ele><time>2021-01-19T22:04:32Z</time><extensions><speed>0.112538</speed><course>148.051804</course><hAcc>0.776517</hAcc><vAcc>0.563315</vAcc></extensions></trkpt>
      <trkpt lon="-123.264539" lat="44.586939"><ele>71.871529</ele><time>2021-01-19T22:04:33Z</time><extensions><speed>0.127777</speed><course>121.340691</course><hAcc>0.772125</hAcc><vAcc>0.560557</vAcc></extensions></trkpt>
      <trkpt lon="-123.264538" lat="44.586941"><ele>71.887924</ele><time>2021-01-19T22:04:34Z</time><extensions><speed>0.151402</speed><course>114.292229</course><hAcc>0.768904</hAcc><vAcc>0.558506</vAcc></extensions></trkpt>
      <trkpt lon="-123.264537" lat="44.586942"><ele>71.901459</ele><time>2021-01-19T22:04:35Z</time><extensions><speed>0.180990</speed><course>66.368950</course><hAcc>0.766678</hAcc><vAcc>0.557065</vAcc></extensions></trkpt>
      <trkpt lon="-123.264535" lat="44.586943"><ele>71.911270</ele><time>2021-01-19T22:04:36Z</time><extensions><speed>0.214103</speed><course>53.251438</course><hAcc>0.765230</hAcc><vAcc>0.556109</vAcc></extensions></trkpt>
      <trkpt lon="-123.264533" lat="44.586944"><ele>71.916870</ele><time>2021-01-19T22:04:37Z</time><extensions><speed>0.248119</speed><course>1.014127</course><hAcc>0.764350</hAcc><vAcc>0.555516</vAcc></extensions></trkpt>
      <trkpt lon="-123.264530" lat="44.586945"><ele>71.918343</ele><time>2021-01-19T22:04:38Z</time><extensions><speed>0.280739</speed><course>18.134516</course><hAcc>0.763865</hAcc><vAcc>0.555181</vAcc></extensions></trkpt>
      <trkpt lon="-123.264526" lat="44.586946"><ele>71.916321</ele><time>2021-01-19T22:04:39Z</time><extensions><speed>0.309617</speed><course>7.795569</course><hAcc>0.763653</hAcc><vAcc>0.555033</vAcc></extensions></trkpt>
      <trkpt lon="-123.264522" lat="44.586947"><ele>71.911995</ele><time>2021-01-19T22:04:40Z</time><extensions><speed>0.331885</speed><course>63.686802</course><hAcc>0.763653</hAcc><vAcc>0.555033</vAcc></extensions></trkpt>
      <trkpt lon="-123.264518" lat="44.586948"><ele>71.906586</ele><time>2021-01-19T22:04:41Z</time><extensions><speed>0.344035</speed><course>56.583775</course><hAcc>0.763866</hAcc><vAcc>0.555182</vAcc></extensions></trkpt>
      <trkpt lon="-123.264514" lat="44.586949"><ele>71.901199</ele><time>2021-01-19T22:04:42Z</time><extensions><speed>0.341721</speed><course>43.326141</course><hAcc>0.764352</hAcc><vAcc>0.555517</vAcc></extensions></trkpt>
      <trkpt lon="-123.264510" lat="44.586950"><ele>71.896835</ele><time>2021-01-19T22:04:43Z</time><extensions><speed>0.320938</speed><course>109.294609</course><hAcc>0.765233</hAcc><vAcc>0.556112</vAcc></extensions></trkpt>
      <trkpt lon="-123.264506" lat="44.586950"><ele>71.894394</ele><time>2021-01-19T22:04:44Z</time><extensions><speed>0.279997</speed><course>176.261887</course><hAcc>0.766684</hAcc><vAcc>0.557070</vAcc></extensions></trkpt>
      <trkpt lon="-123.264503" lat="44.586951"><ele>71.894569</ele><time>2021-01-19T22:04:45Z</time><extensions><speed>0.221299</speed><course>119.107803</course><hAcc>0.768915</hAcc><vAcc>0.558514</vAcc></extensions></trkpt>
      <trkpt lon="-123.264501" lat="44.586951"><ele>71.897743</ele><time>2021-01-19T22:04:46Z</time><extensions><speed>0.151319</speed><course>93.609138</course><hAcc>0.772142</hAcc><vAcc>0.560568</vAcc></extensions></trkpt>
      <trkpt lon="-123.264500" lat="44.586951"><ele>71.904091</ele><time>2021-01-19T22:04:47Z</time><extensions><speed>0.076688</speed><course>94.500694</course><hAcc>0.776542</hAcc><vAcc>0.563331</vAcc></extensions></trkpt>
      <trkpt lon="-123.264499" lat="44.586952"><ele>71.913689</ele><time>2021-01-19T22:04:48Z</time><extensions><speed>0.008153</speed><course>105.728432</course><hAcc>0.782179</hAcc><vAcc>0.566832</vAcc></extensions></trkpt>
      <trkpt lon="-123.264500" lat="44.586952"><ele>71.926445</ele><time>2021-01-19T22:04:49Z</time><extensions><speed>0.073104</speed><course>135.037704</course><hAcc>0.788926</hAcc><vAcc>0.570983</vAcc></extensions></trkpt>
      <trkpt lon="-123.264501" lat="44.586951"><ele>71.942001</ele><time>2021-01-19T22:04:50Z</time><extensions><speed>0.139798</speed><course>130.945023</course><hAcc>0.796368</hAcc><vAcc>0.575528</vAcc></extensions></trkpt>
      <trkpt lon="-123.264503" lat="44.586951"><ele>71.959579</ele><time>2021-01-19T22:04:51Z</time><extensions><speed>0.196545</speed><course>131.015274</course><hAcc>0.803729</hAcc><vAcc>0.580002</vAcc></extensions></trkpt>
      <trkpt lon="-123.264506" lat="44.586950"><ele>71.978058</ele><time>2021-01-19T22:04:52Z</time><extensions><speed>0.240368</speed><course>62.004807</course><hAcc>0.809857</hAcc><vAcc>0.583719</vAcc></extensions></trkpt>
      <trkpt lon="-123.264509" lat="44.586949"><ele>71.996353</ele><time>2021-01-19T22:04:53Z</time><extensions><speed>0.270848</speed><course>45.188229</course><hAcc>0.813519</hAcc><vAcc>0.585953</vAcc></extensions></trkpt>
      <trkpt lon="-123.264512" lat="44.586948"><ele>72.013611</ele><time>2021-01-19T22:04:54Z</time><extensions><speed>0.289894</speed><course>26.328745</course><hAcc>0.814006</hAcc><vAcc>0.586289</vAcc></extensions></trkpt>
      <trkpt lon="-123.264515" lat="44.586947"><ele>72.029251</ele><time>2021-01-19T22:04:55Z</time><extensions><speed>0.299680</speed><course>334.104675</course><hAcc>0.811455</hAcc><vAcc>0.584812</vAcc></extensions></trkpt>
      <trkpt lon="-123.264517" lat="44.586945"><ele>72.042992</ele><time>2021-01-19T22:04:56Z</time><extensions><speed>0.300922</speed><course>287.554077</course><hAcc>0.806853</hAcc><vAcc>0.582111</vAcc></extensions></trkpt>
      <trkpt lon="-123.264520" lat="44.586943"><ele>72.054512</ele><time>2021-01-19T22:04:57Z</time><extensions><speed>0.293268</speed><course>239.573044</course><hAcc>0.801720</hAcc><vAcc>0.579088</vAcc></extensions></trkpt>
      <trkpt lon="-123.264521" lat="44.586940"><ele>72.063393</ele><time>2021-01-19T22:04:58Z</time><extensions><speed>0.276611</speed><course>225.861847</course><hAcc>0.797495</hAcc><vAcc>0.576599</vAcc></extensions></trkpt>
      <trkpt lon="-123.264523" lat="44.586938"><ele>72.069321</ele><time>2021-01-19T22:04:59Z</time><extensions><speed>0.252238</speed><course>214.079315</course><hAcc>0.795194</hAcc><vAcc>0.575249</vAcc></extensions></trkpt>
      <trkpt lon="-123.264523" lat="44.586936"><ele>72.072067</ele><time>2021-01-19T22:05:00Z</time><extensions><speed>0.223241</speed><course>165.637695</course><hAcc>0.795372</hAcc><vAcc>0.575371</vAcc></extensions></trkpt>
      <trkpt lon="-123.264523" lat="44.586934"><ele>72.071487</ele><time>2021-01-19T22:05:01Z</time><extensions><speed>0.192530</speed><course>161.669907</course><hAcc>0.798113</hAcc><vAcc>0.577019</vAcc></extensions></trkpt>
      <trkpt lon="-123.264523" lat="44.586933"><ele>72.067429</ele><time>2021-01-19T22:05:02Z</time><extensions><speed>0.161164</speed><course>156.852966</course><hAcc>0.803033</hAcc><vAcc>0.579965</vAcc></extensions></trkpt>
      <trkpt lon="-123.264522" lat="44.586931"><ele>72.059517</ele><time>2021-01-19T22:05:03Z</time><extensions><speed>0.129587</speed><course>157.565491</course><hAcc>0.809290</hAcc><vAcc>0.583713</vAcc></extensions></trkpt>
      <trkpt lon="-123.264522" lat="44.586930"><ele>72.047310</ele><time>2021-01-19T22:05:04Z</time><extensions><speed>0.097923</speed><course>181.133331</course><hAcc>0.815628</hAcc><vAcc>0.587520</vAcc></extensions></trkpt>
      <trkpt lon="-123.264521" lat="44.586930"><ele>72.030945</ele><time>2021-01-19T22:05:05Z</time><extensions><speed>0.064885</speed><course>184.083649</course><hAcc>0.820712</hAcc><vAcc>0.590598</vAcc></extensions></trkpt>
      <trkpt lon="-123.264521" lat="44.586930"><ele>72.011192</ele><time>2021-01-19T22:05:06Z</time><extensions><speed>0.029987</speed><course>185.082565</course><hAcc>0.823732</hAcc><vAcc>0.592462</vAcc></extensions></trkpt>
      <trkpt lon="-123.264521" lat="44.586929"><ele>71.989403</ele><time>2021-01-19T22:05:07Z</time><extensions><speed>0.022570</speed><course>182.232101</course><hAcc>0.824695</hAcc><vAcc>0.593110</vAcc></extensions></trkpt>
      <trkpt lon="-123.264521" lat="44.586929"><ele>71.967514</ele><time>2021-01-19T22:05:08Z</time><extensions><speed>0.064765</speed><course>183.298203</course><hAcc>0.824363</hAcc><vAcc>0.592979</vAcc></extensions></trkpt>
      <trkpt lon="-123.264522" lat="44.586929"><ele>71.947449</ele><time>2021-01-19T22:05:09Z</time><extensions><speed>0.112671</speed><course>184.820831</course><hAcc>0.823850</hAcc><vAcc>0.592715</vAcc></extensions></trkpt>
      <trkpt lon="-123.264524" lat="44.586929"><ele>71.930412</ele><time>2021-01-19T22:05:10Z</time><extensions><speed>0.159391</speed><course>185.862869</course><hAcc>0.823912</hAcc><vAcc>0.592757</vAcc></extensions></trkpt>
      <trkpt lon="-123.264526" lat="44.586929"><ele>71.916718</ele><time>2021-01-19T22:05:11Z</time><extensions><speed>0.201181</speed><course>188.480164</course><hAcc>0.824567</hAcc><vAcc>0.593117</vAcc></extensions></trkpt>
      <trkpt lon="-123.264529" lat="44.586929"><ele>71.905960</ele><time>2021-01-19T22:05:12Z</time><extensions><speed>0.235698</speed><course>193.486023</course><hAcc>0.825092</hAcc><vAcc>0.593377</vAcc></extensions></trkpt>
      <trkpt lon="-123.264532" lat="44.586929"><ele>71.897339</ele><time>2021-01-19T22:05:13Z</time><extensions><speed>0.261730</speed><course>229.691040</course><hAcc>0.824411</hAcc><vAcc>0.592912</vAcc></extensions></trkpt>
      <trkpt lon="-123.264536" lat="44.586929"><ele>71.889862</ele><time>2021-01-19T22:05:14Z</time><extensions><speed>0.278422</speed><course>215.686996</course><hAcc>0.821799</hAcc><vAcc>0.591308</vAcc></extensions></trkpt>
      <trkpt lon="-123.264539" lat="44.586928"><ele>71.882454</ele><time>2021-01-19T22:05:15Z</time><extensions><speed>0.284769</speed><course>196.490738</course><hAcc>0.817292</hAcc><vAcc>0.588595</vAcc></extensions></trkpt>
      <trkpt lon="-123.264543" lat="44.586928"><ele>71.874016</ele><time>2021-01-19T22:05:16Z</time><extensions><speed>0.280122</speed><course>186.338745</course><hAcc>0.811739</hAcc><vAcc>0.585277</vAcc></extensions></trkpt>
      <trkpt lon="-123.264546" lat="44.586928"><ele>71.863556</ele><time>2021-01-19T22:05:17Z</time><extensions><speed>0.264038</speed><course>145.147522</course><hAcc>0.806506</hAcc><vAcc>0.582162</vAcc></extensions></trkpt>
      <trkpt lon="-123.264549" lat="44.586927"><ele>71.850304</ele><time>2021-01-19T22:05:18Z</time><extensions><speed>0.236258</speed><course>109.009789</course><hAcc>0.802855</hAcc><vAcc>0.579995</vAcc></extensions></trkpt>
      <trkpt lon="-123.264552" lat="44.586927"><ele>71.833855</ele><time>2021-01-19T22:05:19Z</time><extensions><speed>0.197212</speed><course>65.397224</course><hAcc>0.801591</hAcc><vAcc>0.579253</vAcc></extensions></trkpt>
      <trkpt lon="-123.264554" lat="44.586927"><ele>71.814034</ele><time>2021-01-19T22:05:20Z</time><extensions><speed>0.148920</speed><course>63.892593</course><hAcc>0.803010</hAcc><vAcc>0.580113</vAcc></extensions></trkpt>
      <trkpt lon="-123.264555" lat="44.586926"><ele>71.791008</ele><time>2021-01-19T22:05:21Z</time><extensions><speed>0.095176</speed><course>42.675835</course><hAcc>0.806885</hAcc><vAcc>0.582444</vAcc></extensions></trkpt>
      <trkpt lon="-123.264556" lat="44.586926"><ele>71.765411</ele><time>2021-01-19T22:05:22Z</time><extensions><speed>0.043881</speed><course>15.548785</course><hAcc>0.812478</hAcc><vAcc>0.585814</vAcc></extensions></trkpt>
      <trkpt lon="-123.264556" lat="44.586926"><ele>71.738350</ele><time>2021-01-19T22:05:23Z</time><extensions><speed>0.039803</speed><course>3.938529</course><hAcc>0.818598</hAcc><vAcc>0.589525</vAcc></extensions></trkpt>
      <trkpt lon="-123.264555" lat="44.586925"><ele>71.711357</ele><time>2021-01-19T22:05:24Z</time><extensions><speed>0.084852</speed><course>46.306946</course><hAcc>0.823950</hAcc><vAcc>0.592814</vAcc></extensions></trkpt>
      <trkpt lon="-123.264554" lat="44.586925"><ele>71.686241</ele><time>2021-01-19T22:05:25Z</time><extensions><speed>0.130181</speed><course>106.665413</course><hAcc>0.827754</hAcc><vAcc>0.595220</vAcc></extensions></trkpt>
      <trkpt lon="-123.264552" lat="44.586925"><ele>71.665154</ele><time>2021-01-19T22:05:26Z</time><extensions><speed>0.169250</speed><course>131.958542</course><hAcc>0.830032</hAcc><vAcc>0.596744</vAcc></extensions></trkpt>
      <trkpt lon="-123.264550" lat="44.586925"><ele>71.650642</ele><time>2021-01-19T22:05:27Z</time><extensions><speed>0.200492</speed><course>115.589996</course><hAcc>0.831531</hAcc><vAcc>0.597812</vAcc></extensions></trkpt>
      <trkpt lon="-123.264547" lat="44.586925"><ele>71.645142</ele><time>2021-01-19T22:05:28Z</time><extensions><speed>0.222231</speed><course>104.641922</course><hAcc>0.833296</hAcc><vAcc>0.599015</vAcc></extensions></trkpt>
      <trkpt lon="-123.264544" lat="44.586924"><ele>71.650299</ele><time>2021-01-19T22:05:29Z</time><extensions><speed>0.233194</speed><course>36.465401</course><hAcc>0.835919</hAcc><vAcc>0.600681</vAcc></extensions></trkpt>
      <trkpt lon="-123.264542" lat="44.586924"><ele>71.666527</ele><time>2021-01-19T22:05:30Z</time><extensions><speed>0.233064</speed><course>12.998425</course><hAcc>0.839134</hAcc><vAcc>0.602632</vAcc></extensions></trkpt>
      <trkpt lon="-123.264539" lat="44.586924"><ele>71.692604</ele><time>2021-01-19T22:05:31Z</time><extensions><speed>0.224271</speed><course>12.206520</course><hAcc>0.841799</hAcc><vAcc>0.604178</vAcc></extensions></trkpt>
      <trkpt lon="-123.264536" lat="44.586924"><ele>71.726036</ele><time>2021-01-19T22:05:32Z</time><extensions><speed>0.211353</speed><course>37.161068</course><hAcc>0.842429</hAcc><vAcc>0.604438</vAcc></extensions></trkpt>
      <trkpt lon="-123.264533" lat="44.586924"><ele>71.763878</ele><time>2021-01-19T22:05:33Z</time><extensions><speed>0.199845</speed><course>86.408661</course><hAcc>0.840034</hAcc><vAcc>0.602845</vAcc></extensions></trkpt>
      <trkpt lon="-123.264531" lat="44.586925"><ele>71.803085</ele><time>2021-01-19T22:05:34Z</time><extensions><speed>0.195118</speed><course>121.070953</course><hAcc>0.834356</hAcc><vAcc>0.599265</vAcc></extensions></trkpt>
      <trkpt lon="-123.264529" lat="44.586925"><ele>71.840576</ele><time>2021-01-19T22:05:35Z</time><extensions><speed>0.199147</speed><course>169.225708</course><hAcc>0.825784</hAcc><vAcc>0.593948</vAcc></extensions></trkpt>
      <trkpt lon="-123.264526" lat="44.586926"><ele>71.873726</ele><time>2021-01-19T22:05:36Z</time><extensions><speed>0.210932</speed><course>157.547577</course><hAcc>0.815355</hAcc><vAcc>0.587515</vAcc></extensions></trkpt>
      <trkpt lon="-123.264524" lat="44.586927"><ele>71.901161</ele><time>2021-01-19T22:05:37Z</time><extensions><speed>0.226391</speed><course>159.615280</course><hAcc>0.804461</hAcc><vAcc>0.580799</vAcc></extensions></trkpt>
      <trkpt lon="-123.264522" lat="44.586929"><ele>71.923233</ele><time>2021-01-19T22:05:38Z</time><extensions><speed>0.238749</speed><course>178.042938</course><hAcc>0.794286</hAcc><vAcc>0.574505</vAcc></extensions></trkpt>
      <trkpt lon="-123.264520" lat="44.586930"><ele>71.941681</ele><time>2021-01-19T22:05:39Z</time><extensions><speed>0.240946</speed><course>276.278687</course><hAcc>0.785539</hAcc><vAcc>0.569063</vAcc></extensions></trkpt>
      <trkpt lon="-123.264517" lat="44.586931"><ele>71.958755</ele><time>2021-01-19T22:05:40Z</time><extensions><speed>0.227545</speed><course>290.633209</course><hAcc>0.778519</hAcc><vAcc>0.564660</vAcc></extensions></trkpt>
      <trkpt lon="-123.264516" lat="44.586933"><ele>71.976616</ele><time>2021-01-19T22:05:41Z</time><extensions><speed>0.196706</speed><course>287.758270</course><hAcc>0.773221</hAcc><vAcc>0.561302</vAcc></extensions></trkpt>
      <trkpt lon="-123.264514" lat="44.586934"><ele>71.996887</ele><time>2021-01-19T22:05:42Z</time><extensions><speed>0.150780</speed><course>277.492676</course><hAcc>0.769452</hAcc><vAcc>0.558886</vAcc></extensions></trkpt>
      <trkpt lon="-123.264513" lat="44.586935"><ele>72.020432</ele><time>2021-01-19T22:05:43Z</time><extensions><speed>0.097099</speed><course>274.517487</course><hAcc>0.766946</hAcc><vAcc>0.557259</vAcc></extensions></trkpt>
      <trkpt lon="-123.264512" lat="44.586935"><ele>72.047081</ele><time>2021-01-19T22:05:44Z</time><extensions><speed>0.045714</speed><course>277.036072</course><hAcc>0.765437</hAcc><vAcc>0.556269</vAcc></extensions></trkpt>
      <trkpt lon="-123.264512" lat="44.586935"><ele>72.075668</ele><time>2021-01-19T22:05:45Z</time><extensions><speed>0.011141</speed><course>281.552979</course><hAcc>0.764724</hAcc><vAcc>0.555799</vAcc></extensions></trkpt>
      <trkpt lon="-123.264512" lat="44.586935"><ele>72.104378</ele><time>2021-01-19T22:05:46Z</time><extensions><speed>0.031347</speed><course>312.958618</course><hAcc>0.764704</hAcc><vAcc>0.555787</vAcc></extensions></trkpt>
      <trkpt lon="-123.264512" lat="44.586935"><ele>72.131111</ele><time>2021-01-19T22:05:47Z</time><extensions><speed>0.050443</speed><course>308.626312</course><hAcc>0.765389</hAcc><vAcc>0.556242</vAcc></extensions></trkpt>
      <trkpt lon="-123.264511" lat="44.586934"><ele>72.153778</ele><time>2021-01-19T22:05:48Z</time><extensions><speed>0.070238</speed><course>301.290497</course><hAcc>0.766912</hAcc><vAcc>0.557240</vAcc></extensions></trkpt>
      <trkpt lon="-123.264510" lat="44.586934"><ele>72.170578</ele><time>2021-01-19T22:05:49Z</time><extensions><speed>0.107592</speed><course>98.784271</course><hAcc>0.769510</hAcc><vAcc>0.558919</vAcc></extensions></trkpt>
      <trkpt lon="-123.264509" lat="44.586934"><ele>72.180153</ele><time>2021-01-19T22:05:50Z</time><extensions><speed>0.168688</speed><course>106.065697</course><hAcc>0.773500</hAcc><vAcc>0.561461</vAcc></extensions></trkpt>
      <trkpt lon="-123.264506" lat="44.586934"><ele>72.181664</ele><time>2021-01-19T22:05:51Z</time><extensions><speed>0.247081</speed><course>106.263458</course><hAcc>0.779223</hAcc><vAcc>0.565055</vAcc></extensions></trkpt>
      <trkpt lon="-123.264502" lat="44.586935"><ele>72.174728</ele><time>2021-01-19T22:05:52Z</time><extensions><speed>0.332415</speed><course>200.621323</course><hAcc>0.786952</hAcc><vAcc>0.569853</vAcc></extensions></trkpt>
      <trkpt lon="-123.264498" lat="44.586936"><ele>72.159500</ele><time>2021-01-19T22:05:53Z</time><extensions><speed>0.413084</speed><course>201.730499</course><hAcc>0.796786</hAcc><vAcc>0.575896</vAcc></extensions></trkpt>
      <trkpt lon="-123.264493" lat="44.586938"><ele>72.136528</ele><time>2021-01-19T22:05:54Z</time><extensions><speed>0.476300</speed><course>210.275772</course><hAcc>0.808508</hAcc><vAcc>0.583044</vAcc></extensions></trkpt>
      <trkpt lon="-123.264487" lat="44.586939"><ele>72.106400</ele><time>2021-01-19T22:05:55Z</time><extensions><speed>0.508987</speed><course>216.351440</course><hAcc>0.821460</hAcc><vAcc>0.590897</vAcc></extensions></trkpt>
      <trkpt lon="-123.264481" lat="44.586941"><ele>72.069939</ele><time>2021-01-19T22:05:56Z</time><extensions><speed>0.501337</speed><course>200.570251</course><hAcc>0.834453</hAcc><vAcc>0.598749</vAcc></extensions></trkpt>
      <trkpt lon="-123.264476" lat="44.586943"><ele>72.028549</ele><time>2021-01-19T22:05:57Z</time><extensions><speed>0.451412</speed><course>196.592819</course><hAcc>0.846003</hAcc><vAcc>0.605722</vAcc></extensions></trkpt>
      <trkpt lon="-123.264471" lat="44.586944"><ele>71.983856</ele><time>2021-01-19T22:05:58Z</time><extensions><speed>0.365856</speed><course>242.560013</course><hAcc>0.854870</hAcc><vAcc>0.611086</vAcc></extensions></trkpt>
      <trkpt lon="-123.264467" lat="44.586944"><ele>71.937340</ele><time>2021-01-19T22:05:59Z</time><extensions><speed>0.256393</speed><course>275.046021</course><hAcc>0.860316</hAcc><vAcc>0.614405</vAcc></extensions></trkpt>
      <trkpt lon="-123.264464" lat="44.586944"><ele>71.890388</ele><time>2021-01-19T22:06:00Z</time><extensions><speed>0.140730</speed><course>307.438446</course><hAcc>0.862080</hAcc><vAcc>0.615526</vAcc></extensions></trkpt>
      <trkpt lon="-123.264463" lat="44.586944"><ele>71.844276</ele><time>2021-01-19T22:06:01Z</time><extensions><speed>0.088592</speed><course>346.961761</course><hAcc>0.860341</hAcc><vAcc>0.614559</vAcc></extensions></trkpt>
      <trkpt lon="-123.264464" lat="44.586943"><ele>71.800056</ele><time>2021-01-19T22:06:02Z</time><extensions><speed>0.179767</speed><course>324.638733</course><hAcc>0.855703</hAcc><vAcc>0.611861</vAcc></extensions></trkpt>
      <trkpt lon="-123.264466" lat="44.586941"><ele>71.758354</ele><time>2021-01-19T22:06:03Z</time><extensions><speed>0.296606</speed><course>318.233612</course><hAcc>0.849185</hAcc><vAcc>0.608035</vAcc></extensions></trkpt>
      <trkpt lon="-123.264470" lat="44.586940"><ele>71.719353</ele><time>2021-01-19T22:06:04Z</time><extensions><speed>0.406633</speed><course>310.593506</course><hAcc>0.842187</hAcc><vAcc>0.603902</vAcc></extensions></trkpt>
      <trkpt lon="-123.264476" lat="44.586938"><ele>71.682991</ele><time>2021-01-19T22:06:05Z</time><extensions><speed>0.503827</speed><course>284.188599</course><hAcc>0.836145</hAcc><vAcc>0.600299</vAcc></extensions></trkpt>
      <trkpt lon="-123.264482" lat="44.586937"><ele>71.649239</ele><time>2021-01-19T22:06:06Z</time><extensions><speed>0.586313</speed><course>279.654724</course><hAcc>0.831885</hAcc><vAcc>0.597709</vAcc></extensions></trkpt>
      <trkpt lon="-123.264490" lat="44.586935"><ele>71.618279</ele><time>2021-01-19T22:06:07Z</time><extensions><speed>0.653743</speed><course>272.495697</course><hAcc>0.829297</hAcc><vAcc>0.596070</vAcc></extensions></trkpt>
      <trkpt lon="-123.264498" lat="44.586934"><ele>71.590576</ele><time>2021-01-19T22:06:08Z</time><extensions><speed>0.705255</speed><course>251.694031</course><hAcc>0.827413</hAcc><vAcc>0.594817</vAcc></extensions></trkpt>
      <trkpt lon="-123.264507" lat="44.586933"><ele>71.566933</ele><time>2021-01-19T22:06:09Z</time><extensions><speed>0.739822</speed><course>207.702332</course><hAcc>0.824840</hAcc><vAcc>0.593140</vAcc></extensions></trkpt>
      <trkpt lon="-123.264516" lat="44.586932"><ele>71.548264</ele><time>2021-01-19T22:06:10Z</time><extensions><speed>0.758276</speed><course>173.169891</course><hAcc>0.820511</hAcc><vAcc>0.590416</vAcc></extensions></trkpt>
      <trkpt lon="-123.264526" lat="44.586931"><ele>71.535408</ele><time>2021-01-19T22:06:11Z</time><extensions><speed>0.762835</speed><course>154.120041</course><hAcc>0.814107</hAcc><vAcc>0.586462</vAcc></extensions></trkpt>
      <trkpt lon="-123.264535" lat="44.586930"><ele>71.529037</ele><time>2021-01-19T22:06:12Z</time><extensions><speed>0.754740</speed><course>150.544083</course><hAcc>0.806123</hAcc><vAcc>0.581567</vAcc></extensions></trkpt>
      <trkpt lon="-123.264544" lat="44.586928"><ele>71.529747</ele><time>2021-01-19T22:06:13Z</time><extensions><speed>0.733415</speed><course>170.001648</course><hAcc>0.797578</hAcc><vAcc>0.576334</vAcc></extensions></trkpt>
      <trkpt lon="-123.264553" lat="44.586927"><ele>71.537956</ele><time>2021-01-19T22:06:14Z</time><extensions><speed>0.698457</speed><course>162.637985</course><hAcc>0.789438</hAcc><vAcc>0.571333</vAcc></extensions></trkpt>
      <trkpt lon="-123.264561" lat="44.586925"><ele>71.553490</ele><time>2021-01-19T22:06:15Z</time><extensions><speed>0.649803</speed><course>164.185715</course><hAcc>0.782319</hAcc><vAcc>0.566934</vAcc></extensions></trkpt>
      <trkpt lon="-123.264569" lat="44.586924"><ele>71.575485</ele><time>2021-01-19T22:06:16Z</time><extensions><speed>0.586485</speed><course>165.227676</course><hAcc>0.776513</hAcc><vAcc>0.563319</vAcc></extensions></trkpt>
      <trkpt lon="-123.264575" lat="44.586922"><ele>71.602776</ele><time>2021-01-19T22:06:17Z</time><extensions><speed>0.507499</speed><course>165.269424</course><hAcc>0.772065</hAcc><vAcc>0.560520</vAcc></extensions></trkpt>
      <trkpt lon="-123.264580" lat="44.586920"><ele>71.633835</ele><time>2021-01-19T22:06:18Z</time><extensions><speed>0.413325</speed><course>164.319824</course><hAcc>0.768849</hAcc><vAcc>0.558472</vAcc></extensions></trkpt>
      <trkpt lon="-123.264584" lat="44.586918"><ele>71.666710</ele><time>2021-01-19T22:06:19Z</time><extensions><speed>0.308188</speed><course>159.801285</course><hAcc>0.766659</hAcc><vAcc>0.557055</vAcc></extensions></trkpt>
      <trkpt lon="-123.264586" lat="44.586916"><ele>71.699287</ele><time>2021-01-19T22:06:20Z</time><extensions><speed>0.203946</speed><course>157.241898</course><hAcc>0.765259</hAcc><vAcc>0.556132</vAcc></extensions></trkpt>
      <trkpt lon="-123.264586" lat="44.586915"><ele>71.729790</ele><time>2021-01-19T22:06:21Z</time><extensions><speed>0.136668</speed><course>157.060608</course><hAcc>0.764429</hAcc><vAcc>0.555572</vAcc></extensions></trkpt>
      <trkpt lon="-123.264585" lat="44.586914"><ele>71.757164</ele><time>2021-01-19T22:06:22Z</time><extensions><speed>0.168242</speed><course>126.219864</course><hAcc>0.763983</hAcc><vAcc>0.555262</vAcc></extensions></trkpt>
      <trkpt lon="-123.264583" lat="44.586913"><ele>71.781059</ele><time>2021-01-19T22:06:23Z</time><extensions><speed>0.258511</speed><course>123.090324</course><hAcc>0.763779</hAcc><vAcc>0.555111</vAcc></extensions></trkpt>
      <trkpt lon="-123.264579" lat="44.586913"><ele>71.801483</ele><time>2021-01-19T22:06:24Z</time><extensions><speed>0.354617</speed><course>106.218895</course><hAcc>0.763712</hAcc><vAcc>0.555054</vAcc></extensions></trkpt>
      <trkpt lon="-123.264574" lat="44.586913"><ele>71.818626</ele><time>2021-01-19T22:06:25Z</time><extensions><speed>0.438596</speed><course>131.915894</course><hAcc>0.763713</hAcc><vAcc>0.555046</vAcc></extensions></trkpt>
      <trkpt lon="-123.264568" lat="44.586914"><ele>71.833023</ele><time>2021-01-19T22:06:26Z</time><extensions><speed>0.501768</speed><course>102.931435</course><hAcc>0.763736</hAcc><vAcc>0.555055</vAcc></extensions></trkpt>
      <trkpt lon="-123.264562" lat="44.586915"><ele>71.845512</ele><time>2021-01-19T22:06:27Z</time><extensions><speed>0.539592</speed><course>60.218636</course><hAcc>0.763756</hAcc><vAcc>0.555063</vAcc></extensions></trkpt>
      <trkpt lon="-123.264555" lat="44.586916"><ele>71.856941</ele><time>2021-01-19T22:06:28Z</time><extensions><speed>0.551832</speed><course>319.608795</course><hAcc>0.763757</hAcc><vAcc>0.555062</vAcc></extensions></trkpt>
      <trkpt lon="-123.264548" lat="44.586917"><ele>71.868126</ele><time>2021-01-19T22:06:29Z</time><extensions><speed>0.541624</speed><course>300.794281</course><hAcc>0.763737</hAcc><vAcc>0.555049</vAcc></extensions></trkpt>
      <trkpt lon="-123.264542" lat="44.586919"><ele>71.879768</ele><time>2021-01-19T22:06:30Z</time><extensions><speed>0.513399</speed><course>329.472778</course><hAcc>0.763703</hAcc><vAcc>0.555031</vAcc></extensions></trkpt>
      <trkpt lon="-123.264536" lat="44.586920"><ele>71.892433</ele><time>2021-01-19T22:06:31Z</time><extensions><speed>0.472105</speed><course>341.332367</course><hAcc>0.763679</hAcc><vAcc>0.555022</vAcc></extensions></trkpt>
      <trkpt lon="-123.264531" lat="44.586922"><ele>71.906471</ele><time>2021-01-19T22:06:32Z</time><extensions><speed>0.422794</speed><course>343.398895</course><hAcc>0.763710</hAcc><vAcc>0.555057</vAcc></extensions></trkpt>
      <trkpt lon="-123.264526" lat="44.586923"><ele>71.922165</ele><time>2021-01-19T22:06:33Z</time><extensions><speed>0.370640</speed><course>350.197906</course><hAcc>0.763876</hAcc><vAcc>0.555186</vAcc></extensions></trkpt>
      <trkpt lon="-123.264523" lat="44.586925"><ele>71.939529</ele><time>2021-01-19T22:06:34Z</time><extensions><speed>0.320615</speed><course>349.305969</course><hAcc>0.764305</hAcc><vAcc>0.555493</vAcc></extensions></trkpt>
      <trkpt lon="-123.264520" lat="44.586927"><ele>71.958130</ele><time>2021-01-19T22:06:35Z</time><extensions><speed>0.277286</speed><course>351.295044</course><hAcc>0.765182</hAcc><vAcc>0.556094</vAcc></extensions></trkpt>
      <trkpt lon="-123.264518" lat="44.586928"><ele>71.977180</ele><time>2021-01-19T22:06:36Z</time><extensions><speed>0.244472</speed><course>350.818451</course><hAcc>0.766762</hAcc><vAcc>0.557143</vAcc></extensions></trkpt>
      <trkpt lon="-123.264517" lat="44.586930"><ele>71.995865</ele><time>2021-01-19T22:06:37Z</time><extensions><speed>0.223829</speed><course>340.653229</course><hAcc>0.769364</hAcc><vAcc>0.558832</vAcc></extensions></trkpt>
      <trkpt lon="-123.264516" lat="44.586932"><ele>72.013351</ele><time>2021-01-19T22:06:38Z</time><extensions><speed>0.213580</speed><course>337.585724</course><hAcc>0.773350</hAcc><vAcc>0.561373</vAcc></extensions></trkpt>
      <trkpt lon="-123.264516" lat="44.586934"><ele>72.028984</ele><time>2021-01-19T22:06:39Z</time><extensions><speed>0.209429</speed><course>3.273176</course><hAcc>0.779083</hAcc><vAcc>0.564974</vAcc></extensions></trkpt>
      <trkpt lon="-123.264516" lat="44.586936"><ele>72.042145</ele><time>2021-01-19T22:06:40Z</time><extensions><speed>0.206834</speed><course>330.286896</course><hAcc>0.786841</hAcc><vAcc>0.569788</vAcc></extensions></trkpt>
      <trkpt lon="-123.264518" lat="44.586938"><ele>72.052216</ele><time>2021-01-19T22:06:41Z</time><extensions><speed>0.203181</speed><course>241.260345</course><hAcc>0.796710</hAcc><vAcc>0.575850</vAcc></extensions></trkpt>
      <trkpt lon="-123.264519" lat="44.586939"><ele>72.058762</ele><time>2021-01-19T22:06:42Z</time><extensions><speed>0.198596</speed><course>224.096695</course><hAcc>0.808447</hAcc><vAcc>0.583003</vAcc></extensions></trkpt>
      <trkpt lon="-123.264521" lat="44.586940"><ele>72.061844</ele><time>2021-01-19T22:06:43Z</time><extensions><speed>0.195454</speed><course>299.786163</course><hAcc>0.821351</hAcc><vAcc>0.590820</vAcc></extensions></trkpt>
      <trkpt lon="-123.264524" lat="44.586941"><ele>72.061882</ele><time>2021-01-19T22:06:44Z</time><extensions><speed>0.196030</speed><course>318.633545</course><hAcc>0.834171</hAcc><vAcc>0.598555</vAcc></extensions></trkpt>
      <trkpt lon="-123.264526" lat="44.586941"><ele>72.059448</ele><time>2021-01-19T22:06:45Z</time><extensions><speed>0.200168</speed><course>320.488434</course><hAcc>0.845340</hAcc><vAcc>0.605278</vAcc></extensions></trkpt>
      <trkpt lon="-123.264529" lat="44.586941"><ele>72.055191</ele><time>2021-01-19T22:06:46Z</time><extensions><speed>0.205377</speed><course>9.486515</course><hAcc>0.853509</hAcc><vAcc>0.610189</vAcc></extensions></trkpt>
      <trkpt lon="-123.264531" lat="44.586940"><ele>72.049698</ele><time>2021-01-19T22:06:47Z</time><extensions><speed>0.208933</speed><course>14.469724</course><hAcc>0.857806</hAcc><vAcc>0.612769</vAcc></extensions></trkpt>
      <trkpt lon="-123.264533" lat="44.586940"><ele>72.043259</ele><time>2021-01-19T22:06:48Z</time><extensions><speed>0.208839</speed><course>353.166992</course><hAcc>0.857806</hAcc><vAcc>0.612766</vAcc></extensions></trkpt>
      <trkpt lon="-123.264536" lat="44.586939"><ele>72.035889</ele><time>2021-01-19T22:06:49Z</time><extensions><speed>0.204046</speed><course>305.302094</course><hAcc>0.853514</hAcc><vAcc>0.610185</vAcc></extensions></trkpt>
      <trkpt lon="-123.264538" lat="44.586938"><ele>72.027657</ele><time>2021-01-19T22:06:50Z</time><extensions><speed>0.194339</speed><course>282.350525</course><hAcc>0.845364</hAcc><vAcc>0.605288</vAcc></extensions></trkpt>
      <trkpt lon="-123.264540" lat="44.586937"><ele>72.018784</ele><time>2021-01-19T22:06:51Z</time><extensions><speed>0.179831</speed><course>282.297211</course><hAcc>0.834262</hAcc><vAcc>0.598619</vAcc></extensions></trkpt>
      <trkpt lon="-123.264541" lat="44.586936"><ele>72.009476</ele><time>2021-01-19T22:06:52Z</time><extensions><speed>0.161098</speed><course>265.609406</course><hAcc>0.821624</hAcc><vAcc>0.591023</vAcc></extensions></trkpt>
      <trkpt lon="-123.264542" lat="44.586935"><ele>71.999733</ele><time>2021-01-19T22:06:53Z</time><extensions><speed>0.139656</speed><course>228.122650</course><hAcc>0.809136</hAcc><vAcc>0.583508</vAcc></extensions></trkpt>
      <trkpt lon="-123.264543" lat="44.586934"><ele>71.989090</ele><time>2021-01-19T22:06:54Z</time><extensions><speed>0.118675</speed><course>240.449371</course><hAcc>0.798237</hAcc><vAcc>0.576935</vAcc></extensions></trkpt>
      <trkpt lon="-123.264544" lat="44.586933"><ele>71.976486</ele><time>2021-01-19T22:06:55Z</time><extensions><speed>0.102550</speed><course>241.048004</course><hAcc>0.789894</hAcc><vAcc>0.571894</vAcc></extensions></trkpt>
      <trkpt lon="-123.264544" lat="44.586932"><ele>71.960579</ele><time>2021-01-19T22:06:56Z</time><extensions><speed>0.096364</speed><course>245.519135</course><hAcc>0.784695</hAcc><vAcc>0.568747</vAcc></extensions></trkpt>
      <trkpt lon="-123.264543" lat="44.586931"><ele>71.940620</ele><time>2021-01-19T22:06:56Z</time><extensions><speed>0.102222</speed><course>219.404114</course><hAcc>0.782980</hAcc><vAcc>0.567711</vAcc></extensions></trkpt>
      <trkpt lon="-123.264542" lat="44.586930"><ele>71.916740</ele><time>2021-01-19T22:06:57Z</time><extensions><speed>0.116470</speed><course>203.030167</course><hAcc>0.784890</hAcc><vAcc>0.568873</vAcc></extensions></trkpt>
      <trkpt lon="-123.264541" lat="44.586929"><ele>71.889954</ele><time>2021-01-19T22:06:58Z</time><extensions><speed>0.133870</speed><course>201.965118</course><hAcc>0.790418</hAcc><vAcc>0.572222</vAcc></extensions></trkpt>
      <trkpt lon="-123.264540" lat="44.586928"><ele>71.861824</ele><time>2021-01-19T22:06:59Z</time><extensions><speed>0.150639</speed><course>196.959961</course><hAcc>0.799399</hAcc><vAcc>0.577648</vAcc></extensions></trkpt>
      <trkpt lon="-123.264539" lat="44.586927"><ele>71.834175</ele><time>2021-01-19T22:07:00Z</time><extensions><speed>0.163046</speed><course>185.519348</course><hAcc>0.811417</hAcc><vAcc>0.584889</vAcc></extensions></trkpt>
      <trkpt lon="-123.264537" lat="44.586926"><ele>71.808823</ele><time>2021-01-19T22:07:01Z</time><extensions><speed>0.167476</speed><course>162.121445</course><hAcc>0.825679</hAcc><vAcc>0.593461</vAcc></extensions></trkpt>
      <trkpt lon="-123.264535" lat="44.586925"><ele>71.787285</ele><time>2021-01-19T22:07:02Z</time><extensions><speed>0.162626</speed><course>113.873848</course><hAcc>0.840925</hAcc><vAcc>0.602609</vAcc></extensions></trkpt>
      <trkpt lon="-123.264534" lat="44.586925"><ele>71.770660</ele><time>2021-01-19T22:07:03Z</time><extensions><speed>0.150184</speed><course>93.623749</course><hAcc>0.855629</hAcc><vAcc>0.611425</vAcc></extensions></trkpt>
      <trkpt lon="-123.264533" lat="44.586924"><ele>71.759644</ele><time>2021-01-19T22:07:04Z</time><extensions><speed>0.133209</speed><course>142.351959</course><hAcc>0.868499</hAcc><vAcc>0.619139</vAcc></extensions></trkpt>
      <trkpt lon="-123.264531" lat="44.586923"><ele>71.754395</ele><time>2021-01-19T22:07:05Z</time><extensions><speed>0.114760</speed><course>185.016922</course><hAcc>0.878680</hAcc><vAcc>0.625242</vAcc></extensions></trkpt>
      <trkpt lon="-123.264531" lat="44.586922"><ele>71.754532</ele><time>2021-01-19T22:07:06Z</time><extensions><speed>0.097957</speed><course>170.016052</course><hAcc>0.885666</hAcc><vAcc>0.629431</vAcc></extensions></trkpt>
      <trkpt lon="-123.264530" lat="44.586921"><ele>71.759354</ele><time>2021-01-19T22:07:07Z</time><extensions><speed>0.085414</speed><course>175.219559</course><hAcc>0.889193</hAcc><vAcc>0.631549</vAcc></extensions></trkpt>
      <trkpt lon="-123.264530" lat="44.586921"><ele>71.768021</ele><time>2021-01-19T22:07:08Z</time><extensions><speed>0.078323</speed><course>176.753021</course><hAcc>0.889164</hAcc><vAcc>0.631539</vAcc></extensions></trkpt>
      <trkpt lon="-123.264529" lat="44.586920"><ele>71.779709</ele><time>2021-01-19T22:07:09Z</time><extensions><speed>0.076132</speed><course>177.055328</course><hAcc>0.885608</hAcc><vAcc>0.629420</vAcc></extensions></trkpt>
      <trkpt lon="-123.264529" lat="44.586919"><ele>71.793587</ele><time>2021-01-19T22:07:10Z</time><extensions><speed>0.077244</speed><course>184.980820</course><hAcc>0.878682</hAcc><vAcc>0.625288</vAcc></extensions></trkpt>
      <trkpt lon="-123.264530" lat="44.586919"><ele>71.808769</ele><time>2021-01-19T22:07:11Z</time><extensions><speed>0.080434</speed><course>212.126053</course><hAcc>0.868720</hAcc><vAcc>0.619346</vAcc></extensions></trkpt>
      <trkpt lon="-123.264530" lat="44.586918"><ele>71.824478</ele><time>2021-01-19T22:07:12Z</time><extensions><speed>0.085356</speed><course>127.903191</course><hAcc>0.856315</hAcc><vAcc>0.611950</vAcc></extensions></trkpt>
      <trkpt lon="-123.264530" lat="44.586917"><ele>71.839958</ele><time>2021-01-19T22:07:13Z</time><extensions><speed>0.092616</speed><course>68.586090</course><hAcc>0.842422</hAcc><vAcc>0.603670</vAcc></extensions></trkpt>
      <trkpt lon="-123.264530" lat="44.586916"><ele>71.854584</ele><time>2021-01-19T22:07:14Z</time><extensions><speed>0.102826</speed><course>17.707478</course><hAcc>0.828440</hAcc><vAcc>0.595334</vAcc></extensions></trkpt>
      <trkpt lon="-123.264531" lat="44.586915"><ele>71.867889</ele><time>2021-01-19T22:07:15Z</time><extensions><speed>0.115535</speed><course>359.796356</course><hAcc>0.815989</hAcc><vAcc>0.587901</vAcc></extensions></trkpt>
      <trkpt lon="-123.264531" lat="44.586914"><ele>71.879539</ele><time>2021-01-19T22:07:16Z</time><extensions><speed>0.129370</speed><course>81.375000</course><hAcc>0.806366</hAcc><vAcc>0.582138</vAcc></extensions></trkpt>
      <trkpt lon="-123.264532" lat="44.586913"><ele>71.889412</ele><time>2021-01-19T22:07:17Z</time><extensions><speed>0.142512</speed><course>76.113029</course><hAcc>0.800280</hAcc><vAcc>0.578469</vAcc></extensions></trkpt>
      <trkpt lon="-123.264533" lat="44.586912"><ele>71.897430</ele><time>2021-01-19T22:07:18Z</time><extensions><speed>0.151031</speed><course>121.656143</course><hAcc>0.797886</hAcc><vAcc>0.576988</vAcc></extensions></trkpt>
      <trkpt lon="-123.264535" lat="44.586911"><ele>71.903328</ele><time>2021-01-19T22:07:19Z</time><extensions><speed>0.150358</speed><course>143.113297</course><hAcc>0.798835</hAcc><vAcc>0.577493</vAcc></extensions></trkpt>
      <trkpt lon="-123.264536" lat="44.586910"><ele>71.906754</ele><time>2021-01-19T22:07:20Z</time><extensions><speed>0.140118</speed><course>147.708420</course><hAcc>0.802319</hAcc><vAcc>0.579506</vAcc></extensions></trkpt>
      <trkpt lon="-123.264537" lat="44.586910"><ele>71.907570</ele><time>2021-01-19T22:07:21Z</time><extensions><speed>0.125741</speed><course>148.664551</course><hAcc>0.807105</hAcc><vAcc>0.582295</vAcc></extensions></trkpt>
      <trkpt lon="-123.264539" lat="44.586910"><ele>71.906136</ele><time>2021-01-19T22:07:22Z</time><extensions><speed>0.117501</speed><course>155.579437</course><hAcc>0.811594</hAcc><vAcc>0.584910</vAcc></extensions></trkpt>
      <trkpt lon="-123.264540" lat="44.586910"><ele>71.903130</ele><time>2021-01-19T22:07:23Z</time><extensions><speed>0.122974</speed><course>212.507309</course><hAcc>0.814151</hAcc><vAcc>0.586380</vAcc></extensions></trkpt>
      <trkpt lon="-123.264542" lat="44.586911"><ele>71.899200</ele><time>2021-01-19T22:07:24Z</time><extensions><speed>0.141149</speed><course>146.308777</course><hAcc>0.813718</hAcc><vAcc>0.586072</vAcc></extensions></trkpt>
      <trkpt lon="-123.264543" lat="44.586911"><ele>71.894623</ele><time>2021-01-19T22:07:25Z</time><extensions><speed>0.166181</speed><course>166.747162</course><hAcc>0.810119</hAcc><vAcc>0.583873</vAcc></extensions></trkpt>
      <trkpt lon="-123.264544" lat="44.586913"><ele>71.888954</ele><time>2021-01-19T22:07:26Z</time><extensions><speed>0.192914</speed><course>162.900040</course><hAcc>0.804041</hAcc><vAcc>0.580185</vAcc></extensions></trkpt>
      <trkpt lon="-123.264546" lat="44.586914"><ele>71.880981</ele><time>2021-01-19T22:07:27Z</time><extensions><speed>0.219096</speed><course>155.196350</course><hAcc>0.796705</hAcc><vAcc>0.575726</vAcc></extensions></trkpt>
      <trkpt lon="-123.264547" lat="44.586916"><ele>71.869064</ele><time>2021-01-19T22:07:28Z</time><extensions><speed>0.244448</speed><course>156.945633</course><hAcc>0.789263</hAcc><vAcc>0.571180</vAcc></extensions></trkpt>
      <trkpt lon="-123.264549" lat="44.586918"><ele>71.851883</ele><time>2021-01-19T22:07:29Z</time><extensions><speed>0.269195</speed><course>2.612873</course><hAcc>0.782492</hAcc><vAcc>0.567015</vAcc></extensions></trkpt>
      <trkpt lon="-123.264551" lat="44.586920"><ele>71.829002</ele><time>2021-01-19T22:07:30Z</time><extensions><speed>0.293603</speed><course>335.291962</course><hAcc>0.776818</hAcc><vAcc>0.563495</vAcc></extensions></trkpt>
      <trkpt lon="-123.264554" lat="44.586922"><ele>71.800865</ele><time>2021-01-19T22:07:31Z</time><extensions><speed>0.316920</speed><course>329.208984</course><hAcc>0.772396</hAcc><vAcc>0.560727</vAcc></extensions></trkpt>
      <trkpt lon="-123.264557" lat="44.586924"><ele>71.768684</ele><time>2021-01-19T22:07:32Z</time><extensions><speed>0.337166</speed><course>319.092041</course><hAcc>0.769207</hAcc><vAcc>0.558713</vAcc></extensions></trkpt>
      <trkpt lon="-123.264560" lat="44.586926"><ele>71.734146</ele><time>2021-01-19T22:07:33Z</time><extensions><speed>0.351626</speed><course>189.450562</course><hAcc>0.767155</hAcc><vAcc>0.557409</vAcc></extensions></trkpt>
      <trkpt lon="-123.264564" lat="44.586928"><ele>71.698921</ele><time>2021-01-19T22:07:34Z</time><extensions><speed>0.357661</speed><course>99.696594</course><hAcc>0.766147</hAcc><vAcc>0.556768</vAcc></extensions></trkpt>
      <trkpt lon="-123.264568" lat="44.586929"><ele>71.664261</ele><time>2021-01-19T22:07:35Z</time><extensions><speed>0.353367</speed><course>86.870987</course><hAcc>0.766154</hAcc><vAcc>0.556782</vAcc></extensions></trkpt>
      <trkpt lon="-123.264572" lat="44.586931"><ele>71.630913</ele><time>2021-01-19T22:07:36Z</time><extensions><speed>0.338035</speed><course>55.935677</course><hAcc>0.767249</hAcc><vAcc>0.557494</vAcc></extensions></trkpt>
      <trkpt lon="-123.264576" lat="44.586932"><ele>71.599335</ele><time>2021-01-19T22:07:37Z</time><extensions><speed>0.313525</speed><course>23.601969</course><hAcc>0.769619</hAcc><vAcc>0.559015</vAcc></extensions></trkpt>
      <trkpt lon="-123.264579" lat="44.586933"><ele>71.569916</ele><time>2021-01-19T22:07:38Z</time><extensions><speed>0.283035</speed><course>28.354450</course><hAcc>0.773554</hAcc><vAcc>0.561510</vAcc></extensions></trkpt>
      <trkpt lon="-123.264582" lat="44.586934"><ele>71.543381</ele><time>2021-01-19T22:07:39Z</time><extensions><speed>0.249851</speed><course>26.991697</course><hAcc>0.779404</hAcc><vAcc>0.565175</vAcc></extensions></trkpt>
      <trkpt lon="-123.264584" lat="44.586936"><ele>71.521103</ele><time>2021-01-19T22:07:40Z</time><extensions><speed>0.217445</speed><course>25.645201</course><hAcc>0.787503</hAcc><vAcc>0.570192</vAcc></extensions></trkpt>
      <trkpt lon="-123.264586" lat="44.586937"><ele>71.504845</ele><time>2021-01-19T22:07:41Z</time><extensions><speed>0.188073</speed><course>25.357050</course><hAcc>0.798055</hAcc><vAcc>0.576663</vAcc></extensions></trkpt>
      <trkpt lon="-123.264588" lat="44.586937"><ele>71.496124</ele><time>2021-01-19T22:07:42Z</time><extensions><speed>0.161262</speed><course>24.474340</course><hAcc>0.810998</hAcc><vAcc>0.584535</vAcc></extensions></trkpt>
      <trkpt lon="-123.264590" lat="44.586938"><ele>71.495720</ele><time>2021-01-19T22:07:43Z</time><extensions><speed>0.134590</speed><course>25.451349</course><hAcc>0.825868</hAcc><vAcc>0.593521</vAcc></extensions></trkpt>
      <trkpt lon="-123.264591" lat="44.586939"><ele>71.503441</ele><time>2021-01-19T22:07:44Z</time><extensions><speed>0.106011</speed><course>26.325413</course><hAcc>0.841693</hAcc><vAcc>0.603040</vAcc></extensions></trkpt>
      <trkpt lon="-123.264592" lat="44.586940"><ele>71.518555</ele><time>2021-01-19T22:07:45Z</time><extensions><speed>0.075369</speed><course>28.852501</course><hAcc>0.857211</hAcc><vAcc>0.612348</vAcc></extensions></trkpt>
      <trkpt lon="-123.264592" lat="44.586940"><ele>71.540375</ele><time>2021-01-19T22:07:46Z</time><extensions><speed>0.043968</speed><course>35.508167</course><hAcc>0.871386</hAcc><vAcc>0.620832</vAcc></extensions></trkpt>
      <trkpt lon="-123.264592" lat="44.586940"><ele>71.568405</ele><time>2021-01-19T22:07:47Z</time><extensions><speed>0.013472</speed><course>26.110872</course><hAcc>0.883630</hAcc><vAcc>0.628148</vAcc></extensions></trkpt>
      <trkpt lon="-123.264592" lat="44.586940"><ele>71.602112</ele><time>2021-01-19T22:07:48Z</time><extensions><speed>0.019978</speed><course>53.280884</course><hAcc>0.893719</hAcc><vAcc>0.634167</vAcc></extensions></trkpt>
      <trkpt lon="-123.264592" lat="44.586940"><ele>71.640579</ele><time>2021-01-19T22:07:49Z</time><extensions><speed>0.052805</speed><course>68.593445</course><hAcc>0.901694</hAcc><vAcc>0.638915</vAcc></extensions></trkpt>
      <trkpt lon="-123.264592" lat="44.586939"><ele>71.682457</ele><time>2021-01-19T22:07:50Z</time><extensions><speed>0.088615</speed><course>64.699562</course><hAcc>0.907755</hAcc><vAcc>0.642515</vAcc></extensions></trkpt>
      <trkpt lon="-123.264591" lat="44.586938"><ele>71.726204</ele><time>2021-01-19T22:07:51Z</time><extensions><speed>0.126340</speed><course>66.749794</course><hAcc>0.912185</hAcc><vAcc>0.645140</vAcc></extensions></trkpt>
      <trkpt lon="-123.264590" lat="44.586937"><ele>71.770164</ele><time>2021-01-19T22:07:52Z</time><extensions><speed>0.163253</speed><course>80.417496</course><hAcc>0.915287</hAcc><vAcc>0.646973</vAcc></extensions></trkpt>
      <trkpt lon="-123.264589" lat="44.586936"><ele>71.812614</ele><time>2021-01-19T22:07:53Z</time><extensions><speed>0.196100</speed><course>111.988274</course><hAcc>0.917344</hAcc><vAcc>0.648186</vAcc></extensions></trkpt>
      <trkpt lon="-123.264588" lat="44.586934"><ele>71.851799</ele><time>2021-01-19T22:07:54Z</time><extensions><speed>0.222707</speed><course>185.652649</course><hAcc>0.918587</hAcc><vAcc>0.648917</vAcc></extensions></trkpt>
      <trkpt lon="-123.264586" lat="44.586933"><ele>71.886116</ele><time>2021-01-19T22:07:55Z</time><extensions><speed>0.242038</speed><course>224.897980</course><hAcc>0.919178</hAcc><vAcc>0.649264</vAcc></extensions></trkpt>
      <trkpt lon="-123.264584" lat="44.586931"><ele>71.914291</ele><time>2021-01-19T22:07:56Z</time><extensions><speed>0.254598</speed><course>262.828400</course><hAcc>0.919201</hAcc><vAcc>0.649277</vAcc></extensions></trkpt>
      <trkpt lon="-123.264582" lat="44.586929"><ele>71.935516</ele><time>2021-01-19T22:07:57Z</time><extensions><speed>0.262945</speed><course>319.151093</course><hAcc>0.918655</hAcc><vAcc>0.648957</vAcc></extensions></trkpt>
      <trkpt lon="-123.264579" lat="44.586928"><ele>71.949562</ele><time>2021-01-19T22:07:58Z</time><extensions><speed>0.270847</speed><course>342.924957</course><hAcc>0.917457</hAcc><vAcc>0.648254</vAcc></extensions></trkpt>
      <trkpt lon="-123.264576" lat="44.586927"><ele>71.956818</ele><time>2021-01-19T22:07:59Z</time><extensions><speed>0.280478</speed><course>354.624939</course><hAcc>0.915445</hAcc><vAcc>0.647067</vAcc></extensions></trkpt>
      <trkpt lon="-123.264572" lat="44.586927"><ele>71.958214</ele><time>2021-01-19T22:08:00Z</time><extensions><speed>0.290399</speed><course>355.769104</course><hAcc>0.912386</hAcc><vAcc>0.645258</vAcc></extensions></trkpt>
      <trkpt lon="-123.264569" lat="44.586926"><ele>71.955070</ele><time>2021-01-19T22:08:01Z</time><extensions><speed>0.296013</speed><course>0.268738</course><hAcc>0.907993</hAcc><vAcc>0.642653</vAcc></extensions></trkpt>
      <trkpt lon="-123.264565" lat="44.586927"><ele>71.948906</ele><time>2021-01-19T22:08:02Z</time><extensions><speed>0.292936</speed><course>0.373361</course><hAcc>0.901961</hAcc><vAcc>0.639067</vAcc></extensions></trkpt>
      <trkpt lon="-123.264561" lat="44.586927"><ele>71.941231</ele><time>2021-01-19T22:08:03Z</time><extensions><speed>0.279884</speed><course>11.473471</course><hAcc>0.894000</hAcc><vAcc>0.634323</vAcc></extensions></trkpt>
      <trkpt lon="-123.264558" lat="44.586927"><ele>71.933266</ele><time>2021-01-19T22:08:04Z</time><extensions><speed>0.257501</speed><course>11.962584</course><hAcc>0.883905</hAcc><vAcc>0.628298</vAcc></extensions></trkpt>
      <trkpt lon="-123.264555" lat="44.586928"><ele>71.925705</ele><time>2021-01-19T22:08:05Z</time><extensions><speed>0.228269</speed><course>13.279485</course><hAcc>0.871637</hAcc><vAcc>0.620965</vAcc></extensions></trkpt>
      <trkpt lon="-123.264552" lat="44.586928"><ele>71.919037</ele><time>2021-01-19T22:08:06Z</time><extensions><speed>0.196620</speed><course>14.054879</course><hAcc>0.857422</hAcc><vAcc>0.612458</vAcc></extensions></trkpt>
      <trkpt lon="-123.264550" lat="44.586929"><ele>71.913559</ele><time>2021-01-19T22:08:07Z</time><extensions><speed>0.167223</speed><course>13.335409</course><hAcc>0.841870</hAcc><vAcc>0.603139</vAcc></extensions></trkpt>
      <trkpt lon="-123.264548" lat="44.586929"><ele>71.909393</ele><time>2021-01-19T22:08:08Z</time><extensions><speed>0.143679</speed><course>343.800232</course><hAcc>0.826059</hAcc><vAcc>0.593648</vAcc></extensions></trkpt>
      <trkpt lon="-123.264547" lat="44.586930"><ele>71.906609</ele><time>2021-01-19T22:08:09Z</time><extensions><speed>0.128031</speed><course>323.281616</course><hAcc>0.811330</hAcc><vAcc>0.584781</vAcc></extensions></trkpt>
      <trkpt lon="-123.264545" lat="44.586930"><ele>71.905418</ele><time>2021-01-19T22:08:10Z</time><extensions><speed>0.119945</speed><course>293.428040</course><hAcc>0.798783</hAcc><vAcc>0.577202</vAcc></extensions></trkpt>
      <trkpt lon="-123.264544" lat="44.586930"><ele>71.906212</ele><time>2021-01-19T22:08:11Z</time><extensions><speed>0.116787</speed><course>234.732269</course><hAcc>0.789073</hAcc><vAcc>0.571314</vAcc></extensions></trkpt>
      <trkpt lon="-123.264542" lat="44.586931"><ele>71.909386</ele><time>2021-01-19T22:08:12Z</time><extensions><speed>0.114281</speed><course>187.728073</course><hAcc>0.782518</hAcc><vAcc>0.567326</vAcc></extensions></trkpt>
      <trkpt lon="-123.264541" lat="44.586931"><ele>71.915154</ele><time>2021-01-19T22:08:13Z</time><extensions><speed>0.108868</speed><course>165.944855</course><hAcc>0.779234</hAcc><vAcc>0.565323</vAcc></extensions></trkpt>
      <trkpt lon="-123.264540" lat="44.586931"><ele>71.923210</ele><time>2021-01-19T22:08:14Z</time><extensions><speed>0.099811</speed><course>163.280182</course><hAcc>0.779245</hAcc><vAcc>0.565330</vAcc></extensions></trkpt>
      <trkpt lon="-123.264539" lat="44.586931"><ele>71.932663</ele><time>2021-01-19T22:08:15Z</time><extensions><speed>0.087642</speed><course>159.411896</course><hAcc>0.782551</hAcc><vAcc>0.567346</vAcc></extensions></trkpt>
      <trkpt lon="-123.264538" lat="44.586931"><ele>71.942528</ele><time>2021-01-19T22:08:16Z</time><extensions><speed>0.072873</speed><course>139.674713</course><hAcc>0.789118</hAcc><vAcc>0.571342</vAcc></extensions></trkpt>
      <trkpt lon="-123.264537" lat="44.586931"><ele>71.952110</ele><time>2021-01-19T22:08:17Z</time><extensions><speed>0.056042</speed><course>127.341270</course><hAcc>0.798812</hAcc><vAcc>0.577222</vAcc></extensions></trkpt>
      <trkpt lon="-123.264536" lat="44.586931"><ele>71.960953</ele><time>2021-01-19T22:08:18Z</time><extensions><speed>0.037705</speed><course>117.930840</course><hAcc>0.811278</hAcc><vAcc>0.584757</vAcc></extensions></trkpt>
      <trkpt lon="-123.264536" lat="44.586931"><ele>71.968826</ele><time>2021-01-19T22:08:19Z</time><extensions><speed>0.019046</speed><course>114.726021</course><hAcc>0.825797</hAcc><vAcc>0.593505</vAcc></extensions></trkpt>
      <trkpt lon="-123.264536" lat="44.586931"><ele>71.975601</ele><time>2021-01-19T22:08:20Z</time><extensions><speed>0.012648</speed><course>116.508858</course><hAcc>0.841177</hAcc><vAcc>0.602748</vAcc></extensions></trkpt>
      <trkpt lon="-123.264536" lat="44.586931"><ele>71.981247</ele><time>2021-01-19T22:08:21Z</time><extensions><speed>0.031677</speed><course>111.736801</course><hAcc>0.855942</hAcc><vAcc>0.611609</vAcc></extensions></trkpt>
      <trkpt lon="-123.264537" lat="44.586930"><ele>71.985786</ele><time>2021-01-19T22:08:22Z</time><extensions><speed>0.055516</speed><course>112.404465</course><hAcc>0.868838</hAcc><vAcc>0.619344</vAcc></extensions></trkpt>
      <trkpt lon="-123.264537" lat="44.586930"><ele>71.989281</ele><time>2021-01-19T22:08:23Z</time><extensions><speed>0.081081</speed><course>108.969490</course><hAcc>0.879033</hAcc><vAcc>0.625458</vAcc></extensions></trkpt>
      <trkpt lon="-123.264539" lat="44.586930"><ele>71.991814</ele><time>2021-01-19T22:08:24Z</time><extensions><speed>0.107810</speed><course>103.809860</course><hAcc>0.886032</hAcc><vAcc>0.629654</vAcc></extensions></trkpt>
      <trkpt lon="-123.264540" lat="44.586930"><ele>71.993500</ele><time>2021-01-19T22:08:25Z</time><extensions><speed>0.135721</speed><course>103.596634</course><hAcc>0.889576</hAcc><vAcc>0.631779</vAcc></extensions></trkpt>
      <trkpt lon="-123.264542" lat="44.586930"><ele>71.994484</ele><time>2021-01-19T22:08:26Z</time><extensions><speed>0.165210</speed><course>93.111107</course><hAcc>0.889564</hAcc><vAcc>0.631777</vAcc></extensions></trkpt>
      <trkpt lon="-123.264544" lat="44.586930"><ele>71.994911</ele><time>2021-01-19T22:08:27Z</time><extensions><speed>0.196516</speed><course>92.269844</course><hAcc>0.886019</hAcc><vAcc>0.629662</vAcc></extensions></trkpt>
      <trkpt lon="-123.264547" lat="44.586930"><ele>71.994949</ele><time>2021-01-19T22:08:28Z</time><extensions><speed>0.229707</speed><course>91.951019</course><hAcc>0.879094</hAcc><vAcc>0.625531</vAcc></extensions></trkpt>
      <trkpt lon="-123.264550" lat="44.586930"><ele>71.994766</ele><time>2021-01-19T22:08:29Z</time><extensions><speed>0.264709</speed><course>87.913277</course><hAcc>0.869122</hAcc><vAcc>0.619585</vAcc></extensions></trkpt>
      <trkpt lon="-123.264554" lat="44.586931"><ele>71.994514</ele><time>2021-01-19T22:08:30Z</time><extensions><speed>0.301321</speed><course>73.229149</course><hAcc>0.856707</hAcc><vAcc>0.612190</vAcc></extensions></trkpt>
      <trkpt lon="-123.264558" lat="44.586931"><ele>71.994339</ele><time>2021-01-19T22:08:31Z</time><extensions><speed>0.339233</speed><course>62.218842</course><hAcc>0.842834</hAcc><vAcc>0.603936</vAcc></extensions></trkpt>
      <trkpt lon="-123.264562" lat="44.586932"><ele>71.994354</ele><time>2021-01-19T22:08:32Z</time><extensions><speed>0.377856</speed><course>58.060413</course><hAcc>0.828971</hAcc><vAcc>0.595695</vAcc></extensions></trkpt>
      <trkpt lon="-123.264567" lat="44.586933"><ele>71.994591</ele><time>2021-01-19T22:08:33Z</time><extensions><speed>0.415485</speed><course>41.736786</course><hAcc>0.816853</hAcc><vAcc>0.588494</vAcc></extensions></trkpt>
      <trkpt lon="-123.264572" lat="44.586934"><ele>71.994926</ele><time>2021-01-19T22:08:34Z</time><extensions><speed>0.450077</speed><course>40.552429</course><hAcc>0.807957</hAcc><vAcc>0.583209</vAcc></extensions></trkpt>
      <trkpt lon="-123.264577" lat="44.586936"><ele>71.995132</ele><time>2021-01-19T22:08:35Z</time><extensions><speed>0.480712</speed><course>48.610947</course><hAcc>0.803251</hAcc><vAcc>0.580413</vAcc></extensions></trkpt>
      <trkpt lon="-123.264583" lat="44.586938"><ele>71.994888</ele><time>2021-01-19T22:08:36Z</time><extensions><speed>0.507370</speed><course>50.825939</course><hAcc>0.803220</hAcc><vAcc>0.580395</vAcc></extensions></trkpt>
      <trkpt lon="-123.264588" lat="44.586940"><ele>71.993858</ele><time>2021-01-19T22:08:37Z</time><extensions><speed>0.529518</speed><course>50.515247</course><hAcc>0.807904</hAcc><vAcc>0.583179</vAcc></extensions></trkpt>
      <trkpt lon="-123.264594" lat="44.586943"><ele>71.991768</ele><time>2021-01-19T22:08:38Z</time><extensions><speed>0.546074</speed><course>53.990982</course><hAcc>0.816905</hAcc><vAcc>0.588528</vAcc></extensions></trkpt>
      <trkpt lon="-123.264599" lat="44.586947"><ele>71.988403</ele><time>2021-01-19T22:08:39Z</time><extensions><speed>0.556158</speed><course>79.828674</course><hAcc>0.829377</hAcc><vAcc>0.595940</vAcc></extensions></trkpt>
      <trkpt lon="-123.264604" lat="44.586950"><ele>71.983513</ele><time>2021-01-19T22:08:40Z</time><extensions><speed>0.558753</speed><course>80.104034</course><hAcc>0.844014</hAcc><vAcc>0.604645</vAcc></extensions></trkpt>
      <trkpt lon="-123.264609" lat="44.586954"><ele>71.976776</ele><time>2021-01-19T22:08:41Z</time><extensions><speed>0.552725</speed><course>81.440048</course><hAcc>0.859320</hAcc><vAcc>0.613762</vAcc></extensions></trkpt>
      <trkpt lon="-123.264614" lat="44.586957"><ele>71.967850</ele><time>2021-01-19T22:08:42Z</time><extensions><speed>0.537345</speed><course>81.977768</course><hAcc>0.874153</hAcc><vAcc>0.622621</vAcc></extensions></trkpt>
      <trkpt lon="-123.264618" lat="44.586961"><ele>71.956421</ele><time>2021-01-19T22:08:43Z</time><extensions><speed>0.512919</speed><course>79.164764</course><hAcc>0.887946</hAcc><vAcc>0.630893</vAcc></extensions></trkpt>
      <trkpt lon="-123.264622" lat="44.586964"><ele>71.942215</ele><time>2021-01-19T22:08:44Z</time><extensions><speed>0.480584</speed><course>71.950340</course><hAcc>0.900607</hAcc><vAcc>0.638532</vAcc></extensions></trkpt>
      <trkpt lon="-123.264625" lat="44.586968"><ele>71.925041</ele><time>2021-01-19T22:08:45Z</time><extensions><speed>0.441533</speed><course>70.844231</course><hAcc>0.912390</hAcc><vAcc>0.645705</vAcc></extensions></trkpt>
      <trkpt lon="-123.264628" lat="44.586971"><ele>71.904823</ele><time>2021-01-19T22:08:46Z</time><extensions><speed>0.396716</speed><course>74.212303</course><hAcc>0.923758</hAcc><vAcc>0.652703</vAcc></extensions></trkpt>
      <trkpt lon="-123.264631" lat="44.586974"><ele>71.881683</ele><time>2021-01-19T22:08:47Z</time><extensions><speed>0.347250</speed><course>72.744476</course><hAcc>0.935245</hAcc><vAcc>0.659865</vAcc></extensions></trkpt>
      <trkpt lon="-123.264633" lat="44.586976"><ele>71.855888</ele><time>2021-01-19T22:08:48Z</time><extensions><speed>0.294833</speed><course>73.236244</course><hAcc>0.947334</hAcc><vAcc>0.667498</vAcc></extensions></trkpt>
      <trkpt lon="-123.264634" lat="44.586978"><ele>71.827805</ele><time>2021-01-19T22:08:49Z</time><extensions><speed>0.242833</speed><course>75.399979</course><hAcc>0.960330</hAcc><vAcc>0.675799</vAcc></extensions></trkpt>
      <trkpt lon="-123.264634" lat="44.586980"><ele>71.797943</ele><time>2021-01-19T22:08:50Z</time><extensions><speed>0.198374</speed><course>76.680237</course><hAcc>0.974243</hAcc><vAcc>0.684782</vAcc></extensions></trkpt>
      <trkpt lon="-123.264634" lat="44.586982"><ele>71.767082</ele><time>2021-01-19T22:08:51Z</time><extensions><speed>0.175468</speed><course>68.159760</course><hAcc>0.988694</hAcc><vAcc>0.694215</vAcc></extensions></trkpt>
      <trkpt lon="-123.264632" lat="44.586983"><ele>71.736343</ele><time>2021-01-19T22:08:52Z</time><extensions><speed>0.189722</speed><course>72.840591</course><hAcc>1.002855</hAcc><vAcc>0.703580</vAcc></extensions></trkpt>
      <trkpt lon="-123.264630" lat="44.586984"><ele>71.706985</ele><time>2021-01-19T22:08:53Z</time><extensions><speed>0.238901</speed><course>73.863739</course><hAcc>1.015595</hAcc><vAcc>0.712168</vAcc></extensions></trkpt>
      <trkpt lon="-123.264627" lat="44.586985"><ele>71.680267</ele><time>2021-01-19T22:08:54Z</time><extensions><speed>0.308482</speed><course>76.730812</course><hAcc>1.025815</hAcc><vAcc>0.719290</vAcc></extensions></trkpt>
      <trkpt lon="-123.264622" lat="44.586985"><ele>71.657280</ele><time>2021-01-19T22:08:55Z</time><extensions><speed>0.387636</speed><course>76.889656</course><hAcc>1.032614</hAcc><vAcc>0.724388</vAcc></extensions></trkpt>
      <trkpt lon="-123.264617" lat="44.586985"><ele>71.638954</ele><time>2021-01-19T22:08:56Z</time><extensions><speed>0.469976</speed><course>81.513252</course><hAcc>1.035283</hAcc><vAcc>0.727022</vAcc></extensions></trkpt>
      <trkpt lon="-123.264610" lat="44.586985"><ele>71.626015</ele><time>2021-01-19T22:08:57Z</time><extensions><speed>0.551013</speed><course>74.466644</course><hAcc>1.033294</hAcc><vAcc>0.726863</vAcc></extensions></trkpt>
      <trkpt lon="-123.264603" lat="44.586984"><ele>71.619003</ele><time>2021-01-19T22:08:58Z</time><extensions><speed>0.627624</speed><course>75.115356</course><hAcc>1.026473</hAcc><vAcc>0.723813</vAcc></extensions></trkpt>
      <trkpt lon="-123.264595" lat="44.586983"><ele>71.618324</ele><time>2021-01-19T22:08:59Z</time><extensions><speed>0.696544</speed><course>75.404442</course><hAcc>1.015175</hAcc><vAcc>0.718116</vAcc></extensions></trkpt>
      <trkpt lon="-123.264586" lat="44.586982"><ele>71.624275</ele><time>2021-01-19T22:09:00Z</time><extensions><speed>0.752959</speed><course>74.211372</course><hAcc>1.000137</hAcc><vAcc>0.710252</vAcc></extensions></trkpt>
      <trkpt lon="-123.264576" lat="44.586981"><ele>71.637093</ele><time>2021-01-19T22:09:01Z</time><extensions><speed>0.791200</speed><course>74.211372</course><hAcc>0.982336</hAcc><vAcc>0.700812</vAcc></extensions></trkpt>
      <trkpt lon="-123.264566" lat="44.586980"><ele>71.656868</ele><time>2021-01-19T22:09:02Z</time><extensions><speed>0.804905</speed><course>74.211372</course><hAcc>0.962984</hAcc><vAcc>0.690490</vAcc></extensions></trkpt>
      <trkpt lon="-123.264558" lat="44.586979"><ele>71.678726</ele><time>2021-01-19T22:09:03Z</time><extensions><speed>0.793911</speed><course>74.211372</course><hAcc>0.948342</hAcc><vAcc>0.682990</vAcc></extensions></trkpt>
      <trkpt lon="-123.264556" lat="44.586978"><ele>71.683029</ele><time>2021-01-19T22:09:04Z</time><extensions><speed>0.793164</speed><course>74.211372</course><hAcc>0.946485</hAcc><vAcc>0.682174</vAcc></extensions></trkpt>
      <trkpt lon="-123.264547" lat="44.586977"><ele>71.714645</ele><time>2021-01-19T22:09:05Z</time><extensions><speed>0.749032</speed><course>74.211372</course><hAcc>0.937634</hAcc><vAcc>0.678952</vAcc></extensions></trkpt>
      <trkpt lon="-123.264538" lat="44.586976"><ele>71.752472</ele><time>2021-01-19T22:09:06Z</time><extensions><speed>0.688874</speed><course>74.211372</course><hAcc>0.930833</hAcc><vAcc>0.676713</vAcc></extensions></trkpt>
      <trkpt lon="-123.264530" lat="44.586976"><ele>71.795906</ele><time>2021-01-19T22:09:07Z</time><extensions><speed>0.618861</speed><course>74.211372</course><hAcc>0.926088</hAcc><vAcc>0.675423</vAcc></extensions></trkpt>
      <trkpt lon="-123.264522" lat="44.586976"><ele>71.844315</ele><time>2021-01-19T22:09:08Z</time><extensions><speed>0.544113</speed><course>74.211372</course><hAcc>0.923134</hAcc><vAcc>0.674920</vAcc></extensions></trkpt>
      <trkpt lon="-123.264516" lat="44.586976"><ele>71.897011</ele><time>2021-01-19T22:09:09Z</time><extensions><speed>0.468836</speed><course>74.211372</course><hAcc>0.921587</hAcc><vAcc>0.674994</vAcc></extensions></trkpt>
      <trkpt lon="-123.264511" lat="44.586976"><ele>71.953293</ele><time>2021-01-19T22:09:10Z</time><extensions><speed>0.396474</speed><course>74.211372</course><hAcc>0.921047</hAcc><vAcc>0.675441</vAcc></extensions></trkpt>
      <trkpt lon="-123.264506" lat="44.586977"><ele>72.012421</ele><time>2021-01-19T22:09:11Z</time><extensions><speed>0.329830</speed><course>74.211372</course><hAcc>0.921156</hAcc><vAcc>0.676086</vAcc></extensions></trkpt>
      <trkpt lon="-123.264503" lat="44.586978"><ele>72.073631</ele><time>2021-01-19T22:09:12Z</time><extensions><speed>0.271185</speed><course>74.211372</course><hAcc>0.921631</hAcc><vAcc>0.676801</vAcc></extensions></trkpt>
      <trkpt lon="-123.264500" lat="44.586979"><ele>72.136108</ele><time>2021-01-19T22:09:13Z</time><extensions><speed>0.222484</speed><course>74.211372</course><hAcc>0.922267</hAcc><vAcc>0.677500</vAcc></extensions></trkpt>
      <trkpt lon="-123.264499" lat="44.586981"><ele>72.198914</ele><time>2021-01-19T22:09:14Z</time><extensions><speed>0.185861</speed><course>74.211372</course><hAcc>0.922932</hAcc><vAcc>0.678136</vAcc></extensions></trkpt>
      <trkpt lon="-123.264498" lat="44.586982"><ele>72.261040</ele><time>2021-01-19T22:09:15Z</time><extensions><speed>0.167706</speed><course>74.211372</course><hAcc>0.923550</hAcc><vAcc>0.678688</vAcc></extensions></trkpt>
      <trkpt lon="-123.264498" lat="44.586984"><ele>72.321419</ele><time>2021-01-19T22:09:16Z</time><extensions><speed>0.172586</speed><course>74.211372</course><hAcc>0.924088</hAcc><vAcc>0.679155</vAcc></extensions></trkpt>
      <trkpt lon="-123.264500" lat="44.586985"><ele>72.379120</ele><time>2021-01-19T22:09:17Z</time><extensions><speed>0.194438</speed><course>74.211372</course><hAcc>0.924537</hAcc><vAcc>0.679547</vAcc></extensions></trkpt>
      <trkpt lon="-123.264502" lat="44.586986"><ele>72.433571</ele><time>2021-01-19T22:09:18Z</time><extensions><speed>0.223596</speed><course>74.211372</course><hAcc>0.924907</hAcc><vAcc>0.679881</vAcc></extensions></trkpt>
      <trkpt lon="-123.264504" lat="44.586987"><ele>72.484634</ele><time>2021-01-19T22:09:19Z</time><extensions><speed>0.253466</speed><course>74.211372</course><hAcc>0.925214</hAcc><vAcc>0.680170</vAcc></extensions></trkpt>
      <trkpt lon="-123.264507" lat="44.586988"><ele>72.532387</ele><time>2021-01-19T22:09:20Z</time><extensions><speed>0.279426</speed><course>74.211372</course><hAcc>0.925472</hAcc><vAcc>0.680427</vAcc></extensions></trkpt>
      <trkpt lon="-123.264511" lat="44.586989"><ele>72.576698</ele><time>2021-01-19T22:09:21Z</time><extensions><speed>0.298845</speed><course>74.211372</course><hAcc>0.925695</hAcc><vAcc>0.680660</vAcc></extensions></trkpt>
      <trkpt lon="-123.264515" lat="44.586989"><ele>72.617210</ele><time>2021-01-19T22:09:22Z</time><extensions><speed>0.311608</speed><course>74.211372</course><hAcc>0.925893</hAcc><vAcc>0.680875</vAcc></extensions></trkpt>
      <trkpt lon="-123.264518" lat="44.586990"><ele>72.653748</ele><time>2021-01-19T22:09:23Z</time><extensions><speed>0.317884</speed><course>74.211372</course><hAcc>0.926071</hAcc><vAcc>0.681073</vAcc></extensions></trkpt>
      <trkpt lon="-123.264522" lat="44.586990"><ele>72.686516</ele><time>2021-01-19T22:09:24Z</time><extensions><speed>0.318241</speed><course>74.211372</course><hAcc>0.926233</hAcc><vAcc>0.681257</vAcc></extensions></trkpt>
      <trkpt lon="-123.264526" lat="44.586990"><ele>72.715942</ele><time>2021-01-19T22:09:25Z</time><extensions><speed>0.313948</speed><course>74.211372</course><hAcc>0.926385</hAcc><vAcc>0.681428</vAcc></extensions></trkpt>
      <trkpt lon="-123.264530" lat="44.586989"><ele>72.742439</ele><time>2021-01-19T22:09:26Z</time><extensions><speed>0.306349</speed><course>74.211372</course><hAcc>0.926526</hAcc><vAcc>0.681587</vAcc></extensions></trkpt>
      <trkpt lon="-123.264534" lat="44.586989"><ele>72.766365</ele><time>2021-01-19T22:09:27Z</time><extensions><speed>0.296452</speed><course>74.211372</course><hAcc>0.926658</hAcc><vAcc>0.681734</vAcc></extensions></trkpt>
      <trkpt lon="-123.264538" lat="44.586989"><ele>72.787956</ele><time>2021-01-19T22:09:28Z</time><extensions><speed>0.285297</speed><course>74.211372</course><hAcc>0.926781</hAcc><vAcc>0.681868</vAcc></extensions></trkpt>
      <trkpt lon="-123.264541" lat="44.586989"><ele>72.807304</ele><time>2021-01-19T22:09:29Z</time><extensions><speed>0.273759</speed><course>74.211372</course><hAcc>0.926891</hAcc><vAcc>0.681988</vAcc></extensions></trkpt>
      <trkpt lon="-123.264545" lat="44.586988"><ele>72.824387</ele><time>2021-01-19T22:09:30Z</time><extensions><speed>0.262591</speed><course>74.211372</course><hAcc>0.926987</hAcc><vAcc>0.682091</vAcc></extensions></trkpt>
      <trkpt lon="-123.264548" lat="44.586988"><ele>72.839149</ele><time>2021-01-19T22:09:31Z</time><extensions><speed>0.252727</speed><course>74.211372</course><hAcc>0.927066</hAcc><vAcc>0.682175</vAcc></extensions></trkpt>
      <trkpt lon="-123.264551" lat="44.586988"><ele>72.851578</ele><time>2021-01-19T22:09:32Z</time><extensions><speed>0.245139</speed><course>16.665649</course><hAcc>0.927126</hAcc><vAcc>0.682239</vAcc></extensions></trkpt>
      <trkpt lon="-123.264554" lat="44.586988"><ele>72.861771</ele><time>2021-01-19T22:09:33Z</time><extensions><speed>0.240767</speed><course>64.043686</course><hAcc>0.927167</hAcc><vAcc>0.682282</vAcc></extensions></trkpt>
      <trkpt lon="-123.264557" lat="44.586988"><ele>72.869904</ele><time>2021-01-19T22:09:34Z</time><extensions><speed>0.240629</speed><course>53.818668</course><hAcc>0.927189</hAcc><vAcc>0.682306</vAcc></extensions></trkpt>
      <trkpt lon="-123.264560" lat="44.586988"><ele>72.876221</ele><time>2021-01-19T22:09:35Z</time><extensions><speed>0.245343</speed><course>60.345432</course><hAcc>0.927197</hAcc><vAcc>0.682315</vAcc></extensions></trkpt>
      <trkpt lon="-123.264563" lat="44.586988"><ele>72.881020</ele><time>2021-01-19T22:09:36Z</time><extensions><speed>0.254976</speed><course>51.149456</course><hAcc>0.927197</hAcc><vAcc>0.682314</vAcc></extensions></trkpt>
      <trkpt lon="-123.264567" lat="44.586988"><ele>72.884705</ele><time>2021-01-19T22:09:37Z</time><extensions><speed>0.269254</speed><course>64.069023</course><hAcc>0.927191</hAcc><vAcc>0.682308</vAcc></extensions></trkpt>
      <trkpt lon="-123.264570" lat="44.586988"><ele>72.887650</ele><time>2021-01-19T22:09:38Z</time><extensions><speed>0.287593</speed><course>58.325027</course><hAcc>0.927185</hAcc><vAcc>0.682301</vAcc></extensions></trkpt>
      <trkpt lon="-123.264574" lat="44.586988"><ele>72.890152</ele><time>2021-01-19T22:09:39Z</time><extensions><speed>0.309165</speed><course>26.659531</course><hAcc>0.927181</hAcc><vAcc>0.682296</vAcc></extensions></trkpt>
      <trkpt lon="-123.264578" lat="44.586988"><ele>72.892365</ele><time>2021-01-19T22:09:40Z</time><extensions><speed>0.332894</speed><course>328.652191</course><hAcc>0.927180</hAcc><vAcc>0.682294</vAcc></extensions></trkpt>
      <trkpt lon="-123.264582" lat="44.586988"><ele>72.894104</ele><time>2021-01-19T22:09:41Z</time><extensions><speed>0.357314</speed><course>299.968567</course><hAcc>0.927183</hAcc><vAcc>0.682295</vAcc></extensions></trkpt>
      <trkpt lon="-123.264587" lat="44.586988"><ele>72.894890</ele><time>2021-01-19T22:09:42Z</time><extensions><speed>0.380404</speed><course>281.148071</course><hAcc>0.927185</hAcc><vAcc>0.682296</vAcc></extensions></trkpt>
      <trkpt lon="-123.264592" lat="44.586988"><ele>72.893990</ele><time>2021-01-19T22:09:43Z</time><extensions><speed>0.399721</speed><course>279.922424</course><hAcc>0.927183</hAcc><vAcc>0.682291</vAcc></extensions></trkpt>
      <trkpt lon="-123.264597" lat="44.586988"><ele>72.890587</ele><time>2021-01-19T22:09:44Z</time><extensions><speed>0.412583</speed><course>285.719147</course><hAcc>0.927169</hAcc><vAcc>0.682275</vAcc></extensions></trkpt>
      <trkpt lon="-123.264602" lat="44.586988"><ele>72.883949</ele><time>2021-01-19T22:09:45Z</time><extensions><speed>0.417892</speed><course>294.427490</course><hAcc>0.927138</hAcc><vAcc>0.682241</vAcc></extensions></trkpt>
      <trkpt lon="-123.264607" lat="44.586987"><ele>72.873451</ele><time>2021-01-19T22:09:46Z</time><extensions><speed>0.415661</speed><course>291.012177</course><hAcc>0.927087</hAcc><vAcc>0.682187</vAcc></extensions></trkpt>
      <trkpt lon="-123.264612" lat="44.586987"><ele>72.858292</ele><time>2021-01-19T22:09:47Z</time><extensions><speed>0.405742</speed><course>291.257874</course><hAcc>0.927016</hAcc><vAcc>0.682114</vAcc></extensions></trkpt>
      <trkpt lon="-123.264617" lat="44.586986"><ele>72.837624</ele><time>2021-01-19T22:09:48Z</time><extensions><speed>0.389183</speed><course>291.374878</course><hAcc>0.926932</hAcc><vAcc>0.682027</vAcc></extensions></trkpt>
      <trkpt lon="-123.264622" lat="44.586986"><ele>72.810844</ele><time>2021-01-19T22:09:49Z</time><extensions><speed>0.367460</speed><course>282.915344</course><hAcc>0.926845</hAcc><vAcc>0.681939</vAcc></extensions></trkpt>
      <trkpt lon="-123.264626" lat="44.586985"><ele>72.777924</ele><time>2021-01-19T22:09:50Z</time><extensions><speed>0.341616</speed><course>275.421356</course><hAcc>0.926772</hAcc><vAcc>0.681863</vAcc></extensions></trkpt>
      <trkpt lon="-123.264630" lat="44.586984"><ele>72.739670</ele><time>2021-01-19T22:09:51Z</time><extensions><speed>0.312208</speed><course>275.915497</course><hAcc>0.926736</hAcc><vAcc>0.681820</vAcc></extensions></trkpt>
      <trkpt lon="-123.264634" lat="44.586983"><ele>72.697723</ele><time>2021-01-19T22:09:52Z</time><extensions><speed>0.279742</speed><course>275.630829</course><hAcc>0.926761</hAcc><vAcc>0.681832</vAcc></extensions></trkpt>
      <trkpt lon="-123.264637" lat="44.586982"><ele>72.654015</ele><time>2021-01-19T22:09:53Z</time><extensions><speed>0.245349</speed><course>276.164917</course><hAcc>0.926876</hAcc><vAcc>0.681923</vAcc></extensions></trkpt>
      <trkpt lon="-123.264640" lat="44.586981"><ele>72.610176</ele><time>2021-01-19T22:09:54Z</time><extensions><speed>0.210703</speed><course>280.209259</course><hAcc>0.927116</hAcc><vAcc>0.682118</vAcc></extensions></trkpt>
      <trkpt lon="-123.264642" lat="44.586981"><ele>72.567459</ele><time>2021-01-19T22:09:55Z</time><extensions><speed>0.177293</speed><course>279.933167</course><hAcc>0.927521</hAcc><vAcc>0.682447</vAcc></extensions></trkpt>
      <trkpt lon="-123.264644" lat="44.586980"><ele>72.526833</ele><time>2021-01-19T22:09:56Z</time><extensions><speed>0.146062</speed><course>278.173676</course><hAcc>0.928137</hAcc><vAcc>0.682942</vAcc></extensions></trkpt>
      <trkpt lon="-123.264645" lat="44.586979"><ele>72.489006</ele><time>2021-01-19T22:09:57Z</time><extensions><speed>0.117644</speed><course>276.996857</course><hAcc>0.929008</hAcc><vAcc>0.683633</vAcc></extensions></trkpt>
      <trkpt lon="-123.264646" lat="44.586979"><ele>72.454483</ele><time>2021-01-19T22:09:58Z</time><extensions><speed>0.092417</speed><course>279.799835</course><hAcc>0.930173</hAcc><vAcc>0.684542</vAcc></extensions></trkpt>
      <trkpt lon="-123.264647" lat="44.586978"><ele>72.423569</ele><time>2021-01-19T22:09:59Z</time><extensions><speed>0.070562</speed><course>283.518890</course><hAcc>0.931653</hAcc><vAcc>0.685676</vAcc></extensions></trkpt>
      <trkpt lon="-123.264648" lat="44.586978"><ele>72.396408</ele><time>2021-01-19T22:10:00Z</time><extensions><speed>0.052129</speed><course>284.446442</course><hAcc>0.933440</hAcc><vAcc>0.687016</vAcc></extensions></trkpt>
      <trkpt lon="-123.264648" lat="44.586978"><ele>72.373001</ele><time>2021-01-19T22:10:01Z</time><extensions><speed>0.037105</speed><course>284.611176</course><hAcc>0.935483</hAcc><vAcc>0.688515</vAcc></extensions></trkpt>
      <trkpt lon="-123.264648" lat="44.586977"><ele>72.353241</ele><time>2021-01-19T22:10:02Z</time><extensions><speed>0.025518</speed><course>284.538300</course><hAcc>0.937680</hAcc><vAcc>0.690082</vAcc></extensions></trkpt>
      <trkpt lon="-123.264648" lat="44.586977"><ele>72.336937</ele><time>2021-01-19T22:10:03Z</time><extensions><speed>0.017601</speed><course>284.592987</course><hAcc>0.939871</hAcc><vAcc>0.691594</vAcc></extensions></trkpt>
      <trkpt lon="-123.264648" lat="44.586977"><ele>72.323845</ele><time>2021-01-19T22:10:04Z</time><extensions><speed>0.013739</speed><course>282.076965</course><hAcc>0.941851</hAcc><vAcc>0.692898</vAcc></extensions></trkpt>
      <trkpt lon="-123.264648" lat="44.586977"><ele>72.313660</ele><time>2021-01-19T22:10:05Z</time><extensions><speed>0.013385</speed><course>282.076965</course><hAcc>0.943398</hAcc><vAcc>0.693846</vAcc></extensions></trkpt>
      <trkpt lon="-123.264648" lat="44.586977"><ele>72.306061</ele><time>2021-01-19T22:10:06Z</time><extensions><speed>0.014629</speed><course>282.076965</course><hAcc>0.944340</hAcc><vAcc>0.694347</vAcc></extensions></trkpt>
      <trkpt lon="-123.264648" lat="44.586977"><ele>72.300728</ele><time>2021-01-19T22:10:07Z</time><extensions><speed>0.016009</speed><course>282.076965</course><hAcc>0.944674</hAcc><vAcc>0.694454</vAcc></extensions></trkpt>
      <trkpt lon="-123.264648" lat="44.586977"><ele>72.297333</ele><time>2021-01-19T22:10:08Z</time><extensions><speed>0.016991</speed><course>282.076965</course><hAcc>0.944746</hAcc><vAcc>0.694507</vAcc></extensions></trkpt>
      <trkpt lon="-123.264647" lat="44.586977"><ele>72.295547</ele><time>2021-01-19T22:10:09Z</time><extensions><speed>0.017491</speed><course>282.076965</course><hAcc>0.945530</hAcc><vAcc>0.695325</vAcc></extensions></trkpt>
      <trkpt lon="-123.264647" lat="44.586977"><ele>72.295097</ele><time>2021-01-19T22:10:10Z</time><extensions><speed>0.017582</speed><course>317.730042</course><hAcc>0.948987</hAcc><vAcc>0.698457</vAcc></extensions></trkpt>
      <trkpt lon="-123.264647" lat="44.586977"><ele>72.295700</ele><time>2021-01-19T22:10:11Z</time><extensions><speed>0.017383</speed><course>296.875671</course><hAcc>0.958487</hAcc><vAcc>0.706459</vAcc></extensions></trkpt>
      <trkpt lon="-123.264647" lat="44.586977"><ele>72.297119</ele><time>2021-01-19T22:10:12Z</time><extensions><speed>0.017014</speed><course>295.782318</course><hAcc>0.979160</hAcc><vAcc>0.723088</vAcc></extensions></trkpt>
      <trkpt lon="-123.264646" lat="44.586977"><ele>72.299149</ele><time>2021-01-19T22:10:13Z</time><extensions><speed>0.016579</speed><course>280.995667</course><hAcc>1.017915</hAcc><vAcc>0.753247</vAcc></extensions></trkpt>
      <trkpt lon="-123.264646" lat="44.586977"><ele>72.327469</ele><time>2021-01-19T22:10:14Z</time><extensions><speed>0.000664</speed><course>278.085938</course><hAcc>0.976684</hAcc><vAcc>0.721579</vAcc></extensions></trkpt>
      <trkpt lon="-123.264646" lat="44.586977"><ele>72.327530</ele><time>2021-01-19T22:10:15Z</time><extensions><speed>0.000535</speed><course>278.085938</course><hAcc>0.954983</hAcc><vAcc>0.704039</vAcc></extensions></trkpt>
      <trkpt lon="-123.264646" lat="44.586977"><ele>72.327606</ele><time>2021-01-19T22:10:16Z</time><extensions><speed>0.000543</speed><course>278.085938</course><hAcc>0.945741</hAcc><vAcc>0.696079</vAcc></extensions></trkpt>
      <trkpt lon="-123.264646" lat="44.586977"><ele>72.327690</ele><time>2021-01-19T22:10:17Z</time><extensions><speed>0.000831</speed><course>278.085938</course><hAcc>0.943144</hAcc><vAcc>0.693472</vAcc></extensions></trkpt>
      <trkpt lon="-123.264646" lat="44.586977"><ele>72.327797</ele><time>2021-01-19T22:10:18Z</time><extensions><speed>0.001353</speed><course>278.085938</course><hAcc>0.943365</hAcc><vAcc>0.693332</vAcc></extensions></trkpt>
      <trkpt lon="-123.264646" lat="44.586977"><ele>72.327919</ele><time>2021-01-19T22:10:19Z</time><extensions><speed>0.002059</speed><course>278.085938</course><hAcc>0.944187</hAcc><vAcc>0.693916</vAcc></extensions></trkpt>
      <trkpt lon="-123.264646" lat="44.586977"><ele>72.328072</ele><time>2021-01-19T22:10:20Z</time><extensions><speed>0.002939</speed><course>278.085938</course><hAcc>0.944528</hAcc><vAcc>0.694309</vAcc></extensions></trkpt>
      <trkpt lon="-123.264646" lat="44.586977"><ele>72.328247</ele><time>2021-01-19T22:10:21Z</time><extensions><speed>0.003997</speed><course>278.085938</course><hAcc>0.944018</hAcc><vAcc>0.694146</vAcc></extensions></trkpt>
      <trkpt lon="-123.264646" lat="44.586977"><ele>72.328461</ele><time>2021-01-19T22:10:22Z</time><extensions><speed>0.005235</speed><course>-1.000000</course><hAcc>0.942687</hAcc><vAcc>0.693381</vAcc></extensions></trkpt>
      <trkpt lon="-123.264646" lat="44.586977"><ele>72.328720</ele><time>2021-01-19T22:10:23Z</time><extensions><speed>0.006654</speed><course>-1.000000</course><hAcc>0.940759</hAcc><vAcc>0.692139</vAcc></extensions></trkpt>
      <trkpt lon="-123.264646" lat="44.586977"><ele>72.329018</ele><time>2021-01-19T22:10:24Z</time><extensions><speed>0.008245</speed><course>-1.000000</course><hAcc>0.938510</hAcc><vAcc>0.690604</vAcc></extensions></trkpt>
      <trkpt lon="-123.264646" lat="44.586978"><ele>72.329369</ele><time>2021-01-19T22:10:25Z</time><extensions><speed>0.009991</speed><course>-1.000000</course><hAcc>0.936204</hAcc><vAcc>0.688968</vAcc></extensions></trkpt>
      <trkpt lon="-123.264646" lat="44.586978"><ele>72.329773</ele><time>2021-01-19T22:10:26Z</time><extensions><speed>0.011861</speed><course>-1.000000</course><hAcc>0.934051</hAcc><vAcc>0.687393</vAcc></extensions></trkpt>
      <trkpt lon="-123.264646" lat="44.586978"><ele>72.330238</ele><time>2021-01-19T22:10:27Z</time><extensions><speed>0.013808</speed><course>-1.000000</course><hAcc>0.932196</hAcc><vAcc>0.686001</vAcc></extensions></trkpt>
      <trkpt lon="-123.264647" lat="44.586978"><ele>72.330765</ele><time>2021-01-19T22:10:28Z</time><extensions><speed>0.015769</speed><course>-1.000000</course><hAcc>0.930727</hAcc><vAcc>0.684869</vAcc></extensions></trkpt>
      <trkpt lon="-123.264647" lat="44.586978"><ele>72.331352</ele><time>2021-01-19T22:10:29Z</time><extensions><speed>0.017657</speed><course>-1.000000</course><hAcc>0.929681</hAcc><vAcc>0.684038</vAcc></extensions></trkpt>
      <trkpt lon="-123.264647" lat="44.586978"><ele>72.331993</ele><time>2021-01-19T22:10:30Z</time><extensions><speed>0.019361</speed><course>-1.000000</course><hAcc>0.929058</hAcc><vAcc>0.683517</vAcc></extensions></trkpt>
      <trkpt lon="-123.264647" lat="44.586978"><ele>72.332687</ele><time>2021-01-19T22:10:31Z</time><extensions><speed>0.020742</speed><course>-1.000000</course><hAcc>0.928831</hAcc><vAcc>0.683290</vAcc></extensions></trkpt>
      <trkpt lon="-123.264647" lat="44.586978"><ele>72.333412</ele><time>2021-01-19T22:10:32Z</time><extensions><speed>0.021630</speed><course>-1.000000</course><hAcc>0.928953</hAcc><vAcc>0.683323</vAcc></extensions></trkpt>
      <trkpt lon="-123.264648" lat="44.586978"><ele>72.334160</ele><time>2021-01-19T22:10:33Z</time><extensions><speed>0.021823</speed><course>-1.000000</course><hAcc>0.929362</hAcc><vAcc>0.683568</vAcc></extensions></trkpt>
      <trkpt lon="-123.264648" lat="44.586978"><ele>72.334900</ele><time>2021-01-19T22:10:34Z</time><extensions><speed>0.021086</speed><course>-1.000000</course><hAcc>0.929983</hAcc><vAcc>0.683968</vAcc></extensions></trkpt>
      <trkpt lon="-123.264648" lat="44.586978"><ele>72.335587</ele><time>2021-01-19T22:10:35Z</time><extensions><speed>0.019154</speed><course>-1.000000</course><hAcc>0.930733</hAcc><vAcc>0.684458</vAcc></extensions></trkpt>
      <trkpt lon="-123.264648" lat="44.586979"><ele>72.336174</ele><time>2021-01-19T22:10:36Z</time><extensions><speed>0.015745</speed><course>-1.000000</course><hAcc>0.931527</hAcc><vAcc>0.684974</vAcc></extensions></trkpt>
      <trkpt lon="-123.264648" lat="44.586979"><ele>72.336601</ele><time>2021-01-19T22:10:37Z</time><extensions><speed>0.010628</speed><course>-1.000000</course><hAcc>0.932289</hAcc><vAcc>0.685468</vAcc></extensions></trkpt>
      <trkpt lon="-123.264648" lat="44.586979"><ele>72.336784</ele><time>2021-01-19T22:10:38Z</time><extensions><speed>0.004509</speed><course>-1.000000</course><hAcc>0.932981</hAcc><vAcc>0.685925</vAcc></extensions></trkpt>
      <trkpt lon="-123.264648" lat="44.586979"><ele>72.336639</ele><time>2021-01-19T22:10:39Z</time><extensions><speed>0.008818</speed><course>-1.000000</course><hAcc>0.933647</hAcc><vAcc>0.686399</vAcc></extensions></trkpt>
      <trkpt lon="-123.264648" lat="44.586978"><ele>72.336037</ele><time>2021-01-19T22:10:40Z</time><extensions><speed>0.021488</speed><course>-1.000000</course><hAcc>0.934477</hAcc><vAcc>0.687065</vAcc></extensions></trkpt>
      <trkpt lon="-123.264648" lat="44.586978"><ele>72.334854</ele><time>2021-01-19T22:10:41Z</time><extensions><speed>0.037929</speed><course>-1.000000</course><hAcc>0.935909</hAcc><vAcc>0.688286</vAcc></extensions></trkpt>
      <trkpt lon="-123.264648" lat="44.586978"><ele>72.332939</ele><time>2021-01-19T22:10:42Z</time><extensions><speed>0.058173</speed><course>-1.000000</course><hAcc>0.938756</hAcc><vAcc>0.690703</vAcc></extensions></trkpt>
      <trkpt lon="-123.264647" lat="44.586978"><ele>72.330116</ele><time>2021-01-19T22:10:43Z</time><extensions><speed>0.082448</speed><course>-1.000000</course><hAcc>0.944363</hAcc><vAcc>0.695336</vAcc></extensions></trkpt>
      <trkpt lon="-123.264646" lat="44.586977"><ele>72.326210</ele><time>2021-01-19T22:10:44Z</time><extensions><speed>0.110924</speed><course>-1.000000</course><hAcc>0.954757</hAcc><vAcc>0.703679</vAcc></extensions></trkpt>
      <trkpt lon="-123.264645" lat="44.586976"><ele>72.321030</ele><time>2021-01-19T22:10:45Z</time><extensions><speed>0.143645</speed><course>356.800995</course><hAcc>0.972755</hAcc><vAcc>0.717748</vAcc></extensions></trkpt>
      <trkpt lon="-123.264643" lat="44.586975"><ele>72.314377</ele><time>2021-01-19T22:10:46Z</time><extensions><speed>0.180477</speed><course>7.867084</course><hAcc>1.001924</hAcc><vAcc>0.740034</vAcc></extensions></trkpt>
      <trkpt lon="-123.264641" lat="44.586974"><ele>72.306076</ele><time>2021-01-19T22:10:47Z</time><extensions><speed>0.221054</speed><course>20.363853</course><hAcc>1.046327</hAcc><vAcc>0.773305</vAcc></extensions></trkpt>
      <trkpt lon="-123.264638" lat="44.586973"><ele>72.295952</ele><time>2021-01-19T22:10:48Z</time><extensions><speed>0.264712</speed><course>15.183643</course><hAcc>1.109992</hAcc><vAcc>0.820242</vAcc></extensions></trkpt>
      <trkpt lon="-123.264635" lat="44.586972"><ele>72.283882</ele><time>2021-01-19T22:10:49Z</time><extensions><speed>0.310424</speed><course>10.986561</course><hAcc>1.196225</hAcc><vAcc>0.882992</vAcc></extensions></trkpt>
      <trkpt lon="-123.264632" lat="44.586970"><ele>72.269821</ele><time>2021-01-19T22:10:50Z</time><extensions><speed>0.356728</speed><course>4.165410</course><hAcc>1.306947</hAcc><vAcc>0.962754</vAcc></extensions></trkpt>
      <trkpt lon="-123.264628" lat="44.586968"><ele>72.253769</ele><time>2021-01-19T22:10:51Z</time><extensions><speed>0.401651</speed><course>6.938199</course><hAcc>1.442281</hAcc><vAcc>1.059530</vAcc></extensions></trkpt>
      <trkpt lon="-123.264598" lat="44.586954"><ele>72.134445</ele><time>2021-01-19T22:10:55Z</time><extensions><speed>0.976237</speed><course>20.878244</course><hAcc>1.776599</hAcc><vAcc>1.295654</vAcc></extensions></trkpt>
      <trkpt lon="-123.264576" lat="44.586944"><ele>72.053726</ele><time>2021-01-19T22:10:57Z</time><extensions><speed>1.038792</speed><course>29.465908</course><hAcc>1.791956</hAcc><vAcc>1.303450</vAcc></extensions></trkpt>
      <trkpt lon="-123.264566" lat="44.586938"><ele>72.012619</ele><time>2021-01-19T22:10:58Z</time><extensions><speed>1.046388</speed><course>29.208710</course><hAcc>1.776577</hAcc><vAcc>1.290903</vAcc></extensions></trkpt>
      <trkpt lon="-123.264555" lat="44.586933"><ele>71.971664</ele><time>2021-01-19T22:10:59Z</time><extensions><speed>1.048631</speed><course>33.199429</course><hAcc>1.757964</hAcc><vAcc>1.275901</vAcc></extensions></trkpt>
      <trkpt lon="-123.264544" lat="44.586928"><ele>71.931068</ele><time>2021-01-19T22:11:00Z</time><extensions><speed>1.045518</speed><course>33.792309</course><hAcc>1.733179</hAcc><vAcc>1.256339</vAcc></extensions></trkpt>
      <trkpt lon="-123.264533" lat="44.586922"><ele>71.891037</ele><time>2021-01-19T22:11:01Z</time><extensions><speed>1.037037</speed><course>41.925011</course><hAcc>1.700451</hAcc><vAcc>1.230922</vAcc></extensions></trkpt>
      <trkpt lon="-123.264522" lat="44.586917"><ele>71.851730</ele><time>2021-01-19T22:11:02Z</time><extensions><speed>1.022970</speed><course>31.707575</course><hAcc>1.658918</hAcc><vAcc>1.199006</vAcc></extensions></trkpt>
      <trkpt lon="-123.264512" lat="44.586912"><ele>71.813202</ele><time>2021-01-19T22:11:03Z</time><extensions><speed>1.002800</speed><course>20.184132</course><hAcc>1.608436</hAcc><vAcc>1.160485</vAcc></extensions></trkpt>
      <trkpt lon="-123.264502" lat="44.586907"><ele>71.775452</ele><time>2021-01-19T22:11:04Z</time><extensions><speed>0.975860</speed><course>346.263916</course><hAcc>1.549473</hAcc><vAcc>1.115729</vAcc></extensions></trkpt>
      <trkpt lon="-123.264492" lat="44.586902"><ele>71.738510</ele><time>2021-01-19T22:11:05Z</time><extensions><speed>0.941074</speed><course>338.211090</course><hAcc>1.482963</hAcc><vAcc>1.065497</vAcc></extensions></trkpt>
      <trkpt lon="-123.264482" lat="44.586897"><ele>71.702484</ele><time>2021-01-19T22:11:06Z</time><extensions><speed>0.897506</speed><course>336.133270</course><hAcc>1.410219</hAcc><vAcc>1.010887</vAcc></extensions></trkpt>
      <trkpt lon="-123.264473" lat="44.586893"><ele>71.667534</ele><time>2021-01-19T22:11:07Z</time><extensions><speed>0.844768</speed><course>336.384949</course><hAcc>1.333083</hAcc><vAcc>0.953426</vAcc></extensions></trkpt>
      <trkpt lon="-123.264465" lat="44.586888"><ele>71.633919</ele><time>2021-01-19T22:11:08Z</time><extensions><speed>0.782180</speed><course>336.051086</course><hAcc>1.253916</hAcc><vAcc>0.895014</vAcc></extensions></trkpt>
      <trkpt lon="-123.264459" lat="44.586885"><ele>71.608566</ele><time>2021-01-19T22:11:08Z</time><extensions><speed>0.737452</speed><course>17.492363</course><hAcc>1.194083</hAcc><vAcc>0.851226</vAcc></extensions></trkpt>
      <trkpt lon="-123.264452" lat="44.586882"><ele>71.577782</ele><time>2021-01-19T22:11:09Z</time><extensions><speed>0.652554</speed><course>26.748564</course><hAcc>1.123165</hAcc><vAcc>0.799843</vAcc></extensions></trkpt>
      <trkpt lon="-123.264446" lat="44.586878"><ele>71.549179</ele><time>2021-01-19T22:11:10Z</time><extensions><speed>0.553040</speed><course>25.664934</course><hAcc>1.057097</hAcc><vAcc>0.752697</vAcc></extensions></trkpt>
      <trkpt lon="-123.264441" lat="44.586876"><ele>71.523140</ele><time>2021-01-19T22:11:11Z</time><extensions><speed>0.439053</speed><course>22.014688</course><hAcc>0.997413</hAcc><vAcc>0.710816</vAcc></extensions></trkpt>
      <trkpt lon="-123.264437" lat="44.586873"><ele>71.500282</ele><time>2021-01-19T22:11:12Z</time><extensions><speed>0.313141</speed><course>26.135458</course><hAcc>0.945092</hAcc><vAcc>0.674763</vAcc></extensions></trkpt>
      <trkpt lon="-123.264435" lat="44.586872"><ele>71.481400</ele><time>2021-01-19T22:11:13Z</time><extensions><speed>0.182252</speed><course>36.497326</course><hAcc>0.900670</hAcc><vAcc>0.644724</vAcc></extensions></trkpt>
      <trkpt lon="-123.264434" lat="44.586871"><ele>71.467285</ele><time>2021-01-19T22:11:14Z</time><extensions><speed>0.073723</speed><course>39.491074</course><hAcc>0.864555</hAcc><vAcc>0.620729</vAcc></extensions></trkpt>
      <trkpt lon="-123.264435" lat="44.586870"><ele>71.458275</ele><time>2021-01-19T22:11:15Z</time><extensions><speed>0.125605</speed><course>34.162941</course><hAcc>0.837021</hAcc><vAcc>0.602697</vAcc></extensions></trkpt>
      <trkpt lon="-123.264437" lat="44.586871"><ele>71.454041</ele><time>2021-01-19T22:11:16Z</time><extensions><speed>0.243158</speed><course>359.368774</course><hAcc>0.817863</hAcc><vAcc>0.590270</vAcc></extensions></trkpt>
      <trkpt lon="-123.264441" lat="44.586872"><ele>71.453629</ele><time>2021-01-19T22:11:17Z</time><extensions><speed>0.354885</speed><course>356.570099</course><hAcc>0.806321</hAcc><vAcc>0.582798</vAcc></extensions></trkpt>
      <trkpt lon="-123.264446" lat="44.586873"><ele>71.455750</ele><time>2021-01-19T22:11:18Z</time><extensions><speed>0.452567</speed><course>351.180481</course><hAcc>0.801276</hAcc><vAcc>0.579466</vAcc></extensions></trkpt>
      <trkpt lon="-123.264451" lat="44.586875"><ele>71.459084</ele><time>2021-01-19T22:11:19Z</time><extensions><speed>0.533688</speed><course>2.362148</course><hAcc>0.801397</hAcc><vAcc>0.579374</vAcc></extensions></trkpt>
      <trkpt lon="-123.264458" lat="44.586877"><ele>71.462791</ele><time>2021-01-19T22:11:20Z</time><extensions><speed>0.597288</speed><course>3.659442</course><hAcc>0.805220</hAcc><vAcc>0.581581</vAcc></extensions></trkpt>
      <trkpt lon="-123.264465" lat="44.586879"><ele>71.466782</ele><time>2021-01-19T22:11:21Z</time><extensions><speed>0.643734</speed><course>13.500209</course><hAcc>0.811155</hAcc><vAcc>0.585099</vAcc></extensions></trkpt>
      <trkpt lon="-123.264473" lat="44.586882"><ele>71.471664</ele><time>2021-01-19T22:11:22Z</time><extensions><speed>0.674839</speed><course>25.415602</course><hAcc>0.817483</hAcc><vAcc>0.588883</vAcc></extensions></trkpt>
      <trkpt lon="-123.264480" lat="44.586884"><ele>71.478378</ele><time>2021-01-19T22:11:23Z</time><extensions><speed>0.692654</speed><course>81.235893</course><hAcc>0.822619</hAcc><vAcc>0.591980</vAcc></extensions></trkpt>
      <trkpt lon="-123.264488" lat="44.586887"><ele>71.487556</ele><time>2021-01-19T22:11:24Z</time><extensions><speed>0.698303</speed><course>93.596558</course><hAcc>0.825654</hAcc><vAcc>0.593841</vAcc></extensions></trkpt>
      <trkpt lon="-123.264496" lat="44.586890"><ele>71.499580</ele><time>2021-01-19T22:11:25Z</time><extensions><speed>0.692456</speed><course>83.110382</course><hAcc>0.826593</hAcc><vAcc>0.594462</vAcc></extensions></trkpt>
      <trkpt lon="-123.264504" lat="44.586892"><ele>71.515274</ele><time>2021-01-19T22:11:26Z</time><extensions><speed>0.675861</speed><course>83.623711</course><hAcc>0.826260</hAcc><vAcc>0.594320</vAcc></extensions></trkpt>
      <trkpt lon="-123.264512" lat="44.586894"><ele>71.536018</ele><time>2021-01-19T22:11:27Z</time><extensions><speed>0.649245</speed><course>84.893524</course><hAcc>0.825873</hAcc><vAcc>0.594128</vAcc></extensions></trkpt>
      <trkpt lon="-123.264519" lat="44.586896"><ele>71.563263</ele><time>2021-01-19T22:11:28Z</time><extensions><speed>0.613184</speed><course>101.322388</course><hAcc>0.826330</hAcc><vAcc>0.594413</vAcc></extensions></trkpt>
      <trkpt lon="-123.264526" lat="44.586898"><ele>71.597809</ele><time>2021-01-19T22:11:29Z</time><extensions><speed>0.568588</speed><course>103.006592</course><hAcc>0.827813</hAcc><vAcc>0.595287</vAcc></extensions></trkpt>
      <trkpt lon="-123.264533" lat="44.586900"><ele>71.639290</ele><time>2021-01-19T22:11:30Z</time><extensions><speed>0.517477</speed><course>104.989769</course><hAcc>0.829790</hAcc><vAcc>0.596449</vAcc></extensions></trkpt>
      <trkpt lon="-123.264539" lat="44.586901"><ele>71.686371</ele><time>2021-01-19T22:11:31Z</time><extensions><speed>0.461734</speed><course>105.523544</course><hAcc>0.831391</hAcc><vAcc>0.597400</vAcc></extensions></trkpt>
      <trkpt lon="-123.264544" lat="44.586902"><ele>71.737411</ele><time>2021-01-19T22:11:32Z</time><extensions><speed>0.402726</speed><course>101.683151</course><hAcc>0.832109</hAcc><vAcc>0.597847</vAcc></extensions></trkpt>
      <trkpt lon="-123.264548" lat="44.586903"><ele>71.790764</ele><time>2021-01-19T22:11:33Z</time><extensions><speed>0.342365</speed><course>99.259842</course><hAcc>0.832178</hAcc><vAcc>0.597931</vAcc></extensions></trkpt>
      <trkpt lon="-123.264552" lat="44.586903"><ele>71.844582</ele><time>2021-01-19T22:11:34Z</time><extensions><speed>0.282933</speed><course>92.993484</course><hAcc>0.832583</hAcc><vAcc>0.598225</vAcc></extensions></trkpt>
      <trkpt lon="-123.264555" lat="44.586904"><ele>71.896408</ele><time>2021-01-19T22:11:35Z</time><extensions><speed>0.227036</speed><course>85.478088</course><hAcc>0.834677</hAcc><vAcc>0.599513</vAcc></extensions></trkpt>
      <trkpt lon="-123.264558" lat="44.586904"><ele>71.943329</ele><time>2021-01-19T22:11:36Z</time><extensions><speed>0.177447</speed><course>79.351341</course><hAcc>0.839456</hAcc><vAcc>0.602369</vAcc></extensions></trkpt>
      <trkpt lon="-123.264560" lat="44.586904"><ele>71.982803</ele><time>2021-01-19T22:11:38Z</time><extensions><speed>0.136211</speed><course>55.511490</course><hAcc>0.847112</hAcc><vAcc>0.606899</vAcc></extensions></trkpt>
      <trkpt lon="-123.264561" lat="44.586904"><ele>72.013107</ele><time>2021-01-19T22:11:39Z</time><extensions><speed>0.104434</speed><course>47.085369</course><hAcc>0.856967</hAcc><vAcc>0.612705</vAcc></extensions></trkpt>
      <trkpt lon="-123.264562" lat="44.586904"><ele>72.033798</ele><time>2021-01-19T22:11:40Z</time><extensions><speed>0.082391</speed><course>70.655243</course><hAcc>0.867821</hAcc><vAcc>0.619091</vAcc></extensions></trkpt>
      <trkpt lon="-123.264563" lat="44.586903"><ele>72.045486</ele><time>2021-01-19T22:11:41Z</time><extensions><speed>0.069951</speed><course>100.207962</course><hAcc>0.878517</hAcc><vAcc>0.625382</vAcc></extensions></trkpt>
      <trkpt lon="-123.264564" lat="44.586903"><ele>72.049568</ele><time>2021-01-19T22:11:42Z</time><extensions><speed>0.065087</speed><course>180.081177</course><hAcc>0.888273</hAcc><vAcc>0.631119</vAcc></extensions></trkpt>
      <trkpt lon="-123.264564" lat="44.586902"><ele>72.047844</ele><time>2021-01-19T22:11:43Z</time><extensions><speed>0.064476</speed><course>160.184937</course><hAcc>0.896655</hAcc><vAcc>0.636048</vAcc></extensions></trkpt>
      <trkpt lon="-123.264565" lat="44.586902"><ele>72.042213</ele><time>2021-01-19T22:11:44Z</time><extensions><speed>0.065286</speed><course>351.251984</course><hAcc>0.903504</hAcc><vAcc>0.640074</vAcc></extensions></trkpt>
      <trkpt lon="-123.264565" lat="44.586901"><ele>72.034332</ele><time>2021-01-19T22:11:45Z</time><extensions><speed>0.066068</speed><course>348.130127</course><hAcc>0.908856</hAcc><vAcc>0.643217</vAcc></extensions></trkpt>
      <trkpt lon="-123.264565" lat="44.586901"><ele>72.025414</ele><time>2021-01-19T22:11:46Z</time><extensions><speed>0.066334</speed><course>341.645813</course><hAcc>0.912861</hAcc><vAcc>0.645567</vAcc></extensions></trkpt>
      <trkpt lon="-123.264565" lat="44.586900"><ele>72.016350</ele><time>2021-01-19T22:11:47Z</time><extensions><speed>0.066031</speed><course>334.538452</course><hAcc>0.915733</hAcc><vAcc>0.647250</vAcc></extensions></trkpt>
      <trkpt lon="-123.264566" lat="44.586899"><ele>72.007698</ele><time>2021-01-19T22:11:48Z</time><extensions><speed>0.065244</speed><course>340.424896</course><hAcc>0.917697</hAcc><vAcc>0.648399</vAcc></extensions></trkpt>
      <trkpt lon="-123.264566" lat="44.586899"><ele>71.999840</ele><time>2021-01-19T22:11:49Z</time><extensions><speed>0.064081</speed><course>82.171257</course><hAcc>0.918973</hAcc><vAcc>0.649143</vAcc></extensions></trkpt>
      <trkpt lon="-123.264567" lat="44.586898"><ele>71.992958</ele><time>2021-01-19T22:11:50Z</time><extensions><speed>0.062654</speed><course>114.042061</course><hAcc>0.919751</hAcc><vAcc>0.649595</vAcc></extensions></trkpt>
      <trkpt lon="-123.264567" lat="44.586898"><ele>71.987129</ele><time>2021-01-19T22:11:51Z</time><extensions><speed>0.061087</speed><course>115.744438</course><hAcc>0.920186</hAcc><vAcc>0.649847</vAcc></extensions></trkpt>
      <trkpt lon="-123.264567" lat="44.586898"><ele>71.982361</ele><time>2021-01-19T22:11:52Z</time><extensions><speed>0.059500</speed><course>119.465721</course><hAcc>0.920402</hAcc><vAcc>0.649971</vAcc></extensions></trkpt>
      <trkpt lon="-123.264568" lat="44.586897"><ele>71.978600</ele><time>2021-01-19T22:11:53Z</time><extensions><speed>0.057969</speed><course>132.943588</course><hAcc>0.920488</hAcc><vAcc>0.650019</vAcc></extensions></trkpt>
      <trkpt lon="-123.264569" lat="44.586897"><ele>71.975754</ele><time>2021-01-19T22:11:54Z</time><extensions><speed>0.056580</speed><course>133.407990</course><hAcc>0.920508</hAcc><vAcc>0.650029</vAcc></extensions></trkpt>
      <trkpt lon="-123.264569" lat="44.586897"><ele>71.973701</ele><time>2021-01-19T22:11:55Z</time><extensions><speed>0.055473</speed><course>138.771118</course><hAcc>0.920505</hAcc><vAcc>0.650027</vAcc></extensions></trkpt>
      <trkpt lon="-123.264570" lat="44.586896"><ele>71.972282</ele><time>2021-01-19T22:11:56Z</time><extensions><speed>0.054939</speed><course>161.907135</course><hAcc>0.920503</hAcc><vAcc>0.650025</vAcc></extensions></trkpt>
      <trkpt lon="-123.264570" lat="44.586896"><ele>71.971321</ele><time>2021-01-19T22:11:57Z</time><extensions><speed>0.055342</speed><course>171.485413</course><hAcc>0.920515</hAcc><vAcc>0.650032</vAcc></extensions></trkpt>
      <trkpt lon="-123.264571" lat="44.586896"><ele>71.970642</ele><time>2021-01-19T22:11:58Z</time><extensions><speed>0.057004</speed><course>161.211258</course><hAcc>0.920541</hAcc><vAcc>0.650047</vAcc></extensions></trkpt>
      <trkpt lon="-123.264572" lat="44.586896"><ele>71.970108</ele><time>2021-01-19T22:11:59Z</time><extensions><speed>0.060122</speed><course>157.399338</course><hAcc>0.920568</hAcc><vAcc>0.650063</vAcc></extensions></trkpt>
      <trkpt lon="-123.264573" lat="44.586896"><ele>71.969620</ele><time>2021-01-19T22:12:00Z</time><extensions><speed>0.064714</speed><course>111.266724</course><hAcc>0.920572</hAcc><vAcc>0.650066</vAcc></extensions></trkpt>
      <trkpt lon="-123.264574" lat="44.586896"><ele>71.969131</ele><time>2021-01-19T22:12:01Z</time><extensions><speed>0.070672</speed><course>114.521797</course><hAcc>0.920508</hAcc><vAcc>0.650028</vAcc></extensions></trkpt>
      <trkpt lon="-123.264574" lat="44.586896"><ele>71.968628</ele><time>2021-01-19T22:12:02Z</time><extensions><speed>0.077787</speed><course>120.665840</course><hAcc>0.920310</hAcc><vAcc>0.649913</vAcc></extensions></trkpt>
      <trkpt lon="-123.264575" lat="44.586897"><ele>71.968132</ele><time>2021-01-19T22:12:03Z</time><extensions><speed>0.085754</speed><course>122.384125</course><hAcc>0.919885</hAcc><vAcc>0.649664</vAcc></extensions></trkpt>
      <trkpt lon="-123.264576" lat="44.586897"><ele>71.967712</ele><time>2021-01-19T22:12:03Z</time><extensions><speed>0.094159</speed><course>119.166901</course><hAcc>0.919126</hAcc><vAcc>0.649222</vAcc></extensions></trkpt>
      <trkpt lon="-123.264578" lat="44.586897"><ele>71.967461</ele><time>2021-01-19T22:12:04Z</time><extensions><speed>0.102821</speed><course>117.395050</course><hAcc>0.917874</hAcc><vAcc>0.648491</vAcc></extensions></trkpt>
      <trkpt lon="-123.264579" lat="44.586898"><ele>71.967468</ele><time>2021-01-19T22:12:05Z</time><extensions><speed>0.111700</speed><course>170.837555</course><hAcc>0.915918</hAcc><vAcc>0.647348</vAcc></extensions></trkpt>
      <trkpt lon="-123.264580" lat="44.586898"><ele>71.967789</ele><time>2021-01-19T22:12:06Z</time><extensions><speed>0.120666</speed><course>213.694595</course><hAcc>0.913045</hAcc><vAcc>0.645666</vAcc></extensions></trkpt>
      <trkpt lon="-123.264582" lat="44.586899"><ele>71.968437</ele><time>2021-01-19T22:12:07Z</time><extensions><speed>0.129414</speed><course>159.844162</course><hAcc>0.909038</hAcc><vAcc>0.643318</vAcc></extensions></trkpt>
      <trkpt lon="-123.264583" lat="44.586899"><ele>71.969414</ele><time>2021-01-19T22:12:08Z</time><extensions><speed>0.137437</speed><course>151.264786</course><hAcc>0.903705</hAcc><vAcc>0.640193</vAcc></extensions></trkpt>
      <trkpt lon="-123.264585" lat="44.586900"><ele>71.970657</ele><time>2021-01-19T22:12:09Z</time><extensions><speed>0.144167</speed><course>127.341286</course><hAcc>0.896935</hAcc><vAcc>0.636227</vAcc></extensions></trkpt>
      <trkpt lon="-123.264586" lat="44.586901"><ele>71.972061</ele><time>2021-01-19T22:12:10Z</time><extensions><speed>0.149023</speed><course>96.295044</course><hAcc>0.888761</hAcc><vAcc>0.631442</vAcc></extensions></trkpt>
      <trkpt lon="-123.264588" lat="44.586901"><ele>71.973473</ele><time>2021-01-19T22:12:11Z</time><extensions><speed>0.151504</speed><course>61.144066</course><hAcc>0.879443</hAcc><vAcc>0.625993</vAcc></extensions></trkpt>
      <trkpt lon="-123.264589" lat="44.586902"><ele>71.974739</ele><time>2021-01-19T22:12:13Z</time><extensions><speed>0.151429</speed><course>58.255577</course><hAcc>0.869535</hAcc><vAcc>0.620205</vAcc></extensions></trkpt>
      <trkpt lon="-123.264591" lat="44.586903"><ele>71.975731</ele><time>2021-01-19T22:12:14Z</time><extensions><speed>0.148885</speed><course>59.276054</course><hAcc>0.860043</hAcc><vAcc>0.614665</vAcc></extensions></trkpt>
      <trkpt lon="-123.264593" lat="44.586903"><ele>71.976364</ele><time>2021-01-19T22:12:15Z</time><extensions><speed>0.144098</speed><course>62.162910</course><hAcc>0.852387</hAcc><vAcc>0.610202</vAcc></extensions></trkpt>
      <trkpt lon="-123.264594" lat="44.586904"><ele>71.976646</ele><time>2021-01-19T22:12:16Z</time><extensions><speed>0.137555</speed><course>107.744118</course><hAcc>0.848078</hAcc><vAcc>0.607692</vAcc></extensions></trkpt>
      <trkpt lon="-123.264596" lat="44.586904"><ele>71.976616</ele><time>2021-01-19T22:12:17Z</time><extensions><speed>0.129913</speed><course>68.309509</course><hAcc>0.848057</hAcc><vAcc>0.607679</vAcc></extensions></trkpt>
      <trkpt lon="-123.264597" lat="44.586905"><ele>71.976341</ele><time>2021-01-19T22:12:18Z</time><extensions><speed>0.121578</speed><course>56.437046</course><hAcc>0.852322</hAcc><vAcc>0.610161</vAcc></extensions></trkpt>
      <trkpt lon="-123.264599" lat="44.586905"><ele>71.975868</ele><time>2021-01-19T22:12:19Z</time><extensions><speed>0.112709</speed><course>91.176880</course><hAcc>0.859934</hAcc><vAcc>0.614596</vAcc></extensions></trkpt>
      <trkpt lon="-123.264600" lat="44.586905"><ele>71.975189</ele><time>2021-01-19T22:12:20Z</time><extensions><speed>0.103373</speed><course>76.089302</course><hAcc>0.869381</hAcc><vAcc>0.620106</vAcc></extensions></trkpt>
      <trkpt lon="-123.264601" lat="44.586906"><ele>71.974312</ele><time>2021-01-19T22:12:21Z</time><extensions><speed>0.093505</speed><course>68.919807</course><hAcc>0.879251</hAcc><vAcc>0.625872</vAcc></extensions></trkpt>
      <trkpt lon="-123.264602" lat="44.586906"><ele>71.973251</ele><time>2021-01-19T22:12:22Z</time><extensions><speed>0.083091</speed><course>87.268463</course><hAcc>0.888562</hAcc><vAcc>0.631318</vAcc></extensions></trkpt>
      <trkpt lon="-123.264603" lat="44.586906"><ele>71.972076</ele><time>2021-01-19T22:12:23Z</time><extensions><speed>0.072315</speed><course>186.345673</course><hAcc>0.896736</hAcc><vAcc>0.636105</vAcc></extensions></trkpt>
      <trkpt lon="-123.264604" lat="44.586906"><ele>71.970825</ele><time>2021-01-19T22:12:24Z</time><extensions><speed>0.061461</speed><course>189.990967</course><hAcc>0.903515</hAcc><vAcc>0.640077</vAcc></extensions></trkpt>
      <trkpt lon="-123.264605" lat="44.586906"><ele>71.969551</ele><time>2021-01-19T22:12:25Z</time><extensions><speed>0.050726</speed><course>222.607101</course><hAcc>0.908869</hAcc><vAcc>0.643216</vAcc></extensions></trkpt>
      <trkpt lon="-123.264605" lat="44.586906"><ele>71.968254</ele><time>2021-01-19T22:12:26Z</time><extensions><speed>0.040129</speed><course>226.421860</course><hAcc>0.912910</hAcc><vAcc>0.645585</vAcc></extensions></trkpt>
      <trkpt lon="-123.264606" lat="44.586906"><ele>71.966873</ele><time>2021-01-19T22:12:27Z</time><extensions><speed>0.029605</speed><course>226.003006</course><hAcc>0.915818</hAcc><vAcc>0.647291</vAcc></extensions></trkpt>
      <trkpt lon="-123.264606" lat="44.586906"><ele>71.965332</ele><time>2021-01-19T22:12:28Z</time><extensions><speed>0.018999</speed><course>233.856277</course><hAcc>0.917792</hAcc><vAcc>0.648449</vAcc></extensions></trkpt>
      <trkpt lon="-123.264606" lat="44.586906"><ele>71.963547</ele><time>2021-01-19T22:12:29Z</time><extensions><speed>0.008072</speed><course>231.557098</course><hAcc>0.919010</hAcc><vAcc>0.649163</vAcc></extensions></trkpt>
      <trkpt lon="-123.264606" lat="44.586906"><ele>71.961449</ele><time>2021-01-19T22:12:30Z</time><extensions><speed>0.003628</speed><course>219.802612</course><hAcc>0.919598</hAcc><vAcc>0.649509</vAcc></extensions></trkpt>
      <trkpt lon="-123.264606" lat="44.586906"><ele>71.958939</ele><time>2021-01-19T22:12:31Z</time><extensions><speed>0.016215</speed><course>224.687073</course><hAcc>0.919621</hAcc><vAcc>0.649523</vAcc></extensions></trkpt>
      <trkpt lon="-123.264606" lat="44.586906"><ele>71.955894</ele><time>2021-01-19T22:12:32Z</time><extensions><speed>0.030150</speed><course>237.362518</course><hAcc>0.919069</hAcc><vAcc>0.649199</vAcc></extensions></trkpt>
      <trkpt lon="-123.264605" lat="44.586906"><ele>71.952156</ele><time>2021-01-19T22:12:33Z</time><extensions><speed>0.045466</speed><course>255.856537</course><hAcc>0.917851</hAcc><vAcc>0.648482</vAcc></extensions></trkpt>
      <trkpt lon="-123.264605" lat="44.586906"><ele>71.947586</ele><time>2021-01-19T22:12:34Z</time><extensions><speed>0.061988</speed><course>255.154312</course><hAcc>0.915803</hAcc><vAcc>0.647272</vAcc></extensions></trkpt>
      <trkpt lon="-123.264604" lat="44.586907"><ele>71.942062</ele><time>2021-01-19T22:12:35Z</time><extensions><speed>0.079330</speed><course>270.481476</course><hAcc>0.912692</hAcc><vAcc>0.645431</vAcc></extensions></trkpt>
      <trkpt lon="-123.264603" lat="44.586907"><ele>71.935547</ele><time>2021-01-19T22:12:36Z</time><extensions><speed>0.096956</speed><course>299.376282</course><hAcc>0.908240</hAcc><vAcc>0.642790</vAcc></extensions></trkpt>
      <trkpt lon="-123.264602" lat="44.586908"><ele>71.928032</ele><time>2021-01-19T22:12:37Z</time><extensions><speed>0.114187</speed><course>300.854462</course><hAcc>0.902150</hAcc><vAcc>0.639173</vAcc></extensions></trkpt>
      <trkpt lon="-123.264601" lat="44.586908"><ele>71.919586</ele><time>2021-01-19T22:12:38Z</time><extensions><speed>0.130175</speed><course>310.866730</course><hAcc>0.894160</hAcc><vAcc>0.634423</vAcc></extensions></trkpt>
      <trkpt lon="-123.264599" lat="44.586909"><ele>71.910355</ele><time>2021-01-19T22:12:39Z</time><extensions><speed>0.143813</speed><course>316.350983</course><hAcc>0.884109</hAcc><vAcc>0.628445</vAcc></extensions></trkpt>
      <trkpt lon="-123.264598" lat="44.586910"><ele>71.900497</ele><time>2021-01-19T22:12:40Z</time><extensions><speed>0.153705</speed><course>289.301910</course><hAcc>0.872028</hAcc><vAcc>0.621260</vAcc></extensions></trkpt>
      <trkpt lon="-123.264596" lat="44.586910"><ele>71.890137</ele><time>2021-01-19T22:12:41Z</time><extensions><speed>0.158244</speed><course>273.901917</course><hAcc>0.858256</hAcc><vAcc>0.613073</vAcc></extensions></trkpt>
      <trkpt lon="-123.264594" lat="44.586911"><ele>71.879433</ele><time>2021-01-19T22:12:42Z</time><extensions><speed>0.155752</speed><course>224.563278</course><hAcc>0.843563</hAcc><vAcc>0.604342</vAcc></extensions></trkpt>
      <trkpt lon="-123.264593" lat="44.586912"><ele>71.868690</ele><time>2021-01-19T22:12:43Z</time><extensions><speed>0.145175</speed><course>198.650375</course><hAcc>0.829243</hAcc><vAcc>0.595838</vAcc></extensions></trkpt>
      <trkpt lon="-123.264591" lat="44.586913"><ele>71.858353</ele><time>2021-01-19T22:12:44Z</time><extensions><speed>0.127342</speed><course>175.713699</course><hAcc>0.816905</hAcc><vAcc>0.588511</vAcc></extensions></trkpt>
      <trkpt lon="-123.264590" lat="44.586913"><ele>71.848869</ele><time>2021-01-19T22:12:45Z</time><extensions><speed>0.105001</speed><course>158.282288</course><hAcc>0.807934</hAcc><vAcc>0.583184</vAcc></extensions></trkpt>
      <trkpt lon="-123.264589" lat="44.586914"><ele>71.840477</ele><time>2021-01-19T22:12:46Z</time><extensions><speed>0.081571</speed><course>148.572021</course><hAcc>0.803233</hAcc><vAcc>0.580391</vAcc></extensions></trkpt>
      <trkpt lon="-123.264588" lat="44.586914"><ele>71.833130</ele><time>2021-01-19T22:12:47Z</time><extensions><speed>0.060185</speed><course>114.395020</course><hAcc>0.803238</hAcc><vAcc>0.580395</vAcc></extensions></trkpt>
      <trkpt lon="-123.264588" lat="44.586914"><ele>71.826744</ele><time>2021-01-19T22:12:48Z</time><extensions><speed>0.043489</speed><course>114.533447</course><hAcc>0.807952</hAcc><vAcc>0.583195</vAcc></extensions></trkpt>
      <trkpt lon="-123.264587" lat="44.586914"><ele>71.821465</ele><time>2021-01-19T22:12:49Z</time><extensions><speed>0.034273</speed><course>74.243073</course><hAcc>0.816934</hAcc><vAcc>0.588529</vAcc></extensions></trkpt>
      <trkpt lon="-123.264587" lat="44.586914"><ele>71.817642</ele><time>2021-01-19T22:12:50Z</time><extensions><speed>0.034369</speed><course>70.102676</course><hAcc>0.829283</hAcc><vAcc>0.595862</vAcc></extensions></trkpt>
      <trkpt lon="-123.264587" lat="44.586914"><ele>71.815582</ele><time>2021-01-19T22:12:51Z</time><extensions><speed>0.040809</speed><course>29.157429</course><hAcc>0.843611</hAcc><vAcc>0.604371</vAcc></extensions></trkpt>
      <trkpt lon="-123.264586" lat="44.586914"><ele>71.815369</ele><time>2021-01-19T22:12:52Z</time><extensions><speed>0.049460</speed><course>22.900002</course><hAcc>0.858310</hAcc><vAcc>0.613105</vAcc></extensions></trkpt>
      <trkpt lon="-123.264586" lat="44.586913"><ele>71.816971</ele><time>2021-01-19T22:12:53Z</time><extensions><speed>0.058434</speed><course>26.413395</course><hAcc>0.872081</hAcc><vAcc>0.621293</vAcc></extensions></trkpt>
      <trkpt lon="-123.264586" lat="44.586913"><ele>71.820282</ele><time>2021-01-19T22:12:54Z</time><extensions><speed>0.067146</speed><course>36.094204</course><hAcc>0.884154</hAcc><vAcc>0.628473</vAcc></extensions></trkpt>
      <trkpt lon="-123.264585" lat="44.586912"><ele>71.825127</ele><time>2021-01-19T22:12:55Z</time><extensions><speed>0.075465</speed><course>58.201183</course><hAcc>0.894188</hAcc><vAcc>0.634441</vAcc></extensions></trkpt>
      <trkpt lon="-123.264585" lat="44.586911"><ele>71.831245</ele><time>2021-01-19T22:12:56Z</time><extensions><speed>0.083361</speed><course>36.681454</course><hAcc>0.902151</hAcc><vAcc>0.639175</vAcc></extensions></trkpt>
      <trkpt lon="-123.264584" lat="44.586911"><ele>71.838318</ele><time>2021-01-19T22:12:57Z</time><extensions><speed>0.091015</speed><course>24.806076</course><hAcc>0.908205</hAcc><vAcc>0.642771</vAcc></extensions></trkpt>
      <trkpt lon="-123.264583" lat="44.586910"><ele>71.846016</ele><time>2021-01-19T22:12:58Z</time><extensions><speed>0.098835</speed><course>24.848604</course><hAcc>0.912622</hAcc><vAcc>0.645390</vAcc></extensions></trkpt>
      <trkpt lon="-123.264582" lat="44.586910"><ele>71.854065</ele><time>2021-01-19T22:12:59Z</time><extensions><speed>0.107569</speed><course>321.855042</course><hAcc>0.915711</hAcc><vAcc>0.647218</vAcc></extensions></trkpt>
      <trkpt lon="-123.264581" lat="44.586909"><ele>71.862190</ele><time>2021-01-19T22:13:00Z</time><extensions><speed>0.118225</speed><course>311.773346</course><hAcc>0.917778</hAcc><vAcc>0.648438</vAcc></extensions></trkpt>
      <trkpt lon="-123.264580" lat="44.586908"><ele>71.870163</ele><time>2021-01-19T22:13:01Z</time><extensions><speed>0.131593</speed><course>234.342697</course><hAcc>0.919095</hAcc><vAcc>0.649212</vAcc></extensions></trkpt>
      <trkpt lon="-123.264578" lat="44.586908"><ele>71.877747</ele><time>2021-01-19T22:13:02Z</time><extensions><speed>0.148053</speed><course>197.948227</course><hAcc>0.919885</hAcc><vAcc>0.649674</vAcc></extensions></trkpt>
      <trkpt lon="-123.264576" lat="44.586907"><ele>71.884743</ele><time>2021-01-19T22:13:03Z</time><extensions><speed>0.167481</speed><course>180.582977</course><hAcc>0.920317</hAcc><vAcc>0.649925</vAcc></extensions></trkpt>
      <trkpt lon="-123.264574" lat="44.586907"><ele>71.890999</ele><time>2021-01-19T22:13:04Z</time><extensions><speed>0.189239</speed><course>181.310913</course><hAcc>0.920500</hAcc><vAcc>0.650030</vAcc></extensions></trkpt>
      <trkpt lon="-123.264572" lat="44.586906"><ele>71.896416</ele><time>2021-01-19T22:13:05Z</time><extensions><speed>0.212275</speed><course>181.190872</course><hAcc>0.920491</hAcc><vAcc>0.650023</vAcc></extensions></trkpt>
      <trkpt lon="-123.264569" lat="44.586906"><ele>71.900970</ele><time>2021-01-19T22:13:06Z</time><extensions><speed>0.235228</speed><course>169.110062</course><hAcc>0.920289</hAcc><vAcc>0.649904</vAcc></extensions></trkpt>
      <trkpt lon="-123.264566" lat="44.586906"><ele>71.904678</ele><time>2021-01-19T22:13:07Z</time><extensions><speed>0.256405</speed><course>126.639259</course><hAcc>0.919841</hAcc><vAcc>0.649643</vAcc></extensions></trkpt>
      <trkpt lon="-123.264563" lat="44.586906"><ele>71.907585</ele><time>2021-01-19T22:13:08Z</time><extensions><speed>0.274110</speed><course>154.902863</course><hAcc>0.919045</hAcc><vAcc>0.649178</vAcc></extensions></trkpt>
      <trkpt lon="-123.264559" lat="44.586905"><ele>71.909782</ele><time>2021-01-19T22:13:09Z</time><extensions><speed>0.286888</speed><course>153.498138</course><hAcc>0.917753</hAcc><vAcc>0.648422</vAcc></extensions></trkpt>
      <trkpt lon="-123.264555" lat="44.586905"><ele>71.911346</ele><time>2021-01-19T22:13:10Z</time><extensions><speed>0.293678</speed><course>125.483459</course><hAcc>0.915774</hAcc><vAcc>0.647263</vAcc></extensions></trkpt>
      <trkpt lon="-123.264552" lat="44.586905"><ele>71.912354</ele><time>2021-01-19T22:13:11Z</time><extensions><speed>0.294399</speed><course>91.293556</course><hAcc>0.912892</hAcc><vAcc>0.645575</vAcc></extensions></trkpt>
      <trkpt lon="-123.264548" lat="44.586905"><ele>71.912827</ele><time>2021-01-19T22:13:12Z</time><extensions><speed>0.289697</speed><course>99.762383</course><hAcc>0.908885</hAcc><vAcc>0.643227</vAcc></extensions></trkpt>
      <trkpt lon="-123.264544" lat="44.586905"><ele>71.912735</ele><time>2021-01-19T22:13:13Z</time><extensions><speed>0.280788</speed><course>120.216141</course><hAcc>0.903558</hAcc><vAcc>0.640104</vAcc></extensions></trkpt>
      <trkpt lon="-123.264541" lat="44.586906"><ele>71.912025</ele><time>2021-01-19T22:13:14Z</time><extensions><speed>0.269813</speed><course>129.939133</course><hAcc>0.896794</hAcc><vAcc>0.636140</vAcc></extensions></trkpt>
      <trkpt lon="-123.264538" lat="44.586906"><ele>71.910568</ele><time>2021-01-19T22:13:15Z</time><extensions><speed>0.258968</speed><course>134.991196</course><hAcc>0.888621</hAcc><vAcc>0.631354</vAcc></extensions></trkpt>
      <trkpt lon="-123.264535" lat="44.586907"><ele>71.908348</ele><time>2021-01-19T22:13:16Z</time><extensions><speed>0.249194</speed><course>165.505371</course><hAcc>0.879299</hAcc><vAcc>0.625900</vAcc></extensions></trkpt>
      <trkpt lon="-123.264532" lat="44.586907"><ele>71.905441</ele><time>2021-01-19T22:13:17Z</time><extensions><speed>0.240368</speed><course>163.352997</course><hAcc>0.869407</hAcc><vAcc>0.620121</vAcc></extensions></trkpt>
      <trkpt lon="-123.264529" lat="44.586908"><ele>71.902008</ele><time>2021-01-19T22:13:18Z</time><extensions><speed>0.231993</speed><course>163.005447</course><hAcc>0.859931</hAcc><vAcc>0.614592</vAcc></extensions></trkpt>
      <trkpt lon="-123.264526" lat="44.586908"><ele>71.898216</ele><time>2021-01-19T22:13:19Z</time><extensions><speed>0.223289</speed><course>163.973526</course><hAcc>0.852284</hAcc><vAcc>0.610135</vAcc></extensions></trkpt>
      <trkpt lon="-123.264523" lat="44.586909"><ele>71.894257</ele><time>2021-01-19T22:13:20Z</time><extensions><speed>0.212947</speed><course>186.175140</course><hAcc>0.847979</hAcc><vAcc>0.607628</vAcc></extensions></trkpt>
      <trkpt lon="-123.264521" lat="44.586910"><ele>71.890366</ele><time>2021-01-19T22:13:21Z</time><extensions><speed>0.199791</speed><course>237.135208</course><hAcc>0.847960</hAcc><vAcc>0.607616</vAcc></extensions></trkpt>
      <trkpt lon="-123.264519" lat="44.586911"><ele>71.886757</ele><time>2021-01-19T22:13:22Z</time><extensions><speed>0.184117</speed><course>189.997345</course><hAcc>0.852228</hAcc><vAcc>0.610100</vAcc></extensions></trkpt>
      <trkpt lon="-123.264517" lat="44.586912"><ele>71.883545</ele><time>2021-01-19T22:13:23Z</time><extensions><speed>0.167361</speed><course>247.149002</course><hAcc>0.859847</hAcc><vAcc>0.614539</vAcc></extensions></trkpt>
      <trkpt lon="-123.264515" lat="44.586912"><ele>71.880730</ele><time>2021-01-19T22:13:24Z</time><extensions><speed>0.150816</speed><course>245.128799</course><hAcc>0.869306</hAcc><vAcc>0.620057</vAcc></extensions></trkpt>
      <trkpt lon="-123.264514" lat="44.586913"><ele>71.878281</ele><time>2021-01-19T22:13:25Z</time><extensions><speed>0.135249</speed><course>230.019821</course><hAcc>0.879194</hAcc><vAcc>0.625833</vAcc></extensions></trkpt>
      <trkpt lon="-123.264513" lat="44.586914"><ele>71.876190</ele><time>2021-01-19T22:13:26Z</time><extensions><speed>0.121230</speed><course>59.213642</course><hAcc>0.888521</hAcc><vAcc>0.631290</vAcc></extensions></trkpt>
      <trkpt lon="-123.264512" lat="44.586914"><ele>71.874481</ele><time>2021-01-19T22:13:27Z</time><extensions><speed>0.109137</speed><course>11.637530</course><hAcc>0.896695</hAcc><vAcc>0.636079</vAcc></extensions></trkpt>
      <trkpt lon="-123.264511" lat="44.586915"><ele>71.873161</ele><time>2021-01-19T22:13:28Z</time><extensions><speed>0.099156</speed><course>335.019653</course><hAcc>0.903436</hAcc><vAcc>0.640031</vAcc></extensions></trkpt>
      <trkpt lon="-123.264510" lat="44.586916"><ele>71.872238</ele><time>2021-01-19T22:13:29Z</time><extensions><speed>0.091289</speed><course>154.301804</course><hAcc>0.908675</hAcc><vAcc>0.643106</vAcc></extensions></trkpt>
      <trkpt lon="-123.264509" lat="44.586916"><ele>71.871727</ele><time>2021-01-19T22:13:30Z</time><extensions><speed>0.085368</speed><course>181.585358</course><hAcc>0.912462</hAcc><vAcc>0.645330</vAcc></extensions></trkpt>
      <trkpt lon="-123.264509" lat="44.586917"><ele>71.871651</ele><time>2021-01-19T22:13:31Z</time><extensions><speed>0.081071</speed><course>207.623459</course><hAcc>0.914898</hAcc><vAcc>0.646761</vAcc></extensions></trkpt>
      <trkpt lon="-123.264508" lat="44.586918"><ele>71.872009</ele><time>2021-01-19T22:13:32Z</time><extensions><speed>0.077946</speed><course>248.730377</course><hAcc>0.916070</hAcc><vAcc>0.647451</vAcc></extensions></trkpt>
      <trkpt lon="-123.264507" lat="44.586918"><ele>71.872787</ele><time>2021-01-19T22:13:33Z</time><extensions><speed>0.075465</speed><course>192.047058</course><hAcc>0.916019</hAcc><vAcc>0.647419</vAcc></extensions></trkpt>
      <trkpt lon="-123.264507" lat="44.586919"><ele>71.873985</ele><time>2021-01-19T22:13:34Z</time><extensions><speed>0.072997</speed><course>184.541321</course><hAcc>0.914711</hAcc><vAcc>0.646646</vAcc></extensions></trkpt>
      <trkpt lon="-123.264507" lat="44.586919"><ele>71.875549</ele><time>2021-01-19T22:13:35Z</time><extensions><speed>0.069752</speed><course>193.626144</course><hAcc>0.912038</hAcc><vAcc>0.645063</vAcc></extensions></trkpt>
      <trkpt lon="-123.264506" lat="44.586920"><ele>71.877434</ele><time>2021-01-19T22:13:36Z</time><extensions><speed>0.065226</speed><course>162.975586</course><hAcc>0.907820</hAcc><vAcc>0.642561</vAcc></extensions></trkpt>
      <trkpt lon="-123.264506" lat="44.586920"><ele>71.879562</ele><time>2021-01-19T22:13:37Z</time><extensions><speed>0.059467</speed><course>73.781517</course><hAcc>0.901833</hAcc><vAcc>0.639002</vAcc></extensions></trkpt>
      <trkpt lon="-123.264506" lat="44.586921"><ele>71.881813</ele><time>2021-01-19T22:13:38Z</time><extensions><speed>0.052907</speed><course>71.052010</course><hAcc>0.893856</hAcc><vAcc>0.634251</vAcc></extensions></trkpt>
      <trkpt lon="-123.264505" lat="44.586921"><ele>71.884048</ele><time>2021-01-19T22:13:39Z</time><extensions><speed>0.046152</speed><course>96.215485</course><hAcc>0.883728</hAcc><vAcc>0.628209</vAcc></extensions></trkpt>
      <trkpt lon="-123.264505" lat="44.586922"><ele>71.886154</ele><time>2021-01-19T22:13:40Z</time><extensions><speed>0.039760</speed><course>120.919716</course><hAcc>0.871438</hAcc><vAcc>0.620866</vAcc></extensions></trkpt>
      <trkpt lon="-123.264505" lat="44.586922"><ele>71.888100</ele><time>2021-01-19T22:13:41Z</time><extensions><speed>0.034234</speed><course>152.852142</course><hAcc>0.857225</hAcc><vAcc>0.612359</vAcc></extensions></trkpt>
      <trkpt lon="-123.264505" lat="44.586922"><ele>71.889877</ele><time>2021-01-19T22:13:42Z</time><extensions><speed>0.029963</speed><course>155.444077</course><hAcc>0.841686</hAcc><vAcc>0.603041</vAcc></extensions></trkpt>
      <trkpt lon="-123.264505" lat="44.586922"><ele>71.891518</ele><time>2021-01-19T22:13:43Z</time><extensions><speed>0.027128</speed><course>168.371475</course><hAcc>0.825861</hAcc><vAcc>0.593524</vAcc></extensions></trkpt>
      <trkpt lon="-123.264505" lat="44.586923"><ele>71.893105</ele><time>2021-01-19T22:13:44Z</time><extensions><speed>0.025688</speed><course>153.394135</course><hAcc>0.811011</hAcc><vAcc>0.584551</vAcc></extensions></trkpt>
      <trkpt lon="-123.264505" lat="44.586923"><ele>71.894737</ele><time>2021-01-19T22:13:45Z</time><extensions><speed>0.025478</speed><course>129.393097</course><hAcc>0.798103</hAcc><vAcc>0.576700</vAcc></extensions></trkpt>
      <trkpt lon="-123.264506" lat="44.586923"><ele>71.896538</ele><time>2021-01-19T22:13:46Z</time><extensions><speed>0.026302</speed><course>123.504234</course><hAcc>0.787591</hAcc><vAcc>0.570250</vAcc></extensions></trkpt>
      <trkpt lon="-123.264506" lat="44.586923"><ele>71.898621</ele><time>2021-01-19T22:13:47Z</time><extensions><speed>0.028005</speed><course>143.721802</course><hAcc>0.779519</hAcc><vAcc>0.565244</vAcc></extensions></trkpt>
      <trkpt lon="-123.264506" lat="44.586924"><ele>71.901100</ele><time>2021-01-19T22:13:48Z</time><extensions><speed>0.030530</speed><course>206.342422</course><hAcc>0.773655</hAcc><vAcc>0.561560</vAcc></extensions></trkpt>
      <trkpt lon="-123.264506" lat="44.586924"><ele>71.904037</ele><time>2021-01-19T22:13:49Z</time><extensions><speed>0.033922</speed><course>271.542572</course><hAcc>0.769628</hAcc><vAcc>0.558992</vAcc></extensions></trkpt>
      <trkpt lon="-123.264507" lat="44.586924"><ele>71.907440</ele><time>2021-01-19T22:13:50Z</time><extensions><speed>0.038273</speed><course>250.505905</course><hAcc>0.767036</hAcc><vAcc>0.557314</vAcc></extensions></trkpt>
      <trkpt lon="-123.264507" lat="44.586924"><ele>71.911270</ele><time>2021-01-19T22:13:51Z</time><extensions><speed>0.043669</speed><course>225.345352</course><hAcc>0.765526</hAcc><vAcc>0.556322</vAcc></extensions></trkpt>
      <trkpt lon="-123.264507" lat="44.586925"><ele>71.915398</ele><time>2021-01-19T22:13:52Z</time><extensions><speed>0.050087</speed><course>220.670578</course><hAcc>0.764843</hAcc><vAcc>0.555869</vAcc></extensions></trkpt>
      <trkpt lon="-123.264508" lat="44.586925"><ele>71.919563</ele><time>2021-01-19T22:13:53Z</time><extensions><speed>0.057366</speed><course>259.908752</course><hAcc>0.764855</hAcc><vAcc>0.555877</vAcc></extensions></trkpt>
      <trkpt lon="-123.264508" lat="44.586925"><ele>71.923393</ele><time>2021-01-19T22:13:54Z</time><extensions><speed>0.065182</speed><course>261.412079</course><hAcc>0.765562</hAcc><vAcc>0.556347</vAcc></extensions></trkpt>
      <trkpt lon="-123.264509" lat="44.586926"><ele>71.926315</ele><time>2021-01-19T22:13:55Z</time><extensions><speed>0.073074</speed><course>270.044861</course><hAcc>0.767094</hAcc><vAcc>0.557352</vAcc></extensions></trkpt>
      <trkpt lon="-123.264510" lat="44.586926"><ele>71.927567</ele><time>2021-01-19T22:13:56Z</time><extensions><speed>0.080624</speed><course>271.947479</course><hAcc>0.769693</hAcc><vAcc>0.559033</vAcc></extensions></trkpt>
      <trkpt lon="-123.264510" lat="44.586927"><ele>71.926208</ele><time>2021-01-19T22:13:57Z</time><extensions><speed>0.087540</speed><course>264.230072</course><hAcc>0.773678</hAcc><vAcc>0.561572</vAcc></extensions></trkpt>
      <trkpt lon="-123.264511" lat="44.586927"><ele>71.921196</ele><time>2021-01-19T22:13:58Z</time><extensions><speed>0.093809</speed><course>272.128601</course><hAcc>0.779390</hAcc><vAcc>0.565161</vAcc></extensions></trkpt>
      <trkpt lon="-123.264512" lat="44.586928"><ele>71.911461</ele><time>2021-01-19T22:13:59Z</time><extensions><speed>0.099940</speed><course>272.603180</course><hAcc>0.787106</hAcc><vAcc>0.569949</vAcc></extensions></trkpt>
      <trkpt lon="-123.264513" lat="44.586929"><ele>71.896011</ele><time>2021-01-19T22:14:00Z</time><extensions><speed>0.106679</speed><course>271.714722</course><hAcc>0.796922</hAcc><vAcc>0.575981</vAcc></extensions></trkpt>
      <trkpt lon="-123.264514" lat="44.586929"><ele>71.874138</ele><time>2021-01-19T22:14:01Z</time><extensions><speed>0.114807</speed><course>283.649017</course><hAcc>0.808621</hAcc><vAcc>0.583114</vAcc></extensions></trkpt>
      <trkpt lon="-123.264515" lat="44.586930"><ele>71.845642</ele><time>2021-01-19T22:14:02Z</time><extensions><speed>0.125590</speed><course>290.672150</course><hAcc>0.821544</hAcc><vAcc>0.590949</vAcc></extensions></trkpt>
      <trkpt lon="-123.264516" lat="44.586931"><ele>71.810928</ele><time>2021-01-19T22:14:03Z</time><extensions><speed>0.140651</speed><course>153.493225</course><hAcc>0.834509</hAcc><vAcc>0.598783</vAcc></extensions></trkpt>
      <trkpt lon="-123.264518" lat="44.586931"><ele>71.770668</ele><time>2021-01-19T22:14:04Z</time><extensions><speed>0.160056</speed><course>104.306198</course><hAcc>0.846040</hAcc><vAcc>0.605746</vAcc></extensions></trkpt>
      <trkpt lon="-123.264520" lat="44.586931"><ele>71.725548</ele><time>2021-01-19T22:14:05Z</time><extensions><speed>0.181891</speed><course>101.731491</course><hAcc>0.854920</hAcc><vAcc>0.611121</vAcc></extensions></trkpt>
      <trkpt lon="-123.264523" lat="44.586931"><ele>71.676422</ele><time>2021-01-19T22:14:06Z</time><extensions><speed>0.203591</speed><course>105.722328</course><hAcc>0.860451</hAcc><vAcc>0.614498</vAcc></extensions></trkpt>
      <trkpt lon="-123.264526" lat="44.586930"><ele>71.624619</ele><time>2021-01-19T22:14:07Z</time><extensions><speed>0.222508</speed><course>94.268967</course><hAcc>0.862434</hAcc><vAcc>0.615765</vAcc></extensions></trkpt>
      <trkpt lon="-123.264528" lat="44.586930"><ele>71.571953</ele><time>2021-01-19T22:14:08Z</time><extensions><speed>0.236322</speed><course>84.558159</course><hAcc>0.861144</hAcc><vAcc>0.615088</vAcc></extensions></trkpt>
      <trkpt lon="-123.264531" lat="44.586930"><ele>71.520729</ele><time>2021-01-19T22:14:09Z</time><extensions><speed>0.243933</speed><course>78.860420</course><hAcc>0.857319</hAcc><vAcc>0.612908</vAcc></extensions></trkpt>
      <trkpt lon="-123.264534" lat="44.586929"><ele>71.473175</ele><time>2021-01-19T22:14:10Z</time><extensions><speed>0.246086</speed><course>72.504707</course><hAcc>0.852156</hAcc><vAcc>0.609932</vAcc></extensions></trkpt>
      <trkpt lon="-123.264537" lat="44.586929"><ele>71.430527</ele><time>2021-01-19T22:14:11Z</time><extensions><speed>0.244707</speed><course>99.665962</course><hAcc>0.847273</hAcc><vAcc>0.607107</vAcc></extensions></trkpt>
      <trkpt lon="-123.264540" lat="44.586928"><ele>71.393021</ele><time>2021-01-19T22:14:12Z</time><extensions><speed>0.242500</speed><course>113.479027</course><hAcc>0.844334</hAcc><vAcc>0.605405</vAcc></extensions></trkpt>
      <trkpt lon="-123.264543" lat="44.586928"><ele>71.360664</ele><time>2021-01-19T22:14:13Z</time><extensions><speed>0.241065</speed><course>139.390442</course><hAcc>0.844362</hAcc><vAcc>0.605422</vAcc></extensions></trkpt>
      <trkpt lon="-123.264546" lat="44.586928"><ele>71.333717</ele><time>2021-01-19T22:14:14Z</time><extensions><speed>0.239784</speed><course>138.979950</course><hAcc>0.847356</hAcc><vAcc>0.607156</vAcc></extensions></trkpt>
      <trkpt lon="-123.264549" lat="44.586928"><ele>71.312546</ele><time>2021-01-19T22:14:15Z</time><extensions><speed>0.237241</speed><course>161.206360</course><hAcc>0.852291</hAcc><vAcc>0.610011</vAcc></extensions></trkpt>
      <trkpt lon="-123.264552" lat="44.586928"><ele>71.297302</ele><time>2021-01-19T22:14:16Z</time><extensions><speed>0.231798</speed><course>170.741989</course><hAcc>0.857497</hAcc><vAcc>0.613011</vAcc></extensions></trkpt>
      <trkpt lon="-123.264555" lat="44.586929"><ele>71.287704</ele><time>2021-01-19T22:14:17Z</time><extensions><speed>0.221800</speed><course>199.418945</course><hAcc>0.861352</hAcc><vAcc>0.615207</vAcc></extensions></trkpt>
      <trkpt lon="-123.264558" lat="44.586929"><ele>71.282982</ele><time>2021-01-19T22:14:18Z</time><extensions><speed>0.204997</speed><course>200.485016</course><hAcc>0.862655</hAcc><vAcc>0.615888</vAcc></extensions></trkpt>
      <trkpt lon="-123.264560" lat="44.586930"><ele>71.282059</ele><time>2021-01-19T22:14:19Z</time><extensions><speed>0.179382</speed><course>212.143478</course><hAcc>0.860664</hAcc><vAcc>0.614612</vAcc></extensions></trkpt>
      <trkpt lon="-123.264562" lat="44.586930"><ele>71.283607</ele><time>2021-01-19T22:14:20Z</time><extensions><speed>0.143475</speed><course>333.540680</course><hAcc>0.855102</hAcc><vAcc>0.611213</vAcc></extensions></trkpt>
      <trkpt lon="-123.264564" lat="44.586930"><ele>71.286255</ele><time>2021-01-19T22:14:21Z</time><extensions><speed>0.096880</speed><course>340.337494</course><hAcc>0.846173</hAcc><vAcc>0.605809</vAcc></extensions></trkpt>
      <trkpt lon="-123.264564" lat="44.586931"><ele>71.288879</ele><time>2021-01-19T22:14:22Z</time><extensions><speed>0.052947</speed><course>3.519976</course><hAcc>0.834595</hAcc><vAcc>0.598825</vAcc></extensions></trkpt>
      <trkpt lon="-123.264564" lat="44.586931"><ele>71.290588</ele><time>2021-01-19T22:14:23Z</time><extensions><speed>0.086412</speed><course>28.590975</course><hAcc>0.821631</hAcc><vAcc>0.591010</vAcc></extensions></trkpt>
      <trkpt lon="-123.264562" lat="44.586932"><ele>71.290855</ele><time>2021-01-19T22:14:24Z</time><extensions><speed>0.173959</speed><course>8.130479</course><hAcc>0.808835</hAcc><vAcc>0.583286</vAcc></extensions></trkpt>
      <trkpt lon="-123.264559" lat="44.586932"><ele>71.290054</ele><time>2021-01-19T22:14:25Z</time><extensions><speed>0.268924</speed><course>196.445679</course><hAcc>0.797522</hAcc><vAcc>0.576440</vAcc></extensions></trkpt>
      <trkpt lon="-123.264556" lat="44.586932"><ele>71.289856</ele><time>2021-01-19T22:14:26Z</time><extensions><speed>0.354290</speed><course>197.003036</course><hAcc>0.788546</hAcc><vAcc>0.570993</vAcc></extensions></trkpt>
      <trkpt lon="-123.264551" lat="44.586932"><ele>71.292885</ele><time>2021-01-19T22:14:27Z</time><extensions><speed>0.420114</speed><course>346.712097</course><hAcc>0.782386</hAcc><vAcc>0.567245</vAcc></extensions></trkpt>
      <trkpt lon="-123.264545" lat="44.586932"><ele>71.301666</ele><time>2021-01-19T22:14:28Z</time><extensions><speed>0.461540</speed><course>344.724182</course><hAcc>0.779269</hAcc><vAcc>0.565345</vAcc></extensions></trkpt>
      <trkpt lon="-123.264539" lat="44.586932"><ele>71.317352</ele><time>2021-01-19T22:14:29Z</time><extensions><speed>0.478228</speed><course>340.511414</course><hAcc>0.779280</hAcc><vAcc>0.565352</vAcc></extensions></trkpt>
      <trkpt lon="-123.264533" lat="44.586931"><ele>71.339722</ele><time>2021-01-19T22:14:30Z</time><extensions><speed>0.473030</speed><course>340.641479</course><hAcc>0.782417</hAcc><vAcc>0.567264</vAcc></extensions></trkpt>
      <trkpt lon="-123.264528" lat="44.586931"><ele>71.367844</ele><time>2021-01-19T22:14:31Z</time><extensions><speed>0.449912</speed><course>24.922503</course><hAcc>0.788598</hAcc><vAcc>0.571025</vAcc></extensions></trkpt>
      <trkpt lon="-123.264522" lat="44.586930"><ele>71.400299</ele><time>2021-01-19T22:14:32Z</time><extensions><speed>0.412688</speed><course>10.518443</course><hAcc>0.797595</hAcc><vAcc>0.576486</vAcc></extensions></trkpt>
      <trkpt lon="-123.264518" lat="44.586929"><ele>71.435425</ele><time>2021-01-19T22:14:33Z</time><extensions><speed>0.364502</speed><course>351.059021</course><hAcc>0.808928</hAcc><vAcc>0.583343</vAcc></extensions></trkpt>
      <trkpt lon="-123.264514" lat="44.586928"><ele>71.471733</ele><time>2021-01-19T22:14:34Z</time><extensions><speed>0.308225</speed><course>342.574615</course><hAcc>0.821742</hAcc><vAcc>0.591078</vAcc></extensions></trkpt>
      <trkpt lon="-123.264510" lat="44.586927"><ele>71.507927</ele><time>2021-01-19T22:14:35Z</time><extensions><speed>0.248021</speed><course>8.686268</course><hAcc>0.834718</hAcc><vAcc>0.598900</vAcc></extensions></trkpt>
      <trkpt lon="-123.264508" lat="44.586926"><ele>71.542763</ele><time>2021-01-19T22:14:36Z</time><extensions><speed>0.188925</speed><course>354.204498</course><hAcc>0.846300</hAcc><vAcc>0.605885</vAcc></extensions></trkpt>
      <trkpt lon="-123.264506" lat="44.586925"><ele>71.575180</ele><time>2021-01-19T22:14:37Z</time><extensions><speed>0.136136</speed><course>271.762543</course><hAcc>0.855222</hAcc><vAcc>0.611285</vAcc></extensions></trkpt>
      <trkpt lon="-123.264505" lat="44.586924"><ele>71.604446</ele><time>2021-01-19T22:14:38Z</time><extensions><speed>0.098197</speed><course>262.507263</course><hAcc>0.860768</hAcc><vAcc>0.614675</vAcc></extensions></trkpt>
      <trkpt lon="-123.264505" lat="44.586923"><ele>71.630081</ele><time>2021-01-19T22:14:39Z</time><extensions><speed>0.087407</speed><course>249.565308</course><hAcc>0.862740</hAcc><vAcc>0.615940</vAcc></extensions></trkpt>
      <trkpt lon="-123.264506" lat="44.586923"><ele>71.651833</ele><time>2021-01-19T22:14:40Z</time><extensions><speed>0.102849</speed><course>205.194824</course><hAcc>0.861430</hAcc><vAcc>0.615258</vAcc></extensions></trkpt>
      <trkpt lon="-123.264507" lat="44.586922"><ele>71.669701</ele><time>2021-01-19T22:14:41Z</time><extensions><speed>0.128050</speed><course>224.973297</course><hAcc>0.857614</hAcc><vAcc>0.613089</vAcc></extensions></trkpt>
      <trkpt lon="-123.264508" lat="44.586921"><ele>71.683998</ele><time>2021-01-19T22:14:42Z</time><extensions><speed>0.152086</speed><course>252.946548</course><hAcc>0.852549</hAcc><vAcc>0.610178</vAcc></extensions></trkpt>
      <trkpt lon="-123.264510" lat="44.586920"><ele>71.695480</ele><time>2021-01-19T22:14:43Z</time><extensions><speed>0.170394</speed><course>278.898560</course><hAcc>0.847943</hAcc><vAcc>0.607526</vAcc></extensions></trkpt>
      <trkpt lon="-123.264512" lat="44.586920"><ele>71.705177</ele><time>2021-01-19T22:14:44Z</time><extensions><speed>0.181088</speed><course>288.746094</course><hAcc>0.845587</hAcc><vAcc>0.606177</vAcc></extensions></trkpt>
      <trkpt lon="-123.264514" lat="44.586919"><ele>71.714127</ele><time>2021-01-19T22:14:45Z</time><extensions><speed>0.184025</speed><course>296.946503</course><hAcc>0.846663</hAcc><vAcc>0.606822</vAcc></extensions></trkpt>
      <trkpt lon="-123.264516" lat="44.586918"><ele>71.723228</ele><time>2021-01-19T22:14:46Z</time><extensions><speed>0.180077</speed><course>297.930481</course><hAcc>0.851353</hAcc><vAcc>0.609568</vAcc></extensions></trkpt>
      <trkpt lon="-123.264517" lat="44.586917"><ele>71.733200</ele><time>2021-01-19T22:14:47Z</time><extensions><speed>0.170047</speed><course>300.356598</course><hAcc>0.858826</hAcc><vAcc>0.613936</vAcc></extensions></trkpt>
      <trkpt lon="-123.264519" lat="44.586916"><ele>71.744362</ele><time>2021-01-19T22:14:48Z</time><extensions><speed>0.154453</speed><course>314.404907</course><hAcc>0.867596</hAcc><vAcc>0.619063</vAcc></extensions></trkpt>
      <trkpt lon="-123.264520" lat="44.586915"><ele>71.756691</ele><time>2021-01-19T22:14:49Z</time><extensions><speed>0.133727</speed><course>327.844269</course><hAcc>0.876197</hAcc><vAcc>0.624097</vAcc></extensions></trkpt>
      <trkpt lon="-123.264521" lat="44.586914"><ele>71.770035</ele><time>2021-01-19T22:14:50Z</time><extensions><speed>0.108504</speed><course>18.750435</course><hAcc>0.883519</hAcc><vAcc>0.628385</vAcc></extensions></trkpt>
      <trkpt lon="-123.264522" lat="44.586914"><ele>71.784164</ele><time>2021-01-19T22:14:51Z</time><extensions><speed>0.079684</speed><course>72.331932</course><hAcc>0.888800</hAcc><vAcc>0.631481</vAcc></extensions></trkpt>
      <trkpt lon="-123.264523" lat="44.586913"><ele>71.798973</ele><time>2021-01-19T22:14:52Z</time><extensions><speed>0.047541</speed><course>72.431816</course><hAcc>0.891569</hAcc><vAcc>0.633102</vAcc></extensions></trkpt>
      <trkpt lon="-123.264523" lat="44.586913"><ele>71.814484</ele><time>2021-01-19T22:14:53Z</time><extensions><speed>0.011931</speed><course>63.194126</course><hAcc>0.891589</hAcc><vAcc>0.633108</vAcc></extensions></trkpt>
      <trkpt lon="-123.264523" lat="44.586913"><ele>71.830742</ele><time>2021-01-19T22:14:54Z</time><extensions><speed>0.027243</speed><course>58.744598</course><hAcc>0.888816</hAcc><vAcc>0.631470</vAcc></extensions></trkpt>
      <trkpt lon="-123.264523" lat="44.586914"><ele>71.847725</ele><time>2021-01-19T22:14:55Z</time><extensions><speed>0.068817</speed><course>49.051968</course><hAcc>0.883396</hAcc><vAcc>0.628275</vAcc></extensions></trkpt>
      <trkpt lon="-123.264522" lat="44.586914"><ele>71.865410</ele><time>2021-01-19T22:14:56Z</time><extensions><speed>0.112517</speed><course>74.293465</course><hAcc>0.875692</hAcc><vAcc>0.623735</vAcc></extensions></trkpt>
      <trkpt lon="-123.264521" lat="44.586915"><ele>71.883827</ele><time>2021-01-19T22:14:57Z</time><extensions><speed>0.157816</speed><course>64.133141</course><hAcc>0.866338</hAcc><vAcc>0.618223</vAcc></extensions></trkpt>
      <trkpt lon="-123.264520" lat="44.586917"><ele>71.902878</ele><time>2021-01-19T22:14:58Z</time><extensions><speed>0.204007</speed><course>6.007646</course><hAcc>0.856292</hAcc><vAcc>0.612304</vAcc></extensions></trkpt>
      <trkpt lon="-123.264518" lat="44.586918"><ele>71.922302</ele><time>2021-01-19T22:14:59Z</time><extensions><speed>0.250025</speed><course>352.440704</course><hAcc>0.846864</hAcc><vAcc>0.606740</vAcc></extensions></trkpt>
      <trkpt lon="-123.264516" lat="44.586920"><ele>71.941658</ele><time>2021-01-19T22:15:00Z</time><extensions><speed>0.294127</speed><course>335.848114</course><hAcc>0.839402</hAcc><vAcc>0.602320</vAcc></extensions></trkpt>
      <trkpt lon="-123.264514" lat="44.586923"><ele>71.960434</ele><time>2021-01-19T22:15:01Z</time><extensions><speed>0.333639</speed><course>327.358154</course><hAcc>0.834682</hAcc><vAcc>0.599499</vAcc></extensions></trkpt>
      <trkpt lon="-123.264511" lat="44.586925"><ele>71.978157</ele><time>2021-01-19T22:15:02Z</time><extensions><speed>0.365115</speed><course>333.876984</course><hAcc>0.832608</hAcc><vAcc>0.598227</vAcc></extensions></trkpt>
      <trkpt lon="-123.264508" lat="44.586928"><ele>71.994431</ele><time>2021-01-19T22:15:03Z</time><extensions><speed>0.385414</speed><course>317.009186</course><hAcc>0.832297</hAcc><vAcc>0.597997</vAcc></extensions></trkpt>
      <trkpt lon="-123.264505" lat="44.586930"><ele>72.008858</ele><time>2021-01-19T22:15:04Z</time><extensions><speed>0.393565</speed><course>324.809845</course><hAcc>0.832534</hAcc><vAcc>0.598108</vAcc></extensions></trkpt>
      <trkpt lon="-123.264501" lat="44.586933"><ele>72.020981</ele><time>2021-01-19T22:15:05Z</time><extensions><speed>0.389864</speed><course>313.081604</course><hAcc>0.832513</hAcc><vAcc>0.598095</vAcc></extensions></trkpt>
      <trkpt lon="-123.264498" lat="44.586935"><ele>72.030289</ele><time>2021-01-19T22:15:06Z</time><extensions><speed>0.373860</speed><course>310.419220</course><hAcc>0.832237</hAcc><vAcc>0.597961</vAcc></extensions></trkpt>
      <trkpt lon="-123.264494" lat="44.586937"><ele>72.036186</ele><time>2021-01-19T22:15:07Z</time><extensions><speed>0.344558</speed><course>310.161346</course><hAcc>0.832524</hAcc><vAcc>0.598176</vAcc></extensions></trkpt>
      <trkpt lon="-123.264491" lat="44.586939"><ele>72.038147</ele><time>2021-01-19T22:15:08Z</time><extensions><speed>0.301901</speed><course>278.424835</course><hAcc>0.834611</hAcc><vAcc>0.599456</vAcc></extensions></trkpt>
      <trkpt lon="-123.264488" lat="44.586940"><ele>72.035873</ele><time>2021-01-19T22:15:09Z</time><extensions><speed>0.249072</speed><course>284.042450</course><hAcc>0.839420</hAcc><vAcc>0.602328</vAcc></extensions></trkpt>
      <trkpt lon="-123.264485" lat="44.586941"><ele>72.029190</ele><time>2021-01-19T22:15:10Z</time><extensions><speed>0.191405</speed><course>266.509979</course><hAcc>0.847112</hAcc><vAcc>0.606881</vAcc></extensions></trkpt>
      <trkpt lon="-123.264483" lat="44.586941"><ele>72.018089</ele><time>2021-01-19T22:15:11Z</time><extensions><speed>0.134649</speed><course>231.306152</course><hAcc>0.857003</hAcc><vAcc>0.612713</vAcc></extensions></trkpt>
      <trkpt lon="-123.264482" lat="44.586941"><ele>72.002937</ele><time>2021-01-19T22:15:12Z</time><extensions><speed>0.084336</speed><course>224.940414</course><hAcc>0.867867</hAcc><vAcc>0.619109</vAcc></extensions></trkpt>
      <trkpt lon="-123.264481" lat="44.586941"><ele>71.984467</ele><time>2021-01-19T22:15:13Z</time><extensions><speed>0.050227</speed><course>230.877960</course><hAcc>0.878550</hAcc><vAcc>0.625395</vAcc></extensions></trkpt>
      <trkpt lon="-123.264481" lat="44.586941"><ele>71.963608</ele><time>2021-01-19T22:15:14Z</time><extensions><speed>0.052656</speed><course>221.923904</course><hAcc>0.888279</hAcc><vAcc>0.631118</vAcc></extensions></trkpt>
      <trkpt lon="-123.264481" lat="44.586940"><ele>71.941399</ele><time>2021-01-19T22:15:15Z</time><extensions><speed>0.077482</speed><course>216.503632</course><hAcc>0.896631</hAcc><vAcc>0.636030</vAcc></extensions></trkpt>
      <trkpt lon="-123.264482" lat="44.586940"><ele>71.918907</ele><time>2021-01-19T22:15:16Z</time><extensions><speed>0.102488</speed><course>216.408691</course><hAcc>0.903455</hAcc><vAcc>0.640042</vAcc></extensions></trkpt>
      <trkpt lon="-123.264483" lat="44.586939"><ele>71.897240</ele><time>2021-01-19T22:15:17Z</time><extensions><speed>0.124175</speed><course>212.646957</course><hAcc>0.908792</hAcc><vAcc>0.643177</vAcc></extensions></trkpt>
      <trkpt lon="-123.264485" lat="44.586939"><ele>71.877800</ele><time>2021-01-19T22:15:18Z</time><extensions><speed>0.143497</speed><course>240.023636</course><hAcc>0.912795</hAcc><vAcc>0.645527</vAcc></extensions></trkpt>
      <trkpt lon="-123.264487" lat="44.586938"><ele>71.862404</ele><time>2021-01-19T22:15:19Z</time><extensions><speed>0.160275</speed><course>188.506485</course><hAcc>0.915667</hAcc><vAcc>0.647211</vAcc></extensions></trkpt>
      <trkpt lon="-123.264489" lat="44.586938"><ele>71.852707</ele><time>2021-01-19T22:15:20Z</time><extensions><speed>0.174251</speed><course>145.697922</course><hAcc>0.917616</hAcc><vAcc>0.648352</vAcc></extensions></trkpt>
      <trkpt lon="-123.264491" lat="44.586938"><ele>71.849411</ele><time>2021-01-19T22:15:21Z</time><extensions><speed>0.185943</speed><course>187.091660</course><hAcc>0.918820</hAcc><vAcc>0.649057</vAcc></extensions></trkpt>
      <trkpt lon="-123.264494" lat="44.586939"><ele>71.852211</ele><time>2021-01-19T22:15:22Z</time><extensions><speed>0.194478</speed><course>226.719040</course><hAcc>0.919406</hAcc><vAcc>0.649400</vAcc></extensions></trkpt>
      <trkpt lon="-123.264496" lat="44.586939"><ele>71.860336</ele><time>2021-01-19T22:15:23Z</time><extensions><speed>0.197742</speed><course>229.835342</course><hAcc>0.919433</hAcc><vAcc>0.649415</vAcc></extensions></trkpt>
      <trkpt lon="-123.264499" lat="44.586939"><ele>71.872887</ele><time>2021-01-19T22:15:24Z</time><extensions><speed>0.194397</speed><course>251.113083</course><hAcc>0.918886</hAcc><vAcc>0.649092</vAcc></extensions></trkpt>
      <trkpt lon="-123.264501" lat="44.586940"><ele>71.888840</ele><time>2021-01-19T22:15:25Z</time><extensions><speed>0.185196</speed><course>249.022873</course><hAcc>0.917671</hAcc><vAcc>0.648375</vAcc></extensions></trkpt>
      <trkpt lon="-123.264503" lat="44.586940"><ele>71.907013</ele><time>2021-01-19T22:15:26Z</time><extensions><speed>0.171908</speed><course>266.462494</course><hAcc>0.915619</hAcc><vAcc>0.647163</vAcc></extensions></trkpt>
      <trkpt lon="-123.264505" lat="44.586940"><ele>71.926125</ele><time>2021-01-19T22:15:27Z</time><extensions><speed>0.156055</speed><course>266.498474</course><hAcc>0.912498</hAcc><vAcc>0.645315</vAcc></extensions></trkpt>
      <trkpt lon="-123.264507" lat="44.586940"><ele>71.944695</ele><time>2021-01-19T22:15:28Z</time><extensions><speed>0.138952</speed><course>240.664200</course><hAcc>0.908028</hAcc><vAcc>0.642664</vAcc></extensions></trkpt>
      <trkpt lon="-123.264509" lat="44.586940"><ele>71.961273</ele><time>2021-01-19T22:15:29Z</time><extensions><speed>0.121875</speed><course>237.502502</course><hAcc>0.901915</hAcc><vAcc>0.639033</vAcc></extensions></trkpt>
      <trkpt lon="-123.264510" lat="44.586941"><ele>71.974693</ele><time>2021-01-19T22:15:30Z</time><extensions><speed>0.106305</speed><course>233.247269</course><hAcc>0.893900</hAcc><vAcc>0.634267</vAcc></extensions></trkpt>
      <trkpt lon="-123.264511" lat="44.586940"><ele>71.984215</ele><time>2021-01-19T22:15:31Z</time><extensions><speed>0.094055</speed><course>221.501572</course><hAcc>0.883823</hAcc><vAcc>0.628274</vAcc></extensions></trkpt>
      <trkpt lon="-123.264512" lat="44.586940"><ele>71.989433</ele><time>2021-01-19T22:15:32Z</time><extensions><speed>0.087268</speed><course>215.156387</course><hAcc>0.871724</hAcc><vAcc>0.621077</vAcc></extensions></trkpt>
      <trkpt lon="-123.264513" lat="44.586940"><ele>71.990219</ele><time>2021-01-19T22:15:33Z</time><extensions><speed>0.087860</speed><course>215.399124</course><hAcc>0.857946</hAcc><vAcc>0.612884</vAcc></extensions></trkpt>
      <trkpt lon="-123.264514" lat="44.586940"><ele>71.986694</ele><time>2021-01-19T22:15:34Z</time><extensions><speed>0.096408</speed><course>224.216599</course><hAcc>0.843259</hAcc><vAcc>0.604155</vAcc></extensions></trkpt>
      <trkpt lon="-123.264515" lat="44.586939"><ele>71.979187</ele><time>2021-01-19T22:15:34Z</time><extensions><speed>0.112046</speed><course>224.399323</course><hAcc>0.828987</hAcc><vAcc>0.595678</vAcc></extensions></trkpt>
      <trkpt lon="-123.264516" lat="44.586938"><ele>71.968239</ele><time>2021-01-19T22:15:35Z</time><extensions><speed>0.133541</speed><course>217.241013</course><hAcc>0.816696</hAcc><vAcc>0.588378</vAcc></extensions></trkpt>
      <trkpt lon="-123.264517" lat="44.586937"><ele>71.954674</ele><time>2021-01-19T22:15:36Z</time><extensions><speed>0.159552</speed><course>217.241013</course><hAcc>0.807731</hAcc><vAcc>0.583051</vAcc></extensions></trkpt>
      <trkpt lon="-123.264518" lat="44.586936"><ele>71.939522</ele><time>2021-01-19T22:15:37Z</time><extensions><speed>0.187958</speed><course>217.241013</course><hAcc>0.802933</hAcc><vAcc>0.580196</vAcc></extensions></trkpt>
      <trkpt lon="-123.264520" lat="44.586934"><ele>71.923897</ele><time>2021-01-19T22:15:38Z</time><extensions><speed>0.214978</speed><course>217.241013</course><hAcc>0.802638</hAcc><vAcc>0.580016</vAcc></extensions></trkpt>
      <trkpt lon="-123.264521" lat="44.586932"><ele>71.908791</ele><time>2021-01-19T22:15:39Z</time><extensions><speed>0.235763</speed><course>217.241013</course><hAcc>0.806700</hAcc><vAcc>0.582426</vAcc></extensions></trkpt>
      <trkpt lon="-123.264523" lat="44.586930"><ele>71.894829</ele><time>2021-01-19T22:15:40Z</time><extensions><speed>0.247207</speed><course>217.241013</course><hAcc>0.814485</hAcc><vAcc>0.587050</vAcc></extensions></trkpt>
      <trkpt lon="-123.264524" lat="44.586928"><ele>71.882309</ele><time>2021-01-19T22:15:41Z</time><extensions><speed>0.249281</speed><course>242.797058</course><hAcc>0.824852</hAcc><vAcc>0.593208</vAcc></extensions></trkpt>
      <trkpt lon="-123.264526" lat="44.586927"><ele>71.871338</ele><time>2021-01-19T22:15:42Z</time><extensions><speed>0.243989</speed><course>249.224991</course><hAcc>0.836139</hAcc><vAcc>0.599916</vAcc></extensions></trkpt>
      <trkpt lon="-123.264529" lat="44.586925"><ele>71.861847</ele><time>2021-01-19T22:15:43Z</time><extensions><speed>0.234740</speed><course>289.213226</course><hAcc>0.846439</hAcc><vAcc>0.606040</vAcc></extensions></trkpt>
      <trkpt lon="-123.264531" lat="44.586924"><ele>71.853683</ele><time>2021-01-19T22:15:44Z</time><extensions><speed>0.225865</speed><course>272.519440</course><hAcc>0.854151</hAcc><vAcc>0.610625</vAcc></extensions></trkpt>
      <trkpt lon="-123.264534" lat="44.586923"><ele>71.846603</ele><time>2021-01-19T22:15:45Z</time><extensions><speed>0.221590</speed><course>244.734100</course><hAcc>0.858226</hAcc><vAcc>0.613041</vAcc></extensions></trkpt>
      <trkpt lon="-123.264536" lat="44.586923"><ele>71.840279</ele><time>2021-01-19T22:15:46Z</time><extensions><speed>0.224461</speed><course>212.511093</course><hAcc>0.858127</hAcc><vAcc>0.612962</vAcc></extensions></trkpt>
      <trkpt lon="-123.264539" lat="44.586923"><ele>71.834351</ele><time>2021-01-19T22:15:47Z</time><extensions><speed>0.234203</speed><course>269.689758</course><hAcc>0.853785</hAcc><vAcc>0.610342</vAcc></extensions></trkpt>
      <trkpt lon="-123.264542" lat="44.586924"><ele>71.828476</ele><time>2021-01-19T22:15:48Z</time><extensions><speed>0.247861</speed><course>259.363190</course><hAcc>0.845589</hAcc><vAcc>0.605412</vAcc></extensions></trkpt>
      <trkpt lon="-123.264545" lat="44.586925"><ele>71.822395</ele><time>2021-01-19T22:15:49Z</time><extensions><speed>0.261769</speed><course>211.685089</course><hAcc>0.834408</hAcc><vAcc>0.598688</vAcc></extensions></trkpt>
      <trkpt lon="-123.264548" lat="44.586926"><ele>71.815994</ele><time>2021-01-19T22:15:50Z</time><extensions><speed>0.273537</speed><course>221.277267</course><hAcc>0.821621</hAcc><vAcc>0.590993</vAcc></extensions></trkpt>
      <trkpt lon="-123.264551" lat="44.586927"><ele>71.809349</ele><time>2021-01-19T22:15:51Z</time><extensions><speed>0.282397</speed><course>217.167374</course><hAcc>0.808871</hAcc><vAcc>0.583303</vAcc></extensions></trkpt>
      <trkpt lon="-123.264554" lat="44.586928"><ele>71.802681</ele><time>2021-01-19T22:15:52Z</time><extensions><speed>0.287614</speed><course>205.027863</course><hAcc>0.797535</hAcc><vAcc>0.576447</vAcc></extensions></trkpt>
      <trkpt lon="-123.264557" lat="44.586930"><ele>71.796310</ele><time>2021-01-19T22:15:53Z</time><extensions><speed>0.288309</speed><course>192.657761</course><hAcc>0.788509</hAcc><vAcc>0.570969</vAcc></extensions></trkpt>
      <trkpt lon="-123.264560" lat="44.586931"><ele>71.790535</ele><time>2021-01-19T22:15:54Z</time><extensions><speed>0.283111</speed><course>186.711105</course><hAcc>0.782297</hAcc><vAcc>0.567189</vAcc></extensions></trkpt>
      <trkpt lon="-123.264563" lat="44.586933"><ele>71.786034</ele><time>2021-01-19T22:15:55Z</time><extensions><speed>0.270829</speed><course>194.477112</course><hAcc>0.779140</hAcc><vAcc>0.565264</vAcc></extensions></trkpt>
      <trkpt lon="-123.264566" lat="44.586934"><ele>71.783981</ele><time>2021-01-19T22:15:56Z</time><extensions><speed>0.252942</speed><course>188.036453</course><hAcc>0.779128</hAcc><vAcc>0.565256</vAcc></extensions></trkpt>
      <trkpt lon="-123.264569" lat="44.586935"><ele>71.785728</ele><time>2021-01-19T22:15:57Z</time><extensions><speed>0.232283</speed><course>188.036453</course><hAcc>0.782259</hAcc><vAcc>0.567165</vAcc></extensions></trkpt>
      <trkpt lon="-123.264571" lat="44.586935"><ele>71.792465</ele><time>2021-01-19T22:15:58Z</time><extensions><speed>0.210403</speed><course>188.036453</course><hAcc>0.788443</hAcc><vAcc>0.570927</vAcc></extensions></trkpt>
      <trkpt lon="-123.264574" lat="44.586936"><ele>71.804863</ele><time>2021-01-19T22:15:59Z</time><extensions><speed>0.187381</speed><course>188.036453</course><hAcc>0.797435</hAcc><vAcc>0.576384</vAcc></extensions></trkpt>
      <trkpt lon="-123.264576" lat="44.586937"><ele>71.822823</ele><time>2021-01-19T22:16:00Z</time><extensions><speed>0.162737</speed><course>188.036453</course><hAcc>0.808732</hAcc><vAcc>0.583217</vAcc></extensions></trkpt>
      <trkpt lon="-123.264578" lat="44.586937"><ele>71.845390</ele><time>2021-01-19T22:16:01Z</time><extensions><speed>0.136199</speed><course>188.036453</course><hAcc>0.821439</hAcc><vAcc>0.590882</vAcc></extensions></trkpt>
      <trkpt lon="-123.264579" lat="44.586937"><ele>71.871262</ele><time>2021-01-19T22:16:02Z</time><extensions><speed>0.107868</speed><course>188.036453</course><hAcc>0.834181</hAcc><vAcc>0.598553</vAcc></extensions></trkpt>
      <trkpt lon="-123.264580" lat="44.586938"><ele>71.899422</ele><time>2021-01-19T22:16:03Z</time><extensions><speed>0.077881</speed><course>188.036453</course><hAcc>0.845321</hAcc><vAcc>0.605254</vAcc></extensions></trkpt>
      <trkpt lon="-123.264581" lat="44.586938"><ele>71.929306</ele><time>2021-01-19T22:16:04Z</time><extensions><speed>0.046362</speed><course>188.036453</course><hAcc>0.853487</hAcc><vAcc>0.610169</vAcc></extensions></trkpt>
      <trkpt lon="-123.264581" lat="44.586938"><ele>71.960655</ele><time>2021-01-19T22:16:05Z</time><extensions><speed>0.014531</speed><course>86.091255</course><hAcc>0.857814</hAcc><vAcc>0.612783</vAcc></extensions></trkpt>
      <trkpt lon="-123.264581" lat="44.586938"><ele>71.993393</ele><time>2021-01-19T22:16:06Z</time><extensions><speed>0.027378</speed><course>347.190918</course><hAcc>0.857919</hAcc><vAcc>0.612868</vAcc></extensions></trkpt>
      <trkpt lon="-123.264580" lat="44.586938"><ele>72.027428</ele><time>2021-01-19T22:16:07Z</time><extensions><speed>0.068852</speed><course>340.585022</course><hAcc>0.853871</hAcc><vAcc>0.610468</vAcc></extensions></trkpt>
      <trkpt lon="-123.264579" lat="44.586938"><ele>72.062508</ele><time>2021-01-19T22:16:08Z</time><extensions><speed>0.116693</speed><course>326.083466</course><hAcc>0.846192</hAcc><vAcc>0.605898</vAcc></extensions></trkpt>
      <trkpt lon="-123.264578" lat="44.586938"><ele>72.098221</ele><time>2021-01-19T22:16:09Z</time><extensions><speed>0.169815</speed><course>317.138580</course><hAcc>0.835898</hAcc><vAcc>0.599767</vAcc></extensions></trkpt>
      <trkpt lon="-123.264575" lat="44.586938"><ele>72.133942</ele><time>2021-01-19T22:16:10Z</time><extensions><speed>0.227414</speed><course>265.953125</course><hAcc>0.824522</hAcc><vAcc>0.592987</vAcc></extensions></trkpt>
      <trkpt lon="-123.264572" lat="44.586938"><ele>72.168579</ele><time>2021-01-19T22:16:11Z</time><extensions><speed>0.288353</speed><course>256.166992</course><hAcc>0.813852</hAcc><vAcc>0.586617</vAcc></extensions></trkpt>
      <trkpt lon="-123.264568" lat="44.586937"><ele>72.200661</ele><time>2021-01-19T22:16:12Z</time><extensions><speed>0.349684</speed><course>216.080963</course><hAcc>0.805365</hAcc><vAcc>0.581534</vAcc></extensions></trkpt>
      <trkpt lon="-123.264563" lat="44.586937"><ele>72.228851</ele><time>2021-01-19T22:16:13Z</time><extensions><speed>0.407080</speed><course>233.771851</course><hAcc>0.799945</hAcc><vAcc>0.578265</vAcc></extensions></trkpt>
      <trkpt lon="-123.264558" lat="44.586938"><ele>72.252174</ele><time>2021-01-19T22:16:14Z</time><extensions><speed>0.455950</speed><course>247.043350</course><hAcc>0.797899</hAcc><vAcc>0.576994</vAcc></extensions></trkpt>
      <trkpt lon="-123.264552" lat="44.586938"><ele>72.269875</ele><time>2021-01-19T22:16:15Z</time><extensions><speed>0.491557</speed><course>231.404190</course><hAcc>0.798994</hAcc><vAcc>0.577587</vAcc></extensions></trkpt>
      <trkpt lon="-123.264545" lat="44.586939"><ele>72.281326</ele><time>2021-01-19T22:16:16Z</time><extensions><speed>0.509930</speed><course>216.391144</course><hAcc>0.802509</hAcc><vAcc>0.579618</vAcc></extensions></trkpt>
      <trkpt lon="-123.264539" lat="44.586940"><ele>72.286201</ele><time>2021-01-19T22:16:17Z</time><extensions><speed>0.508609</speed><course>185.340393</course><hAcc>0.807267</hAcc><vAcc>0.582387</vAcc></extensions></trkpt>
      <trkpt lon="-123.264533" lat="44.586941"><ele>72.284904</ele><time>2021-01-19T22:16:18Z</time><extensions><speed>0.486105</speed><course>92.245537</course><hAcc>0.811699</hAcc><vAcc>0.584965</vAcc></extensions></trkpt>
      <trkpt lon="-123.264528" lat="44.586943"><ele>72.278503</ele><time>2021-01-19T22:16:19Z</time><extensions><speed>0.441200</speed><course>70.115540</course><hAcc>0.814195</hAcc><vAcc>0.586397</vAcc></extensions></trkpt>
      <trkpt lon="-123.264523" lat="44.586944"><ele>72.268341</ele><time>2021-01-19T22:16:20Z</time><extensions><speed>0.373257</speed><course>80.369911</course><hAcc>0.813720</hAcc><vAcc>0.586068</vAcc></extensions></trkpt>
      <trkpt lon="-123.264519" lat="44.586946"><ele>72.255676</ele><time>2021-01-19T22:16:21Z</time><extensions><speed>0.284021</speed><course>45.406883</course><hAcc>0.810136</hAcc><vAcc>0.583894</vAcc></extensions></trkpt>
      <trkpt lon="-123.264517" lat="44.586947"><ele>72.241371</ele><time>2021-01-19T22:16:22Z</time><extensions><speed>0.178584</speed><course>43.164848</course><hAcc>0.804204</hAcc><vAcc>0.580325</vAcc></extensions></trkpt>
      <trkpt lon="-123.264516" lat="44.586948"><ele>72.225945</ele><time>2021-01-19T22:16:23Z</time><extensions><speed>0.072539</speed><course>30.154623</course><hAcc>0.797268</hAcc><vAcc>0.576160</vAcc></extensions></trkpt>
      <trkpt lon="-123.264516" lat="44.586948"><ele>72.209579</ele><time>2021-01-19T22:16:24Z</time><extensions><speed>0.090567</speed><course>13.854095</course><hAcc>0.790667</hAcc><vAcc>0.572198</vAcc></extensions></trkpt>
      <trkpt lon="-123.264518" lat="44.586948"><ele>72.191818</ele><time>2021-01-19T22:16:25Z</time><extensions><speed>0.202576</speed><course>347.917755</course><hAcc>0.785442</hAcc><vAcc>0.569068</vAcc></extensions></trkpt>
      <trkpt lon="-123.264521" lat="44.586947"><ele>72.172195</ele><time>2021-01-19T22:16:26Z</time><extensions><speed>0.311084</speed><course>334.681732</course><hAcc>0.782357</hAcc><vAcc>0.567234</vAcc></extensions></trkpt>
      <trkpt lon="-123.264525" lat="44.586946"><ele>72.151001</ele><time>2021-01-19T22:16:27Z</time><extensions><speed>0.404050</speed><course>286.666931</course><hAcc>0.781950</hAcc><vAcc>0.567024</vAcc></extensions></trkpt>
      <trkpt lon="-123.264530" lat="44.586944"><ele>72.128952</ele><time>2021-01-19T22:16:28Z</time><extensions><speed>0.475794</speed><course>267.850922</course><hAcc>0.784587</hAcc><vAcc>0.568654</vAcc></extensions></trkpt>
      <trkpt lon="-123.264536" lat="44.586942"><ele>72.106712</ele><time>2021-01-19T22:16:29Z</time><extensions><speed>0.522780</speed><course>253.780289</course><hAcc>0.790464</hAcc><vAcc>0.572237</vAcc></extensions></trkpt>
      <trkpt lon="-123.264541" lat="44.586939"><ele>72.084801</ele><time>2021-01-19T22:16:30Z</time><extensions><speed>0.543954</speed><course>206.579117</course><hAcc>0.799567</hAcc><vAcc>0.577753</vAcc></extensions></trkpt>
      <trkpt lon="-123.264547" lat="44.586936"><ele>72.063492</ele><time>2021-01-19T22:16:31Z</time><extensions><speed>0.542324</speed><course>201.028137</course><hAcc>0.811586</hAcc><vAcc>0.585003</vAcc></extensions></trkpt>
      <trkpt lon="-123.264552" lat="44.586933"><ele>72.042671</ele><time>2021-01-19T22:16:32Z</time><extensions><speed>0.524992</speed><course>192.381287</course><hAcc>0.825803</hAcc><vAcc>0.593551</vAcc></extensions></trkpt>
      <trkpt lon="-123.264556" lat="44.586930"><ele>72.022034</ele><time>2021-01-19T22:16:33Z</time><extensions><speed>0.500190</speed><course>176.318893</course><hAcc>0.841002</hAcc><vAcc>0.602670</vAcc></extensions></trkpt>
      <trkpt lon="-123.264560" lat="44.586926"><ele>72.001831</ele><time>2021-01-19T22:16:34Z</time><extensions><speed>0.473310</speed><course>180.349274</course><hAcc>0.855689</hAcc><vAcc>0.611473</vAcc></extensions></trkpt>
      <trkpt lon="-123.264563" lat="44.586923"><ele>71.982941</ele><time>2021-01-19T22:16:35Z</time><extensions><speed>0.446156</speed><course>184.996262</course><hAcc>0.868597</hAcc><vAcc>0.619209</vAcc></extensions></trkpt>
      <trkpt lon="-123.264565" lat="44.586919"><ele>71.966202</ele><time>2021-01-19T22:16:36Z</time><extensions><speed>0.419134</speed><course>199.226608</course><hAcc>0.878905</hAcc><vAcc>0.625390</vAcc></extensions></trkpt>
      <trkpt lon="-123.264567" lat="44.586916"><ele>71.952118</ele><time>2021-01-19T22:16:37Z</time><extensions><speed>0.391944</speed><course>180.330231</course><hAcc>0.886153</hAcc><vAcc>0.629746</vAcc></extensions></trkpt>
      <trkpt lon="-123.264569" lat="44.586913"><ele>71.940865</ele><time>2021-01-19T22:16:38Z</time><extensions><speed>0.363920</speed><course>166.555298</course><hAcc>0.890151</hAcc><vAcc>0.632165</vAcc></extensions></trkpt>
      <trkpt lon="-123.264569" lat="44.586909"><ele>71.932274</ele><time>2021-01-19T22:16:39Z</time><extensions><speed>0.334634</speed><course>159.356720</course><hAcc>0.890905</hAcc><vAcc>0.632656</vAcc></extensions></trkpt>
      <trkpt lon="-123.264570" lat="44.586907"><ele>71.925919</ele><time>2021-01-19T22:16:40Z</time><extensions><speed>0.305035</speed><course>193.444336</course><hAcc>0.888587</hAcc><vAcc>0.631327</vAcc></extensions></trkpt>
      <trkpt lon="-123.264569" lat="44.586904"><ele>71.921150</ele><time>2021-01-19T22:16:41Z</time><extensions><speed>0.277435</speed><course>179.845993</course><hAcc>0.883539</hAcc><vAcc>0.628385</vAcc></extensions></trkpt>
      <trkpt lon="-123.264568" lat="44.586902"><ele>71.917252</ele><time>2021-01-19T22:16:42Z</time><extensions><speed>0.253736</speed><course>136.770615</course><hAcc>0.876319</hAcc><vAcc>0.624166</vAcc></extensions></trkpt>
      <trkpt lon="-123.264567" lat="44.586900"><ele>71.913498</ele><time>2021-01-19T22:16:43Z</time><extensions><speed>0.234927</speed><course>136.866562</course><hAcc>0.867775</hAcc><vAcc>0.619174</vAcc></extensions></trkpt>
      <trkpt lon="-123.264566" lat="44.586898"><ele>71.909393</ele><time>2021-01-19T22:16:44Z</time><extensions><speed>0.221478</speed><course>129.157654</course><hAcc>0.859112</hAcc><vAcc>0.614118</vAcc></extensions></trkpt>
      <trkpt lon="-123.264564" lat="44.586896"><ele>71.904678</ele><time>2021-01-19T22:16:45Z</time><extensions><speed>0.213290</speed><course>136.504532</course><hAcc>0.851919</hAcc><vAcc>0.609923</vAcc></extensions></trkpt>
      <trkpt lon="-123.264562" lat="44.586895"><ele>71.899414</ele><time>2021-01-19T22:16:46Z</time><extensions><speed>0.209680</speed><course>140.964569</course><hAcc>0.847841</hAcc><vAcc>0.607547</vAcc></extensions></trkpt>
      <trkpt lon="-123.264560" lat="44.586894"><ele>71.894028</ele><time>2021-01-19T22:16:47Z</time><extensions><speed>0.208911</speed><course>140.981567</course><hAcc>0.847917</hAcc><vAcc>0.607590</vAcc></extensions></trkpt>
      <trkpt lon="-123.264557" lat="44.586893"><ele>71.889282</ele><time>2021-01-19T22:16:48Z</time><extensions><speed>0.208360</speed><course>139.484802</course><hAcc>0.852215</hAcc><vAcc>0.610092</vAcc></extensions></trkpt>
      <trkpt lon="-123.264555" lat="44.586893"><ele>71.885963</ele><time>2021-01-19T22:16:49Z</time><extensions><speed>0.205650</speed><course>139.447098</course><hAcc>0.859837</hAcc><vAcc>0.614534</vAcc></extensions></trkpt>
      <trkpt lon="-123.264552" lat="44.586893"><ele>71.884544</ele><time>2021-01-19T22:16:50Z</time><extensions><speed>0.199432</speed><course>149.789871</course><hAcc>0.869294</hAcc><vAcc>0.620052</vAcc></extensions></trkpt>
      <trkpt lon="-123.264550" lat="44.586893"><ele>71.885208</ele><time>2021-01-19T22:16:51Z</time><extensions><speed>0.189926</speed><course>150.425400</course><hAcc>0.879184</hAcc><vAcc>0.625831</vAcc></extensions></trkpt>
      <trkpt lon="-123.264548" lat="44.586893"><ele>71.887955</ele><time>2021-01-19T22:16:52Z</time><extensions><speed>0.178880</speed><course>162.840759</course><hAcc>0.888523</hAcc><vAcc>0.631295</vAcc></extensions></trkpt>
      <trkpt lon="-123.264546" lat="44.586893"><ele>71.892525</ele><time>2021-01-19T22:16:53Z</time><extensions><speed>0.168891</speed><course>136.028610</course><hAcc>0.896728</hAcc><vAcc>0.636101</vAcc></extensions></trkpt>
      <trkpt lon="-123.264544" lat="44.586894"><ele>71.898300</ele><time>2021-01-19T22:16:54Z</time><extensions><speed>0.162294</speed><course>133.116119</course><hAcc>0.903536</hAcc><vAcc>0.640091</vAcc></extensions></trkpt>
      <trkpt lon="-123.264542" lat="44.586895"><ele>71.904480</ele><time>2021-01-19T22:16:55Z</time><extensions><speed>0.160677</speed><course>132.919327</course><hAcc>0.908910</hAcc><vAcc>0.643242</vAcc></extensions></trkpt>
      <trkpt lon="-123.264541" lat="44.586896"><ele>71.910240</ele><time>2021-01-19T22:16:56Z</time><extensions><speed>0.165122</speed><course>133.423477</course><hAcc>0.912963</hAcc><vAcc>0.645618</vAcc></extensions></trkpt>
      <trkpt lon="-123.264540" lat="44.586898"><ele>71.914940</ele><time>2021-01-19T22:16:57Z</time><extensions><speed>0.175978</speed><course>134.335617</course><hAcc>0.915882</hAcc><vAcc>0.647329</vAcc></extensions></trkpt>
      <trkpt lon="-123.264540" lat="44.586899"><ele>71.918091</ele><time>2021-01-19T22:16:58Z</time><extensions><speed>0.192968</speed><course>127.130814</course><hAcc>0.917885</hAcc><vAcc>0.648502</vAcc></extensions></trkpt>
      <trkpt lon="-123.264541" lat="44.586901"><ele>71.919418</ele><time>2021-01-19T22:16:59Z</time><extensions><speed>0.215596</speed><course>126.243042</course><hAcc>0.919188</hAcc><vAcc>0.649264</vAcc></extensions></trkpt>
      <trkpt lon="-123.264541" lat="44.586903"><ele>71.918800</ele><time>2021-01-19T22:17:00Z</time><extensions><speed>0.243263</speed><course>130.481674</course><hAcc>0.919980</hAcc><vAcc>0.649727</vAcc></extensions></trkpt>
      <trkpt lon="-123.264543" lat="44.586905"><ele>71.916351</ele><time>2021-01-19T22:17:01Z</time><extensions><speed>0.274976</speed><course>104.761551</course><hAcc>0.920422</hAcc><vAcc>0.649984</vAcc></extensions></trkpt>
      <trkpt lon="-123.264545" lat="44.586907"><ele>71.912354</ele><time>2021-01-19T22:17:02Z</time><extensions><speed>0.308527</speed><course>92.900787</course><hAcc>0.920637</hAcc><vAcc>0.650108</vAcc></extensions></trkpt>
      <trkpt lon="-123.264547" lat="44.586910"><ele>71.907227</ele><time>2021-01-19T22:17:03Z</time><extensions><speed>0.340612</speed><course>89.432983</course><hAcc>0.920716</hAcc><vAcc>0.650153</vAcc></extensions></trkpt>
      <trkpt lon="-123.264550" lat="44.586912"><ele>71.901543</ele><time>2021-01-19T22:17:04Z</time><extensions><speed>0.367440</speed><course>88.896271</course><hAcc>0.920722</hAcc><vAcc>0.650156</vAcc></extensions></trkpt>
      <trkpt lon="-123.264553" lat="44.586915"><ele>71.896088</ele><time>2021-01-19T22:17:05Z</time><extensions><speed>0.385305</speed><course>84.783928</course><hAcc>0.920697</hAcc><vAcc>0.650141</vAcc></extensions></trkpt>
      <trkpt lon="-123.264557" lat="44.586917"><ele>71.891846</ele><time>2021-01-19T22:17:06Z</time><extensions><speed>0.392343</speed><course>90.904274</course><hAcc>0.920664</hAcc><vAcc>0.650122</vAcc></extensions></trkpt>
      <trkpt lon="-123.264560" lat="44.586919"><ele>71.889771</ele><time>2021-01-19T22:17:07Z</time><extensions><speed>0.388637</speed><course>97.431282</course><hAcc>0.920636</hAcc><vAcc>0.650105</vAcc></extensions></trkpt>
      <trkpt lon="-123.264564" lat="44.586922"><ele>71.890686</ele><time>2021-01-19T22:17:08Z</time><extensions><speed>0.374913</speed><course>123.318611</course><hAcc>0.920617</hAcc><vAcc>0.650094</vAcc></extensions></trkpt>
      <trkpt lon="-123.264567" lat="44.586924"><ele>71.895210</ele><time>2021-01-19T22:17:09Z</time><extensions><speed>0.352147</speed><course>129.233078</course><hAcc>0.920606</hAcc><vAcc>0.650088</vAcc></extensions></trkpt>
      <trkpt lon="-123.264570" lat="44.586927"><ele>71.903755</ele><time>2021-01-19T22:17:10Z</time><extensions><speed>0.321735</speed><course>131.565155</course><hAcc>0.920601</hAcc><vAcc>0.650085</vAcc></extensions></trkpt>
      <trkpt lon="-123.264572" lat="44.586929"><ele>71.916420</ele><time>2021-01-19T22:17:11Z</time><extensions><speed>0.286106</speed><course>148.243057</course><hAcc>0.920600</hAcc><vAcc>0.650084</vAcc></extensions></trkpt>
      <trkpt lon="-123.264574" lat="44.586931"><ele>71.932610</ele><time>2021-01-19T22:17:12Z</time><extensions><speed>0.248943</speed><course>143.105270</course><hAcc>0.920599</hAcc><vAcc>0.650084</vAcc></extensions></trkpt>
      <trkpt lon="-123.264575" lat="44.586933"><ele>71.950790</ele><time>2021-01-19T22:17:13Z</time><extensions><speed>0.215513</speed><course>141.033157</course><hAcc>0.920598</hAcc><vAcc>0.650083</vAcc></extensions></trkpt>
      <trkpt lon="-123.264575" lat="44.586935"><ele>71.968796</ele><time>2021-01-19T22:17:14Z</time><extensions><speed>0.192401</speed><course>129.495331</course><hAcc>0.920596</hAcc><vAcc>0.650082</vAcc></extensions></trkpt>
      <trkpt lon="-123.264575" lat="44.586936"><ele>71.984604</ele><time>2021-01-19T22:17:15Z</time><extensions><speed>0.185760</speed><course>117.947639</course><hAcc>0.920593</hAcc><vAcc>0.650080</vAcc></extensions></trkpt>
      <trkpt lon="-123.264574" lat="44.586938"><ele>71.996719</ele><time>2021-01-19T22:17:16Z</time><extensions><speed>0.197149</speed><course>121.489502</course><hAcc>0.920591</hAcc><vAcc>0.650078</vAcc></extensions></trkpt>
      <trkpt lon="-123.264572" lat="44.586939"><ele>72.004105</ele><time>2021-01-19T22:17:17Z</time><extensions><speed>0.221787</speed><course>128.232956</course><hAcc>0.920593</hAcc><vAcc>0.650079</vAcc></extensions></trkpt>
      <trkpt lon="-123.264570" lat="44.586940"><ele>72.006126</ele><time>2021-01-19T22:17:18Z</time><extensions><speed>0.252106</speed><course>141.257477</course><hAcc>0.920600</hAcc><vAcc>0.650083</vAcc></extensions></trkpt>
      <trkpt lon="-123.264567" lat="44.586941"><ele>72.002403</ele><time>2021-01-19T22:17:19Z</time><extensions><speed>0.280586</speed><course>147.122177</course><hAcc>0.920612</hAcc><vAcc>0.650090</vAcc></extensions></trkpt>
      <trkpt lon="-123.264563" lat="44.586942"><ele>71.992775</ele><time>2021-01-19T22:17:20Z</time><extensions><speed>0.301299</speed><course>151.320190</course><hAcc>0.920624</hAcc><vAcc>0.650097</vAcc></extensions></trkpt>
      <trkpt lon="-123.264560" lat="44.586943"><ele>71.977325</ele><time>2021-01-19T22:17:21Z</time><extensions><speed>0.310702</speed><course>168.268433</course><hAcc>0.920623</hAcc><vAcc>0.650097</vAcc></extensions></trkpt>
      <trkpt lon="-123.264556" lat="44.586943"><ele>71.956429</ele><time>2021-01-19T22:17:22Z</time><extensions><speed>0.307551</speed><course>169.720947</course><hAcc>0.920588</hAcc><vAcc>0.650077</vAcc></extensions></trkpt>
      <trkpt lon="-123.264552" lat="44.586944"><ele>71.930748</ele><time>2021-01-19T22:17:23Z</time><extensions><speed>0.292831</speed><course>156.382919</course><hAcc>0.920479</hAcc><vAcc>0.650015</vAcc></extensions></trkpt>
      <trkpt lon="-123.264548" lat="44.586944"><ele>71.901360</ele><time>2021-01-19T22:17:24Z</time><extensions><speed>0.269998</speed><course>146.667694</course><hAcc>0.920236</hAcc><vAcc>0.649875</vAcc></extensions></trkpt>
      <trkpt lon="-123.264545" lat="44.586943"><ele>71.869942</ele><time>2021-01-19T22:17:25Z</time><extensions><speed>0.243698</speed><course>120.112343</course><hAcc>0.919772</hAcc><vAcc>0.649606</vAcc></extensions></trkpt>
      <trkpt lon="-123.264542" lat="44.586943"><ele>71.838539</ele><time>2021-01-19T22:17:26Z</time><extensions><speed>0.217974</speed><course>195.247620</course><hAcc>0.918968</hAcc><vAcc>0.649139</vAcc></extensions></trkpt>
      <trkpt lon="-123.264540" lat="44.586942"><ele>71.809074</ele><time>2021-01-19T22:17:27Z</time><extensions><speed>0.196156</speed><course>203.876511</course><hAcc>0.917670</hAcc><vAcc>0.648382</vAcc></extensions></trkpt>
      <trkpt lon="-123.264538" lat="44.586941"><ele>71.782944</ele><time>2021-01-19T22:17:28Z</time><extensions><speed>0.180553</speed><course>202.443024</course><hAcc>0.915691</hAcc><vAcc>0.647226</vAcc></extensions></trkpt>
      <trkpt lon="-123.264537" lat="44.586940"><ele>71.760948</ele><time>2021-01-19T22:17:29Z</time><extensions><speed>0.171373</speed><course>197.870041</course><hAcc>0.912817</hAcc><vAcc>0.645543</vAcc></extensions></trkpt>
      <trkpt lon="-123.264536" lat="44.586938"><ele>71.743385</ele><time>2021-01-19T22:17:30Z</time><extensions><speed>0.166430</speed><course>279.826111</course><hAcc>0.908822</hAcc><vAcc>0.643201</vAcc></extensions></trkpt>
      <trkpt lon="-123.264535" lat="44.586937"><ele>71.730164</ele><time>2021-01-19T22:17:31Z</time><extensions><speed>0.162728</speed><course>266.135468</course><hAcc>0.903496</hAcc><vAcc>0.640075</vAcc></extensions></trkpt>
      <trkpt lon="-123.264535" lat="44.586935"><ele>71.720940</ele><time>2021-01-19T22:17:32Z</time><extensions><speed>0.158033</speed><course>202.861115</course><hAcc>0.896688</hAcc><vAcc>0.636074</vAcc></extensions></trkpt>
      <trkpt lon="-123.264534" lat="44.586934"><ele>71.715187</ele><time>2021-01-19T22:17:33Z</time><extensions><speed>0.150974</speed><course>169.809540</course><hAcc>0.888357</hAcc><vAcc>0.631176</vAcc></extensions></trkpt>
      <trkpt lon="-123.264534" lat="44.586933"><ele>71.712463</ele><time>2021-01-19T22:17:34Z</time><extensions><speed>0.141090</speed><course>153.571533</course><hAcc>0.878650</hAcc><vAcc>0.625464</vAcc></extensions></trkpt>
      <trkpt lon="-123.264535" lat="44.586932"><ele>71.712456</ele><time>2021-01-19T22:17:35Z</time><extensions><speed>0.128746</speed><course>151.809784</course><hAcc>0.867976</hAcc><vAcc>0.619178</vAcc></extensions></trkpt>
      <trkpt lon="-123.264535" lat="44.586930"><ele>71.714874</ele><time>2021-01-19T22:17:36Z</time><extensions><speed>0.114640</speed><course>127.552864</course><hAcc>0.857075</hAcc><vAcc>0.612749</vAcc></extensions></trkpt>
      <trkpt lon="-123.264535" lat="44.586930"><ele>71.719292</ele><time>2021-01-19T22:17:37Z</time><extensions><speed>0.099526</speed><course>110.108582</course><hAcc>0.847042</hAcc><vAcc>0.606812</vAcc></extensions></trkpt>
      <trkpt lon="-123.264535" lat="44.586929"><ele>71.725151</ele><time>2021-01-19T22:17:38Z</time><extensions><speed>0.084122</speed><course>77.191521</course><hAcc>0.839012</hAcc><vAcc>0.602027</vAcc></extensions></trkpt>
      <trkpt lon="-123.264536" lat="44.586928"><ele>71.731850</ele><time>2021-01-19T22:17:39Z</time><extensions><speed>0.069128</speed><course>242.213943</course><hAcc>0.833537</hAcc><vAcc>0.598714</vAcc></extensions></trkpt>
      <trkpt lon="-123.264536" lat="44.586928"><ele>71.738747</ele><time>2021-01-19T22:17:40Z</time><extensions><speed>0.055320</speed><course>176.544250</course><hAcc>0.830288</hAcc><vAcc>0.596684</vAcc></extensions></trkpt>
      <trkpt lon="-123.264536" lat="44.586927"><ele>71.745293</ele><time>2021-01-19T22:17:41Z</time><extensions><speed>0.043454</speed><course>155.907043</course><hAcc>0.828141</hAcc><vAcc>0.595285</vAcc></extensions></trkpt>
      <trkpt lon="-123.264537" lat="44.586927"><ele>71.750969</ele><time>2021-01-19T22:17:42Z</time><extensions><speed>0.034011</speed><course>172.920776</course><hAcc>0.825631</hAcc><vAcc>0.593673</vAcc></extensions></trkpt>
      <trkpt lon="-123.264537" lat="44.586927"><ele>71.755325</ele><time>2021-01-19T22:17:43Z</time><extensions><speed>0.027141</speed><course>182.788147</course><hAcc>0.821711</hAcc><vAcc>0.591242</vAcc></extensions></trkpt>
      <trkpt lon="-123.264537" lat="44.586927"><ele>71.757889</ele><time>2021-01-19T22:17:44Z</time><extensions><speed>0.022623</speed><course>186.650345</course><hAcc>0.816181</hAcc><vAcc>0.587886</vAcc></extensions></trkpt>
      <trkpt lon="-123.264538" lat="44.586927"><ele>71.758209</ele><time>2021-01-19T22:17:45Z</time><extensions><speed>0.019808</speed><course>177.987686</course><hAcc>0.809757</hAcc><vAcc>0.584031</vAcc></extensions></trkpt>
      <trkpt lon="-123.264538" lat="44.586927"><ele>71.755844</ele><time>2021-01-19T22:17:46Z</time><extensions><speed>0.017860</speed><course>179.725815</course><hAcc>0.803782</hAcc><vAcc>0.580472</vAcc></extensions></trkpt>
      <trkpt lon="-123.264538" lat="44.586927"><ele>71.750328</ele><time>2021-01-19T22:17:47Z</time><extensions><speed>0.016341</speed><course>189.781006</course><hAcc>0.799623</hAcc><vAcc>0.578017</vAcc></extensions></trkpt>
      <trkpt lon="-123.264538" lat="44.586927"><ele>71.741203</ele><time>2021-01-19T22:17:48Z</time><extensions><speed>0.015339</speed><course>177.560974</course><hAcc>0.798330</hAcc><vAcc>0.577282</vAcc></extensions></trkpt>
      <trkpt lon="-123.264538" lat="44.586927"><ele>71.728058</ele><time>2021-01-19T22:17:49Z</time><extensions><speed>0.015134</speed><course>174.978210</course><hAcc>0.800577</hAcc><vAcc>0.578660</vAcc></extensions></trkpt>
      <trkpt lon="-123.264539" lat="44.586927"><ele>71.710625</ele><time>2021-01-19T22:17:50Z</time><extensions><speed>0.016130</speed><course>169.255493</course><hAcc>0.806618</hAcc><vAcc>0.582295</vAcc></extensions></trkpt>
      <trkpt lon="-123.264539" lat="44.586927"><ele>71.688782</ele><time>2021-01-19T22:17:51Z</time><extensions><speed>0.018965</speed><course>141.348190</course><hAcc>0.816239</hAcc><vAcc>0.588053</vAcc></extensions></trkpt>
      <trkpt lon="-123.264539" lat="44.586927"><ele>71.662682</ele><time>2021-01-19T22:17:52Z</time><extensions><speed>0.024563</speed><course>144.367065</course><hAcc>0.828692</hAcc><vAcc>0.595487</vAcc></extensions></trkpt>
      <trkpt lon="-123.264539" lat="44.586927"><ele>71.632774</ele><time>2021-01-19T22:17:53Z</time><extensions><speed>0.034207</speed><course>124.937927</course><hAcc>0.842663</hAcc><vAcc>0.603815</vAcc></extensions></trkpt>
      <trkpt lon="-123.264540" lat="44.586927"><ele>71.599922</ele><time>2021-01-19T22:17:54Z</time><extensions><speed>0.048674</speed><course>113.106529</course><hAcc>0.856526</hAcc><vAcc>0.612078</vAcc></extensions></trkpt>
      <trkpt lon="-123.264541" lat="44.586927"><ele>71.565292</ele><time>2021-01-19T22:17:55Z</time><extensions><speed>0.067306</speed><course>150.635651</course><hAcc>0.868880</hAcc><vAcc>0.619443</vAcc></extensions></trkpt>
      <trkpt lon="-123.264541" lat="44.586927"><ele>71.530388</ele><time>2021-01-19T22:17:56Z</time><extensions><speed>0.088378</speed><course>128.511154</course><hAcc>0.878774</hAcc><vAcc>0.625345</vAcc></extensions></trkpt>
      <trkpt lon="-123.264543" lat="44.586928"><ele>71.496948</ele><time>2021-01-19T22:17:57Z</time><extensions><speed>0.109706</speed><course>121.997162</course><hAcc>0.885623</hAcc><vAcc>0.629431</vAcc></extensions></trkpt>
      <trkpt lon="-123.264544" lat="44.586928"><ele>71.466820</ele><time>2021-01-19T22:17:58Z</time><extensions><speed>0.128763</speed><course>123.335175</course><hAcc>0.889106</hAcc><vAcc>0.631510</vAcc></extensions></trkpt>
      <trkpt lon="-123.264545" lat="44.586929"><ele>71.441467</ele><time>2021-01-19T22:17:59Z</time><extensions><speed>0.142982</speed><course>123.332901</course><hAcc>0.889086</hAcc><vAcc>0.631499</vAcc></extensions></trkpt>
      <trkpt lon="-123.264547" lat="44.586929"><ele>71.421814</ele><time>2021-01-19T22:18:00Z</time><extensions><speed>0.151188</speed><course>121.890015</course><hAcc>0.885565</hAcc><vAcc>0.629398</vAcc></extensions></trkpt>
      <trkpt lon="-123.264549" lat="44.586930"><ele>71.408356</ele><time>2021-01-19T22:18:01Z</time><extensions><speed>0.154929</speed><course>103.420784</course><hAcc>0.878684</hAcc><vAcc>0.625293</vAcc></extensions></trkpt>
      <trkpt lon="-123.264551" lat="44.586930"><ele>71.401070</ele><time>2021-01-19T22:18:02Z</time><extensions><speed>0.157261</speed><course>82.377686</course><hAcc>0.868769</hAcc><vAcc>0.619380</vAcc></extensions></trkpt>
      <trkpt lon="-123.264553" lat="44.586930"><ele>71.399498</ele><time>2021-01-19T22:18:03Z</time><extensions><speed>0.160698</speed><course>95.219193</course><hAcc>0.856407</hAcc><vAcc>0.612011</vAcc></extensions></trkpt>
      <trkpt lon="-123.264555" lat="44.586930"><ele>71.402939</ele><time>2021-01-19T22:18:04Z</time><extensions><speed>0.166376</speed><course>108.131279</course><hAcc>0.842552</hAcc><vAcc>0.603755</vAcc></extensions></trkpt>
      <trkpt lon="-123.264557" lat="44.586930"><ele>71.410675</ele><time>2021-01-19T22:18:05Z</time><extensions><speed>0.173974</speed><course>94.574608</course><hAcc>0.828605</hAcc><vAcc>0.595441</vAcc></extensions></trkpt>
      <trkpt lon="-123.264559" lat="44.586929"><ele>71.422104</ele><time>2021-01-19T22:18:06Z</time><extensions><speed>0.181058</speed><course>59.282730</course><hAcc>0.816182</hAcc><vAcc>0.588025</vAcc></extensions></trkpt>
      <trkpt lon="-123.264561" lat="44.586928"><ele>71.436745</ele><time>2021-01-19T22:18:07Z</time><extensions><speed>0.183763</speed><course>42.529472</course><hAcc>0.806579</hAcc><vAcc>0.582273</vAcc></extensions></trkpt>
      <trkpt lon="-123.264563" lat="44.586927"><ele>71.454132</ele><time>2021-01-19T22:18:08Z</time><extensions><speed>0.179197</speed><course>48.398193</course><hAcc>0.800503</hAcc><vAcc>0.578606</vAcc></extensions></trkpt>
      <trkpt lon="-123.264565" lat="44.586926"><ele>71.473885</ele><time>2021-01-19T22:18:09Z</time><extensions><speed>0.166884</speed><course>46.187801</course><hAcc>0.798109</hAcc><vAcc>0.577122</vAcc></extensions></trkpt>
      <trkpt lon="-123.264566" lat="44.586926"><ele>71.495911</ele><time>2021-01-19T22:18:10Z</time><extensions><speed>0.149425</speed><course>45.849556</course><hAcc>0.799047</hAcc><vAcc>0.577617</vAcc></extensions></trkpt>
      <trkpt lon="-123.264568" lat="44.586925"><ele>71.520477</ele><time>2021-01-19T22:18:11Z</time><extensions><speed>0.130953</speed><course>52.171581</course><hAcc>0.802517</hAcc><vAcc>0.579620</vAcc></extensions></trkpt>
      <trkpt lon="-123.264569" lat="44.586924"><ele>71.547699</ele><time>2021-01-19T22:18:12Z</time><extensions><speed>0.114810</speed><course>80.423882</course><hAcc>0.807307</hAcc><vAcc>0.582416</vAcc></extensions></trkpt>
      <trkpt lon="-123.264569" lat="44.586923"><ele>71.577072</ele><time>2021-01-19T22:18:13Z</time><extensions><speed>0.102503</speed><course>122.651978</course><hAcc>0.811856</hAcc><vAcc>0.585082</vAcc></extensions></trkpt>
      <trkpt lon="-123.264570" lat="44.586922"><ele>71.607620</ele><time>2021-01-19T22:18:14Z</time><extensions><speed>0.094429</speed><course>151.770630</course><hAcc>0.814602</hAcc><vAcc>0.586693</vAcc></extensions></trkpt>
      <trkpt lon="-123.264570" lat="44.586921"><ele>71.638336</ele><time>2021-01-19T22:18:15Z</time><extensions><speed>0.090843</speed><course>137.713745</course><hAcc>0.814601</hAcc><vAcc>0.586692</vAcc></extensions></trkpt>
      <trkpt lon="-123.264570" lat="44.586921"><ele>71.668442</ele><time>2021-01-19T22:18:16Z</time><extensions><speed>0.092662</speed><course>132.663712</course><hAcc>0.811853</hAcc><vAcc>0.585079</vAcc></extensions></trkpt>
      <trkpt lon="-123.264570" lat="44.586920"><ele>71.697319</ele><time>2021-01-19T22:18:17Z</time><extensions><speed>0.100445</speed><course>64.193901</course><hAcc>0.807301</hAcc><vAcc>0.582412</vAcc></extensions></trkpt>
      <trkpt lon="-123.264569" lat="44.586919"><ele>71.724472</ele><time>2021-01-19T22:18:18Z</time><extensions><speed>0.113114</speed><course>49.281548</course><hAcc>0.802507</hAcc><vAcc>0.579613</vAcc></extensions></trkpt>
      <trkpt lon="-123.264568" lat="44.586918"><ele>71.749512</ele><time>2021-01-19T22:18:19Z</time><extensions><speed>0.129122</speed><course>57.649078</course><hAcc>0.799031</hAcc><vAcc>0.577605</vAcc></extensions></trkpt>
      <trkpt lon="-123.264566" lat="44.586918"><ele>71.772133</ele><time>2021-01-19T22:18:20Z</time><extensions><speed>0.147814</speed><course>80.757988</course><hAcc>0.798084</hAcc><vAcc>0.577104</vAcc></extensions></trkpt>
      <trkpt lon="-123.264564" lat="44.586917"><ele>71.791985</ele><time>2021-01-19T22:18:21Z</time><extensions><speed>0.168275</speed><course>115.387238</course><hAcc>0.800467</hAcc><vAcc>0.578581</vAcc></extensions></trkpt>
      <trkpt lon="-123.264562" lat="44.586917"><ele>71.808632</ele><time>2021-01-19T22:18:22Z</time><extensions><speed>0.188517</speed><course>160.061096</course><hAcc>0.806527</hAcc><vAcc>0.582238</vAcc></extensions></trkpt>
      <trkpt lon="-123.264559" lat="44.586917"><ele>71.821548</ele><time>2021-01-19T22:18:23Z</time><extensions><speed>0.206225</speed><course>176.926865</course><hAcc>0.816113</hAcc><vAcc>0.587980</vAcc></extensions></trkpt>
      <trkpt lon="-123.264557" lat="44.586917"><ele>71.830261</ele><time>2021-01-19T22:18:24Z</time><extensions><speed>0.219827</speed><course>179.044937</course><hAcc>0.828516</hAcc><vAcc>0.595385</vAcc></extensions></trkpt>
      <trkpt lon="-123.264554" lat="44.586918"><ele>71.834412</ele><time>2021-01-19T22:18:25Z</time><extensions><speed>0.229218</speed><course>175.998154</course><hAcc>0.842444</hAcc><vAcc>0.603688</vAcc></extensions></trkpt>
      <trkpt lon="-123.264551" lat="44.586918"><ele>71.833763</ele><time>2021-01-19T22:18:26Z</time><extensions><speed>0.235172</speed><course>202.074661</course><hAcc>0.856282</hAcc><vAcc>0.611935</vAcc></extensions></trkpt>
      <trkpt lon="-123.264548" lat="44.586919"><ele>71.828217</ele><time>2021-01-19T22:18:27Z</time><extensions><speed>0.237773</speed><course>168.391983</course><hAcc>0.868631</hAcc><vAcc>0.619298</vAcc></extensions></trkpt>
      <trkpt lon="-123.264546" lat="44.586920"><ele>71.817871</ele><time>2021-01-19T22:18:28Z</time><extensions><speed>0.236443</speed><course>160.437302</course><hAcc>0.878540</hAcc><vAcc>0.625208</vAcc></extensions></trkpt>
      <trkpt lon="-123.264543" lat="44.586920"><ele>71.802940</ele><time>2021-01-19T22:18:29Z</time><extensions><speed>0.231085</speed><course>158.538422</course><hAcc>0.885421</hAcc><vAcc>0.629314</vAcc></extensions></trkpt>
      <trkpt lon="-123.264540" lat="44.586921"><ele>71.783699</ele><time>2021-01-19T22:18:30Z</time><extensions><speed>0.222232</speed><course>159.015701</course><hAcc>0.888944</hAcc><vAcc>0.631417</vAcc></extensions></trkpt>
      <trkpt lon="-123.264538" lat="44.586922"><ele>71.760780</ele><time>2021-01-19T22:18:31Z</time><extensions><speed>0.211245</speed><course>169.114212</course><hAcc>0.888958</hAcc><vAcc>0.631421</vAcc></extensions></trkpt>
      <trkpt lon="-123.264536" lat="44.586923"><ele>71.735542</ele><time>2021-01-19T22:18:32Z</time><extensions><speed>0.200362</speed><course>167.561600</course><hAcc>0.885439</hAcc><vAcc>0.629312</vAcc></extensions></trkpt>
      <trkpt lon="-123.264534" lat="44.586925"><ele>71.709816</ele><time>2021-01-19T22:18:33Z</time><extensions><speed>0.191228</speed><course>168.742630</course><hAcc>0.878486</hAcc><vAcc>0.625146</vAcc></extensions></trkpt>
      <trkpt lon="-123.264532" lat="44.586926"><ele>71.685402</ele><time>2021-01-19T22:18:34Z</time><extensions><speed>0.184750</speed><course>170.137146</course><hAcc>0.868357</hAcc><vAcc>0.619075</vAcc></extensions></trkpt>
      <trkpt lon="-123.264530" lat="44.586927"><ele>71.663597</ele><time>2021-01-19T22:18:35Z</time><extensions><speed>0.181334</speed><course>127.467979</course><hAcc>0.855542</hAcc><vAcc>0.611387</vAcc></extensions></trkpt>
      <trkpt lon="-123.264529" lat="44.586928"><ele>71.645187</ele><time>2021-01-19T22:18:36Z</time><extensions><speed>0.180922</speed><course>68.883980</course><hAcc>0.840851</hAcc><vAcc>0.602562</vAcc></extensions></trkpt>
      <trkpt lon="-123.264527" lat="44.586929"><ele>71.630554</ele><time>2021-01-19T22:18:37Z</time><extensions><speed>0.183205</speed><course>45.034290</course><hAcc>0.825499</hAcc><vAcc>0.593318</vAcc></extensions></trkpt>
      <trkpt lon="-123.264526" lat="44.586930"><ele>71.619972</ele><time>2021-01-19T22:18:38Z</time><extensions><speed>0.185797</speed><course>356.329926</course><hAcc>0.810881</hAcc><vAcc>0.584478</vAcc></extensions></trkpt>
      <trkpt lon="-123.264525" lat="44.586932"><ele>71.613876</ele><time>2021-01-19T22:18:39Z</time><extensions><speed>0.184159</speed><course>356.364105</course><hAcc>0.798066</hAcc><vAcc>0.576679</vAcc></extensions></trkpt>
      <trkpt lon="-123.264524" lat="44.586933"><ele>71.612923</ele><time>2021-01-19T22:18:40Z</time><extensions><speed>0.174194</speed><course>13.117930</course><hAcc>0.787576</hAcc><vAcc>0.570241</vAcc></extensions></trkpt>
      <trkpt lon="-123.264524" lat="44.586935"><ele>71.617783</ele><time>2021-01-19T22:18:41Z</time><extensions><speed>0.154478</speed><course>191.977615</course><hAcc>0.779501</hAcc><vAcc>0.565231</vAcc></extensions></trkpt>
      <trkpt lon="-123.264524" lat="44.586936"><ele>71.629189</ele><time>2021-01-19T22:18:42Z</time><extensions><speed>0.127828</speed><course>213.359421</course><hAcc>0.773632</hAcc><vAcc>0.561544</vAcc></extensions></trkpt>
      <trkpt lon="-123.264524" lat="44.586937"><ele>71.648064</ele><time>2021-01-19T22:18:43Z</time><extensions><speed>0.102320</speed><course>238.518677</course><hAcc>0.769609</hAcc><vAcc>0.558978</vAcc></extensions></trkpt>
      <trkpt lon="-123.264525" lat="44.586938"><ele>71.675003</ele><time>2021-01-19T22:18:44Z</time><extensions><speed>0.090973</speed><course>235.955856</course><hAcc>0.767030</hAcc><vAcc>0.557307</vAcc></extensions></trkpt>
      <trkpt lon="-123.264526" lat="44.586938"><ele>71.709587</ele><time>2021-01-19T22:18:45Z</time><extensions><speed>0.102290</speed><course>219.898712</course><hAcc>0.765537</hAcc><vAcc>0.556325</vAcc></extensions></trkpt>
      <trkpt lon="-123.264527" lat="44.586938"><ele>71.750252</ele><time>2021-01-19T22:18:46Z</time><extensions><speed>0.127546</speed><course>207.555466</course><hAcc>0.764868</hAcc><vAcc>0.555879</vAcc></extensions></trkpt>
      <trkpt lon="-123.264529" lat="44.586937"><ele>71.794601</ele><time>2021-01-19T22:18:47Z</time><extensions><speed>0.153481</speed><course>254.558014</course><hAcc>0.764884</hAcc><vAcc>0.555890</vAcc></extensions></trkpt>
      <trkpt lon="-123.264531" lat="44.586937"><ele>71.840187</ele><time>2021-01-19T22:18:48Z</time><extensions><speed>0.172238</speed><course>359.833862</course><hAcc>0.765583</hAcc><vAcc>0.556354</vAcc></extensions></trkpt>
      <trkpt lon="-123.264533" lat="44.586936"><ele>71.885078</ele><time>2021-01-19T22:18:49Z</time><extensions><speed>0.180780</speed><course>37.864918</course><hAcc>0.767097</hAcc><vAcc>0.557349</vAcc></extensions></trkpt>
      <trkpt lon="-123.264534" lat="44.586935"><ele>71.928131</ele><time>2021-01-19T22:18:50Z</time><extensions><speed>0.179802</speed><course>73.577896</course><hAcc>0.769685</hAcc><vAcc>0.559026</vAcc></extensions></trkpt>
      <trkpt lon="-123.264536" lat="44.586934"><ele>71.968979</ele><time>2021-01-19T22:18:51Z</time><extensions><speed>0.172159</speed><course>60.364288</course><hAcc>0.773702</hAcc><vAcc>0.561588</vAcc></extensions></trkpt>
      <trkpt lon="-123.264537" lat="44.586933"><ele>72.007805</ele><time>2021-01-19T22:18:52Z</time><extensions><speed>0.160770</speed><course>56.284386</course><hAcc>0.779552</hAcc><vAcc>0.565264</vAcc></extensions></trkpt>
      <trkpt lon="-123.264539" lat="44.586932"><ele>72.044685</ele><time>2021-01-19T22:18:53Z</time><extensions><speed>0.147708</speed><course>49.068726</course><hAcc>0.787609</hAcc><vAcc>0.570261</vAcc></extensions></trkpt>
      <trkpt lon="-123.264540" lat="44.586931"><ele>72.079094</ele><time>2021-01-19T22:18:54Z</time><extensions><speed>0.134083</speed><course>48.148773</course><hAcc>0.798103</hAcc><vAcc>0.576700</vAcc></extensions></trkpt>
      <trkpt lon="-123.264541" lat="44.586930"><ele>72.110039</ele><time>2021-01-19T22:18:55Z</time><extensions><speed>0.120622</speed><course>57.268761</course><hAcc>0.810992</hAcc><vAcc>0.584539</vAcc></extensions></trkpt>
      <trkpt lon="-123.264542" lat="44.586929"><ele>72.136658</ele><time>2021-01-19T22:18:56Z</time><extensions><speed>0.108001</speed><course>65.698944</course><hAcc>0.825820</hAcc><vAcc>0.593498</vAcc></extensions></trkpt>
      <trkpt lon="-123.264543" lat="44.586928"><ele>72.158508</ele><time>2021-01-19T22:18:57Z</time><extensions><speed>0.096609</speed><course>81.530197</course><hAcc>0.841621</hAcc><vAcc>0.603000</vAcc></extensions></trkpt>
      <trkpt lon="-123.264543" lat="44.586927"><ele>72.175438</ele><time>2021-01-19T22:18:58Z</time><extensions><speed>0.086480</speed><course>66.548203</course><hAcc>0.857132</hAcc><vAcc>0.612301</vAcc></extensions></trkpt>
      <trkpt lon="-123.264544" lat="44.586927"><ele>72.187454</ele><time>2021-01-19T22:18:59Z</time><extensions><speed>0.077478</speed><course>65.295082</course><hAcc>0.871315</hAcc><vAcc>0.620789</vAcc></extensions></trkpt>
      <trkpt lon="-123.264544" lat="44.586926"><ele>72.194656</ele><time>2021-01-19T22:19:00Z</time><extensions><speed>0.069427</speed><course>65.515503</course><hAcc>0.883573</hAcc><vAcc>0.628113</vAcc></extensions></trkpt>
      <trkpt lon="-123.264545" lat="44.586926"><ele>72.197243</ele><time>2021-01-19T22:19:01Z</time><extensions><speed>0.062138</speed><course>65.325249</course><hAcc>0.893669</hAcc><vAcc>0.634137</vAcc></extensions></trkpt>
      <trkpt lon="-123.264545" lat="44.586925"><ele>72.195457</ele><time>2021-01-19T22:19:02Z</time><extensions><speed>0.055425</speed><course>34.825695</course><hAcc>0.901617</hAcc><vAcc>0.638871</vAcc></extensions></trkpt>
      <trkpt lon="-123.264545" lat="44.586925"><ele>72.189552</ele><time>2021-01-19T22:19:03Z</time><extensions><speed>0.049129</speed><course>45.099758</course><hAcc>0.907578</hAcc><vAcc>0.642416</vAcc></extensions></trkpt>
      <trkpt lon="-123.264545" lat="44.586924"><ele>72.179749</ele><time>2021-01-19T22:19:04Z</time><extensions><speed>0.043157</speed><course>46.144287</course><hAcc>0.911776</hAcc><vAcc>0.644909</vAcc></extensions></trkpt>
      <trkpt lon="-123.264546" lat="44.586924"><ele>72.166229</ele><time>2021-01-19T22:19:05Z</time><extensions><speed>0.037719</speed><course>10.861962</course><hAcc>0.914432</hAcc><vAcc>0.646484</vAcc></extensions></trkpt>
      <trkpt lon="-123.264546" lat="44.586924"><ele>72.149147</ele><time>2021-01-19T22:19:06Z</time><extensions><speed>0.033433</speed><course>52.594299</course><hAcc>0.915717</hAcc><vAcc>0.647246</vAcc></extensions></trkpt>
      <trkpt lon="-123.264546" lat="44.586924"><ele>72.128586</ele><time>2021-01-19T22:19:07Z</time><extensions><speed>0.031074</speed><course>108.704781</course><hAcc>0.915725</hAcc><vAcc>0.647251</vAcc></extensions></trkpt>
      <trkpt lon="-123.264546" lat="44.586923"><ele>72.104599</ele><time>2021-01-19T22:19:08Z</time><extensions><speed>0.031451</speed><course>117.707916</course><hAcc>0.914455</hAcc><vAcc>0.646499</vAcc></extensions></trkpt>
      <trkpt lon="-123.264547" lat="44.586923"><ele>72.077209</ele><time>2021-01-19T22:19:09Z</time><extensions><speed>0.035116</speed><course>147.731262</course><hAcc>0.911814</hAcc><vAcc>0.644933</vAcc></extensions></trkpt>
      <trkpt lon="-123.264547" lat="44.586923"><ele>72.046448</ele><time>2021-01-19T22:19:10Z</time><extensions><speed>0.042093</speed><course>150.702652</course><hAcc>0.907630</hAcc><vAcc>0.642448</vAcc></extensions></trkpt>
      <trkpt lon="-123.264548" lat="44.586923"><ele>72.012428</ele><time>2021-01-19T22:19:11Z</time><extensions><speed>0.052174</speed><course>161.828568</course><hAcc>0.901681</hAcc><vAcc>0.638909</vAcc></extensions></trkpt>
      <trkpt lon="-123.264548" lat="44.586923"><ele>71.975380</ele><time>2021-01-19T22:19:12Z</time><extensions><speed>0.065191</speed><course>166.987411</course><hAcc>0.893741</hAcc><vAcc>0.634178</vAcc></extensions></trkpt>
      <trkpt lon="-123.264549" lat="44.586922"><ele>71.935722</ele><time>2021-01-19T22:19:13Z</time><extensions><speed>0.080407</speed><course>123.885551</course><hAcc>0.883647</hAcc><vAcc>0.628154</vAcc></extensions></trkpt>
      <trkpt lon="-123.264550" lat="44.586922"><ele>71.894180</ele><time>2021-01-19T22:19:14Z</time><extensions><speed>0.096163</speed><course>171.933121</course><hAcc>0.871381</hAcc><vAcc>0.620822</vAcc></extensions></trkpt>
      <trkpt lon="-123.264551" lat="44.586922"><ele>71.851822</ele><time>2021-01-19T22:19:15Z</time><extensions><speed>0.110344</speed><course>156.520676</course><hAcc>0.857178</hAcc><vAcc>0.612319</vAcc></extensions></trkpt>
      <trkpt lon="-123.264553" lat="44.586921"><ele>71.809761</ele><time>2021-01-19T22:19:16Z</time><extensions><speed>0.121623</speed><course>157.976166</course><hAcc>0.841631</hAcc><vAcc>0.602993</vAcc></extensions></trkpt>
      <trkpt lon="-123.264554" lat="44.586921"><ele>71.768967</ele><time>2021-01-19T22:19:17Z</time><extensions><speed>0.129841</speed><course>162.096069</course><hAcc>0.825779</hAcc><vAcc>0.593458</vAcc></extensions></trkpt>
      <trkpt lon="-123.264556" lat="44.586920"><ele>71.730186</ele><time>2021-01-19T22:19:18Z</time><extensions><speed>0.135361</speed><course>165.839340</course><hAcc>0.810888</hAcc><vAcc>0.584461</vAcc></extensions></trkpt>
      <trkpt lon="-123.264557" lat="44.586920"><ele>71.693832</ele><time>2021-01-19T22:19:19Z</time><extensions><speed>0.138671</speed><course>166.884598</course><hAcc>0.797939</hAcc><vAcc>0.576590</vAcc></extensions></trkpt>
      <trkpt lon="-123.264559" lat="44.586920"><ele>71.660065</ele><time>2021-01-19T22:19:20Z</time><extensions><speed>0.139642</speed><course>166.561554</course><hAcc>0.787417</hAcc><vAcc>0.570146</vAcc></extensions></trkpt>
      <trkpt lon="-123.264561" lat="44.586920"><ele>71.629021</ele><time>2021-01-19T22:19:21Z</time><extensions><speed>0.136788</speed><course>165.776703</course><hAcc>0.779414</hAcc><vAcc>0.565202</vAcc></extensions></trkpt>
      <trkpt lon="-123.264563" lat="44.586920"><ele>71.600830</ele><time>2021-01-19T22:19:22Z</time><extensions><speed>0.127789</speed><course>167.148346</course><hAcc>0.773773</hAcc><vAcc>0.561684</vAcc></extensions></trkpt>
      <trkpt lon="-123.264564" lat="44.586921"><ele>71.575554</ele><time>2021-01-19T22:19:23Z</time><extensions><speed>0.111278</speed><course>166.198990</course><hAcc>0.770222</hAcc><vAcc>0.559449</vAcc></extensions></trkpt>
      <trkpt lon="-123.264565" lat="44.586921"><ele>71.553261</ele><time>2021-01-19T22:19:24Z</time><extensions><speed>0.087228</speed><course>168.408966</course><hAcc>0.768488</hAcc><vAcc>0.558344</vAcc></extensions></trkpt>
      <trkpt lon="-123.264566" lat="44.586921"><ele>71.534111</ele><time>2021-01-19T22:19:25Z</time><extensions><speed>0.055207</speed><course>168.375092</course><hAcc>0.768360</hAcc><vAcc>0.558251</vAcc></extensions></trkpt>
      <trkpt lon="-123.264566" lat="44.586921"><ele>71.518791</ele><time>2021-01-19T22:19:26Z</time><extensions><speed>0.014340</speed><course>167.793808</course><hAcc>0.769720</hAcc><vAcc>0.559096</vAcc></extensions></trkpt>
      <trkpt lon="-123.264566" lat="44.586921"><ele>71.508499</ele><time>2021-01-19T22:19:27Z</time><extensions><speed>0.035089</speed><course>93.071625</course><hAcc>0.772525</hAcc><vAcc>0.560848</vAcc></extensions></trkpt>
      <trkpt lon="-123.264566" lat="44.586921"><ele>71.503975</ele><time>2021-01-19T22:19:28Z</time><extensions><speed>0.090536</speed><course>83.260429</course><hAcc>0.776766</hAcc><vAcc>0.563485</vAcc></extensions></trkpt>
      <trkpt lon="-123.264564" lat="44.586921"><ele>71.504715</ele><time>2021-01-19T22:19:29Z</time><extensions><speed>0.148108</speed><course>66.245811</course><hAcc>0.782380</hAcc><vAcc>0.566955</vAcc></extensions></trkpt>
      <trkpt lon="-123.264562" lat="44.586920"><ele>71.509270</ele><time>2021-01-19T22:19:30Z</time><extensions><speed>0.202840</speed><course>63.698448</course><hAcc>0.789152</hAcc><vAcc>0.571113</vAcc></extensions></trkpt>
      <trkpt lon="-123.264560" lat="44.586919"><ele>71.516151</ele><time>2021-01-19T22:19:31Z</time><extensions><speed>0.249351</speed><course>70.652618</course><hAcc>0.796611</hAcc><vAcc>0.575663</vAcc></extensions></trkpt>
      <trkpt lon="-123.264557" lat="44.586918"><ele>71.524338</ele><time>2021-01-19T22:19:32Z</time><extensions><speed>0.282753</speed><course>83.957169</course><hAcc>0.803936</hAcc><vAcc>0.580107</vAcc></extensions></trkpt>
      <trkpt lon="-123.264554" lat="44.586916"><ele>71.533401</ele><time>2021-01-19T22:19:33Z</time><extensions><speed>0.299907</speed><course>91.851616</course><hAcc>0.809927</hAcc><vAcc>0.583728</vAcc></extensions></trkpt>
      <trkpt lon="-123.264550" lat="44.586915"><ele>71.543533</ele><time>2021-01-19T22:19:34Z</time><extensions><speed>0.300645</speed><course>97.331345</course><hAcc>0.813292</hAcc><vAcc>0.585758</vAcc></extensions></trkpt>
      <trkpt lon="-123.264547" lat="44.586914"><ele>71.555481</ele><time>2021-01-19T22:19:35Z</time><extensions><speed>0.287744</speed><course>101.589409</course><hAcc>0.813241</hAcc><vAcc>0.585732</vAcc></extensions></trkpt>
      <trkpt lon="-123.264544" lat="44.586913"><ele>71.570496</ele><time>2021-01-19T22:19:36Z</time><extensions><speed>0.264454</speed><course>102.583984</course><hAcc>0.809800</hAcc><vAcc>0.583668</vAcc></extensions></trkpt>
      <trkpt lon="-123.264541" lat="44.586913"><ele>71.590309</ele><time>2021-01-19T22:19:37Z</time><extensions><speed>0.232551</speed><course>115.577057</course><hAcc>0.803819</hAcc><vAcc>0.580073</vAcc></extensions></trkpt>
      <trkpt lon="-123.264538" lat="44.586912"><ele>71.616707</ele><time>2021-01-19T22:19:38Z</time><extensions><speed>0.193933</speed><course>147.635468</course><hAcc>0.796667</hAcc><vAcc>0.575763</vAcc></extensions></trkpt>
      <trkpt lon="-123.264536" lat="44.586912"><ele>71.650612</ele><time>2021-01-19T22:19:39Z</time><extensions><speed>0.152313</speed><course>156.891235</course><hAcc>0.789645</hAcc><vAcc>0.571519</vAcc></extensions></trkpt>
      <trkpt lon="-123.264535" lat="44.586911"><ele>71.691353</ele><time>2021-01-19T22:19:40Z</time><extensions><speed>0.113986</speed><course>163.743652</course><hAcc>0.783700</hAcc><vAcc>0.567915</vAcc></extensions></trkpt>
      <trkpt lon="-123.264534" lat="44.586910"><ele>71.736626</ele><time>2021-01-19T22:19:41Z</time><extensions><speed>0.089892</speed><course>173.026245</course><hAcc>0.779449</hAcc><vAcc>0.565331</vAcc></extensions></trkpt>
      <trkpt lon="-123.264533" lat="44.586910"><ele>71.783249</ele><time>2021-01-19T22:19:42Z</time><extensions><speed>0.092012</speed><course>148.051804</course><hAcc>0.777244</hAcc><vAcc>0.563988</vAcc></extensions></trkpt>
      <trkpt lon="-123.264533" lat="44.586909"><ele>71.828331</ele><time>2021-01-19T22:19:43Z</time><extensions><speed>0.115139</speed><course>121.340691</course><hAcc>0.777240</hAcc><vAcc>0.563984</vAcc></extensions></trkpt>
      <trkpt lon="-123.264534" lat="44.586908"><ele>71.869804</ele><time>2021-01-19T22:19:44Z</time><extensions><speed>0.144083</speed><course>114.292229</course><hAcc>0.779433</hAcc><vAcc>0.565317</vAcc></extensions></trkpt>
      <trkpt lon="-123.264534" lat="44.586906"><ele>71.906357</ele><time>2021-01-19T22:19:45Z</time><extensions><speed>0.169361</speed><course>66.368950</course><hAcc>0.783666</hAcc><vAcc>0.567887</vAcc></extensions></trkpt>
      <trkpt lon="-123.264535" lat="44.586905"><ele>71.937271</ele><time>2021-01-19T22:19:46Z</time><extensions><speed>0.185756</speed><course>53.251438</course><hAcc>0.789587</hAcc><vAcc>0.571476</vAcc></extensions></trkpt>
      <trkpt lon="-123.264536" lat="44.586903"><ele>71.962234</ele><time>2021-01-19T22:19:47Z</time><extensions><speed>0.190207</speed><course>1.014127</course><hAcc>0.796590</hAcc><vAcc>0.575711</vAcc></extensions></trkpt>
      <trkpt lon="-123.264537" lat="44.586902"><ele>71.981247</ele><time>2021-01-19T22:19:48Z</time><extensions><speed>0.181123</speed><course>18.134516</course><hAcc>0.803752</hAcc><vAcc>0.580035</vAcc></extensions></trkpt>
      <trkpt lon="-123.264537" lat="44.586900"><ele>71.994698</ele><time>2021-01-19T22:19:49Z</time><extensions><speed>0.158818</speed><course>7.795569</course><hAcc>0.809815</hAcc><vAcc>0.583696</vAcc></extensions></trkpt>
      <trkpt lon="-123.264538" lat="44.586899"><ele>72.002869</ele><time>2021-01-19T22:19:50Z</time><extensions><speed>0.125447</speed><course>-1.000000</course><hAcc>0.813484</hAcc><vAcc>0.585929</vAcc></extensions></trkpt>
      <trkpt lon="-123.264538" lat="44.586898"><ele>72.007034</ele><time>2021-01-19T22:19:51Z</time><extensions><speed>0.090083</speed><course>-1.000000</course><hAcc>0.814001</hAcc><vAcc>0.586283</vAcc></extensions></trkpt>
      <trkpt lon="-123.264537" lat="44.586897"><ele>72.007347</ele><time>2021-01-19T22:19:52Z</time><extensions><speed>0.066524</speed><course>-1.000000</course><hAcc>0.811487</hAcc><vAcc>0.584830</vAcc></extensions></trkpt>
      <trkpt lon="-123.264537" lat="44.586897"><ele>72.003754</ele><time>2021-01-19T22:19:53Z</time><extensions><speed>0.070362</speed><course>-1.000000</course><hAcc>0.806917</hAcc><vAcc>0.582151</vAcc></extensions></trkpt>
      <trkpt lon="-123.264536" lat="44.586897"><ele>71.995872</ele><time>2021-01-19T22:19:54Z</time><extensions><speed>0.089623</speed><course>-1.000000</course><hAcc>0.801802</hAcc><vAcc>0.579140</vAcc></extensions></trkpt>
      <trkpt lon="-123.264534" lat="44.586897"><ele>71.983582</ele><time>2021-01-19T22:19:55Z</time><extensions><speed>0.103995</speed><course>-1.000000</course><hAcc>0.797563</hAcc><vAcc>0.576640</vAcc></extensions></trkpt>
      <trkpt lon="-123.264533" lat="44.586898"><ele>71.967201</ele><time>2021-01-19T22:19:56Z</time><extensions><speed>0.106108</speed><course>356.800995</course><hAcc>0.795184</hAcc><vAcc>0.575235</vAcc></extensions></trkpt>
      <trkpt lon="-123.264532" lat="44.586899"><ele>71.947189</ele><time>2021-01-19T22:19:57Z</time><extensions><speed>0.095952</speed><course>7.867084</course><hAcc>0.795165</hAcc><vAcc>0.575224</vAcc></extensions></trkpt>
      <trkpt lon="-123.264532" lat="44.586899"><ele>71.924103</ele><time>2021-01-19T22:19:58Z</time><extensions><speed>0.076991</speed><course>20.363853</course><hAcc>0.797509</hAcc><vAcc>0.576608</vAcc></extensions></trkpt>
      <trkpt lon="-123.264531" lat="44.586900"><ele>71.898628</ele><time>2021-01-19T22:19:59Z</time><extensions><speed>0.056107</speed><course>15.183643</course><hAcc>0.801721</hAcc><vAcc>0.579093</vAcc></extensions></trkpt>
      <trkpt lon="-123.264531" lat="44.586900"><ele>71.871635</ele><time>2021-01-19T22:20:00Z</time><extensions><speed>0.044179</speed><course>10.986561</course><hAcc>0.806821</hAcc><vAcc>0.582095</vAcc></extensions></trkpt>
      <trkpt lon="-123.264532" lat="44.586900"><ele>71.844231</ele><time>2021-01-19T22:20:01Z</time><extensions><speed>0.047346</speed><course>4.165410</course><hAcc>0.811390</hAcc><vAcc>0.584775</vAcc></extensions></trkpt>
      <trkpt lon="-123.264532" lat="44.586901"><ele>71.817787</ele><time>2021-01-19T22:20:02Z</time><extensions><speed>0.056492</speed><course>6.938199</course><hAcc>0.813917</hAcc><vAcc>0.586235</vAcc></extensions></trkpt>
      <trkpt lon="-123.264533" lat="44.586901"><ele>71.793907</ele><time>2021-01-19T22:20:03Z</time><extensions><speed>0.062902</speed><course>20.878244</course><hAcc>0.813415</hAcc><vAcc>0.585889</vAcc></extensions></trkpt>
      <trkpt lon="-123.264534" lat="44.586901"><ele>71.774040</ele><time>2021-01-19T22:20:04Z</time><extensions><speed>0.063663</speed><course>29.465908</course><hAcc>0.809748</hAcc><vAcc>0.583649</vAcc></extensions></trkpt>
      <trkpt lon="-123.264534" lat="44.586902"><ele>71.759132</ele><time>2021-01-19T22:20:05Z</time><extensions><speed>0.058631</speed><course>29.208710</course><hAcc>0.803619</hAcc><vAcc>0.579929</vAcc></extensions></trkpt>
      <trkpt lon="-123.264535" lat="44.586902"><ele>71.749512</ele><time>2021-01-19T22:20:06Z</time><extensions><speed>0.051113</speed><course>33.199429</course><hAcc>0.796259</hAcc><vAcc>0.575455</vAcc></extensions></trkpt>
      <trkpt lon="-123.264535" lat="44.586902"><ele>71.744583</ele><time>2021-01-19T22:20:07Z</time><extensions><speed>0.055687</speed><course>33.792309</course><hAcc>0.788818</hAcc><vAcc>0.570910</vAcc></extensions></trkpt>
      <trkpt lon="-123.264534" lat="44.586903"><ele>71.742882</ele><time>2021-01-19T22:20:08Z</time><extensions><speed>0.087119</speed><course>41.925011</course><hAcc>0.782070</hAcc><vAcc>0.566759</vAcc></extensions></trkpt>
      <trkpt lon="-123.264534" lat="44.586904"><ele>71.742638</ele><time>2021-01-19T22:20:09Z</time><extensions><speed>0.137543</speed><course>31.707575</course><hAcc>0.776430</hAcc><vAcc>0.563257</vAcc></extensions></trkpt>
      <trkpt lon="-123.264532" lat="44.586905"><ele>71.742706</ele><time>2021-01-19T22:20:10Z</time><extensions><speed>0.195276</speed><course>20.184132</course><hAcc>0.772029</hAcc><vAcc>0.560495</vAcc></extensions></trkpt>
      <trkpt lon="-123.264530" lat="44.586906"><ele>71.743080</ele><time>2021-01-19T22:20:11Z</time><extensions><speed>0.252776</speed><course>346.263916</course><hAcc>0.768804</hAcc><vAcc>0.558444</vAcc></extensions></trkpt>
      <trkpt lon="-123.264527" lat="44.586907"><ele>71.744766</ele><time>2021-01-19T22:20:12Z</time><extensions><speed>0.305529</speed><course>338.211090</course><hAcc>0.766583</hAcc><vAcc>0.557008</vAcc></extensions></trkpt>
      <trkpt lon="-123.264523" lat="44.586908"><ele>71.749184</ele><time>2021-01-19T22:20:13Z</time><extensions><speed>0.350303</speed><course>336.133270</course><hAcc>0.765148</hAcc><vAcc>0.556063</vAcc></extensions></trkpt>
      <trkpt lon="-123.264519" lat="44.586910"><ele>71.757553</ele><time>2021-01-19T22:20:14Z</time><extensions><speed>0.384978</speed><course>336.384949</course><hAcc>0.764289</hAcc><vAcc>0.555482</vAcc></extensions></trkpt>
      <trkpt lon="-123.264514" lat="44.586910"><ele>71.770615</ele><time>2021-01-19T22:20:15Z</time><extensions><speed>0.408063</speed><course>336.051086</course><hAcc>0.763821</hAcc><vAcc>0.555155</vAcc></extensions></trkpt>
      <trkpt lon="-123.264509" lat="44.586911"><ele>71.788612</ele><time>2021-01-19T22:20:16Z</time><extensions><speed>0.417369</speed><course>17.492363</course><hAcc>0.763599</hAcc><vAcc>0.554992</vAcc></extensions></trkpt>
      <trkpt lon="-123.264503" lat="44.586911"><ele>71.811104</ele><time>2021-01-19T22:20:17Z</time><extensions><speed>0.409896</speed><course>26.748564</course><hAcc>0.763518</hAcc><vAcc>0.554926</vAcc></extensions></trkpt>
      <trkpt lon="-123.264498" lat="44.586911"><ele>71.837051</ele><time>2021-01-19T22:20:18Z</time><extensions><speed>0.384735</speed><course>25.664934</course><hAcc>0.763507</hAcc><vAcc>0.554911</vAcc></extensions></trkpt>
      <trkpt lon="-123.264494" lat="44.586911"><ele>71.865311</ele><time>2021-01-19T22:20:19Z</time><extensions><speed>0.345254</speed><course>22.014688</course><hAcc>0.763524</hAcc><vAcc>0.554918</vAcc></extensions></trkpt>
      <trkpt lon="-123.264490" lat="44.586911"><ele>71.894691</ele><time>2021-01-19T22:20:20Z</time><extensions><speed>0.297176</speed><course>26.135458</course><hAcc>0.763544</hAcc><vAcc>0.554930</vAcc></extensions></trkpt>
      <trkpt lon="-123.264487" lat="44.586910"><ele>71.923744</ele><time>2021-01-19T22:20:21Z</time><extensions><speed>0.245690</speed><course>36.497326</course><hAcc>0.763557</hAcc><vAcc>0.554940</vAcc></extensions></trkpt>
      <trkpt lon="-123.264484" lat="44.586910"><ele>71.950676</ele><time>2021-01-19T22:20:22Z</time><extensions><speed>0.195189</speed><course>39.491074</course><hAcc>0.763561</hAcc><vAcc>0.554944</vAcc></extensions></trkpt>
      <trkpt lon="-123.264482" lat="44.586909"><ele>71.974030</ele><time>2021-01-19T22:20:23Z</time><extensions><speed>0.148797</speed><course>34.162941</course><hAcc>0.763555</hAcc><vAcc>0.554943</vAcc></extensions></trkpt>
      <trkpt lon="-123.264480" lat="44.586909"><ele>71.993248</ele><time>2021-01-19T22:20:24Z</time><extensions><speed>0.108374</speed><course>359.368774</course><hAcc>0.763544</hAcc><vAcc>0.554938</vAcc></extensions></trkpt>
      <trkpt lon="-123.264479" lat="44.586909"><ele>72.008400</ele><time>2021-01-19T22:20:25Z</time><extensions><speed>0.075104</speed><course>356.570099</course><hAcc>0.763531</hAcc><vAcc>0.554930</vAcc></extensions></trkpt>
      <trkpt lon="-123.264479" lat="44.586908"><ele>72.019783</ele><time>2021-01-19T22:20:26Z</time><extensions><speed>0.049139</speed><course>351.180481</course><hAcc>0.763516</hAcc><vAcc>0.554921</vAcc></extensions></trkpt>
      <trkpt lon="-123.264478" lat="44.586908"><ele>72.027779</ele><time>2021-01-19T22:20:27Z</time><extensions><speed>0.030439</speed><course>2.362148</course><hAcc>0.763503</hAcc><vAcc>0.554913</vAcc></extensions></trkpt>
      <trkpt lon="-123.264478" lat="44.586908"><ele>72.032776</ele><time>2021-01-19T22:20:28Z</time><extensions><speed>0.021082</speed><course>3.659442</course><hAcc>0.763492</hAcc><vAcc>0.554905</vAcc></extensions></trkpt>
      <trkpt lon="-123.264478" lat="44.586908"><ele>72.035187</ele><time>2021-01-19T22:20:29Z</time><extensions><speed>0.023415</speed><course>13.500209</course><hAcc>0.763483</hAcc><vAcc>0.554899</vAcc></extensions></trkpt>
      <trkpt lon="-123.264479" lat="44.586908"><ele>72.035385</ele><time>2021-01-19T22:20:30Z</time><extensions><speed>0.032276</speed><course>25.415602</course><hAcc>0.763476</hAcc><vAcc>0.554895</vAcc></extensions></trkpt>
      <trkpt lon="-123.264479" lat="44.586908"><ele>72.033722</ele><time>2021-01-19T22:20:31Z</time><extensions><speed>0.043420</speed><course>81.235893</course><hAcc>0.763472</hAcc><vAcc>0.554892</vAcc></extensions></trkpt>
      <trkpt lon="-123.264480" lat="44.586908"><ele>72.030502</ele><time>2021-01-19T22:20:32Z</time><extensions><speed>0.056154</speed><course>93.596558</course><hAcc>0.763470</hAcc><vAcc>0.554890</vAcc></extensions></trkpt>
      <trkpt lon="-123.264481" lat="44.586908"><ele>72.026001</ele><time>2021-01-19T22:20:33Z</time><extensions><speed>0.070795</speed><course>83.110382</course><hAcc>0.763470</hAcc><vAcc>0.554890</vAcc></extensions></trkpt>
      <trkpt lon="-123.264481" lat="44.586908"><ele>72.020432</ele><time>2021-01-19T22:20:34Z</time><extensions><speed>0.087809</speed><course>83.623711</course><hAcc>0.763473</hAcc><vAcc>0.554892</vAcc></extensions></trkpt>
      <trkpt lon="-123.264483" lat="44.586908"><ele>72.013992</ele><time>2021-01-19T22:20:35Z</time><extensions><speed>0.107571</speed><course>84.893524</course><hAcc>0.763478</hAcc><vAcc>0.554896</vAcc></extensions></trkpt>
      <trkpt lon="-123.264484" lat="44.586909"><ele>72.006844</ele><time>2021-01-19T22:20:36Z</time><extensions><speed>0.130272</speed><course>101.322388</course><hAcc>0.763486</hAcc><vAcc>0.554902</vAcc></extensions></trkpt>
      <trkpt lon="-123.264486" lat="44.586909"><ele>71.999100</ele><time>2021-01-19T22:20:37Z</time><extensions><speed>0.155838</speed><course>103.006592</course><hAcc>0.763498</hAcc><vAcc>0.554910</vAcc></extensions></trkpt>
      <trkpt lon="-123.264488" lat="44.586909"><ele>71.990883</ele><time>2021-01-19T22:20:38Z</time><extensions><speed>0.183849</speed><course>104.989769</course><hAcc>0.763515</hAcc><vAcc>0.554922</vAcc></extensions></trkpt>
      <trkpt lon="-123.264490" lat="44.586910"><ele>71.982292</ele><time>2021-01-19T22:20:39Z</time><extensions><speed>0.213458</speed><course>105.523544</course><hAcc>0.763536</hAcc><vAcc>0.554936</vAcc></extensions></trkpt>
      <trkpt lon="-123.264493" lat="44.586911"><ele>71.973427</ele><time>2021-01-19T22:20:40Z</time><extensions><speed>0.243301</speed><course>101.683151</course><hAcc>0.763563</hAcc><vAcc>0.554953</vAcc></extensions></trkpt>
      <trkpt lon="-123.264496" lat="44.586911"><ele>71.964363</ele><time>2021-01-19T22:20:41Z</time><extensions><speed>0.271406</speed><course>99.259842</course><hAcc>0.763593</hAcc><vAcc>0.554971</vAcc></extensions></trkpt>
      <trkpt lon="-123.264499" lat="44.586912"><ele>71.955215</ele><time>2021-01-19T22:20:42Z</time><extensions><speed>0.295104</speed><course>92.993484</course><hAcc>0.763625</hAcc><vAcc>0.554991</vAcc></extensions></trkpt>
      <trkpt lon="-123.264503" lat="44.586913"><ele>71.946060</ele><time>2021-01-19T22:20:43Z</time><extensions><speed>0.310948</speed><course>85.478088</course><hAcc>0.763656</hAcc><vAcc>0.555008</vAcc></extensions></trkpt>
      <trkpt lon="-123.264507" lat="44.586914"><ele>71.936989</ele><time>2021-01-19T22:20:44Z</time><extensions><speed>0.314647</speed><course>79.351341</course><hAcc>0.763682</hAcc><vAcc>0.555021</vAcc></extensions></trkpt>
      <trkpt lon="-123.264510" lat="44.586915"><ele>71.928085</ele><time>2021-01-19T22:20:45Z</time><extensions><speed>0.305550</speed><course>55.511490</course><hAcc>0.763699</hAcc><vAcc>0.555029</vAcc></extensions></trkpt>
      <trkpt lon="-123.264514" lat="44.586915"><ele>71.919411</ele><time>2021-01-19T22:20:46Z</time><extensions><speed>0.287189</speed><course>47.085369</course><hAcc>0.763706</hAcc><vAcc>0.555031</vAcc></extensions></trkpt>
      <trkpt lon="-123.264517" lat="44.586916"><ele>71.911003</ele><time>2021-01-19T22:20:47Z</time><extensions><speed>0.262901</speed><course>70.655243</course><hAcc>0.763708</hAcc><vAcc>0.555033</vAcc></extensions></trkpt>
      <trkpt lon="-123.264520" lat="44.586917"><ele>71.902802</ele><time>2021-01-19T22:20:48Z</time><extensions><speed>0.235378</speed><course>100.207962</course><hAcc>0.763724</hAcc><vAcc>0.555049</vAcc></extensions></trkpt>
      <trkpt lon="-123.264523" lat="44.586917"><ele>71.894699</ele><time>2021-01-19T22:20:49Z</time><extensions><speed>0.206619</speed><course>180.081177</course><hAcc>0.763793</hAcc><vAcc>0.555106</vAcc></extensions></trkpt>
      <trkpt lon="-123.264526" lat="44.586917"><ele>71.886482</ele><time>2021-01-19T22:20:50Z</time><extensions><speed>0.177967</speed><course>160.184937</course><hAcc>0.763990</hAcc><vAcc>0.555254</vAcc></extensions></trkpt>
      <trkpt lon="-123.264528" lat="44.586917"><ele>71.877861</ele><time>2021-01-19T22:20:51Z</time><extensions><speed>0.150222</speed><course>351.251984</course><hAcc>0.764436</hAcc><vAcc>0.555571</vAcc></extensions></trkpt>
      <trkpt lon="-123.264529" lat="44.586918"><ele>71.868546</ele><time>2021-01-19T22:20:52Z</time><extensions><speed>0.124103</speed><course>348.130127</course><hAcc>0.765313</hAcc><vAcc>0.556172</vAcc></extensions></trkpt>
      <trkpt lon="-123.264531" lat="44.586918"><ele>71.858276</ele><time>2021-01-19T22:20:53Z</time><extensions><speed>0.100855</speed><course>341.645813</course><hAcc>0.766879</hAcc><vAcc>0.557214</vAcc></extensions></trkpt>
      <trkpt lon="-123.264532" lat="44.586918"><ele>71.846947</ele><time>2021-01-19T22:20:54Z</time><extensions><speed>0.082674</speed><course>334.538452</course><hAcc>0.769467</hAcc><vAcc>0.558896</vAcc></extensions></trkpt>
      <trkpt lon="-123.264533" lat="44.586919"><ele>71.834595</ele><time>2021-01-19T22:20:55Z</time><extensions><speed>0.073077</speed><course>340.424896</course><hAcc>0.773474</hAcc><vAcc>0.561453</vAcc></extensions></trkpt>
      <trkpt lon="-123.264533" lat="44.586919"><ele>71.821571</ele><time>2021-01-19T22:20:56Z</time><extensions><speed>0.074782</speed><course>82.171257</course><hAcc>0.779324</hAcc><vAcc>0.565126</vAcc></extensions></trkpt>
      <trkpt lon="-123.264534" lat="44.586920"><ele>71.808441</ele><time>2021-01-19T22:20:57Z</time><extensions><speed>0.085671</speed><course>114.042061</course><hAcc>0.787394</hAcc><vAcc>0.570129</vAcc></extensions></trkpt>
      <trkpt lon="-123.264534" lat="44.586920"><ele>71.795784</ele><time>2021-01-19T22:20:58Z</time><extensions><speed>0.101204</speed><course>115.744438</course><hAcc>0.797918</hAcc><vAcc>0.576583</vAcc></extensions></trkpt>
      <trkpt lon="-123.264535" lat="44.586921"><ele>71.783875</ele><time>2021-01-19T22:20:59Z</time><extensions><speed>0.118317</speed><course>119.465721</course><hAcc>0.810847</hAcc><vAcc>0.584445</vAcc></extensions></trkpt>
      <trkpt lon="-123.264535" lat="44.586923"><ele>71.772713</ele><time>2021-01-19T22:21:00Z</time><extensions><speed>0.134900</speed><course>132.943588</course><hAcc>0.825722</hAcc><vAcc>0.593432</vAcc></extensions></trkpt>
      <trkpt lon="-123.264536" lat="44.586924"><ele>71.762215</ele><time>2021-01-19T22:21:01Z</time><extensions><speed>0.148898</speed><course>133.407990</course><hAcc>0.841573</hAcc><vAcc>0.602965</vAcc></extensions></trkpt>
      <trkpt lon="-123.264536" lat="44.586925"><ele>71.752289</ele><time>2021-01-19T22:21:02Z</time><extensions><speed>0.158989</speed><course>138.771118</course><hAcc>0.857136</hAcc><vAcc>0.612299</vAcc></extensions></trkpt>
      <trkpt lon="-123.264537" lat="44.586926"><ele>71.742805</ele><time>2021-01-19T22:21:03Z</time><extensions><speed>0.164718</speed><course>161.907135</course><hAcc>0.871371</hAcc><vAcc>0.620819</vAcc></extensions></trkpt>
      <trkpt lon="-123.264538" lat="44.586928"><ele>71.733719</ele><time>2021-01-19T22:21:04Z</time><extensions><speed>0.165813</speed><course>171.485413</course><hAcc>0.883679</hAcc><vAcc>0.628175</vAcc></extensions></trkpt>
      <trkpt lon="-123.264539" lat="44.586929"><ele>71.725220</ele><time>2021-01-19T22:21:05Z</time><extensions><speed>0.161893</speed><course>161.211258</course><hAcc>0.893821</hAcc><vAcc>0.634226</vAcc></extensions></trkpt>
      <trkpt lon="-123.264540" lat="44.586930"><ele>71.717758</ele><time>2021-01-19T22:21:06Z</time><extensions><speed>0.152727</speed><course>157.399338</course><hAcc>0.901810</hAcc><vAcc>0.638985</vAcc></extensions></trkpt>
      <trkpt lon="-123.264541" lat="44.586931"><ele>71.711967</ele><time>2021-01-19T22:21:07Z</time><extensions><speed>0.138557</speed><course>111.266724</course><hAcc>0.907804</hAcc><vAcc>0.642549</vAcc></extensions></trkpt>
      <trkpt lon="-123.264541" lat="44.586932"><ele>71.708473</ele><time>2021-01-19T22:21:08Z</time><extensions><speed>0.120374</speed><course>114.521797</course><hAcc>0.912029</hAcc><vAcc>0.645056</vAcc></extensions></trkpt>
      <trkpt lon="-123.264542" lat="44.586933"><ele>71.707809</ele><time>2021-01-19T22:21:09Z</time><extensions><speed>0.099970</speed><course>120.665840</course><hAcc>0.914706</hAcc><vAcc>0.646642</vAcc></extensions></trkpt>
      <trkpt lon="-123.264542" lat="44.586934"><ele>71.710312</ele><time>2021-01-19T22:21:10Z</time><extensions><speed>0.079684</speed><course>122.384125</course><hAcc>0.916016</hAcc><vAcc>0.647417</vAcc></extensions></trkpt>
      <trkpt lon="-123.264542" lat="44.586935"><ele>71.716202</ele><time>2021-01-19T22:21:11Z</time><extensions><speed>0.062644</speed><course>119.166901</course><hAcc>0.916069</hAcc><vAcc>0.647450</vAcc></extensions></trkpt>
      <trkpt lon="-123.264542" lat="44.586935"><ele>71.725670</ele><time>2021-01-19T22:21:12Z</time><extensions><speed>0.053820</speed><course>117.395050</course><hAcc>0.914897</hAcc><vAcc>0.646761</vAcc></extensions></trkpt>
      <trkpt lon="-123.264542" lat="44.586936"><ele>71.738762</ele><time>2021-01-19T22:21:13Z</time><extensions><speed>0.056607</speed><course>170.837555</course><hAcc>0.912462</hAcc><vAcc>0.645330</vAcc></extensions></trkpt>
      <trkpt lon="-123.264541" lat="44.586936"><ele>71.755257</ele><time>2021-01-19T22:21:14Z</time><extensions><speed>0.066423</speed><course>213.694595</course><hAcc>0.908675</hAcc><vAcc>0.643106</vAcc></extensions></trkpt>
      <trkpt lon="-123.264540" lat="44.586936"><ele>71.774612</ele><time>2021-01-19T22:21:15Z</time><extensions><speed>0.076727</speed><course>159.844162</course><hAcc>0.903437</hAcc><vAcc>0.640032</vAcc></extensions></trkpt>
      <trkpt lon="-123.264539" lat="44.586937"><ele>71.795898</ele><time>2021-01-19T22:21:16Z</time><extensions><speed>0.084769</speed><course>151.264786</course><hAcc>0.896696</hAcc><vAcc>0.636079</vAcc></extensions></trkpt>
      <trkpt lon="-123.264538" lat="44.586937"><ele>71.817917</ele><time>2021-01-19T22:21:17Z</time><extensions><speed>0.090577</speed><course>127.341286</course><hAcc>0.888521</hAcc><vAcc>0.631290</vAcc></extensions></trkpt>
      <trkpt lon="-123.264537" lat="44.586937"><ele>71.839485</ele><time>2021-01-19T22:21:18Z</time><extensions><speed>0.095873</speed><course>96.295044</course><hAcc>0.879194</hAcc><vAcc>0.625833</vAcc></extensions></trkpt>
      <trkpt lon="-123.264536" lat="44.586938"><ele>71.859650</ele><time>2021-01-19T22:21:19Z</time><extensions><speed>0.103939</speed><course>61.144066</course><hAcc>0.869307</hAcc><vAcc>0.620057</vAcc></extensions></trkpt>
      <trkpt lon="-123.264536" lat="44.586939"><ele>71.877754</ele><time>2021-01-19T22:21:20Z</time><extensions><speed>0.117975</speed><course>58.255577</course><hAcc>0.859848</hAcc><vAcc>0.614540</vAcc></extensions></trkpt>
      <trkpt lon="-123.264535" lat="44.586940"><ele>71.893364</ele><time>2021-01-19T22:21:21Z</time><extensions><speed>0.138389</speed><course>59.276054</course><hAcc>0.852231</hAcc><vAcc>0.610102</vAcc></extensions></trkpt>
      <trkpt lon="-123.264535" lat="44.586941"><ele>71.906395</ele><time>2021-01-19T22:21:22Z</time><extensions><speed>0.161282</speed><course>62.162910</course><hAcc>0.847966</hAcc><vAcc>0.607620</vAcc></extensions></trkpt>
      <trkpt lon="-123.264535" lat="44.586943"><ele>71.917274</ele><time>2021-01-19T22:21:23Z</time><extensions><speed>0.180986</speed><course>107.744118</course><hAcc>0.847990</hAcc><vAcc>0.607635</vAcc></extensions></trkpt>
      <trkpt lon="-123.264536" lat="44.586944"><ele>71.926872</ele><time>2021-01-19T22:21:24Z</time><extensions><speed>0.194279</speed><course>68.309509</course><hAcc>0.852302</hAcc><vAcc>0.610147</vAcc></extensions></trkpt>
      <trkpt lon="-123.264537" lat="44.586946"><ele>71.936058</ele><time>2021-01-19T22:21:25Z</time><extensions><speed>0.201606</speed><course>56.437046</course><hAcc>0.859960</hAcc><vAcc>0.614610</vAcc></extensions></trkpt>
      <trkpt lon="-123.264539" lat="44.586947"><ele>71.945282</ele><time>2021-01-19T22:21:26Z</time><extensions><speed>0.206028</speed><course>91.176880</course><hAcc>0.869451</hAcc><vAcc>0.620147</vAcc></extensions></trkpt>
      <trkpt lon="-123.264541" lat="44.586948"><ele>71.954529</ele><time>2021-01-19T22:21:27Z</time><extensions><speed>0.210932</speed><course>76.089302</course><hAcc>0.879360</hAcc><vAcc>0.625937</vAcc></extensions></trkpt>
      <trkpt lon="-123.264544" lat="44.586949"><ele>71.963486</ele><time>2021-01-19T22:21:28Z</time><extensions><speed>0.217783</speed><course>68.919807</course><hAcc>0.888704</hAcc><vAcc>0.631404</vAcc></extensions></trkpt>
      <trkpt lon="-123.264546" lat="44.586949"><ele>71.971779</ele><time>2021-01-19T22:21:29Z</time><extensions><speed>0.225456</speed><course>87.268463</course><hAcc>0.896901</hAcc><vAcc>0.636204</vAcc></extensions></trkpt>
      <trkpt lon="-123.264549" lat="44.586949"><ele>71.979179</ele><time>2021-01-19T22:21:30Z</time><extensions><speed>0.230869</speed><course>186.345673</course><hAcc>0.903691</hAcc><vAcc>0.640184</vAcc></extensions></trkpt>
      <trkpt lon="-123.264552" lat="44.586949"><ele>71.985565</ele><time>2021-01-19T22:21:31Z</time><extensions><speed>0.230401</speed><course>189.990967</course><hAcc>0.909043</hAcc><vAcc>0.643321</vAcc></extensions></trkpt>
      <trkpt lon="-123.264555" lat="44.586948"><ele>71.991028</ele><time>2021-01-19T22:21:32Z</time><extensions><speed>0.221855</speed><course>222.607101</course><hAcc>0.913072</hAcc><vAcc>0.645683</vAcc></extensions></trkpt>
      <trkpt lon="-123.264557" lat="44.586947"><ele>71.995811</ele><time>2021-01-19T22:21:33Z</time><extensions><speed>0.205285</speed><course>226.421860</course><hAcc>0.915968</hAcc><vAcc>0.647380</vAcc></extensions></trkpt>
      <trkpt lon="-123.264559" lat="44.586946"><ele>72.000183</ele><time>2021-01-19T22:21:34Z</time><extensions><speed>0.182574</speed><course>226.003006</course><hAcc>0.917951</hAcc><vAcc>0.648541</vAcc></extensions></trkpt>
      <trkpt lon="-123.264560" lat="44.586945"><ele>72.004295</ele><time>2021-01-19T22:21:35Z</time><extensions><speed>0.157010</speed><course>233.856277</course><hAcc>0.919235</hAcc><vAcc>0.649292</vAcc></extensions></trkpt>
      <trkpt lon="-123.264561" lat="44.586943"><ele>72.008125</ele><time>2021-01-19T22:21:36Z</time><extensions><speed>0.131805</speed><course>231.557098</course><hAcc>0.920014</hAcc><vAcc>0.649746</vAcc></extensions></trkpt>
      <trkpt lon="-123.264562" lat="44.586942"><ele>72.011513</ele><time>2021-01-19T22:21:37Z</time><extensions><speed>0.109291</speed><course>219.802612</course><hAcc>0.920445</hAcc><vAcc>0.649997</vAcc></extensions></trkpt>
      <trkpt lon="-123.264562" lat="44.586942"><ele>72.014221</ele><time>2021-01-19T22:21:38Z</time><extensions><speed>0.091965</speed><course>224.687073</course><hAcc>0.920651</hAcc><vAcc>0.650117</vAcc></extensions></trkpt>
      <trkpt lon="-123.264561" lat="44.586941"><ele>72.015976</ele><time>2021-01-19T22:21:39Z</time><extensions><speed>0.081983</speed><course>237.362518</course><hAcc>0.920725</hAcc><vAcc>0.650158</vAcc></extensions></trkpt>
      <trkpt lon="-123.264561" lat="44.586940"><ele>72.016373</ele><time>2021-01-19T22:21:40Z</time><extensions><speed>0.078279</speed><course>255.856537</course><hAcc>0.920728</hAcc><vAcc>0.650159</vAcc></extensions></trkpt>
      <trkpt lon="-123.264560" lat="44.586940"><ele>72.014977</ele><time>2021-01-19T22:21:41Z</time><extensions><speed>0.077046</speed><course>255.154312</course><hAcc>0.920700</hAcc><vAcc>0.650143</vAcc></extensions></trkpt>
      <trkpt lon="-123.264559" lat="44.586939"><ele>72.011444</ele><time>2021-01-19T22:21:42Z</time><extensions><speed>0.074946</speed><course>270.481476</course><hAcc>0.920666</hAcc><vAcc>0.650123</vAcc></extensions></trkpt>
      <trkpt lon="-123.264558" lat="44.586939"><ele>72.005608</ele><time>2021-01-19T22:21:43Z</time><extensions><speed>0.070443</speed><course>299.376282</course><hAcc>0.920637</hAcc><vAcc>0.650105</vAcc></extensions></trkpt>
      <trkpt lon="-123.264558" lat="44.586939"><ele>71.997643</ele><time>2021-01-19T22:21:44Z</time><extensions><speed>0.063321</speed><course>300.854462</course><hAcc>0.920616</hAcc><vAcc>0.650093</vAcc></extensions></trkpt>
      <trkpt lon="-123.264557" lat="44.586939"><ele>71.987968</ele><time>2021-01-19T22:21:45Z</time><extensions><speed>0.054769</speed><course>310.866730</course><hAcc>0.920604</hAcc><vAcc>0.650086</vAcc></extensions></trkpt>
      <trkpt lon="-123.264556" lat="44.586939"><ele>71.977165</ele><time>2021-01-19T22:21:46Z</time><extensions><speed>0.047524</speed><course>316.350983</course><hAcc>0.920597</hAcc><vAcc>0.650082</vAcc></extensions></trkpt>
      <trkpt lon="-123.264556" lat="44.586940"><ele>71.965820</ele><time>2021-01-19T22:21:47Z</time><extensions><speed>0.045614</speed><course>289.301910</course><hAcc>0.920593</hAcc><vAcc>0.650080</vAcc></extensions></trkpt>
      <trkpt lon="-123.264556" lat="44.586940"><ele>71.954491</ele><time>2021-01-19T22:21:48Z</time><extensions><speed>0.051669</speed><course>273.901917</course><hAcc>0.920588</hAcc><vAcc>0.650077</vAcc></extensions></trkpt>
      <trkpt lon="-123.264556" lat="44.586940"><ele>71.943695</ele><time>2021-01-19T22:21:49Z</time><extensions><speed>0.064105</speed><course>224.563278</course><hAcc>0.920582</hAcc><vAcc>0.650073</vAcc></extensions></trkpt>
      <trkpt lon="-123.264556" lat="44.586941"><ele>71.933907</ele><time>2021-01-19T22:21:50Z</time><extensions><speed>0.079593</speed><course>198.650375</course><hAcc>0.920573</hAcc><vAcc>0.650068</vAcc></extensions></trkpt>
      <trkpt lon="-123.264556" lat="44.586942"><ele>71.925529</ele><time>2021-01-19T22:21:51Z</time><extensions><speed>0.095499</speed><course>175.713699</course><hAcc>0.920563</hAcc><vAcc>0.650061</vAcc></extensions></trkpt>
      <trkpt lon="-123.264557" lat="44.586943"><ele>71.918930</ele><time>2021-01-19T22:21:52Z</time><extensions><speed>0.109922</speed><course>158.282288</course><hAcc>0.920554</hAcc><vAcc>0.650056</vAcc></extensions></trkpt>
      <trkpt lon="-123.264558" lat="44.586943"><ele>71.914429</ele><time>2021-01-19T22:21:53Z</time><extensions><speed>0.121598</speed><course>148.572021</course><hAcc>0.920550</hAcc><vAcc>0.650053</vAcc></extensions></trkpt>
      <trkpt lon="-123.264559" lat="44.586944"><ele>71.912239</ele><time>2021-01-19T22:21:54Z</time><extensions><speed>0.129728</speed><course>114.395020</course><hAcc>0.920554</hAcc><vAcc>0.650055</vAcc></extensions></trkpt>
      <trkpt lon="-123.264560" lat="44.586945"><ele>71.912392</ele><time>2021-01-19T22:21:55Z</time><extensions><speed>0.133293</speed><course>114.533447</course><hAcc>0.920568</hAcc><vAcc>0.650063</vAcc></extensions></trkpt>
      <trkpt lon="-123.264562" lat="44.586946"><ele>71.914627</ele><time>2021-01-19T22:21:56Z</time><extensions><speed>0.131392</speed><course>74.243073</course><hAcc>0.920590</hAcc><vAcc>0.650076</vAcc></extensions></trkpt>
      <trkpt lon="-123.264563" lat="44.586946"><ele>71.918442</ele><time>2021-01-19T22:21:57Z</time><extensions><speed>0.124249</speed><course>70.102676</course><hAcc>0.920609</hAcc><vAcc>0.650089</vAcc></extensions></trkpt>
      <trkpt lon="-123.264564" lat="44.586947"><ele>71.923210</ele><time>2021-01-19T22:21:58Z</time><extensions><speed>0.113076</speed><course>29.157429</course><hAcc>0.920606</hAcc><vAcc>0.650089</vAcc></extensions></trkpt>
      <trkpt lon="-123.264565" lat="44.586948"><ele>71.928299</ele><time>2021-01-19T22:21:59Z</time><extensions><speed>0.099823</speed><course>22.900002</course><hAcc>0.920542</hAcc><vAcc>0.650054</vAcc></extensions></trkpt>
      <trkpt lon="-123.264566" lat="44.586948"><ele>71.933105</ele><time>2021-01-19T22:22:00Z</time><extensions><speed>0.087251</speed><course>26.413395</course><hAcc>0.920355</hAcc><vAcc>0.649947</vAcc></extensions></trkpt>
      <trkpt lon="-123.264566" lat="44.586949"><ele>71.937134</ele><time>2021-01-19T22:22:01Z</time><extensions><speed>0.078359</speed><course>36.094204</course><hAcc>0.919948</hAcc><vAcc>0.649711</vAcc></extensions></trkpt>
      <trkpt lon="-123.264566" lat="44.586950"><ele>71.939919</ele><time>2021-01-19T22:22:02Z</time><extensions><speed>0.074956</speed><course>58.201183</course><hAcc>0.919187</hAcc><vAcc>0.649267</vAcc></extensions></trkpt>
      <trkpt lon="-123.264566" lat="44.586950"><ele>71.940994</ele><time>2021-01-19T22:22:03Z</time><extensions><speed>0.075654</speed><course>36.681454</course><hAcc>0.917894</hAcc><vAcc>0.648506</vAcc></extensions></trkpt>
      <trkpt lon="-123.264565" lat="44.586951"><ele>71.939972</ele><time>2021-01-19T22:22:04Z</time><extensions><speed>0.078502</speed><course>24.806076</course><hAcc>0.915839</hAcc><vAcc>0.647293</vAcc></extensions></trkpt>
      <trkpt lon="-123.264564" lat="44.586951"><ele>71.936729</ele><time>2021-01-19T22:22:05Z</time><extensions><speed>0.084193</speed><course>24.848604</course><hAcc>0.912750</hAcc><vAcc>0.645465</vAcc></extensions></trkpt>
      <trkpt lon="-123.264563" lat="44.586951"><ele>71.931412</ele><time>2021-01-19T22:22:06Z</time><extensions><speed>0.094719</speed><course>321.855042</course><hAcc>0.908325</hAcc><vAcc>0.642841</vAcc></extensions></trkpt>
      <trkpt lon="-123.264562" lat="44.586951"><ele>71.924477</ele><time>2021-01-19T22:22:07Z</time><extensions><speed>0.111573</speed><course>311.773346</course><hAcc>0.902256</hAcc><vAcc>0.639237</vAcc></extensions></trkpt>
      <trkpt lon="-123.264561" lat="44.586951"><ele>71.916504</ele><time>2021-01-19T22:22:08Z</time><extensions><speed>0.134593</speed><course>234.342697</course><hAcc>0.894277</hAcc><vAcc>0.634493</vAcc></extensions></trkpt>
      <trkpt lon="-123.264559" lat="44.586950"><ele>71.908081</ele><time>2021-01-19T22:22:09Z</time><extensions><speed>0.161935</speed><course>197.948227</course><hAcc>0.884225</hAcc><vAcc>0.628515</vAcc></extensions></trkpt>
      <trkpt lon="-123.264558" lat="44.586949"><ele>71.899704</ele><time>2021-01-19T22:22:10Z</time><extensions><speed>0.191115</speed><course>180.582977</course><hAcc>0.872135</hAcc><vAcc>0.621325</vAcc></extensions></trkpt>
      <trkpt lon="-123.264556" lat="44.586948"><ele>71.891884</ele><time>2021-01-19T22:22:11Z</time><extensions><speed>0.219714</speed><course>181.310913</course><hAcc>0.858349</hAcc><vAcc>0.613128</vAcc></extensions></trkpt>
      <trkpt lon="-123.264554" lat="44.586946"><ele>71.885101</ele><time>2021-01-19T22:22:12Z</time><extensions><speed>0.245668</speed><course>181.190872</course><hAcc>0.843638</hAcc><vAcc>0.604388</vAcc></extensions></trkpt>
      <trkpt lon="-123.264553" lat="44.586944"><ele>71.879837</ele><time>2021-01-19T22:22:13Z</time><extensions><speed>0.267036</speed><course>169.110062</course><hAcc>0.829302</hAcc><vAcc>0.595873</vAcc></extensions></trkpt>
      <trkpt lon="-123.264551" lat="44.586942"><ele>71.876434</ele><time>2021-01-19T22:22:14Z</time><extensions><speed>0.281543</speed><course>126.639259</course><hAcc>0.816948</hAcc><vAcc>0.588538</vAcc></extensions></trkpt>
      <trkpt lon="-123.264550" lat="44.586939"><ele>71.874893</ele><time>2021-01-19T22:22:15Z</time><extensions><speed>0.287308</speed><course>154.902863</course><hAcc>0.807964</hAcc><vAcc>0.583203</vAcc></extensions></trkpt>
      <trkpt lon="-123.264548" lat="44.586937"><ele>71.874954</ele><time>2021-01-19T22:22:16Z</time><extensions><speed>0.283979</speed><course>153.498138</course><hAcc>0.803253</hAcc><vAcc>0.580404</vAcc></extensions></trkpt>
      <trkpt lon="-123.264547" lat="44.586935"><ele>71.876198</ele><time>2021-01-19T22:22:17Z</time><extensions><speed>0.272862</speed><course>125.483459</course><hAcc>0.803253</hAcc><vAcc>0.580404</vAcc></extensions></trkpt>
      <trkpt lon="-123.264545" lat="44.586933"><ele>71.878204</ele><time>2021-01-19T22:22:18Z</time><extensions><speed>0.256404</speed><course>91.293556</course><hAcc>0.807964</hAcc><vAcc>0.583203</vAcc></extensions></trkpt>
      <trkpt lon="-123.264544" lat="44.586931"><ele>71.880623</ele><time>2021-01-19T22:22:19Z</time><extensions><speed>0.237078</speed><course>99.762383</course><hAcc>0.816948</hAcc><vAcc>0.588538</vAcc></extensions></trkpt>
      <trkpt lon="-123.264542" lat="44.586929"><ele>71.883156</ele><time>2021-01-19T22:22:20Z</time><extensions><speed>0.216909</speed><course>120.216141</course><hAcc>0.829302</hAcc><vAcc>0.595873</vAcc></extensions></trkpt>
      <trkpt lon="-123.264540" lat="44.586928"><ele>71.885651</ele><time>2021-01-19T22:22:21Z</time><extensions><speed>0.197204</speed><course>129.939133</course><hAcc>0.843638</hAcc><vAcc>0.604388</vAcc></extensions></trkpt>
      <trkpt lon="-123.264539" lat="44.586926"><ele>71.888016</ele><time>2021-01-19T22:22:22Z</time><extensions><speed>0.178342</speed><course>134.991196</course><hAcc>0.858348</hAcc><vAcc>0.613128</vAcc></extensions></trkpt>
      <trkpt lon="-123.264537" lat="44.586925"><ele>71.890160</ele><time>2021-01-19T22:22:23Z</time><extensions><speed>0.159965</speed><course>165.505371</course><hAcc>0.872133</hAcc><vAcc>0.621324</vAcc></extensions></trkpt>
      <trkpt lon="-123.264536" lat="44.586925"><ele>71.891937</ele><time>2021-01-19T22:22:24Z</time><extensions><speed>0.141142</speed><course>163.352997</course><hAcc>0.884222</hAcc><vAcc>0.628513</vAcc></extensions></trkpt>
      <trkpt lon="-123.264534" lat="44.586924"><ele>71.893135</ele><time>2021-01-19T22:22:25Z</time><extensions><speed>0.120499</speed><course>163.005447</course><hAcc>0.894271</hAcc><vAcc>0.634490</vAcc></extensions></trkpt>
      <trkpt lon="-123.264533" lat="44.586924"><ele>71.893509</ele><time>2021-01-19T22:22:26Z</time><extensions><speed>0.096419</speed><course>163.973526</course><hAcc>0.902247</hAcc><vAcc>0.639232</vAcc></extensions></trkpt>
      <trkpt lon="-123.264532" lat="44.586923"><ele>71.892838</ele><time>2021-01-19T22:22:27Z</time><extensions><speed>0.068012</speed><course>186.175140</course><hAcc>0.908310</hAcc><vAcc>0.642833</vAcc></extensions></trkpt>
      <trkpt lon="-123.264531" lat="44.586923"><ele>71.890892</ele><time>2021-01-19T22:22:28Z</time><extensions><speed>0.036158</speed><course>237.135208</course><hAcc>0.912727</hAcc><vAcc>0.645452</vAcc></extensions></trkpt>
      <trkpt lon="-123.264531" lat="44.586923"><ele>71.887436</ele><time>2021-01-19T22:22:29Z</time><extensions><speed>0.008612</speed><course>189.997345</course><hAcc>0.915805</hAcc><vAcc>0.647274</vAcc></extensions></trkpt>
      <trkpt lon="-123.264531" lat="44.586923"><ele>71.882172</ele><time>2021-01-19T22:22:30Z</time><extensions><speed>0.033624</speed><course>247.149002</course><hAcc>0.917846</hAcc><vAcc>0.648478</vAcc></extensions></trkpt>
      <trkpt lon="-123.264532" lat="44.586923"><ele>71.874863</ele><time>2021-01-19T22:22:31Z</time><extensions><speed>0.062993</speed><course>245.128799</course><hAcc>0.919121</hAcc><vAcc>0.649227</vAcc></extensions></trkpt>
      <trkpt lon="-123.264533" lat="44.586923"><ele>71.865440</ele><time>2021-01-19T22:22:32Z</time><extensions><speed>0.086435</speed><course>230.019821</course><hAcc>0.919860</hAcc><vAcc>0.649659</vAcc></extensions></trkpt>
      <trkpt lon="-123.264534" lat="44.586923"><ele>71.853966</ele><time>2021-01-19T22:22:33Z</time><extensions><speed>0.101064</speed><course>59.213642</course><hAcc>0.920243</hAcc><vAcc>0.649881</vAcc></extensions></trkpt>
      <trkpt lon="-123.264535" lat="44.586923"><ele>71.840698</ele><time>2021-01-19T22:22:34Z</time><extensions><speed>0.104562</speed><course>11.637530</course><hAcc>0.920406</hAcc><vAcc>0.649973</vAcc></extensions></trkpt>
      <trkpt lon="-123.264537" lat="44.586923"><ele>71.826134</ele><time>2021-01-19T22:22:35Z</time><extensions><speed>0.095908</speed><course>335.019653</course><hAcc>0.920446</hAcc><vAcc>0.649993</vAcc></extensions></trkpt>
      <trkpt lon="-123.264538" lat="44.586923"><ele>71.811028</ele><time>2021-01-19T22:22:36Z</time><extensions><speed>0.076282</speed><course>154.301804</course><hAcc>0.920429</hAcc><vAcc>0.649981</vAcc></extensions></trkpt>
      <trkpt lon="-123.264538" lat="44.586923"><ele>71.796539</ele><time>2021-01-19T22:22:37Z</time><extensions><speed>0.049698</speed><course>181.585358</course><hAcc>0.920398</hAcc><vAcc>0.649961</vAcc></extensions></trkpt>
      <trkpt lon="-123.264539" lat="44.586923"><ele>71.784210</ele><time>2021-01-19T22:22:38Z</time><extensions><speed>0.028067</speed><course>207.623459</course><hAcc>0.920377</hAcc><vAcc>0.649948</vAcc></extensions></trkpt>
      <trkpt lon="-123.264539" lat="44.586923"><ele>71.775871</ele><time>2021-01-19T22:22:39Z</time><extensions><speed>0.040655</speed><course>248.730377</course><hAcc>0.920377</hAcc><vAcc>0.649948</vAcc></extensions></trkpt>
      <trkpt lon="-123.264538" lat="44.586924"><ele>71.773521</ele><time>2021-01-19T22:22:40Z</time><extensions><speed>0.069977</speed><course>192.047058</course><hAcc>0.920398</hAcc><vAcc>0.649961</vAcc></extensions></trkpt>
      <trkpt lon="-123.264538" lat="44.586924"><ele>71.779144</ele><time>2021-01-19T22:22:41Z</time><extensions><speed>0.096951</speed><course>184.541321</course><hAcc>0.920429</hAcc><vAcc>0.649981</vAcc></extensions></trkpt>
      <trkpt lon="-123.264537" lat="44.586925"><ele>71.794144</ele><time>2021-01-19T22:22:42Z</time><extensions><speed>0.116291</speed><course>193.626144</course><hAcc>0.920446</hAcc><vAcc>0.649993</vAcc></extensions></trkpt>
      <trkpt lon="-123.264536" lat="44.586926"><ele>71.818977</ele><time>2021-01-19T22:22:43Z</time><extensions><speed>0.125740</speed><course>162.975586</course><hAcc>0.920406</hAcc><vAcc>0.649973</vAcc></extensions></trkpt>
      <trkpt lon="-123.264535" lat="44.586927"><ele>71.853180</ele><time>2021-01-19T22:22:44Z</time><extensions><speed>0.125899</speed><course>73.781517</course><hAcc>0.920243</hAcc><vAcc>0.649881</vAcc></extensions></trkpt>
      <trkpt lon="-123.264535" lat="44.586928"><ele>71.895493</ele><time>2021-01-19T22:22:45Z</time><extensions><speed>0.121323</speed><course>71.052010</course><hAcc>0.919860</hAcc><vAcc>0.649659</vAcc></extensions></trkpt>
      <trkpt lon="-123.264535" lat="44.586929"><ele>71.944016</ele><time>2021-01-19T22:22:46Z</time><extensions><speed>0.119562</speed><course>96.215485</course><hAcc>0.919121</hAcc><vAcc>0.649227</vAcc></extensions></trkpt>
      <trkpt lon="-123.264535" lat="44.586930"><ele>71.996346</ele><time>2021-01-19T22:22:47Z</time><extensions><speed>0.127833</speed><course>120.919716</course><hAcc>0.917846</hAcc><vAcc>0.648478</vAcc></extensions></trkpt>
      <trkpt lon="-123.264537" lat="44.586931"><ele>72.049911</ele><time>2021-01-19T22:22:48Z</time><extensions><speed>0.148476</speed><course>152.852142</course><hAcc>0.915805</hAcc><vAcc>0.647273</vAcc></extensions></trkpt>
      <trkpt lon="-123.264538" lat="44.586931"><ele>72.102234</ele><time>2021-01-19T22:22:49Z</time><extensions><speed>0.178674</speed><course>155.444077</course><hAcc>0.912727</hAcc><vAcc>0.645452</vAcc></extensions></trkpt>
      <trkpt lon="-123.264541" lat="44.586931"><ele>72.150963</ele><time>2021-01-19T22:22:50Z</time><extensions><speed>0.215413</speed><course>168.371475</course><hAcc>0.908310</hAcc><vAcc>0.642833</vAcc></extensions></trkpt>
      <trkpt lon="-123.264544" lat="44.586931"><ele>72.194069</ele><time>2021-01-19T22:22:51Z</time><extensions><speed>0.257127</speed><course>153.394135</course><hAcc>0.902247</hAcc><vAcc>0.639232</vAcc></extensions></trkpt>
      <trkpt lon="-123.264547" lat="44.586929"><ele>72.229897</ele><time>2021-01-19T22:22:52Z</time><extensions><speed>0.302220</speed><course>129.393097</course><hAcc>0.894271</hAcc><vAcc>0.634490</vAcc></extensions></trkpt>
      <trkpt lon="-123.264550" lat="44.586927"><ele>72.257271</ele><time>2021-01-19T22:22:53Z</time><extensions><speed>0.347621</speed><course>123.504234</course><hAcc>0.884222</hAcc><vAcc>0.628513</vAcc></extensions></trkpt>
      <trkpt lon="-123.264553" lat="44.586925"><ele>72.275551</ele><time>2021-01-19T22:22:54Z</time><extensions><speed>0.388170</speed><course>143.721802</course><hAcc>0.872133</hAcc><vAcc>0.621324</vAcc></extensions></trkpt>
      <trkpt lon="-123.264555" lat="44.586922"><ele>72.284760</ele><time>2021-01-19T22:22:55Z</time><extensions><speed>0.417646</speed><course>206.342422</course><hAcc>0.858348</hAcc><vAcc>0.613128</vAcc></extensions></trkpt>
      <trkpt lon="-123.264557" lat="44.586918"><ele>72.285492</ele><time>2021-01-19T22:22:56Z</time><extensions><speed>0.430484</speed><course>271.542572</course><hAcc>0.843638</hAcc><vAcc>0.604388</vAcc></extensions></trkpt>
      <trkpt lon="-123.264559" lat="44.586914"><ele>72.278641</ele><time>2021-01-19T22:22:57Z</time><extensions><speed>0.423582</speed><course>250.505905</course><hAcc>0.829301</hAcc><vAcc>0.595873</vAcc></extensions></trkpt>
      <trkpt lon="-123.264559" lat="44.586911"><ele>72.265121</ele><time>2021-01-19T22:22:58Z</time><extensions><speed>0.396742</speed><course>225.345352</course><hAcc>0.816948</hAcc><vAcc>0.588538</vAcc></extensions></trkpt>
      <trkpt lon="-123.264560" lat="44.586907"><ele>72.245728</ele><time>2021-01-19T22:22:59Z</time><extensions><speed>0.351847</speed><course>220.670578</course><hAcc>0.807964</hAcc><vAcc>0.583202</vAcc></extensions></trkpt>
      <trkpt lon="-123.264559" lat="44.586905"><ele>72.221115</ele><time>2021-01-19T22:23:00Z</time><extensions><speed>0.293246</speed><course>259.908752</course><hAcc>0.803253</hAcc><vAcc>0.580404</vAcc></extensions></trkpt>
      <trkpt lon="-123.264558" lat="44.586902"><ele>72.191940</ele><time>2021-01-19T22:23:01Z</time><extensions><speed>0.229564</speed><course>261.412079</course><hAcc>0.803253</hAcc><vAcc>0.580404</vAcc></extensions></trkpt>
      <trkpt lon="-123.264557" lat="44.586901"><ele>72.158859</ele><time>2021-01-19T22:23:02Z</time><extensions><speed>0.177805</speed><course>270.044861</course><hAcc>0.807964</hAcc><vAcc>0.583202</vAcc></extensions></trkpt>
      <trkpt lon="-123.264555" lat="44.586900"><ele>72.122498</ele><time>2021-01-19T22:23:03Z</time><extensions><speed>0.167396</speed><course>271.947479</course><hAcc>0.816947</hAcc><vAcc>0.588537</vAcc></extensions></trkpt>
      <trkpt lon="-123.264552" lat="44.586901"><ele>72.083542</ele><time>2021-01-19T22:23:04Z</time><extensions><speed>0.208537</speed><course>264.230072</course><hAcc>0.829299</hAcc><vAcc>0.595872</vAcc></extensions></trkpt>
      <trkpt lon="-123.264550" lat="44.586902"><ele>72.042976</ele><time>2021-01-19T22:23:05Z</time><extensions><speed>0.273965</speed><course>272.128601</course><hAcc>0.843633</hAcc><vAcc>0.604385</vAcc></extensions></trkpt>
      <trkpt lon="-123.264547" lat="44.586904"><ele>72.001999</ele><time>2021-01-19T22:23:06Z</time><extensions><speed>0.341501</speed><course>272.603180</course><hAcc>0.858340</hAcc><vAcc>0.613123</vAcc></extensions></trkpt>
      <trkpt lon="-123.264544" lat="44.586906"><ele>71.961716</ele><time>2021-01-19T22:23:07Z</time><extensions><speed>0.400828</speed><course>271.714722</course><hAcc>0.872121</hAcc><vAcc>0.621316</vAcc></extensions></trkpt>
      <trkpt lon="-123.264542" lat="44.586910"><ele>71.923019</ele><time>2021-01-19T22:23:08Z</time><extensions><speed>0.445662</speed><course>283.649017</course><hAcc>0.884203</hAcc><vAcc>0.628502</vAcc></extensions></trkpt>
      <trkpt lon="-123.264539" lat="44.586913"><ele>71.886635</ele><time>2021-01-19T22:23:09Z</time><extensions><speed>0.471739</speed><course>290.672150</course><hAcc>0.894245</hAcc><vAcc>0.634475</vAcc></extensions></trkpt>
      <trkpt lon="-123.264537" lat="44.586917"><ele>71.853302</ele><time>2021-01-19T22:23:10Z</time><extensions><speed>0.476519</speed><course>153.493225</course><hAcc>0.902213</hAcc><vAcc>0.639212</vAcc></extensions></trkpt>
      <trkpt lon="-123.264535" lat="44.586921"><ele>71.823677</ele><time>2021-01-19T22:23:11Z</time><extensions><speed>0.459272</speed><course>104.306198</course><hAcc>0.908266</hAcc><vAcc>0.642807</vAcc></extensions></trkpt>
      <trkpt lon="-123.264534" lat="44.586925"><ele>71.798012</ele><time>2021-01-19T22:23:12Z</time><extensions><speed>0.421499</speed><course>101.731491</course><hAcc>0.912674</hAcc><vAcc>0.645421</vAcc></extensions></trkpt>
      <trkpt lon="-123.264534" lat="44.586929"><ele>71.776016</ele><time>2021-01-19T22:23:13Z</time><extensions><speed>0.367483</speed><course>105.722328</course><hAcc>0.915744</hAcc><vAcc>0.647237</vAcc></extensions></trkpt>
      <trkpt lon="-123.264534" lat="44.586932"><ele>71.757095</ele><time>2021-01-19T22:23:14Z</time><extensions><speed>0.304945</speed><course>94.268967</course><hAcc>0.917779</hAcc><vAcc>0.648439</vAcc></extensions></trkpt>
      <trkpt lon="-123.264535" lat="44.586934"><ele>71.740868</ele><time>2021-01-19T22:23:15Z</time><extensions><speed>0.246240</speed><course>84.558159</course><hAcc>0.919055</hAcc><vAcc>0.649189</vAcc></extensions></trkpt>
      <trkpt lon="-123.264537" lat="44.586936"><ele>71.727592</ele><time>2021-01-19T22:23:16Z</time><extensions><speed>0.210928</speed><course>78.860420</course><hAcc>0.919802</hAcc><vAcc>0.649625</vAcc></extensions></trkpt>
      <trkpt lon="-123.264539" lat="44.586936"><ele>71.717926</ele><time>2021-01-19T22:23:17Z</time><extensions><speed>0.216573</speed><course>72.504707</course><hAcc>0.920201</hAcc><vAcc>0.649855</vAcc></extensions></trkpt>
      <trkpt lon="-123.264542" lat="44.586936"><ele>71.712517</ele><time>2021-01-19T22:23:18Z</time><extensions><speed>0.255739</speed><course>99.665962</course><hAcc>0.920389</hAcc><vAcc>0.649962</vAcc></extensions></trkpt>
      <trkpt lon="-123.264546" lat="44.586936"><ele>71.711792</ele><time>2021-01-19T22:23:19Z</time><extensions><speed>0.305356</speed><course>113.479027</course><hAcc>0.920460</hAcc><vAcc>0.650001</vAcc></extensions></trkpt>
      <trkpt lon="-123.264549" lat="44.586934"><ele>71.716011</ele><time>2021-01-19T22:23:20Z</time><extensions><speed>0.348431</speed><course>139.390442</course><hAcc>0.920472</hAcc><vAcc>0.650006</vAcc></extensions></trkpt>
      <trkpt lon="-123.264553" lat="44.586932"><ele>71.725143</ele><time>2021-01-19T22:23:21Z</time><extensions><speed>0.376450</speed><course>138.979950</course><hAcc>0.920451</hAcc><vAcc>0.649994</vAcc></extensions></trkpt>
      <trkpt lon="-123.264557" lat="44.586930"><ele>71.738914</ele><time>2021-01-19T22:23:22Z</time><extensions><speed>0.386353</speed><course>161.206360</course><hAcc>0.920396</hAcc><vAcc>0.649961</vAcc></extensions></trkpt>
      <trkpt lon="-123.264560" lat="44.586928"><ele>71.756714</ele><time>2021-01-19T22:23:23Z</time><extensions><speed>0.378407</speed><course>170.741989</course><hAcc>0.920276</hAcc><vAcc>0.649892</vAcc></extensions></trkpt>
      <trkpt lon="-123.264563" lat="44.586925"><ele>71.777664</ele><time>2021-01-19T22:23:24Z</time><extensions><speed>0.354455</speed><course>199.418945</course><hAcc>0.920032</hAcc><vAcc>0.649752</vAcc></extensions></trkpt>
      <trkpt lon="-123.264566" lat="44.586923"><ele>71.800926</ele><time>2021-01-19T22:23:25Z</time><extensions><speed>0.316853</speed><course>200.485016</course><hAcc>0.919576</hAcc><vAcc>0.649488</vAcc></extensions></trkpt>
      <trkpt lon="-123.264568" lat="44.586921"><ele>71.825829</ele><time>2021-01-19T22:23:26Z</time><extensions><speed>0.268672</speed><course>212.143478</course><hAcc>0.918786</hAcc><vAcc>0.649029</vAcc></extensions></trkpt>
      <trkpt lon="-123.264570" lat="44.586919"><ele>71.851791</ele><time>2021-01-19T22:23:27Z</time><extensions><speed>0.214134</speed><course>333.540680</course><hAcc>0.917503</hAcc><vAcc>0.648281</vAcc></extensions></trkpt>
      <trkpt lon="-123.264571" lat="44.586917"><ele>71.878281</ele><time>2021-01-19T22:23:28Z</time><extensions><speed>0.159339</speed><course>340.337494</course><hAcc>0.915537</hAcc><vAcc>0.647132</vAcc></extensions></trkpt>
      <trkpt lon="-123.264571" lat="44.586916"><ele>71.904778</ele><time>2021-01-19T22:23:29Z</time><extensions><speed>0.115131</speed><course>3.519976</course><hAcc>0.912672</hAcc><vAcc>0.645454</vAcc></extensions></trkpt>
      <trkpt lon="-123.264570" lat="44.586915"><ele>71.930840</ele><time>2021-01-19T22:23:30Z</time><extensions><speed>0.101252</speed><course>28.590975</course><hAcc>0.908681</hAcc><vAcc>0.643114</vAcc></extensions></trkpt>
      <trkpt lon="-123.264569" lat="44.586915"><ele>71.956039</ele><time>2021-01-19T22:23:31Z</time><extensions><speed>0.125126</speed><course>8.130479</course><hAcc>0.903354</hAcc><vAcc>0.639988</vAcc></extensions></trkpt>
      <trkpt lon="-123.264568" lat="44.586915"><ele>71.979889</ele><time>2021-01-19T22:23:32Z</time><extensions><speed>0.166786</speed><course>196.445679</course><hAcc>0.896542</hAcc><vAcc>0.635985</vAcc></extensions></trkpt>
      <trkpt lon="-123.264565" lat="44.586915"><ele>72.001900</ele><time>2021-01-19T22:23:33Z</time><extensions><speed>0.211470</speed><course>197.003036</course><hAcc>0.888206</hAcc><vAcc>0.631085</vAcc></extensions></trkpt>
      <trkpt lon="-123.264562" lat="44.586915"><ele>72.021645</ele><time>2021-01-19T22:23:34Z</time><extensions><speed>0.253414</speed><course>346.712097</course><hAcc>0.878497</hAcc><vAcc>0.625374</vAcc></extensions></trkpt>
      <trkpt lon="-123.264559" lat="44.586915"><ele>72.038734</ele><time>2021-01-19T22:23:35Z</time><extensions><speed>0.290226</speed><course>344.724182</course><hAcc>0.867828</hAcc><vAcc>0.619094</vAcc></extensions></trkpt>
      <trkpt lon="-123.264555" lat="44.586916"><ele>72.052574</ele><time>2021-01-19T22:23:36Z</time><extensions><speed>0.320920</speed><course>340.511414</course><hAcc>0.856945</hAcc><vAcc>0.612679</vAcc></extensions></trkpt>
      <trkpt lon="-123.264551" lat="44.586917"><ele>72.062401</ele><time>2021-01-19T22:23:37Z</time><extensions><speed>0.344804</speed><course>340.641479</course><hAcc>0.846943</hAcc><vAcc>0.606763</vAcc></extensions></trkpt>
      <trkpt lon="-123.264547" lat="44.586917"><ele>72.067657</ele><time>2021-01-19T22:23:38Z</time><extensions><speed>0.360648</speed><course>24.922503</course><hAcc>0.838956</hAcc><vAcc>0.602004</vAcc></extensions></trkpt>
      <trkpt lon="-123.264542" lat="44.586918"><ele>72.068192</ele><time>2021-01-19T22:23:39Z</time><extensions><speed>0.366685</speed><course>10.518443</course><hAcc>0.833523</hAcc><vAcc>0.598713</vAcc></extensions></trkpt>
      <trkpt lon="-123.264538" lat="44.586919"><ele>72.064240</ele><time>2021-01-19T22:23:40Z</time><extensions><speed>0.361007</speed><course>351.059021</course><hAcc>0.830291</hAcc><vAcc>0.596683</vAcc></extensions></trkpt>
      <trkpt lon="-123.264534" lat="44.586920"><ele>72.056396</ele><time>2021-01-19T22:23:41Z</time><extensions><speed>0.342225</speed><course>342.574615</course><hAcc>0.828090</hAcc><vAcc>0.595234</vAcc></extensions></trkpt>
      <trkpt lon="-123.264530" lat="44.586921"><ele>72.045502</ele><time>2021-01-19T22:23:42Z</time><extensions><speed>0.309931</speed><course>8.686268</course><hAcc>0.825382</hAcc><vAcc>0.593470</vAcc></extensions></trkpt>
      <trkpt lon="-123.264526" lat="44.586922"><ele>72.032539</ele><time>2021-01-19T22:23:43Z</time><extensions><speed>0.265341</speed><course>354.204498</course><hAcc>0.821008</hAcc><vAcc>0.590717</vAcc></extensions></trkpt>
      <trkpt lon="-123.264524" lat="44.586923"><ele>72.018478</ele><time>2021-01-19T22:23:44Z</time><extensions><speed>0.210830</speed><course>271.762543</course><hAcc>0.814608</hAcc><vAcc>0.586770</vAcc></extensions></trkpt>
      <trkpt lon="-123.264522" lat="44.586923"><ele>72.004288</ele><time>2021-01-19T22:23:45Z</time><extensions><speed>0.149065</speed><course>262.507263</course><hAcc>0.806683</hAcc><vAcc>0.581926</vAcc></extensions></trkpt>
      <trkpt lon="-123.264520" lat="44.586924"><ele>71.990715</ele><time>2021-01-19T22:23:46Z</time><extensions><speed>0.084073</speed><course>249.565308</course><hAcc>0.798311</hAcc><vAcc>0.576828</vAcc></extensions></trkpt>
      <trkpt lon="-123.264520" lat="44.586924"><ele>71.978088</ele><time>2021-01-19T22:23:47Z</time><extensions><speed>0.025441</speed><course>205.194824</course><hAcc>0.790577</hAcc><vAcc>0.572123</vAcc></extensions></trkpt>
      <trkpt lon="-123.264520" lat="44.586924"><ele>71.966408</ele><time>2021-01-19T22:23:48Z</time><extensions><speed>0.051515</speed><course>224.973297</course><hAcc>0.784284</hAcc><vAcc>0.568298</vAcc></extensions></trkpt>
      <trkpt lon="-123.264521" lat="44.586924"><ele>71.955528</ele><time>2021-01-19T22:23:49Z</time><extensions><speed>0.106192</speed><course>252.946548</course><hAcc>0.779993</hAcc><vAcc>0.565695</vAcc></extensions></trkpt>
      <trkpt lon="-123.264523" lat="44.586924"><ele>71.945236</ele><time>2021-01-19T22:23:50Z</time><extensions><speed>0.153911</speed><course>278.898560</course><hAcc>0.778087</hAcc><vAcc>0.564553</vAcc></extensions></trkpt>
      <trkpt lon="-123.264525" lat="44.586924"><ele>71.935379</ele><time>2021-01-19T22:23:51Z</time><extensions><speed>0.191237</speed><course>288.746094</course><hAcc>0.778849</hAcc><vAcc>0.565043</vAcc></extensions></trkpt>
      <trkpt lon="-123.264527" lat="44.586924"><ele>71.925858</ele><time>2021-01-19T22:23:52Z</time><extensions><speed>0.217131</speed><course>296.946503</course><hAcc>0.782495</hAcc><vAcc>0.567290</vAcc></extensions></trkpt>
      <trkpt lon="-123.264530" lat="44.586923"><ele>71.916786</ele><time>2021-01-19T22:23:53Z</time><extensions><speed>0.232605</speed><course>297.930481</course><hAcc>0.789168</hAcc><vAcc>0.571369</vAcc></extensions></trkpt>
      <trkpt lon="-123.264533" lat="44.586923"><ele>71.908287</ele><time>2021-01-19T22:23:54Z</time><extensions><speed>0.239488</speed><course>300.356598</course><hAcc>0.798874</hAcc><vAcc>0.577267</vAcc></extensions></trkpt>
      <trkpt lon="-123.264536" lat="44.586923"><ele>71.900261</ele><time>2021-01-19T22:23:55Z</time><extensions><speed>0.239643</speed><course>314.404907</course><hAcc>0.811372</hAcc><vAcc>0.584823</vAcc></extensions></trkpt>
      <trkpt lon="-123.264539" lat="44.586922"><ele>71.892448</ele><time>2021-01-19T22:23:56Z</time><extensions><speed>0.234589</speed><course>327.844269</course><hAcc>0.826052</hAcc><vAcc>0.593661</vAcc></extensions></trkpt>
      <trkpt lon="-123.264542" lat="44.586922"><ele>71.884651</ele><time>2021-01-19T22:23:57Z</time><extensions><speed>0.225294</speed><course>18.750435</course><hAcc>0.841833</hAcc><vAcc>0.603133</vAcc></extensions></trkpt>
      <trkpt lon="-123.264545" lat="44.586922"><ele>71.876793</ele><time>2021-01-19T22:23:58Z</time><extensions><speed>0.212214</speed><course>72.331932</course><hAcc>0.857380</hAcc><vAcc>0.612446</vAcc></extensions></trkpt>
      <trkpt lon="-123.264547" lat="44.586922"><ele>71.868896</ele><time>2021-01-19T22:23:59Z</time><extensions><speed>0.195628</speed><course>72.431816</course><hAcc>0.871611</hAcc><vAcc>0.620960</vAcc></extensions></trkpt>
      <trkpt lon="-123.264549" lat="44.586923"><ele>71.861061</ele><time>2021-01-19T22:24:00Z</time><extensions><speed>0.176020</speed><course>63.194126</course><hAcc>0.883911</hAcc><vAcc>0.628309</vAcc></extensions></trkpt>
      <trkpt lon="-123.264551" lat="44.586923"><ele>71.853531</ele><time>2021-01-19T22:24:01Z</time><extensions><speed>0.154491</speed><course>58.744598</course><hAcc>0.894044</hAcc><vAcc>0.634356</vAcc></extensions></trkpt>
      <trkpt lon="-123.264553" lat="44.586924"><ele>71.846649</ele><time>2021-01-19T22:24:02Z</time><extensions><speed>0.133611</speed><course>49.051968</course><hAcc>0.902043</hAcc><vAcc>0.639120</vAcc></extensions></trkpt>
      <trkpt lon="-123.264554" lat="44.586925"><ele>71.840919</ele><time>2021-01-19T22:24:03Z</time><extensions><speed>0.118044</speed><course>74.293465</course><hAcc>0.908107</hAcc><vAcc>0.642725</vAcc></extensions></trkpt>
      <trkpt lon="-123.264555" lat="44.586925"><ele>71.836899</ele><time>2021-01-19T22:24:04Z</time><extensions><speed>0.112072</speed><course>64.133141</course><hAcc>0.912526</hAcc><vAcc>0.645344</vAcc></extensions></trkpt>
      <trkpt lon="-123.264555" lat="44.586926"><ele>71.834961</ele><time>2021-01-19T22:24:05Z</time><extensions><speed>0.115565</speed><course>6.007646</course><hAcc>0.915616</hAcc><vAcc>0.647170</vAcc></extensions></trkpt>
      <trkpt lon="-123.264555" lat="44.586928"><ele>71.835197</ele><time>2021-01-19T22:24:06Z</time><extensions><speed>0.123617</speed><course>352.440704</course><hAcc>0.917682</hAcc><vAcc>0.648387</vAcc></extensions></trkpt>
      <trkpt lon="-123.264555" lat="44.586929"><ele>71.837303</ele><time>2021-01-19T22:24:07Z</time><extensions><speed>0.130381</speed><course>335.848114</course><hAcc>0.918995</hAcc><vAcc>0.649156</vAcc></extensions></trkpt>
      <trkpt lon="-123.264554" lat="44.586930"><ele>71.840538</ele><time>2021-01-19T22:24:08Z</time><extensions><speed>0.132294</speed><course>327.358154</course><hAcc>0.919780</hAcc><vAcc>0.649613</vAcc></extensions></trkpt>
      <trkpt lon="-123.264553" lat="44.586931"><ele>71.843948</ele><time>2021-01-19T22:24:09Z</time><extensions><speed>0.129065</speed><course>333.876984</course><hAcc>0.920214</hAcc><vAcc>0.649863</vAcc></extensions></trkpt>
      <trkpt lon="-123.264552" lat="44.586931"><ele>71.846855</ele><time>2021-01-19T22:24:10Z</time><extensions><speed>0.122781</speed><course>317.009186</course><hAcc>0.920429</hAcc><vAcc>0.649986</vAcc></extensions></trkpt>
      <trkpt lon="-123.264551" lat="44.586932"><ele>71.849045</ele><time>2021-01-19T22:24:11Z</time><extensions><speed>0.115942</speed><course>324.809845</course><hAcc>0.920518</hAcc><vAcc>0.650035</vAcc></extensions></trkpt>
      <trkpt lon="-123.264549" lat="44.586933"><ele>71.850716</ele><time>2021-01-19T22:24:12Z</time><extensions><speed>0.110303</speed><course>313.081604</course><hAcc>0.920543</hAcc><vAcc>0.650048</vAcc></extensions></trkpt>
      <trkpt lon="-123.264548" lat="44.586933"><ele>71.852188</ele><time>2021-01-19T22:24:13Z</time><extensions><speed>0.106940</speed><course>310.419220</course><hAcc>0.920542</hAcc><vAcc>0.650046</vAcc></extensions></trkpt>
      <trkpt lon="-123.264547" lat="44.586933"><ele>71.853767</ele><time>2021-01-19T22:24:14Z</time><extensions><speed>0.106250</speed><course>310.161346</course><hAcc>0.920535</hAcc><vAcc>0.650042</vAcc></extensions></trkpt>
      <trkpt lon="-123.264546" lat="44.586934"><ele>71.855728</ele><time>2021-01-19T22:24:15Z</time><extensions><speed>0.108280</speed><course>278.424835</course><hAcc>0.920532</hAcc><vAcc>0.650040</vAcc></extensions></trkpt>
      <trkpt lon="-123.264544" lat="44.586934"><ele>71.858421</ele><time>2021-01-19T22:24:16Z</time><extensions><speed>0.113396</speed><course>284.042450</course><hAcc>0.920536</hAcc><vAcc>0.650043</vAcc></extensions></trkpt>
      <trkpt lon="-123.264543" lat="44.586934"><ele>71.862228</ele><time>2021-01-19T22:24:17Z</time><extensions><speed>0.122256</speed><course>266.509979</course><hAcc>0.920545</hAcc><vAcc>0.650050</vAcc></extensions></trkpt>
      <trkpt lon="-123.264541" lat="44.586935"><ele>71.867645</ele><time>2021-01-19T22:24:18Z</time><extensions><speed>0.135120</speed><course>231.306152</course><hAcc>0.920558</hAcc><vAcc>0.650058</vAcc></extensions></trkpt>
      <trkpt lon="-123.264540" lat="44.586936"><ele>71.875328</ele><time>2021-01-19T22:24:19Z</time><extensions><speed>0.151189</speed><course>224.940414</course><hAcc>0.920570</hAcc><vAcc>0.650065</vAcc></extensions></trkpt>
      <trkpt lon="-123.264538" lat="44.586936"><ele>71.886055</ele><time>2021-01-19T22:24:20Z</time><extensions><speed>0.168958</speed><course>230.877960</course><hAcc>0.920579</hAcc><vAcc>0.650071</vAcc></extensions></trkpt>
      <trkpt lon="-123.264536" lat="44.586937"><ele>71.900551</ele><time>2021-01-19T22:24:21Z</time><extensions><speed>0.186941</speed><course>221.923904</course><hAcc>0.920585</hAcc><vAcc>0.650075</vAcc></extensions></trkpt>
      <trkpt lon="-123.264535" lat="44.586938"><ele>71.919350</ele><time>2021-01-19T22:24:22Z</time><extensions><speed>0.203954</speed><course>216.503632</course><hAcc>0.920588</hAcc><vAcc>0.650077</vAcc></extensions></trkpt>
      <trkpt lon="-123.264533" lat="44.586940"><ele>71.942688</ele><time>2021-01-19T22:24:23Z</time><extensions><speed>0.219163</speed><course>216.408691</course><hAcc>0.920588</hAcc><vAcc>0.650077</vAcc></extensions></trkpt>
      <trkpt lon="-123.264531" lat="44.586941"><ele>71.970467</ele><time>2021-01-19T22:24:24Z</time><extensions><speed>0.230668</speed><course>212.646957</course><hAcc>0.920589</hAcc><vAcc>0.650077</vAcc></extensions></trkpt>
      <trkpt lon="-123.264529" lat="44.586943"><ele>72.002083</ele><time>2021-01-19T22:24:25Z</time><extensions><speed>0.235126</speed><course>240.023636</course><hAcc>0.920594</hAcc><vAcc>0.650080</vAcc></extensions></trkpt>
      <trkpt lon="-123.264527" lat="44.586944"><ele>72.036339</ele><time>2021-01-19T22:24:26Z</time><extensions><speed>0.229459</speed><course>188.506485</course><hAcc>0.920603</hAcc><vAcc>0.650085</vAcc></extensions></trkpt>
      <trkpt lon="-123.264525" lat="44.586946"><ele>72.071434</ele><time>2021-01-19T22:24:27Z</time><extensions><speed>0.212442</speed><course>145.697922</course><hAcc>0.920618</hAcc><vAcc>0.650094</vAcc></extensions></trkpt>
      <trkpt lon="-123.264524" lat="44.586948"><ele>72.105225</ele><time>2021-01-19T22:24:28Z</time><extensions><speed>0.185426</speed><course>187.091660</course><hAcc>0.920635</hAcc><vAcc>0.650104</vAcc></extensions></trkpt>
      <trkpt lon="-123.264523" lat="44.586949"><ele>72.135529</ele><time>2021-01-19T22:24:29Z</time><extensions><speed>0.151514</speed><course>226.719040</course><hAcc>0.920641</hAcc><vAcc>0.650108</vAcc></extensions></trkpt>
      <trkpt lon="-123.264523" lat="44.586950"><ele>72.160583</ele><time>2021-01-19T22:24:30Z</time><extensions><speed>0.114686</speed><course>229.835342</course><hAcc>0.920616</hAcc><vAcc>0.650095</vAcc></extensions></trkpt>
      <trkpt lon="-123.264523" lat="44.586951"><ele>72.179184</ele><time>2021-01-19T22:24:31Z</time><extensions><speed>0.080302</speed><course>251.113083</course><hAcc>0.920519</hAcc><vAcc>0.650040</vAcc></extensions></trkpt>
      <trkpt lon="-123.264524" lat="44.586952"><ele>72.190681</ele><time>2021-01-19T22:24:32Z</time><extensions><speed>0.056972</speed><course>249.022873</course><hAcc>0.920291</hAcc><vAcc>0.649909</vAcc></extensions></trkpt>
      <trkpt lon="-123.264524" lat="44.586952"><ele>72.194946</ele><time>2021-01-19T22:24:33Z</time><extensions><speed>0.055085</speed><course>266.462494</course><hAcc>0.919845</hAcc><vAcc>0.649651</vAcc></extensions></trkpt>
      <trkpt lon="-123.264525" lat="44.586952"><ele>72.192284</ele><time>2021-01-19T22:24:34Z</time><extensions><speed>0.068535</speed><course>266.498474</course><hAcc>0.919062</hAcc><vAcc>0.649196</vAcc></extensions></trkpt>
      <trkpt lon="-123.264526" lat="44.586951"><ele>72.183342</ele><time>2021-01-19T22:24:35Z</time><extensions><speed>0.083288</speed><course>240.664200</course><hAcc>0.917785</hAcc><vAcc>0.648451</vAcc></extensions></trkpt>
      <trkpt lon="-123.264526" lat="44.586951"><ele>72.169014</ele><time>2021-01-19T22:24:36Z</time><extensions><speed>0.093544</speed><course>237.502502</course><hAcc>0.915826</hAcc><vAcc>0.647306</vAcc></extensions></trkpt>
      <trkpt lon="-123.264527" lat="44.586950"><ele>72.150352</ele><time>2021-01-19T22:24:37Z</time><extensions><speed>0.098086</speed><course>233.247269</course><hAcc>0.912968</hAcc><vAcc>0.645631</vAcc></extensions></trkpt>
      <trkpt lon="-123.264527" lat="44.586949"><ele>72.128540</ele><time>2021-01-19T22:24:38Z</time><extensions><speed>0.097362</speed><course>221.501572</course><hAcc>0.908981</hAcc><vAcc>0.643292</vAcc></extensions></trkpt>
      <trkpt lon="-123.264528" lat="44.586948"><ele>72.104958</ele><time>2021-01-19T22:24:39Z</time><extensions><speed>0.092375</speed><course>215.156387</course><hAcc>0.903652</hAcc><vAcc>0.640162</vAcc></extensions></trkpt>
      <trkpt lon="-123.264528" lat="44.586947"><ele>72.081039</ele><time>2021-01-19T22:24:40Z</time><extensions><speed>0.084422</speed><course>215.399124</course><hAcc>0.896828</hAcc><vAcc>0.636150</vAcc></extensions></trkpt>
      <trkpt lon="-123.264528" lat="44.586947"><ele>72.058029</ele><time>2021-01-19T22:24:41Z</time><extensions><speed>0.074995</speed><course>224.216599</course><hAcc>0.888468</hAcc><vAcc>0.631233</vAcc></extensions></trkpt>
      <trkpt lon="-123.264528" lat="44.586946"><ele>72.036919</ele><time>2021-01-19T22:24:42Z</time><extensions><speed>0.065478</speed><course>224.399323</course><hAcc>0.878726</hAcc><vAcc>0.625502</vAcc></extensions></trkpt>
      <trkpt lon="-123.264528" lat="44.586946"><ele>72.018425</ele><time>2021-01-19T22:24:43Z</time><extensions><speed>0.057169</speed><course>217.241013</course><hAcc>0.868029</hAcc><vAcc>0.619208</vAcc></extensions></trkpt>
      <trkpt lon="-123.264528" lat="44.586945"><ele>72.003036</ele><time>2021-01-19T22:24:44Z</time><extensions><speed>0.051135</speed><course>217.241013</course><hAcc>0.857154</hAcc><vAcc>0.612806</vAcc></extensions></trkpt>
      <trkpt lon="-123.264528" lat="44.586945"><ele>71.991028</ele><time>2021-01-19T22:24:45Z</time><extensions><speed>0.048192</speed><course>217.241013</course><hAcc>0.847255</hAcc><vAcc>0.606969</vAcc></extensions></trkpt>
      <trkpt lon="-123.264528" lat="44.586944"><ele>71.982491</ele><time>2021-01-19T22:24:46Z</time><extensions><speed>0.048881</speed><course>217.241013</course><hAcc>0.839560</hAcc><vAcc>0.602414</vAcc></extensions></trkpt>
      <trkpt lon="-123.264528" lat="44.586944"><ele>71.977333</ele><time>2021-01-19T22:24:47Z</time><extensions><speed>0.053132</speed><course>217.241013</course><hAcc>0.834749</hAcc><vAcc>0.599540</vAcc></extensions></trkpt>
      <trkpt lon="-123.264528" lat="44.586943"><ele>71.975212</ele><time>2021-01-19T22:24:48Z</time><extensions><speed>0.060168</speed><course>217.241013</course><hAcc>0.832660</hAcc><vAcc>0.598259</vAcc></extensions></trkpt>
      <trkpt lon="-123.264528" lat="44.586943"><ele>71.975609</ele><time>2021-01-19T22:24:49Z</time><extensions><speed>0.068918</speed><course>242.797058</course><hAcc>0.832368</hAcc><vAcc>0.598040</vAcc></extensions></trkpt>
      <trkpt lon="-123.264528" lat="44.586942"><ele>71.977806</ele><time>2021-01-19T22:24:50Z</time><extensions><speed>0.078689</speed><course>249.224991</course><hAcc>0.832631</hAcc><vAcc>0.598167</vAcc></extensions></trkpt>
      <trkpt lon="-123.264528" lat="44.586941"><ele>71.981041</ele><time>2021-01-19T22:24:51Z</time><extensions><speed>0.089266</speed><course>289.213226</course><hAcc>0.832631</hAcc><vAcc>0.598167</vAcc></extensions></trkpt>
      <trkpt lon="-123.264528" lat="44.586940"><ele>71.984550</ele><time>2021-01-19T22:24:52Z</time><extensions><speed>0.100508</speed><course>272.519440</course><hAcc>0.832368</hAcc><vAcc>0.598040</vAcc></extensions></trkpt>
      <trkpt lon="-123.264528" lat="44.586939"><ele>71.987587</ele><time>2021-01-19T22:24:53Z</time><extensions><speed>0.112085</speed><course>244.734100</course><hAcc>0.832660</hAcc><vAcc>0.598259</vAcc></extensions></trkpt>
      <trkpt lon="-123.264527" lat="44.586938"><ele>71.989395</ele><time>2021-01-19T22:24:54Z</time><extensions><speed>0.122984</speed><course>212.511093</course><hAcc>0.834749</hAcc><vAcc>0.599540</vAcc></extensions></trkpt>
      <trkpt lon="-123.264527" lat="44.586937"><ele>71.989227</ele><time>2021-01-19T22:24:55Z</time><extensions><speed>0.131502</speed><course>269.689758</course><hAcc>0.839559</hAcc><vAcc>0.602413</vAcc></extensions></trkpt>
      <trkpt lon="-123.264526" lat="44.586936"><ele>71.986366</ele><time>2021-01-19T22:24:56Z</time><extensions><speed>0.136044</speed><course>259.363190</course><hAcc>0.847253</hAcc><vAcc>0.606968</vAcc></extensions></trkpt>
      <trkpt lon="-123.264525" lat="44.586936"><ele>71.980232</ele><time>2021-01-19T22:24:57Z</time><extensions><speed>0.135809</speed><course>211.685089</course><hAcc>0.857150</hAcc><vAcc>0.612803</vAcc></extensions></trkpt>
      <trkpt lon="-123.264523" lat="44.586935"><ele>71.970375</ele><time>2021-01-19T22:24:58Z</time><extensions><speed>0.131457</speed><course>221.277267</course><hAcc>0.868021</hAcc><vAcc>0.619203</vAcc></extensions></trkpt>
      <trkpt lon="-123.264522" lat="44.586934"><ele>71.956360</ele><time>2021-01-19T22:24:59Z</time><extensions><speed>0.125633</speed><course>217.167374</course><hAcc>0.878713</hAcc><vAcc>0.625494</vAcc></extensions></trkpt>
      <trkpt lon="-123.264520" lat="44.586934"><ele>71.937767</ele><time>2021-01-19T22:25:00Z</time><extensions><speed>0.122253</speed><course>205.027863</course><hAcc>0.888447</hAcc><vAcc>0.631221</vAcc></extensions></trkpt>
      <trkpt lon="-123.264519" lat="44.586934"><ele>71.914146</ele><time>2021-01-19T22:25:01Z</time><extensions><speed>0.124485</speed><course>192.657761</course><hAcc>0.896797</hAcc><vAcc>0.636132</vAcc></extensions></trkpt>
      <trkpt lon="-123.264517" lat="44.586935"><ele>71.885139</ele><time>2021-01-19T22:25:02Z</time><extensions><speed>0.132441</speed><course>186.711105</course><hAcc>0.903610</hAcc><vAcc>0.640137</vAcc></extensions></trkpt>
      <trkpt lon="-123.264516" lat="44.586936"><ele>71.850548</ele><time>2021-01-19T22:25:03Z</time><extensions><speed>0.142972</speed><course>194.477112</course><hAcc>0.908924</hAcc><vAcc>0.643258</vAcc></extensions></trkpt>
      <trkpt lon="-123.264515" lat="44.586937"><ele>71.810638</ele><time>2021-01-19T22:25:04Z</time><extensions><speed>0.153084</speed><course>188.036453</course><hAcc>0.912894</hAcc><vAcc>0.645588</vAcc></extensions></trkpt>
      <trkpt lon="-123.264514" lat="44.586938"><ele>71.766228</ele><time>2021-01-19T22:25:05Z</time><extensions><speed>0.161230</speed><course>188.036453</course><hAcc>0.915734</hAcc><vAcc>0.647252</vAcc></extensions></trkpt>
      <trkpt lon="-123.264514" lat="44.586940"><ele>71.718506</ele><time>2021-01-19T22:25:06Z</time><extensions><speed>0.166357</speed><course>188.036453</course><hAcc>0.917676</hAcc><vAcc>0.648387</vAcc></extensions></trkpt>
      <trkpt lon="-123.264513" lat="44.586941"><ele>71.668922</ele><time>2021-01-19T22:25:07Z</time><extensions><speed>0.167874</speed><course>188.036453</course><hAcc>0.918939</hAcc><vAcc>0.649124</vAcc></extensions></trkpt>
      <trkpt lon="-123.264514" lat="44.586943"><ele>71.619415</ele><time>2021-01-19T22:25:08Z</time><extensions><speed>0.165509</speed><course>188.036453</course><hAcc>0.919715</hAcc><vAcc>0.649574</vAcc></extensions></trkpt>
      <trkpt lon="-123.264514" lat="44.586944"><ele>71.572556</ele><time>2021-01-19T22:25:09Z</time><extensions><speed>0.159480</speed><course>188.036453</course><hAcc>0.920162</hAcc><vAcc>0.649833</vAcc></extensions></trkpt>
      <trkpt lon="-123.264514" lat="44.586945"><ele>71.531143</ele><time>2021-01-19T22:25:10Z</time><extensions><speed>0.150256</speed><course>188.036453</course><hAcc>0.920403</hAcc><vAcc>0.649971</vAcc></extensions></trkpt>
      <trkpt lon="-123.264515" lat="44.586947"><ele>71.497322</ele><time>2021-01-19T22:25:11Z</time><extensions><speed>0.138285</speed><course>188.036453</course><hAcc>0.920524</hAcc><vAcc>0.650040</vAcc></extensions></trkpt>
      <trkpt lon="-123.264516" lat="44.586948"><ele>71.472244</ele><time>2021-01-19T22:25:12Z</time><extensions><speed>0.124113</speed><course>188.036453</course><hAcc>0.920582</hAcc><vAcc>0.650073</vAcc></extensions></trkpt>
      <trkpt lon="-123.264517" lat="44.586948"><ele>71.456261</ele><time>2021-01-19T22:25:13Z</time><extensions><speed>0.108462</speed><course>86.091255</course><hAcc>0.920603</hAcc><vAcc>0.650085</vAcc></extensions></trkpt>
      <trkpt lon="-123.264518" lat="44.586949"><ele>71.449142</ele><time>2021-01-19T22:25:14Z</time><extensions><speed>0.092403</speed><course>347.190918</course><hAcc>0.920586</hAcc><vAcc>0.650076</vAcc></extensions></trkpt>
      <trkpt lon="-123.264519" lat="44.586949"><ele>71.450165</ele><time>2021-01-19T22:25:15Z</time><extensions><speed>0.078293</speed><course>340.585022</course><hAcc>0.920502</hAcc><vAcc>0.650028</vAcc></extensions></trkpt>
      <trkpt lon="-123.264520" lat="44.586949"><ele>71.458336</ele><time>2021-01-19T22:25:16Z</time><extensions><speed>0.070958</speed><course>326.083466</course><hAcc>0.920294</hAcc><vAcc>0.649907</vAcc></extensions></trkpt>
      <trkpt lon="-123.264521" lat="44.586949"><ele>71.472481</ele><time>2021-01-19T22:25:17Z</time><extensions><speed>0.075872</speed><course>317.138580</course><hAcc>0.919870</hAcc><vAcc>0.649661</vAcc></extensions></trkpt>
      <trkpt lon="-123.264521" lat="44.586949"><ele>71.491409</ele><time>2021-01-19T22:25:18Z</time><extensions><speed>0.093381</speed><course>265.953125</course><hAcc>0.919105</hAcc><vAcc>0.649215</vAcc></extensions></trkpt>
      <trkpt lon="-123.264522" lat="44.586948"><ele>71.513992</ele><time>2021-01-19T22:25:19Z</time><extensions><speed>0.119340</speed><course>256.166992</course><hAcc>0.917838</hAcc><vAcc>0.648474</vAcc></extensions></trkpt>
      <trkpt lon="-123.264523" lat="44.586947"><ele>71.539200</ele><time>2021-01-19T22:25:20Z</time><extensions><speed>0.149245</speed><course>216.080963</course><hAcc>0.915876</hAcc><vAcc>0.647326</vAcc></extensions></trkpt>
      <trkpt lon="-123.264524" lat="44.586946"><ele>71.566132</ele><time>2021-01-19T22:25:21Z</time><extensions><speed>0.179114</speed><course>233.771851</course><hAcc>0.913000</hAcc><vAcc>0.645641</vAcc></extensions></trkpt>
      <trkpt lon="-123.264525" lat="44.586944"><ele>71.594109</ele><time>2021-01-19T22:25:22Z</time><extensions><speed>0.205978</speed><course>247.043350</course><hAcc>0.908992</hAcc><vAcc>0.643291</vAcc></extensions></trkpt>
      <trkpt lon="-123.264526" lat="44.586942"><ele>71.622742</ele><time>2021-01-19T22:25:23Z</time><extensions><speed>0.227620</speed><course>231.404190</course><hAcc>0.903658</hAcc><vAcc>0.640165</vAcc></extensions></trkpt>
      <trkpt lon="-123.264527" lat="44.586940"><ele>71.651863</ele><time>2021-01-19T22:25:24Z</time><extensions><speed>0.242913</speed><course>216.391144</course><hAcc>0.896886</hAcc><vAcc>0.636196</vAcc></extensions></trkpt>
      <trkpt lon="-123.264528" lat="44.586938"><ele>71.681381</ele><time>2021-01-19T22:25:25Z</time><extensions><speed>0.251550</speed><course>185.340393</course><hAcc>0.888706</hAcc><vAcc>0.631406</vAcc></extensions></trkpt>
      <trkpt lon="-123.264529" lat="44.586936"><ele>71.711205</ele><time>2021-01-19T22:25:26Z</time><extensions><speed>0.253513</speed><course>92.245537</course><hAcc>0.879379</hAcc><vAcc>0.625950</vAcc></extensions></trkpt>
      <trkpt lon="-123.264530" lat="44.586934"><ele>71.741127</ele><time>2021-01-19T22:25:27Z</time><extensions><speed>0.248956</speed><course>70.115540</course><hAcc>0.869488</hAcc><vAcc>0.620171</vAcc></extensions></trkpt>
      <trkpt lon="-123.264532" lat="44.586932"><ele>71.770737</ele><time>2021-01-19T22:25:28Z</time><extensions><speed>0.238183</speed><course>80.369911</course><hAcc>0.860017</hAcc><vAcc>0.614646</vAcc></extensions></trkpt>
      <trkpt lon="-123.264533" lat="44.586930"><ele>71.799370</ele><time>2021-01-19T22:25:29Z</time><extensions><speed>0.222460</speed><course>45.406883</course><hAcc>0.852382</hAcc><vAcc>0.610197</vAcc></extensions></trkpt>
      <trkpt lon="-123.264535" lat="44.586929"><ele>71.826302</ele><time>2021-01-19T22:25:30Z</time><extensions><speed>0.204408</speed><course>43.164848</course><hAcc>0.848094</hAcc><vAcc>0.607701</vAcc></extensions></trkpt>
      <trkpt lon="-123.264536" lat="44.586927"><ele>71.850960</ele><time>2021-01-19T22:25:31Z</time><extensions><speed>0.187105</speed><course>30.154623</course><hAcc>0.848095</hAcc><vAcc>0.607701</vAcc></extensions></trkpt>
      <trkpt lon="-123.264538" lat="44.586926"><ele>71.872993</ele><time>2021-01-19T22:25:32Z</time><extensions><speed>0.172534</speed><course>13.854095</course><hAcc>0.852384</hAcc><vAcc>0.610198</vAcc></extensions></trkpt>
      <trkpt lon="-123.264539" lat="44.586925"><ele>71.892258</ele><time>2021-01-19T22:25:33Z</time><extensions><speed>0.160903</speed><course>347.917755</course><hAcc>0.860022</hAcc><vAcc>0.614649</vAcc></extensions></trkpt>
      <trkpt lon="-123.264541" lat="44.586925"><ele>71.908745</ele><time>2021-01-19T22:25:34Z</time><extensions><speed>0.150281</speed><course>334.681732</course><hAcc>0.869496</hAcc><vAcc>0.620176</vAcc></extensions></trkpt>
      <trkpt lon="-123.264543" lat="44.586924"><ele>71.922600</ele><time>2021-01-19T22:25:35Z</time><extensions><speed>0.137163</speed><course>286.666931</course><hAcc>0.879392</hAcc><vAcc>0.625957</vAcc></extensions></trkpt>
      <trkpt lon="-123.264544" lat="44.586924"><ele>71.934052</ele><time>2021-01-19T22:25:36Z</time><extensions><speed>0.118363</speed><course>267.850922</course><hAcc>0.888727</hAcc><vAcc>0.631418</vAcc></extensions></trkpt>
      <trkpt lon="-123.264546" lat="44.586924"><ele>71.943466</ele><time>2021-01-19T22:25:37Z</time><extensions><speed>0.092517</speed><course>253.780289</course><hAcc>0.896916</hAcc><vAcc>0.636214</vAcc></extensions></trkpt>
      <trkpt lon="-123.264547" lat="44.586924"><ele>71.951378</ele><time>2021-01-19T22:25:38Z</time><extensions><speed>0.060649</speed><course>206.579117</course><hAcc>0.903701</hAcc><vAcc>0.640190</vAcc></extensions></trkpt>
      <trkpt lon="-123.264547" lat="44.586924"><ele>71.958328</ele><time>2021-01-19T22:25:39Z</time><extensions><speed>0.028454</speed><course>201.028137</course><hAcc>0.909050</hAcc><vAcc>0.643325</vAcc></extensions></trkpt>
      <trkpt lon="-123.264547" lat="44.586924"><ele>71.964645</ele><time>2021-01-19T22:25:40Z</time><extensions><speed>0.032340</speed><course>192.381287</course><hAcc>0.913076</hAcc><vAcc>0.645685</vAcc></extensions></trkpt>
      <trkpt lon="-123.264547" lat="44.586924"><ele>71.970413</ele><time>2021-01-19T22:25:41Z</time><extensions><speed>0.069281</speed><course>176.318893</course><hAcc>0.915970</hAcc><vAcc>0.647381</vAcc></extensions></trkpt>
      <trkpt lon="-123.264546" lat="44.586925"><ele>71.975563</ele><time>2021-01-19T22:25:42Z</time><extensions><speed>0.107991</speed><course>180.349274</course><hAcc>0.917952</hAcc><vAcc>0.648542</vAcc></extensions></trkpt>
      <trkpt lon="-123.264545" lat="44.586925"><ele>71.979935</ele><time>2021-01-19T22:25:43Z</time><extensions><speed>0.143211</speed><course>184.996262</course><hAcc>0.919236</hAcc><vAcc>0.649292</vAcc></extensions></trkpt>
      <trkpt lon="-123.264543" lat="44.586926"><ele>71.983246</ele><time>2021-01-19T22:25:44Z</time><extensions><speed>0.172288</speed><course>199.226608</course><hAcc>0.920015</hAcc><vAcc>0.649747</vAcc></extensions></trkpt>
      <trkpt lon="-123.264542" lat="44.586927"><ele>71.985184</ele><time>2021-01-19T22:25:45Z</time><extensions><speed>0.192774</speed><course>180.330231</course><hAcc>0.920445</hAcc><vAcc>0.649997</vAcc></extensions></trkpt>
      <trkpt lon="-123.264540" lat="44.586929"><ele>71.985466</ele><time>2021-01-19T22:25:46Z</time><extensions><speed>0.202944</speed><course>166.555298</course><hAcc>0.920652</hAcc><vAcc>0.650117</vAcc></extensions></trkpt>
      <trkpt lon="-123.264538" lat="44.586930"><ele>71.983917</ele><time>2021-01-19T22:25:47Z</time><extensions><speed>0.203292</speed><course>159.356720</course><hAcc>0.920727</hAcc><vAcc>0.650159</vAcc></extensions></trkpt>
      <trkpt lon="-123.264536" lat="44.586931"><ele>71.980522</ele><time>2021-01-19T22:25:48Z</time><extensions><speed>0.195919</speed><course>193.444336</course><hAcc>0.920731</hAcc><vAcc>0.650161</vAcc></extensions></trkpt>
      <trkpt lon="-123.264535" lat="44.586933"><ele>71.975449</ele><time>2021-01-19T22:25:49Z</time><extensions><speed>0.183044</speed><course>179.845993</course><hAcc>0.920706</hAcc><vAcc>0.650146</vAcc></extensions></trkpt>
      <trkpt lon="-123.264533" lat="44.586934"><ele>71.969055</ele><time>2021-01-19T22:25:50Z</time><extensions><speed>0.166664</speed><course>136.770615</course><hAcc>0.920675</hAcc><vAcc>0.650128</vAcc></extensions></trkpt>
      <trkpt lon="-123.264532" lat="44.586935"><ele>71.961815</ele><time>2021-01-19T22:25:51Z</time><extensions><speed>0.148525</speed><course>136.866562</course><hAcc>0.920651</hAcc><vAcc>0.650114</vAcc></extensions></trkpt>
      <trkpt lon="-123.264531" lat="44.586936"><ele>71.954185</ele><time>2021-01-19T22:25:52Z</time><extensions><speed>0.130268</speed><course>129.157654</course><hAcc>0.920639</hAcc><vAcc>0.650107</vAcc></extensions></trkpt>
      <trkpt lon="-123.264531" lat="44.586937"><ele>71.946487</ele><time>2021-01-19T22:25:53Z</time><extensions><speed>0.113723</speed><course>136.504532</course><hAcc>0.920637</hAcc><vAcc>0.650106</vAcc></extensions></trkpt>
      <trkpt lon="-123.264531" lat="44.586938"><ele>71.938934</ele><time>2021-01-19T22:25:54Z</time><extensions><speed>0.101121</speed><course>140.964569</course><hAcc>0.920645</hAcc><vAcc>0.650111</vAcc></extensions></trkpt>
      <trkpt lon="-123.264531" lat="44.586939"><ele>71.931641</ele><time>2021-01-19T22:25:55Z</time><extensions><speed>0.094996</speed><course>140.981567</course><hAcc>0.920659</hAcc><vAcc>0.650119</vAcc></extensions></trkpt>
      <trkpt lon="-123.264531" lat="44.586940"><ele>71.924637</ele><time>2021-01-19T22:25:56Z</time><extensions><speed>0.097044</speed><course>139.484802</course><hAcc>0.920676</hAcc><vAcc>0.650129</vAcc></extensions></trkpt>
      <trkpt lon="-123.264532" lat="44.586940"><ele>71.917885</ele><time>2021-01-19T22:25:57Z</time><extensions><speed>0.106644</speed><course>139.447098</course><hAcc>0.920694</hAcc><vAcc>0.650139</vAcc></extensions></trkpt>
      <trkpt lon="-123.264533" lat="44.586941"><ele>71.911316</ele><time>2021-01-19T22:25:58Z</time><extensions><speed>0.121384</speed><course>149.789871</course><hAcc>0.920710</hAcc><vAcc>0.650149</vAcc></extensions></trkpt>
      <trkpt lon="-123.264535" lat="44.586942"><ele>71.904816</ele><time>2021-01-19T22:25:59Z</time><extensions><speed>0.138774</speed><course>150.425400</course><hAcc>0.920725</hAcc><vAcc>0.650158</vAcc></extensions></trkpt>
      <trkpt lon="-123.264536" lat="44.586942"><ele>71.898216</ele><time>2021-01-19T22:26:00Z</time><extensions><speed>0.157107</speed><course>162.840759</course><hAcc>0.920738</hAcc><vAcc>0.650165</vAcc></extensions></trkpt>
      <trkpt lon="-123.264538" lat="44.586942"><ele>71.891327</ele><time>2021-01-19T22:26:01Z</time><extensions><speed>0.175287</speed><course>136.028610</course><hAcc>0.920747</hAcc><vAcc>0.650171</vAcc></extensions></trkpt>
      <trkpt lon="-123.264541" lat="44.586943"><ele>71.883926</ele><time>2021-01-19T22:26:02Z</time><extensions><speed>0.192473</speed><course>133.116119</course><hAcc>0.920755</hAcc><vAcc>0.650175</vAcc></extensions></trkpt>
      <trkpt lon="-123.264543" lat="44.586943"><ele>71.875778</ele><time>2021-01-19T22:26:03Z</time><extensions><speed>0.207936</speed><course>132.919327</course><hAcc>0.920760</hAcc><vAcc>0.650178</vAcc></extensions></trkpt>
      <trkpt lon="-123.264546" lat="44.586943"><ele>71.866692</ele><time>2021-01-19T22:26:04Z</time><extensions><speed>0.220943</speed><course>133.423477</course><hAcc>0.920763</hAcc><vAcc>0.650180</vAcc></extensions></trkpt>
      <trkpt lon="-123.264549" lat="44.586943"><ele>71.856537</ele><time>2021-01-19T22:26:05Z</time><extensions><speed>0.230679</speed><course>134.335617</course><hAcc>0.920766</hAcc><vAcc>0.650182</vAcc></extensions></trkpt>
      <trkpt lon="-123.264552" lat="44.586943"><ele>71.845245</ele><time>2021-01-19T22:26:06Z</time><extensions><speed>0.236438</speed><course>127.130814</course><hAcc>0.920767</hAcc><vAcc>0.650182</vAcc></extensions></trkpt>
      <trkpt lon="-123.264555" lat="44.586942"><ele>71.832863</ele><time>2021-01-19T22:26:07Z</time><extensions><speed>0.238027</speed><course>126.243042</course><hAcc>0.920768</hAcc><vAcc>0.650183</vAcc></extensions></trkpt>
      <trkpt lon="-123.264557" lat="44.586942"><ele>71.819519</ele><time>2021-01-19T22:26:08Z</time><extensions><speed>0.235992</speed><course>130.481674</course><hAcc>0.920768</hAcc><vAcc>0.650183</vAcc></extensions></trkpt>
      <trkpt lon="-123.264560" lat="44.586941"><ele>71.805496</ele><time>2021-01-19T22:26:09Z</time><extensions><speed>0.231344</speed><course>104.761551</course><hAcc>0.920768</hAcc><vAcc>0.650183</vAcc></extensions></trkpt>
      <trkpt lon="-123.264562" lat="44.586940"><ele>71.791275</ele><time>2021-01-19T22:26:10Z</time><extensions><speed>0.225736</speed><course>92.900787</course><hAcc>0.920768</hAcc><vAcc>0.650183</vAcc></extensions></trkpt>
      <trkpt lon="-123.264564" lat="44.586938"><ele>71.777466</ele><time>2021-01-19T22:26:11Z</time><extensions><speed>0.221354</speed><course>89.432983</course><hAcc>0.920768</hAcc><vAcc>0.650183</vAcc></extensions></trkpt>
      <trkpt lon="-123.264566" lat="44.586936"><ele>71.764732</ele><time>2021-01-19T22:26:12Z</time><extensions><speed>0.220002</speed><course>88.896271</course><hAcc>0.920768</hAcc><vAcc>0.650183</vAcc></extensions></trkpt>
      <trkpt lon="-123.264567" lat="44.586935"><ele>71.753700</ele><time>2021-01-19T22:26:13Z</time><extensions><speed>0.222481</speed><course>84.783928</course><hAcc>0.920768</hAcc><vAcc>0.650183</vAcc></extensions></trkpt>
      <trkpt lon="-123.264567" lat="44.586933"><ele>71.744835</ele><time>2021-01-19T22:26:14Z</time><extensions><speed>0.228516</speed><course>90.904274</course><hAcc>0.920768</hAcc><vAcc>0.650183</vAcc></extensions></trkpt>
      <trkpt lon="-123.264567" lat="44.586930"><ele>71.738380</ele><time>2021-01-19T22:26:15Z</time><extensions><speed>0.237109</speed><course>97.431282</course><hAcc>0.920768</hAcc><vAcc>0.650183</vAcc></extensions></trkpt>
      <trkpt lon="-123.264566" lat="44.586928"><ele>71.734398</ele><time>2021-01-19T22:26:16Z</time><extensions><speed>0.246858</speed><course>123.318611</course><hAcc>0.920768</hAcc><vAcc>0.650183</vAcc></extensions></trkpt>
      <trkpt lon="-123.264565" lat="44.586926"><ele>71.732681</ele><time>2021-01-19T22:26:17Z</time><extensions><speed>0.255900</speed><course>129.233078</course><hAcc>0.920768</hAcc><vAcc>0.650183</vAcc></extensions></trkpt>
      <trkpt lon="-123.264563" lat="44.586924"><ele>71.732674</ele><time>2021-01-19T22:26:18Z</time><extensions><speed>0.262614</speed><course>131.565155</course><hAcc>0.920768</hAcc><vAcc>0.650183</vAcc></extensions></trkpt>
      <trkpt lon="-123.264561" lat="44.586922"><ele>71.733658</ele><time>2021-01-19T22:26:19Z</time><extensions><speed>0.266194</speed><course>148.243057</course><hAcc>0.920768</hAcc><vAcc>0.650183</vAcc></extensions></trkpt>
      <trkpt lon="-123.264559" lat="44.586921"><ele>71.734886</ele><time>2021-01-19T22:26:20Z</time><extensions><speed>0.266497</speed><course>143.105270</course><hAcc>0.920768</hAcc><vAcc>0.650183</vAcc></extensions></trkpt>
      <trkpt lon="-123.264556" lat="44.586920"><ele>71.735649</ele><time>2021-01-19T22:26:21Z</time><extensions><speed>0.263607</speed><course>141.033157</course><hAcc>0.920768</hAcc><vAcc>0.650183</vAcc></extensions></trkpt>
      <trkpt lon="-123.264553" lat="44.586919"><ele>71.735336</ele><time>2021-01-19T22:26:22Z</time><extensions><speed>0.256612</speed><course>129.495331</course><hAcc>0.920768</hAcc><vAcc>0.650183</vAcc></extensions></trkpt>
      <trkpt lon="-123.264550" lat="44.586918"><ele>71.733406</ele><time>2021-01-19T22:26:23Z</time><extensions><speed>0.242650</speed><course>117.947639</course><hAcc>0.920767</hAcc><vAcc>0.650182</vAcc></extensions></trkpt>
      <trkpt lon="-123.264547" lat="44.586917"><ele>71.729462</ele><time>2021-01-19T22:26:24Z</time><extensions><speed>0.218028</speed><course>121.489502</course><hAcc>0.920765</hAcc><vAcc>0.650181</vAcc></extensions></trkpt>
      <trkpt lon="-123.264545" lat="44.586917"><ele>71.723267</ele><time>2021-01-19T22:26:25Z</time><extensions><speed>0.180785</speed><course>128.232956</course><hAcc>0.920763</hAcc><vAcc>0.650180</vAcc></extensions></trkpt>
      <trkpt lon="-123.264543" lat="44.586917"><ele>71.714264</ele><time>2021-01-19T22:26:26Z</time><extensions><speed>0.132749</speed><course>141.257477</course><hAcc>0.920760</hAcc><vAcc>0.650178</vAcc></extensions></trkpt>
      <trkpt lon="-123.264541" lat="44.586918"><ele>71.701340</ele><time>2021-01-19T22:26:27Z</time><extensions><speed>0.083047</speed><course>147.122177</course><hAcc>0.920754</hAcc><vAcc>0.650175</vAcc></extensions></trkpt>
      <trkpt lon="-123.264541" lat="44.586918"><ele>71.683563</ele><time>2021-01-19T22:26:28Z</time><extensions><speed>0.062226</speed><course>151.320190</course><hAcc>0.920747</hAcc><vAcc>0.650171</vAcc></extensions></trkpt>
      <trkpt lon="-123.264541" lat="44.586919"><ele>71.660843</ele><time>2021-01-19T22:26:29Z</time><extensions><speed>0.094927</speed><course>168.268433</course><hAcc>0.920737</hAcc><vAcc>0.650165</vAcc></extensions></trkpt>
      <trkpt lon="-123.264542" lat="44.586919"><ele>71.633850</ele><time>2021-01-19T22:26:30Z</time><extensions><speed>0.141433</speed><course>169.720947</course><hAcc>0.920725</hAcc><vAcc>0.650158</vAcc></extensions></trkpt>
      <trkpt lon="-123.264544" lat="44.586920"><ele>71.603577</ele><time>2021-01-19T22:26:31Z</time><extensions><speed>0.181263</speed><course>156.382919</course><hAcc>0.920710</hAcc><vAcc>0.650149</vAcc></extensions></trkpt>
      <trkpt lon="-123.264546" lat="44.586921"><ele>71.571381</ele><time>2021-01-19T22:26:32Z</time><extensions><speed>0.207665</speed><course>146.667694</course><hAcc>0.920693</hAcc><vAcc>0.650139</vAcc></extensions></trkpt>
      <trkpt lon="-123.264548" lat="44.586922"><ele>71.539192</ele><time>2021-01-19T22:26:33Z</time><extensions><speed>0.218677</speed><course>120.112343</course><hAcc>0.920673</hAcc><vAcc>0.650127</vAcc></extensions></trkpt>
      <trkpt lon="-123.264550" lat="44.586923"><ele>71.509491</ele><time>2021-01-19T22:26:34Z</time><extensions><speed>0.216476</speed><course>195.247620</course><hAcc>0.920654</hAcc><vAcc>0.650116</vAcc></extensions></trkpt>
      <trkpt lon="-123.264552" lat="44.586925"><ele>71.485130</ele><time>2021-01-19T22:26:35Z</time><extensions><speed>0.206292</speed><course>203.876511</course><hAcc>0.920637</hAcc><vAcc>0.650105</vAcc></extensions></trkpt>
      <trkpt lon="-123.264554" lat="44.586926"><ele>71.469299</ele><time>2021-01-19T22:26:36Z</time><extensions><speed>0.194622</speed><course>202.443024</course><hAcc>0.920623</hAcc><vAcc>0.650097</vAcc></extensions></trkpt>
      <trkpt lon="-123.264555" lat="44.586927"><ele>71.465103</ele><time>2021-01-19T22:26:37Z</time><extensions><speed>0.186781</speed><course>197.870041</course><hAcc>0.920616</hAcc><vAcc>0.650093</vAcc></extensions></trkpt>
      <trkpt lon="-123.264556" lat="44.586929"><ele>71.474800</ele><time>2021-01-19T22:26:38Z</time><extensions><speed>0.184792</speed><course>279.826111</course><hAcc>0.920618</hAcc><vAcc>0.650094</vAcc></extensions></trkpt>
      <trkpt lon="-123.264557" lat="44.586931"><ele>71.499176</ele><time>2021-01-19T22:26:39Z</time><extensions><speed>0.187096</speed><course>266.135468</course><hAcc>0.920628</hAcc><vAcc>0.650099</vAcc></extensions></trkpt>
      <trkpt lon="-123.264558" lat="44.586932"><ele>71.537437</ele><time>2021-01-19T22:26:40Z</time><extensions><speed>0.190952</speed><course>202.861115</course><hAcc>0.920640</hAcc><vAcc>0.650107</vAcc></extensions></trkpt>
      <trkpt lon="-123.264558" lat="44.586934"><ele>71.587494</ele><time>2021-01-19T22:26:41Z</time><extensions><speed>0.194662</speed><course>169.809540</course><hAcc>0.920645</hAcc><vAcc>0.650110</vAcc></extensions></trkpt>
      <trkpt lon="-123.264558" lat="44.586936"><ele>71.646461</ele><time>2021-01-19T22:26:42Z</time><extensions><speed>0.197380</speed><course>153.571533</course><hAcc>0.920617</hAcc><vAcc>0.650096</vAcc></extensions></trkpt>
      <trkpt lon="-123.264559" lat="44.586937"><ele>71.711266</ele><time>2021-01-19T22:26:43Z</time><extensions><speed>0.198710</speed><course>151.809784</course><hAcc>0.920520</hAcc><vAcc>0.650040</vAcc></extensions></trkpt>
      <trkpt lon="-123.264560" lat="44.586939"><ele>71.779190</ele><time>2021-01-19T22:26:44Z</time><extensions><speed>0.198210</speed><course>127.552864</course><hAcc>0.920292</hAcc><vAcc>0.649909</vAcc></extensions></trkpt>
      <trkpt lon="-123.264560" lat="44.586941"><ele>71.848068</ele><time>2021-01-19T22:26:45Z</time><extensions><speed>0.194897</speed><course>110.108582</course><hAcc>0.919846</hAcc><vAcc>0.649651</vAcc></extensions></trkpt>
      <trkpt lon="-123.264561" lat="44.586942"><ele>71.916061</ele><time>2021-01-19T22:26:46Z</time><extensions><speed>0.187852</speed><course>77.191521</course><hAcc>0.919062</hAcc><vAcc>0.649196</vAcc></extensions></trkpt>
      <trkpt lon="-123.264562" lat="44.586944"><ele>71.981537</ele><time>2021-01-19T22:26:47Z</time><extensions><speed>0.176207</speed><course>242.213943</course><hAcc>0.917785</hAcc><vAcc>0.648451</vAcc></extensions></trkpt>
      <trkpt lon="-123.264563" lat="44.586945"><ele>72.043190</ele><time>2021-01-19T22:26:48Z</time><extensions><speed>0.158949</speed><course>176.544250</course><hAcc>0.915826</hAcc><vAcc>0.647306</vAcc></extensions></trkpt>
      <trkpt lon="-123.264564" lat="44.586946"><ele>72.099899</ele><time>2021-01-19T22:26:49Z</time><extensions><speed>0.136268</speed><course>155.907043</course><hAcc>0.912968</hAcc><vAcc>0.645631</vAcc></extensions></trkpt>
      <trkpt lon="-123.264565" lat="44.586947"><ele>72.150444</ele><time>2021-01-19T22:26:50Z</time><extensions><speed>0.109512</speed><course>172.920776</course><hAcc>0.908981</hAcc><vAcc>0.643292</vAcc></extensions></trkpt>
      <trkpt lon="-123.264566" lat="44.586948"><ele>72.193520</ele><time>2021-01-19T22:26:51Z</time><extensions><speed>0.080349</speed><course>182.788147</course><hAcc>0.903653</hAcc><vAcc>0.640162</vAcc></extensions></trkpt>
      <trkpt lon="-123.264566" lat="44.586948"><ele>72.228157</ele><time>2021-01-19T22:26:52Z</time><extensions><speed>0.051249</speed><course>186.650345</course><hAcc>0.896828</hAcc><vAcc>0.636150</vAcc></extensions></trkpt>
      <trkpt lon="-123.264566" lat="44.586949"><ele>72.254059</ele><time>2021-01-19T22:26:53Z</time><extensions><speed>0.028703</speed><course>177.987686</course><hAcc>0.888468</hAcc><vAcc>0.631233</vAcc></extensions></trkpt>
      <trkpt lon="-123.264566" lat="44.586949"><ele>72.271439</ele><time>2021-01-19T22:26:54Z</time><extensions><speed>0.034154</speed><course>179.725815</course><hAcc>0.878726</hAcc><vAcc>0.625502</vAcc></extensions></trkpt>
      <trkpt lon="-123.264566" lat="44.586949"><ele>72.280663</ele><time>2021-01-19T22:26:55Z</time><extensions><speed>0.060509</speed><course>189.781006</course><hAcc>0.868030</hAcc><vAcc>0.619208</vAcc></extensions></trkpt>
      <trkpt lon="-123.264565" lat="44.586949"><ele>72.282150</ele><time>2021-01-19T22:26:56Z</time><extensions><speed>0.090420</speed><course>177.560974</course><hAcc>0.857155</hAcc><vAcc>0.612806</vAcc></extensions></trkpt>
      <trkpt lon="-123.264563" lat="44.586949"><ele>72.276352</ele><time>2021-01-19T22:26:57Z</time><extensions><speed>0.120058</speed><course>174.978210</course><hAcc>0.847255</hAcc><vAcc>0.606969</vAcc></extensions></trkpt>
      <trkpt lon="-123.264562" lat="44.586949"><ele>72.263779</ele><time>2021-01-19T22:26:58Z</time><extensions><speed>0.147295</speed><course>169.255493</course><hAcc>0.839560</hAcc><vAcc>0.602414</vAcc></extensions></trkpt>
      <trkpt lon="-123.264560" lat="44.586949"><ele>72.245125</ele><time>2021-01-19T22:26:59Z</time><extensions><speed>0.169680</speed><course>141.348190</course><hAcc>0.834749</hAcc><vAcc>0.599540</vAcc></extensions></trkpt>
      <trkpt lon="-123.264557" lat="44.586949"><ele>72.221329</ele><time>2021-01-19T22:27:00Z</time><extensions><speed>0.185325</speed><course>144.367065</course><hAcc>0.832660</hAcc><vAcc>0.598259</vAcc></extensions></trkpt>
      <trkpt lon="-123.264555" lat="44.586949"><ele>72.193512</ele><time>2021-01-19T22:27:01Z</time><extensions><speed>0.194221</speed><course>124.937927</course><hAcc>0.832368</hAcc><vAcc>0.598040</vAcc></extensions></trkpt>
      <trkpt lon="-123.264553" lat="44.586949"><ele>72.162918</ele><time>2021-01-19T22:27:02Z</time><extensions><speed>0.197562</speed><course>113.106529</course><hAcc>0.832631</hAcc><vAcc>0.598167</vAcc></extensions></trkpt>
      <trkpt lon="-123.264550" lat="44.586949"><ele>72.130753</ele><time>2021-01-19T22:27:03Z</time><extensions><speed>0.196477</speed><course>150.635651</course><hAcc>0.832631</hAcc><vAcc>0.598167</vAcc></extensions></trkpt>
      <trkpt lon="-123.264548" lat="44.586949"><ele>72.098099</ele><time>2021-01-19T22:27:04Z</time><extensions><speed>0.192118</speed><course>128.511154</course><hAcc>0.832368</hAcc><vAcc>0.598040</vAcc></extensions></trkpt>
      <trkpt lon="-123.264545" lat="44.586949"><ele>72.065918</ele><time>2021-01-19T22:27:05Z</time><extensions><speed>0.185776</speed><course>121.997162</course><hAcc>0.832660</hAcc><vAcc>0.598259</vAcc></extensions></trkpt>
      <trkpt lon="-123.264543" lat="44.586949"><ele>72.034988</ele><time>2021-01-19T22:27:06Z</time><extensions><speed>0.179474</speed><course>123.335175</course><hAcc>0.834749</hAcc><vAcc>0.599540</vAcc></extensions></trkpt>
      <trkpt lon="-123.264541" lat="44.586948"><ele>72.005829</ele><time>2021-01-19T22:27:07Z</time><extensions><speed>0.175083</speed><course>123.332901</course><hAcc>0.839560</hAcc><vAcc>0.602414</vAcc></extensions></trkpt>
      <trkpt lon="-123.264539" lat="44.586948"><ele>71.978874</ele><time>2021-01-19T22:27:08Z</time><extensions><speed>0.173532</speed><course>121.890015</course><hAcc>0.847255</hAcc><vAcc>0.606969</vAcc></extensions></trkpt>
      <trkpt lon="-123.264537" lat="44.586948"><ele>71.954628</ele><time>2021-01-19T22:27:09Z</time><extensions><speed>0.174602</speed><course>103.420784</course><hAcc>0.857154</hAcc><vAcc>0.612806</vAcc></extensions></trkpt>
      <trkpt lon="-123.264534" lat="44.586947"><ele>71.933815</ele><time>2021-01-19T22:27:10Z</time><extensions><speed>0.177067</speed><course>82.377686</course><hAcc>0.868030</hAcc><vAcc>0.619208</vAcc></extensions></trkpt>
      <trkpt lon="-123.264532" lat="44.586947"><ele>71.917320</ele><time>2021-01-19T22:27:11Z</time><extensions><speed>0.179798</speed><course>95.219193</course><hAcc>0.878726</hAcc><vAcc>0.625502</vAcc></extensions></trkpt>
      <trkpt lon="-123.264530" lat="44.586946"><ele>71.906036</ele><time>2021-01-19T22:27:12Z</time><extensions><speed>0.182171</speed><course>108.131279</course><hAcc>0.888468</hAcc><vAcc>0.631233</vAcc></extensions></trkpt>
      <trkpt lon="-123.264528" lat="44.586946"><ele>71.900597</ele><time>2021-01-19T22:27:13Z</time><extensions><speed>0.183567</speed><course>94.574608</course><hAcc>0.896828</hAcc><vAcc>0.636150</vAcc></extensions></trkpt>
      <trkpt lon="-123.264526" lat="44.586945"><ele>71.901054</ele><time>2021-01-19T22:27:14Z</time><extensions><speed>0.182742</speed><course>59.282730</course><hAcc>0.903652</hAcc><vAcc>0.640162</vAcc></extensions></trkpt>
      <trkpt lon="-123.264524" lat="44.586944"><ele>71.906815</ele><time>2021-01-19T22:27:15Z</time><extensions><speed>0.178719</speed><course>42.529472</course><hAcc>0.908980</hAcc><vAcc>0.643291</vAcc></extensions></trkpt>
      <trkpt lon="-123.264522" lat="44.586944"><ele>71.916977</ele><time>2021-01-19T22:27:16Z</time><extensions><speed>0.170931</speed><course>48.398193</course><hAcc>0.912965</hAcc><vAcc>0.645630</vAcc></extensions></trkpt>
      <trkpt lon="-123.264520" lat="44.586943"><ele>71.930588</ele><time>2021-01-19T22:27:17Z</time><extensions><speed>0.159346</speed><course>46.187801</course><hAcc>0.915821</hAcc><vAcc>0.647303</vAcc></extensions></trkpt>
      <trkpt lon="-123.264518" lat="44.586943"><ele>71.946579</ele><time>2021-01-19T22:27:18Z</time><extensions><speed>0.145462</speed><course>45.849556</course><hAcc>0.917777</hAcc><vAcc>0.648446</vAcc></extensions></trkpt>
      <trkpt lon="-123.264516" lat="44.586943"><ele>71.963760</ele><time>2021-01-19T22:27:19Z</time><extensions><speed>0.132134</speed><course>52.171581</course><hAcc>0.919048</hAcc><vAcc>0.649188</vAcc></extensions></trkpt>
      <trkpt lon="-123.264515" lat="44.586943"><ele>71.981094</ele><time>2021-01-19T22:27:20Z</time><extensions><speed>0.122905</speed><course>80.423882</course><hAcc>0.919825</hAcc><vAcc>0.649639</vAcc></extensions></trkpt>
      <trkpt lon="-123.264513" lat="44.586943"><ele>71.997871</ele><time>2021-01-19T22:27:21Z</time><extensions><speed>0.120900</speed><course>122.651978</course><hAcc>0.920261</hAcc><vAcc>0.649891</vAcc></extensions></trkpt>
      <trkpt lon="-123.264512" lat="44.586944"><ele>72.013748</ele><time>2021-01-19T22:27:22Z</time><extensions><speed>0.127237</speed><course>151.770630</course><hAcc>0.920477</hAcc><vAcc>0.650015</vAcc></extensions></trkpt>
      <trkpt lon="-123.264511" lat="44.586944"><ele>72.028664</ele><time>2021-01-19T22:27:23Z</time><extensions><speed>0.140080</speed><course>137.713745</course><hAcc>0.920559</hAcc><vAcc>0.650062</vAcc></extensions></trkpt>
      <trkpt lon="-123.264509" lat="44.586946"><ele>72.042709</ele><time>2021-01-19T22:27:24Z</time><extensions><speed>0.155760</speed><course>132.663712</course><hAcc>0.920570</hAcc><vAcc>0.650066</vAcc></extensions></trkpt>
      <trkpt lon="-123.264508" lat="44.586947"><ele>72.056053</ele><time>2021-01-19T22:27:25Z</time><extensions><speed>0.170360</speed><course>64.193901</course><hAcc>0.920548</hAcc><vAcc>0.650053</vAcc></extensions></trkpt>
      <trkpt lon="-123.264507" lat="44.586948"><ele>72.068863</ele><time>2021-01-19T22:27:26Z</time><extensions><speed>0.180069</speed><course>49.281548</course><hAcc>0.920518</hAcc><vAcc>0.650035</vAcc></extensions></trkpt>
      <trkpt lon="-123.264507" lat="44.586950"><ele>72.081497</ele><time>2021-01-19T22:27:27Z</time><extensions><speed>0.182351</speed><course>57.649078</course><hAcc>0.920495</hAcc><vAcc>0.650021</vAcc></extensions></trkpt>
      <trkpt lon="-123.264506" lat="44.586951"><ele>72.094475</ele><time>2021-01-19T22:27:28Z</time><extensions><speed>0.177505</speed><course>80.757988</course><hAcc>0.920486</hAcc><vAcc>0.650016</vAcc></extensions></trkpt>
      <trkpt lon="-123.264505" lat="44.586953"><ele>72.108109</ele><time>2021-01-19T22:27:29Z</time><extensions><speed>0.167837</speed><course>115.387238</course><hAcc>0.920494</hAcc><vAcc>0.650021</vAcc></extensions></trkpt>
      <trkpt lon="-123.264504" lat="44.586954"><ele>72.122353</ele><time>2021-01-19T22:27:30Z</time><extensions><speed>0.156044</speed><course>160.061096</course><hAcc>0.920520</hAcc><vAcc>0.650036</vAcc></extensions></trkpt>
      <trkpt lon="-123.264504" lat="44.586955"><ele>72.136909</ele><time>2021-01-19T22:27:31Z</time><extensions><speed>0.144034</speed><course>176.926865</course><hAcc>0.920561</hAcc><vAcc>0.650061</vAcc></extensions></trkpt>
      <trkpt lon="-123.264503" lat="44.586956"><ele>72.151329</ele><time>2021-01-19T22:27:32Z</time><extensions><speed>0.132524</speed><course>179.044937</course><hAcc>0.920611</hAcc><vAcc>0.650091</vAcc></extensions></trkpt>
      <trkpt lon="-123.264502" lat="44.586958"><ele>72.165092</ele><time>2021-01-19T22:27:33Z</time><extensions><speed>0.120759</speed><course>175.998154</course><hAcc>0.920655</hAcc><vAcc>0.650117</vAcc></extensions></trkpt>
      <trkpt lon="-123.264502" lat="44.586959"><ele>72.177666</ele><time>2021-01-19T22:27:34Z</time><extensions><speed>0.106700</speed><course>202.074661</course><hAcc>0.920669</hAcc><vAcc>0.650126</vAcc></extensions></trkpt>
      <trkpt lon="-123.264502" lat="44.586959"><ele>72.188339</ele><time>2021-01-19T22:27:35Z</time><extensions><speed>0.088484</speed><course>168.391983</course><hAcc>0.920609</hAcc><vAcc>0.650092</vAcc></extensions></trkpt>
      <trkpt lon="-123.264501" lat="44.586960"><ele>72.196274</ele><time>2021-01-19T22:27:36Z</time><extensions><speed>0.066670</speed><course>160.437302</course><hAcc>0.920415</hAcc><vAcc>0.649980</vAcc></extensions></trkpt>
      <trkpt lon="-123.264502" lat="44.586961"><ele>72.200775</ele><time>2021-01-19T22:27:37Z</time><extensions><speed>0.048792</speed><course>158.538422</course><hAcc>0.919994</hAcc><vAcc>0.649735</vAcc></extensions></trkpt>
      <trkpt lon="-123.264502" lat="44.586961"><ele>72.201569</ele><time>2021-01-19T22:27:38Z</time><extensions><speed>0.053977</speed><course>159.015701</course><hAcc>0.919223</hAcc><vAcc>0.649285</vAcc></extensions></trkpt>
      <trkpt lon="-123.264503" lat="44.586961"><ele>72.198875</ele><time>2021-01-19T22:27:39Z</time><extensions><speed>0.084988</speed><course>169.114212</course><hAcc>0.917944</hAcc><vAcc>0.648537</vAcc></extensions></trkpt>
      <trkpt lon="-123.264504" lat="44.586960"><ele>72.193123</ele><time>2021-01-19T22:27:40Z</time><extensions><speed>0.128839</speed><course>167.561600</course><hAcc>0.915967</hAcc><vAcc>0.647379</vAcc></extensions></trkpt>
      <trkpt lon="-123.264506" lat="44.586960"><ele>72.184853</ele><time>2021-01-19T22:27:41Z</time><extensions><speed>0.179782</speed><course>168.742630</course><hAcc>0.913076</hAcc><vAcc>0.645685</vAcc></extensions></trkpt>
      <trkpt lon="-123.264508" lat="44.586958"><ele>72.174614</ele><time>2021-01-19T22:27:42Z</time><extensions><speed>0.234382</speed><course>170.137146</course><hAcc>0.909053</hAcc><vAcc>0.643327</vAcc></extensions></trkpt>
      <trkpt lon="-123.264510" lat="44.586957"><ele>72.162971</ele><time>2021-01-19T22:27:43Z</time><extensions><speed>0.288720</speed><course>127.467979</course><hAcc>0.903707</hAcc><vAcc>0.640194</vAcc></extensions></trkpt>
      <trkpt lon="-123.264513" lat="44.586955"><ele>72.150375</ele><time>2021-01-19T22:27:44Z</time><extensions><speed>0.338824</speed><course>68.883980</course><hAcc>0.896927</hAcc><vAcc>0.636221</vAcc></extensions></trkpt>
      <trkpt lon="-123.264517" lat="44.586953"><ele>72.137207</ele><time>2021-01-19T22:27:45Z</time><extensions><speed>0.381349</speed><course>45.034290</course><hAcc>0.888744</hAcc><vAcc>0.631430</vAcc></extensions></trkpt>
      <trkpt lon="-123.264520" lat="44.586950"><ele>72.123589</ele><time>2021-01-19T22:27:46Z</time><extensions><speed>0.414053</speed><course>356.329926</course><hAcc>0.879418</hAcc><vAcc>0.625975</vAcc></extensions></trkpt>
      <trkpt lon="-123.264524" lat="44.586948"><ele>72.109245</ele><time>2021-01-19T22:27:47Z</time><extensions><speed>0.436091</speed><course>356.364105</course><hAcc>0.869534</hAcc><vAcc>0.620201</vAcc></extensions></trkpt>
      <trkpt lon="-123.264529" lat="44.586945"><ele>72.093567</ele><time>2021-01-19T22:27:48Z</time><extensions><speed>0.447519</speed><course>13.117930</course><hAcc>0.860075</hAcc><vAcc>0.614685</vAcc></extensions></trkpt>
      <trkpt lon="-123.264533" lat="44.586943"><ele>72.075920</ele><time>2021-01-19T22:27:49Z</time><extensions><speed>0.449885</speed><course>191.977615</course><hAcc>0.852458</hAcc><vAcc>0.610247</vAcc></extensions></trkpt>
      <trkpt lon="-123.264538" lat="44.586941"><ele>72.055740</ele><time>2021-01-19T22:27:50Z</time><extensions><speed>0.446269</speed><course>213.359421</course><hAcc>0.848192</hAcc><vAcc>0.607766</vAcc></extensions></trkpt>
      <trkpt lon="-123.264543" lat="44.586939"><ele>72.032646</ele><time>2021-01-19T22:27:51Z</time><extensions><speed>0.440019</speed><course>238.518677</course><hAcc>0.848219</hAcc><vAcc>0.607783</vAcc></extensions></trkpt>
      <trkpt lon="-123.264548" lat="44.586938"><ele>72.006386</ele><time>2021-01-19T22:27:52Z</time><extensions><speed>0.434791</speed><course>235.955856</course><hAcc>0.852537</hAcc><vAcc>0.610298</vAcc></extensions></trkpt>
      <trkpt lon="-123.264554" lat="44.586938"><ele>71.977005</ele><time>2021-01-19T22:27:53Z</time><extensions><speed>0.438462</speed><course>219.898712</course><hAcc>0.860201</hAcc><vAcc>0.614765</vAcc></extensions></trkpt>
      <trkpt lon="-123.264560" lat="44.586939"><ele>71.945084</ele><time>2021-01-19T22:27:54Z</time><extensions><speed>0.458691</speed><course>207.555466</course><hAcc>0.869698</hAcc><vAcc>0.620306</vAcc></extensions></trkpt>
      <trkpt lon="-123.264565" lat="44.586940"><ele>71.911621</ele><time>2021-01-19T22:27:55Z</time><extensions><speed>0.496265</speed><course>254.558014</course><hAcc>0.879610</hAcc><vAcc>0.626097</vAcc></extensions></trkpt>
      <trkpt lon="-123.264571" lat="44.586942"><ele>71.877800</ele><time>2021-01-19T22:27:56Z</time><extensions><speed>0.546540</speed><course>359.833862</course><hAcc>0.888953</hAcc><vAcc>0.631563</vAcc></extensions></trkpt>
      <trkpt lon="-123.264577" lat="44.586945"><ele>71.844757</ele><time>2021-01-19T22:27:57Z</time><extensions><speed>0.602089</speed><course>37.864918</course><hAcc>0.897150</hAcc><vAcc>0.636362</vAcc></extensions></trkpt>
      <trkpt lon="-123.264583" lat="44.586948"><ele>71.813499</ele><time>2021-01-19T22:27:58Z</time><extensions><speed>0.655475</speed><course>73.577896</course><hAcc>0.903952</hAcc><vAcc>0.640349</vAcc></extensions></trkpt>
      <trkpt lon="-123.264590" lat="44.586952"><ele>71.784904</ele><time>2021-01-19T22:27:59Z</time><extensions><speed>0.700577</speed><course>60.364288</course><hAcc>0.909355</hAcc><vAcc>0.643518</vAcc></extensions></trkpt>
      <trkpt lon="-123.264596" lat="44.586957"><ele>71.759735</ele><time>2021-01-19T22:28:00Z</time><extensions><speed>0.732880</speed><course>56.284386</course><hAcc>0.913515</hAcc><vAcc>0.645964</vAcc></extensions></trkpt>
      <trkpt lon="-123.264603" lat="44.586961"><ele>71.738625</ele><time>2021-01-19T22:28:01Z</time><extensions><speed>0.749995</speed><course>49.068726</course><hAcc>0.916698</hAcc><vAcc>0.647843</vAcc></extensions></trkpt>
      <trkpt lon="-123.264610" lat="44.586966"><ele>71.721954</ele><time>2021-01-19T22:28:02Z</time><extensions><speed>0.751587</speed><course>48.148773</course><hAcc>0.919228</hAcc><vAcc>0.649354</vAcc></extensions></trkpt>
      <trkpt lon="-123.264617" lat="44.586970"><ele>71.709885</ele><time>2021-01-19T22:28:03Z</time><extensions><speed>0.738868</speed><course>57.268761</course><hAcc>0.921471</hAcc><vAcc>0.650717</vAcc></extensions></trkpt>
      <trkpt lon="-123.264624" lat="44.586974"><ele>71.702271</ele><time>2021-01-19T22:28:04Z</time><extensions><speed>0.713914</speed><course>65.698944</course><hAcc>0.923816</hAcc><vAcc>0.652170</vAcc></extensions></trkpt>
      <trkpt lon="-123.264631" lat="44.586978"><ele>71.698669</ele><time>2021-01-19T22:28:05Z</time><extensions><speed>0.679148</speed><course>81.530197</course><hAcc>0.926666</hAcc><vAcc>0.653962</vAcc></extensions></trkpt>
      <trkpt lon="-123.264638" lat="44.586981"><ele>71.698441</ele><time>2021-01-19T22:28:06Z</time><extensions><speed>0.637544</speed><course>66.548203</course><hAcc>0.930430</hAcc><vAcc>0.656346</vAcc></extensions></trkpt>
      <trkpt lon="-123.264645" lat="44.586984"><ele>71.700958</ele><time>2021-01-19T22:28:07Z</time><extensions><speed>0.592542</speed><course>65.295082</course><hAcc>0.935500</hAcc><vAcc>0.659567</vAcc></extensions></trkpt>
      <trkpt lon="-123.264652" lat="44.586985"><ele>71.705742</ele><time>2021-01-19T22:28:08Z</time><extensions><speed>0.547834</speed><course>65.515503</course><hAcc>0.942225</hAcc><vAcc>0.663841</vAcc></extensions></trkpt>
      <trkpt lon="-123.264659" lat="44.586986"><ele>71.712448</ele><time>2021-01-19T22:28:09Z</time><extensions><speed>0.506940</speed><course>65.325249</course><hAcc>0.950856</hAcc><vAcc>0.669328</vAcc></extensions></trkpt>
      <trkpt lon="-123.264665" lat="44.586987"><ele>71.720810</ele><time>2021-01-19T22:28:10Z</time><extensions><speed>0.472858</speed><course>34.825695</course><hAcc>0.961493</hAcc><vAcc>0.676086</vAcc></extensions></trkpt>
      <trkpt lon="-123.264670" lat="44.586986"><ele>71.730507</ele><time>2021-01-19T22:28:11Z</time><extensions><speed>0.447644</speed><course>45.099758</course><hAcc>0.974007</hAcc><vAcc>0.684033</vAcc></extensions></trkpt>
      <trkpt lon="-123.264676" lat="44.586985"><ele>71.741119</ele><time>2021-01-19T22:28:12Z</time><extensions><speed>0.431580</speed><course>46.144287</course><hAcc>0.987979</hAcc><vAcc>0.692900</vAcc></extensions></trkpt>
      <trkpt lon="-123.264680" lat="44.586983"><ele>71.752228</ele><time>2021-01-19T22:28:13Z</time><extensions><speed>0.422569</speed><course>10.861962</course><hAcc>1.002656</hAcc><vAcc>0.702201</vAcc></extensions></trkpt>
      <trkpt lon="-123.264685" lat="44.586981"><ele>71.763504</ele><time>2021-01-19T22:28:14Z</time><extensions><speed>0.416647</speed><course>52.594299</course><hAcc>1.017098</hAcc><vAcc>0.711336</vAcc></extensions></trkpt>
      <trkpt lon="-123.264689" lat="44.586978"><ele>71.774773</ele><time>2021-01-19T22:28:15Z</time><extensions><speed>0.409753</speed><course>108.704781</course><hAcc>1.030517</hAcc><vAcc>0.719801</vAcc></extensions></trkpt>
      <trkpt lon="-123.264692" lat="44.586976"><ele>71.786018</ele><time>2021-01-19T22:28:16Z</time><extensions><speed>0.398993</speed><course>117.707916</course><hAcc>1.042422</hAcc><vAcc>0.727285</vAcc></extensions></trkpt>
      <trkpt lon="-123.264695" lat="44.586973"><ele>71.797318</ele><time>2021-01-19T22:28:17Z</time><extensions><speed>0.383047</speed><course>147.731262</course><hAcc>1.052576</hAcc><vAcc>0.733641</vAcc></extensions></trkpt>
      <trkpt lon="-123.264697" lat="44.586970"><ele>71.808708</ele><time>2021-01-19T22:28:18Z</time><extensions><speed>0.361843</speed><course>150.702652</course><hAcc>1.060939</hAcc><vAcc>0.738851</vAcc></extensions></trkpt>
      <trkpt lon="-123.264699" lat="44.586967"><ele>71.820160</ele><time>2021-01-19T22:28:19Z</time><extensions><speed>0.336082</speed><course>161.828568</course><hAcc>1.067608</hAcc><vAcc>0.742981</vAcc></extensions></trkpt>
      <trkpt lon="-123.264701" lat="44.586964"><ele>71.831482</ele><time>2021-01-19T22:28:20Z</time><extensions><speed>0.307002</speed><course>166.987411</course><hAcc>1.072760</hAcc><vAcc>0.746151</vAcc></extensions></trkpt>
      <trkpt lon="-123.264702" lat="44.586962"><ele>71.842430</ele><time>2021-01-19T22:28:21Z</time><extensions><speed>0.276063</speed><course>123.885551</course><hAcc>1.076618</hAcc><vAcc>0.748508</vAcc></extensions></trkpt>
      <trkpt lon="-123.264703" lat="44.586960"><ele>71.852745</ele><time>2021-01-19T22:28:22Z</time><extensions><speed>0.244675</speed><course>171.933121</course><hAcc>1.079413</hAcc><vAcc>0.750201</vAcc></extensions></trkpt>
      <trkpt lon="-123.264703" lat="44.586958"><ele>71.862183</ele><time>2021-01-19T22:28:23Z</time><extensions><speed>0.214141</speed><course>156.520676</course><hAcc>1.081366</hAcc><vAcc>0.751374</vAcc></extensions></trkpt>
      <trkpt lon="-123.264703" lat="44.586956"><ele>71.870499</ele><time>2021-01-19T22:28:24Z</time><extensions><speed>0.185662</speed><course>157.976166</course><hAcc>1.082674</hAcc><vAcc>0.752152</vAcc></extensions></trkpt>
      <trkpt lon="-123.264703" lat="44.586954"><ele>71.877518</ele><time>2021-01-19T22:28:25Z</time><extensions><speed>0.160402</speed><course>162.096069</course><hAcc>1.083505</hAcc><vAcc>0.752641</vAcc></extensions></trkpt>
      <trkpt lon="-123.264703" lat="44.586953"><ele>71.883080</ele><time>2021-01-19T22:28:26Z</time><extensions><speed>0.139499</speed><course>165.839340</course><hAcc>1.083996</hAcc><vAcc>0.752925</vAcc></extensions></trkpt>
      <trkpt lon="-123.264702" lat="44.586952"><ele>71.887085</ele><time>2021-01-19T22:28:27Z</time><extensions><speed>0.123983</speed><course>166.884598</course><hAcc>1.084252</hAcc><vAcc>0.753071</vAcc></extensions></trkpt>
      <trkpt lon="-123.264702" lat="44.586951"><ele>71.889450</ele><time>2021-01-19T22:28:28Z</time><extensions><speed>0.114496</speed><course>166.561554</course><hAcc>1.084354</hAcc><vAcc>0.753126</vAcc></extensions></trkpt>
      <trkpt lon="-123.264701" lat="44.586950"><ele>71.890175</ele><time>2021-01-19T22:28:29Z</time><extensions><speed>0.110926</speed><course>165.776703</course><hAcc>1.084360</hAcc><vAcc>0.753125</vAcc></extensions></trkpt>
      <trkpt lon="-123.264700" lat="44.586949"><ele>71.889259</ele><time>2021-01-19T22:28:30Z</time><extensions><speed>0.112467</speed><course>167.148346</course><hAcc>1.084317</hAcc><vAcc>0.753094</vAcc></extensions></trkpt>
      <trkpt lon="-123.264699" lat="44.586949"><ele>71.886765</ele><time>2021-01-19T22:28:31Z</time><extensions><speed>0.117931</speed><course>166.198990</course><hAcc>1.084259</hAcc><vAcc>0.753053</vAcc></extensions></trkpt>
      <trkpt lon="-123.264697" lat="44.586948"><ele>71.882774</ele><time>2021-01-19T22:28:32Z</time><extensions><speed>0.126104</speed><course>168.408966</course><hAcc>1.084221</hAcc><vAcc>0.753022</vAcc></extensions></trkpt>
      <trkpt lon="-123.264696" lat="44.586948"><ele>71.877396</ele><time>2021-01-19T22:28:33Z</time><extensions><speed>0.135969</speed><course>168.375092</course><hAcc>1.084242</hAcc><vAcc>0.753024</vAcc></extensions></trkpt>
      <trkpt lon="-123.264694" lat="44.586948"><ele>71.870766</ele><time>2021-01-19T22:28:34Z</time><extensions><speed>0.146727</speed><course>167.793808</course><hAcc>1.084367</hAcc><vAcc>0.753090</vAcc></extensions></trkpt>
      <trkpt lon="-123.264692" lat="44.586947"><ele>71.863052</ele><time>2021-01-19T22:28:35Z</time><extensions><speed>0.157786</speed><course>93.071625</course><hAcc>1.084655</hAcc><vAcc>0.753258</vAcc></extensions></trkpt>
      <trkpt lon="-123.264690" lat="44.586947"><ele>71.854454</ele><time>2021-01-19T22:28:36Z</time><extensions><speed>0.168716</speed><course>83.260429</course><hAcc>1.085180</hAcc><vAcc>0.753582</vAcc></extensions></trkpt>
      <trkpt lon="-123.264688" lat="44.586947"><ele>71.845169</ele><time>2021-01-19T22:28:37Z</time><extensions><speed>0.179078</speed><course>66.245811</course><hAcc>1.086031</hAcc><vAcc>0.754129</vAcc></extensions></trkpt>
      <trkpt lon="-123.264686" lat="44.586947"><ele>71.835411</ele><time>2021-01-19T22:28:38Z</time><extensions><speed>0.188430</speed><course>63.698448</course><hAcc>1.087310</hAcc><vAcc>0.754976</vAcc></extensions></trkpt>
      <trkpt lon="-123.264683" lat="44.586946"><ele>71.825401</ele><time>2021-01-19T22:28:39Z</time><extensions><speed>0.196409</speed><course>70.652618</course><hAcc>1.089123</hAcc><vAcc>0.756211</vAcc></extensions></trkpt>
      <trkpt lon="-123.264681" lat="44.586946"><ele>71.815399</ele><time>2021-01-19T22:28:40Z</time><extensions><speed>0.202727</speed><course>83.957169</course><hAcc>1.091567</hAcc><vAcc>0.757923</vAcc></extensions></trkpt>
      <trkpt lon="-123.264678" lat="44.586946"><ele>71.805679</ele><time>2021-01-19T22:28:41Z</time><extensions><speed>0.207300</speed><course>91.851616</course><hAcc>1.094710</hAcc><vAcc>0.760186</vAcc></extensions></trkpt>
      <trkpt lon="-123.264676" lat="44.586946"><ele>71.796486</ele><time>2021-01-19T22:28:42Z</time><extensions><speed>0.210023</speed><course>97.331345</course><hAcc>1.098568</hAcc><vAcc>0.763047</vAcc></extensions></trkpt>
      <trkpt lon="-123.264673" lat="44.586945"><ele>71.788010</ele><time>2021-01-19T22:28:43Z</time><extensions><speed>0.210968</speed><course>101.589409</course><hAcc>1.103063</hAcc><vAcc>0.766495</vAcc></extensions></trkpt>
      <trkpt lon="-123.264670" lat="44.586945"><ele>71.780464</ele><time>2021-01-19T22:28:44Z</time><extensions><speed>0.210849</speed><course>102.583984</course><hAcc>1.107994</hAcc><vAcc>0.770438</vAcc></extensions></trkpt>
      <trkpt lon="-123.264668" lat="44.586945"><ele>71.774055</ele><time>2021-01-19T22:28:45Z</time><extensions><speed>0.210683</speed><course>115.577057</course><hAcc>1.112985</hAcc><vAcc>0.774667</vAcc></extensions></trkpt>
      <trkpt lon="-123.264665" lat="44.586945"><ele>71.769028</ele><time>2021-01-19T22:28:46Z</time><extensions><speed>0.211369</speed><course>147.635468</course><hAcc>1.117458</hAcc><vAcc>0.778829</vAcc></extensions></trkpt>
      <trkpt lon="-123.264662" lat="44.586945"><ele>71.765625</ele><time>2021-01-19T22:28:47Z</time><extensions><speed>0.213545</speed><course>156.891235</course><hAcc>1.120593</hAcc><vAcc>0.782398</vAcc></extensions></trkpt>
      <trkpt lon="-123.264660" lat="44.586945"><ele>71.764099</ele><time>2021-01-19T22:28:48Z</time><extensions><speed>0.217563</speed><course>163.743652</course><hAcc>1.121327</hAcc><vAcc>0.784665</vAcc></extensions></trkpt>
      <trkpt lon="-123.264657" lat="44.586945"><ele>71.764664</ele><time>2021-01-19T22:28:49Z</time><extensions><speed>0.223487</speed><course>173.026245</course><hAcc>1.118372</hAcc><vAcc>0.784747</vAcc></extensions></trkpt>
      <trkpt lon="-123.264654" lat="44.586945"><ele>71.767563</ele><time>2021-01-19T22:28:50Z</time><extensions><speed>0.231179</speed><course>148.051804</course><hAcc>1.110435</hAcc><vAcc>0.781738</vAcc></extensions></trkpt>
      <trkpt lon="-123.264651" lat="44.586945"><ele>71.772972</ele><time>2021-01-19T22:28:51Z</time><extensions><speed>0.240403</speed><course>121.340691</course><hAcc>1.096624</hAcc><vAcc>0.774984</vAcc></extensions></trkpt>
      <trkpt lon="-123.264648" lat="44.586945"><ele>71.781052</ele><time>2021-01-19T22:28:52Z</time><extensions><speed>0.250835</speed><course>114.292229</course><hAcc>1.076672</hAcc><vAcc>0.764236</vAcc></extensions></trkpt>
      <trkpt lon="-123.264645" lat="44.586945"><ele>71.791908</ele><time>2021-01-19T22:28:53Z</time><extensions><speed>0.262077</speed><course>66.368950</course><hAcc>1.050960</hAcc><vAcc>0.749659</vAcc></extensions></trkpt>
      <trkpt lon="-123.264641" lat="44.586945"><ele>71.805588</ele><time>2021-01-19T22:28:54Z</time><extensions><speed>0.273663</speed><course>53.251438</course><hAcc>1.020497</hAcc><vAcc>0.731811</vAcc></extensions></trkpt>
      <trkpt lon="-123.264640" lat="44.586945"><ele>71.813049</ele><time>2021-01-19T22:28:55Z</time><extensions><speed>0.276356</speed><course>1.014127</course><hAcc>1.006660</hAcc><vAcc>0.723796</vAcc></extensions></trkpt>
      <trkpt lon="-123.264638" lat="44.586945"><ele>71.821381</ele><time>2021-01-19T22:28:56Z</time><extensions><speed>0.279484</speed><course>18.134516</course><hAcc>0.996168</hAcc><vAcc>0.718199</vAcc></extensions></trkpt>
      <trkpt lon="-123.264634" lat="44.586945"><ele>71.839432</ele><time>2021-01-19T22:28:57Z</time><extensions><speed>0.292936</speed><course>7.795569</course><hAcc>0.980369</hAcc><vAcc>0.710192</vAcc></extensions></trkpt>
      <trkpt lon="-123.264630" lat="44.586945"><ele>71.860847</ele><time>2021-01-19T22:28:58Z</time><extensions><speed>0.309491</speed><course>63.686802</course><hAcc>0.965751</hAcc><vAcc>0.702456</vAcc></extensions></trkpt>
      <trkpt lon="-123.264626" lat="44.586945"><ele>71.886131</ele><time>2021-01-19T22:28:59Z</time><extensions><speed>0.329476</speed><course>56.583775</course><hAcc>0.953274</hAcc><vAcc>0.695653</vAcc></extensions></trkpt>
      <trkpt lon="-123.264622" lat="44.586944"><ele>71.915802</ele><time>2021-01-19T22:29:00Z</time><extensions><speed>0.352943</speed><course>43.326141</course><hAcc>0.943340</hAcc><vAcc>0.690112</vAcc></extensions></trkpt>
      <trkpt lon="-123.264618" lat="44.586944"><ele>71.950264</ele><time>2021-01-19T22:29:01Z</time><extensions><speed>0.379414</speed><course>109.294609</course><hAcc>0.935951</hAcc><vAcc>0.685921</vAcc></extensions></trkpt>
      <trkpt lon="-123.264613" lat="44.586943"><ele>71.989540</ele><time>2021-01-19T22:29:02Z</time><extensions><speed>0.407140</speed><course>176.261887</course><hAcc>0.930871</hAcc><vAcc>0.683020</vAcc></extensions></trkpt>
      <trkpt lon="-123.264608" lat="44.586942"><ele>72.033028</ele><time>2021-01-19T22:29:03Z</time><extensions><speed>0.433526</speed><course>119.107803</course><hAcc>0.927747</hAcc><vAcc>0.681263</vAcc></extensions></trkpt>
      <trkpt lon="-123.264602" lat="44.586941"><ele>72.079582</ele><time>2021-01-19T22:29:04Z</time><extensions><speed>0.456366</speed><course>93.609138</course><hAcc>0.926199</hAcc><vAcc>0.680471</vAcc></extensions></trkpt>
      <trkpt lon="-123.264597" lat="44.586940"><ele>72.127762</ele><time>2021-01-19T22:29:05Z</time><extensions><speed>0.473641</speed><course>94.500694</course><hAcc>0.925881</hAcc><vAcc>0.680468</vAcc></extensions></trkpt>
      <trkpt lon="-123.264591" lat="44.586939"><ele>72.175835</ele><time>2021-01-19T22:29:06Z</time><extensions><speed>0.483147</speed><course>105.728432</course><hAcc>0.926501</hAcc><vAcc>0.681094</vAcc></extensions></trkpt>
      <trkpt lon="-123.264585" lat="44.586938"><ele>72.221909</ele><time>2021-01-19T22:29:07Z</time><extensions><speed>0.483181</speed><course>135.037704</course><hAcc>0.927832</hAcc><vAcc>0.682213</vAcc></extensions></trkpt>
      <trkpt lon="-123.264579" lat="44.586936"><ele>72.264107</ele><time>2021-01-19T22:29:08Z</time><extensions><speed>0.473387</speed><course>130.945023</course><hAcc>0.929694</hAcc><vAcc>0.683705</vAcc></extensions></trkpt>
      <trkpt lon="-123.264574" lat="44.586934"><ele>72.300858</ele><time>2021-01-19T22:29:09Z</time><extensions><speed>0.454422</speed><course>131.015274</course><hAcc>0.931940</hAcc><vAcc>0.685458</vAcc></extensions></trkpt>
      <trkpt lon="-123.264569" lat="44.586933"><ele>72.331177</ele><time>2021-01-19T22:29:10Z</time><extensions><speed>0.427021</speed><course>62.004807</course><hAcc>0.934431</hAcc><vAcc>0.687359</vAcc></extensions></trkpt>
      <trkpt lon="-123.264564" lat="44.586931"><ele>72.354820</ele><time>2021-01-19T22:29:11Z</time><extensions><speed>0.391973</speed><course>45.188229</course><hAcc>0.937012</hAcc><vAcc>0.689280</vAcc></extensions></trkpt>
      <trkpt lon="-123.264560" lat="44.586930"><ele>72.372185</ele><time>2021-01-19T22:29:12Z</time><extensions><speed>0.351297</speed><course>26.328745</course><hAcc>0.939502</hAcc><vAcc>0.691076</vAcc></extensions></trkpt>
      <trkpt lon="-123.264557" lat="44.586928"><ele>72.384003</ele><time>2021-01-19T22:29:13Z</time><extensions><speed>0.307688</speed><course>334.104675</course><hAcc>0.941692</hAcc><vAcc>0.692591</vAcc></extensions></trkpt>
      <trkpt lon="-123.264554" lat="44.586927"><ele>72.391212</ele><time>2021-01-19T22:29:14Z</time><extensions><speed>0.263566</speed><course>287.554077</course><hAcc>0.943370</hAcc><vAcc>0.693684</vAcc></extensions></trkpt>
      <trkpt lon="-123.264551" lat="44.586925"><ele>72.394958</ele><time>2021-01-19T22:29:15Z</time><extensions><speed>0.221722</speed><course>239.573044</course><hAcc>0.944383</hAcc><vAcc>0.694273</vAcc></extensions></trkpt>
      <trkpt lon="-123.264549" lat="44.586924"><ele>72.396393</ele><time>2021-01-19T22:29:16Z</time><extensions><speed>0.185205</speed><course>225.861847</course><hAcc>0.944742</hAcc><vAcc>0.694427</vAcc></extensions></trkpt>
      <trkpt lon="-123.264548" lat="44.586923"><ele>72.396484</ele><time>2021-01-19T22:29:17Z</time><extensions><speed>0.157022</speed><course>214.079315</course><hAcc>0.944811</hAcc><vAcc>0.694497</vAcc></extensions></trkpt>
      <trkpt lon="-123.264548" lat="44.586922"><ele>72.396080</ele><time>2021-01-19T22:29:18Z</time><extensions><speed>0.139905</speed><course>165.637695</course><hAcc>0.945571</hAcc><vAcc>0.695308</vAcc></extensions></trkpt>
      <trkpt lon="-123.264548" lat="44.586920"><ele>72.395889</ele><time>2021-01-19T22:29:19Z</time><extensions><speed>0.135269</speed><course>161.669907</course><hAcc>0.948986</hAcc><vAcc>0.698413</vAcc></extensions></trkpt>
      <trkpt lon="-123.264548" lat="44.586919"><ele>72.396492</ele><time>2021-01-19T22:29:20Z</time><extensions><speed>0.140942</speed><course>156.852966</course><hAcc>0.958417</hAcc><vAcc>0.706356</vAcc></extensions></trkpt>
      <trkpt lon="-123.264549" lat="44.586918"><ele>72.398300</ele><time>2021-01-19T22:29:21Z</time><extensions><speed>0.151978</speed><course>157.565491</course><hAcc>0.978974</hAcc><vAcc>0.722873</vAcc></extensions></trkpt>
      <trkpt lon="-123.264550" lat="44.586917"><ele>72.401505</ele><time>2021-01-19T22:29:22Z</time><extensions><speed>0.163694</speed><course>181.133331</course><hAcc>1.017538</hAcc><vAcc>0.752840</vAcc></extensions></trkpt>
      <trkpt lon="-123.264551" lat="44.586915"><ele>72.406052</ele><time>2021-01-19T22:29:23Z</time><extensions><speed>0.173100</speed><course>184.083649</course><hAcc>1.082137</hAcc><vAcc>0.801781</vAcc></extensions></trkpt>
      <trkpt lon="-123.264553" lat="44.586914"><ele>72.411674</ele><time>2021-01-19T22:29:24Z</time><extensions><speed>0.179171</speed><course>185.082565</course><hAcc>1.180590</hAcc><vAcc>0.874931</vAcc></extensions></trkpt>
      <trkpt lon="-123.264554" lat="44.586913"><ele>72.418007</ele><time>2021-01-19T22:29:25Z</time><extensions><speed>0.182292</speed><course>182.232101</course><hAcc>1.318894</hAcc><vAcc>0.976200</vAcc></extensions></trkpt>
      <trkpt lon="-123.264556" lat="44.586912"><ele>72.424690</ele><time>2021-01-19T22:29:26Z</time><extensions><speed>0.183461</speed><course>183.298203</course><hAcc>1.500121</hAcc><vAcc>1.107518</vAcc></extensions></trkpt>
      <trkpt lon="-123.264558" lat="44.586911"><ele>72.431480</ele><time>2021-01-19T22:29:27Z</time><extensions><speed>0.183732</speed><course>184.820831</course><hAcc>1.724196</hAcc><vAcc>1.268730</vAcc></extensions></trkpt>
    </trkseg>
  </trk>
</gpx>