<?xml version="1.0" encoding="UTF-8"?>
<gpx version="1.1" creator="Apple Health Export" xmlns="http://www.topografix.com/GPX/1/1" xmlns:xsi="http://www.w3.org/2001/XMLSchema-instance" xsi:schemaLocation="http://www.topografix.com/GPX/1/1 http://www.topografix.com/GPX/1/1/gpx.xsd">
  <metadata>
    <time>2021-02-21T19:24:49Z</time>
  </metadata>
  <trk>
    <name>Route 2021-01-17 1:16pm</name>
    <trkseg>
      <trkpt lon="-123.332203" lat="44.616999"><ele>235.463211</ele><time>2021-01-17T20:21:29Z</time><extensions><speed>0.626749</speed><course>8.020940</course><hAcc>2.081816</hAcc><vAcc>1.440119</vAcc></extensions></trkpt>
      <trkpt lon="-123.332196" lat="44.617001"><ele>235.631287</ele><time>2021-01-17T20:21:30Z</time><extensions><speed>0.627243</speed><course>6.728065</course><hAcc>1.834043</hAcc><vAcc>1.267849</vAcc></extensions></trkpt>
      <trkpt lon="-123.332189" lat="44.617004"><ele>235.796432</ele><time>2021-01-17T20:21:31Z</time><extensions><speed>0.628877</speed><course>12.937521</course><hAcc>1.623310</hAcc><vAcc>1.122116</vAcc></extensions></trkpt>
      <trkpt lon="-123.332182" lat="44.617006"><ele>235.954544</ele><time>2021-01-17T20:21:32Z</time><extensions><speed>0.632456</speed><course>-1.000000</course><hAcc>1.450040</hAcc><vAcc>1.003088</vAcc></extensions></trkpt>
      <trkpt lon="-123.332174" lat="44.617009"><ele>236.100098</ele><time>2021-01-17T20:21:33Z</time><extensions><speed>0.638856</speed><course>80.504128</course><hAcc>1.313297</hAcc><vAcc>0.909899</vAcc></extensions></trkpt>
      <trkpt lon="-123.332167" lat="44.617011"><ele>236.226898</ele><time>2021-01-17T20:21:34Z</time><extensions><speed>0.649306</speed><course>101.818825</course><hAcc>1.210253</hAcc><vAcc>0.840308</vAcc></extensions></trkpt>
      <trkpt lon="-123.332160" lat="44.617014"><ele>236.329071</ele><time>2021-01-17T20:21:35Z</time><extensions><speed>0.665823</speed><course>-1.000000</course><hAcc>1.136236</hAcc><vAcc>0.790795</vAcc></extensions></trkpt>
      <trkpt lon="-123.332152" lat="44.617016"><ele>236.402298</ele><time>2021-01-17T20:21:36Z</time><extensions><speed>0.690399</speed><course>-1.000000</course><hAcc>1.085410</hAcc><vAcc>0.757101</vAcc></extensions></trkpt>
      <trkpt lon="-123.332144" lat="44.617019"><ele>236.445084</ele><time>2021-01-17T20:21:37Z</time><extensions><speed>0.724251</speed><course>266.237030</course><hAcc>1.051707</hAcc><vAcc>0.734914</vAcc></extensions></trkpt>
      <trkpt lon="-123.332135" lat="44.617022"><ele>236.458633</ele><time>2021-01-17T20:21:38Z</time><extensions><speed>0.765157</speed><course>266.237030</course><hAcc>1.029731</hAcc><vAcc>0.720484</vAcc></extensions></trkpt>
      <trkpt lon="-123.332126" lat="44.617024"><ele>236.445068</ele><time>2021-01-17T20:21:39Z</time><extensions><speed>0.807816</speed><course>266.237030</course><hAcc>1.015309</hAcc><vAcc>0.710965</vAcc></extensions></trkpt>
      <trkpt lon="-123.332116" lat="44.617027"><ele>236.406250</ele><time>2021-01-17T20:21:40Z</time><extensions><speed>0.846860</speed><course>266.237061</course><hAcc>1.005492</hAcc><vAcc>0.704384</vAcc></extensions></trkpt>
      <trkpt lon="-123.332106" lat="44.617029"><ele>236.343552</ele><time>2021-01-17T20:21:41Z</time><extensions><speed>0.878100</speed><course>47.927937</course><hAcc>0.998251</hAcc><vAcc>0.699418</vAcc></extensions></trkpt>
      <trkpt lon="-123.332095" lat="44.617031"><ele>236.258926</ele><time>2021-01-17T20:21:42Z</time><extensions><speed>0.899699</speed><course>36.048290</course><hAcc>0.992285</hAcc><vAcc>0.695236</vAcc></extensions></trkpt>
      <trkpt lon="-123.332084" lat="44.617033"><ele>236.155182</ele><time>2021-01-17T20:21:43Z</time><extensions><speed>0.911572</speed><course>-1.000000</course><hAcc>0.986787</hAcc><vAcc>0.691344</vAcc></extensions></trkpt>
      <trkpt lon="-123.332073" lat="44.617035"><ele>236.035400</ele><time>2021-01-17T20:21:44Z</time><extensions><speed>0.913530</speed><course>79.149345</course><hAcc>0.981103</hAcc><vAcc>0.687353</vAcc></extensions></trkpt>
      <trkpt lon="-123.332062" lat="44.617037"><ele>235.904694</ele><time>2021-01-17T20:21:45Z</time><extensions><speed>0.905693</speed><course>99.123474</course><hAcc>0.974666</hAcc><vAcc>0.682930</vAcc></extensions></trkpt>
      <trkpt lon="-123.332051" lat="44.617038"><ele>235.771210</ele><time>2021-01-17T20:21:46Z</time><extensions><speed>0.887443</speed><course>78.878967</course><hAcc>0.967147</hAcc><vAcc>0.677888</vAcc></extensions></trkpt>
      <trkpt lon="-123.332040" lat="44.617040"><ele>235.644562</ele><time>2021-01-17T20:21:47Z</time><extensions><speed>0.857540</speed><course>79.640625</course><hAcc>0.958460</hAcc><vAcc>0.672188</vAcc></extensions></trkpt>
      <trkpt lon="-123.332030" lat="44.617042"><ele>235.533295</ele><time>2021-01-17T20:21:48Z</time><extensions><speed>0.817728</speed><course>100.019135</course><hAcc>0.948760</hAcc><vAcc>0.665942</vAcc></extensions></trkpt>
      <trkpt lon="-123.332020" lat="44.617044"><ele>235.442398</ele><time>2021-01-17T20:21:49Z</time><extensions><speed>0.772137</speed><course>88.317009</course><hAcc>0.938477</hAcc><vAcc>0.659437</vAcc></extensions></trkpt>
      <trkpt lon="-123.332012" lat="44.617047"><ele>235.373428</ele><time>2021-01-17T20:21:50Z</time><extensions><speed>0.726845</speed><course>114.036186</course><hAcc>0.928259</hAcc><vAcc>0.653101</vAcc></extensions></trkpt>
      <trkpt lon="-123.332004" lat="44.617050"><ele>235.326324</ele><time>2021-01-17T20:21:51Z</time><extensions><speed>0.688571</speed><course>84.718346</course><hAcc>0.918865</hAcc><vAcc>0.647425</vAcc></extensions></trkpt>
      <trkpt lon="-123.331998" lat="44.617054"><ele>235.299942</ele><time>2021-01-17T20:21:52Z</time><extensions><speed>0.662293</speed><course>77.538361</course><hAcc>0.910999</hAcc><vAcc>0.642850</vAcc></extensions></trkpt>
      <trkpt lon="-123.331993" lat="44.617059"><ele>235.291168</ele><time>2021-01-17T20:21:53Z</time><extensions><speed>0.655003</speed><course>76.525635</course><hAcc>0.905171</hAcc><vAcc>0.639671</vAcc></extensions></trkpt>
      <trkpt lon="-123.331989" lat="44.617064"><ele>235.295761</ele><time>2021-01-17T20:21:54Z</time><extensions><speed>0.675179</speed><course>54.647522</course><hAcc>0.901641</hAcc><vAcc>0.638010</vAcc></extensions></trkpt>
      <trkpt lon="-123.331987" lat="44.617071"><ele>235.309952</ele><time>2021-01-17T20:21:55Z</time><extensions><speed>0.727674</speed><course>62.328114</course><hAcc>0.900391</hAcc><vAcc>0.637801</vAcc></extensions></trkpt>
      <trkpt lon="-123.331987" lat="44.617077"><ele>235.331131</ele><time>2021-01-17T20:21:56Z</time><extensions><speed>0.811426</speed><course>72.347229</course><hAcc>0.901166</hAcc><vAcc>0.638831</vAcc></extensions></trkpt>
      <trkpt lon="-123.331989" lat="44.617085"><ele>235.358337</ele><time>2021-01-17T20:21:57Z</time><extensions><speed>0.919386</speed><course>68.345848</course><hAcc>0.903550</hAcc><vAcc>0.640796</vAcc></extensions></trkpt>
      <trkpt lon="-123.331993" lat="44.617093"><ele>235.392288</ele><time>2021-01-17T20:21:58Z</time><extensions><speed>1.041028</speed><course>57.267757</course><hAcc>0.907085</hAcc><vAcc>0.643373</vAcc></extensions></trkpt>
      <trkpt lon="-123.331998" lat="44.617103"><ele>235.434830</ele><time>2021-01-17T20:21:59Z</time><extensions><speed>1.164033</speed><course>10.993678</course><hAcc>0.911347</hAcc><vAcc>0.646288</vAcc></extensions></trkpt>
      <trkpt lon="-123.332005" lat="44.617112"><ele>235.487518</ele><time>2021-01-17T20:22:00Z</time><extensions><speed>1.276777</speed><course>337.912598</course><hAcc>0.915917</hAcc><vAcc>0.649301</vAcc></extensions></trkpt>
      <trkpt lon="-123.332014" lat="44.617123"><ele>235.551834</ele><time>2021-01-17T20:22:01Z</time><extensions><speed>1.370527</speed><course>328.787323</course><hAcc>0.920350</hAcc><vAcc>0.652174</vAcc></extensions></trkpt>
      <trkpt lon="-123.332023" lat="44.617134"><ele>235.630188</ele><time>2021-01-17T20:22:02Z</time><extensions><speed>1.439571</speed><course>323.342255</course><hAcc>0.924259</hAcc><vAcc>0.654696</vAcc></extensions></trkpt>
      <trkpt lon="-123.332033" lat="44.617145"><ele>235.725403</ele><time>2021-01-17T20:22:03Z</time><extensions><speed>1.481564</speed><course>329.981110</course><hAcc>0.927503</hAcc><vAcc>0.656796</vAcc></extensions></trkpt>
      <trkpt lon="-123.332043" lat="44.617156"><ele>235.839188</ele><time>2021-01-17T20:22:04Z</time><extensions><speed>1.498485</speed><course>318.782928</course><hAcc>0.930268</hAcc><vAcc>0.658592</vAcc></extensions></trkpt>
      <trkpt lon="-123.332053" lat="44.617167"><ele>235.971634</ele><time>2021-01-17T20:22:05Z</time><extensions><speed>1.495605</speed><course>320.262054</course><hAcc>0.932897</hAcc><vAcc>0.660293</vAcc></extensions></trkpt>
      <trkpt lon="-123.332062" lat="44.617179"><ele>236.122101</ele><time>2021-01-17T20:22:06Z</time><extensions><speed>1.478828</speed><course>303.152191</course><hAcc>0.935668</hAcc><vAcc>0.662066</vAcc></extensions></trkpt>
      <trkpt lon="-123.332071" lat="44.617191"><ele>236.290588</ele><time>2021-01-17T20:22:07Z</time><extensions><speed>1.452429</speed><course>327.206940</course><hAcc>0.938724</hAcc><vAcc>0.663988</vAcc></extensions></trkpt>
      <trkpt lon="-123.332079" lat="44.617202"><ele>236.477783</ele><time>2021-01-17T20:22:08Z</time><extensions><speed>1.421903</speed><course>342.358002</course><hAcc>0.942172</hAcc><vAcc>0.666096</vAcc></extensions></trkpt>
      <trkpt lon="-123.332086" lat="44.617214"><ele>236.683609</ele><time>2021-01-17T20:22:09Z</time><extensions><speed>1.392351</speed><course>334.109283</course><hAcc>0.946174</hAcc><vAcc>0.668457</vAcc></extensions></trkpt>
      <trkpt lon="-123.332092" lat="44.617225"><ele>236.906616</ele><time>2021-01-17T20:22:10Z</time><extensions><speed>1.364881</speed><course>321.846436</course><hAcc>0.950926</hAcc><vAcc>0.671173</vAcc></extensions></trkpt>
      <trkpt lon="-123.332098" lat="44.617237"><ele>237.144775</ele><time>2021-01-17T20:22:11Z</time><extensions><speed>1.339153</speed><course>331.069336</course><hAcc>0.956548</hAcc><vAcc>0.674341</vAcc></extensions></trkpt>
      <trkpt lon="-123.332103" lat="44.617248"><ele>237.396545</ele><time>2021-01-17T20:22:12Z</time><extensions><speed>1.312932</speed><course>349.652222</course><hAcc>0.963008</hAcc><vAcc>0.677985</vAcc></extensions></trkpt>
      <trkpt lon="-123.332107" lat="44.617260"><ele>237.660736</ele><time>2021-01-17T20:22:13Z</time><extensions><speed>1.282164</speed><course>346.032501</course><hAcc>0.970018</hAcc><vAcc>0.681981</vAcc></extensions></trkpt>
      <trkpt lon="-123.332111" lat="44.617271"><ele>237.934525</ele><time>2021-01-17T20:22:14Z</time><extensions><speed>1.246111</speed><course>354.997650</course><hAcc>0.976995</hAcc><vAcc>0.686001</vAcc></extensions></trkpt>
      <trkpt lon="-123.332114" lat="44.617281"><ele>238.212921</ele><time>2021-01-17T20:22:15Z</time><extensions><speed>1.207016</speed><course>356.896423</course><hAcc>0.983165</hAcc><vAcc>0.689580</vAcc></extensions></trkpt>
      <trkpt lon="-123.332117" lat="44.617292"><ele>238.490067</ele><time>2021-01-17T20:22:16Z</time><extensions><speed>1.167282</speed><course>352.744293</course><hAcc>0.987795</hAcc><vAcc>0.692259</vAcc></extensions></trkpt>
      <trkpt lon="-123.332120" lat="44.617302"><ele>238.759674</ele><time>2021-01-17T20:22:17Z</time><extensions><speed>1.130253</speed><course>353.728302</course><hAcc>0.990436</hAcc><vAcc>0.693755</vAcc></extensions></trkpt>
      <trkpt lon="-123.332123" lat="44.617312"><ele>239.015656</ele><time>2021-01-17T20:22:18Z</time><extensions><speed>1.098535</speed><course>344.277985</course><hAcc>0.991014</hAcc><vAcc>0.694024</vAcc></extensions></trkpt>
      <trkpt lon="-123.332126" lat="44.617321"><ele>239.253769</ele><time>2021-01-17T20:22:19Z</time><extensions><speed>1.073683</speed><course>339.324097</course><hAcc>0.989778</hAcc><vAcc>0.693229</vAcc></extensions></trkpt>
      <trkpt lon="-123.332129" lat="44.617331"><ele>239.472427</ele><time>2021-01-17T20:22:20Z</time><extensions><speed>1.056813</speed><course>335.668732</course><hAcc>0.987170</hAcc><vAcc>0.691658</vAcc></extensions></trkpt>
      <trkpt lon="-123.332133" lat="44.617340"><ele>239.671829</ele><time>2021-01-17T20:22:21Z</time><extensions><speed>1.047408</speed><course>19.137600</course><hAcc>0.983645</hAcc><vAcc>0.689605</vAcc></extensions></trkpt>
      <trkpt lon="-123.332137" lat="44.617349"><ele>239.852783</ele><time>2021-01-17T20:22:22Z</time><extensions><speed>1.043831</speed><course>15.162264</course><hAcc>0.979505</hAcc><vAcc>0.687265</vAcc></extensions></trkpt>
      <trkpt lon="-123.332141" lat="44.617357"><ele>240.016830</ele><time>2021-01-17T20:22:23Z</time><extensions><speed>1.044717</speed><course>340.365265</course><hAcc>0.974839</hAcc><vAcc>0.684693</vAcc></extensions></trkpt>
      <trkpt lon="-123.332146" lat="44.617366"><ele>240.166672</ele><time>2021-01-17T20:22:24Z</time><extensions><speed>1.048175</speed><course>323.631226</course><hAcc>0.969501</hAcc><vAcc>0.681785</vAcc></extensions></trkpt>
      <trkpt lon="-123.332151" lat="44.617375"><ele>240.306564</ele><time>2021-01-17T20:22:25Z</time><extensions><speed>1.051508</speed><course>325.111572</course><hAcc>0.963210</hAcc><vAcc>0.678346</vAcc></extensions></trkpt>
      <trkpt lon="-123.332156" lat="44.617384"><ele>240.443161</ele><time>2021-01-17T20:22:26Z</time><extensions><speed>1.051566</speed><course>325.753937</course><hAcc>0.955759</hAcc><vAcc>0.674223</vAcc></extensions></trkpt>
      <trkpt lon="-123.332161" lat="44.617392"><ele>240.585358</ele><time>2021-01-17T20:22:27Z</time><extensions><speed>1.046320</speed><course>347.040100</course><hAcc>0.947193</hAcc><vAcc>0.669418</vAcc></extensions></trkpt>
      <trkpt lon="-123.332167" lat="44.617401"><ele>240.742584</ele><time>2021-01-17T20:22:28Z</time><extensions><speed>1.037393</speed><course>336.479706</course><hAcc>0.937886</hAcc><vAcc>0.664132</vAcc></extensions></trkpt>
      <trkpt lon="-123.332173" lat="44.617409"><ele>240.923294</ele><time>2021-01-17T20:22:29Z</time><extensions><speed>1.026870</speed><course>334.665253</course><hAcc>0.928450</hAcc><vAcc>0.658716</vAcc></extensions></trkpt>
      <trkpt lon="-123.332178" lat="44.617417"><ele>241.133072</ele><time>2021-01-17T20:22:30Z</time><extensions><speed>1.013792</speed><course>346.298676</course><hAcc>0.919514</hAcc><vAcc>0.653549</vAcc></extensions></trkpt>
      <trkpt lon="-123.332184" lat="44.617425"><ele>241.372711</ele><time>2021-01-17T20:22:31Z</time><extensions><speed>0.997236</speed><course>351.344086</course><hAcc>0.911565</hAcc><vAcc>0.648945</vAcc></extensions></trkpt>
      <trkpt lon="-123.332190" lat="44.617433"><ele>241.639801</ele><time>2021-01-17T20:22:32Z</time><extensions><speed>0.977713</speed><course>345.695251</course><hAcc>0.904923</hAcc><vAcc>0.645126</vAcc></extensions></trkpt>
      <trkpt lon="-123.332196" lat="44.617441"><ele>241.929840</ele><time>2021-01-17T20:22:33Z</time><extensions><speed>0.956477</speed><course>345.756622</course><hAcc>0.899766</hAcc><vAcc>0.642214</vAcc></extensions></trkpt>
      <trkpt lon="-123.332202" lat="44.617448"><ele>242.234802</ele><time>2021-01-17T20:22:34Z</time><extensions><speed>0.934931</speed><course>310.426880</course><hAcc>0.896181</hAcc><vAcc>0.640244</vAcc></extensions></trkpt>
      <trkpt lon="-123.332208" lat="44.617455"><ele>242.543259</ele><time>2021-01-17T20:22:35Z</time><extensions><speed>0.913719</speed><course>323.068207</course><hAcc>0.894187</hAcc><vAcc>0.639170</vAcc></extensions></trkpt>
      <trkpt lon="-123.332214" lat="44.617462"><ele>242.841553</ele><time>2021-01-17T20:22:36Z</time><extensions><speed>0.893668</speed><course>323.640228</course><hAcc>0.893728</hAcc><vAcc>0.638883</vAcc></extensions></trkpt>
      <trkpt lon="-123.332220" lat="44.617469"><ele>243.114410</ele><time>2021-01-17T20:22:37Z</time><extensions><speed>0.876060</speed><course>324.375031</course><hAcc>0.894720</hAcc><vAcc>0.639275</vAcc></extensions></trkpt>
      <trkpt lon="-123.332225" lat="44.617476"><ele>243.347000</ele><time>2021-01-17T20:22:38Z</time><extensions><speed>0.861524</speed><course>330.056274</course><hAcc>0.897092</hAcc><vAcc>0.640295</vAcc></extensions></trkpt>
      <trkpt lon="-123.332231" lat="44.617482"><ele>243.527069</ele><time>2021-01-17T20:22:39Z</time><extensions><speed>0.850758</speed><course>334.289490</course><hAcc>0.900775</hAcc><vAcc>0.641948</vAcc></extensions></trkpt>
      <trkpt lon="-123.332236" lat="44.617489"><ele>243.645493</ele><time>2021-01-17T20:22:40Z</time><extensions><speed>0.845270</speed><course>317.251068</course><hAcc>0.905630</hAcc><vAcc>0.644233</vAcc></extensions></trkpt>
      <trkpt lon="-123.332241" lat="44.617496"><ele>243.696259</ele><time>2021-01-17T20:22:41Z</time><extensions><speed>0.845618</speed><course>314.664612</course><hAcc>0.911373</hAcc><vAcc>0.647076</vAcc></extensions></trkpt>
      <trkpt lon="-123.332246" lat="44.617503"><ele>243.676895</ele><time>2021-01-17T20:22:42Z</time><extensions><speed>0.851735</speed><course>299.662872</course><hAcc>0.917566</hAcc><vAcc>0.650289</vAcc></extensions></trkpt>
      <trkpt lon="-123.332250" lat="44.617510"><ele>243.587982</ele><time>2021-01-17T20:22:43Z</time><extensions><speed>0.863127</speed><course>301.210419</course><hAcc>0.923666</hAcc><vAcc>0.653592</vAcc></extensions></trkpt>
      <trkpt lon="-123.332254" lat="44.617517"><ele>243.432465</ele><time>2021-01-17T20:22:44Z</time><extensions><speed>0.879322</speed><course>317.702026</course><hAcc>0.929098</hAcc><vAcc>0.656658</vAcc></extensions></trkpt>
      <trkpt lon="-123.332257" lat="44.617525"><ele>243.216293</ele><time>2021-01-17T20:22:45Z</time><extensions><speed>0.900778</speed><course>324.278687</course><hAcc>0.933348</hAcc><vAcc>0.659172</vAcc></extensions></trkpt>
      <trkpt lon="-123.332260" lat="44.617533"><ele>242.948334</ele><time>2021-01-17T20:22:46Z</time><extensions><speed>0.927750</speed><course>326.223267</course><hAcc>0.936040</hAcc><vAcc>0.660893</vAcc></extensions></trkpt>
      <trkpt lon="-123.332262" lat="44.617541"><ele>242.641068</ele><time>2021-01-17T20:22:47Z</time><extensions><speed>0.959756</speed><course>355.735809</course><hAcc>0.937044</hAcc><vAcc>0.661723</vAcc></extensions></trkpt>
      <trkpt lon="-123.332264" lat="44.617550"><ele>242.310715</ele><time>2021-01-17T20:22:48Z</time><extensions><speed>0.995752</speed><course>343.750488</course><hAcc>0.936461</hAcc><vAcc>0.661700</vAcc></extensions></trkpt>
      <trkpt lon="-123.332266" lat="44.617559"><ele>241.974548</ele><time>2021-01-17T20:22:49Z</time><extensions><speed>1.035800</speed><course>323.864716</course><hAcc>0.934547</hAcc><vAcc>0.660953</vAcc></extensions></trkpt>
      <trkpt lon="-123.332267" lat="44.617568"><ele>241.648758</ele><time>2021-01-17T20:22:50Z</time><extensions><speed>1.079273</speed><course>318.080750</course><hAcc>0.931629</hAcc><vAcc>0.659654</vAcc></extensions></trkpt>
      <trkpt lon="-123.332268" lat="44.617578"><ele>241.346741</ele><time>2021-01-17T20:22:51Z</time><extensions><speed>1.123623</speed><course>-1.000000</course><hAcc>0.928001</hAcc><vAcc>0.657960</vAcc></extensions></trkpt>
      <trkpt lon="-123.332268" lat="44.617588"><ele>241.077469</ele><time>2021-01-17T20:22:52Z</time><extensions><speed>1.166332</speed><course>331.250336</course><hAcc>0.923926</hAcc><vAcc>0.656016</vAcc></extensions></trkpt>
      <trkpt lon="-123.332269" lat="44.617599"><ele>240.845016</ele><time>2021-01-17T20:22:53Z</time><extensions><speed>1.206125</speed><course>356.449799</course><hAcc>0.919749</hAcc><vAcc>0.654019</vAcc></extensions></trkpt>
      <trkpt lon="-123.332270" lat="44.617610"><ele>240.650528</ele><time>2021-01-17T20:22:54Z</time><extensions><speed>1.242372</speed><course>358.664978</course><hAcc>0.915933</hAcc><vAcc>0.652236</vAcc></extensions></trkpt>
      <trkpt lon="-123.332270" lat="44.617621"><ele>240.494751</ele><time>2021-01-17T20:22:55Z</time><extensions><speed>1.275548</speed><course>2.871100</course><hAcc>0.912970</hAcc><vAcc>0.650927</vAcc></extensions></trkpt>
      <trkpt lon="-123.332272" lat="44.617633"><ele>240.378967</ele><time>2021-01-17T20:22:56Z</time><extensions><speed>1.307692</speed><course>359.444336</course><hAcc>0.911235</hAcc><vAcc>0.650267</vAcc></extensions></trkpt>
      <trkpt lon="-123.332273" lat="44.617645"><ele>240.304367</ele><time>2021-01-17T20:22:57Z</time><extensions><speed>1.340700</speed><course>338.232452</course><hAcc>0.910955</hAcc><vAcc>0.650332</vAcc></extensions></trkpt>
      <trkpt lon="-123.332274" lat="44.617657"><ele>240.270676</ele><time>2021-01-17T20:22:58Z</time><extensions><speed>1.374478</speed><course>334.801819</course><hAcc>0.912213</hAcc><vAcc>0.651136</vAcc></extensions></trkpt>
      <trkpt lon="-123.332276" lat="44.617670"><ele>240.275604</ele><time>2021-01-17T20:22:59Z</time><extensions><speed>1.406852</speed><course>353.071533</course><hAcc>0.914924</hAcc><vAcc>0.652628</vAcc></extensions></trkpt>
      <trkpt lon="-123.332278" lat="44.617682"><ele>240.315689</ele><time>2021-01-17T20:23:00Z</time><extensions><speed>1.435065</speed><course>352.881073</course><hAcc>0.918793</hAcc><vAcc>0.654671</vAcc></extensions></trkpt>
      <trkpt lon="-123.332281" lat="44.617695"><ele>240.385895</ele><time>2021-01-17T20:23:01Z</time><extensions><speed>1.455664</speed><course>-1.000000</course><hAcc>0.923288</hAcc><vAcc>0.657018</vAcc></extensions></trkpt>
      <trkpt lon="-123.332284" lat="44.617708"><ele>240.479370</ele><time>2021-01-17T20:23:02Z</time><extensions><speed>1.463030</speed><course>5.043619</course><hAcc>0.927675</hAcc><vAcc>0.659299</vAcc></extensions></trkpt>
      <trkpt lon="-123.332287" lat="44.617721"><ele>240.589447</ele><time>2021-01-17T20:23:03Z</time><extensions><speed>1.451166</speed><course>357.199280</course><hAcc>0.931152</hAcc><vAcc>0.661082</vAcc></extensions></trkpt>
      <trkpt lon="-123.332290" lat="44.617734"><ele>240.709763</ele><time>2021-01-17T20:23:04Z</time><extensions><speed>1.417912</speed><course>350.516754</course><hAcc>0.933023</hAcc><vAcc>0.661979</vAcc></extensions></trkpt>
      <trkpt lon="-123.332294" lat="44.617746"><ele>240.834290</ele><time>2021-01-17T20:23:05Z</time><extensions><speed>1.364442</speed><course>348.674988</course><hAcc>0.932916</hAcc><vAcc>0.661780</vAcc></extensions></trkpt>
      <trkpt lon="-123.332297" lat="44.617758"><ele>240.958542</ele><time>2021-01-17T20:23:06Z</time><extensions><speed>1.293664</speed><course>0.007853</course><hAcc>0.930920</hAcc><vAcc>0.660549</vAcc></extensions></trkpt>
      <trkpt lon="-123.332300" lat="44.617769"><ele>241.079407</ele><time>2021-01-17T20:23:07Z</time><extensions><speed>1.210107</speed><course>350.283417</course><hAcc>0.927558</hAcc><vAcc>0.658604</vAcc></extensions></trkpt>
      <trkpt lon="-123.332303" lat="44.617779"><ele>241.194458</ele><time>2021-01-17T20:23:08Z</time><extensions><speed>1.119186</speed><course>344.332672</course><hAcc>0.923649</hAcc><vAcc>0.656426</vAcc></extensions></trkpt>
      <trkpt lon="-123.332306" lat="44.617788"><ele>241.303299</ele><time>2021-01-17T20:23:09Z</time><extensions><speed>1.027102</speed><course>356.308075</course><hAcc>0.920125</hAcc><vAcc>0.654538</vAcc></extensions></trkpt>
      <trkpt lon="-123.332308" lat="44.617797"><ele>241.408096</ele><time>2021-01-17T20:23:10Z</time><extensions><speed>0.941541</speed><course>352.768433</course><hAcc>0.917800</hAcc><vAcc>0.653372</vAcc></extensions></trkpt>
      <trkpt lon="-123.332310" lat="44.617805"><ele>241.512100</ele><time>2021-01-17T20:23:11Z</time><extensions><speed>0.869375</speed><course>346.349915</course><hAcc>0.917197</hAcc><vAcc>0.653189</vAcc></extensions></trkpt>
      <trkpt lon="-123.332311" lat="44.617813"><ele>241.619400</ele><time>2021-01-17T20:23:12Z</time><extensions><speed>0.814619</speed><course>347.530029</course><hAcc>0.918505</hAcc><vAcc>0.654081</vAcc></extensions></trkpt>
      <trkpt lon="-123.332312" lat="44.617820"><ele>241.736572</ele><time>2021-01-17T20:23:13Z</time><extensions><speed>0.778879</speed><course>-1.000000</course><hAcc>0.921577</hAcc><vAcc>0.655963</vAcc></extensions></trkpt>
      <trkpt lon="-123.332313" lat="44.617827"><ele>241.871933</ele><time>2021-01-17T20:23:14Z</time><extensions><speed>0.760045</speed><course>-1.000000</course><hAcc>0.925908</hAcc><vAcc>0.658547</vAcc></extensions></trkpt>
      <trkpt lon="-123.332313" lat="44.617834"><ele>242.033020</ele><time>2021-01-17T20:23:15Z</time><extensions><speed>0.753448</speed><course>-1.000000</course><hAcc>0.930703</hAcc><vAcc>0.661371</vAcc></extensions></trkpt>
      <trkpt lon="-123.332313" lat="44.617840"><ele>242.224426</ele><time>2021-01-17T20:23:16Z</time><extensions><speed>0.754180</speed><course>-1.000000</course><hAcc>0.935051</hAcc><vAcc>0.663906</vAcc></extensions></trkpt>
      <trkpt lon="-123.332313" lat="44.617847"><ele>242.447205</ele><time>2021-01-17T20:23:17Z</time><extensions><speed>0.758082</speed><course>6.489739</course><hAcc>0.938077</hAcc><vAcc>0.665642</vAcc></extensions></trkpt>
      <trkpt lon="-123.332314" lat="44.617854"><ele>242.699371</ele><time>2021-01-17T20:23:18Z</time><extensions><speed>0.762627</speed><course>9.082311</course><hAcc>0.939054</hAcc><vAcc>0.666153</vAcc></extensions></trkpt>
      <trkpt lon="-123.332314" lat="44.617861"><ele>242.976624</ele><time>2021-01-17T20:23:19Z</time><extensions><speed>0.767009</speed><course>356.213379</course><hAcc>0.937563</hAcc><vAcc>0.665206</vAcc></extensions></trkpt>
      <trkpt lon="-123.332314" lat="44.617868"><ele>243.274750</ele><time>2021-01-17T20:23:20Z</time><extensions><speed>0.772166</speed><course>347.679657</course><hAcc>0.933671</hAcc><vAcc>0.662865</vAcc></extensions></trkpt>
      <trkpt lon="-123.332314" lat="44.617875"><ele>243.592010</ele><time>2021-01-17T20:23:21Z</time><extensions><speed>0.777875</speed><course>3.873773</course><hAcc>0.927955</hAcc><vAcc>0.659495</vAcc></extensions></trkpt>
      <trkpt lon="-123.332315" lat="44.617882"><ele>243.928421</ele><time>2021-01-17T20:23:22Z</time><extensions><speed>0.782069</speed><course>328.571198</course><hAcc>0.921313</hAcc><vAcc>0.655638</vAcc></extensions></trkpt>
      <trkpt lon="-123.332315" lat="44.617889"><ele>244.283798</ele><time>2021-01-17T20:23:23Z</time><extensions><speed>0.782191</speed><course>347.190674</course><hAcc>0.914713</hAcc><vAcc>0.651845</vAcc></extensions></trkpt>
      <trkpt lon="-123.332315" lat="44.617896"><ele>244.657822</ele><time>2021-01-17T20:23:24Z</time><extensions><speed>0.775608</speed><course>350.314697</course><hAcc>0.908970</hAcc><vAcc>0.648542</vAcc></extensions></trkpt>
      <trkpt lon="-123.332315" lat="44.617903"><ele>245.050568</ele><time>2021-01-17T20:23:25Z</time><extensions><speed>0.761475</speed><course>349.463959</course><hAcc>0.904662</hAcc><vAcc>0.646004</vAcc></extensions></trkpt>
      <trkpt lon="-123.332315" lat="44.617909"><ele>245.462540</ele><time>2021-01-17T20:23:26Z</time><extensions><speed>0.740500</speed><course>351.456116</course><hAcc>0.902175</hAcc><vAcc>0.644414</vAcc></extensions></trkpt>
      <trkpt lon="-123.332315" lat="44.617916"><ele>245.894501</ele><time>2021-01-17T20:23:27Z</time><extensions><speed>0.714811</speed><course>346.425507</course><hAcc>0.901735</hAcc><vAcc>0.643907</vAcc></extensions></trkpt>
      <trkpt lon="-123.332314" lat="44.617922"><ele>246.346725</ele><time>2021-01-17T20:23:28Z</time><extensions><speed>0.688644</speed><course>347.746063</course><hAcc>0.903411</hAcc><vAcc>0.644552</vAcc></extensions></trkpt>
      <trkpt lon="-123.332314" lat="44.617928"><ele>246.818771</ele><time>2021-01-17T20:23:29Z</time><extensions><speed>0.667938</speed><course>336.346558</course><hAcc>0.907053</hAcc><vAcc>0.646304</vAcc></extensions></trkpt>
      <trkpt lon="-123.332313" lat="44.617934"><ele>247.309570</ele><time>2021-01-17T20:23:30Z</time><extensions><speed>0.657334</speed><course>334.821472</course><hAcc>0.912265</hAcc><vAcc>0.648967</vAcc></extensions></trkpt>
      <trkpt lon="-123.332311" lat="44.617940"><ele>247.817078</ele><time>2021-01-17T20:23:31Z</time><extensions><speed>0.657214</speed><course>334.821503</course><hAcc>0.918426</hAcc><vAcc>0.652232</vAcc></extensions></trkpt>
      <trkpt lon="-123.332310" lat="44.617946"><ele>248.337921</ele><time>2021-01-17T20:23:32Z</time><extensions><speed>0.665203</speed><course>334.821503</course><hAcc>0.924711</hAcc><vAcc>0.655679</vAcc></extensions></trkpt>
      <trkpt lon="-123.332308" lat="44.617952"><ele>248.866852</ele><time>2021-01-17T20:23:33Z</time><extensions><speed>0.678951</speed><course>-1.000000</course><hAcc>0.930208</hAcc><vAcc>0.658809</vAcc></extensions></trkpt>
      <trkpt lon="-123.332306" lat="44.617958"><ele>249.397018</ele><time>2021-01-17T20:23:34Z</time><extensions><speed>0.696461</speed><course>7.699410</course><hAcc>0.934180</hAcc><vAcc>0.661203</vAcc></extensions></trkpt>
      <trkpt lon="-123.332304" lat="44.617964"><ele>249.920288</ele><time>2021-01-17T20:23:35Z</time><extensions><speed>0.716760</speed><course>8.336260</course><hAcc>0.936264</hAcc><vAcc>0.662648</vAcc></extensions></trkpt>
      <trkpt lon="-123.332302" lat="44.617971"><ele>250.427231</ele><time>2021-01-17T20:23:36Z</time><extensions><speed>0.738955</speed><course>8.558822</course><hAcc>0.936370</hAcc><vAcc>0.663073</vAcc></extensions></trkpt>
      <trkpt lon="-123.332299" lat="44.617977"><ele>250.908478</ele><time>2021-01-17T20:23:37Z</time><extensions><speed>0.761931</speed><course>349.101868</course><hAcc>0.934544</hAcc><vAcc>0.662454</vAcc></extensions></trkpt>
      <trkpt lon="-123.332297" lat="44.617984"><ele>251.356232</ele><time>2021-01-17T20:23:38Z</time><extensions><speed>0.785780</speed><course>-1.000000</course><hAcc>0.931066</hAcc><vAcc>0.660907</vAcc></extensions></trkpt>
      <trkpt lon="-123.332294" lat="44.617991"><ele>251.766083</ele><time>2021-01-17T20:23:39Z</time><extensions><speed>0.810202</speed><course>14.418791</course><hAcc>0.926468</hAcc><vAcc>0.658700</vAcc></extensions></trkpt>
      <trkpt lon="-123.332292" lat="44.617998"><ele>252.138031</ele><time>2021-01-17T20:23:40Z</time><extensions><speed>0.834722</speed><course>23.968079</course><hAcc>0.921317</hAcc><vAcc>0.656135</vAcc></extensions></trkpt>
      <trkpt lon="-123.332289" lat="44.618005"><ele>252.474304</ele><time>2021-01-17T20:23:41Z</time><extensions><speed>0.859705</speed><course>40.868187</course><hAcc>0.916071</hAcc><vAcc>0.653451</vAcc></extensions></trkpt>
      <trkpt lon="-123.332287" lat="44.618013"><ele>252.777252</ele><time>2021-01-17T20:23:42Z</time><extensions><speed>0.884901</speed><course>12.090776</course><hAcc>0.911053</hAcc><vAcc>0.650817</vAcc></extensions></trkpt>
      <trkpt lon="-123.332285" lat="44.618021"><ele>253.050018</ele><time>2021-01-17T20:23:43Z</time><extensions><speed>0.909040</speed><course>12.892334</course><hAcc>0.906464</hAcc><vAcc>0.648339</vAcc></extensions></trkpt>
      <trkpt lon="-123.332283" lat="44.618029"><ele>253.296921</ele><time>2021-01-17T20:23:44Z</time><extensions><speed>0.930867</speed><course>350.553650</course><hAcc>0.902409</hAcc><vAcc>0.646076</vAcc></extensions></trkpt>
      <trkpt lon="-123.332281" lat="44.618037"><ele>253.523376</ele><time>2021-01-17T20:23:45Z</time><extensions><speed>0.949509</speed><course>357.642975</course><hAcc>0.898942</hAcc><vAcc>0.644070</vAcc></extensions></trkpt>
      <trkpt lon="-123.332279" lat="44.618046"><ele>253.735275</ele><time>2021-01-17T20:23:46Z</time><extensions><speed>0.964143</speed><course>357.292847</course><hAcc>0.896098</hAcc><vAcc>0.642382</vAcc></extensions></trkpt>
      <trkpt lon="-123.332278" lat="44.618055"><ele>253.937241</ele><time>2021-01-17T20:23:47Z</time><extensions><speed>0.973924</speed><course>-1.000000</course><hAcc>0.893907</hAcc><vAcc>0.641090</vAcc></extensions></trkpt>
      <trkpt lon="-123.332277" lat="44.618063"><ele>254.133530</ele><time>2021-01-17T20:23:48Z</time><extensions><speed>0.977509</speed><course>20.487251</course><hAcc>0.892395</hAcc><vAcc>0.640283</vAcc></extensions></trkpt>
      <trkpt lon="-123.332277" lat="44.618072"><ele>254.329590</ele><time>2021-01-17T20:23:49Z</time><extensions><speed>0.973216</speed><course>15.378279</course><hAcc>0.891597</hAcc><vAcc>0.640031</vAcc></extensions></trkpt>
      <trkpt lon="-123.332277" lat="44.618081"><ele>254.530563</ele><time>2021-01-17T20:23:50Z</time><extensions><speed>0.960478</speed><course>4.510773</course><hAcc>0.891544</hAcc><vAcc>0.640360</vAcc></extensions></trkpt>
      <trkpt lon="-123.332277" lat="44.618089"><ele>254.740341</ele><time>2021-01-17T20:23:51Z</time><extensions><speed>0.940132</speed><course>2.804211</course><hAcc>0.892217</hAcc><vAcc>0.641207</vAcc></extensions></trkpt>
      <trkpt lon="-123.332277" lat="44.618098"><ele>254.962326</ele><time>2021-01-17T20:23:52Z</time><extensions><speed>0.913345</speed><course>350.268433</course><hAcc>0.893507</hAcc><vAcc>0.642397</vAcc></extensions></trkpt>
      <trkpt lon="-123.332277" lat="44.618106"><ele>255.199219</ele><time>2021-01-17T20:23:53Z</time><extensions><speed>0.881404</speed><course>347.399933</course><hAcc>0.895252</hAcc><vAcc>0.643714</vAcc></extensions></trkpt>
      <trkpt lon="-123.332277" lat="44.618114"><ele>255.452454</ele><time>2021-01-17T20:23:54Z</time><extensions><speed>0.846542</speed><course>349.463318</course><hAcc>0.897312</hAcc><vAcc>0.644993</vAcc></extensions></trkpt>
      <trkpt lon="-123.332277" lat="44.618121"><ele>255.723022</ele><time>2021-01-17T20:23:55Z</time><extensions><speed>0.811443</speed><course>348.963562</course><hAcc>0.899602</hAcc><vAcc>0.646167</vAcc></extensions></trkpt>
      <trkpt lon="-123.332276" lat="44.618128"><ele>256.011932</ele><time>2021-01-17T20:23:56Z</time><extensions><speed>0.778727</speed><course>356.036560</course><hAcc>0.902055</hAcc><vAcc>0.647246</vAcc></extensions></trkpt>
      <trkpt lon="-123.332275" lat="44.618135"><ele>256.319458</ele><time>2021-01-17T20:23:57Z</time><extensions><speed>0.751220</speed><course>358.930084</course><hAcc>0.904558</hAcc><vAcc>0.648254</vAcc></extensions></trkpt>
      <trkpt lon="-123.332274" lat="44.618142"><ele>256.644531</ele><time>2021-01-17T20:23:58Z</time><extensions><speed>0.730226</speed><course>351.096008</course><hAcc>0.906875</hAcc><vAcc>0.649163</vAcc></extensions></trkpt>
      <trkpt lon="-123.332272" lat="44.618148"><ele>256.984375</ele><time>2021-01-17T20:23:59Z</time><extensions><speed>0.716284</speed><course>9.173049</course><hAcc>0.908658</hAcc><vAcc>0.649871</vAcc></extensions></trkpt>
      <trkpt lon="-123.332270" lat="44.618154"><ele>257.335205</ele><time>2021-01-17T20:24:00Z</time><extensions><speed>0.709752</speed><course>8.765486</course><hAcc>0.909589</hAcc><vAcc>0.650264</vAcc></extensions></trkpt>
      <trkpt lon="-123.332267" lat="44.618160"><ele>257.693573</ele><time>2021-01-17T20:24:01Z</time><extensions><speed>0.709878</speed><course>342.755737</course><hAcc>0.909566</hAcc><vAcc>0.650326</vAcc></extensions></trkpt>
      <trkpt lon="-123.332264" lat="44.618166"><ele>258.055237</ele><time>2021-01-17T20:24:02Z</time><extensions><speed>0.715531</speed><course>333.436462</course><hAcc>0.908774</hAcc><vAcc>0.650187</vAcc></extensions></trkpt>
      <trkpt lon="-123.332261" lat="44.618172"><ele>258.413727</ele><time>2021-01-17T20:24:03Z</time><extensions><speed>0.722978</speed><course>2.656878</course><hAcc>0.907572</hAcc><vAcc>0.650043</vAcc></extensions></trkpt>
      <trkpt lon="-123.332257" lat="44.618178"><ele>258.761292</ele><time>2021-01-17T20:24:04Z</time><extensions><speed>0.731124</speed><course>41.484856</course><hAcc>0.906269</hAcc><vAcc>0.650020</vAcc></extensions></trkpt>
      <trkpt lon="-123.332253" lat="44.618184"><ele>259.090240</ele><time>2021-01-17T20:24:05Z</time><extensions><speed>0.742224</speed><course>-1.000000</course><hAcc>0.905036</hAcc><vAcc>0.650136</vAcc></extensions></trkpt>
      <trkpt lon="-123.332250" lat="44.618191"><ele>259.394501</ele><time>2021-01-17T20:24:06Z</time><extensions><speed>0.755834</speed><course>53.326988</course><hAcc>0.903953</hAcc><vAcc>0.650368</vAcc></extensions></trkpt>
      <trkpt lon="-123.332247" lat="44.618197"><ele>259.671722</ele><time>2021-01-17T20:24:07Z</time><extensions><speed>0.772452</speed><course>74.912819</course><hAcc>0.903021</hAcc><vAcc>0.650658</vAcc></extensions></trkpt>
      <trkpt lon="-123.332244" lat="44.618204"><ele>259.921448</ele><time>2021-01-17T20:24:08Z</time><extensions><speed>0.794119</speed><course>62.267090</course><hAcc>0.902177</hAcc><vAcc>0.650915</vAcc></extensions></trkpt>
      <trkpt lon="-123.332243" lat="44.618211"><ele>260.143036</ele><time>2021-01-17T20:24:09Z</time><extensions><speed>0.820545</speed><course>13.690000</course><hAcc>0.901345</hAcc><vAcc>0.651021</vAcc></extensions></trkpt>
      <trkpt lon="-123.332242" lat="44.618219"><ele>260.336975</ele><time>2021-01-17T20:24:10Z</time><extensions><speed>0.850727</speed><course>19.845032</course><hAcc>0.900464</hAcc><vAcc>0.650865</vAcc></extensions></trkpt>
      <trkpt lon="-123.332242" lat="44.618226"><ele>260.504944</ele><time>2021-01-17T20:24:11Z</time><extensions><speed>0.884669</speed><course>13.362127</course><hAcc>0.899484</hAcc><vAcc>0.650348</vAcc></extensions></trkpt>
      <trkpt lon="-123.332243" lat="44.618235"><ele>260.648651</ele><time>2021-01-17T20:24:12Z</time><extensions><speed>0.922832</speed><course>23.766123</course><hAcc>0.898388</hAcc><vAcc>0.649421</vAcc></extensions></trkpt>
      <trkpt lon="-123.332245" lat="44.618243"><ele>260.768005</ele><time>2021-01-17T20:24:13Z</time><extensions><speed>0.964944</speed><course>3.420622</course><hAcc>0.897232</hAcc><vAcc>0.648119</vAcc></extensions></trkpt>
      <trkpt lon="-123.332248" lat="44.618252"><ele>260.860596</ele><time>2021-01-17T20:24:14Z</time><extensions><speed>1.009932</speed><course>22.687658</course><hAcc>0.896159</hAcc><vAcc>0.646580</vAcc></extensions></trkpt>
      <trkpt lon="-123.332252" lat="44.618260"><ele>260.921814</ele><time>2021-01-17T20:24:15Z</time><extensions><speed>1.055469</speed><course>2.554507</course><hAcc>0.895393</hAcc><vAcc>0.645036</vAcc></extensions></trkpt>
      <trkpt lon="-123.332257" lat="44.618269"><ele>260.945801</ele><time>2021-01-17T20:24:16Z</time><extensions><speed>1.097396</speed><course>5.953692</course><hAcc>0.895188</hAcc><vAcc>0.643775</vAcc></extensions></trkpt>
      <trkpt lon="-123.332262" lat="44.618279"><ele>260.927948</ele><time>2021-01-17T20:24:17Z</time><extensions><speed>1.132126</speed><course>339.701599</course><hAcc>0.895770</hAcc><vAcc>0.643083</vAcc></extensions></trkpt>
      <trkpt lon="-123.332268" lat="44.618288"><ele>260.866425</ele><time>2021-01-17T20:24:18Z</time><extensions><speed>1.157738</speed><course>329.081818</course><hAcc>0.897263</hAcc><vAcc>0.643182</vAcc></extensions></trkpt>
      <trkpt lon="-123.332275" lat="44.618298"><ele>260.764374</ele><time>2021-01-17T20:24:19Z</time><extensions><speed>1.174475</speed><course>337.175232</course><hAcc>0.899628</hAcc><vAcc>0.644173</vAcc></extensions></trkpt>
      <trkpt lon="-123.332282" lat="44.618307"><ele>260.630676</ele><time>2021-01-17T20:24:20Z</time><extensions><speed>1.184286</speed><course>355.065552</course><hAcc>0.902677</hAcc><vAcc>0.646026</vAcc></extensions></trkpt>
      <trkpt lon="-123.332288" lat="44.618316"><ele>260.478363</ele><time>2021-01-17T20:24:21Z</time><extensions><speed>1.188995</speed><course>355.096436</course><hAcc>0.906146</hAcc><vAcc>0.648602</vAcc></extensions></trkpt>
      <trkpt lon="-123.332296" lat="44.618326"><ele>260.323059</ele><time>2021-01-17T20:24:22Z</time><extensions><speed>1.189784</speed><course>346.489258</course><hAcc>0.909743</hAcc><vAcc>0.651681</vAcc></extensions></trkpt>
      <trkpt lon="-123.332303" lat="44.618335"><ele>260.181763</ele><time>2021-01-17T20:24:23Z</time><extensions><speed>1.187285</speed><course>323.258820</course><hAcc>0.913143</hAcc><vAcc>0.654975</vAcc></extensions></trkpt>
      <trkpt lon="-123.332309" lat="44.618345"><ele>260.070770</ele><time>2021-01-17T20:24:24Z</time><extensions><speed>1.181893</speed><course>338.439209</course><hAcc>0.916004</hAcc><vAcc>0.658143</vAcc></extensions></trkpt>
      <trkpt lon="-123.332316" lat="44.618354"><ele>260.003082</ele><time>2021-01-17T20:24:25Z</time><extensions><speed>1.175551</speed><course>346.206848</course><hAcc>0.918041</hAcc><vAcc>0.660849</vAcc></extensions></trkpt>
      <trkpt lon="-123.332322" lat="44.618364"><ele>259.986847</ele><time>2021-01-17T20:24:26Z</time><extensions><speed>1.171652</speed><course>230.489883</course><hAcc>0.919117</hAcc><vAcc>0.662847</vAcc></extensions></trkpt>
      <trkpt lon="-123.332327" lat="44.618374"><ele>260.025604</ele><time>2021-01-17T20:24:27Z</time><extensions><speed>1.172131</speed><course>227.029816</course><hAcc>0.919263</hAcc><vAcc>0.664024</vAcc></extensions></trkpt>
      <trkpt lon="-123.332332" lat="44.618384"><ele>260.120270</ele><time>2021-01-17T20:24:28Z</time><extensions><speed>1.175415</speed><course>298.700256</course><hAcc>0.918605</hAcc><vAcc>0.664372</vAcc></extensions></trkpt>
      <trkpt lon="-123.332336" lat="44.618394"><ele>260.270996</ele><time>2021-01-17T20:24:29Z</time><extensions><speed>1.178460</speed><course>321.099518</course><hAcc>0.917333</hAcc><vAcc>0.663965</vAcc></extensions></trkpt>
      <trkpt lon="-123.332339" lat="44.618404"><ele>260.477234</ele><time>2021-01-17T20:24:30Z</time><extensions><speed>1.177723</speed><course>355.989929</course><hAcc>0.915710</hAcc><vAcc>0.662959</vAcc></extensions></trkpt>
      <trkpt lon="-123.332342" lat="44.618415"><ele>260.735901</ele><time>2021-01-17T20:24:31Z</time><extensions><speed>1.170893</speed><course>340.737000</course><hAcc>0.914069</hAcc><vAcc>0.661581</vAcc></extensions></trkpt>
      <trkpt lon="-123.332345" lat="44.618425"><ele>261.041168</ele><time>2021-01-17T20:24:32Z</time><extensions><speed>1.157588</speed><course>351.687775</course><hAcc>0.912745</hAcc><vAcc>0.660086</vAcc></extensions></trkpt>
      <trkpt lon="-123.332347" lat="44.618435"><ele>261.384277</ele><time>2021-01-17T20:24:33Z</time><extensions><speed>1.138460</speed><course>346.491455</course><hAcc>0.912011</hAcc><vAcc>0.658703</vAcc></extensions></trkpt>
      <trkpt lon="-123.332349" lat="44.618445"><ele>261.752136</ele><time>2021-01-17T20:24:34Z</time><extensions><speed>1.116696</speed><course>334.686340</course><hAcc>0.912014</hAcc><vAcc>0.657566</vAcc></extensions></trkpt>
      <trkpt lon="-123.332351" lat="44.618455"><ele>262.128693</ele><time>2021-01-17T20:24:35Z</time><extensions><speed>1.094873</speed><course>330.389313</course><hAcc>0.912783</hAcc><vAcc>0.656719</vAcc></extensions></trkpt>
      <trkpt lon="-123.332353" lat="44.618465"><ele>262.497742</ele><time>2021-01-17T20:24:36Z</time><extensions><speed>1.073089</speed><course>-1.000000</course><hAcc>0.914315</hAcc><vAcc>0.656199</vAcc></extensions></trkpt>
      <trkpt lon="-123.332355" lat="44.618474"><ele>262.844635</ele><time>2021-01-17T20:24:37Z</time><extensions><speed>1.051200</speed><course>5.401910</course><hAcc>0.916638</hAcc><vAcc>0.656095</vAcc></extensions></trkpt>
      <trkpt lon="-123.332358" lat="44.618483"><ele>263.157928</ele><time>2021-01-17T20:24:38Z</time><extensions><speed>1.029472</speed><course>332.220673</course><hAcc>0.919781</hAcc><vAcc>0.656532</vAcc></extensions></trkpt>
      <trkpt lon="-123.332361" lat="44.618492"><ele>263.429382</ele><time>2021-01-17T20:24:39Z</time><extensions><speed>1.008381</speed><course>344.164429</course><hAcc>0.923685</hAcc><vAcc>0.657588</vAcc></extensions></trkpt>
      <trkpt lon="-123.332364" lat="44.618501"><ele>263.651672</ele><time>2021-01-17T20:24:40Z</time><extensions><speed>0.989164</speed><course>345.696228</course><hAcc>0.928143</hAcc><vAcc>0.659223</vAcc></extensions></trkpt>
      <trkpt lon="-123.332367" lat="44.618509"><ele>263.817108</ele><time>2021-01-17T20:24:41Z</time><extensions><speed>0.973964</speed><course>341.168060</course><hAcc>0.932853</hAcc><vAcc>0.661298</vAcc></extensions></trkpt>
      <trkpt lon="-123.332371" lat="44.618518"><ele>263.917725</ele><time>2021-01-17T20:24:42Z</time><extensions><speed>0.963963</speed><course>318.495605</course><hAcc>0.937510</hAcc><vAcc>0.663639</vAcc></extensions></trkpt>
      <trkpt lon="-123.332375" lat="44.618526"><ele>263.946228</ele><time>2021-01-17T20:24:43Z</time><extensions><speed>0.957856</speed><course>329.586121</course><hAcc>0.941842</hAcc><vAcc>0.666064</vAcc></extensions></trkpt>
      <trkpt lon="-123.332379" lat="44.618534"><ele>263.895691</ele><time>2021-01-17T20:24:44Z</time><extensions><speed>0.953660</speed><course>329.819244</course><hAcc>0.945546</hAcc><vAcc>0.668357</vAcc></extensions></trkpt>
      <trkpt lon="-123.332383" lat="44.618542"><ele>263.760559</ele><time>2021-01-17T20:24:45Z</time><extensions><speed>0.950165</speed><course>-1.000000</course><hAcc>0.948308</hAcc><vAcc>0.670289</vAcc></extensions></trkpt>
      <trkpt lon="-123.332387" lat="44.618550"><ele>263.538727</ele><time>2021-01-17T20:24:46Z</time><extensions><speed>0.945620</speed><course>329.305084</course><hAcc>0.949920</hAcc><vAcc>0.671705</vAcc></extensions></trkpt>
      <trkpt lon="-123.332391" lat="44.618558"><ele>263.234192</ele><time>2021-01-17T20:24:47Z</time><extensions><speed>0.938216</speed><course>329.074371</course><hAcc>0.950355</hAcc><vAcc>0.672570</vAcc></extensions></trkpt>
      <trkpt lon="-123.332396" lat="44.618566"><ele>262.857849</ele><time>2021-01-17T20:24:48Z</time><extensions><speed>0.928167</speed><course>314.108582</course><hAcc>0.949702</hAcc><vAcc>0.672917</vAcc></extensions></trkpt>
      <trkpt lon="-123.332400" lat="44.618574"><ele>262.427063</ele><time>2021-01-17T20:24:49Z</time><extensions><speed>0.916326</speed><course>340.363281</course><hAcc>0.948022</hAcc><vAcc>0.672747</vAcc></extensions></trkpt>
      <trkpt lon="-123.332404" lat="44.618581"><ele>261.964539</ele><time>2021-01-17T20:24:50Z</time><extensions><speed>0.903713</speed><course>-1.000000</course><hAcc>0.945299</hAcc><vAcc>0.672009</vAcc></extensions></trkpt>
      <trkpt lon="-123.332408" lat="44.618589"><ele>261.495789</ele><time>2021-01-17T20:24:51Z</time><extensions><speed>0.891115</speed><course>-1.000000</course><hAcc>0.941520</hAcc><vAcc>0.670655</vAcc></extensions></trkpt>
      <trkpt lon="-123.332413" lat="44.618596"><ele>261.044922</ele><time>2021-01-17T20:24:52Z</time><extensions><speed>0.878949</speed><course>335.231659</course><hAcc>0.936771</hAcc><vAcc>0.668697</vAcc></extensions></trkpt>
      <trkpt lon="-123.332417" lat="44.618603"><ele>260.633301</ele><time>2021-01-17T20:24:53Z</time><extensions><speed>0.868860</speed><course>338.384186</course><hAcc>0.931291</hAcc><vAcc>0.666240</vAcc></extensions></trkpt>
      <trkpt lon="-123.332422" lat="44.618610"><ele>260.281189</ele><time>2021-01-17T20:24:54Z</time><extensions><speed>0.862848</speed><course>2.460301</course><hAcc>0.925470</hAcc><vAcc>0.663478</vAcc></extensions></trkpt>
      <trkpt lon="-123.332427" lat="44.618617"><ele>260.006836</ele><time>2021-01-17T20:24:55Z</time><extensions><speed>0.863505</speed><course>-1.000000</course><hAcc>0.919740</hAcc><vAcc>0.660622</vAcc></extensions></trkpt>
      <trkpt lon="-123.332433" lat="44.618624"><ele>259.823090</ele><time>2021-01-17T20:24:56Z</time><extensions><speed>0.871919</speed><course>-1.000000</course><hAcc>0.914437</hAcc><vAcc>0.657822</vAcc></extensions></trkpt>
      <trkpt lon="-123.332438" lat="44.618631"><ele>259.736023</ele><time>2021-01-17T20:24:57Z</time><extensions><speed>0.886941</speed><course>-1.000000</course><hAcc>0.909722</hAcc><vAcc>0.655125</vAcc></extensions></trkpt>
      <trkpt lon="-123.332444" lat="44.618638"><ele>259.745117</ele><time>2021-01-17T20:24:58Z</time><extensions><speed>0.907124</speed><course>316.477509</course><hAcc>0.905625</hAcc><vAcc>0.652532</vAcc></extensions></trkpt>
      <trkpt lon="-123.332450" lat="44.618645"><ele>259.843719</ele><time>2021-01-17T20:24:59Z</time><extensions><speed>0.931043</speed><course>315.256348</course><hAcc>0.902107</hAcc><vAcc>0.650038</vAcc></extensions></trkpt>
      <trkpt lon="-123.332457" lat="44.618652"><ele>260.022400</ele><time>2021-01-17T20:25:00Z</time><extensions><speed>0.957422</speed><course>321.170166</course><hAcc>0.899085</hAcc><vAcc>0.647630</vAcc></extensions></trkpt>
      <trkpt lon="-123.332463" lat="44.618659"><ele>260.270111</ele><time>2021-01-17T20:25:01Z</time><extensions><speed>0.985399</speed><course>317.510254</course><hAcc>0.896479</hAcc><vAcc>0.645293</vAcc></extensions></trkpt>
      <trkpt lon="-123.332470" lat="44.618667"><ele>260.573792</ele><time>2021-01-17T20:25:02Z</time><extensions><speed>1.014579</speed><course>328.018585</course><hAcc>0.894255</hAcc><vAcc>0.643039</vAcc></extensions></trkpt>
      <trkpt lon="-123.332477" lat="44.618674"><ele>260.919556</ele><time>2021-01-17T20:25:03Z</time><extensions><speed>1.044061</speed><course>346.013123</course><hAcc>0.892454</hAcc><vAcc>0.640931</vAcc></extensions></trkpt>
      <trkpt lon="-123.332484" lat="44.618682"><ele>261.293671</ele><time>2021-01-17T20:25:04Z</time><extensions><speed>1.072216</speed><course>356.510254</course><hAcc>0.891168</hAcc><vAcc>0.639088</vAcc></extensions></trkpt>
      <trkpt lon="-123.332492" lat="44.618690"><ele>261.682251</ele><time>2021-01-17T20:25:05Z</time><extensions><speed>1.096037</speed><course>346.729614</course><hAcc>0.890489</hAcc><vAcc>0.637642</vAcc></extensions></trkpt>
      <trkpt lon="-123.332500" lat="44.618699"><ele>262.072052</ele><time>2021-01-17T20:25:06Z</time><extensions><speed>1.112267</speed><course>331.368469</course><hAcc>0.890472</hAcc><vAcc>0.636689</vAcc></extensions></trkpt>
      <trkpt lon="-123.332508" lat="44.618707"><ele>262.452454</ele><time>2021-01-17T20:25:07Z</time><extensions><speed>1.119696</speed><course>336.233459</course><hAcc>0.891156</hAcc><vAcc>0.636297</vAcc></extensions></trkpt>
      <trkpt lon="-123.332517" lat="44.618715"><ele>262.817505</ele><time>2021-01-17T20:25:08Z</time><extensions><speed>1.118520</speed><course>333.463898</course><hAcc>0.892597</hAcc><vAcc>0.636533</vAcc></extensions></trkpt>
      <trkpt lon="-123.332525" lat="44.618723"><ele>263.165527</ele><time>2021-01-17T20:25:09Z</time><extensions><speed>1.110219</speed><course>318.862915</course><hAcc>0.894859</hAcc><vAcc>0.637454</vAcc></extensions></trkpt>
      <trkpt lon="-123.332533" lat="44.618731"><ele>263.497406</ele><time>2021-01-17T20:25:10Z</time><extensions><speed>1.096775</speed><course>312.558411</course><hAcc>0.897925</hAcc><vAcc>0.639063</vAcc></extensions></trkpt>
      <trkpt lon="-123.332541" lat="44.618739"><ele>263.814575</ele><time>2021-01-17T20:25:11Z</time><extensions><speed>1.080320</speed><course>316.469696</course><hAcc>0.901646</hAcc><vAcc>0.641282</vAcc></extensions></trkpt>
      <trkpt lon="-123.332548" lat="44.618747"><ele>264.118713</ele><time>2021-01-17T20:25:12Z</time><extensions><speed>1.065330</speed><course>312.258148</course><hAcc>0.905804</hAcc><vAcc>0.643987</vAcc></extensions></trkpt>
      <trkpt lon="-123.332555" lat="44.618756"><ele>264.411987</ele><time>2021-01-17T20:25:13Z</time><extensions><speed>1.057642</speed><course>313.519684</course><hAcc>0.910152</hAcc><vAcc>0.647022</vAcc></extensions></trkpt>
      <trkpt lon="-123.332560" lat="44.618764"><ele>264.696228</ele><time>2021-01-17T20:25:14Z</time><extensions><speed>1.062028</speed><course>295.871368</course><hAcc>0.914384</hAcc><vAcc>0.650186</vAcc></extensions></trkpt>
      <trkpt lon="-123.332565" lat="44.618773"><ele>264.970612</ele><time>2021-01-17T20:25:15Z</time><extensions><speed>1.080420</speed><course>310.117889</course><hAcc>0.918152</hAcc><vAcc>0.653243</vAcc></extensions></trkpt>
      <trkpt lon="-123.332570" lat="44.618782"><ele>265.230652</ele><time>2021-01-17T20:25:16Z</time><extensions><speed>1.110894</speed><course>-1.000000</course><hAcc>0.921147</hAcc><vAcc>0.655968</vAcc></extensions></trkpt>
      <trkpt lon="-123.332573" lat="44.618792"><ele>265.469727</ele><time>2021-01-17T20:25:17Z</time><extensions><speed>1.149402</speed><course>-1.000000</course><hAcc>0.923134</hAcc><vAcc>0.658165</vAcc></extensions></trkpt>
      <trkpt lon="-123.332576" lat="44.618803"><ele>265.682404</ele><time>2021-01-17T20:25:18Z</time><extensions><speed>1.190847</speed><course>327.719574</course><hAcc>0.923960</hAcc><vAcc>0.659669</vAcc></extensions></trkpt>
      <trkpt lon="-123.332579" lat="44.618813"><ele>265.866943</ele><time>2021-01-17T20:25:19Z</time><extensions><speed>1.230623</speed><course>354.542664</course><hAcc>0.923612</hAcc><vAcc>0.660396</vAcc></extensions></trkpt>
      <trkpt lon="-123.332581" lat="44.618825"><ele>266.025848</ele><time>2021-01-17T20:25:20Z</time><extensions><speed>1.264774</speed><course>350.951843</course><hAcc>0.922251</hAcc><vAcc>0.660368</vAcc></extensions></trkpt>
      <trkpt lon="-123.332582" lat="44.618836"><ele>266.164001</ele><time>2021-01-17T20:25:21Z</time><extensions><speed>1.293025</speed><course>358.259430</course><hAcc>0.920113</hAcc><vAcc>0.659655</vAcc></extensions></trkpt>
      <trkpt lon="-123.332584" lat="44.618848"><ele>266.285706</ele><time>2021-01-17T20:25:22Z</time><extensions><speed>1.316669</speed><course>2.310933</course><hAcc>0.917401</hAcc><vAcc>0.658334</vAcc></extensions></trkpt>
      <trkpt lon="-123.332585" lat="44.618860"><ele>266.394470</ele><time>2021-01-17T20:25:23Z</time><extensions><speed>1.334499</speed><course>3.280314</course><hAcc>0.914289</hAcc><vAcc>0.656507</vAcc></extensions></trkpt>
      <trkpt lon="-123.332586" lat="44.618872"><ele>266.493622</ele><time>2021-01-17T20:25:24Z</time><extensions><speed>1.344752</speed><course>0.940544</course><hAcc>0.910973</hAcc><vAcc>0.654342</vAcc></extensions></trkpt>
      <trkpt lon="-123.332588" lat="44.618884"><ele>266.585632</ele><time>2021-01-17T20:25:25Z</time><extensions><speed>1.345426</speed><course>357.608063</course><hAcc>0.907696</hAcc><vAcc>0.652077</vAcc></extensions></trkpt>
      <trkpt lon="-123.332589" lat="44.618896"><ele>266.672516</ele><time>2021-01-17T20:25:26Z</time><extensions><speed>1.334474</speed><course>356.540710</course><hAcc>0.904737</hAcc><vAcc>0.649992</vAcc></extensions></trkpt>
      <trkpt lon="-123.332591" lat="44.618907"><ele>266.756714</ele><time>2021-01-17T20:25:27Z</time><extensions><speed>1.311144</speed><course>1.483488</course><hAcc>0.902338</hAcc><vAcc>0.648338</vAcc></extensions></trkpt>
      <trkpt lon="-123.332593" lat="44.618919"><ele>266.842041</ele><time>2021-01-17T20:25:28Z</time><extensions><speed>1.276712</speed><course>1.342717</course><hAcc>0.900643</hAcc><vAcc>0.647268</vAcc></extensions></trkpt>
      <trkpt lon="-123.332596" lat="44.618930"><ele>266.932495</ele><time>2021-01-17T20:25:29Z</time><extensions><speed>1.230754</speed><course>359.413910</course><hAcc>0.899670</hAcc><vAcc>0.646818</vAcc></extensions></trkpt>
      <trkpt lon="-123.332598" lat="44.618941"><ele>267.029602</ele><time>2021-01-17T20:25:30Z</time><extensions><speed>1.172316</speed><course>359.282074</course><hAcc>0.899319</hAcc><vAcc>0.646903</vAcc></extensions></trkpt>
      <trkpt lon="-123.332600" lat="44.618951"><ele>267.133209</ele><time>2021-01-17T20:25:31Z</time><extensions><speed>1.103180</speed><course>351.780243</course><hAcc>0.899422</hAcc><vAcc>0.647345</vAcc></extensions></trkpt>
      <trkpt lon="-123.332602" lat="44.618960"><ele>267.243073</ele><time>2021-01-17T20:25:32Z</time><extensions><speed>1.027632</speed><course>347.280304</course><hAcc>0.899810</hAcc><vAcc>0.647929</vAcc></extensions></trkpt>
      <trkpt lon="-123.332604" lat="44.618969"><ele>267.359619</ele><time>2021-01-17T20:25:33Z</time><extensions><speed>0.948952</speed><course>342.155548</course><hAcc>0.900345</hAcc><vAcc>0.648460</vAcc></extensions></trkpt>
      <trkpt lon="-123.332606" lat="44.618977"><ele>267.482605</ele><time>2021-01-17T20:25:34Z</time><extensions><speed>0.867888</speed><course>351.938965</course><hAcc>0.900936</hAcc><vAcc>0.648816</vAcc></extensions></trkpt>
      <trkpt lon="-123.332608" lat="44.618985"><ele>267.609344</ele><time>2021-01-17T20:25:35Z</time><extensions><speed>0.785077</speed><course>343.523804</course><hAcc>0.901563</hAcc><vAcc>0.648984</vAcc></extensions></trkpt>
      <trkpt lon="-123.332609" lat="44.618991"><ele>267.734711</ele><time>2021-01-17T20:25:36Z</time><extensions><speed>0.700460</speed><course>338.440460</course><hAcc>0.902252</hAcc><vAcc>0.649053</vAcc></extensions></trkpt>
      <trkpt lon="-123.332610" lat="44.618997"><ele>267.852142</ele><time>2021-01-17T20:25:37Z</time><extensions><speed>0.614236</speed><course>346.214630</course><hAcc>0.903036</hAcc><vAcc>0.649171</vAcc></extensions></trkpt>
      <trkpt lon="-123.332610" lat="44.619002"><ele>267.954987</ele><time>2021-01-17T20:25:38Z</time><extensions><speed>0.526856</speed><course>355.127563</course><hAcc>0.903879</hAcc><vAcc>0.649473</vAcc></extensions></trkpt>
      <trkpt lon="-123.332610" lat="44.619007"><ele>268.038177</ele><time>2021-01-17T20:25:39Z</time><extensions><speed>0.438274</speed><course>355.717773</course><hAcc>0.904653</hAcc><vAcc>0.650013</vAcc></extensions></trkpt>
      <trkpt lon="-123.332609" lat="44.619010"><ele>268.099091</ele><time>2021-01-17T20:25:40Z</time><extensions><speed>0.351537</speed><course>356.462402</course><hAcc>0.905247</hAcc><vAcc>0.650797</vAcc></extensions></trkpt>
      <trkpt lon="-123.332607" lat="44.619013"><ele>268.136993</ele><time>2021-01-17T20:25:41Z</time><extensions><speed>0.275501</speed><course>339.986145</course><hAcc>0.905668</hAcc><vAcc>0.651842</vAcc></extensions></trkpt>
      <trkpt lon="-123.332605" lat="44.619014"><ele>268.152557</ele><time>2021-01-17T20:25:42Z</time><extensions><speed>0.233055</speed><course>331.658417</course><hAcc>0.906027</hAcc><vAcc>0.653162</vAcc></extensions></trkpt>
      <trkpt lon="-123.332602" lat="44.619015"><ele>268.148895</ele><time>2021-01-17T20:25:43Z</time><extensions><speed>0.255183</speed><course>354.359253</course><hAcc>0.906446</hAcc><vAcc>0.654727</vAcc></extensions></trkpt>
      <trkpt lon="-123.332599" lat="44.619014"><ele>268.131439</ele><time>2021-01-17T20:25:44Z</time><extensions><speed>0.336941</speed><course>9.677398</course><hAcc>0.906963</hAcc><vAcc>0.656427</vAcc></extensions></trkpt>
      <trkpt lon="-123.332595" lat="44.619013"><ele>268.105011</ele><time>2021-01-17T20:25:45Z</time><extensions><speed>0.449402</speed><course>9.879298</course><hAcc>0.907522</hAcc><vAcc>0.658091</vAcc></extensions></trkpt>
      <trkpt lon="-123.332590" lat="44.619010"><ele>268.070953</ele><time>2021-01-17T20:25:46Z</time><extensions><speed>0.572551</speed><course>90.925522</course><hAcc>0.908031</hAcc><vAcc>0.659556</vAcc></extensions></trkpt>
      <trkpt lon="-123.332584" lat="44.619006"><ele>268.028168</ele><time>2021-01-17T20:25:47Z</time><extensions><speed>0.695655</speed><course>102.170158</course><hAcc>0.908391</hAcc><vAcc>0.660693</vAcc></extensions></trkpt>
      <trkpt lon="-123.332578" lat="44.619000"><ele>267.974945</ele><time>2021-01-17T20:25:48Z</time><extensions><speed>0.812709</speed><course>106.317986</course><hAcc>0.908498</hAcc><vAcc>0.661391</vAcc></extensions></trkpt>
      <trkpt lon="-123.332571" lat="44.618994"><ele>267.909393</ele><time>2021-01-17T20:25:49Z</time><extensions><speed>0.919402</speed><course>138.238632</course><hAcc>0.908234</hAcc><vAcc>0.661544</vAcc></extensions></trkpt>
      <trkpt lon="-123.332564" lat="44.618987"><ele>267.828857</ele><time>2021-01-17T20:25:50Z</time><extensions><speed>1.013664</speed><course>143.981689</course><hAcc>0.907495</hAcc><vAcc>0.661070</vAcc></extensions></trkpt>
      <trkpt lon="-123.332556" lat="44.618979"><ele>267.731140</ele><time>2021-01-17T20:25:51Z</time><extensions><speed>1.095219</speed><course>137.934052</course><hAcc>0.906231</hAcc><vAcc>0.659944</vAcc></extensions></trkpt>
      <trkpt lon="-123.332548" lat="44.618971"><ele>267.616516</ele><time>2021-01-17T20:25:52Z</time><extensions><speed>1.164249</speed><course>152.401779</course><hAcc>0.904454</hAcc><vAcc>0.658202</vAcc></extensions></trkpt>
      <trkpt lon="-123.332539" lat="44.618962"><ele>267.487091</ele><time>2021-01-17T20:25:53Z</time><extensions><speed>1.220719</speed><course>-1.000000</course><hAcc>0.902216</hAcc><vAcc>0.655921</vAcc></extensions></trkpt>
      <trkpt lon="-123.332530" lat="44.618953"><ele>267.344910</ele><time>2021-01-17T20:25:54Z</time><extensions><speed>1.263629</speed><course>-1.000000</course><hAcc>0.899611</hAcc><vAcc>0.653215</vAcc></extensions></trkpt>
      <trkpt lon="-123.332520" lat="44.618944"><ele>267.191559</ele><time>2021-01-17T20:25:55Z</time><extensions><speed>1.290998</speed><course>149.062195</course><hAcc>0.896781</hAcc><vAcc>0.650247</vAcc></extensions></trkpt>
      <trkpt lon="-123.332510" lat="44.618935"><ele>267.030304</ele><time>2021-01-17T20:25:56Z</time><extensions><speed>1.301887</speed><course>150.543442</course><hAcc>0.893906</hAcc><vAcc>0.647213</vAcc></extensions></trkpt>
      <trkpt lon="-123.332499" lat="44.618927"><ele>266.866730</ele><time>2021-01-17T20:25:57Z</time><extensions><speed>1.297612</speed><course>151.638702</course><hAcc>0.891179</hAcc><vAcc>0.644325</vAcc></extensions></trkpt>
      <trkpt lon="-123.332487" lat="44.618919"><ele>266.708679</ele><time>2021-01-17T20:25:58Z</time><extensions><speed>1.281547</speed><course>140.910278</course><hAcc>0.888787</hAcc><vAcc>0.641785</vAcc></extensions></trkpt>
      <trkpt lon="-123.332475" lat="44.618911"><ele>266.567169</ele><time>2021-01-17T20:25:59Z</time><extensions><speed>1.257012</speed><course>141.008820</course><hAcc>0.886899</hAcc><vAcc>0.639776</vAcc></extensions></trkpt>
      <trkpt lon="-123.332463" lat="44.618904"><ele>266.455750</ele><time>2021-01-17T20:26:00Z</time><extensions><speed>1.226458</speed><course>125.898094</course><hAcc>0.885672</hAcc><vAcc>0.638467</vAcc></extensions></trkpt>
      <trkpt lon="-123.332451" lat="44.618897"><ele>266.387726</ele><time>2021-01-17T20:26:01Z</time><extensions><speed>1.192329</speed><course>128.004288</course><hAcc>0.885242</hAcc><vAcc>0.638006</vAcc></extensions></trkpt>
      <trkpt lon="-123.332438" lat="44.618892"><ele>266.372040</ele><time>2021-01-17T20:26:02Z</time><extensions><speed>1.157088</speed><course>134.180496</course><hAcc>0.885695</hAcc><vAcc>0.638483</vAcc></extensions></trkpt>
      <trkpt lon="-123.332425" lat="44.618887"><ele>266.412170</ele><time>2021-01-17T20:26:03Z</time><extensions><speed>1.123287</speed><course>138.464508</course><hAcc>0.887015</hAcc><vAcc>0.639883</vAcc></extensions></trkpt>
      <trkpt lon="-123.332412" lat="44.618884"><ele>266.508453</ele><time>2021-01-17T20:26:04Z</time><extensions><speed>1.093828</speed><course>83.541634</course><hAcc>0.889061</hAcc><vAcc>0.642053</vAcc></extensions></trkpt>
      <trkpt lon="-123.332399" lat="44.618881"><ele>266.660553</ele><time>2021-01-17T20:26:05Z</time><extensions><speed>1.069966</speed><course>116.677193</course><hAcc>0.891589</hAcc><vAcc>0.644732</vAcc></extensions></trkpt>
      <trkpt lon="-123.332386" lat="44.618879"><ele>266.866821</ele><time>2021-01-17T20:26:06Z</time><extensions><speed>1.051783</speed><course>124.379410</course><hAcc>0.894327</hAcc><vAcc>0.647631</vAcc></extensions></trkpt>
      <trkpt lon="-123.332373" lat="44.618878"><ele>267.122437</ele><time>2021-01-17T20:26:07Z</time><extensions><speed>1.038642</speed><course>119.154427</course><hAcc>0.897029</hAcc><vAcc>0.650489</vAcc></extensions></trkpt>
      <trkpt lon="-123.332360" lat="44.618878"><ele>267.418915</ele><time>2021-01-17T20:26:08Z</time><extensions><speed>1.026941</speed><course>119.752991</course><hAcc>0.899479</hAcc><vAcc>0.653075</vAcc></extensions></trkpt>
      <trkpt lon="-123.332347" lat="44.618878"><ele>267.745789</ele><time>2021-01-17T20:26:09Z</time><extensions><speed>1.012929</speed><course>114.801216</course><hAcc>0.901493</hAcc><vAcc>0.655195</vAcc></extensions></trkpt>
      <trkpt lon="-123.332335" lat="44.618879"><ele>268.093231</ele><time>2021-01-17T20:26:10Z</time><extensions><speed>0.994793</speed><course>91.276955</course><hAcc>0.902940</hAcc><vAcc>0.656707</vAcc></extensions></trkpt>
      <trkpt lon="-123.332323" lat="44.618881"><ele>268.453156</ele><time>2021-01-17T20:26:11Z</time><extensions><speed>0.971634</speed><course>79.599052</course><hAcc>0.903752</hAcc><vAcc>0.657534</vAcc></extensions></trkpt>
      <trkpt lon="-123.332311" lat="44.618883"><ele>268.818359</ele><time>2021-01-17T20:26:12Z</time><extensions><speed>0.943516</speed><course>-1.000000</course><hAcc>0.903927</hAcc><vAcc>0.657662</vAcc></extensions></trkpt>
      <trkpt lon="-123.332300" lat="44.618885"><ele>269.182953</ele><time>2021-01-17T20:26:13Z</time><extensions><speed>0.910374</speed><course>69.774254</course><hAcc>0.903524</hAcc><vAcc>0.657141</vAcc></extensions></trkpt>
      <trkpt lon="-123.332289" lat="44.618888"><ele>269.544708</ele><time>2021-01-17T20:26:14Z</time><extensions><speed>0.871590</speed><course>59.055874</course><hAcc>0.902641</hAcc><vAcc>0.656056</vAcc></extensions></trkpt>
      <trkpt lon="-123.332279" lat="44.618890"><ele>269.904572</ele><time>2021-01-17T20:26:15Z</time><extensions><speed>0.827549</speed><course>75.073227</course><hAcc>0.901396</hAcc><vAcc>0.654514</vAcc></extensions></trkpt>
      <trkpt lon="-123.332270" lat="44.618893"><ele>270.266388</ele><time>2021-01-17T20:26:16Z</time><extensions><speed>0.780613</speed><course>69.293800</course><hAcc>0.899909</hAcc><vAcc>0.652623</vAcc></extensions></trkpt>
      <trkpt lon="-123.332261" lat="44.618895"><ele>270.636017</ele><time>2021-01-17T20:26:17Z</time><extensions><speed>0.735239</speed><course>56.647598</course><hAcc>0.898304</hAcc><vAcc>0.650500</vAcc></extensions></trkpt>
      <trkpt lon="-123.332252" lat="44.618897"><ele>271.018402</ele><time>2021-01-17T20:26:18Z</time><extensions><speed>0.694051</speed><course>68.158951</course><hAcc>0.896714</hAcc><vAcc>0.648283</vAcc></extensions></trkpt>
      <trkpt lon="-123.332244" lat="44.618899"><ele>271.417389</ele><time>2021-01-17T20:26:19Z</time><extensions><speed>0.657905</speed><course>73.363770</course><hAcc>0.895270</hAcc><vAcc>0.646119</vAcc></extensions></trkpt>
      <trkpt lon="-123.332236" lat="44.618900"><ele>271.836395</ele><time>2021-01-17T20:26:20Z</time><extensions><speed>0.629006</speed><course>78.996078</course><hAcc>0.894069</hAcc><vAcc>0.644144</vAcc></extensions></trkpt>
      <trkpt lon="-123.332229" lat="44.618902"><ele>272.278900</ele><time>2021-01-17T20:26:21Z</time><extensions><speed>0.609528</speed><course>81.234291</course><hAcc>0.893148</hAcc><vAcc>0.642458</vAcc></extensions></trkpt>
      <trkpt lon="-123.332221" lat="44.618903"><ele>272.748566</ele><time>2021-01-17T20:26:22Z</time><extensions><speed>0.601259</speed><course>75.508301</course><hAcc>0.892459</hAcc><vAcc>0.641100</vAcc></extensions></trkpt>
      <trkpt lon="-123.332214" lat="44.618904"><ele>273.247620</ele><time>2021-01-17T20:26:23Z</time><extensions><speed>0.607002</speed><course>75.664490</course><hAcc>0.891882</hAcc><vAcc>0.640043</vAcc></extensions></trkpt>
      <trkpt lon="-123.332206" lat="44.618905"><ele>273.776306</ele><time>2021-01-17T20:26:24Z</time><extensions><speed>0.628111</speed><course>75.664482</course><hAcc>0.891271</hAcc><vAcc>0.639218</vAcc></extensions></trkpt>
      <trkpt lon="-123.332198" lat="44.618906"><ele>274.332489</ele><time>2021-01-17T20:26:25Z</time><extensions><speed>0.661905</speed><course>-1.000000</course><hAcc>0.890540</hAcc><vAcc>0.638560</vAcc></extensions></trkpt>
      <trkpt lon="-123.332189" lat="44.618906"><ele>274.912109</ele><time>2021-01-17T20:26:26Z</time><extensions><speed>0.703899</speed><course>81.872025</course><hAcc>0.889697</hAcc><vAcc>0.638041</vAcc></extensions></trkpt>
      <trkpt lon="-123.332180" lat="44.618907"><ele>275.510986</ele><time>2021-01-17T20:26:27Z</time><extensions><speed>0.751693</speed><course>67.532890</course><hAcc>0.888837</hAcc><vAcc>0.637670</vAcc></extensions></trkpt>
      <trkpt lon="-123.332170" lat="44.618907"><ele>276.125061</ele><time>2021-01-17T20:26:28Z</time><extensions><speed>0.805069</speed><course>65.902733</course><hAcc>0.888094</hAcc><vAcc>0.637473</vAcc></extensions></trkpt>
      <trkpt lon="-123.332160" lat="44.618907"><ele>276.748688</ele><time>2021-01-17T20:26:29Z</time><extensions><speed>0.863677</speed><course>74.822517</course><hAcc>0.887584</hAcc><vAcc>0.637465</vAcc></extensions></trkpt>
      <trkpt lon="-123.332149" lat="44.618907"><ele>277.375031</ele><time>2021-01-17T20:26:30Z</time><extensions><speed>0.927277</speed><course>75.595337</course><hAcc>0.887394</hAcc><vAcc>0.637651</vAcc></extensions></trkpt>
      <trkpt lon="-123.332137" lat="44.618907"><ele>277.996796</ele><time>2021-01-17T20:26:31Z</time><extensions><speed>0.994360</speed><course>-1.000000</course><hAcc>0.887614</hAcc><vAcc>0.638058</vAcc></extensions></trkpt>
      <trkpt lon="-123.332124" lat="44.618906"><ele>278.605530</ele><time>2021-01-17T20:26:32Z</time><extensions><speed>1.060272</speed><course>98.037910</course><hAcc>0.888331</hAcc><vAcc>0.638721</vAcc></extensions></trkpt>
      <trkpt lon="-123.332110" lat="44.618906"><ele>279.191681</ele><time>2021-01-17T20:26:33Z</time><extensions><speed>1.119554</speed><course>92.458374</course><hAcc>0.889616</hAcc><vAcc>0.639660</vAcc></extensions></trkpt>
      <trkpt lon="-123.332095" lat="44.618905"><ele>279.745331</ele><time>2021-01-17T20:26:34Z</time><extensions><speed>1.169299</speed><course>78.297752</course><hAcc>0.891545</hAcc><vAcc>0.640893</vAcc></extensions></trkpt>
      <trkpt lon="-123.332081" lat="44.618904"><ele>280.258514</ele><time>2021-01-17T20:26:35Z</time><extensions><speed>1.210415</speed><course>79.541878</course><hAcc>0.894218</hAcc><vAcc>0.642446</vAcc></extensions></trkpt>
      <trkpt lon="-123.332065" lat="44.618903"><ele>280.726807</ele><time>2021-01-17T20:26:36Z</time><extensions><speed>1.243749</speed><course>75.691597</course><hAcc>0.897728</hAcc><vAcc>0.644336</vAcc></extensions></trkpt>
      <trkpt lon="-123.332049" lat="44.618902"><ele>281.147797</ele><time>2021-01-17T20:26:37Z</time><extensions><speed>1.268328</speed><course>62.112579</course><hAcc>0.902119</hAcc><vAcc>0.646566</vAcc></extensions></trkpt>
      <trkpt lon="-123.332033" lat="44.618901"><ele>281.519379</ele><time>2021-01-17T20:26:38Z</time><extensions><speed>1.283537</speed><course>81.027252</course><hAcc>0.907371</hAcc><vAcc>0.649132</vAcc></extensions></trkpt>
      <trkpt lon="-123.332017" lat="44.618899"><ele>281.839264</ele><time>2021-01-17T20:26:39Z</time><extensions><speed>1.290322</speed><course>88.659317</course><hAcc>0.913353</hAcc><vAcc>0.651998</vAcc></extensions></trkpt>
      <trkpt lon="-123.332001" lat="44.618897"><ele>282.103638</ele><time>2021-01-17T20:26:40Z</time><extensions><speed>1.289816</speed><course>90.298363</course><hAcc>0.919743</hAcc><vAcc>0.655044</vAcc></extensions></trkpt>
      <trkpt lon="-123.331985" lat="44.618895"><ele>282.306702</ele><time>2021-01-17T20:26:41Z</time><extensions><speed>1.282133</speed><course>81.574188</course><hAcc>0.925981</hAcc><vAcc>0.658012</vAcc></extensions></trkpt>
      <trkpt lon="-123.331970" lat="44.618893"><ele>282.441406</ele><time>2021-01-17T20:26:42Z</time><extensions><speed>1.267480</speed><course>93.972008</course><hAcc>0.931340</hAcc><vAcc>0.660521</vAcc></extensions></trkpt>
      <trkpt lon="-123.331954" lat="44.618890"><ele>282.501404</ele><time>2021-01-17T20:26:43Z</time><extensions><speed>1.245771</speed><course>93.508827</course><hAcc>0.935135</hAcc><vAcc>0.662190</vAcc></extensions></trkpt>
      <trkpt lon="-123.331939" lat="44.618888"><ele>282.483856</ele><time>2021-01-17T20:26:44Z</time><extensions><speed>1.218783</speed><course>102.202805</course><hAcc>0.936919</hAcc><vAcc>0.662774</vAcc></extensions></trkpt>
      <trkpt lon="-123.331924" lat="44.618885"><ele>282.390717</ele><time>2021-01-17T20:26:45Z</time><extensions><speed>1.189441</speed><course>95.189636</course><hAcc>0.936550</hAcc><vAcc>0.662204</vAcc></extensions></trkpt>
      <trkpt lon="-123.331910" lat="44.618882"><ele>282.227905</ele><time>2021-01-17T20:26:46Z</time><extensions><speed>1.160013</speed><course>104.850212</course><hAcc>0.934258</hAcc><vAcc>0.660634</vAcc></extensions></trkpt>
      <trkpt lon="-123.331896" lat="44.618879"><ele>282.005798</ele><time>2021-01-17T20:26:47Z</time><extensions><speed>1.133699</speed><course>95.359703</course><hAcc>0.930635</hAcc><vAcc>0.658441</vAcc></extensions></trkpt>
      <trkpt lon="-123.331883" lat="44.618876"><ele>281.739594</ele><time>2021-01-17T20:26:48Z</time><extensions><speed>1.111761</speed><course>-1.000000</course><hAcc>0.926377</hAcc><vAcc>0.656061</vAcc></extensions></trkpt>
      <trkpt lon="-123.331870" lat="44.618873"><ele>281.446777</ele><time>2021-01-17T20:26:49Z</time><extensions><speed>1.091524</speed><course>102.420227</course><hAcc>0.922022</hAcc><vAcc>0.653823</vAcc></extensions></trkpt>
      <trkpt lon="-123.331857" lat="44.618869"><ele>281.144531</ele><time>2021-01-17T20:26:50Z</time><extensions><speed>1.069449</speed><course>107.825111</course><hAcc>0.917936</hAcc><vAcc>0.651949</vAcc></extensions></trkpt>
      <trkpt lon="-123.331845" lat="44.618866"><ele>280.848999</ele><time>2021-01-17T20:26:51Z</time><extensions><speed>1.041962</speed><course>-1.000000</course><hAcc>0.914404</hAcc><vAcc>0.650602</vAcc></extensions></trkpt>
      <trkpt lon="-123.331833" lat="44.618863"><ele>280.573517</ele><time>2021-01-17T20:26:52Z</time><extensions><speed>1.004597</speed><course>109.126534</course><hAcc>0.911626</hAcc><vAcc>0.649878</vAcc></extensions></trkpt>
      <trkpt lon="-123.331821" lat="44.618859"><ele>280.327301</ele><time>2021-01-17T20:26:53Z</time><extensions><speed>0.956455</speed><course>110.853050</course><hAcc>0.909698</hAcc><vAcc>0.649789</vAcc></extensions></trkpt>
      <trkpt lon="-123.331810" lat="44.618856"><ele>280.116516</ele><time>2021-01-17T20:26:54Z</time><extensions><speed>0.900472</speed><course>114.108307</course><hAcc>0.908601</hAcc><vAcc>0.650257</vAcc></extensions></trkpt>
      <trkpt lon="-123.331800" lat="44.618853"><ele>279.946564</ele><time>2021-01-17T20:26:55Z</time><extensions><speed>0.841052</speed><course>110.615021</course><hAcc>0.908208</hAcc><vAcc>0.651137</vAcc></extensions></trkpt>
      <trkpt lon="-123.331791" lat="44.618849"><ele>279.823914</ele><time>2021-01-17T20:26:56Z</time><extensions><speed>0.783665</speed><course>111.299713</course><hAcc>0.908299</hAcc><vAcc>0.652233</vAcc></extensions></trkpt>
      <trkpt lon="-123.331783" lat="44.618846"><ele>279.756104</ele><time>2021-01-17T20:26:57Z</time><extensions><speed>0.734225</speed><course>-1.000000</course><hAcc>0.908627</hAcc><vAcc>0.653333</vAcc></extensions></trkpt>
      <trkpt lon="-123.331776" lat="44.618842"><ele>279.749390</ele><time>2021-01-17T20:26:58Z</time><extensions><speed>0.699518</speed><course>-1.000000</course><hAcc>0.909043</hAcc><vAcc>0.654278</vAcc></extensions></trkpt>
      <trkpt lon="-123.331769" lat="44.618839"><ele>279.804810</ele><time>2021-01-17T20:26:59Z</time><extensions><speed>0.682264</speed><course>76.250580</course><hAcc>0.909587</hAcc><vAcc>0.655022</vAcc></extensions></trkpt>
      <trkpt lon="-123.331762" lat="44.618834"><ele>279.916870</ele><time>2021-01-17T20:27:00Z</time><extensions><speed>0.682313</speed><course>103.171608</course><hAcc>0.910452</hAcc><vAcc>0.655625</vAcc></extensions></trkpt>
      <trkpt lon="-123.331756" lat="44.618830"><ele>280.076080</ele><time>2021-01-17T20:27:01Z</time><extensions><speed>0.699153</speed><course>105.598244</course><hAcc>0.911862</hAcc><vAcc>0.656199</vAcc></extensions></trkpt>
      <trkpt lon="-123.331751" lat="44.618825"><ele>280.271118</ele><time>2021-01-17T20:27:02Z</time><extensions><speed>0.731443</speed><course>-1.000000</course><hAcc>0.914005</hAcc><vAcc>0.656870</vAcc></extensions></trkpt>
      <trkpt lon="-123.331745" lat="44.618820"><ele>280.489990</ele><time>2021-01-17T20:27:03Z</time><extensions><speed>0.777592</speed><course>-1.000000</course><hAcc>0.917001</hAcc><vAcc>0.657784</vAcc></extensions></trkpt>
      <trkpt lon="-123.331739" lat="44.618814"><ele>280.721985</ele><time>2021-01-17T20:27:04Z</time><extensions><speed>0.836011</speed><course>-1.000000</course><hAcc>0.920867</hAcc><vAcc>0.659068</vAcc></extensions></trkpt>
      <trkpt lon="-123.331732" lat="44.618808"><ele>280.959045</ele><time>2021-01-17T20:27:05Z</time><extensions><speed>0.905295</speed><course>-1.000000</course><hAcc>0.925452</hAcc><vAcc>0.660785</vAcc></extensions></trkpt>
      <trkpt lon="-123.331725" lat="44.618801"><ele>281.196899</ele><time>2021-01-17T20:27:06Z</time><extensions><speed>0.984057</speed><course>-1.000000</course><hAcc>0.930397</hAcc><vAcc>0.662869</vAcc></extensions></trkpt>
      <trkpt lon="-123.331717" lat="44.618794"><ele>281.434326</ele><time>2021-01-17T20:27:07Z</time><extensions><speed>1.070910</speed><course>-1.000000</course><hAcc>0.935157</hAcc><vAcc>0.665107</vAcc></extensions></trkpt>
      <trkpt lon="-123.331708" lat="44.618786"><ele>281.671631</ele><time>2021-01-17T20:27:08Z</time><extensions><speed>1.162174</speed><course>-1.000000</course><hAcc>0.939041</hAcc><vAcc>0.667149</vAcc></extensions></trkpt>
      <trkpt lon="-123.331698" lat="44.618777"><ele>281.910522</ele><time>2021-01-17T20:27:09Z</time><extensions><speed>1.250423</speed><course>-1.000000</course><hAcc>0.941258</hAcc><vAcc>0.668533</vAcc></extensions></trkpt>
      <trkpt lon="-123.331687" lat="44.618769"><ele>282.154633</ele><time>2021-01-17T20:27:10Z</time><extensions><speed>1.327520</speed><course>-1.000000</course><hAcc>0.941124</hAcc><vAcc>0.668823</vAcc></extensions></trkpt>
      <trkpt lon="-123.331676" lat="44.618760"><ele>282.408997</ele><time>2021-01-17T20:27:11Z</time><extensions><speed>1.386789</speed><course>134.870117</course><hAcc>0.938452</hAcc><vAcc>0.667875</vAcc></extensions></trkpt>
      <trkpt lon="-123.331664" lat="44.618751"><ele>282.679382</ele><time>2021-01-17T20:27:12Z</time><extensions><speed>1.425177</speed><course>139.684601</course><hAcc>0.933788</hAcc><vAcc>0.665997</vAcc></extensions></trkpt>
      <trkpt lon="-123.331651" lat="44.618741"><ele>282.973358</ele><time>2021-01-17T20:27:13Z</time><extensions><speed>1.444590</speed><course>158.605789</course><hAcc>0.928161</hAcc><vAcc>0.663781</vAcc></extensions></trkpt>
      <trkpt lon="-123.331638" lat="44.618732"><ele>283.299347</ele><time>2021-01-17T20:27:14Z</time><extensions><speed>1.447710</speed><course>140.593979</course><hAcc>0.922577</hAcc><vAcc>0.661779</vAcc></extensions></trkpt>
      <trkpt lon="-123.331625" lat="44.618723"><ele>283.663361</ele><time>2021-01-17T20:27:15Z</time><extensions><speed>1.435795</speed><course>138.293900</course><hAcc>0.917719</hAcc><vAcc>0.660322</vAcc></extensions></trkpt>
      <trkpt lon="-123.331612" lat="44.618714"><ele>284.068420</ele><time>2021-01-17T20:27:16Z</time><extensions><speed>1.412313</speed><course>133.447845</course><hAcc>0.913934</hAcc><vAcc>0.659534</vAcc></extensions></trkpt>
      <trkpt lon="-123.331599" lat="44.618706"><ele>284.515686</ele><time>2021-01-17T20:27:17Z</time><extensions><speed>1.381558</speed><course>137.389481</course><hAcc>0.911305</hAcc><vAcc>0.659390</vAcc></extensions></trkpt>
      <trkpt lon="-123.331587" lat="44.618697"><ele>285.004120</ele><time>2021-01-17T20:27:18Z</time><extensions><speed>1.346094</speed><course>137.852219</course><hAcc>0.909728</hAcc><vAcc>0.659765</vAcc></extensions></trkpt>
      <trkpt lon="-123.331574" lat="44.618690"><ele>285.530182</ele><time>2021-01-17T20:27:19Z</time><extensions><speed>1.307486</speed><course>137.829254</course><hAcc>0.908983</hAcc><vAcc>0.660476</vAcc></extensions></trkpt>
      <trkpt lon="-123.331562" lat="44.618682"><ele>286.088379</ele><time>2021-01-17T20:27:20Z</time><extensions><speed>1.266237</speed><course>146.520721</course><hAcc>0.908772</hAcc><vAcc>0.661291</vAcc></extensions></trkpt>
      <trkpt lon="-123.331549" lat="44.618675"><ele>286.672821</ele><time>2021-01-17T20:27:21Z</time><extensions><speed>1.224039</speed><course>135.445053</course><hAcc>0.908777</hAcc><vAcc>0.661970</vAcc></extensions></trkpt>
      <trkpt lon="-123.331537" lat="44.618668"><ele>287.277710</ele><time>2021-01-17T20:27:22Z</time><extensions><speed>1.183318</speed><course>131.055099</course><hAcc>0.908728</hAcc><vAcc>0.662317</vAcc></extensions></trkpt>
      <trkpt lon="-123.331526" lat="44.618662"><ele>287.896454</ele><time>2021-01-17T20:27:23Z</time><extensions><speed>1.145140</speed><course>123.200661</course><hAcc>0.908440</hAcc><vAcc>0.662213</vAcc></extensions></trkpt>
      <trkpt lon="-123.331514" lat="44.618657"><ele>288.520874</ele><time>2021-01-17T20:27:24Z</time><extensions><speed>1.110135</speed><course>123.474365</course><hAcc>0.907820</hAcc><vAcc>0.661617</vAcc></extensions></trkpt>
      <trkpt lon="-123.331502" lat="44.618651"><ele>289.141876</ele><time>2021-01-17T20:27:25Z</time><extensions><speed>1.079262</speed><course>121.337402</course><hAcc>0.906855</hAcc><vAcc>0.660551</vAcc></extensions></trkpt>
      <trkpt lon="-123.331491" lat="44.618647"><ele>289.751099</ele><time>2021-01-17T20:27:26Z</time><extensions><speed>1.053815</speed><course>-1.000000</course><hAcc>0.905580</hAcc><vAcc>0.659080</vAcc></extensions></trkpt>
      <trkpt lon="-123.331479" lat="44.618642"><ele>290.343079</ele><time>2021-01-17T20:27:27Z</time><extensions><speed>1.033333</speed><course>-1.000000</course><hAcc>0.904045</hAcc><vAcc>0.657268</vAcc></extensions></trkpt>
      <trkpt lon="-123.331467" lat="44.618638"><ele>290.916229</ele><time>2021-01-17T20:27:28Z</time><extensions><speed>1.016507</speed><course>107.534912</course><hAcc>0.902318</hAcc><vAcc>0.655200</vAcc></extensions></trkpt>
      <trkpt lon="-123.331456" lat="44.618634"><ele>291.472351</ele><time>2021-01-17T20:27:29Z</time><extensions><speed>1.004589</speed><course>-1.000000</course><hAcc>0.900497</hAcc><vAcc>0.652991</vAcc></extensions></trkpt>
      <trkpt lon="-123.331444" lat="44.618631"><ele>292.015137</ele><time>2021-01-17T20:27:30Z</time><extensions><speed>0.998502</speed><course>108.600426</course><hAcc>0.898717</hAcc><vAcc>0.650797</vAcc></extensions></trkpt>
      <trkpt lon="-123.331432" lat="44.618628"><ele>292.549438</ele><time>2021-01-17T20:27:31Z</time><extensions><speed>0.997561</speed><course>108.392113</course><hAcc>0.897120</hAcc><vAcc>0.648796</vAcc></extensions></trkpt>
      <trkpt lon="-123.331420" lat="44.618626"><ele>293.080292</ele><time>2021-01-17T20:27:32Z</time><extensions><speed>1.000325</speed><course>131.712875</course><hAcc>0.895795</hAcc><vAcc>0.647118</vAcc></extensions></trkpt>
      <trkpt lon="-123.331407" lat="44.618625"><ele>293.610413</ele><time>2021-01-17T20:27:33Z</time><extensions><speed>1.005090</speed><course>144.769653</course><hAcc>0.894720</hAcc><vAcc>0.645785</vAcc></extensions></trkpt>
      <trkpt lon="-123.331395" lat="44.618624"><ele>294.138702</ele><time>2021-01-17T20:27:34Z</time><extensions><speed>1.011786</speed><course>139.577591</course><hAcc>0.893781</hAcc><vAcc>0.644699</vAcc></extensions></trkpt>
      <trkpt lon="-123.331382" lat="44.618623"><ele>294.659058</ele><time>2021-01-17T20:27:35Z</time><extensions><speed>1.020023</speed><course>128.661179</course><hAcc>0.892851</hAcc><vAcc>0.643719</vAcc></extensions></trkpt>
      <trkpt lon="-123.331369" lat="44.618624"><ele>295.160797</ele><time>2021-01-17T20:27:36Z</time><extensions><speed>1.030188</speed><course>-1.000000</course><hAcc>0.891840</hAcc><vAcc>0.642722</vAcc></extensions></trkpt>
      <trkpt lon="-123.331356" lat="44.618626"><ele>295.631561</ele><time>2021-01-17T20:27:37Z</time><extensions><speed>1.043351</speed><course>-1.000000</course><hAcc>0.890731</hAcc><vAcc>0.641649</vAcc></extensions></trkpt>
      <trkpt lon="-123.331344" lat="44.618628"><ele>296.060730</ele><time>2021-01-17T20:27:38Z</time><extensions><speed>1.057383</speed><course>-1.000000</course><hAcc>0.889564</hAcc><vAcc>0.640487</vAcc></extensions></trkpt>
      <trkpt lon="-123.331331" lat="44.618632"><ele>296.440735</ele><time>2021-01-17T20:27:39Z</time><extensions><speed>1.069767</speed><course>-1.000000</course><hAcc>0.888386</hAcc><vAcc>0.639237</vAcc></extensions></trkpt>
      <trkpt lon="-123.331319" lat="44.618637"><ele>296.767090</ele><time>2021-01-17T20:27:40Z</time><extensions><speed>1.080779</speed><course>111.243103</course><hAcc>0.887248</hAcc><vAcc>0.637922</vAcc></extensions></trkpt>
      <trkpt lon="-123.331308" lat="44.618642"><ele>297.039215</ele><time>2021-01-17T20:27:41Z</time><extensions><speed>1.094393</speed><course>96.736237</course><hAcc>0.886219</hAcc><vAcc>0.636608</vAcc></extensions></trkpt>
      <trkpt lon="-123.331298" lat="44.618649"><ele>297.260132</ele><time>2021-01-17T20:27:42Z</time><extensions><speed>1.114545</speed><course>98.042442</course><hAcc>0.885383</hAcc><vAcc>0.635392</vAcc></extensions></trkpt>
      <trkpt lon="-123.331289" lat="44.618657"><ele>297.434235</ele><time>2021-01-17T20:27:43Z</time><extensions><speed>1.141821</speed><course>74.166267</course><hAcc>0.884814</hAcc><vAcc>0.634388</vAcc></extensions></trkpt>
      <trkpt lon="-123.331280" lat="44.618665"><ele>297.565552</ele><time>2021-01-17T20:27:44Z</time><extensions><speed>1.175073</speed><course>84.670074</course><hAcc>0.884568</hAcc><vAcc>0.633708</vAcc></extensions></trkpt>
      <trkpt lon="-123.331273" lat="44.618675"><ele>297.657410</ele><time>2021-01-17T20:27:45Z</time><extensions><speed>1.213794</speed><course>78.962189</course><hAcc>0.884636</hAcc><vAcc>0.633410</vAcc></extensions></trkpt>
      <trkpt lon="-123.331267" lat="44.618685"><ele>297.712402</ele><time>2021-01-17T20:27:46Z</time><extensions><speed>1.258994</speed><course>-1.000000</course><hAcc>0.885002</hAcc><vAcc>0.633509</vAcc></extensions></trkpt>
      <trkpt lon="-123.331263" lat="44.618696"><ele>297.733917</ele><time>2021-01-17T20:27:47Z</time><extensions><speed>1.309271</speed><course>61.431141</course><hAcc>0.885741</hAcc><vAcc>0.634037</vAcc></extensions></trkpt>
      <trkpt lon="-123.331259" lat="44.618708"><ele>297.727142</ele><time>2021-01-17T20:27:48Z</time><extensions><speed>1.361627</speed><course>62.841930</course><hAcc>0.886945</hAcc><vAcc>0.634987</vAcc></extensions></trkpt>
      <trkpt lon="-123.331257" lat="44.618720"><ele>297.697906</ele><time>2021-01-17T20:27:49Z</time><extensions><speed>1.414055</speed><course>58.450714</course><hAcc>0.888601</hAcc><vAcc>0.636252</vAcc></extensions></trkpt>
      <trkpt lon="-123.331256" lat="44.618733"><ele>297.651642</ele><time>2021-01-17T20:27:50Z</time><extensions><speed>1.463228</speed><course>33.301662</course><hAcc>0.890582</hAcc><vAcc>0.637641</vAcc></extensions></trkpt>
      <trkpt lon="-123.331256" lat="44.618746"><ele>297.594543</ele><time>2021-01-17T20:27:51Z</time><extensions><speed>1.505215</speed><course>16.739519</course><hAcc>0.892687</hAcc><vAcc>0.638936</vAcc></extensions></trkpt>
      <trkpt lon="-123.331257" lat="44.618760"><ele>297.533691</ele><time>2021-01-17T20:27:52Z</time><extensions><speed>1.537067</speed><course>14.243069</course><hAcc>0.894729</hAcc><vAcc>0.640003</vAcc></extensions></trkpt>
      <trkpt lon="-123.331259" lat="44.618774"><ele>297.477081</ele><time>2021-01-17T20:27:53Z</time><extensions><speed>1.557108</speed><course>6.726496</course><hAcc>0.896565</hAcc><vAcc>0.640823</vAcc></extensions></trkpt>
      <trkpt lon="-123.331261" lat="44.618788"><ele>297.432617</ele><time>2021-01-17T20:27:54Z</time><extensions><speed>1.564722</speed><course>4.262280</course><hAcc>0.898027</hAcc><vAcc>0.641422</vAcc></extensions></trkpt>
      <trkpt lon="-123.331264" lat="44.618802"><ele>297.406555</ele><time>2021-01-17T20:27:55Z</time><extensions><speed>1.559637</speed><course>358.257141</course><hAcc>0.898905</hAcc><vAcc>0.641803</vAcc></extensions></trkpt>
      <trkpt lon="-123.331268" lat="44.618815"><ele>297.406036</ele><time>2021-01-17T20:27:56Z</time><extensions><speed>1.540509</speed><course>354.499573</course><hAcc>0.899096</hAcc><vAcc>0.642004</vAcc></extensions></trkpt>
      <trkpt lon="-123.331271" lat="44.618829"><ele>297.440460</ele><time>2021-01-17T20:27:57Z</time><extensions><speed>1.507112</speed><course>329.762665</course><hAcc>0.898727</hAcc><vAcc>0.642157</vAcc></extensions></trkpt>
      <trkpt lon="-123.331275" lat="44.618842"><ele>297.518250</ele><time>2021-01-17T20:27:58Z</time><extensions><speed>1.460770</speed><course>346.401825</course><hAcc>0.898039</hAcc><vAcc>0.642410</vAcc></extensions></trkpt>
      <trkpt lon="-123.331278" lat="44.618855"><ele>297.644165</ele><time>2021-01-17T20:27:59Z</time><extensions><speed>1.404070</speed><course>351.675934</course><hAcc>0.897232</hAcc><vAcc>0.642818</vAcc></extensions></trkpt>
      <trkpt lon="-123.331282" lat="44.618867"><ele>297.819855</ele><time>2021-01-17T20:28:00Z</time><extensions><speed>1.340821</speed><course>348.866150</course><hAcc>0.896415</hAcc><vAcc>0.643330</vAcc></extensions></trkpt>
      <trkpt lon="-123.331285" lat="44.618878"><ele>298.045410</ele><time>2021-01-17T20:28:01Z</time><extensions><speed>1.275309</speed><course>7.559316</course><hAcc>0.895607</hAcc><vAcc>0.643799</vAcc></extensions></trkpt>
      <trkpt lon="-123.331288" lat="44.618889"><ele>298.320953</ele><time>2021-01-17T20:28:02Z</time><extensions><speed>1.211314</speed><course>1.855940</course><hAcc>0.894756</hAcc><vAcc>0.644051</vAcc></extensions></trkpt>
      <trkpt lon="-123.331291" lat="44.618900"><ele>298.646362</ele><time>2021-01-17T20:28:03Z</time><extensions><speed>1.151013</speed><course>0.105100</course><hAcc>0.893798</hAcc><vAcc>0.643945</vAcc></extensions></trkpt>
      <trkpt lon="-123.331293" lat="44.618910"><ele>299.019928</ele><time>2021-01-17T20:28:04Z</time><extensions><speed>1.096179</speed><course>1.496132</course><hAcc>0.892705</hAcc><vAcc>0.643416</vAcc></extensions></trkpt>
      <trkpt lon="-123.331297" lat="44.618919"><ele>299.437073</ele><time>2021-01-17T20:28:05Z</time><extensions><speed>1.049161</speed><course>6.635558</course><hAcc>0.891493</hAcc><vAcc>0.642473</vAcc></extensions></trkpt>
      <trkpt lon="-123.331300" lat="44.618928"><ele>299.888519</ele><time>2021-01-17T20:28:06Z</time><extensions><speed>1.012974</speed><course>324.290192</course><hAcc>0.890212</hAcc><vAcc>0.641182</vAcc></extensions></trkpt>
      <trkpt lon="-123.331303" lat="44.618937"><ele>300.360413</ele><time>2021-01-17T20:28:07Z</time><extensions><speed>0.989449</speed><course>321.880066</course><hAcc>0.888948</hAcc><vAcc>0.639658</vAcc></extensions></trkpt>
      <trkpt lon="-123.331307" lat="44.618945"><ele>300.835571</ele><time>2021-01-17T20:28:08Z</time><extensions><speed>0.978809</speed><course>-1.000000</course><hAcc>0.887819</hAcc><vAcc>0.638070</vAcc></extensions></trkpt>
      <trkpt lon="-123.331311" lat="44.618953"><ele>301.295593</ele><time>2021-01-17T20:28:09Z</time><extensions><speed>0.981381</speed><course>-1.000000</course><hAcc>0.886956</hAcc><vAcc>0.636613</vAcc></extensions></trkpt>
      <trkpt lon="-123.331315" lat="44.618962"><ele>301.724335</ele><time>2021-01-17T20:28:10Z</time><extensions><speed>0.995992</speed><course>-1.000000</course><hAcc>0.886421</hAcc><vAcc>0.635436</vAcc></extensions></trkpt>
      <trkpt lon="-123.331320" lat="44.618970"><ele>302.109589</ele><time>2021-01-17T20:28:11Z</time><extensions><speed>1.017911</speed><course>-1.000000</course><hAcc>0.886179</hAcc><vAcc>0.634604</vAcc></extensions></trkpt>
      <trkpt lon="-123.331325" lat="44.618979"><ele>302.443604</ele><time>2021-01-17T20:28:12Z</time><extensions><speed>1.040325</speed><course>17.267794</course><hAcc>0.886110</hAcc><vAcc>0.634109</vAcc></extensions></trkpt>
      <trkpt lon="-123.331330" lat="44.618987"><ele>302.723297</ele><time>2021-01-17T20:28:13Z</time><extensions><speed>1.056801</speed><course>357.818604</course><hAcc>0.886067</hAcc><vAcc>0.633895</vAcc></extensions></trkpt>
      <trkpt lon="-123.331335" lat="44.618996"><ele>302.948914</ele><time>2021-01-17T20:28:14Z</time><extensions><speed>1.063027</speed><course>-1.000000</course><hAcc>0.885990</hAcc><vAcc>0.633926</vAcc></extensions></trkpt>
      <trkpt lon="-123.331341" lat="44.619005"><ele>303.124634</ele><time>2021-01-17T20:28:15Z</time><extensions><speed>1.056134</speed><course>339.270660</course><hAcc>0.885966</hAcc><vAcc>0.634228</vAcc></extensions></trkpt>
      <trkpt lon="-123.331347" lat="44.619013"><ele>303.259827</ele><time>2021-01-17T20:28:16Z</time><extensions><speed>1.036474</speed><course>342.810455</course><hAcc>0.886126</hAcc><vAcc>0.634828</vAcc></extensions></trkpt>
      <trkpt lon="-123.331352" lat="44.619022"><ele>303.367096</ele><time>2021-01-17T20:28:17Z</time><extensions><speed>1.008100</speed><course>337.756042</course><hAcc>0.886544</hAcc><vAcc>0.635680</vAcc></extensions></trkpt>
      <trkpt lon="-123.331358" lat="44.619030"><ele>303.461060</ele><time>2021-01-17T20:28:18Z</time><extensions><speed>0.975166</speed><course>318.371368</course><hAcc>0.887213</hAcc><vAcc>0.636659</vAcc></extensions></trkpt>
      <trkpt lon="-123.331363" lat="44.619037"><ele>303.558197</ele><time>2021-01-17T20:28:19Z</time><extensions><speed>0.940467</speed><course>336.732269</course><hAcc>0.888055</hAcc><vAcc>0.637579</vAcc></extensions></trkpt>
      <trkpt lon="-123.331368" lat="44.619045"><ele>303.674774</ele><time>2021-01-17T20:28:20Z</time><extensions><speed>0.906084</speed><course>324.693054</course><hAcc>0.888971</hAcc><vAcc>0.638251</vAcc></extensions></trkpt>
      <trkpt lon="-123.331372" lat="44.619052"><ele>303.824036</ele><time>2021-01-17T20:28:21Z</time><extensions><speed>0.873379</speed><course>314.107056</course><hAcc>0.889930</hAcc><vAcc>0.638583</vAcc></extensions></trkpt>
      <trkpt lon="-123.331376" lat="44.619059"><ele>304.016327</ele><time>2021-01-17T20:28:22Z</time><extensions><speed>0.842856</speed><course>322.566559</course><hAcc>0.891012</hAcc><vAcc>0.638622</vAcc></extensions></trkpt>
      <trkpt lon="-123.331379" lat="44.619067"><ele>304.259796</ele><time>2021-01-17T20:28:23Z</time><extensions><speed>0.814527</speed><course>335.698090</course><hAcc>0.892374</hAcc><vAcc>0.638537</vAcc></extensions></trkpt>
      <trkpt lon="-123.331382" lat="44.619073"><ele>304.558746</ele><time>2021-01-17T20:28:24Z</time><extensions><speed>0.787781</speed><course>346.132324</course><hAcc>0.894173</hAcc><vAcc>0.638544</vAcc></extensions></trkpt>
      <trkpt lon="-123.331384" lat="44.619080"><ele>304.913483</ele><time>2021-01-17T20:28:25Z</time><extensions><speed>0.761438</speed><course>350.980804</course><hAcc>0.896457</hAcc><vAcc>0.638804</vAcc></extensions></trkpt>
      <trkpt lon="-123.331386" lat="44.619087"><ele>305.321503</ele><time>2021-01-17T20:28:26Z</time><extensions><speed>0.734877</speed><course>-1.000000</course><hAcc>0.899071</hAcc><vAcc>0.639327</vAcc></extensions></trkpt>
      <trkpt lon="-123.331388" lat="44.619093"><ele>305.778961</ele><time>2021-01-17T20:28:27Z</time><extensions><speed>0.707609</speed><course>341.260498</course><hAcc>0.901687</hAcc><vAcc>0.639986</vAcc></extensions></trkpt>
      <trkpt lon="-123.331389" lat="44.619099"><ele>306.282440</ele><time>2021-01-17T20:28:28Z</time><extensions><speed>0.680624</speed><course>-1.000000</course><hAcc>0.903924</hAcc><vAcc>0.640590</vAcc></extensions></trkpt>
      <trkpt lon="-123.331390" lat="44.619105"><ele>306.828247</ele><time>2021-01-17T20:28:29Z</time><extensions><speed>0.654190</speed><course>338.513245</course><hAcc>0.905482</hAcc><vAcc>0.640976</vAcc></extensions></trkpt>
      <trkpt lon="-123.331392" lat="44.619111"><ele>307.410889</ele><time>2021-01-17T20:28:30Z</time><extensions><speed>0.628416</speed><course>357.735413</course><hAcc>0.906161</hAcc><vAcc>0.641023</vAcc></extensions></trkpt>
      <trkpt lon="-123.331393" lat="44.619117"><ele>308.022980</ele><time>2021-01-17T20:28:31Z</time><extensions><speed>0.607629</speed><course>5.993009</course><hAcc>0.905815</hAcc><vAcc>0.640624</vAcc></extensions></trkpt>
      <trkpt lon="-123.331395" lat="44.619122"><ele>308.653687</ele><time>2021-01-17T20:28:32Z</time><extensions><speed>0.597780</speed><course>8.318940</course><hAcc>0.904422</hAcc><vAcc>0.639739</vAcc></extensions></trkpt>
      <trkpt lon="-123.331397" lat="44.619127"><ele>309.287445</ele><time>2021-01-17T20:28:33Z</time><extensions><speed>0.604309</speed><course>-1.000000</course><hAcc>0.902118</hAcc><vAcc>0.638424</vAcc></extensions></trkpt>
      <trkpt lon="-123.331400" lat="44.619132"><ele>309.904602</ele><time>2021-01-17T20:28:34Z</time><extensions><speed>0.629708</speed><course>-1.000000</course><hAcc>0.899096</hAcc><vAcc>0.636774</vAcc></extensions></trkpt>
      <trkpt lon="-123.331404" lat="44.619137"><ele>310.483856</ele><time>2021-01-17T20:28:35Z</time><extensions><speed>0.673450</speed><course>-1.000000</course><hAcc>0.895597</hAcc><vAcc>0.634927</vAcc></extensions></trkpt>
      <trkpt lon="-123.331409" lat="44.619143"><ele>311.004730</ele><time>2021-01-17T20:28:36Z</time><extensions><speed>0.733352</speed><course>-1.000000</course><hAcc>0.891946</hAcc><vAcc>0.633075</vAcc></extensions></trkpt>
      <trkpt lon="-123.331414" lat="44.619148"><ele>311.449066</ele><time>2021-01-17T20:28:37Z</time><extensions><speed>0.804053</speed><course>-1.000000</course><hAcc>0.888474</hAcc><vAcc>0.631417</vAcc></extensions></trkpt>
      <trkpt lon="-123.331420" lat="44.619154"><ele>311.802155</ele><time>2021-01-17T20:28:38Z</time><extensions><speed>0.878340</speed><course>-1.000000</course><hAcc>0.885419</hAcc><vAcc>0.630094</vAcc></extensions></trkpt>
      <trkpt lon="-123.331427" lat="44.619161"><ele>312.055054</ele><time>2021-01-17T20:28:39Z</time><extensions><speed>0.949023</speed><course>-1.000000</course><hAcc>0.882892</hAcc><vAcc>0.629154</vAcc></extensions></trkpt>
      <trkpt lon="-123.331435" lat="44.619168"><ele>312.205597</ele><time>2021-01-17T20:28:40Z</time><extensions><speed>1.009409</speed><course>281.767426</course><hAcc>0.880898</hAcc><vAcc>0.628556</vAcc></extensions></trkpt>
      <trkpt lon="-123.331443" lat="44.619175"><ele>312.257690</ele><time>2021-01-17T20:28:41Z</time><extensions><speed>1.054197</speed><course>300.052368</course><hAcc>0.879374</hAcc><vAcc>0.628200</vAcc></extensions></trkpt>
      <trkpt lon="-123.331451" lat="44.619183"><ele>312.219208</ele><time>2021-01-17T20:28:42Z</time><extensions><speed>1.082676</speed><course>299.435669</course><hAcc>0.878235</hAcc><vAcc>0.627993</vAcc></extensions></trkpt>
      <trkpt lon="-123.331458" lat="44.619191"><ele>312.100555</ele><time>2021-01-17T20:28:43Z</time><extensions><speed>1.098836</speed><course>309.819427</course><hAcc>0.877421</hAcc><vAcc>0.627885</vAcc></extensions></trkpt>
      <trkpt lon="-123.331465" lat="44.619200"><ele>311.914154</ele><time>2021-01-17T20:28:44Z</time><extensions><speed>1.107417</speed><course>-1.000000</course><hAcc>0.876914</hAcc><vAcc>0.627885</vAcc></extensions></trkpt>
      <trkpt lon="-123.331471" lat="44.619209"><ele>311.670685</ele><time>2021-01-17T20:28:45Z</time><extensions><speed>1.111895</speed><course>326.891235</course><hAcc>0.876710</hAcc><vAcc>0.628025</vAcc></extensions></trkpt>
      <trkpt lon="-123.331477" lat="44.619218"><ele>311.375702</ele><time>2021-01-17T20:28:46Z</time><extensions><speed>1.114577</speed><course>339.004791</course><hAcc>0.876771</hAcc><vAcc>0.628299</vAcc></extensions></trkpt>
      <trkpt lon="-123.331482" lat="44.619228"><ele>311.031128</ele><time>2021-01-17T20:28:47Z</time><extensions><speed>1.118898</speed><course>341.928619</course><hAcc>0.877007</hAcc><vAcc>0.628642</vAcc></extensions></trkpt>
      <trkpt lon="-123.331485" lat="44.619237"><ele>310.637634</ele><time>2021-01-17T20:28:48Z</time><extensions><speed>1.128639</speed><course>-1.000000</course><hAcc>0.877304</hAcc><vAcc>0.628959</vAcc></extensions></trkpt>
      <trkpt lon="-123.331488" lat="44.619247"><ele>310.197968</ele><time>2021-01-17T20:28:49Z</time><extensions><speed>1.145676</speed><course>-1.000000</course><hAcc>0.877569</hAcc><vAcc>0.629174</vAcc></extensions></trkpt>
      <trkpt lon="-123.331490" lat="44.619258"><ele>309.720184</ele><time>2021-01-17T20:28:50Z</time><extensions><speed>1.169096</speed><course>328.935608</course><hAcc>0.877777</hAcc><vAcc>0.629281</vAcc></extensions></trkpt>
      <trkpt lon="-123.331491" lat="44.619268"><ele>309.217560</ele><time>2021-01-17T20:28:51Z</time><extensions><speed>1.195828</speed><course>326.800262</course><hAcc>0.877988</hAcc><vAcc>0.629361</vAcc></extensions></trkpt>
      <trkpt lon="-123.331492" lat="44.619279"><ele>308.707275</ele><time>2021-01-17T20:28:52Z</time><extensions><speed>1.220865</speed><course>351.157928</course><hAcc>0.878298</hAcc><vAcc>0.629534</vAcc></extensions></trkpt>
      <trkpt lon="-123.331491" lat="44.619290"><ele>308.209320</ele><time>2021-01-17T20:28:53Z</time><extensions><speed>1.238438</speed><course>3.936445</course><hAcc>0.878775</hAcc><vAcc>0.629890</vAcc></extensions></trkpt>
      <trkpt lon="-123.331490" lat="44.619301"><ele>307.745026</ele><time>2021-01-17T20:28:54Z</time><extensions><speed>1.245654</speed><course>4.441267</course><hAcc>0.879431</hAcc><vAcc>0.630448</vAcc></extensions></trkpt>
      <trkpt lon="-123.331489" lat="44.619312"><ele>307.334290</ele><time>2021-01-17T20:28:55Z</time><extensions><speed>1.242859</speed><course>352.188629</course><hAcc>0.880242</hAcc><vAcc>0.631170</vAcc></extensions></trkpt>
      <trkpt lon="-123.331487" lat="44.619324"><ele>306.992310</ele><time>2021-01-17T20:28:56Z</time><extensions><speed>1.231963</speed><course>350.179871</course><hAcc>0.881168</hAcc><vAcc>0.631985</vAcc></extensions></trkpt>
      <trkpt lon="-123.331485" lat="44.619334"><ele>306.727966</ele><time>2021-01-17T20:28:57Z</time><extensions><speed>1.213295</speed><course>352.472778</course><hAcc>0.882154</hAcc><vAcc>0.632806</vAcc></extensions></trkpt>
      <trkpt lon="-123.331483" lat="44.619345"><ele>306.543671</ele><time>2021-01-17T20:28:58Z</time><extensions><speed>1.186386</speed><course>355.143982</course><hAcc>0.883126</hAcc><vAcc>0.633537</vAcc></extensions></trkpt>
      <trkpt lon="-123.331481" lat="44.619356"><ele>306.435699</ele><time>2021-01-17T20:28:59Z</time><extensions><speed>1.153303</speed><course>359.213257</course><hAcc>0.884003</hAcc><vAcc>0.634085</vAcc></extensions></trkpt>
      <trkpt lon="-123.331479" lat="44.619366"><ele>306.394226</ele><time>2021-01-17T20:29:00Z</time><extensions><speed>1.117461</speed><course>8.033879</course><hAcc>0.884725</hAcc><vAcc>0.634395</vAcc></extensions></trkpt>
      <trkpt lon="-123.331478" lat="44.619375"><ele>306.405670</ele><time>2021-01-17T20:29:01Z</time><extensions><speed>1.081285</speed><course>29.860607</course><hAcc>0.885259</hAcc><vAcc>0.634450</vAcc></extensions></trkpt>
      <trkpt lon="-123.331476" lat="44.619385"><ele>306.456451</ele><time>2021-01-17T20:29:02Z</time><extensions><speed>1.044995</speed><course>7.881889</course><hAcc>0.885603</hAcc><vAcc>0.634258</vAcc></extensions></trkpt>
      <trkpt lon="-123.331475" lat="44.619394"><ele>306.536011</ele><time>2021-01-17T20:29:03Z</time><extensions><speed>1.008529</speed><course>3.549458</course><hAcc>0.885831</hAcc><vAcc>0.633880</vAcc></extensions></trkpt>
      <trkpt lon="-123.331474" lat="44.619403"><ele>306.637634</ele><time>2021-01-17T20:29:04Z</time><extensions><speed>0.973121</speed><course>1.870256</course><hAcc>0.886080</hAcc><vAcc>0.633427</vAcc></extensions></trkpt>
      <trkpt lon="-123.331474" lat="44.619412"><ele>306.757141</ele><time>2021-01-17T20:29:05Z</time><extensions><speed>0.940273</speed><course>1.850423</course><hAcc>0.886491</hAcc><vAcc>0.633013</vAcc></extensions></trkpt>
      <trkpt lon="-123.331473" lat="44.619420"><ele>306.891785</ele><time>2021-01-17T20:29:06Z</time><extensions><speed>0.909336</speed><course>359.658569</course><hAcc>0.887179</hAcc><vAcc>0.632739</vAcc></extensions></trkpt>
      <trkpt lon="-123.331473" lat="44.619428"><ele>307.039917</ele><time>2021-01-17T20:29:07Z</time><extensions><speed>0.879797</speed><course>354.783691</course><hAcc>0.888215</hAcc><vAcc>0.632675</vAcc></extensions></trkpt>
      <trkpt lon="-123.331473" lat="44.619436"><ele>307.199982</ele><time>2021-01-17T20:29:08Z</time><extensions><speed>0.853067</speed><course>352.265472</course><hAcc>0.889565</hAcc><vAcc>0.632832</vAcc></extensions></trkpt>
      <trkpt lon="-123.331473" lat="44.619443"><ele>307.370911</ele><time>2021-01-17T20:29:09Z</time><extensions><speed>0.830604</speed><course>340.436920</course><hAcc>0.891061</hAcc><vAcc>0.633144</vAcc></extensions></trkpt>
      <trkpt lon="-123.331473" lat="44.619451"><ele>307.552124</ele><time>2021-01-17T20:29:10Z</time><extensions><speed>0.813674</speed><course>341.717743</course><hAcc>0.892429</hAcc><vAcc>0.633479</vAcc></extensions></trkpt>
      <trkpt lon="-123.331472" lat="44.619458"><ele>307.743469</ele><time>2021-01-17T20:29:11Z</time><extensions><speed>0.802864</speed><course>329.944275</course><hAcc>0.893416</hAcc><vAcc>0.633709</vAcc></extensions></trkpt>
      <trkpt lon="-123.331471" lat="44.619465"><ele>307.944641</ele><time>2021-01-17T20:29:12Z</time><extensions><speed>0.798455</speed><course>347.444641</course><hAcc>0.893863</hAcc><vAcc>0.633758</vAcc></extensions></trkpt>
      <trkpt lon="-123.331469" lat="44.619472"><ele>308.154877</ele><time>2021-01-17T20:29:13Z</time><extensions><speed>0.800044</speed><course>1.823776</course><hAcc>0.893679</hAcc><vAcc>0.633582</vAcc></extensions></trkpt>
      <trkpt lon="-123.331466" lat="44.619479"><ele>308.372009</ele><time>2021-01-17T20:29:14Z</time><extensions><speed>0.807029</speed><course>7.569431</course><hAcc>0.892864</hAcc><vAcc>0.633183</vAcc></extensions></trkpt>
      <trkpt lon="-123.331463" lat="44.619486"><ele>308.593475</ele><time>2021-01-17T20:29:15Z</time><extensions><speed>0.819369</speed><course>9.237578</course><hAcc>0.891600</hAcc><vAcc>0.632660</vAcc></extensions></trkpt>
      <trkpt lon="-123.331460" lat="44.619493"><ele>308.816711</ele><time>2021-01-17T20:29:16Z</time><extensions><speed>0.834828</speed><course>15.802356</course><hAcc>0.890200</hAcc><vAcc>0.632188</vAcc></extensions></trkpt>
      <trkpt lon="-123.331455" lat="44.619500"><ele>309.038116</ele><time>2021-01-17T20:29:17Z</time><extensions><speed>0.850459</speed><course>25.629736</course><hAcc>0.888915</hAcc><vAcc>0.631911</vAcc></extensions></trkpt>
      <trkpt lon="-123.331451" lat="44.619507"><ele>309.253479</ele><time>2021-01-17T20:29:18Z</time><extensions><speed>0.865177</speed><course>15.382177</course><hAcc>0.887870</hAcc><vAcc>0.631901</vAcc></extensions></trkpt>
      <trkpt lon="-123.331446" lat="44.619514"><ele>309.458832</ele><time>2021-01-17T20:29:19Z</time><extensions><speed>0.878008</speed><course>-1.000000</course><hAcc>0.887110</hAcc><vAcc>0.632179</vAcc></extensions></trkpt>
      <trkpt lon="-123.331441" lat="44.619521"><ele>309.652222</ele><time>2021-01-17T20:29:20Z</time><extensions><speed>0.888237</speed><course>9.233122</course><hAcc>0.886650</hAcc><vAcc>0.632753</vAcc></extensions></trkpt>
      <trkpt lon="-123.331435" lat="44.619528"><ele>309.835358</ele><time>2021-01-17T20:29:21Z</time><extensions><speed>0.898186</speed><course>1.414286</course><hAcc>0.886514</hAcc><vAcc>0.633625</vAcc></extensions></trkpt>
      <trkpt lon="-123.331429" lat="44.619535"><ele>310.012878</ele><time>2021-01-17T20:29:22Z</time><extensions><speed>0.913284</speed><course>-1.000000</course><hAcc>0.886741</hAcc><vAcc>0.634789</vAcc></extensions></trkpt>
      <trkpt lon="-123.331423" lat="44.619542"><ele>310.191559</ele><time>2021-01-17T20:29:23Z</time><extensions><speed>0.935285</speed><course>-1.000000</course><hAcc>0.887351</hAcc><vAcc>0.636233</vAcc></extensions></trkpt>
      <trkpt lon="-123.331417" lat="44.619550"><ele>310.380432</ele><time>2021-01-17T20:29:24Z</time><extensions><speed>0.961007</speed><course>-1.000000</course><hAcc>0.888330</hAcc><vAcc>0.637934</vAcc></extensions></trkpt>
      <trkpt lon="-123.331411" lat="44.619557"><ele>310.588226</ele><time>2021-01-17T20:29:25Z</time><extensions><speed>0.986442</speed><course>-1.000000</course><hAcc>0.889610</hAcc><vAcc>0.639848</vAcc></extensions></trkpt>
      <trkpt lon="-123.331404" lat="44.619565"><ele>310.820404</ele><time>2021-01-17T20:29:26Z</time><extensions><speed>1.008331</speed><course>41.735397</course><hAcc>0.891082</hAcc><vAcc>0.641896</vAcc></extensions></trkpt>
      <trkpt lon="-123.331398" lat="44.619573"><ele>311.077759</ele><time>2021-01-17T20:29:27Z</time><extensions><speed>1.025599</speed><course>18.404177</course><hAcc>0.892633</hAcc><vAcc>0.643986</vAcc></extensions></trkpt>
      <trkpt lon="-123.331392" lat="44.619581"><ele>311.356537</ele><time>2021-01-17T20:29:28Z</time><extensions><speed>1.037003</speed><course>31.154886</course><hAcc>0.894162</hAcc><vAcc>0.646009</vAcc></extensions></trkpt>
      <trkpt lon="-123.331387" lat="44.619590"><ele>311.650696</ele><time>2021-01-17T20:29:29Z</time><extensions><speed>1.043149</speed><course>29.378351</course><hAcc>0.895581</hAcc><vAcc>0.647864</vAcc></extensions></trkpt>
      <trkpt lon="-123.331381" lat="44.619598"><ele>311.954071</ele><time>2021-01-17T20:29:30Z</time><extensions><speed>1.047365</speed><course>37.374931</course><hAcc>0.896844</hAcc><vAcc>0.649496</vAcc></extensions></trkpt>
      <trkpt lon="-123.331376" lat="44.619607"><ele>312.262146</ele><time>2021-01-17T20:29:31Z</time><extensions><speed>1.052013</speed><course>27.523811</course><hAcc>0.897954</hAcc><vAcc>0.650913</vAcc></extensions></trkpt>
      <trkpt lon="-123.331371" lat="44.619616"><ele>312.572693</ele><time>2021-01-17T20:29:32Z</time><extensions><speed>1.058066</speed><course>39.783733</course><hAcc>0.898946</hAcc><vAcc>0.652152</vAcc></extensions></trkpt>
      <trkpt lon="-123.331366" lat="44.619624"><ele>312.885223</ele><time>2021-01-17T20:29:33Z</time><extensions><speed>1.065305</speed><course>30.053238</course><hAcc>0.899866</hAcc><vAcc>0.653270</vAcc></extensions></trkpt>
      <trkpt lon="-123.331361" lat="44.619633"><ele>313.200226</ele><time>2021-01-17T20:29:34Z</time><extensions><speed>1.074135</speed><course>16.751545</course><hAcc>0.900787</hAcc><vAcc>0.654350</vAcc></extensions></trkpt>
      <trkpt lon="-123.331356" lat="44.619642"><ele>313.517792</ele><time>2021-01-17T20:29:35Z</time><extensions><speed>1.084420</speed><course>27.012360</course><hAcc>0.901799</hAcc><vAcc>0.655493</vAcc></extensions></trkpt>
      <trkpt lon="-123.331351" lat="44.619652"><ele>313.836639</ele><time>2021-01-17T20:29:36Z</time><extensions><speed>1.094966</speed><course>38.125782</course><hAcc>0.902989</hAcc><vAcc>0.656799</vAcc></extensions></trkpt>
      <trkpt lon="-123.331346" lat="44.619661"><ele>314.153412</ele><time>2021-01-17T20:29:37Z</time><extensions><speed>1.104610</speed><course>26.790562</course><hAcc>0.904396</hAcc><vAcc>0.658313</vAcc></extensions></trkpt>
      <trkpt lon="-123.331341" lat="44.619670"><ele>314.461761</ele><time>2021-01-17T20:29:38Z</time><extensions><speed>1.111742</speed><course>16.643049</course><hAcc>0.905967</hAcc><vAcc>0.659986</vAcc></extensions></trkpt>
      <trkpt lon="-123.331336" lat="44.619680"><ele>314.753998</ele><time>2021-01-17T20:29:39Z</time><extensions><speed>1.115667</speed><course>27.758890</course><hAcc>0.907599</hAcc><vAcc>0.661716</vAcc></extensions></trkpt>
      <trkpt lon="-123.331331" lat="44.619689"><ele>315.023132</ele><time>2021-01-17T20:29:40Z</time><extensions><speed>1.117622</speed><course>37.875229</course><hAcc>0.909205</hAcc><vAcc>0.663414</vAcc></extensions></trkpt>
      <trkpt lon="-123.331327" lat="44.619699"><ele>315.263824</ele><time>2021-01-17T20:29:41Z</time><extensions><speed>1.118842</speed><course>41.910976</course><hAcc>0.910740</hAcc><vAcc>0.665035</vAcc></extensions></trkpt>
      <trkpt lon="-123.331322" lat="44.619708"><ele>315.472900</ele><time>2021-01-17T20:29:42Z</time><extensions><speed>1.119525</speed><course>47.594402</course><hAcc>0.912198</hAcc><vAcc>0.666575</vAcc></extensions></trkpt>
      <trkpt lon="-123.331318" lat="44.619718"><ele>315.649384</ele><time>2021-01-17T20:29:43Z</time><extensions><speed>1.119284</speed><course>45.894970</course><hAcc>0.913609</hAcc><vAcc>0.668062</vAcc></extensions></trkpt>
      <trkpt lon="-123.331314" lat="44.619727"><ele>315.794403</ele><time>2021-01-17T20:29:44Z</time><extensions><speed>1.116951</speed><course>40.511505</course><hAcc>0.915001</hAcc><vAcc>0.669528</vAcc></extensions></trkpt>
      <trkpt lon="-123.331311" lat="44.619737"><ele>315.911621</ele><time>2021-01-17T20:29:45Z</time><extensions><speed>1.112190</speed><course>30.149328</course><hAcc>0.916392</hAcc><vAcc>0.670989</vAcc></extensions></trkpt>
      <trkpt lon="-123.331308" lat="44.619747"><ele>316.007721</ele><time>2021-01-17T20:29:46Z</time><extensions><speed>1.105356</speed><course>351.419952</course><hAcc>0.917773</hAcc><vAcc>0.672438</vAcc></extensions></trkpt>
      <trkpt lon="-123.331305" lat="44.619756"><ele>316.091461</ele><time>2021-01-17T20:29:47Z</time><extensions><speed>1.097308</speed><course>355.546722</course><hAcc>0.919112</hAcc><vAcc>0.673840</vAcc></extensions></trkpt>
      <trkpt lon="-123.331302" lat="44.619766"><ele>316.171448</ele><time>2021-01-17T20:29:48Z</time><extensions><speed>1.089227</speed><course>9.255033</course><hAcc>0.920365</hAcc><vAcc>0.675150</vAcc></extensions></trkpt>
      <trkpt lon="-123.331299" lat="44.619776"><ele>316.255310</ele><time>2021-01-17T20:29:49Z</time><extensions><speed>1.081494</speed><course>19.109468</course><hAcc>0.921492</hAcc><vAcc>0.676329</vAcc></extensions></trkpt>
      <trkpt lon="-123.331297" lat="44.619785"><ele>316.349487</ele><time>2021-01-17T20:29:50Z</time><extensions><speed>1.074383</speed><course>0.752836</course><hAcc>0.922475</hAcc><vAcc>0.677358</vAcc></extensions></trkpt>
      <trkpt lon="-123.331295" lat="44.619795"><ele>316.458160</ele><time>2021-01-17T20:29:51Z</time><extensions><speed>1.067132</speed><course>10.446225</course><hAcc>0.923318</hAcc><vAcc>0.678241</vAcc></extensions></trkpt>
      <trkpt lon="-123.331293" lat="44.619804"><ele>316.582336</ele><time>2021-01-17T20:29:52Z</time><extensions><speed>1.058922</speed><course>18.882030</course><hAcc>0.924033</hAcc><vAcc>0.678990</vAcc></extensions></trkpt>
      <trkpt lon="-123.331292" lat="44.619814"><ele>316.720276</ele><time>2021-01-17T20:29:53Z</time><extensions><speed>1.049384</speed><course>25.755617</course><hAcc>0.924637</hAcc><vAcc>0.679623</vAcc></extensions></trkpt>
      <trkpt lon="-123.331291" lat="44.619823"><ele>316.868011</ele><time>2021-01-17T20:29:54Z</time><extensions><speed>1.037618</speed><course>17.925442</course><hAcc>0.925140</hAcc><vAcc>0.680151</vAcc></extensions></trkpt>
      <trkpt lon="-123.331291" lat="44.619832"><ele>317.020569</ele><time>2021-01-17T20:29:55Z</time><extensions><speed>1.023795</speed><course>13.140949</course><hAcc>0.925545</hAcc><vAcc>0.680575</vAcc></extensions></trkpt>
      <trkpt lon="-123.331291" lat="44.619841"><ele>317.173615</ele><time>2021-01-17T20:29:56Z</time><extensions><speed>1.008216</speed><course>1.223947</course><hAcc>0.925851</hAcc><vAcc>0.680897</vAcc></extensions></trkpt>
      <trkpt lon="-123.331292" lat="44.619850"><ele>317.323700</ele><time>2021-01-17T20:29:57Z</time><extensions><speed>0.990824</speed><course>2.777180</course><hAcc>0.926067</hAcc><vAcc>0.681125</vAcc></extensions></trkpt>
      <trkpt lon="-123.331293" lat="44.619859"><ele>317.467926</ele><time>2021-01-17T20:29:58Z</time><extensions><speed>0.972567</speed><course>3.171107</course><hAcc>0.926210</hAcc><vAcc>0.681277</vAcc></extensions></trkpt>
      <trkpt lon="-123.331295" lat="44.619868"><ele>317.603302</ele><time>2021-01-17T20:29:59Z</time><extensions><speed>0.954676</speed><course>355.631989</course><hAcc>0.926305</hAcc><vAcc>0.681380</vAcc></extensions></trkpt>
      <trkpt lon="-123.331297" lat="44.619876"><ele>317.726257</ele><time>2021-01-17T20:30:00Z</time><extensions><speed>0.938432</speed><course>353.362335</course><hAcc>0.926383</hAcc><vAcc>0.681464</vAcc></extensions></trkpt>
      <trkpt lon="-123.331300" lat="44.619884"><ele>317.832123</ele><time>2021-01-17T20:30:01Z</time><extensions><speed>0.924725</speed><course>354.168304</course><hAcc>0.926469</hAcc><vAcc>0.681555</vAcc></extensions></trkpt>
      <trkpt lon="-123.331304" lat="44.619892"><ele>317.914734</ele><time>2021-01-17T20:30:02Z</time><extensions><speed>0.913729</speed><course>359.940430</course><hAcc>0.926574</hAcc><vAcc>0.681665</vAcc></extensions></trkpt>
      <trkpt lon="-123.331308" lat="44.619900"><ele>317.967285</ele><time>2021-01-17T20:30:03Z</time><extensions><speed>0.905295</speed><course>359.231323</course><hAcc>0.926697</hAcc><vAcc>0.681792</vAcc></extensions></trkpt>
      <trkpt lon="-123.331312" lat="44.619907"><ele>317.982910</ele><time>2021-01-17T20:30:04Z</time><extensions><speed>0.899166</speed><course>352.536652</course><hAcc>0.926824</hAcc><vAcc>0.681923</vAcc></extensions></trkpt>
      <trkpt lon="-123.331317" lat="44.619915"><ele>317.955811</ele><time>2021-01-17T20:30:05Z</time><extensions><speed>0.895493</speed><course>345.571808</course><hAcc>0.926934</hAcc><vAcc>0.682037</vAcc></extensions></trkpt>
      <trkpt lon="-123.331322" lat="44.619922"><ele>317.882141</ele><time>2021-01-17T20:30:06Z</time><extensions><speed>0.894387</speed><course>357.022125</course><hAcc>0.927014</hAcc><vAcc>0.682121</vAcc></extensions></trkpt>
      <trkpt lon="-123.331327" lat="44.619929"><ele>317.760956</ele><time>2021-01-17T20:30:07Z</time><extensions><speed>0.895775</speed><course>328.155426</course><hAcc>0.927070</hAcc><vAcc>0.682180</vAcc></extensions></trkpt>
      <trkpt lon="-123.331332" lat="44.619936"><ele>317.594452</ele><time>2021-01-17T20:30:08Z</time><extensions><speed>0.899951</speed><course>328.155426</course><hAcc>0.927121</hAcc><vAcc>0.682236</vAcc></extensions></trkpt>
      <trkpt lon="-123.331336" lat="44.619944"><ele>317.386749</ele><time>2021-01-17T20:30:09Z</time><extensions><speed>0.907587</speed><course>328.155426</course><hAcc>0.927188</hAcc><vAcc>0.682307</vAcc></extensions></trkpt>
      <trkpt lon="-123.331341" lat="44.619951"><ele>317.142883</ele><time>2021-01-17T20:30:10Z</time><extensions><speed>0.919560</speed><course>328.155426</course><hAcc>0.927284</hAcc><vAcc>0.682408</vAcc></extensions></trkpt>
      <trkpt lon="-123.331344" lat="44.619959"><ele>316.868744</ele><time>2021-01-17T20:30:11Z</time><extensions><speed>0.936423</speed><course>328.155426</course><hAcc>0.927416</hAcc><vAcc>0.682546</vAcc></extensions></trkpt>
      <trkpt lon="-123.331348" lat="44.619967"><ele>316.570923</ele><time>2021-01-17T20:30:12Z</time><extensions><speed>0.957562</speed><course>346.063782</course><hAcc>0.927584</hAcc><vAcc>0.682721</vAcc></extensions></trkpt>
      <trkpt lon="-123.331350" lat="44.619976"><ele>316.256927</ele><time>2021-01-17T20:30:13Z</time><extensions><speed>0.981892</speed><course>330.724579</course><hAcc>0.927778</hAcc><vAcc>0.682923</vAcc></extensions></trkpt>
      <trkpt lon="-123.331352" lat="44.619985"><ele>315.935425</ele><time>2021-01-17T20:30:14Z</time><extensions><speed>1.008920</speed><course>345.059082</course><hAcc>0.927992</hAcc><vAcc>0.683145</vAcc></extensions></trkpt>
      <trkpt lon="-123.331353" lat="44.619994"><ele>315.616089</ele><time>2021-01-17T20:30:15Z</time><extensions><speed>1.037664</speed><course>355.246979</course><hAcc>0.928219</hAcc><vAcc>0.683382</vAcc></extensions></trkpt>
      <trkpt lon="-123.331354" lat="44.620003"><ele>315.309387</ele><time>2021-01-17T20:30:16Z</time><extensions><speed>1.066566</speed><course>6.603757</course><hAcc>0.928461</hAcc><vAcc>0.683635</vAcc></extensions></trkpt>
      <trkpt lon="-123.331355" lat="44.620013"><ele>315.026245</ele><time>2021-01-17T20:30:17Z</time><extensions><speed>1.094049</speed><course>11.296848</course><hAcc>0.928723</hAcc><vAcc>0.683909</vAcc></extensions></trkpt>
      <trkpt lon="-123.331355" lat="44.620023"><ele>314.778229</ele><time>2021-01-17T20:30:18Z</time><extensions><speed>1.118851</speed><course>348.141571</course><hAcc>0.929012</hAcc><vAcc>0.684211</vAcc></extensions></trkpt>
      <trkpt lon="-123.331356" lat="44.620033"><ele>314.576294</ele><time>2021-01-17T20:30:19Z</time><extensions><speed>1.140463</speed><course>322.178833</course><hAcc>0.929343</hAcc><vAcc>0.684556</vAcc></extensions></trkpt>
      <trkpt lon="-123.331356" lat="44.620044"><ele>314.427643</ele><time>2021-01-17T20:30:20Z</time><extensions><speed>1.157601</speed><course>29.019629</course><hAcc>0.929726</hAcc><vAcc>0.684953</vAcc></extensions></trkpt>
      <trkpt lon="-123.331357" lat="44.620054"><ele>314.334930</ele><time>2021-01-17T20:30:21Z</time><extensions><speed>1.168218</speed><course>1.629805</course><hAcc>0.930149</hAcc><vAcc>0.685391</vAcc></extensions></trkpt>
      <trkpt lon="-123.331357" lat="44.620065"><ele>314.297485</ele><time>2021-01-17T20:30:22Z</time><extensions><speed>1.172739</speed><course>355.061798</course><hAcc>0.930586</hAcc><vAcc>0.685842</vAcc></extensions></trkpt>
      <trkpt lon="-123.331358" lat="44.620075"><ele>314.313568</ele><time>2021-01-17T20:30:23Z</time><extensions><speed>1.173502</speed><course>336.920258</course><hAcc>0.931008</hAcc><vAcc>0.686278</vAcc></extensions></trkpt>
      <trkpt lon="-123.331360" lat="44.620086"><ele>314.381409</ele><time>2021-01-17T20:30:24Z</time><extensions><speed>1.172176</speed><course>350.854095</course><hAcc>0.931393</hAcc><vAcc>0.686675</vAcc></extensions></trkpt>
      <trkpt lon="-123.331362" lat="44.620096"><ele>314.499451</ele><time>2021-01-17T20:30:25Z</time><extensions><speed>1.170653</speed><course>14.825719</course><hAcc>0.931724</hAcc><vAcc>0.687016</vAcc></extensions></trkpt>
      <trkpt lon="-123.331364" lat="44.620107"><ele>314.668030</ele><time>2021-01-17T20:30:26Z</time><extensions><speed>1.170244</speed><course>7.965740</course><hAcc>0.931982</hAcc><vAcc>0.687280</vAcc></extensions></trkpt>
      <trkpt lon="-123.331366" lat="44.620117"><ele>314.891022</ele><time>2021-01-17T20:30:27Z</time><extensions><speed>1.171183</speed><course>322.279572</course><hAcc>0.932148</hAcc><vAcc>0.687448</vAcc></extensions></trkpt>
      <trkpt lon="-123.331370" lat="44.620127"><ele>315.173950</ele><time>2021-01-17T20:30:28Z</time><extensions><speed>1.173681</speed><course>307.563721</course><hAcc>0.932196</hAcc><vAcc>0.687495</vAcc></extensions></trkpt>
      <trkpt lon="-123.331373" lat="44.620137"><ele>315.520111</ele><time>2021-01-17T20:30:29Z</time><extensions><speed>1.177402</speed><course>319.204498</course><hAcc>0.932097</hAcc><vAcc>0.687391</vAcc></extensions></trkpt>
      <trkpt lon="-123.331377" lat="44.620148"><ele>315.928711</ele><time>2021-01-17T20:30:30Z</time><extensions><speed>1.182125</speed><course>314.287506</course><hAcc>0.931834</hAcc><vAcc>0.687119</vAcc></extensions></trkpt>
      <trkpt lon="-123.331381" lat="44.620158"><ele>316.394226</ele><time>2021-01-17T20:30:31Z</time><extensions><speed>1.188210</speed><course>326.228149</course><hAcc>0.931418</hAcc><vAcc>0.686689</vAcc></extensions></trkpt>
      <trkpt lon="-123.331386" lat="44.620168"><ele>316.906067</ele><time>2021-01-17T20:30:32Z</time><extensions><speed>1.195878</speed><course>336.972809</course><hAcc>0.930873</hAcc><vAcc>0.686127</vAcc></extensions></trkpt>
      <trkpt lon="-123.331391" lat="44.620178"><ele>317.450500</ele><time>2021-01-17T20:30:33Z</time><extensions><speed>1.205301</speed><course>335.926300</course><hAcc>0.930232</hAcc><vAcc>0.685466</vAcc></extensions></trkpt>
      <trkpt lon="-123.331397" lat="44.620188"><ele>318.013214</ele><time>2021-01-17T20:30:34Z</time><extensions><speed>1.217219</speed><course>339.018219</course><hAcc>0.929536</hAcc><vAcc>0.684748</vAcc></extensions></trkpt>
      <trkpt lon="-123.331403" lat="44.620199"><ele>318.580536</ele><time>2021-01-17T20:30:35Z</time><extensions><speed>1.232434</speed><course>334.775055</course><hAcc>0.928835</hAcc><vAcc>0.684023</vAcc></extensions></trkpt>
      <trkpt lon="-123.331409" lat="44.620209"><ele>319.140381</ele><time>2021-01-17T20:30:36Z</time><extensions><speed>1.251019</speed><course>329.805511</course><hAcc>0.928172</hAcc><vAcc>0.683337</vAcc></extensions></trkpt>
      <trkpt lon="-123.331416" lat="44.620219"><ele>319.682190</ele><time>2021-01-17T20:30:37Z</time><extensions><speed>1.273237</speed><course>322.424042</course><hAcc>0.927582</hAcc><vAcc>0.682725</vAcc></extensions></trkpt>
      <trkpt lon="-123.331424" lat="44.620229"><ele>320.196503</ele><time>2021-01-17T20:30:38Z</time><extensions><speed>1.299206</speed><course>326.198639</course><hAcc>0.927091</hAcc><vAcc>0.682212</vAcc></extensions></trkpt>
      <trkpt lon="-123.331432" lat="44.620240"><ele>320.674469</ele><time>2021-01-17T20:30:39Z</time><extensions><speed>1.327948</speed><course>331.634552</course><hAcc>0.926707</hAcc><vAcc>0.681809</vAcc></extensions></trkpt>
      <trkpt lon="-123.331440" lat="44.620250"><ele>321.108459</ele><time>2021-01-17T20:30:40Z</time><extensions><speed>1.358002</speed><course>338.709839</course><hAcc>0.926417</hAcc><vAcc>0.681501</vAcc></extensions></trkpt>
      <trkpt lon="-123.331449" lat="44.620261"><ele>321.493073</ele><time>2021-01-17T20:30:41Z</time><extensions><speed>1.387616</speed><course>313.334259</course><hAcc>0.926171</hAcc><vAcc>0.681237</vAcc></extensions></trkpt>
      <trkpt lon="-123.331458" lat="44.620271"><ele>321.824615</ele><time>2021-01-17T20:30:42Z</time><extensions><speed>1.414775</speed><course>310.818176</course><hAcc>0.925901</hAcc><vAcc>0.680950</vAcc></extensions></trkpt>
      <trkpt lon="-123.331468" lat="44.620282"><ele>322.100708</ele><time>2021-01-17T20:30:43Z</time><extensions><speed>1.437814</speed><course>321.386963</course><hAcc>0.925559</hAcc><vAcc>0.680590</vAcc></extensions></trkpt>
      <trkpt lon="-123.331478" lat="44.620293"><ele>322.321686</ele><time>2021-01-17T20:30:44Z</time><extensions><speed>1.456308</speed><course>311.109680</course><hAcc>0.925121</hAcc><vAcc>0.680133</vAcc></extensions></trkpt>
      <trkpt lon="-123.331487" lat="44.620304"><ele>322.490814</ele><time>2021-01-17T20:30:45Z</time><extensions><speed>1.469871</speed><course>312.259003</course><hAcc>0.924590</hAcc><vAcc>0.679581</vAcc></extensions></trkpt>
      <trkpt lon="-123.331497" lat="44.620316"><ele>322.613190</ele><time>2021-01-17T20:30:46Z</time><extensions><speed>1.477292</speed><course>322.394806</course><hAcc>0.923988</hAcc><vAcc>0.678959</vAcc></extensions></trkpt>
      <trkpt lon="-123.331507" lat="44.620327"><ele>322.695343</ele><time>2021-01-17T20:30:47Z</time><extensions><speed>1.477700</speed><course>339.481354</course><hAcc>0.923364</hAcc><vAcc>0.678314</vAcc></extensions></trkpt>
      <trkpt lon="-123.331517" lat="44.620338"><ele>322.745667</ele><time>2021-01-17T20:30:48Z</time><extensions><speed>1.470148</speed><course>327.437256</course><hAcc>0.922777</hAcc><vAcc>0.677708</vAcc></extensions></trkpt>
      <trkpt lon="-123.331527" lat="44.620349"><ele>322.772949</ele><time>2021-01-17T20:30:49Z</time><extensions><speed>1.453359</speed><course>330.074982</course><hAcc>0.922285</hAcc><vAcc>0.677201</vAcc></extensions></trkpt>
      <trkpt lon="-123.331537" lat="44.620360"><ele>322.783691</ele><time>2021-01-17T20:30:50Z</time><extensions><speed>1.426859</speed><course>331.496490</course><hAcc>0.921935</hAcc><vAcc>0.676840</vAcc></extensions></trkpt>
      <trkpt lon="-123.331546" lat="44.620371"><ele>322.782501</ele><time>2021-01-17T20:30:51Z</time><extensions><speed>1.390920</speed><course>328.127655</course><hAcc>0.921765</hAcc><vAcc>0.676665</vAcc></extensions></trkpt>
      <trkpt lon="-123.331555" lat="44.620381"><ele>322.773407</ele><time>2021-01-17T20:30:52Z</time><extensions><speed>1.345467</speed><course>316.288269</course><hAcc>0.921798</hAcc><vAcc>0.676700</vAcc></extensions></trkpt>
      <trkpt lon="-123.331563" lat="44.620392"><ele>322.760376</ele><time>2021-01-17T20:30:53Z</time><extensions><speed>1.289525</speed><course>312.764069</course><hAcc>0.922040</hAcc><vAcc>0.676950</vAcc></extensions></trkpt>
      <trkpt lon="-123.331571" lat="44.620402"><ele>322.747253</ele><time>2021-01-17T20:30:54Z</time><extensions><speed>1.223188</speed><course>314.107117</course><hAcc>0.922469</hAcc><vAcc>0.677395</vAcc></extensions></trkpt>
      <trkpt lon="-123.331578" lat="44.620411"><ele>322.736908</ele><time>2021-01-17T20:30:55Z</time><extensions><speed>1.148694</speed><course>325.314941</course><hAcc>0.923042</hAcc><vAcc>0.677989</vAcc></extensions></trkpt>
      <trkpt lon="-123.331583" lat="44.620420"><ele>322.730835</ele><time>2021-01-17T20:30:56Z</time><extensions><speed>1.068442</speed><course>330.881348</course><hAcc>0.923709</hAcc><vAcc>0.678682</vAcc></extensions></trkpt>
      <trkpt lon="-123.331588" lat="44.620429"><ele>322.729370</ele><time>2021-01-17T20:30:57Z</time><extensions><speed>0.984858</speed><course>340.830414</course><hAcc>0.924432</hAcc><vAcc>0.679433</vAcc></extensions></trkpt>
      <trkpt lon="-123.331592" lat="44.620437"><ele>322.731934</ele><time>2021-01-17T20:30:58Z</time><extensions><speed>0.901110</speed><course>345.545685</course><hAcc>0.925188</hAcc><vAcc>0.680220</vAcc></extensions></trkpt>
      <trkpt lon="-123.331595" lat="44.620444"><ele>322.737335</ele><time>2021-01-17T20:30:59Z</time><extensions><speed>0.821034</speed><course>346.885803</course><hAcc>0.925962</hAcc><vAcc>0.681027</vAcc></extensions></trkpt>
      <trkpt lon="-123.331597" lat="44.620451"><ele>322.744843</ele><time>2021-01-17T20:31:00Z</time><extensions><speed>0.748947</speed><course>347.146423</course><hAcc>0.926747</hAcc><vAcc>0.681845</vAcc></extensions></trkpt>
      <trkpt lon="-123.331599" lat="44.620457"><ele>322.753906</ele><time>2021-01-17T20:31:01Z</time><extensions><speed>0.689076</speed><course>335.975220</course><hAcc>0.927537</hAcc><vAcc>0.682668</vAcc></extensions></trkpt>
      <trkpt lon="-123.331599" lat="44.620463"><ele>322.763153</ele><time>2021-01-17T20:31:02Z</time><extensions><speed>0.645002</speed><course>32.614265</course><hAcc>0.928330</hAcc><vAcc>0.683493</vAcc></extensions></trkpt>
      <trkpt lon="-123.331599" lat="44.620469"><ele>322.771088</ele><time>2021-01-17T20:31:03Z</time><extensions><speed>0.618438</speed><course>32.614262</course><hAcc>0.929117</hAcc><vAcc>0.684312</vAcc></extensions></trkpt>
      <trkpt lon="-123.331599" lat="44.620475"><ele>322.776917</ele><time>2021-01-17T20:31:04Z</time><extensions><speed>0.608970</speed><course>32.614262</course><hAcc>0.929881</hAcc><vAcc>0.685106</vAcc></extensions></trkpt>
      <trkpt lon="-123.331598" lat="44.620480"><ele>322.780304</ele><time>2021-01-17T20:31:05Z</time><extensions><speed>0.615131</speed><course>32.614258</course><hAcc>0.930600</hAcc><vAcc>0.685852</vAcc></extensions></trkpt>
      <trkpt lon="-123.331597" lat="44.620486"><ele>322.781128</ele><time>2021-01-17T20:31:06Z</time><extensions><speed>0.635068</speed><course>32.614258</course><hAcc>0.931254</hAcc><vAcc>0.686530</vAcc></extensions></trkpt>
      <trkpt lon="-123.331596" lat="44.620492"><ele>322.779694</ele><time>2021-01-17T20:31:07Z</time><extensions><speed>0.666698</speed><course>32.614254</course><hAcc>0.931828</hAcc><vAcc>0.687125</vAcc></extensions></trkpt>
      <trkpt lon="-123.331595" lat="44.620498"><ele>322.776886</ele><time>2021-01-17T20:31:08Z</time><extensions><speed>0.707383</speed><course>32.614258</course><hAcc>0.932313</hAcc><vAcc>0.687626</vAcc></extensions></trkpt>
      <trkpt lon="-123.331594" lat="44.620504"><ele>322.774567</ele><time>2021-01-17T20:31:09Z</time><extensions><speed>0.753811</speed><course>32.614265</course><hAcc>0.932700</hAcc><vAcc>0.688024</vAcc></extensions></trkpt>
      <trkpt lon="-123.331592" lat="44.620511"><ele>322.776093</ele><time>2021-01-17T20:31:10Z</time><extensions><speed>0.802507</speed><course>32.614269</course><hAcc>0.932975</hAcc><vAcc>0.688305</vAcc></extensions></trkpt>
      <trkpt lon="-123.331591" lat="44.620519"><ele>322.785370</ele><time>2021-01-17T20:31:11Z</time><extensions><speed>0.849934</speed><course>342.351990</course><hAcc>0.933113</hAcc><vAcc>0.688445</vAcc></extensions></trkpt>
      <trkpt lon="-123.331589" lat="44.620526"><ele>322.805176</ele><time>2021-01-17T20:31:12Z</time><extensions><speed>0.893538</speed><course>337.796295</course><hAcc>0.933080</hAcc><vAcc>0.688406</vAcc></extensions></trkpt>
      <trkpt lon="-123.331587" lat="44.620534"><ele>322.836426</ele><time>2021-01-17T20:31:13Z</time><extensions><speed>0.932197</speed><course>347.943359</course><hAcc>0.932843</hAcc><vAcc>0.688159</vAcc></extensions></trkpt>
      <trkpt lon="-123.331585" lat="44.620543"><ele>322.878418</ele><time>2021-01-17T20:31:14Z</time><extensions><speed>0.965896</speed><course>358.102753</course><hAcc>0.932391</hAcc><vAcc>0.687691</vAcc></extensions></trkpt>
      <trkpt lon="-123.331583" lat="44.620551"><ele>322.928589</ele><time>2021-01-17T20:31:15Z</time><extensions><speed>0.996555</speed><course>7.456420</course><hAcc>0.931738</hAcc><vAcc>0.687017</vAcc></extensions></trkpt>
      <trkpt lon="-123.331580" lat="44.620560"><ele>322.982880</ele><time>2021-01-17T20:31:16Z</time><extensions><speed>1.027403</speed><course>9.521689</course><hAcc>0.930920</hAcc><vAcc>0.686174</vAcc></extensions></trkpt>
      <trkpt lon="-123.331577" lat="44.620569"><ele>323.037079</ele><time>2021-01-17T20:31:17Z</time><extensions><speed>1.060016</speed><course>16.817816</course><hAcc>0.930002</hAcc><vAcc>0.685230</vAcc></extensions></trkpt>
      <trkpt lon="-123.331573" lat="44.620579"><ele>323.087708</ele><time>2021-01-17T20:31:18Z</time><extensions><speed>1.093379</speed><course>16.817818</course><hAcc>0.929071</hAcc><vAcc>0.684272</vAcc></extensions></trkpt>
      <trkpt lon="-123.331569" lat="44.620588"><ele>323.132721</ele><time>2021-01-17T20:31:19Z</time><extensions><speed>1.124415</speed><course>24.052591</course><hAcc>0.928213</hAcc><vAcc>0.683387</vAcc></extensions></trkpt>
      <trkpt lon="-123.331564" lat="44.620598"><ele>323.172333</ele><time>2021-01-17T20:31:20Z</time><extensions><speed>1.151230</speed><course>11.736755</course><hAcc>0.927499</hAcc><vAcc>0.682651</vAcc></extensions></trkpt>
      <trkpt lon="-123.331559" lat="44.620608"><ele>323.208679</ele><time>2021-01-17T20:31:21Z</time><extensions><speed>1.174842</speed><course>0.949497</course><hAcc>0.926979</hAcc><vAcc>0.682112</vAcc></extensions></trkpt>
      <trkpt lon="-123.331554" lat="44.620618"><ele>323.244507</ele><time>2021-01-17T20:31:22Z</time><extensions><speed>1.196441</speed><course>4.513397</course><hAcc>0.926672</hAcc><vAcc>0.681792</vAcc></extensions></trkpt>
      <trkpt lon="-123.331549" lat="44.620628"><ele>323.281677</ele><time>2021-01-17T20:31:23Z</time><extensions><speed>1.216417</speed><course>12.763279</course><hAcc>0.926571</hAcc><vAcc>0.681683</vAcc></extensions></trkpt>
      <trkpt lon="-123.331543" lat="44.620638"><ele>323.321136</ele><time>2021-01-17T20:31:24Z</time><extensions><speed>1.234661</speed><course>13.694112</course><hAcc>0.926648</hAcc><vAcc>0.681756</vAcc></extensions></trkpt>
      <trkpt lon="-123.331537" lat="44.620648"><ele>323.363373</ele><time>2021-01-17T20:31:25Z</time><extensions><speed>1.251730</speed><course>27.425436</course><hAcc>0.926852</hAcc><vAcc>0.681962</vAcc></extensions></trkpt>
      <trkpt lon="-123.331530" lat="44.620659"><ele>323.408691</ele><time>2021-01-17T20:31:26Z</time><extensions><speed>1.269315</speed><course>44.544895</course><hAcc>0.927117</hAcc><vAcc>0.682230</vAcc></extensions></trkpt>
      <trkpt lon="-123.331523" lat="44.620669"><ele>323.458038</ele><time>2021-01-17T20:31:27Z</time><extensions><speed>1.288896</speed><course>43.953548</course><hAcc>0.927370</hAcc><vAcc>0.682489</vAcc></extensions></trkpt>
      <trkpt lon="-123.331517" lat="44.620680"><ele>323.513611</ele><time>2021-01-17T20:31:28Z</time><extensions><speed>1.311557</speed><course>33.423737</course><hAcc>0.927565</hAcc><vAcc>0.682690</vAcc></extensions></trkpt>
      <trkpt lon="-123.331509" lat="44.620691"><ele>323.578796</ele><time>2021-01-17T20:31:29Z</time><extensions><speed>1.338602</speed><course>19.472731</course><hAcc>0.927687</hAcc><vAcc>0.682819</vAcc></extensions></trkpt>
      <trkpt lon="-123.331502" lat="44.620702"><ele>323.656769</ele><time>2021-01-17T20:31:30Z</time><extensions><speed>1.371086</speed><course>336.606201</course><hAcc>0.927754</hAcc><vAcc>0.682892</vAcc></extensions></trkpt>
      <trkpt lon="-123.331494" lat="44.620713"><ele>323.749298</ele><time>2021-01-17T20:31:31Z</time><extensions><speed>1.408241</speed><course>-1.000000</course><hAcc>0.927797</hAcc><vAcc>0.682940</vAcc></extensions></trkpt>
      <trkpt lon="-123.331486" lat="44.620724"><ele>323.856750</ele><time>2021-01-17T20:31:32Z</time><extensions><speed>1.446206</speed><course>19.075764</course><hAcc>0.927849</hAcc><vAcc>0.682998</vAcc></extensions></trkpt>
      <trkpt lon="-123.331477" lat="44.620736"><ele>323.977386</ele><time>2021-01-17T20:31:33Z</time><extensions><speed>1.480986</speed><course>19.770679</course><hAcc>0.927938</hAcc><vAcc>0.683092</vAcc></extensions></trkpt>
      <trkpt lon="-123.331468" lat="44.620748"><ele>324.107880</ele><time>2021-01-17T20:31:34Z</time><extensions><speed>1.510609</speed><course>30.694021</course><hAcc>0.928069</hAcc><vAcc>0.683230</vAcc></extensions></trkpt>
      <trkpt lon="-123.331459" lat="44.620760"><ele>324.244507</ele><time>2021-01-17T20:31:35Z</time><extensions><speed>1.534046</speed><course>33.905830</course><hAcc>0.928235</hAcc><vAcc>0.683400</vAcc></extensions></trkpt>
      <trkpt lon="-123.331450" lat="44.620772"><ele>324.384491</ele><time>2021-01-17T20:31:36Z</time><extensions><speed>1.551093</speed><course>28.481947</course><hAcc>0.928414</hAcc><vAcc>0.683584</vAcc></extensions></trkpt>
      <trkpt lon="-123.331441" lat="44.620785"><ele>324.526733</ele><time>2021-01-17T20:31:37Z</time><extensions><speed>1.561673</speed><course>20.227327</course><hAcc>0.928581</hAcc><vAcc>0.683755</vAcc></extensions></trkpt>
      <trkpt lon="-123.331432" lat="44.620797"><ele>324.671234</ele><time>2021-01-17T20:31:38Z</time><extensions><speed>1.565311</speed><course>20.930477</course><hAcc>0.928711</hAcc><vAcc>0.683887</vAcc></extensions></trkpt>
      <trkpt lon="-123.331423" lat="44.620810"><ele>324.817780</ele><time>2021-01-17T20:31:39Z</time><extensions><speed>1.561940</speed><course>22.777246</course><hAcc>0.928781</hAcc><vAcc>0.683959</vAcc></extensions></trkpt>
      <trkpt lon="-123.331414" lat="44.620822"><ele>324.965149</ele><time>2021-01-17T20:31:40Z</time><extensions><speed>1.552102</speed><course>22.260338</course><hAcc>0.928779</hAcc><vAcc>0.683955</vAcc></extensions></trkpt>
      <trkpt lon="-123.331406" lat="44.620835"><ele>325.111298</ele><time>2021-01-17T20:31:41Z</time><extensions><speed>1.537539</speed><course>36.416206</course><hAcc>0.928699</hAcc><vAcc>0.683872</vAcc></extensions></trkpt>
      <trkpt lon="-123.331397" lat="44.620847"><ele>325.254852</ele><time>2021-01-17T20:31:42Z</time><extensions><speed>1.520307</speed><course>28.409096</course><hAcc>0.928546</hAcc><vAcc>0.683714</vAcc></extensions></trkpt>
      <trkpt lon="-123.331389" lat="44.620859"><ele>325.395538</ele><time>2021-01-17T20:31:43Z</time><extensions><speed>1.501895</speed><course>27.686800</course><hAcc>0.928332</hAcc><vAcc>0.683495</vAcc></extensions></trkpt>
      <trkpt lon="-123.331381" lat="44.620871"><ele>325.532715</ele><time>2021-01-17T20:31:44Z</time><extensions><speed>1.483539</speed><course>13.380077</course><hAcc>0.928081</hAcc><vAcc>0.683237</vAcc></extensions></trkpt>
      <trkpt lon="-123.331374" lat="44.620884"><ele>325.664001</ele><time>2021-01-17T20:31:45Z</time><extensions><speed>1.465654</speed><course>19.581583</course><hAcc>0.927820</hAcc><vAcc>0.682969</vAcc></extensions></trkpt>
      <trkpt lon="-123.331366" lat="44.620896"><ele>325.785431</ele><time>2021-01-17T20:31:46Z</time><extensions><speed>1.449245</speed><course>17.386871</course><hAcc>0.927576</hAcc><vAcc>0.682719</vAcc></extensions></trkpt>
      <trkpt lon="-123.331359" lat="44.620907"><ele>325.892761</ele><time>2021-01-17T20:31:47Z</time><extensions><speed>1.435928</speed><course>25.966225</course><hAcc>0.927371</hAcc><vAcc>0.682508</vAcc></extensions></trkpt>
      <trkpt lon="-123.331352" lat="44.620919"><ele>325.982147</ele><time>2021-01-17T20:31:48Z</time><extensions><speed>1.426816</speed><course>16.797083</course><hAcc>0.927228</hAcc><vAcc>0.682362</vAcc></extensions></trkpt>
      <trkpt lon="-123.331346" lat="44.620931"><ele>326.050629</ele><time>2021-01-17T20:31:49Z</time><extensions><speed>1.422720</speed><course>19.399496</course><hAcc>0.927175</hAcc><vAcc>0.682307</vAcc></extensions></trkpt>
      <trkpt lon="-123.331340" lat="44.620943"><ele>326.096680</ele><time>2021-01-17T20:31:50Z</time><extensions><speed>1.423954</speed><course>15.220662</course><hAcc>0.927229</hAcc><vAcc>0.682362</vAcc></extensions></trkpt>
      <trkpt lon="-123.331334" lat="44.620955"><ele>326.120850</ele><time>2021-01-17T20:31:51Z</time><extensions><speed>1.429780</speed><course>13.280706</course><hAcc>0.927387</hAcc><vAcc>0.682522</vAcc></extensions></trkpt>
      <trkpt lon="-123.331328" lat="44.620968"><ele>326.124847</ele><time>2021-01-17T20:31:52Z</time><extensions><speed>1.438699</speed><course>15.882345</course><hAcc>0.927612</hAcc><vAcc>0.682750</vAcc></extensions></trkpt>
      <trkpt lon="-123.331323" lat="44.620980"><ele>326.110657</ele><time>2021-01-17T20:31:53Z</time><extensions><speed>1.448840</speed><course>15.295407</course><hAcc>0.927851</hAcc><vAcc>0.682992</vAcc></extensions></trkpt>
      <trkpt lon="-123.331317" lat="44.620993"><ele>326.079712</ele><time>2021-01-17T20:31:54Z</time><extensions><speed>1.457977</speed><course>20.953781</course><hAcc>0.928038</hAcc><vAcc>0.683179</vAcc></extensions></trkpt>
      <trkpt lon="-123.331313" lat="44.621005"><ele>326.033386</ele><time>2021-01-17T20:31:55Z</time><extensions><speed>1.464299</speed><course>21.168362</course><hAcc>0.928115</hAcc><vAcc>0.683253</vAcc></extensions></trkpt>
      <trkpt lon="-123.331308" lat="44.621018"><ele>325.974182</ele><time>2021-01-17T20:31:56Z</time><extensions><speed>1.466502</speed><course>23.215904</course><hAcc>0.928039</hAcc><vAcc>0.683170</vAcc></extensions></trkpt>
      <trkpt lon="-123.331304" lat="44.621031"><ele>325.906616</ele><time>2021-01-17T20:31:57Z</time><extensions><speed>1.463644</speed><course>16.847422</course><hAcc>0.927792</hAcc><vAcc>0.682910</vAcc></extensions></trkpt>
      <trkpt lon="-123.331301" lat="44.621044"><ele>325.836945</ele><time>2021-01-17T20:31:58Z</time><extensions><speed>1.455624</speed><course>351.887756</course><hAcc>0.927371</hAcc><vAcc>0.682471</vAcc></extensions></trkpt>
      <trkpt lon="-123.331297" lat="44.621057"><ele>325.771881</ele><time>2021-01-17T20:31:59Z</time><extensions><speed>1.442783</speed><course>4.726057</course><hAcc>0.926782</hAcc><vAcc>0.681858</vAcc></extensions></trkpt>
      <trkpt lon="-123.331294" lat="44.621069"><ele>325.717163</ele><time>2021-01-17T20:32:00Z</time><extensions><speed>1.425390</speed><course>3.854409</course><hAcc>0.926038</hAcc><vAcc>0.681085</vAcc></extensions></trkpt>
      <trkpt lon="-123.331291" lat="44.621082"><ele>325.676697</ele><time>2021-01-17T20:32:01Z</time><extensions><speed>1.403929</speed><course>3.380179</course><hAcc>0.925162</hAcc><vAcc>0.680176</vAcc></extensions></trkpt>
      <trkpt lon="-123.331288" lat="44.621094"><ele>325.652496</ele><time>2021-01-17T20:32:02Z</time><extensions><speed>1.379313</speed><course>358.443420</course><hAcc>0.924193</hAcc><vAcc>0.679170</vAcc></extensions></trkpt>
      <trkpt lon="-123.331286" lat="44.621106"><ele>325.644806</ele><time>2021-01-17T20:32:03Z</time><extensions><speed>1.352415</speed><course>15.398484</course><hAcc>0.923180</hAcc><vAcc>0.678119</vAcc></extensions></trkpt>
      <trkpt lon="-123.331283" lat="44.621118"><ele>325.652527</ele><time>2021-01-17T20:32:04Z</time><extensions><speed>1.324325</speed><course>4.973345</course><hAcc>0.922180</hAcc><vAcc>0.677081</vAcc></extensions></trkpt>
      <trkpt lon="-123.331281" lat="44.621130"><ele>325.674316</ele><time>2021-01-17T20:32:05Z</time><extensions><speed>1.296098</speed><course>5.106340</course><hAcc>0.921253</hAcc><vAcc>0.676119</vAcc></extensions></trkpt>
      <trkpt lon="-123.331279" lat="44.621142"><ele>325.708618</ele><time>2021-01-17T20:32:06Z</time><extensions><speed>1.268325</speed><course>9.773874</course><hAcc>0.920461</hAcc><vAcc>0.675296</vAcc></extensions></trkpt>
      <trkpt lon="-123.331277" lat="44.621153"><ele>325.753967</ele><time>2021-01-17T20:32:07Z</time><extensions><speed>1.242226</speed><course>14.058640</course><hAcc>0.919853</hAcc><vAcc>0.674664</vAcc></extensions></trkpt>
      <trkpt lon="-123.331275" lat="44.621164"><ele>325.810181</ele><time>2021-01-17T20:32:08Z</time><extensions><speed>1.219279</speed><course>5.530648</course><hAcc>0.919470</hAcc><vAcc>0.674267</vAcc></extensions></trkpt>
      <trkpt lon="-123.331273" lat="44.621175"><ele>325.879089</ele><time>2021-01-17T20:32:09Z</time><extensions><speed>1.200319</speed><course>2.806995</course><hAcc>0.919356</hAcc><vAcc>0.674148</vAcc></extensions></trkpt>
      <trkpt lon="-123.331271" lat="44.621185"><ele>325.964050</ele><time>2021-01-17T20:32:10Z</time><extensions><speed>1.185676</speed><course>6.279364</course><hAcc>0.919547</hAcc><vAcc>0.674346</vAcc></extensions></trkpt>
      <trkpt lon="-123.331269" lat="44.621196"><ele>326.069580</ele><time>2021-01-17T20:32:11Z</time><extensions><speed>1.176663</speed><course>6.787712</course><hAcc>0.920036</hAcc><vAcc>0.674853</vAcc></extensions></trkpt>
      <trkpt lon="-123.331267" lat="44.621206"><ele>326.199463</ele><time>2021-01-17T20:32:12Z</time><extensions><speed>1.174324</speed><course>6.715905</course><hAcc>0.920762</hAcc><vAcc>0.675607</vAcc></extensions></trkpt>
      <trkpt lon="-123.331265" lat="44.621217"><ele>326.356323</ele><time>2021-01-17T20:32:13Z</time><extensions><speed>1.177846</speed><course>-1.000000</course><hAcc>0.921645</hAcc><vAcc>0.676525</vAcc></extensions></trkpt>
      <trkpt lon="-123.331262" lat="44.621227"><ele>326.541138</ele><time>2021-01-17T20:32:14Z</time><extensions><speed>1.185393</speed><course>351.007507</course><hAcc>0.922622</hAcc><vAcc>0.677541</vAcc></extensions></trkpt>
      <trkpt lon="-123.331259" lat="44.621237"><ele>326.752563</ele><time>2021-01-17T20:32:15Z</time><extensions><speed>1.194367</speed><course>358.376282</course><hAcc>0.923650</hAcc><vAcc>0.678612</vAcc></extensions></trkpt>
      <trkpt lon="-123.331255" lat="44.621248"><ele>326.987061</ele><time>2021-01-17T20:32:16Z</time><extensions><speed>1.202717</speed><course>17.655634</course><hAcc>0.924703</hAcc><vAcc>0.679710</vAcc></extensions></trkpt>
      <trkpt lon="-123.331252" lat="44.621259"><ele>327.240753</ele><time>2021-01-17T20:32:17Z</time><extensions><speed>1.208568</speed><course>15.716309</course><hAcc>0.925765</hAcc><vAcc>0.680816</vAcc></extensions></trkpt>
      <trkpt lon="-123.331248" lat="44.621269"><ele>327.510468</ele><time>2021-01-17T20:32:18Z</time><extensions><speed>1.210935</speed><course>3.527421</course><hAcc>0.926813</hAcc><vAcc>0.681907</vAcc></extensions></trkpt>
      <trkpt lon="-123.331244" lat="44.621280"><ele>327.793121</ele><time>2021-01-17T20:32:19Z</time><extensions><speed>1.209908</speed><course>4.341080</course><hAcc>0.927823</hAcc><vAcc>0.682958</vAcc></extensions></trkpt>
      <trkpt lon="-123.331239" lat="44.621290"><ele>328.084015</ele><time>2021-01-17T20:32:20Z</time><extensions><speed>1.205716</speed><course>10.826325</course><hAcc>0.928770</hAcc><vAcc>0.683942</vAcc></extensions></trkpt>
      <trkpt lon="-123.331235" lat="44.621300"><ele>328.376770</ele><time>2021-01-17T20:32:21Z</time><extensions><speed>1.199442</speed><course>13.899452</course><hAcc>0.929627</hAcc><vAcc>0.684833</vAcc></extensions></trkpt>
      <trkpt lon="-123.331231" lat="44.621311"><ele>328.664215</ele><time>2021-01-17T20:32:22Z</time><extensions><speed>1.192623</speed><course>14.850431</course><hAcc>0.930374</hAcc><vAcc>0.685609</vAcc></extensions></trkpt>
      <trkpt lon="-123.331226" lat="44.621321"><ele>328.940033</ele><time>2021-01-17T20:32:23Z</time><extensions><speed>1.186233</speed><course>15.578407</course><hAcc>0.930993</hAcc><vAcc>0.686252</vAcc></extensions></trkpt>
      <trkpt lon="-123.331222" lat="44.621331"><ele>329.198700</ele><time>2021-01-17T20:32:24Z</time><extensions><speed>1.180611</speed><course>20.904366</course><hAcc>0.931475</hAcc><vAcc>0.686754</vAcc></extensions></trkpt>
      <trkpt lon="-123.331218" lat="44.621341"><ele>329.435333</ele><time>2021-01-17T20:32:25Z</time><extensions><speed>1.176021</speed><course>8.054509</course><hAcc>0.931819</hAcc><vAcc>0.687112</vAcc></extensions></trkpt>
      <trkpt lon="-123.331214" lat="44.621351"><ele>329.645325</ele><time>2021-01-17T20:32:26Z</time><extensions><speed>1.172289</speed><course>25.721579</course><hAcc>0.932024</hAcc><vAcc>0.687327</vAcc></extensions></trkpt>
      <trkpt lon="-123.331210" lat="44.621362"><ele>329.824341</ele><time>2021-01-17T20:32:27Z</time><extensions><speed>1.169155</speed><course>24.534700</course><hAcc>0.932094</hAcc><vAcc>0.687403</vAcc></extensions></trkpt>
      <trkpt lon="-123.331207" lat="44.621372"><ele>329.968964</ele><time>2021-01-17T20:32:28Z</time><extensions><speed>1.166918</speed><course>34.704262</course><hAcc>0.932044</hAcc><vAcc>0.687354</vAcc></extensions></trkpt>
      <trkpt lon="-123.331204" lat="44.621382"><ele>330.078033</ele><time>2021-01-17T20:32:29Z</time><extensions><speed>1.166131</speed><course>17.177271</course><hAcc>0.931902</hAcc><vAcc>0.687211</vAcc></extensions></trkpt>
      <trkpt lon="-123.331201" lat="44.621392"><ele>330.153168</ele><time>2021-01-17T20:32:30Z</time><extensions><speed>1.166823</speed><course>2.493475</course><hAcc>0.931702</hAcc><vAcc>0.687007</vAcc></extensions></trkpt>
      <trkpt lon="-123.331199" lat="44.621403"><ele>330.198029</ele><time>2021-01-17T20:32:31Z</time><extensions><speed>1.168911</speed><course>12.016204</course><hAcc>0.931474</hAcc><vAcc>0.686773</vAcc></extensions></trkpt>
      <trkpt lon="-123.331196" lat="44.621413"><ele>330.217133</ele><time>2021-01-17T20:32:32Z</time><extensions><speed>1.172506</speed><course>357.955414</course><hAcc>0.931240</hAcc><vAcc>0.686534</vAcc></extensions></trkpt>
      <trkpt lon="-123.331194" lat="44.621424"><ele>330.215607</ele><time>2021-01-17T20:32:33Z</time><extensions><speed>1.177361</speed><course>357.610077</course><hAcc>0.931017</hAcc><vAcc>0.686304</vAcc></extensions></trkpt>
      <trkpt lon="-123.331192" lat="44.621434"><ele>330.198364</ele><time>2021-01-17T20:32:34Z</time><extensions><speed>1.182977</speed><course>9.452699</course><hAcc>0.930818</hAcc><vAcc>0.686099</vAcc></extensions></trkpt>
      <trkpt lon="-123.331190" lat="44.621445"><ele>330.169678</ele><time>2021-01-17T20:32:35Z</time><extensions><speed>1.188667</speed><course>10.514545</course><hAcc>0.930653</hAcc><vAcc>0.685928</vAcc></extensions></trkpt>
      <trkpt lon="-123.331189" lat="44.621455"><ele>330.133179</ele><time>2021-01-17T20:32:36Z</time><extensions><speed>1.193691</speed><course>19.109415</course><hAcc>0.930530</hAcc><vAcc>0.685802</vAcc></extensions></trkpt>
      <trkpt lon="-123.331187" lat="44.621466"><ele>330.091553</ele><time>2021-01-17T20:32:37Z</time><extensions><speed>1.197330</speed><course>17.553095</course><hAcc>0.930458</hAcc><vAcc>0.685728</vAcc></extensions></trkpt>
      <trkpt lon="-123.331186" lat="44.621477"><ele>330.046600</ele><time>2021-01-17T20:32:38Z</time><extensions><speed>1.198817</speed><course>7.996813</course><hAcc>0.930448</hAcc><vAcc>0.685718</vAcc></extensions></trkpt>
      <trkpt lon="-123.331184" lat="44.621488"><ele>329.999481</ele><time>2021-01-17T20:32:39Z</time><extensions><speed>1.197508</speed><course>344.595734</course><hAcc>0.930509</hAcc><vAcc>0.685781</vAcc></extensions></trkpt>
      <trkpt lon="-123.331183" lat="44.621498"><ele>329.950653</ele><time>2021-01-17T20:32:40Z</time><extensions><speed>1.192680</speed><course>350.086609</course><hAcc>0.930642</hAcc><vAcc>0.685919</vAcc></extensions></trkpt>
      <trkpt lon="-123.331181" lat="44.621509"><ele>329.899597</ele><time>2021-01-17T20:32:41Z</time><extensions><speed>1.184156</speed><course>8.948412</course><hAcc>0.930841</hAcc><vAcc>0.686125</vAcc></extensions></trkpt>
      <trkpt lon="-123.331179" lat="44.621519"><ele>329.844757</ele><time>2021-01-17T20:32:42Z</time><extensions><speed>1.172799</speed><course>19.298494</course><hAcc>0.931089</hAcc><vAcc>0.686381</vAcc></extensions></trkpt>
      <trkpt lon="-123.331178" lat="44.621530"><ele>329.784088</ele><time>2021-01-17T20:32:43Z</time><extensions><speed>1.159621</speed><course>19.923645</course><hAcc>0.931368</hAcc><vAcc>0.686670</vAcc></extensions></trkpt>
      <trkpt lon="-123.331175" lat="44.621540"><ele>329.716187</ele><time>2021-01-17T20:32:44Z</time><extensions><speed>1.145761</speed><course>19.644588</course><hAcc>0.931665</hAcc><vAcc>0.686977</vAcc></extensions></trkpt>
      <trkpt lon="-123.331173" lat="44.621550"><ele>329.640533</ele><time>2021-01-17T20:32:45Z</time><extensions><speed>1.132643</speed><course>7.344317</course><hAcc>0.931971</hAcc><vAcc>0.687293</vAcc></extensions></trkpt>
      <trkpt lon="-123.331171" lat="44.621560"><ele>329.557281</ele><time>2021-01-17T20:32:46Z</time><extensions><speed>1.121425</speed><course>359.798065</course><hAcc>0.932275</hAcc><vAcc>0.687607</vAcc></extensions></trkpt>
      <trkpt lon="-123.331168" lat="44.621570"><ele>329.466431</ele><time>2021-01-17T20:32:47Z</time><extensions><speed>1.112255</speed><course>355.754547</course><hAcc>0.932568</hAcc><vAcc>0.687910</vAcc></extensions></trkpt>
      <trkpt lon="-123.331166" lat="44.621580"><ele>329.368073</ele><time>2021-01-17T20:32:48Z</time><extensions><speed>1.104829</speed><course>355.165741</course><hAcc>0.932833</hAcc><vAcc>0.688183</vAcc></extensions></trkpt>
      <trkpt lon="-123.331163" lat="44.621590"><ele>329.261414</ele><time>2021-01-17T20:32:49Z</time><extensions><speed>1.099436</speed><course>6.675624</course><hAcc>0.933052</hAcc><vAcc>0.688407</vAcc></extensions></trkpt>
      <trkpt lon="-123.331160" lat="44.621599"><ele>329.144806</ele><time>2021-01-17T20:32:50Z</time><extensions><speed>1.096326</speed><course>21.506580</course><hAcc>0.933204</hAcc><vAcc>0.688563</vAcc></extensions></trkpt>
      <trkpt lon="-123.331157" lat="44.621609"><ele>329.016907</ele><time>2021-01-17T20:32:51Z</time><extensions><speed>1.095488</speed><course>26.707270</course><hAcc>0.933273</hAcc><vAcc>0.688634</vAcc></extensions></trkpt>
      <trkpt lon="-123.331154" lat="44.621619"><ele>328.877380</ele><time>2021-01-17T20:32:52Z</time><extensions><speed>1.096746</speed><course>34.782810</course><hAcc>0.933250</hAcc><vAcc>0.688609</vAcc></extensions></trkpt>
      <trkpt lon="-123.331152" lat="44.621628"><ele>328.726807</ele><time>2021-01-17T20:32:53Z</time><extensions><speed>1.100116</speed><course>21.868567</course><hAcc>0.933130</hAcc><vAcc>0.688485</vAcc></extensions></trkpt>
      <trkpt lon="-123.331149" lat="44.621638"><ele>328.566467</ele><time>2021-01-17T20:32:54Z</time><extensions><speed>1.105966</speed><course>18.142136</course><hAcc>0.932920</hAcc><vAcc>0.688269</vAcc></extensions></trkpt>
      <trkpt lon="-123.331147" lat="44.621648"><ele>328.397369</ele><time>2021-01-17T20:32:55Z</time><extensions><speed>1.114827</speed><course>19.376703</course><hAcc>0.932635</hAcc><vAcc>0.687977</vAcc></extensions></trkpt>
      <trkpt lon="-123.331145" lat="44.621658"><ele>328.220490</ele><time>2021-01-17T20:32:56Z</time><extensions><speed>1.127200</speed><course>10.235863</course><hAcc>0.932301</hAcc><vAcc>0.687634</vAcc></extensions></trkpt>
      <trkpt lon="-123.331143" lat="44.621668"><ele>328.038177</ele><time>2021-01-17T20:32:57Z</time><extensions><speed>1.143304</speed><course>5.256434</course><hAcc>0.931949</hAcc><vAcc>0.687273</vAcc></extensions></trkpt>
      <trkpt lon="-123.331141" lat="44.621678"><ele>327.853973</ele><time>2021-01-17T20:32:58Z</time><extensions><speed>1.163334</speed><course>4.258464</course><hAcc>0.931612</hAcc><vAcc>0.686927</vAcc></extensions></trkpt>
      <trkpt lon="-123.331139" lat="44.621689"><ele>327.671539</ele><time>2021-01-17T20:32:59Z</time><extensions><speed>1.187276</speed><course>29.015453</course><hAcc>0.931322</hAcc><vAcc>0.686629</vAcc></extensions></trkpt>
      <trkpt lon="-123.331136" lat="44.621699"><ele>327.494629</ele><time>2021-01-17T20:33:00Z</time><extensions><speed>1.214113</speed><course>0.320250</course><hAcc>0.931101</hAcc><vAcc>0.686402</vAcc></extensions></trkpt>
      <trkpt lon="-123.331134" lat="44.621710"><ele>327.327118</ele><time>2021-01-17T20:33:01Z</time><extensions><speed>1.242342</speed><course>1.254540</course><hAcc>0.930968</hAcc><vAcc>0.686264</vAcc></extensions></trkpt>
      <trkpt lon="-123.331132" lat="44.621722"><ele>327.171478</ele><time>2021-01-17T20:33:02Z</time><extensions><speed>1.270745</speed><course>5.714159</course><hAcc>0.930925</hAcc><vAcc>0.686220</vAcc></extensions></trkpt>
      <trkpt lon="-123.331129" lat="44.621733"><ele>327.027985</ele><time>2021-01-17T20:33:03Z</time><extensions><speed>1.298157</speed><course>14.847340</course><hAcc>0.930970</hAcc><vAcc>0.686265</vAcc></extensions></trkpt>
      <trkpt lon="-123.331127" lat="44.621745"><ele>326.895294</ele><time>2021-01-17T20:33:04Z</time><extensions><speed>1.323296</speed><course>24.189953</course><hAcc>0.931091</hAcc><vAcc>0.686389</vAcc></extensions></trkpt>
      <trkpt lon="-123.331124" lat="44.621756"><ele>326.771729</ele><time>2021-01-17T20:33:05Z</time><extensions><speed>1.345142</speed><course>15.798389</course><hAcc>0.931282</hAcc><vAcc>0.686584</vAcc></extensions></trkpt>
      <trkpt lon="-123.331121" lat="44.621768"><ele>326.656128</ele><time>2021-01-17T20:33:06Z</time><extensions><speed>1.363487</speed><course>11.776335</course><hAcc>0.931525</hAcc><vAcc>0.686835</vAcc></extensions></trkpt>
      <trkpt lon="-123.331117" lat="44.621781"><ele>326.547729</ele><time>2021-01-17T20:33:07Z</time><extensions><speed>1.378001</speed><course>15.153724</course><hAcc>0.931800</hAcc><vAcc>0.687117</vAcc></extensions></trkpt>
      <trkpt lon="-123.331113" lat="44.621793"><ele>326.446259</ele><time>2021-01-17T20:33:08Z</time><extensions><speed>1.388173</speed><course>19.601765</course><hAcc>0.932077</hAcc><vAcc>0.687403</vAcc></extensions></trkpt>
      <trkpt lon="-123.331109" lat="44.621805"><ele>326.352448</ele><time>2021-01-17T20:33:09Z</time><extensions><speed>1.394267</speed><course>20.463732</course><hAcc>0.932334</hAcc><vAcc>0.687667</vAcc></extensions></trkpt>
      <trkpt lon="-123.331105" lat="44.621817"><ele>326.268280</ele><time>2021-01-17T20:33:10Z</time><extensions><speed>1.396874</speed><course>11.560002</course><hAcc>0.932553</hAcc><vAcc>0.687895</vAcc></extensions></trkpt>
      <trkpt lon="-123.331100" lat="44.621829"><ele>326.197540</ele><time>2021-01-17T20:33:11Z</time><extensions><speed>1.396594</speed><course>358.557037</course><hAcc>0.932731</hAcc><vAcc>0.688079</vAcc></extensions></trkpt>
      <trkpt lon="-123.331096" lat="44.621841"><ele>326.144989</ele><time>2021-01-17T20:33:12Z</time><extensions><speed>1.394203</speed><course>359.068207</course><hAcc>0.932872</hAcc><vAcc>0.688227</vAcc></extensions></trkpt>
      <trkpt lon="-123.331090" lat="44.621853"><ele>326.114349</ele><time>2021-01-17T20:33:13Z</time><extensions><speed>1.390417</speed><course>17.672836</course><hAcc>0.932985</hAcc><vAcc>0.688346</vAcc></extensions></trkpt>
      <trkpt lon="-123.331084" lat="44.621865"><ele>326.107849</ele><time>2021-01-17T20:33:14Z</time><extensions><speed>1.385634</speed><course>26.105047</course><hAcc>0.933078</hAcc><vAcc>0.688444</vAcc></extensions></trkpt>
      <trkpt lon="-123.331078" lat="44.621877"><ele>326.127167</ele><time>2021-01-17T20:33:15Z</time><extensions><speed>1.380737</speed><course>26.865553</course><hAcc>0.933159</hAcc><vAcc>0.688528</vAcc></extensions></trkpt>
      <trkpt lon="-123.331072" lat="44.621888"><ele>326.174103</ele><time>2021-01-17T20:33:16Z</time><extensions><speed>1.376719</speed><course>13.987363</course><hAcc>0.933230</hAcc><vAcc>0.688602</vAcc></extensions></trkpt>
      <trkpt lon="-123.331065" lat="44.621900"><ele>326.249573</ele><time>2021-01-17T20:33:17Z</time><extensions><speed>1.373186</speed><course>25.206335</course><hAcc>0.933290</hAcc><vAcc>0.688665</vAcc></extensions></trkpt>
      <trkpt lon="-123.331058" lat="44.621911"><ele>326.353271</ele><time>2021-01-17T20:33:18Z</time><extensions><speed>1.369662</speed><course>29.014688</course><hAcc>0.933334</hAcc><vAcc>0.688711</vAcc></extensions></trkpt>
      <trkpt lon="-123.331051" lat="44.621922"><ele>326.484375</ele><time>2021-01-17T20:33:19Z</time><extensions><speed>1.366197</speed><course>20.564861</course><hAcc>0.933358</hAcc><vAcc>0.688736</vAcc></extensions></trkpt>
      <trkpt lon="-123.331044" lat="44.621933"><ele>326.641815</ele><time>2021-01-17T20:33:20Z</time><extensions><speed>1.362730</speed><course>13.961825</course><hAcc>0.933362</hAcc><vAcc>0.688742</vAcc></extensions></trkpt>
      <trkpt lon="-123.331036" lat="44.621944"><ele>326.822784</ele><time>2021-01-17T20:33:21Z</time><extensions><speed>1.359267</speed><course>17.312542</course><hAcc>0.933355</hAcc><vAcc>0.688735</vAcc></extensions></trkpt>
      <trkpt lon="-123.331028" lat="44.621955"><ele>327.022491</ele><time>2021-01-17T20:33:22Z</time><extensions><speed>1.355768</speed><course>30.944717</course><hAcc>0.933344</hAcc><vAcc>0.688724</vAcc></extensions></trkpt>
      <trkpt lon="-123.331021" lat="44.621966"><ele>327.235565</ele><time>2021-01-17T20:33:23Z</time><extensions><speed>1.352368</speed><course>28.605385</course><hAcc>0.933336</hAcc><vAcc>0.688717</vAcc></extensions></trkpt>
      <trkpt lon="-123.331013" lat="44.621977"><ele>327.457214</ele><time>2021-01-17T20:33:24Z</time><extensions><speed>1.349187</speed><course>33.707497</course><hAcc>0.933338</hAcc><vAcc>0.688720</vAcc></extensions></trkpt>
      <trkpt lon="-123.331005" lat="44.621987"><ele>327.682587</ele><time>2021-01-17T20:33:25Z</time><extensions><speed>1.345812</speed><course>29.180414</course><hAcc>0.933353</hAcc><vAcc>0.688736</vAcc></extensions></trkpt>
      <trkpt lon="-123.330997" lat="44.621998"><ele>327.906250</ele><time>2021-01-17T20:33:26Z</time><extensions><speed>1.341393</speed><course>26.983852</course><hAcc>0.933383</hAcc><vAcc>0.688767</vAcc></extensions></trkpt>
      <trkpt lon="-123.330990" lat="44.622009"><ele>328.122742</ele><time>2021-01-17T20:33:27Z</time><extensions><speed>1.335034</speed><course>39.364052</course><hAcc>0.933428</hAcc><vAcc>0.688814</vAcc></extensions></trkpt>
      <trkpt lon="-123.330983" lat="44.622020"><ele>328.327759</ele><time>2021-01-17T20:33:28Z</time><extensions><speed>1.327275</speed><course>35.569389</course><hAcc>0.933490</hAcc><vAcc>0.688879</vAcc></extensions></trkpt>
      <trkpt lon="-123.330975" lat="44.622031"><ele>328.518829</ele><time>2021-01-17T20:33:29Z</time><extensions><speed>1.318851</speed><course>26.358473</course><hAcc>0.933569</hAcc><vAcc>0.688960</vAcc></extensions></trkpt>
      <trkpt lon="-123.330969" lat="44.622041"><ele>328.695557</ele><time>2021-01-17T20:33:30Z</time><extensions><speed>1.310221</speed><course>16.693033</course><hAcc>0.933661</hAcc><vAcc>0.689054</vAcc></extensions></trkpt>
      <trkpt lon="-123.330962" lat="44.622052"><ele>328.858887</ele><time>2021-01-17T20:33:31Z</time><extensions><speed>1.302207</speed><course>12.875949</course><hAcc>0.933758</hAcc><vAcc>0.689153</vAcc></extensions></trkpt>
      <trkpt lon="-123.330955" lat="44.622063"><ele>329.010254</ele><time>2021-01-17T20:33:32Z</time><extensions><speed>1.294990</speed><course>28.336823</course><hAcc>0.933850</hAcc><vAcc>0.689248</vAcc></extensions></trkpt>
      <trkpt lon="-123.330949" lat="44.622073"><ele>329.151184</ele><time>2021-01-17T20:33:33Z</time><extensions><speed>1.288936</speed><course>22.440611</course><hAcc>0.933927</hAcc><vAcc>0.689327</vAcc></extensions></trkpt>
      <trkpt lon="-123.330943" lat="44.622084"><ele>329.282928</ele><time>2021-01-17T20:33:34Z</time><extensions><speed>1.284479</speed><course>20.605659</course><hAcc>0.933979</hAcc><vAcc>0.689381</vAcc></extensions></trkpt>
      <trkpt lon="-123.330937" lat="44.622095"><ele>329.406097</ele><time>2021-01-17T20:33:35Z</time><extensions><speed>1.281646</speed><course>6.610825</course><hAcc>0.934002</hAcc><vAcc>0.689405</vAcc></extensions></trkpt>
      <trkpt lon="-123.330930" lat="44.622105"><ele>329.520630</ele><time>2021-01-17T20:33:36Z</time><extensions><speed>1.280035</speed><course>24.297922</course><hAcc>0.934000</hAcc><vAcc>0.689403</vAcc></extensions></trkpt>
      <trkpt lon="-123.330924" lat="44.622116"><ele>329.625641</ele><time>2021-01-17T20:33:37Z</time><extensions><speed>1.278999</speed><course>30.222105</course><hAcc>0.933979</hAcc><vAcc>0.689382</vAcc></extensions></trkpt>
      <trkpt lon="-123.330918" lat="44.622127"><ele>329.720734</ele><time>2021-01-17T20:33:38Z</time><extensions><speed>1.277574</speed><course>20.225267</course><hAcc>0.933948</hAcc><vAcc>0.689351</vAcc></extensions></trkpt>
      <trkpt lon="-123.330912" lat="44.622137"><ele>329.806824</ele><time>2021-01-17T20:33:39Z</time><extensions><speed>1.274846</speed><course>9.299500</course><hAcc>0.933912</hAcc><vAcc>0.689314</vAcc></extensions></trkpt>
      <trkpt lon="-123.330906" lat="44.622148"><ele>329.885162</ele><time>2021-01-17T20:33:40Z</time><extensions><speed>1.270477</speed><course>19.040316</course><hAcc>0.933874</hAcc><vAcc>0.689275</vAcc></extensions></trkpt>
      <trkpt lon="-123.330900" lat="44.622159"><ele>329.956299</ele><time>2021-01-17T20:33:41Z</time><extensions><speed>1.264961</speed><course>39.646507</course><hAcc>0.933833</hAcc><vAcc>0.689233</vAcc></extensions></trkpt>
      <trkpt lon="-123.330894" lat="44.622169"><ele>330.020660</ele><time>2021-01-17T20:33:42Z</time><extensions><speed>1.258761</speed><course>29.268007</course><hAcc>0.933787</hAcc><vAcc>0.689185</vAcc></extensions></trkpt>
      <trkpt lon="-123.330888" lat="44.622179"><ele>330.078979</ele><time>2021-01-17T20:33:43Z</time><extensions><speed>1.252799</speed><course>28.160999</course><hAcc>0.933734</hAcc><vAcc>0.689130</vAcc></extensions></trkpt>
      <trkpt lon="-123.330882" lat="44.622190"><ele>330.131653</ele><time>2021-01-17T20:33:44Z</time><extensions><speed>1.248224</speed><course>19.465931</course><hAcc>0.933677</hAcc><vAcc>0.689072</vAcc></extensions></trkpt>
      <trkpt lon="-123.330875" lat="44.622200"><ele>330.178436</ele><time>2021-01-17T20:33:45Z</time><extensions><speed>1.245257</speed><course>20.144958</course><hAcc>0.933620</hAcc><vAcc>0.689013</vAcc></extensions></trkpt>
      <trkpt lon="-123.330869" lat="44.622210"><ele>330.218872</ele><time>2021-01-17T20:33:46Z</time><extensions><speed>1.244304</speed><course>27.444605</course><hAcc>0.933569</hAcc><vAcc>0.688961</vAcc></extensions></trkpt>
      <trkpt lon="-123.330862" lat="44.622220"><ele>330.253143</ele><time>2021-01-17T20:33:47Z</time><extensions><speed>1.245520</speed><course>23.010178</course><hAcc>0.933532</hAcc><vAcc>0.688923</vAcc></extensions></trkpt>
      <trkpt lon="-123.330855" lat="44.622231"><ele>330.282379</ele><time>2021-01-17T20:33:48Z</time><extensions><speed>1.248315</speed><course>30.121559</course><hAcc>0.933515</hAcc><vAcc>0.688907</vAcc></extensions></trkpt>
      <trkpt lon="-123.330848" lat="44.622241"><ele>330.308105</ele><time>2021-01-17T20:33:49Z</time><extensions><speed>1.252009</speed><course>12.880659</course><hAcc>0.933523</hAcc><vAcc>0.688916</vAcc></extensions></trkpt>
      <trkpt lon="-123.330841" lat="44.622251"><ele>330.332184</ele><time>2021-01-17T20:33:50Z</time><extensions><speed>1.255721</speed><course>18.125549</course><hAcc>0.933556</hAcc><vAcc>0.688949</vAcc></extensions></trkpt>
      <trkpt lon="-123.330833" lat="44.622260"><ele>330.357086</ele><time>2021-01-17T20:33:51Z</time><extensions><speed>1.258554</speed><course>13.319342</course><hAcc>0.933610</hAcc><vAcc>0.689005</vAcc></extensions></trkpt>
      <trkpt lon="-123.330825" lat="44.622270"><ele>330.385345</ele><time>2021-01-17T20:33:52Z</time><extensions><speed>1.259866</speed><course>18.929113</course><hAcc>0.933681</hAcc><vAcc>0.689078</vAcc></extensions></trkpt>
      <trkpt lon="-123.330817" lat="44.622280"><ele>330.418610</ele><time>2021-01-17T20:33:53Z</time><extensions><speed>1.258727</speed><course>28.904930</course><hAcc>0.933764</hAcc><vAcc>0.689163</vAcc></extensions></trkpt>
      <trkpt lon="-123.330808" lat="44.622289"><ele>330.457581</ele><time>2021-01-17T20:33:54Z</time><extensions><speed>1.254443</speed><course>33.950478</course><hAcc>0.933854</hAcc><vAcc>0.689255</vAcc></extensions></trkpt>
      <trkpt lon="-123.330799" lat="44.622299"><ele>330.502167</ele><time>2021-01-17T20:33:55Z</time><extensions><speed>1.247710</speed><course>32.449127</course><hAcc>0.933945</hAcc><vAcc>0.689348</vAcc></extensions></trkpt>
      <trkpt lon="-123.330790" lat="44.622308"><ele>330.551788</ele><time>2021-01-17T20:33:56Z</time><extensions><speed>1.239511</speed><course>32.642406</course><hAcc>0.934027</hAcc><vAcc>0.689433</vAcc></extensions></trkpt>
      <trkpt lon="-123.330781" lat="44.622317"><ele>330.605835</ele><time>2021-01-17T20:33:57Z</time><extensions><speed>1.230279</speed><course>34.924866</course><hAcc>0.934091</hAcc><vAcc>0.689499</vAcc></extensions></trkpt>
      <trkpt lon="-123.330772" lat="44.622325"><ele>330.663666</ele><time>2021-01-17T20:33:58Z</time><extensions><speed>1.220757</speed><course>27.247688</course><hAcc>0.934131</hAcc><vAcc>0.689540</vAcc></extensions></trkpt>
      <trkpt lon="-123.330762" lat="44.622334"><ele>330.724243</ele><time>2021-01-17T20:33:59Z</time><extensions><speed>1.211489</speed><course>19.120546</course><hAcc>0.934145</hAcc><vAcc>0.689555</vAcc></extensions></trkpt>
      <trkpt lon="-123.330752" lat="44.622342"><ele>330.786011</ele><time>2021-01-17T20:34:00Z</time><extensions><speed>1.202409</speed><course>20.807446</course><hAcc>0.934136</hAcc><vAcc>0.689547</vAcc></extensions></trkpt>
      <trkpt lon="-123.330743" lat="44.622351"><ele>330.846863</ele><time>2021-01-17T20:34:01Z</time><extensions><speed>1.193391</speed><course>34.961262</course><hAcc>0.934115</hAcc><vAcc>0.689526</vAcc></extensions></trkpt>
      <trkpt lon="-123.330733" lat="44.622359"><ele>330.904266</ele><time>2021-01-17T20:34:02Z</time><extensions><speed>1.184495</speed><course>43.550728</course><hAcc>0.934093</hAcc><vAcc>0.689505</vAcc></extensions></trkpt>
      <trkpt lon="-123.330723" lat="44.622366"><ele>330.955902</ele><time>2021-01-17T20:34:03Z</time><extensions><speed>1.176328</speed><course>41.538025</course><hAcc>0.934080</hAcc><vAcc>0.689492</vAcc></extensions></trkpt>
      <trkpt lon="-123.330713" lat="44.622374"><ele>331.000122</ele><time>2021-01-17T20:34:04Z</time><extensions><speed>1.170101</speed><course>36.377140</course><hAcc>0.934078</hAcc><vAcc>0.689490</vAcc></extensions></trkpt>
      <trkpt lon="-123.330703" lat="44.622382"><ele>331.035828</ele><time>2021-01-17T20:34:05Z</time><extensions><speed>1.166397</speed><course>44.302032</course><hAcc>0.934084</hAcc><vAcc>0.689496</vAcc></extensions></trkpt>
      <trkpt lon="-123.330692" lat="44.622389"><ele>331.061920</ele><time>2021-01-17T20:34:06Z</time><extensions><speed>1.165517</speed><course>49.972740</course><hAcc>0.934092</hAcc><vAcc>0.689504</vAcc></extensions></trkpt>
      <trkpt lon="-123.330682" lat="44.622397"><ele>331.077606</ele><time>2021-01-17T20:34:07Z</time><extensions><speed>1.167709</speed><course>35.360210</course><hAcc>0.934099</hAcc><vAcc>0.689510</vAcc></extensions></trkpt>
      <trkpt lon="-123.330672" lat="44.622405"><ele>331.082550</ele><time>2021-01-17T20:34:08Z</time><extensions><speed>1.172317</speed><course>37.315861</course><hAcc>0.934099</hAcc><vAcc>0.689510</vAcc></extensions></trkpt>
      <trkpt lon="-123.330662" lat="44.622412"><ele>331.076904</ele><time>2021-01-17T20:34:09Z</time><extensions><speed>1.178278</speed><course>22.335463</course><hAcc>0.934090</hAcc><vAcc>0.689499</vAcc></extensions></trkpt>
      <trkpt lon="-123.330651" lat="44.622420"><ele>331.061493</ele><time>2021-01-17T20:34:10Z</time><extensions><speed>1.184159</speed><course>33.815407</course><hAcc>0.934063</hAcc><vAcc>0.689470</vAcc></extensions></trkpt>
      <trkpt lon="-123.330641" lat="44.622427"><ele>331.037415</ele><time>2021-01-17T20:34:11Z</time><extensions><speed>1.188217</speed><course>43.100601</course><hAcc>0.934013</hAcc><vAcc>0.689417</vAcc></extensions></trkpt>
      <trkpt lon="-123.330630" lat="44.622435"><ele>331.005310</ele><time>2021-01-17T20:34:12Z</time><extensions><speed>1.190329</speed><course>41.637672</course><hAcc>0.933931</hAcc><vAcc>0.689331</vAcc></extensions></trkpt>
      <trkpt lon="-123.330620" lat="44.622443"><ele>330.965424</ele><time>2021-01-17T20:34:13Z</time><extensions><speed>1.191732</speed><course>38.563084</course><hAcc>0.933812</hAcc><vAcc>0.689206</vAcc></extensions></trkpt>
      <trkpt lon="-123.330610" lat="44.622451"><ele>330.917877</ele><time>2021-01-17T20:34:14Z</time><extensions><speed>1.193509</speed><course>40.754154</course><hAcc>0.933649</hAcc><vAcc>0.689035</vAcc></extensions></trkpt>
      <trkpt lon="-123.330599" lat="44.622459"><ele>330.862854</ele><time>2021-01-17T20:34:15Z</time><extensions><speed>1.196480</speed><course>36.708454</course><hAcc>0.933433</hAcc><vAcc>0.688809</vAcc></extensions></trkpt>
      <trkpt lon="-123.330589" lat="44.622467"><ele>330.800385</ele><time>2021-01-17T20:34:16Z</time><extensions><speed>1.201436</speed><course>45.914700</course><hAcc>0.933153</hAcc><vAcc>0.688518</vAcc></extensions></trkpt>
      <trkpt lon="-123.330579" lat="44.622475"><ele>330.730133</ele><time>2021-01-17T20:34:17Z</time><extensions><speed>1.209155</speed><course>39.011173</course><hAcc>0.932807</hAcc><vAcc>0.688158</vAcc></extensions></trkpt>
      <trkpt lon="-123.330569" lat="44.622483"><ele>330.651581</ele><time>2021-01-17T20:34:18Z</time><extensions><speed>1.220299</speed><course>35.880222</course><hAcc>0.932395</hAcc><vAcc>0.687730</vAcc></extensions></trkpt>
      <trkpt lon="-123.330559" lat="44.622492"><ele>330.563934</ele><time>2021-01-17T20:34:19Z</time><extensions><speed>1.234914</speed><course>36.385124</course><hAcc>0.931925</hAcc><vAcc>0.687242</vAcc></extensions></trkpt>
      <trkpt lon="-123.330550" lat="44.622500"><ele>330.465820</ele><time>2021-01-17T20:34:20Z</time><extensions><speed>1.252386</speed><course>54.826565</course><hAcc>0.931410</hAcc><vAcc>0.686707</vAcc></extensions></trkpt>
      <trkpt lon="-123.330540" lat="44.622509"><ele>330.356598</ele><time>2021-01-17T20:34:21Z</time><extensions><speed>1.272685</speed><course>41.020435</course><hAcc>0.930861</hAcc><vAcc>0.686138</vAcc></extensions></trkpt>
      <trkpt lon="-123.330530" lat="44.622518"><ele>330.237946</ele><time>2021-01-17T20:34:22Z</time><extensions><speed>1.296228</speed><course>42.409328</course><hAcc>0.930290</hAcc><vAcc>0.685546</vAcc></extensions></trkpt>
      <trkpt lon="-123.330520" lat="44.622528"><ele>330.113342</ele><time>2021-01-17T20:34:23Z</time><extensions><speed>1.323351</speed><course>-1.000000</course><hAcc>0.929708</hAcc><vAcc>0.684943</vAcc></extensions></trkpt>
      <trkpt lon="-123.330510" lat="44.622538"><ele>329.986755</ele><time>2021-01-17T20:34:24Z</time><extensions><speed>1.352878</speed><course>2.487564</course><hAcc>0.929132</hAcc><vAcc>0.684347</vAcc></extensions></trkpt>
      <trkpt lon="-123.330500" lat="44.622548"><ele>329.860840</ele><time>2021-01-17T20:34:25Z</time><extensions><speed>1.382420</speed><course>31.438660</course><hAcc>0.928589</hAcc><vAcc>0.683785</vAcc></extensions></trkpt>
      <trkpt lon="-123.330490" lat="44.622558"><ele>329.736237</ele><time>2021-01-17T20:34:26Z</time><extensions><speed>1.409829</speed><course>33.447960</course><hAcc>0.928115</hAcc><vAcc>0.683296</vAcc></extensions></trkpt>
      <trkpt lon="-123.330480" lat="44.622569"><ele>329.612366</ele><time>2021-01-17T20:34:27Z</time><extensions><speed>1.432853</speed><course>30.388191</course><hAcc>0.927759</hAcc><vAcc>0.682929</vAcc></extensions></trkpt>
      <trkpt lon="-123.330470" lat="44.622579"><ele>329.487823</ele><time>2021-01-17T20:34:28Z</time><extensions><speed>1.450253</speed><course>36.853962</course><hAcc>0.927563</hAcc><vAcc>0.682726</vAcc></extensions></trkpt>
      <trkpt lon="-123.330460" lat="44.622590"><ele>329.360626</ele><time>2021-01-17T20:34:29Z</time><extensions><speed>1.462428</speed><course>33.662334</course><hAcc>0.927545</hAcc><vAcc>0.682707</vAcc></extensions></trkpt>
      <trkpt lon="-123.330450" lat="44.622601"><ele>329.229309</ele><time>2021-01-17T20:34:30Z</time><extensions><speed>1.468742</speed><course>30.684067</course><hAcc>0.927694</hAcc><vAcc>0.682859</vAcc></extensions></trkpt>
      <trkpt lon="-123.330440" lat="44.622613"><ele>329.093597</ele><time>2021-01-17T20:34:31Z</time><extensions><speed>1.468635</speed><course>31.318325</course><hAcc>0.927971</hAcc><vAcc>0.683144</vAcc></extensions></trkpt>
      <trkpt lon="-123.330431" lat="44.622624"><ele>328.953491</ele><time>2021-01-17T20:34:32Z</time><extensions><speed>1.462657</speed><course>38.242016</course><hAcc>0.928333</hAcc><vAcc>0.683519</vAcc></extensions></trkpt>
      <trkpt lon="-123.330421" lat="44.622635"><ele>328.809418</ele><time>2021-01-17T20:34:33Z</time><extensions><speed>1.451188</speed><course>33.089245</course><hAcc>0.928750</hAcc><vAcc>0.683953</vAcc></extensions></trkpt>
      <trkpt lon="-123.330412" lat="44.622646"><ele>328.663574</ele><time>2021-01-17T20:34:34Z</time><extensions><speed>1.435267</speed><course>26.726534</course><hAcc>0.929209</hAcc><vAcc>0.684431</vAcc></extensions></trkpt>
      <trkpt lon="-123.330403" lat="44.622657"><ele>328.519653</ele><time>2021-01-17T20:34:35Z</time><extensions><speed>1.416453</speed><course>21.911966</course><hAcc>0.929713</hAcc><vAcc>0.684957</vAcc></extensions></trkpt>
      <trkpt lon="-123.330394" lat="44.622668"><ele>328.381195</ele><time>2021-01-17T20:34:36Z</time><extensions><speed>1.396034</speed><course>23.496893</course><hAcc>0.930276</hAcc><vAcc>0.685544</vAcc></extensions></trkpt>
      <trkpt lon="-123.330386" lat="44.622679"><ele>328.250244</ele><time>2021-01-17T20:34:37Z</time><extensions><speed>1.374225</speed><course>28.140236</course><hAcc>0.930913</hAcc><vAcc>0.686208</vAcc></extensions></trkpt>
      <trkpt lon="-123.330378" lat="44.622690"><ele>328.127136</ele><time>2021-01-17T20:34:38Z</time><extensions><speed>1.351268</speed><course>29.927391</course><hAcc>0.931633</hAcc><vAcc>0.686955</vAcc></extensions></trkpt>
      <trkpt lon="-123.330371" lat="44.622701"><ele>328.010468</ele><time>2021-01-17T20:34:39Z</time><extensions><speed>1.328122</speed><course>34.317738</course><hAcc>0.932431</hAcc><vAcc>0.687782</vAcc></extensions></trkpt>
      <trkpt lon="-123.330363" lat="44.622712"><ele>327.897675</ele><time>2021-01-17T20:34:40Z</time><extensions><speed>1.305713</speed><course>36.117653</course><hAcc>0.933288</hAcc><vAcc>0.688667</vAcc></extensions></trkpt>
      <trkpt lon="-123.330357" lat="44.622722"><ele>327.785217</ele><time>2021-01-17T20:34:41Z</time><extensions><speed>1.284174</speed><course>37.593693</course><hAcc>0.934169</hAcc><vAcc>0.689576</vAcc></extensions></trkpt>
      <trkpt lon="-123.330350" lat="44.622733"><ele>327.669861</ele><time>2021-01-17T20:34:42Z</time><extensions><speed>1.263380</speed><course>33.275814</course><hAcc>0.935025</hAcc><vAcc>0.690456</vAcc></extensions></trkpt>
      <trkpt lon="-123.330345" lat="44.622743"><ele>327.549500</ele><time>2021-01-17T20:34:43Z</time><extensions><speed>1.244365</speed><course>33.589458</course><hAcc>0.935800</hAcc><vAcc>0.691251</vAcc></extensions></trkpt>
      <trkpt lon="-123.330339" lat="44.622754"><ele>327.423218</ele><time>2021-01-17T20:34:44Z</time><extensions><speed>1.228569</speed><course>19.656658</course><hAcc>0.936433</hAcc><vAcc>0.691902</vAcc></extensions></trkpt>
      <trkpt lon="-123.330334" lat="44.622764"><ele>327.290253</ele><time>2021-01-17T20:34:45Z</time><extensions><speed>1.217017</speed><course>14.654473</course><hAcc>0.936875</hAcc><vAcc>0.692354</vAcc></extensions></trkpt>
      <trkpt lon="-123.330330" lat="44.622775"><ele>327.150146</ele><time>2021-01-17T20:34:46Z</time><extensions><speed>1.210416</speed><course>14.018576</course><hAcc>0.937085</hAcc><vAcc>0.692570</vAcc></extensions></trkpt>
      <trkpt lon="-123.330326" lat="44.622785"><ele>327.002808</ele><time>2021-01-17T20:34:47Z</time><extensions><speed>1.208721</speed><course>13.828988</course><hAcc>0.937049</hAcc><vAcc>0.692534</vAcc></extensions></trkpt>
      <trkpt lon="-123.330322" lat="44.622796"><ele>326.849121</ele><time>2021-01-17T20:34:48Z</time><extensions><speed>1.211109</speed><course>17.566137</course><hAcc>0.936773</hAcc><vAcc>0.692253</vAcc></extensions></trkpt>
      <trkpt lon="-123.330318" lat="44.622806"><ele>326.690918</ele><time>2021-01-17T20:34:49Z</time><extensions><speed>1.217085</speed><course>15.971071</course><hAcc>0.936292</hAcc><vAcc>0.691763</vAcc></extensions></trkpt>
      <trkpt lon="-123.330314" lat="44.622817"><ele>326.530701</ele><time>2021-01-17T20:34:50Z</time><extensions><speed>1.226822</speed><course>16.671537</course><hAcc>0.935665</hAcc><vAcc>0.691122</vAcc></extensions></trkpt>
      <trkpt lon="-123.330310" lat="44.622828"><ele>326.372437</ele><time>2021-01-17T20:34:51Z</time><extensions><speed>1.241047</speed><course>352.218292</course><hAcc>0.934962</hAcc><vAcc>0.690403</vAcc></extensions></trkpt>
      <trkpt lon="-123.330306" lat="44.622838"><ele>326.221710</ele><time>2021-01-17T20:34:52Z</time><extensions><speed>1.259248</speed><course>356.469299</course><hAcc>0.934253</hAcc><vAcc>0.689677</vAcc></extensions></trkpt>
      <trkpt lon="-123.330301" lat="44.622849"><ele>326.083710</ele><time>2021-01-17T20:34:53Z</time><extensions><speed>1.279882</speed><course>5.151041</course><hAcc>0.933603</hAcc><vAcc>0.689009</vAcc></extensions></trkpt>
      <trkpt lon="-123.330297" lat="44.622861"><ele>325.961121</ele><time>2021-01-17T20:34:54Z</time><extensions><speed>1.302113</speed><course>12.008601</course><hAcc>0.933065</hAcc><vAcc>0.688455</vAcc></extensions></trkpt>
      <trkpt lon="-123.330292" lat="44.622872"><ele>325.854156</ele><time>2021-01-17T20:34:55Z</time><extensions><speed>1.325275</speed><course>24.634468</course><hAcc>0.932676</hAcc><vAcc>0.688053</vAcc></extensions></trkpt>
      <trkpt lon="-123.330287" lat="44.622883"><ele>325.760956</ele><time>2021-01-17T20:34:56Z</time><extensions><speed>1.348407</speed><course>21.698021</course><hAcc>0.932445</hAcc><vAcc>0.687811</vAcc></extensions></trkpt>
      <trkpt lon="-123.330282" lat="44.622895"><ele>325.678070</ele><time>2021-01-17T20:34:57Z</time><extensions><speed>1.370409</speed><course>19.107738</course><hAcc>0.932352</hAcc><vAcc>0.687709</vAcc></extensions></trkpt>
      <trkpt lon="-123.330276" lat="44.622907"><ele>325.602509</ele><time>2021-01-17T20:34:58Z</time><extensions><speed>1.390226</speed><course>23.733604</course><hAcc>0.932352</hAcc><vAcc>0.687704</vAcc></extensions></trkpt>
      <trkpt lon="-123.330270" lat="44.622919"><ele>325.533234</ele><time>2021-01-17T20:34:59Z</time><extensions><speed>1.407108</speed><course>14.164018</course><hAcc>0.932395</hAcc><vAcc>0.687742</vAcc></extensions></trkpt>
      <trkpt lon="-123.330264" lat="44.622931"><ele>325.471924</ele><time>2021-01-17T20:35:00Z</time><extensions><speed>1.421238</speed><course>11.843855</course><hAcc>0.932434</hAcc><vAcc>0.687777</vAcc></extensions></trkpt>
      <trkpt lon="-123.330258" lat="44.622943"><ele>325.421875</ele><time>2021-01-17T20:35:01Z</time><extensions><speed>1.432892</speed><course>14.887999</course><hAcc>0.932438</hAcc><vAcc>0.687777</vAcc></extensions></trkpt>
      <trkpt lon="-123.330252" lat="44.622955"><ele>325.386658</ele><time>2021-01-17T20:35:02Z</time><extensions><speed>1.442101</speed><course>18.134245</course><hAcc>0.932387</hAcc><vAcc>0.687721</vAcc></extensions></trkpt>
      <trkpt lon="-123.330246" lat="44.622967"><ele>325.369476</ele><time>2021-01-17T20:35:03Z</time><extensions><speed>1.448651</speed><course>29.268875</course><hAcc>0.932269</hAcc><vAcc>0.687597</vAcc></extensions></trkpt>
      <trkpt lon="-123.330239" lat="44.622979"><ele>325.373749</ele><time>2021-01-17T20:35:04Z</time><extensions><speed>1.452464</speed><course>31.539944</course><hAcc>0.932073</hAcc><vAcc>0.687393</vAcc></extensions></trkpt>
      <trkpt lon="-123.330233" lat="44.622992"><ele>325.403259</ele><time>2021-01-17T20:35:05Z</time><extensions><speed>1.453857</speed><course>11.389074</course><hAcc>0.931796</hAcc><vAcc>0.687107</vAcc></extensions></trkpt>
      <trkpt lon="-123.330226" lat="44.623004"><ele>325.460602</ele><time>2021-01-17T20:35:06Z</time><extensions><speed>1.452941</speed><course>15.834450</course><hAcc>0.931442</hAcc><vAcc>0.686741</vAcc></extensions></trkpt>
      <trkpt lon="-123.330219" lat="44.623016"><ele>325.545746</ele><time>2021-01-17T20:35:07Z</time><extensions><speed>1.449540</speed><course>20.473783</course><hAcc>0.931028</hAcc><vAcc>0.686315</vAcc></extensions></trkpt>
      <trkpt lon="-123.330212" lat="44.623028"><ele>325.657410</ele><time>2021-01-17T20:35:08Z</time><extensions><speed>1.443901</speed><course>16.684626</course><hAcc>0.930586</hAcc><vAcc>0.685859</vAcc></extensions></trkpt>
      <trkpt lon="-123.330205" lat="44.623040"><ele>325.793610</ele><time>2021-01-17T20:35:09Z</time><extensions><speed>1.436604</speed><course>18.340340</course><hAcc>0.930149</hAcc><vAcc>0.685409</vAcc></extensions></trkpt>
      <trkpt lon="-123.330198" lat="44.623052"><ele>325.951263</ele><time>2021-01-17T20:35:10Z</time><extensions><speed>1.427622</speed><course>22.851816</course><hAcc>0.929753</hAcc><vAcc>0.685001</vAcc></extensions></trkpt>
      <trkpt lon="-123.330191" lat="44.623063"><ele>326.126678</ele><time>2021-01-17T20:35:11Z</time><extensions><speed>1.416487</speed><course>22.283762</course><hAcc>0.929428</hAcc><vAcc>0.684664</vAcc></extensions></trkpt>
      <trkpt lon="-123.330184" lat="44.623075"><ele>326.316864</ele><time>2021-01-17T20:35:12Z</time><extensions><speed>1.403045</speed><course>27.020266</course><hAcc>0.929188</hAcc><vAcc>0.684414</vAcc></extensions></trkpt>
      <trkpt lon="-123.330177" lat="44.623086"><ele>326.518555</ele><time>2021-01-17T20:35:13Z</time><extensions><speed>1.387723</speed><course>20.389290</course><hAcc>0.929031</hAcc><vAcc>0.684249</vAcc></extensions></trkpt>
      <trkpt lon="-123.330170" lat="44.623098"><ele>326.726898</ele><time>2021-01-17T20:35:14Z</time><extensions><speed>1.370896</speed><course>23.817888</course><hAcc>0.928940</hAcc><vAcc>0.684152</vAcc></extensions></trkpt>
      <trkpt lon="-123.330163" lat="44.623109"><ele>326.935394</ele><time>2021-01-17T20:35:15Z</time><extensions><speed>1.352879</speed><course>25.613680</course><hAcc>0.928893</hAcc><vAcc>0.684101</vAcc></extensions></trkpt>
      <trkpt lon="-123.330156" lat="44.623120"><ele>327.137878</ele><time>2021-01-17T20:35:16Z</time><extensions><speed>1.334328</speed><course>16.227673</course><hAcc>0.928867</hAcc><vAcc>0.684071</vAcc></extensions></trkpt>
      <trkpt lon="-123.330149" lat="44.623131"><ele>327.329712</ele><time>2021-01-17T20:35:17Z</time><extensions><speed>1.316109</speed><course>22.310091</course><hAcc>0.928842</hAcc><vAcc>0.684044</vAcc></extensions></trkpt>
      <trkpt lon="-123.330143" lat="44.623142"><ele>327.507660</ele><time>2021-01-17T20:35:18Z</time><extensions><speed>1.299578</speed><course>23.890306</course><hAcc>0.928806</hAcc><vAcc>0.684006</vAcc></extensions></trkpt>
      <trkpt lon="-123.330137" lat="44.623153"><ele>327.669678</ele><time>2021-01-17T20:35:19Z</time><extensions><speed>1.285999</speed><course>18.786888</course><hAcc>0.928758</hAcc><vAcc>0.683957</vAcc></extensions></trkpt>
      <trkpt lon="-123.330131" lat="44.623163"><ele>327.815216</ele><time>2021-01-17T20:35:20Z</time><extensions><speed>1.275416</speed><course>21.113459</course><hAcc>0.928705</hAcc><vAcc>0.683903</vAcc></extensions></trkpt>
      <trkpt lon="-123.330125" lat="44.623174"><ele>327.943481</ele><time>2021-01-17T20:35:21Z</time><extensions><speed>1.267556</speed><course>23.749695</course><hAcc>0.928655</hAcc><vAcc>0.683853</vAcc></extensions></trkpt>
      <trkpt lon="-123.330120" lat="44.623185"><ele>328.052368</ele><time>2021-01-17T20:35:22Z</time><extensions><speed>1.262586</speed><course>32.815430</course><hAcc>0.928619</hAcc><vAcc>0.683818</vAcc></extensions></trkpt>
      <trkpt lon="-123.330115" lat="44.623196"><ele>328.139801</ele><time>2021-01-17T20:35:23Z</time><extensions><speed>1.260444</speed><course>29.309381</course><hAcc>0.928609</hAcc><vAcc>0.683810</vAcc></extensions></trkpt>
      <trkpt lon="-123.330111" lat="44.623207"><ele>328.205231</ele><time>2021-01-17T20:35:24Z</time><extensions><speed>1.260243</speed><course>20.980715</course><hAcc>0.928635</hAcc><vAcc>0.683839</vAcc></extensions></trkpt>
      <trkpt lon="-123.330106" lat="44.623217"><ele>328.249115</ele><time>2021-01-17T20:35:24Z</time><extensions><speed>1.260627</speed><course>17.140768</course><hAcc>0.928720</hAcc><vAcc>0.683923</vAcc></extensions></trkpt>
      <trkpt lon="-123.330102" lat="44.623228"><ele>328.272278</ele><time>2021-01-17T20:35:26Z</time><extensions><speed>1.260566</speed><course>18.451660</course><hAcc>0.928842</hAcc><vAcc>0.684045</vAcc></extensions></trkpt>
      <trkpt lon="-123.330098" lat="44.623239"><ele>328.276428</ele><time>2021-01-17T20:35:27Z</time><extensions><speed>1.260199</speed><course>10.207805</course><hAcc>0.928974</hAcc><vAcc>0.684182</vAcc></extensions></trkpt>
      <trkpt lon="-123.330095" lat="44.623250"><ele>328.264893</ele><time>2021-01-17T20:35:28Z</time><extensions><speed>1.260130</speed><course>10.385176</course><hAcc>0.929119</hAcc><vAcc>0.684332</vAcc></extensions></trkpt>
      <trkpt lon="-123.330091" lat="44.623261"><ele>328.241516</ele><time>2021-01-17T20:35:29Z</time><extensions><speed>1.260450</speed><course>4.818235</course><hAcc>0.929266</hAcc><vAcc>0.684483</vAcc></extensions></trkpt>
      <trkpt lon="-123.330087" lat="44.623272"><ele>328.209900</ele><time>2021-01-17T20:35:30Z</time><extensions><speed>1.261295</speed><course>8.141791</course><hAcc>0.929407</hAcc><vAcc>0.684628</vAcc></extensions></trkpt>
      <trkpt lon="-123.330083" lat="44.623283"><ele>328.172729</ele><time>2021-01-17T20:35:31Z</time><extensions><speed>1.262910</speed><course>6.477097</course><hAcc>0.929536</hAcc><vAcc>0.684760</vAcc></extensions></trkpt>
      <trkpt lon="-123.330079" lat="44.623294"><ele>328.132202</ele><time>2021-01-17T20:35:32Z</time><extensions><speed>1.265693</speed><course>7.259850</course><hAcc>0.929641</hAcc><vAcc>0.684867</vAcc></extensions></trkpt>
      <trkpt lon="-123.330075" lat="44.623305"><ele>328.090271</ele><time>2021-01-17T20:35:33Z</time><extensions><speed>1.269563</speed><course>12.860668</course><hAcc>0.929704</hAcc><vAcc>0.684929</vAcc></extensions></trkpt>
      <trkpt lon="-123.330070" lat="44.623316"><ele>328.047668</ele><time>2021-01-17T20:35:34Z</time><extensions><speed>1.273883</speed><course>14.789603</course><hAcc>0.929704</hAcc><vAcc>0.684927</vAcc></extensions></trkpt>
      <trkpt lon="-123.330065" lat="44.623327"><ele>328.003479</ele><time>2021-01-17T20:35:35Z</time><extensions><speed>1.278343</speed><course>11.191796</course><hAcc>0.929621</hAcc><vAcc>0.684838</vAcc></extensions></trkpt>
      <trkpt lon="-123.330060" lat="44.623338"><ele>327.955933</ele><time>2021-01-17T20:35:36Z</time><extensions><speed>1.283162</speed><course>14.483345</course><hAcc>0.929436</hAcc><vAcc>0.684647</vAcc></extensions></trkpt>
      <trkpt lon="-123.330055" lat="44.623349"><ele>327.903320</ele><time>2021-01-17T20:35:37Z</time><extensions><speed>1.288324</speed><course>22.593338</course><hAcc>0.929144</hAcc><vAcc>0.684345</vAcc></extensions></trkpt>
      <trkpt lon="-123.330049" lat="44.623360"><ele>327.845123</ele><time>2021-01-17T20:35:38Z</time><extensions><speed>1.293481</speed><course>30.079481</course><hAcc>0.928762</hAcc><vAcc>0.683953</vAcc></extensions></trkpt>
      <trkpt lon="-123.330044" lat="44.623371"><ele>327.782593</ele><time>2021-01-17T20:35:39Z</time><extensions><speed>1.297865</speed><course>16.177708</course><hAcc>0.928341</hAcc><vAcc>0.683521</vAcc></extensions></trkpt>
      <trkpt lon="-123.330039" lat="44.623382"><ele>327.718567</ele><time>2021-01-17T20:35:40Z</time><extensions><speed>1.300375</speed><course>11.984367</course><hAcc>0.927948</hAcc><vAcc>0.683118</vAcc></extensions></trkpt>
      <trkpt lon="-123.330033" lat="44.623393"><ele>327.655365</ele><time>2021-01-17T20:35:41Z</time><extensions><speed>1.300142</speed><course>17.667850</course><hAcc>0.927648</hAcc><vAcc>0.682810</vAcc></extensions></trkpt>
      <trkpt lon="-123.330028" lat="44.623404"><ele>327.593597</ele><time>2021-01-17T20:35:42Z</time><extensions><speed>1.296015</speed><course>21.405739</course><hAcc>0.927482</hAcc><vAcc>0.682639</vAcc></extensions></trkpt>
      <trkpt lon="-123.330022" lat="44.623415"><ele>327.532745</ele><time>2021-01-17T20:35:43Z</time><extensions><speed>1.287476</speed><course>23.875093</course><hAcc>0.927461</hAcc><vAcc>0.682617</vAcc></extensions></trkpt>
      <trkpt lon="-123.330017" lat="44.623426"><ele>327.472198</ele><time>2021-01-17T20:35:44Z</time><extensions><speed>1.275127</speed><course>16.290138</course><hAcc>0.927569</hAcc><vAcc>0.682727</vAcc></extensions></trkpt>
      <trkpt lon="-123.330012" lat="44.623437"><ele>327.411591</ele><time>2021-01-17T20:35:45Z</time><extensions><speed>1.260965</speed><course>15.199172</course><hAcc>0.927762</hAcc><vAcc>0.682925</vAcc></extensions></trkpt>
      <trkpt lon="-123.330007" lat="44.623448"><ele>327.349976</ele><time>2021-01-17T20:35:46Z</time><extensions><speed>1.247594</speed><course>23.761726</course><hAcc>0.927998</hAcc><vAcc>0.683169</vAcc></extensions></trkpt>
      <trkpt lon="-123.330002" lat="44.623458"><ele>327.285736</ele><time>2021-01-17T20:35:47Z</time><extensions><speed>1.236706</speed><course>33.772381</course><hAcc>0.928253</hAcc><vAcc>0.683433</vAcc></extensions></trkpt>
      <trkpt lon="-123.329996" lat="44.623469"><ele>327.217529</ele><time>2021-01-17T20:35:48Z</time><extensions><speed>1.229056</speed><course>38.546371</course><hAcc>0.928521</hAcc><vAcc>0.683712</vAcc></extensions></trkpt>
      <trkpt lon="-123.329991" lat="44.623479"><ele>327.145508</ele><time>2021-01-17T20:35:49Z</time><extensions><speed>1.225023</speed><course>13.890635</course><hAcc>0.928808</hAcc><vAcc>0.684012</vAcc></extensions></trkpt>
      <trkpt lon="-123.329986" lat="44.623489"><ele>327.070770</ele><time>2021-01-17T20:35:50Z</time><extensions><speed>1.224367</speed><course>355.016785</course><hAcc>0.929123</hAcc><vAcc>0.684340</vAcc></extensions></trkpt>
      <trkpt lon="-123.329981" lat="44.623500"><ele>326.993683</ele><time>2021-01-17T20:35:51Z</time><extensions><speed>1.226334</speed><course>358.009766</course><hAcc>0.929468</hAcc><vAcc>0.684697</vAcc></extensions></trkpt>
      <trkpt lon="-123.329976" lat="44.623510"><ele>326.913544</ele><time>2021-01-17T20:35:52Z</time><extensions><speed>1.230579</speed><course>27.573750</course><hAcc>0.929833</hAcc><vAcc>0.685075</vAcc></extensions></trkpt>
      <trkpt lon="-123.329970" lat="44.623521"><ele>326.829773</ele><time>2021-01-17T20:35:53Z</time><extensions><speed>1.236238</speed><course>35.966148</course><hAcc>0.930198</hAcc><vAcc>0.685452</vAcc></extensions></trkpt>
      <trkpt lon="-123.329965" lat="44.623531"><ele>326.742798</ele><time>2021-01-17T20:35:54Z</time><extensions><speed>1.242285</speed><course>17.701366</course><hAcc>0.930537</hAcc><vAcc>0.685803</vAcc></extensions></trkpt>
      <trkpt lon="-123.329959" lat="44.623541"><ele>326.654785</ele><time>2021-01-17T20:35:55Z</time><extensions><speed>1.247927</speed><course>13.224311</course><hAcc>0.930827</hAcc><vAcc>0.686100</vAcc></extensions></trkpt>
      <trkpt lon="-123.329953" lat="44.623552"><ele>326.568878</ele><time>2021-01-17T20:35:56Z</time><extensions><speed>1.252582</speed><course>22.688194</course><hAcc>0.931040</hAcc><vAcc>0.686321</vAcc></extensions></trkpt>
      <trkpt lon="-123.329947" lat="44.623562"><ele>326.488342</ele><time>2021-01-17T20:35:57Z</time><extensions><speed>1.256570</speed><course>22.792852</course><hAcc>0.931159</hAcc><vAcc>0.686443</vAcc></extensions></trkpt>
      <trkpt lon="-123.329941" lat="44.623573"><ele>326.416809</ele><time>2021-01-17T20:35:58Z</time><extensions><speed>1.260925</speed><course>3.107733</course><hAcc>0.931174</hAcc><vAcc>0.686458</vAcc></extensions></trkpt>
      <trkpt lon="-123.329935" lat="44.623583"><ele>326.357178</ele><time>2021-01-17T20:35:59Z</time><extensions><speed>1.266556</speed><course>347.290283</course><hAcc>0.931088</hAcc><vAcc>0.686371</vAcc></extensions></trkpt>
      <trkpt lon="-123.329929" lat="44.623594"><ele>326.309998</ele><time>2021-01-17T20:36:00Z</time><extensions><speed>1.273017</speed><course>0.414751</course><hAcc>0.930918</hAcc><vAcc>0.686197</vAcc></extensions></trkpt>
      <trkpt lon="-123.329923" lat="44.623604"><ele>326.272980</ele><time>2021-01-17T20:36:01Z</time><extensions><speed>1.279516</speed><course>11.439223</course><hAcc>0.930682</hAcc><vAcc>0.685956</vAcc></extensions></trkpt>
      <trkpt lon="-123.329916" lat="44.623615"><ele>326.242218</ele><time>2021-01-17T20:36:02Z</time><extensions><speed>1.286675</speed><course>22.420504</course><hAcc>0.930403</hAcc><vAcc>0.685671</vAcc></extensions></trkpt>
      <trkpt lon="-123.329910" lat="44.623626"><ele>326.214233</ele><time>2021-01-17T20:36:03Z</time><extensions><speed>1.295089</speed><course>23.867029</course><hAcc>0.930113</hAcc><vAcc>0.685374</vAcc></extensions></trkpt>
      <trkpt lon="-123.329903" lat="44.623636"><ele>326.187317</ele><time>2021-01-17T20:36:04Z</time><extensions><speed>1.305019</speed><course>17.147892</course><hAcc>0.929850</hAcc><vAcc>0.685104</vAcc></extensions></trkpt>
      <trkpt lon="-123.329896" lat="44.623647"><ele>326.161224</ele><time>2021-01-17T20:36:05Z</time><extensions><speed>1.316808</speed><course>31.532578</course><hAcc>0.929654</hAcc><vAcc>0.684903</vAcc></extensions></trkpt>
      <trkpt lon="-123.329889" lat="44.623658"><ele>326.136047</ele><time>2021-01-17T20:36:06Z</time><extensions><speed>1.329922</speed><course>35.581898</course><hAcc>0.929552</hAcc><vAcc>0.684797</vAcc></extensions></trkpt>
      <trkpt lon="-123.329882" lat="44.623669"><ele>326.113922</ele><time>2021-01-17T20:36:07Z</time><extensions><speed>1.343646</speed><course>28.301899</course><hAcc>0.929553</hAcc><vAcc>0.684798</vAcc></extensions></trkpt>
      <trkpt lon="-123.329875" lat="44.623680"><ele>326.099213</ele><time>2021-01-17T20:36:08Z</time><extensions><speed>1.358093</speed><course>26.195387</course><hAcc>0.929645</hAcc><vAcc>0.684890</vAcc></extensions></trkpt>
      <trkpt lon="-123.329868" lat="44.623691"><ele>326.096649</ele><time>2021-01-17T20:36:09Z</time><extensions><speed>1.374002</speed><course>18.815359</course><hAcc>0.929794</hAcc><vAcc>0.685041</vAcc></extensions></trkpt>
      <trkpt lon="-123.329860" lat="44.623702"><ele>326.110046</ele><time>2021-01-17T20:36:10Z</time><extensions><speed>1.391300</speed><course>12.469354</course><hAcc>0.929961</hAcc><vAcc>0.685212</vAcc></extensions></trkpt>
      <trkpt lon="-123.329852" lat="44.623713"><ele>326.141388</ele><time>2021-01-17T20:36:11Z</time><extensions><speed>1.408903</speed><course>19.416134</course><hAcc>0.930120</hAcc><vAcc>0.685374</vAcc></extensions></trkpt>
      <trkpt lon="-123.329844" lat="44.623725"><ele>326.190125</ele><time>2021-01-17T20:36:12Z</time><extensions><speed>1.425009</speed><course>30.052809</course><hAcc>0.930255</hAcc><vAcc>0.685513</vAcc></extensions></trkpt>
      <trkpt lon="-123.329836" lat="44.623736"><ele>326.254395</ele><time>2021-01-17T20:36:13Z</time><extensions><speed>1.437368</speed><course>28.526287</course><hAcc>0.930357</hAcc><vAcc>0.685617</vAcc></extensions></trkpt>
      <trkpt lon="-123.329828" lat="44.623748"><ele>326.332916</ele><time>2021-01-17T20:36:14Z</time><extensions><speed>1.444945</speed><course>19.521339</course><hAcc>0.930418</hAcc><vAcc>0.685681</vAcc></extensions></trkpt>
      <trkpt lon="-123.329819" lat="44.623759"><ele>326.424530</ele><time>2021-01-17T20:36:15Z</time><extensions><speed>1.448953</speed><course>27.081421</course><hAcc>0.930435</hAcc><vAcc>0.685699</vAcc></extensions></trkpt>
      <trkpt lon="-123.329811" lat="44.623771"><ele>326.526947</ele><time>2021-01-17T20:36:16Z</time><extensions><speed>1.451227</speed><course>27.560923</course><hAcc>0.930405</hAcc><vAcc>0.685670</vAcc></extensions></trkpt>
      <trkpt lon="-123.329802" lat="44.623782"><ele>326.636841</ele><time>2021-01-17T20:36:17Z</time><extensions><speed>1.453160</speed><course>30.123951</course><hAcc>0.930335</hAcc><vAcc>0.685600</vAcc></extensions></trkpt>
      <trkpt lon="-123.329793" lat="44.623794"><ele>326.751862</ele><time>2021-01-17T20:36:18Z</time><extensions><speed>1.455533</speed><course>30.031998</course><hAcc>0.930241</hAcc><vAcc>0.685504</vAcc></extensions></trkpt>
      <trkpt lon="-123.329785" lat="44.623806"><ele>326.870544</ele><time>2021-01-17T20:36:19Z</time><extensions><speed>1.458807</speed><course>33.442776</course><hAcc>0.930147</hAcc><vAcc>0.685409</vAcc></extensions></trkpt>
      <trkpt lon="-123.329776" lat="44.623817"><ele>326.991455</ele><time>2021-01-17T20:36:20Z</time><extensions><speed>1.463593</speed><course>39.680027</course><hAcc>0.930082</hAcc><vAcc>0.685344</vAcc></extensions></trkpt>
      <trkpt lon="-123.329768" lat="44.623829"><ele>327.113525</ele><time>2021-01-17T20:36:21Z</time><extensions><speed>1.469388</speed><course>26.502777</course><hAcc>0.930066</hAcc><vAcc>0.685329</vAcc></extensions></trkpt>
      <trkpt lon="-123.329759" lat="44.623841"><ele>327.236786</ele><time>2021-01-17T20:36:22Z</time><extensions><speed>1.474941</speed><course>24.461683</course><hAcc>0.930104</hAcc><vAcc>0.685368</vAcc></extensions></trkpt>
      <trkpt lon="-123.329751" lat="44.623853"><ele>327.362030</ele><time>2021-01-17T20:36:23Z</time><extensions><speed>1.479245</speed><course>24.747103</course><hAcc>0.930187</hAcc><vAcc>0.685453</vAcc></extensions></trkpt>
      <trkpt lon="-123.329742" lat="44.623864"><ele>327.489502</ele><time>2021-01-17T20:36:24Z</time><extensions><speed>1.481305</speed><course>28.573185</course><hAcc>0.930300</hAcc><vAcc>0.685568</vAcc></extensions></trkpt>
      <trkpt lon="-123.329734" lat="44.623876"><ele>327.618774</ele><time>2021-01-17T20:36:25Z</time><extensions><speed>1.481115</speed><course>28.943258</course><hAcc>0.930423</hAcc><vAcc>0.685694</vAcc></extensions></trkpt>
      <trkpt lon="-123.329726" lat="44.623888"><ele>327.749512</ele><time>2021-01-17T20:36:26Z</time><extensions><speed>1.479079</speed><course>19.922220</course><hAcc>0.930539</hAcc><vAcc>0.685812</vAcc></extensions></trkpt>
      <trkpt lon="-123.329718" lat="44.623900"><ele>327.881897</ele><time>2021-01-17T20:36:27Z</time><extensions><speed>1.474551</speed><course>24.495029</course><hAcc>0.930632</hAcc><vAcc>0.685908</vAcc></extensions></trkpt>
      <trkpt lon="-123.329710" lat="44.623912"><ele>328.015808</ele><time>2021-01-17T20:36:28Z</time><extensions><speed>1.467086</speed><course>24.165226</course><hAcc>0.930695</hAcc><vAcc>0.685972</vAcc></extensions></trkpt>
      <trkpt lon="-123.329702" lat="44.623924"><ele>328.150085</ele><time>2021-01-17T20:36:29Z</time><extensions><speed>1.456567</speed><course>18.330780</course><hAcc>0.930723</hAcc><vAcc>0.686001</vAcc></extensions></trkpt>
      <trkpt lon="-123.329694" lat="44.623936"><ele>328.282562</ele><time>2021-01-17T20:36:30Z</time><extensions><speed>1.443225</speed><course>19.745077</course><hAcc>0.930714</hAcc><vAcc>0.685993</vAcc></extensions></trkpt>
      <trkpt lon="-123.329687" lat="44.623948"><ele>328.411255</ele><time>2021-01-17T20:36:31Z</time><extensions><speed>1.427469</speed><course>23.058521</course><hAcc>0.930670</hAcc><vAcc>0.685948</vAcc></extensions></trkpt>
      <trkpt lon="-123.329679" lat="44.623959"><ele>328.534943</ele><time>2021-01-17T20:36:32Z</time><extensions><speed>1.409816</speed><course>20.806734</course><hAcc>0.930598</hAcc><vAcc>0.685874</vAcc></extensions></trkpt>
      <trkpt lon="-123.329672" lat="44.623971"><ele>328.652435</ele><time>2021-01-17T20:36:33Z</time><extensions><speed>1.390954</speed><course>26.907120</course><hAcc>0.930509</hAcc><vAcc>0.685783</vAcc></extensions></trkpt>
      <trkpt lon="-123.329665" lat="44.623982"><ele>328.762512</ele><time>2021-01-17T20:36:34Z</time><extensions><speed>1.371630</speed><course>28.182234</course><hAcc>0.930414</hAcc><vAcc>0.685686</vAcc></extensions></trkpt>
      <trkpt lon="-123.329657" lat="44.623993"><ele>328.864105</ele><time>2021-01-17T20:36:35Z</time><extensions><speed>1.352603</speed><course>25.830233</course><hAcc>0.930322</hAcc><vAcc>0.685591</vAcc></extensions></trkpt>
      <trkpt lon="-123.329650" lat="44.624004"><ele>328.956635</ele><time>2021-01-17T20:36:36Z</time><extensions><speed>1.334453</speed><course>22.496778</course><hAcc>0.930239</hAcc><vAcc>0.685506</vAcc></extensions></trkpt>
      <trkpt lon="-123.329643" lat="44.624015"><ele>329.039948</ele><time>2021-01-17T20:36:37Z</time><extensions><speed>1.317466</speed><course>20.800102</course><hAcc>0.930173</hAcc><vAcc>0.685436</vAcc></extensions></trkpt>
      <trkpt lon="-123.329636" lat="44.624026"><ele>329.114227</ele><time>2021-01-17T20:36:38Z</time><extensions><speed>1.301467</speed><course>26.456032</course><hAcc>0.930120</hAcc><vAcc>0.685381</vAcc></extensions></trkpt>
      <trkpt lon="-123.329629" lat="44.624036"><ele>329.179535</ele><time>2021-01-17T20:36:39Z</time><extensions><speed>1.286620</speed><course>34.305340</course><hAcc>0.930075</hAcc><vAcc>0.685332</vAcc></extensions></trkpt>
      <trkpt lon="-123.329622" lat="44.624047"><ele>329.235840</ele><time>2021-01-17T20:36:40Z</time><extensions><speed>1.273100</speed><course>34.704456</course><hAcc>0.930026</hAcc><vAcc>0.685279</vAcc></extensions></trkpt>
      <trkpt lon="-123.329615" lat="44.624057"><ele>329.283783</ele><time>2021-01-17T20:36:41Z</time><extensions><speed>1.261140</speed><course>25.340044</course><hAcc>0.929958</hAcc><vAcc>0.685207</vAcc></extensions></trkpt>
      <trkpt lon="-123.329608" lat="44.624067"><ele>329.324890</ele><time>2021-01-17T20:36:42Z</time><extensions><speed>1.251225</speed><course>30.304461</course><hAcc>0.929863</hAcc><vAcc>0.685108</vAcc></extensions></trkpt>
      <trkpt lon="-123.329601" lat="44.624077"><ele>329.360809</ele><time>2021-01-17T20:36:43Z</time><extensions><speed>1.243746</speed><course>36.163860</course><hAcc>0.929737</hAcc><vAcc>0.684977</vAcc></extensions></trkpt>
      <trkpt lon="-123.329593" lat="44.624086"><ele>329.393524</ele><time>2021-01-17T20:36:44Z</time><extensions><speed>1.239585</speed><course>32.464245</course><hAcc>0.929584</hAcc><vAcc>0.684820</vAcc></extensions></trkpt>
      <trkpt lon="-123.329585" lat="44.624096"><ele>329.424927</ele><time>2021-01-17T20:36:45Z</time><extensions><speed>1.239551</speed><course>27.604635</course><hAcc>0.929417</hAcc><vAcc>0.684649</vAcc></extensions></trkpt>
      <trkpt lon="-123.329576" lat="44.624105"><ele>329.456085</ele><time>2021-01-17T20:36:46Z</time><extensions><speed>1.243698</speed><course>28.173786</course><hAcc>0.929256</hAcc><vAcc>0.684483</vAcc></extensions></trkpt>
      <trkpt lon="-123.329567" lat="44.624115"><ele>329.486969</ele><time>2021-01-17T20:36:47Z</time><extensions><speed>1.251851</speed><course>31.472872</course><hAcc>0.929120</hAcc><vAcc>0.684344</vAcc></extensions></trkpt>
      <trkpt lon="-123.329558" lat="44.624124"><ele>329.516907</ele><time>2021-01-17T20:36:48Z</time><extensions><speed>1.263674</speed><course>35.662533</course><hAcc>0.929025</hAcc><vAcc>0.684248</vAcc></extensions></trkpt>
      <trkpt lon="-123.329548" lat="44.624133"><ele>329.545349</ele><time>2021-01-17T20:36:49Z</time><extensions><speed>1.278558</speed><course>40.345245</course><hAcc>0.928986</hAcc><vAcc>0.684208</vAcc></extensions></trkpt>
      <trkpt lon="-123.329537" lat="44.624141"><ele>329.571533</ele><time>2021-01-17T20:36:50Z</time><extensions><speed>1.295265</speed><course>45.729740</course><hAcc>0.929012</hAcc><vAcc>0.684235</vAcc></extensions></trkpt>
      <trkpt lon="-123.329526" lat="44.624150"><ele>329.594269</ele><time>2021-01-17T20:36:51Z</time><extensions><speed>1.312951</speed><course>39.942497</course><hAcc>0.929106</hAcc><vAcc>0.684332</vAcc></extensions></trkpt>
      <trkpt lon="-123.329514" lat="44.624158"><ele>329.612244</ele><time>2021-01-17T20:36:52Z</time><extensions><speed>1.330817</speed><course>41.349533</course><hAcc>0.929262</hAcc><vAcc>0.684493</vAcc></extensions></trkpt>
      <trkpt lon="-123.329502" lat="44.624167"><ele>329.624878</ele><time>2021-01-17T20:36:53Z</time><extensions><speed>1.347241</speed><course>45.793007</course><hAcc>0.929464</hAcc><vAcc>0.684701</vAcc></extensions></trkpt>
      <trkpt lon="-123.329490" lat="44.624175"><ele>329.632233</ele><time>2021-01-17T20:36:54Z</time><extensions><speed>1.361115</speed><course>46.703438</course><hAcc>0.929689</hAcc><vAcc>0.684933</vAcc></extensions></trkpt>
      <trkpt lon="-123.329477" lat="44.624183"><ele>329.634308</ele><time>2021-01-17T20:36:55Z</time><extensions><speed>1.371751</speed><course>41.765720</course><hAcc>0.929916</hAcc><vAcc>0.685167</vAcc></extensions></trkpt>
      <trkpt lon="-123.329464" lat="44.624191"><ele>329.630524</ele><time>2021-01-17T20:36:56Z</time><extensions><speed>1.378341</speed><course>42.356987</course><hAcc>0.930128</hAcc><vAcc>0.685386</vAcc></extensions></trkpt>
      <trkpt lon="-123.329450" lat="44.624199"><ele>329.619629</ele><time>2021-01-17T20:36:57Z</time><extensions><speed>1.380408</speed><course>45.503456</course><hAcc>0.930319</hAcc><vAcc>0.685584</vAcc></extensions></trkpt>
      <trkpt lon="-123.329437" lat="44.624207"><ele>329.601013</ele><time>2021-01-17T20:36:58Z</time><extensions><speed>1.378065</speed><course>62.361267</course><hAcc>0.930487</hAcc><vAcc>0.685759</vAcc></extensions></trkpt>
      <trkpt lon="-123.329424" lat="44.624215"><ele>329.575409</ele><time>2021-01-17T20:36:59Z</time><extensions><speed>1.372728</speed><course>54.777225</course><hAcc>0.930632</hAcc><vAcc>0.685910</vAcc></extensions></trkpt>
      <trkpt lon="-123.329410" lat="44.624223"><ele>329.544586</ele><time>2021-01-17T20:37:00Z</time><extensions><speed>1.365723</speed><course>53.724545</course><hAcc>0.930753</hAcc><vAcc>0.686036</vAcc></extensions></trkpt>
      <trkpt lon="-123.329397" lat="44.624231"><ele>329.510315</ele><time>2021-01-17T20:37:01Z</time><extensions><speed>1.357567</speed><course>57.848782</course><hAcc>0.930851</hAcc><vAcc>0.686138</vAcc></extensions></trkpt>
      <trkpt lon="-123.329384" lat="44.624238"><ele>329.473724</ele><time>2021-01-17T20:37:02Z</time><extensions><speed>1.349335</speed><course>52.067940</course><hAcc>0.930923</hAcc><vAcc>0.686214</vAcc></extensions></trkpt>
      <trkpt lon="-123.329371" lat="44.624246"><ele>329.435364</ele><time>2021-01-17T20:37:03Z</time><extensions><speed>1.341546</speed><course>56.451378</course><hAcc>0.930969</hAcc><vAcc>0.686261</vAcc></extensions></trkpt>
      <trkpt lon="-123.329358" lat="44.624254"><ele>329.395538</ele><time>2021-01-17T20:37:04Z</time><extensions><speed>1.334781</speed><course>43.876755</course><hAcc>0.930987</hAcc><vAcc>0.686280</vAcc></extensions></trkpt>
      <trkpt lon="-123.329346" lat="44.624262"><ele>329.354889</ele><time>2021-01-17T20:37:05Z</time><extensions><speed>1.329342</speed><course>44.462769</course><hAcc>0.930978</hAcc><vAcc>0.686271</vAcc></extensions></trkpt>
      <trkpt lon="-123.329333" lat="44.624270"><ele>329.314209</ele><time>2021-01-17T20:37:06Z</time><extensions><speed>1.324828</speed><course>38.001545</course><hAcc>0.930943</hAcc><vAcc>0.686234</vAcc></extensions></trkpt>
      <trkpt lon="-123.329321" lat="44.624278"><ele>329.274170</ele><time>2021-01-17T20:37:07Z</time><extensions><speed>1.321425</speed><course>39.248142</course><hAcc>0.930877</hAcc><vAcc>0.686165</vAcc></extensions></trkpt>
      <trkpt lon="-123.329309" lat="44.624286"><ele>329.235260</ele><time>2021-01-17T20:37:08Z</time><extensions><speed>1.319073</speed><course>51.223396</course><hAcc>0.930776</hAcc><vAcc>0.686059</vAcc></extensions></trkpt>
      <trkpt lon="-123.329296" lat="44.624294"><ele>329.198578</ele><time>2021-01-17T20:37:09Z</time><extensions><speed>1.317482</speed><course>50.453484</course><hAcc>0.930635</hAcc><vAcc>0.685911</vAcc></extensions></trkpt>
      <trkpt lon="-123.329284" lat="44.624302"><ele>329.166046</ele><time>2021-01-17T20:37:10Z</time><extensions><speed>1.316552</speed><course>43.297646</course><hAcc>0.930450</hAcc><vAcc>0.685718</vAcc></extensions></trkpt>
      <trkpt lon="-123.329272" lat="44.624310"><ele>329.139618</ele><time>2021-01-17T20:37:11Z</time><extensions><speed>1.315843</speed><course>40.888119</course><hAcc>0.930217</hAcc><vAcc>0.685475</vAcc></extensions></trkpt>
      <trkpt lon="-123.329260" lat="44.624319"><ele>329.120636</ele><time>2021-01-17T20:37:12Z</time><extensions><speed>1.314865</speed><course>35.875896</course><hAcc>0.929934</hAcc><vAcc>0.685180</vAcc></extensions></trkpt>
      <trkpt lon="-123.329249" lat="44.624327"><ele>329.109497</ele><time>2021-01-17T20:37:13Z</time><extensions><speed>1.313445</speed><course>37.345787</course><hAcc>0.929602</hAcc><vAcc>0.684835</vAcc></extensions></trkpt>
      <trkpt lon="-123.329237" lat="44.624335"><ele>329.105560</ele><time>2021-01-17T20:37:14Z</time><extensions><speed>1.311757</speed><course>39.612804</course><hAcc>0.929222</hAcc><vAcc>0.684439</vAcc></extensions></trkpt>
      <trkpt lon="-123.329225" lat="44.624344"><ele>329.107452</ele><time>2021-01-17T20:37:15Z</time><extensions><speed>1.310600</speed><course>41.542622</course><hAcc>0.928799</hAcc><vAcc>0.684000</vAcc></extensions></trkpt>
      <trkpt lon="-123.329213" lat="44.624352"><ele>329.113434</ele><time>2021-01-17T20:37:16Z</time><extensions><speed>1.310584</speed><course>34.632797</course><hAcc>0.928341</hAcc><vAcc>0.683524</vAcc></extensions></trkpt>
      <trkpt lon="-123.329201" lat="44.624360"><ele>329.121643</ele><time>2021-01-17T20:37:17Z</time><extensions><speed>1.311523</speed><course>42.992928</course><hAcc>0.927859</hAcc><vAcc>0.683024</vAcc></extensions></trkpt>
      <trkpt lon="-123.329190" lat="44.624368"><ele>329.130951</ele><time>2021-01-17T20:37:18Z</time><extensions><speed>1.313591</speed><course>45.829067</course><hAcc>0.927363</hAcc><vAcc>0.682507</vAcc></extensions></trkpt>
      <trkpt lon="-123.329178" lat="44.624376"><ele>329.141724</ele><time>2021-01-17T20:37:19Z</time><extensions><speed>1.317118</speed><course>52.983418</course><hAcc>0.926860</hAcc><vAcc>0.681984</vAcc></extensions></trkpt>
      <trkpt lon="-123.329166" lat="44.624385"><ele>329.154602</ele><time>2021-01-17T20:37:20Z</time><extensions><speed>1.322085</speed><course>48.002201</course><hAcc>0.926357</hAcc><vAcc>0.681461</vAcc></extensions></trkpt>
      <trkpt lon="-123.329153" lat="44.624393"><ele>329.169403</ele><time>2021-01-17T20:37:21Z</time><extensions><speed>1.328777</speed><course>44.056297</course><hAcc>0.925861</hAcc><vAcc>0.680943</vAcc></extensions></trkpt>
      <trkpt lon="-123.329141" lat="44.624401"><ele>329.185944</ele><time>2021-01-17T20:37:22Z</time><extensions><speed>1.337733</speed><course>42.504623</course><hAcc>0.925376</hAcc><vAcc>0.680438</vAcc></extensions></trkpt>
      <trkpt lon="-123.329129" lat="44.624409"><ele>329.204681</ele><time>2021-01-17T20:37:23Z</time><extensions><speed>1.349320</speed><course>38.846031</course><hAcc>0.924909</hAcc><vAcc>0.679951</vAcc></extensions></trkpt>
      <trkpt lon="-123.329116" lat="44.624417"><ele>329.227356</ele><time>2021-01-17T20:37:24Z</time><extensions><speed>1.363184</speed><course>52.094467</course><hAcc>0.924463</hAcc><vAcc>0.679485</vAcc></extensions></trkpt>
      <trkpt lon="-123.329103" lat="44.624425"><ele>329.256042</ele><time>2021-01-17T20:37:25Z</time><extensions><speed>1.377961</speed><course>46.377007</course><hAcc>0.924037</hAcc><vAcc>0.679041</vAcc></extensions></trkpt>
      <trkpt lon="-123.329089" lat="44.624433"><ele>329.291107</ele><time>2021-01-17T20:37:26Z</time><extensions><speed>1.392306</speed><course>49.257904</course><hAcc>0.923625</hAcc><vAcc>0.678610</vAcc></extensions></trkpt>
      <trkpt lon="-123.329076" lat="44.624441"><ele>329.330566</ele><time>2021-01-17T20:37:27Z</time><extensions><speed>1.405753</speed><course>50.439751</course><hAcc>0.923217</hAcc><vAcc>0.678185</vAcc></extensions></trkpt>
      <trkpt lon="-123.329062" lat="44.624450"><ele>329.371246</ele><time>2021-01-17T20:37:28Z</time><extensions><speed>1.418448</speed><course>54.901779</course><hAcc>0.922807</hAcc><vAcc>0.677759</vAcc></extensions></trkpt>
      <trkpt lon="-123.329048" lat="44.624458"><ele>329.409729</ele><time>2021-01-17T20:37:29Z</time><extensions><speed>1.430247</speed><course>52.191097</course><hAcc>0.922402</hAcc><vAcc>0.677340</vAcc></extensions></trkpt>
      <trkpt lon="-123.329034" lat="44.624466"><ele>329.443207</ele><time>2021-01-17T20:37:30Z</time><extensions><speed>1.440748</speed><course>49.760078</course><hAcc>0.922022</hAcc><vAcc>0.676949</vAcc></extensions></trkpt>
      <trkpt lon="-123.329020" lat="44.624474"><ele>329.469666</ele><time>2021-01-17T20:37:30Z</time><extensions><speed>1.449451</speed><course>48.571018</course><hAcc>0.921717</hAcc><vAcc>0.676631</vAcc></extensions></trkpt>
      <trkpt lon="-123.329005" lat="44.624481"><ele>329.487488</ele><time>2021-01-17T20:37:31Z</time><extensions><speed>1.456318</speed><course>42.058548</course><hAcc>0.921524</hAcc><vAcc>0.676423</vAcc></extensions></trkpt>
      <trkpt lon="-123.328990" lat="44.624489"><ele>329.495087</ele><time>2021-01-17T20:37:32Z</time><extensions><speed>1.461361</speed><course>45.460949</course><hAcc>0.921448</hAcc><vAcc>0.676337</vAcc></extensions></trkpt>
      <trkpt lon="-123.328976" lat="44.624497"><ele>329.492188</ele><time>2021-01-17T20:37:33Z</time><extensions><speed>1.464461</speed><course>48.930271</course><hAcc>0.921489</hAcc><vAcc>0.676373</vAcc></extensions></trkpt>
      <trkpt lon="-123.328961" lat="44.624505"><ele>329.480377</ele><time>2021-01-17T20:37:34Z</time><extensions><speed>1.465418</speed><course>63.870991</course><hAcc>0.921628</hAcc><vAcc>0.676512</vAcc></extensions></trkpt>
      <trkpt lon="-123.328946" lat="44.624513"><ele>329.462677</ele><time>2021-01-17T20:37:35Z</time><extensions><speed>1.464014</speed><course>69.008987</course><hAcc>0.921841</hAcc><vAcc>0.676727</vAcc></extensions></trkpt>
      <trkpt lon="-123.328931" lat="44.624520"><ele>329.442261</ele><time>2021-01-17T20:37:36Z</time><extensions><speed>1.460101</speed><course>60.448849</course><hAcc>0.922103</hAcc><vAcc>0.676995</vAcc></extensions></trkpt>
      <trkpt lon="-123.328916" lat="44.624528"><ele>329.421844</ele><time>2021-01-17T20:37:38Z</time><extensions><speed>1.453211</speed><course>52.620461</course><hAcc>0.922389</hAcc><vAcc>0.677294</vAcc></extensions></trkpt>
      <trkpt lon="-123.328901" lat="44.624536"><ele>329.415070</ele><time>2021-01-17T20:37:39Z</time><extensions><speed>1.443243</speed><course>10.993678</course><hAcc>0.922661</hAcc><vAcc>0.677583</vAcc></extensions></trkpt>
      <trkpt lon="-123.328886" lat="44.624543"><ele>329.402405</ele><time>2021-01-17T20:37:40Z</time><extensions><speed>1.430763</speed><course>337.912598</course><hAcc>0.922996</hAcc><vAcc>0.677936</vAcc></extensions></trkpt>
      <trkpt lon="-123.328872" lat="44.624551"><ele>329.396271</ele><time>2021-01-17T20:37:41Z</time><extensions><speed>1.416558</speed><course>328.787323</course><hAcc>0.923401</hAcc><vAcc>0.678363</vAcc></extensions></trkpt>
      <trkpt lon="-123.328857" lat="44.624558"><ele>329.396423</ele><time>2021-01-17T20:37:42Z</time><extensions><speed>1.400770</speed><course>323.342255</course><hAcc>0.923885</hAcc><vAcc>0.678872</vAcc></extensions></trkpt>
      <trkpt lon="-123.328843" lat="44.624565"><ele>329.400848</ele><time>2021-01-17T20:37:43Z</time><extensions><speed>1.383878</speed><course>329.981110</course><hAcc>0.924449</hAcc><vAcc>0.679463</vAcc></extensions></trkpt>
      <trkpt lon="-123.328828" lat="44.624572"><ele>329.406891</ele><time>2021-01-17T20:37:44Z</time><extensions><speed>1.366753</speed><course>318.782928</course><hAcc>0.925084</hAcc><vAcc>0.680126</vAcc></extensions></trkpt>
      <trkpt lon="-123.328814" lat="44.624579"><ele>329.412842</ele><time>2021-01-17T20:37:45Z</time><extensions><speed>1.350412</speed><course>320.262054</course><hAcc>0.925774</hAcc><vAcc>0.680846</vAcc></extensions></trkpt>
      <trkpt lon="-123.328800" lat="44.624586"><ele>329.418365</ele><time>2021-01-17T20:37:46Z</time><extensions><speed>1.335842</speed><course>303.152191</course><hAcc>0.926497</hAcc><vAcc>0.681600</vAcc></extensions></trkpt>
      <trkpt lon="-123.328786" lat="44.624592"><ele>329.424194</ele><time>2021-01-17T20:37:47Z</time><extensions><speed>1.324019</speed><course>327.206940</course><hAcc>0.927226</hAcc><vAcc>0.682358</vAcc></extensions></trkpt>
      <trkpt lon="-123.328773" lat="44.624599"><ele>329.430756</ele><time>2021-01-17T20:37:48Z</time><extensions><speed>1.315369</speed><course>342.358002</course><hAcc>0.927928</hAcc><vAcc>0.683088</vAcc></extensions></trkpt>
      <trkpt lon="-123.328759" lat="44.624606"><ele>329.437347</ele><time>2021-01-17T20:37:49Z</time><extensions><speed>1.309527</speed><course>334.109283</course><hAcc>0.928573</hAcc><vAcc>0.683759</vAcc></extensions></trkpt>
      <trkpt lon="-123.328745" lat="44.624612"><ele>329.442444</ele><time>2021-01-17T20:37:50Z</time><extensions><speed>1.306098</speed><course>321.846436</course><hAcc>0.929139</hAcc><vAcc>0.684349</vAcc></extensions></trkpt>
      <trkpt lon="-123.328731" lat="44.624619"><ele>329.444672</ele><time>2021-01-17T20:37:51Z</time><extensions><speed>1.304967</speed><course>331.069336</course><hAcc>0.929616</hAcc><vAcc>0.684846</vAcc></extensions></trkpt>
      <trkpt lon="-123.328718" lat="44.624625"><ele>329.443604</ele><time>2021-01-17T20:37:52Z</time><extensions><speed>1.305830</speed><course>349.652222</course><hAcc>0.930002</hAcc><vAcc>0.685250</vAcc></extensions></trkpt>
      <trkpt lon="-123.328704" lat="44.624632"><ele>329.438690</ele><time>2021-01-17T20:37:53Z</time><extensions><speed>1.308098</speed><course>346.032501</course><hAcc>0.930305</hAcc><vAcc>0.685569</vAcc></extensions></trkpt>
      <trkpt lon="-123.328690" lat="44.624638"><ele>329.428864</ele><time>2021-01-17T20:37:54Z</time><extensions><speed>1.311140</speed><course>354.997650</course><hAcc>0.930534</hAcc><vAcc>0.685811</vAcc></extensions></trkpt>
      <trkpt lon="-123.328676" lat="44.624645"><ele>329.412994</ele><time>2021-01-17T20:37:55Z</time><extensions><speed>1.314582</speed><course>356.896423</course><hAcc>0.930695</hAcc><vAcc>0.685982</vAcc></extensions></trkpt>
      <trkpt lon="-123.328663" lat="44.624651"><ele>329.390472</ele><time>2021-01-17T20:37:56Z</time><extensions><speed>1.318653</speed><course>352.744293</course><hAcc>0.930786</hAcc><vAcc>0.686081</vAcc></extensions></trkpt>
      <trkpt lon="-123.328649" lat="44.624658"><ele>329.362061</ele><time>2021-01-17T20:37:57Z</time><extensions><speed>1.323575</speed><course>353.728302</course><hAcc>0.930808</hAcc><vAcc>0.686110</vAcc></extensions></trkpt>
      <trkpt lon="-123.328635" lat="44.624664"><ele>329.328979</ele><time>2021-01-17T20:37:57Z</time><extensions><speed>1.329458</speed><course>344.277985</course><hAcc>0.930783</hAcc><vAcc>0.686085</vAcc></extensions></trkpt>
      <trkpt lon="-123.328621" lat="44.624671"><ele>329.291748</ele><time>2021-01-17T20:37:58Z</time><extensions><speed>1.336282</speed><course>339.324097</course><hAcc>0.930720</hAcc><vAcc>0.686017</vAcc></extensions></trkpt>
      <trkpt lon="-123.328606" lat="44.624677"><ele>329.250336</ele><time>2021-01-17T20:37:59Z</time><extensions><speed>1.343726</speed><course>335.668732</course><hAcc>0.930616</hAcc><vAcc>0.685908</vAcc></extensions></trkpt>
      <trkpt lon="-123.328592" lat="44.624684"><ele>329.204926</ele><time>2021-01-17T20:38:00Z</time><extensions><speed>1.351484</speed><course>19.137600</course><hAcc>0.930492</hAcc><vAcc>0.685778</vAcc></extensions></trkpt>
      <trkpt lon="-123.328577" lat="44.624690"><ele>329.156342</ele><time>2021-01-17T20:38:01Z</time><extensions><speed>1.358501</speed><course>15.162264</course><hAcc>0.930365</hAcc><vAcc>0.685646</vAcc></extensions></trkpt>
      <trkpt lon="-123.328563" lat="44.624696"><ele>329.106140</ele><time>2021-01-17T20:38:02Z</time><extensions><speed>1.364069</speed><course>340.365265</course><hAcc>0.930252</hAcc><vAcc>0.685528</vAcc></extensions></trkpt>
      <trkpt lon="-123.328548" lat="44.624703"><ele>329.056519</ele><time>2021-01-17T20:38:03Z</time><extensions><speed>1.368477</speed><course>323.631226</course><hAcc>0.930163</hAcc><vAcc>0.685436</vAcc></extensions></trkpt>
      <trkpt lon="-123.328533" lat="44.624709"><ele>329.009796</ele><time>2021-01-17T20:38:04Z</time><extensions><speed>1.372061</speed><course>325.111572</course><hAcc>0.930100</hAcc><vAcc>0.685370</vAcc></extensions></trkpt>
      <trkpt lon="-123.328518" lat="44.624715"><ele>328.967224</ele><time>2021-01-17T20:38:05Z</time><extensions><speed>1.375193</speed><course>325.753937</course><hAcc>0.930062</hAcc><vAcc>0.685331</vAcc></extensions></trkpt>
      <trkpt lon="-123.328503" lat="44.624721"><ele>328.929077</ele><time>2021-01-17T20:38:06Z</time><extensions><speed>1.378293</speed><course>347.040100</course><hAcc>0.930057</hAcc><vAcc>0.685326</vAcc></extensions></trkpt>
      <trkpt lon="-123.328488" lat="44.624727"><ele>328.895569</ele><time>2021-01-17T20:38:07Z</time><extensions><speed>1.381927</speed><course>336.479706</course><hAcc>0.930096</hAcc><vAcc>0.685367</vAcc></extensions></trkpt>
      <trkpt lon="-123.328473" lat="44.624734"><ele>328.868378</ele><time>2021-01-17T20:38:08Z</time><extensions><speed>1.386593</speed><course>334.665253</course><hAcc>0.930185</hAcc><vAcc>0.685459</vAcc></extensions></trkpt>
      <trkpt lon="-123.328458" lat="44.624740"><ele>328.850586</ele><time>2021-01-17T20:38:09Z</time><extensions><speed>1.392593</speed><course>346.298676</course><hAcc>0.930324</hAcc><vAcc>0.685603</vAcc></extensions></trkpt>
      <trkpt lon="-123.328442" lat="44.624746"><ele>328.845428</ele><time>2021-01-17T20:38:10Z</time><extensions><speed>1.399973</speed><course>351.344086</course><hAcc>0.930511</hAcc><vAcc>0.685795</vAcc></extensions></trkpt>
      <trkpt lon="-123.328427" lat="44.624753"><ele>328.855286</ele><time>2021-01-17T20:38:11Z</time><extensions><speed>1.408198</speed><course>345.695251</course><hAcc>0.930733</hAcc><vAcc>0.686023</vAcc></extensions></trkpt>
      <trkpt lon="-123.328412" lat="44.624759"><ele>328.881042</ele><time>2021-01-17T20:38:12Z</time><extensions><speed>1.416849</speed><course>345.756622</course><hAcc>0.930965</hAcc><vAcc>0.686261</vAcc></extensions></trkpt>
      <trkpt lon="-123.328396" lat="44.624766"><ele>328.921295</ele><time>2021-01-17T20:38:13Z</time><extensions><speed>1.425924</speed><course>310.426880</course><hAcc>0.931176</hAcc><vAcc>0.686477</vAcc></extensions></trkpt>
      <trkpt lon="-123.328381" lat="44.624772"><ele>328.972656</ele><time>2021-01-17T20:38:14Z</time><extensions><speed>1.434658</speed><course>323.068207</course><hAcc>0.931337</hAcc><vAcc>0.686642</vAcc></extensions></trkpt>
      <trkpt lon="-123.328366" lat="44.624779"><ele>329.031372</ele><time>2021-01-17T20:38:15Z</time><extensions><speed>1.441713</speed><course>323.640228</course><hAcc>0.931435</hAcc><vAcc>0.686741</vAcc></extensions></trkpt>
      <trkpt lon="-123.328350" lat="44.624786"><ele>329.094543</ele><time>2021-01-17T20:38:16Z</time><extensions><speed>1.446540</speed><course>324.375031</course><hAcc>0.931461</hAcc><vAcc>0.686767</vAcc></extensions></trkpt>
      <trkpt lon="-123.328335" lat="44.624793"><ele>329.159668</ele><time>2021-01-17T20:38:17Z</time><extensions><speed>1.448667</speed><course>330.056274</course><hAcc>0.931411</hAcc><vAcc>0.686713</vAcc></extensions></trkpt>
      <trkpt lon="-123.328319" lat="44.624800"><ele>329.224976</ele><time>2021-01-17T20:38:18Z</time><extensions><speed>1.447811</speed><course>334.289490</course><hAcc>0.931273</hAcc><vAcc>0.686569</vAcc></extensions></trkpt>
      <trkpt lon="-123.328304" lat="44.624807"><ele>329.289490</ele><time>2021-01-17T20:38:19Z</time><extensions><speed>1.444646</speed><course>317.251068</course><hAcc>0.931039</hAcc><vAcc>0.686326</vAcc></extensions></trkpt>
      <trkpt lon="-123.328289" lat="44.624814"><ele>329.352325</ele><time>2021-01-17T20:38:20Z</time><extensions><speed>1.440168</speed><course>314.664612</course><hAcc>0.930706</hAcc><vAcc>0.685981</vAcc></extensions></trkpt>
      <trkpt lon="-123.328274" lat="44.624822"><ele>329.412201</ele><time>2021-01-17T20:38:21Z</time><extensions><speed>1.435240</speed><course>299.662872</course><hAcc>0.930283</hAcc><vAcc>0.685545</vAcc></extensions></trkpt>
      <trkpt lon="-123.328259" lat="44.624829"><ele>329.467773</ele><time>2021-01-17T20:38:22Z</time><extensions><speed>1.430434</speed><course>301.210419</course><hAcc>0.929796</hAcc><vAcc>0.685044</vAcc></extensions></trkpt>
      <trkpt lon="-123.328245" lat="44.624836"><ele>329.517944</ele><time>2021-01-17T20:38:23Z</time><extensions><speed>1.426482</speed><course>317.702026</course><hAcc>0.929286</hAcc><vAcc>0.684518</vAcc></extensions></trkpt>
      <trkpt lon="-123.328230" lat="44.624844"><ele>329.562866</ele><time>2021-01-17T20:38:24Z</time><extensions><speed>1.424537</speed><course>324.278687</course><hAcc>0.928799</hAcc><vAcc>0.684018</vAcc></extensions></trkpt>
      <trkpt lon="-123.328215" lat="44.624851"><ele>329.604492</ele><time>2021-01-17T20:38:25Z</time><extensions><speed>1.425302</speed><course>326.223267</course><hAcc>0.928388</hAcc><vAcc>0.683593</vAcc></extensions></trkpt>
      <trkpt lon="-123.328201" lat="44.624859"><ele>329.645935</ele><time>2021-01-17T20:38:26Z</time><extensions><speed>1.428842</speed><course>355.735809</course><hAcc>0.928091</hAcc><vAcc>0.683286</vAcc></extensions></trkpt>
      <trkpt lon="-123.328186" lat="44.624867"><ele>329.690216</ele><time>2021-01-17T20:38:27Z</time><extensions><speed>1.435074</speed><course>343.750488</course><hAcc>0.927931</hAcc><vAcc>0.683120</vAcc></extensions></trkpt>
      <trkpt lon="-123.328172" lat="44.624874"><ele>329.739014</ele><time>2021-01-17T20:38:28Z</time><extensions><speed>1.443206</speed><course>323.864716</course><hAcc>0.927907</hAcc><vAcc>0.683094</vAcc></extensions></trkpt>
      <trkpt lon="-123.328157" lat="44.624882"><ele>329.792633</ele><time>2021-01-17T20:38:29Z</time><extensions><speed>1.451995</speed><course>318.080750</course><hAcc>0.927998</hAcc><vAcc>0.683185</vAcc></extensions></trkpt>
      <trkpt lon="-123.328143" lat="44.624890"><ele>329.850739</ele><time>2021-01-17T20:38:30Z</time><extensions><speed>1.460927</speed><course>-1.000000</course><hAcc>0.928167</hAcc><vAcc>0.683356</vAcc></extensions></trkpt>
      <trkpt lon="-123.328128" lat="44.624898"><ele>329.912659</ele><time>2021-01-17T20:38:31Z</time><extensions><speed>1.469764</speed><course>331.250336</course><hAcc>0.928374</hAcc><vAcc>0.683568</vAcc></extensions></trkpt>
      <trkpt lon="-123.328114" lat="44.624907"><ele>329.977722</ele><time>2021-01-17T20:38:32Z</time><extensions><speed>1.478122</speed><course>356.449799</course><hAcc>0.928584</hAcc><vAcc>0.683784</vAcc></extensions></trkpt>
      <trkpt lon="-123.328099" lat="44.624915"><ele>330.045074</ele><time>2021-01-17T20:38:33Z</time><extensions><speed>1.485860</speed><course>358.664978</course><hAcc>0.928777</hAcc><vAcc>0.683982</vAcc></extensions></trkpt>
      <trkpt lon="-123.328084" lat="44.624923"><ele>330.113831</ele><time>2021-01-17T20:38:34Z</time><extensions><speed>1.493222</speed><course>2.871100</course><hAcc>0.928941</hAcc><vAcc>0.684153</vAcc></extensions></trkpt>
      <trkpt lon="-123.328070" lat="44.624932"><ele>330.182922</ele><time>2021-01-17T20:38:35Z</time><extensions><speed>1.500239</speed><course>359.444336</course><hAcc>0.929077</hAcc><vAcc>0.684295</vAcc></extensions></trkpt>
      <trkpt lon="-123.328055" lat="44.624940"><ele>330.250671</ele><time>2021-01-17T20:38:36Z</time><extensions><speed>1.506571</speed><course>338.232452</course><hAcc>0.929191</hAcc><vAcc>0.684415</vAcc></extensions></trkpt>
      <trkpt lon="-123.328040" lat="44.624949"><ele>330.314697</ele><time>2021-01-17T20:38:37Z</time><extensions><speed>1.511628</speed><course>334.801819</course><hAcc>0.929289</hAcc><vAcc>0.684518</vAcc></extensions></trkpt>
      <trkpt lon="-123.328025" lat="44.624957"><ele>330.372498</ele><time>2021-01-17T20:38:38Z</time><extensions><speed>1.514726</speed><course>353.071533</course><hAcc>0.929375</hAcc><vAcc>0.684608</vAcc></extensions></trkpt>
      <trkpt lon="-123.328010" lat="44.624966"><ele>330.421661</ele><time>2021-01-17T20:38:39Z</time><extensions><speed>1.516283</speed><course>352.881073</course><hAcc>0.929449</hAcc><vAcc>0.684685</vAcc></extensions></trkpt>
      <trkpt lon="-123.327996" lat="44.624974"><ele>330.459961</ele><time>2021-01-17T20:38:40Z</time><extensions><speed>1.516594</speed><course>-1.000000</course><hAcc>0.929512</hAcc><vAcc>0.684751</vAcc></extensions></trkpt>
      <trkpt lon="-123.327981" lat="44.624983"><ele>330.486206</ele><time>2021-01-17T20:38:41Z</time><extensions><speed>1.515632</speed><course>5.043619</course><hAcc>0.929562</hAcc><vAcc>0.684802</vAcc></extensions></trkpt>
      <trkpt lon="-123.327966" lat="44.624992"><ele>330.500793</ele><time>2021-01-17T20:38:42Z</time><extensions><speed>1.513690</speed><course>357.199280</course><hAcc>0.929595</hAcc><vAcc>0.684836</vAcc></extensions></trkpt>
      <trkpt lon="-123.327951" lat="44.625000"><ele>330.505341</ele><time>2021-01-17T20:38:43Z</time><extensions><speed>1.511045</speed><course>350.516754</course><hAcc>0.929605</hAcc><vAcc>0.684845</vAcc></extensions></trkpt>
      <trkpt lon="-123.327937" lat="44.625009"><ele>330.501770</ele><time>2021-01-17T20:38:44Z</time><extensions><speed>1.508339</speed><course>348.674988</course><hAcc>0.929581</hAcc><vAcc>0.684820</vAcc></extensions></trkpt>
      <trkpt lon="-123.327922" lat="44.625018"><ele>330.491486</ele><time>2021-01-17T20:38:45Z</time><extensions><speed>1.505707</speed><course>0.007853</course><hAcc>0.929515</hAcc><vAcc>0.684751</vAcc></extensions></trkpt>
      <trkpt lon="-123.327908" lat="44.625026"><ele>330.474640</ele><time>2021-01-17T20:38:46Z</time><extensions><speed>1.502604</speed><course>350.283417</course><hAcc>0.929402</hAcc><vAcc>0.684634</vAcc></extensions></trkpt>
      <trkpt lon="-123.327893" lat="44.625035"><ele>330.450531</ele><time>2021-01-17T20:38:47Z</time><extensions><speed>1.499061</speed><course>344.332672</course><hAcc>0.929248</hAcc><vAcc>0.684474</vAcc></extensions></trkpt>
      <trkpt lon="-123.327879" lat="44.625044"><ele>330.418762</ele><time>2021-01-17T20:38:48Z</time><extensions><speed>1.495026</speed><course>356.308075</course><hAcc>0.929066</hAcc><vAcc>0.684286</vAcc></extensions></trkpt>
      <trkpt lon="-123.327865" lat="44.625053"><ele>330.379822</ele><time>2021-01-17T20:38:49Z</time><extensions><speed>1.489930</speed><course>352.768433</course><hAcc>0.928874</hAcc><vAcc>0.684086</vAcc></extensions></trkpt>
      <trkpt lon="-123.327850" lat="44.625061"><ele>330.335052</ele><time>2021-01-17T20:38:50Z</time><extensions><speed>1.483612</speed><course>346.349915</course><hAcc>0.928680</hAcc><vAcc>0.683884</vAcc></extensions></trkpt>
      <trkpt lon="-123.327836" lat="44.625070"><ele>330.286163</ele><time>2021-01-17T20:38:51Z</time><extensions><speed>1.476992</speed><course>347.530029</course><hAcc>0.928485</hAcc><vAcc>0.683679</vAcc></extensions></trkpt>
      <trkpt lon="-123.327822" lat="44.625079"><ele>330.235443</ele><time>2021-01-17T20:38:52Z</time><extensions><speed>1.471172</speed><course>-1.000000</course><hAcc>0.928274</hAcc><vAcc>0.683457</vAcc></extensions></trkpt>
      <trkpt lon="-123.327808" lat="44.625087"><ele>330.185913</ele><time>2021-01-17T20:38:53Z</time><extensions><speed>1.466786</speed><course>-1.000000</course><hAcc>0.928033</hAcc><vAcc>0.683203</vAcc></extensions></trkpt>
      <trkpt lon="-123.327794" lat="44.625096"><ele>330.140594</ele><time>2021-01-17T20:38:54Z</time><extensions><speed>1.464619</speed><course>-1.000000</course><hAcc>0.927744</hAcc><vAcc>0.682900</vAcc></extensions></trkpt>
      <trkpt lon="-123.327780" lat="44.625105"><ele>330.102112</ele><time>2021-01-17T20:38:55Z</time><extensions><speed>1.465038</speed><course>-1.000000</course><hAcc>0.927396</hAcc><vAcc>0.682536</vAcc></extensions></trkpt>
      <trkpt lon="-123.327766" lat="44.625113"><ele>330.072266</ele><time>2021-01-17T20:38:56Z</time><extensions><speed>1.467614</speed><course>6.489739</course><hAcc>0.926980</hAcc><vAcc>0.682104</vAcc></extensions></trkpt>
      <trkpt lon="-123.327752" lat="44.625122"><ele>330.051880</ele><time>2021-01-17T20:38:57Z</time><extensions><speed>1.471364</speed><course>9.082311</course><hAcc>0.926500</hAcc><vAcc>0.681604</vAcc></extensions></trkpt>
      <trkpt lon="-123.327738" lat="44.625130"><ele>330.040955</ele><time>2021-01-17T20:38:58Z</time><extensions><speed>1.475395</speed><course>356.213379</course><hAcc>0.925969</hAcc><vAcc>0.681054</vAcc></extensions></trkpt>
      <trkpt lon="-123.327724" lat="44.625139"><ele>330.039093</ele><time>2021-01-17T20:38:59Z</time><extensions><speed>1.478869</speed><course>347.679657</course><hAcc>0.925419</hAcc><vAcc>0.680483</vAcc></extensions></trkpt>
      <trkpt lon="-123.327710" lat="44.625148"><ele>330.045837</ele><time>2021-01-17T20:39:00Z</time><extensions><speed>1.481081</speed><course>3.873773</course><hAcc>0.924888</hAcc><vAcc>0.679932</vAcc></extensions></trkpt>
      <trkpt lon="-123.327695" lat="44.625156"><ele>330.060669</ele><time>2021-01-17T20:39:01Z</time><extensions><speed>1.482135</speed><course>328.571198</course><hAcc>0.924419</hAcc><vAcc>0.679443</vAcc></extensions></trkpt>
      <trkpt lon="-123.327681" lat="44.625165"><ele>330.083557</ele><time>2021-01-17T20:39:02Z</time><extensions><speed>1.482332</speed><course>347.190674</course><hAcc>0.924039</hAcc><vAcc>0.679045</vAcc></extensions></trkpt>
      <trkpt lon="-123.327666" lat="44.625173"><ele>330.115601</ele><time>2021-01-17T20:39:03Z</time><extensions><speed>1.482077</speed><course>350.314697</course><hAcc>0.923752</hAcc><vAcc>0.678740</vAcc></extensions></trkpt>
      <trkpt lon="-123.327652" lat="44.625182"><ele>330.158722</ele><time>2021-01-17T20:39:04Z</time><extensions><speed>1.482048</speed><course>349.463959</course><hAcc>0.923539</hAcc><vAcc>0.678507</vAcc></extensions></trkpt>
      <trkpt lon="-123.327638" lat="44.625190"><ele>330.214966</ele><time>2021-01-17T20:39:05Z</time><extensions><speed>1.482646</speed><course>351.456116</course><hAcc>0.923359</hAcc><vAcc>0.678307</vAcc></extensions></trkpt>
      <trkpt lon="-123.327623" lat="44.625199"><ele>330.285645</ele><time>2021-01-17T20:39:07Z</time><extensions><speed>1.483897</speed><course>346.425507</course><hAcc>0.923138</hAcc><vAcc>0.678067</vAcc></extensions></trkpt>
      <trkpt lon="-123.327609" lat="44.625207"><ele>330.371033</ele><time>2021-01-17T20:39:08Z</time><extensions><speed>1.485791</speed><course>347.746063</course><hAcc>0.922812</hAcc><vAcc>0.677723</vAcc></extensions></trkpt>
      <trkpt lon="-123.327595" lat="44.625216"><ele>330.471161</ele><time>2021-01-17T20:39:09Z</time><extensions><speed>1.488127</speed><course>336.346558</course><hAcc>0.922338</hAcc><vAcc>0.677223</vAcc></extensions></trkpt>
      <trkpt lon="-123.327580" lat="44.625224"><ele>330.585388</ele><time>2021-01-17T20:39:10Z</time><extensions><speed>1.490934</speed><course>334.821472</course><hAcc>0.921666</hAcc><vAcc>0.676520</vAcc></extensions></trkpt>
      <trkpt lon="-123.327566" lat="44.625233"><ele>330.712189</ele><time>2021-01-17T20:39:11Z</time><extensions><speed>1.494411</speed><course>334.821503</course><hAcc>0.920773</hAcc><vAcc>0.675586</vAcc></extensions></trkpt>
      <trkpt lon="-123.327552" lat="44.625242"><ele>330.849426</ele><time>2021-01-17T20:39:12Z</time><extensions><speed>1.498621</speed><course>334.821503</course><hAcc>0.919665</hAcc><vAcc>0.674431</vAcc></extensions></trkpt>
      <trkpt lon="-123.327537" lat="44.625251"><ele>330.994720</ele><time>2021-01-17T20:39:13Z</time><extensions><speed>1.503998</speed><course>-1.000000</course><hAcc>0.918383</hAcc><vAcc>0.673095</vAcc></extensions></trkpt>
      <trkpt lon="-123.327523" lat="44.625260"><ele>331.145203</ele><time>2021-01-17T20:39:14Z</time><extensions><speed>1.510195</speed><course>7.699410</course><hAcc>0.916993</hAcc><vAcc>0.671647</vAcc></extensions></trkpt>
      <trkpt lon="-123.327509" lat="44.625269"><ele>331.297363</ele><time>2021-01-17T20:39:15Z</time><extensions><speed>1.515853</speed><course>8.336260</course><hAcc>0.915572</hAcc><vAcc>0.670166</vAcc></extensions></trkpt>
      <trkpt lon="-123.327494" lat="44.625278"><ele>331.447327</ele><time>2021-01-17T20:39:16Z</time><extensions><speed>1.519407</speed><course>8.558822</course><hAcc>0.914192</hAcc><vAcc>0.668726</vAcc></extensions></trkpt>
      <trkpt lon="-123.327480" lat="44.625286"><ele>331.591705</ele><time>2021-01-17T20:39:17Z</time><extensions><speed>1.519650</speed><course>349.101868</course><hAcc>0.912906</hAcc><vAcc>0.667383</vAcc></extensions></trkpt>
      <trkpt lon="-123.327465" lat="44.625295"><ele>331.728149</ele><time>2021-01-17T20:39:18Z</time><extensions><speed>1.516323</speed><course>-1.000000</course><hAcc>0.911755</hAcc><vAcc>0.666179</vAcc></extensions></trkpt>
      <trkpt lon="-123.327451" lat="44.625304"><ele>331.855713</ele><time>2021-01-17T20:39:19Z</time><extensions><speed>1.510170</speed><course>14.418791</course><hAcc>0.910778</hAcc><vAcc>0.665155</vAcc></extensions></trkpt>
      <trkpt lon="-123.327437" lat="44.625313"><ele>331.974274</ele><time>2021-01-17T20:39:20Z</time><extensions><speed>1.502132</speed><course>23.968079</course><hAcc>0.910015</hAcc><vAcc>0.664352</vAcc></extensions></trkpt>
      <trkpt lon="-123.327423" lat="44.625322"><ele>332.084015</ele><time>2021-01-17T20:39:21Z</time><extensions><speed>1.493088</speed><course>40.868187</course><hAcc>0.909500</hAcc><vAcc>0.663806</vAcc></extensions></trkpt>
      <trkpt lon="-123.327409" lat="44.625332"><ele>332.185150</ele><time>2021-01-17T20:39:22Z</time><extensions><speed>1.483973</speed><course>12.090776</course><hAcc>0.909247</hAcc><vAcc>0.663528</vAcc></extensions></trkpt>
      <trkpt lon="-123.327395" lat="44.625341"><ele>332.277557</ele><time>2021-01-17T20:39:23Z</time><extensions><speed>1.475487</speed><course>12.892334</course><hAcc>0.909235</hAcc><vAcc>0.663497</vAcc></extensions></trkpt>
      <trkpt lon="-123.327382" lat="44.625350"><ele>332.361145</ele><time>2021-01-17T20:39:24Z</time><extensions><speed>1.468235</speed><course>350.553650</course><hAcc>0.909411</hAcc><vAcc>0.663653</vAcc></extensions></trkpt>
      <trkpt lon="-123.327369" lat="44.625359"><ele>332.436340</ele><time>2021-01-17T20:39:25Z</time><extensions><speed>1.462414</speed><course>357.642975</course><hAcc>0.909685</hAcc><vAcc>0.663906</vAcc></extensions></trkpt>
      <trkpt lon="-123.327355" lat="44.625368"><ele>332.504211</ele><time>2021-01-17T20:39:26Z</time><extensions><speed>1.457157</speed><course>357.292847</course><hAcc>0.909942</hAcc><vAcc>0.664130</vAcc></extensions></trkpt>
      <trkpt lon="-123.327342" lat="44.625377"><ele>332.565521</ele><time>2021-01-17T20:39:27Z</time><extensions><speed>1.451503</speed><course>-1.000000</course><hAcc>0.910041</hAcc><vAcc>0.664183</vAcc></extensions></trkpt>
      <trkpt lon="-123.327329" lat="44.625386"><ele>332.620087</ele><time>2021-01-17T20:39:28Z</time><extensions><speed>1.445246</speed><course>20.487251</course><hAcc>0.909862</hAcc><vAcc>0.663939</vAcc></extensions></trkpt>
      <trkpt lon="-123.327316" lat="44.625395"><ele>332.666779</ele><time>2021-01-17T20:39:29Z</time><extensions><speed>1.437954</speed><course>15.378279</course><hAcc>0.909356</hAcc><vAcc>0.663349</vAcc></extensions></trkpt>
      <trkpt lon="-123.327303" lat="44.625404"><ele>332.703430</ele><time>2021-01-17T20:39:30Z</time><extensions><speed>1.429579</speed><course>4.510773</course><hAcc>0.908571</hAcc><vAcc>0.662466</vAcc></extensions></trkpt>
      <trkpt lon="-123.327290" lat="44.625413"><ele>332.727905</ele><time>2021-01-17T20:39:31Z</time><extensions><speed>1.420918</speed><course>2.804211</course><hAcc>0.907653</hAcc><vAcc>0.661445</vAcc></extensions></trkpt>
      <trkpt lon="-123.327277" lat="44.625422"><ele>332.739197</ele><time>2021-01-17T20:39:32Z</time><extensions><speed>1.413028</speed><course>350.268433</course><hAcc>0.906823</hAcc><vAcc>0.660523</vAcc></extensions></trkpt>
      <trkpt lon="-123.327264" lat="44.625431"><ele>332.737946</ele><time>2021-01-17T20:39:33Z</time><extensions><speed>1.406934</speed><course>347.399933</course><hAcc>0.906334</hAcc><vAcc>0.659975</vAcc></extensions></trkpt>
      <trkpt lon="-123.327252" lat="44.625439"><ele>332.727295</ele><time>2021-01-17T20:39:34Z</time><extensions><speed>1.403092</speed><course>349.463318</course><hAcc>0.906399</hAcc><vAcc>0.660036</vAcc></extensions></trkpt>
      <trkpt lon="-123.327239" lat="44.625449"><ele>332.712646</ele><time>2021-01-17T20:39:35Z</time><extensions><speed>1.401193</speed><course>348.963562</course><hAcc>0.907117</hAcc><vAcc>0.660813</vAcc></extensions></trkpt>
      <trkpt lon="-123.327227" lat="44.625458"><ele>332.699402</ele><time>2021-01-17T20:39:36Z</time><extensions><speed>1.400805</speed><course>356.036560</course><hAcc>0.908428</hAcc><vAcc>0.662241</vAcc></extensions></trkpt>
      <trkpt lon="-123.327215" lat="44.625467"><ele>332.691681</ele><time>2021-01-17T20:39:36Z</time><extensions><speed>1.402465</speed><course>358.930084</course><hAcc>0.910173</hAcc><vAcc>0.664133</vAcc></extensions></trkpt>
      <trkpt lon="-123.327204" lat="44.625477"><ele>332.692535</ele><time>2021-01-17T20:39:37Z</time><extensions><speed>1.407419</speed><course>351.096008</course><hAcc>0.912154</hAcc><vAcc>0.666271</vAcc></extensions></trkpt>
      <trkpt lon="-123.327193" lat="44.625486"><ele>332.703339</ele><time>2021-01-17T20:39:38Z</time><extensions><speed>1.416217</speed><course>9.173049</course><hAcc>0.914187</hAcc><vAcc>0.668463</vAcc></extensions></trkpt>
      <trkpt lon="-123.327181" lat="44.625496"><ele>332.723480</ele><time>2021-01-17T20:39:39Z</time><extensions><speed>1.428379</speed><course>8.765486</course><hAcc>0.916164</hAcc><vAcc>0.670590</vAcc></extensions></trkpt>
      <trkpt lon="-123.327170" lat="44.625507"><ele>332.750946</ele><time>2021-01-17T20:39:40Z</time><extensions><speed>1.443497</speed><course>342.755737</course><hAcc>0.918020</hAcc><vAcc>0.672579</vAcc></extensions></trkpt>
      <trkpt lon="-123.327159" lat="44.625517"><ele>332.783539</ele><time>2021-01-17T20:39:41Z</time><extensions><speed>1.460786</speed><course>333.436462</course><hAcc>0.919707</hAcc><vAcc>0.674382</vAcc></extensions></trkpt>
      <trkpt lon="-123.327148" lat="44.625528"><ele>332.819427</ele><time>2021-01-17T20:39:42Z</time><extensions><speed>1.478801</speed><course>2.656878</course><hAcc>0.921189</hAcc><vAcc>0.675960</vAcc></extensions></trkpt>
      <trkpt lon="-123.327137" lat="44.625538"><ele>332.857574</ele><time>2021-01-17T20:39:43Z</time><extensions><speed>1.495904</speed><course>41.484856</course><hAcc>0.922431</hAcc><vAcc>0.677277</vAcc></extensions></trkpt>
      <trkpt lon="-123.327126" lat="44.625549"><ele>332.898254</ele><time>2021-01-17T20:39:44Z</time><extensions><speed>1.510422</speed><course>-1.000000</course><hAcc>0.923393</hAcc><vAcc>0.678295</vAcc></extensions></trkpt>
      <trkpt lon="-123.327115" lat="44.625560"><ele>332.942261</ele><time>2021-01-17T20:39:45Z</time><extensions><speed>1.520806</speed><course>53.326988</course><hAcc>0.924046</hAcc><vAcc>0.678984</vAcc></extensions></trkpt>
      <trkpt lon="-123.327103" lat="44.625572"><ele>332.989258</ele><time>2021-01-17T20:39:46Z</time><extensions><speed>1.526152</speed><course>74.912819</course><hAcc>0.924380</hAcc><vAcc>0.679335</vAcc></extensions></trkpt>
      <trkpt lon="-123.327092" lat="44.625583"><ele>333.037598</ele><time>2021-01-17T20:39:47Z</time><extensions><speed>1.526704</speed><course>62.267090</course><hAcc>0.924403</hAcc><vAcc>0.679359</vAcc></extensions></trkpt>
      <trkpt lon="-123.327081" lat="44.625594"><ele>333.085083</ele><time>2021-01-17T20:39:48Z</time><extensions><speed>1.523116</speed><course>13.690000</course><hAcc>0.924136</hAcc><vAcc>0.679076</vAcc></extensions></trkpt>
      <trkpt lon="-123.327070" lat="44.625605"><ele>333.129730</ele><time>2021-01-17T20:39:50Z</time><extensions><speed>1.516460</speed><course>19.845032</course><hAcc>0.923569</hAcc><vAcc>0.678484</vAcc></extensions></trkpt>
      <trkpt lon="-123.327059" lat="44.625616"><ele>333.169922</ele><time>2021-01-17T20:39:51Z</time><extensions><speed>1.508012</speed><course>13.362127</course><hAcc>0.922703</hAcc><vAcc>0.677584</vAcc></extensions></trkpt>
      <trkpt lon="-123.327048" lat="44.625627"><ele>333.205414</ele><time>2021-01-17T20:39:52Z</time><extensions><speed>1.499399</speed><course>23.766123</course><hAcc>0.921552</hAcc><vAcc>0.676386</vAcc></extensions></trkpt>
      <trkpt lon="-123.327037" lat="44.625638"><ele>333.237579</ele><time>2021-01-17T20:39:53Z</time><extensions><speed>1.492194</speed><course>3.420622</course><hAcc>0.920139</hAcc><vAcc>0.674916</vAcc></extensions></trkpt>
      <trkpt lon="-123.327026" lat="44.625649"><ele>333.269012</ele><time>2021-01-17T20:39:54Z</time><extensions><speed>1.486661</speed><course>22.687658</course><hAcc>0.918528</hAcc><vAcc>0.673241</vAcc></extensions></trkpt>
      <trkpt lon="-123.327016" lat="44.625660"><ele>333.302155</ele><time>2021-01-17T20:39:55Z</time><extensions><speed>1.482723</speed><course>2.554507</course><hAcc>0.916820</hAcc><vAcc>0.671465</vAcc></extensions></trkpt>
      <trkpt lon="-123.327006" lat="44.625671"><ele>333.338348</ele><time>2021-01-17T20:39:56Z</time><extensions><speed>1.479957</speed><course>5.953692</course><hAcc>0.915140</hAcc><vAcc>0.669717</vAcc></extensions></trkpt>
      <trkpt lon="-123.326995" lat="44.625682"><ele>333.377075</ele><time>2021-01-17T20:39:57Z</time><extensions><speed>1.477233</speed><course>339.701599</course><hAcc>0.913625</hAcc><vAcc>0.668141</vAcc></extensions></trkpt>
      <trkpt lon="-123.326985" lat="44.625694"><ele>333.416077</ele><time>2021-01-17T20:39:58Z</time><extensions><speed>1.473557</speed><course>329.081818</course><hAcc>0.912406</hAcc><vAcc>0.666872</vAcc></extensions></trkpt>
      <trkpt lon="-123.326976" lat="44.625705"><ele>333.451904</ele><time>2021-01-17T20:39:59Z</time><extensions><speed>1.468364</speed><course>337.175232</course><hAcc>0.911589</hAcc><vAcc>0.666021</vAcc></extensions></trkpt>
      <trkpt lon="-123.326966" lat="44.625716"><ele>333.480499</ele><time>2021-01-17T20:40:00Z</time><extensions><speed>1.461485</speed><course>355.065552</course><hAcc>0.911231</hAcc><vAcc>0.665646</vAcc></extensions></trkpt>
      <trkpt lon="-123.326957" lat="44.625727"><ele>333.497681</ele><time>2021-01-17T20:40:01Z</time><extensions><speed>1.452555</speed><course>355.096436</course><hAcc>0.911319</hAcc><vAcc>0.665736</vAcc></extensions></trkpt>
      <trkpt lon="-123.326947" lat="44.625739"><ele>333.499756</ele><time>2021-01-17T20:40:02Z</time><extensions><speed>1.441840</speed><course>346.489258</course><hAcc>0.911789</hAcc><vAcc>0.666224</vAcc></extensions></trkpt>
      <trkpt lon="-123.326938" lat="44.625750"><ele>333.484741</ele><time>2021-01-17T20:40:03Z</time><extensions><speed>1.430471</speed><course>323.258820</course><hAcc>0.912554</hAcc><vAcc>0.667022</vAcc></extensions></trkpt>
      <trkpt lon="-123.326930" lat="44.625761"><ele>333.453125</ele><time>2021-01-17T20:40:04Z</time><extensions><speed>1.419284</speed><course>338.439209</course><hAcc>0.913530</hAcc><vAcc>0.668038</vAcc></extensions></trkpt>
      <trkpt lon="-123.326921" lat="44.625772"><ele>333.406982</ele><time>2021-01-17T20:40:05Z</time><extensions><speed>1.409246</speed><course>346.206848</course><hAcc>0.914636</hAcc><vAcc>0.669192</vAcc></extensions></trkpt>
      <trkpt lon="-123.326912" lat="44.625783"><ele>333.348572</ele><time>2021-01-17T20:40:06Z</time><extensions><speed>1.402055</speed><course>230.489883</course><hAcc>0.915796</hAcc><vAcc>0.670402</vAcc></extensions></trkpt>
      <trkpt lon="-123.326903" lat="44.625794"><ele>333.279755</ele><time>2021-01-17T20:40:07Z</time><extensions><speed>1.399141</speed><course>227.029816</course><hAcc>0.916933</hAcc><vAcc>0.671588</vAcc></extensions></trkpt>
      <trkpt lon="-123.326894" lat="44.625805"><ele>333.202026</ele><time>2021-01-17T20:40:08Z</time><extensions><speed>1.400526</speed><course>298.700256</course><hAcc>0.917977</hAcc><vAcc>0.672677</vAcc></extensions></trkpt>
      <trkpt lon="-123.326884" lat="44.625815"><ele>333.116699</ele><time>2021-01-17T20:40:09Z</time><extensions><speed>1.405729</speed><course>321.099518</course><hAcc>0.918873</hAcc><vAcc>0.673613</vAcc></extensions></trkpt>
      <trkpt lon="-123.326874" lat="44.625826"><ele>333.024811</ele><time>2021-01-17T20:40:10Z</time><extensions><speed>1.414592</speed><course>355.989929</course><hAcc>0.919591</hAcc><vAcc>0.674364</vAcc></extensions></trkpt>
      <trkpt lon="-123.326863" lat="44.625836"><ele>332.927002</ele><time>2021-01-17T20:40:11Z</time><extensions><speed>1.426785</speed><course>340.737000</course><hAcc>0.920117</hAcc><vAcc>0.674916</vAcc></extensions></trkpt>
      <trkpt lon="-123.326852" lat="44.625846"><ele>332.823914</ele><time>2021-01-17T20:40:12Z</time><extensions><speed>1.441613</speed><course>351.687775</course><hAcc>0.920456</hAcc><vAcc>0.675274</vAcc></extensions></trkpt>
      <trkpt lon="-123.326840" lat="44.625856"><ele>332.716675</ele><time>2021-01-17T20:40:13Z</time><extensions><speed>1.458518</speed><course>346.491455</course><hAcc>0.920619</hAcc><vAcc>0.675448</vAcc></extensions></trkpt>
      <trkpt lon="-123.326827" lat="44.625866"><ele>332.606995</ele><time>2021-01-17T20:40:14Z</time><extensions><speed>1.477030</speed><course>334.686340</course><hAcc>0.920624</hAcc><vAcc>0.675458</vAcc></extensions></trkpt>
      <trkpt lon="-123.326814" lat="44.625875"><ele>332.497467</ele><time>2021-01-17T20:40:15Z</time><extensions><speed>1.496799</speed><course>330.389313</course><hAcc>0.920502</hAcc><vAcc>0.675337</vAcc></extensions></trkpt>
      <trkpt lon="-123.326801" lat="44.625884"><ele>332.392090</ele><time>2021-01-17T20:40:16Z</time><extensions><speed>1.517346</speed><course>-1.000000</course><hAcc>0.920297</hAcc><vAcc>0.675129</vAcc></extensions></trkpt>
      <trkpt lon="-123.326786" lat="44.625894"><ele>332.295929</ele><time>2021-01-17T20:40:17Z</time><extensions><speed>1.537113</speed><course>5.401910</course><hAcc>0.920062</hAcc><vAcc>0.674890</vAcc></extensions></trkpt>
      <trkpt lon="-123.326772" lat="44.625903"><ele>332.213379</ele><time>2021-01-17T20:40:18Z</time><extensions><speed>1.555143</speed><course>332.220673</course><hAcc>0.919850</hAcc><vAcc>0.674673</vAcc></extensions></trkpt>
      <trkpt lon="-123.326756" lat="44.625912"><ele>332.146698</ele><time>2021-01-17T20:40:19Z</time><extensions><speed>1.571115</speed><course>344.164429</course><hAcc>0.919704</hAcc><vAcc>0.674525</vAcc></extensions></trkpt>
      <trkpt lon="-123.326741" lat="44.625921"><ele>332.096039</ele><time>2021-01-17T20:40:20Z</time><extensions><speed>1.584296</speed><course>345.696228</course><hAcc>0.919660</hAcc><vAcc>0.674482</vAcc></extensions></trkpt>
      <trkpt lon="-123.326725" lat="44.625930"><ele>332.060211</ele><time>2021-01-17T20:40:21Z</time><extensions><speed>1.594076</speed><course>341.168060</course><hAcc>0.919741</hAcc><vAcc>0.674568</vAcc></extensions></trkpt>
      <trkpt lon="-123.326709" lat="44.625939"><ele>332.036682</ele><time>2021-01-17T20:40:22Z</time><extensions><speed>1.599713</speed><course>318.495605</course><hAcc>0.919964</hAcc><vAcc>0.674801</vAcc></extensions></trkpt>
      <trkpt lon="-123.326694" lat="44.625947"><ele>332.021179</ele><time>2021-01-17T20:40:23Z</time><extensions><speed>1.600828</speed><course>329.586121</course><hAcc>0.920332</hAcc><vAcc>0.675183</vAcc></extensions></trkpt>
      <trkpt lon="-123.326678" lat="44.625956"><ele>332.007660</ele><time>2021-01-17T20:40:24Z</time><extensions><speed>1.596796</speed><course>329.819244</course><hAcc>0.920822</hAcc><vAcc>0.675693</vAcc></extensions></trkpt>
      <trkpt lon="-123.326662" lat="44.625965"><ele>331.989258</ele><time>2021-01-17T20:40:25Z</time><extensions><speed>1.586416</speed><course>-1.000000</course><hAcc>0.921400</hAcc><vAcc>0.676293</vAcc></extensions></trkpt>
      <trkpt lon="-123.326647" lat="44.625974"><ele>331.959595</ele><time>2021-01-17T20:40:26Z</time><extensions><speed>1.568872</speed><course>329.305084</course><hAcc>0.922029</hAcc><vAcc>0.676946</vAcc></extensions></trkpt>
      <trkpt lon="-123.326632" lat="44.625984"><ele>331.913483</ele><time>2021-01-17T20:40:27Z</time><extensions><speed>1.543765</speed><course>329.074371</course><hAcc>0.922680</hAcc><vAcc>0.677622</vAcc></extensions></trkpt>
      <trkpt lon="-123.326617" lat="44.625993"><ele>331.847534</ele><time>2021-01-17T20:40:28Z</time><extensions><speed>1.511753</speed><course>314.108582</course><hAcc>0.923325</hAcc><vAcc>0.678292</vAcc></extensions></trkpt>
      <trkpt lon="-123.326603" lat="44.626001"><ele>331.760468</ele><time>2021-01-17T20:40:29Z</time><extensions><speed>1.473428</speed><course>340.363281</course><hAcc>0.923933</hAcc><vAcc>0.678924</vAcc></extensions></trkpt>
      <trkpt lon="-123.326590" lat="44.626010"><ele>331.653076</ele><time>2021-01-17T20:40:30Z</time><extensions><speed>1.428911</speed><course>-1.000000</course><hAcc>0.924471</hAcc><vAcc>0.679484</vAcc></extensions></trkpt>
      <trkpt lon="-123.326576" lat="44.626018"><ele>331.526825</ele><time>2021-01-17T20:40:31Z</time><extensions><speed>1.378433</speed><course>-1.000000</course><hAcc>0.924916</hAcc><vAcc>0.679948</vAcc></extensions></trkpt>
      <trkpt lon="-123.326564" lat="44.626026"><ele>331.382904</ele><time>2021-01-17T20:40:32Z</time><extensions><speed>1.321600</speed><course>335.231659</course><hAcc>0.925265</hAcc><vAcc>0.680314</vAcc></extensions></trkpt>
      <trkpt lon="-123.326551" lat="44.626034"><ele>331.222168</ele><time>2021-01-17T20:40:33Z</time><extensions><speed>1.258332</speed><course>338.384186</course><hAcc>0.925532</hAcc><vAcc>0.680596</vAcc></extensions></trkpt>
      <trkpt lon="-123.326540" lat="44.626041"><ele>331.045898</ele><time>2021-01-17T20:40:34Z</time><extensions><speed>1.189037</speed><course>2.460301</course><hAcc>0.925743</hAcc><vAcc>0.680818</vAcc></extensions></trkpt>
      <trkpt lon="-123.326528" lat="44.626048"><ele>330.856140</ele><time>2021-01-17T20:40:35Z</time><extensions><speed>1.113972</speed><course>-1.000000</course><hAcc>0.925921</hAcc><vAcc>0.681005</vAcc></extensions></trkpt>
      <trkpt lon="-123.326518" lat="44.626054"><ele>330.655823</ele><time>2021-01-17T20:40:36Z</time><extensions><speed>1.033050</speed><course>-1.000000</course><hAcc>0.926079</hAcc><vAcc>0.681170</vAcc></extensions></trkpt>
      <trkpt lon="-123.326508" lat="44.626059"><ele>330.448822</ele><time>2021-01-17T20:40:37Z</time><extensions><speed>0.946204</speed><course>-1.000000</course><hAcc>0.926226</hAcc><vAcc>0.681320</vAcc></extensions></trkpt>
      <trkpt lon="-123.326499" lat="44.626064"><ele>330.239899</ele><time>2021-01-17T20:40:38Z</time><extensions><speed>0.854113</speed><course>316.477509</course><hAcc>0.926364</hAcc><vAcc>0.681461</vAcc></extensions></trkpt>
      <trkpt lon="-123.326490" lat="44.626068"><ele>330.034241</ele><time>2021-01-17T20:40:39Z</time><extensions><speed>0.757297</speed><course>315.256348</course><hAcc>0.926497</hAcc><vAcc>0.681592</vAcc></extensions></trkpt>
      <trkpt lon="-123.326483" lat="44.626071"><ele>329.836639</ele><time>2021-01-17T20:40:40Z</time><extensions><speed>0.655566</speed><course>321.170166</course><hAcc>0.926613</hAcc><vAcc>0.681703</vAcc></extensions></trkpt>
      <trkpt lon="-123.326476" lat="44.626074"><ele>329.650909</ele><time>2021-01-17T20:40:41Z</time><extensions><speed>0.549996</speed><course>317.510254</course><hAcc>0.926680</hAcc><vAcc>0.681761</vAcc></extensions></trkpt>
      <trkpt lon="-123.326471" lat="44.626076"><ele>329.479553</ele><time>2021-01-17T20:40:42Z</time><extensions><speed>0.443837</speed><course>328.018585</course><hAcc>0.926645</hAcc><vAcc>0.681711</vAcc></extensions></trkpt>
      <trkpt lon="-123.326466" lat="44.626078"><ele>329.324310</ele><time>2021-01-17T20:40:43Z</time><extensions><speed>0.342997</speed><course>346.013123</course><hAcc>0.926435</hAcc><vAcc>0.681480</vAcc></extensions></trkpt>
      <trkpt lon="-123.326462" lat="44.626078"><ele>329.186096</ele><time>2021-01-17T20:40:44Z</time><extensions><speed>0.254921</speed><course>356.510254</course><hAcc>0.925968</hAcc><vAcc>0.680983</vAcc></extensions></trkpt>
      <trkpt lon="-123.326460" lat="44.626079"><ele>329.065308</ele><time>2021-01-17T20:40:45Z</time><extensions><speed>0.187940</speed><course>346.729614</course><hAcc>0.925175</hAcc><vAcc>0.680152</vAcc></extensions></trkpt>
      <trkpt lon="-123.326458" lat="44.626078"><ele>328.962097</ele><time>2021-01-17T20:40:46Z</time><extensions><speed>0.149905</speed><course>331.368469</course><hAcc>0.924018</hAcc><vAcc>0.678945</vAcc></extensions></trkpt>
      <trkpt lon="-123.326456" lat="44.626078"><ele>328.876160</ele><time>2021-01-17T20:40:47Z</time><extensions><speed>0.141321</speed><course>336.233459</course><hAcc>0.922496</hAcc><vAcc>0.677358</vAcc></extensions></trkpt>
      <trkpt lon="-123.326455" lat="44.626077"><ele>328.806183</ele><time>2021-01-17T20:40:48Z</time><extensions><speed>0.150817</speed><course>333.463898</course><hAcc>0.920644</hAcc><vAcc>0.675422</vAcc></extensions></trkpt>
      <trkpt lon="-123.326454" lat="44.626075"><ele>328.750031</ele><time>2021-01-17T20:40:49Z</time><extensions><speed>0.165499</speed><course>318.862915</course><hAcc>0.918529</hAcc><vAcc>0.673195</vAcc></extensions></trkpt>
      <trkpt lon="-123.326453" lat="44.626074"><ele>328.704895</ele><time>2021-01-17T20:40:50Z</time><extensions><speed>0.178830</speed><course>312.558411</course><hAcc>0.916239</hAcc><vAcc>0.670754</vAcc></extensions></trkpt>
      <trkpt lon="-123.326452" lat="44.626072"><ele>328.667999</ele><time>2021-01-17T20:40:51Z</time><extensions><speed>0.188655</speed><course>316.469696</course><hAcc>0.913878</hAcc><vAcc>0.668186</vAcc></extensions></trkpt>
      <trkpt lon="-123.326452" lat="44.626071"><ele>328.636810</ele><time>2021-01-17T20:40:52Z</time><extensions><speed>0.195019</speed><course>312.258148</course><hAcc>0.911562</hAcc><vAcc>0.665582</vAcc></extensions></trkpt>
      <trkpt lon="-123.326451" lat="44.626069"><ele>328.609100</ele><time>2021-01-17T20:40:53Z</time><extensions><speed>0.199476</speed><course>313.519684</course><hAcc>0.909402</hAcc><vAcc>0.663021</vAcc></extensions></trkpt>
      <trkpt lon="-123.326450" lat="44.626067"><ele>328.583130</ele><time>2021-01-17T20:40:54Z</time><extensions><speed>0.203605</speed><course>295.871368</course><hAcc>0.907484</hAcc><vAcc>0.660551</vAcc></extensions></trkpt>
      <trkpt lon="-123.326449" lat="44.626066"><ele>328.557617</ele><time>2021-01-17T20:40:55Z</time><extensions><speed>0.208222</speed><course>310.117889</course><hAcc>0.905862</hAcc><vAcc>0.658182</vAcc></extensions></trkpt>
      <trkpt lon="-123.326448" lat="44.626064"><ele>328.531677</ele><time>2021-01-17T20:40:56Z</time><extensions><speed>0.213057</speed><course>-1.000000</course><hAcc>0.904578</hAcc><vAcc>0.655912</vAcc></extensions></trkpt>
      <trkpt lon="-123.326447" lat="44.626062"><ele>328.504669</ele><time>2021-01-17T20:40:57Z</time><extensions><speed>0.216962</speed><course>-1.000000</course><hAcc>0.903722</hAcc><vAcc>0.653800</vAcc></extensions></trkpt>
      <trkpt lon="-123.326446" lat="44.626060"><ele>328.476013</ele><time>2021-01-17T20:40:58Z</time><extensions><speed>0.219241</speed><course>327.719574</course><hAcc>0.903443</hAcc><vAcc>0.651989</vAcc></extensions></trkpt>
      <trkpt lon="-123.326446" lat="44.626058"><ele>328.445496</ele><time>2021-01-17T20:40:59Z</time><extensions><speed>0.219524</speed><course>354.542664</course><hAcc>0.903888</hAcc><vAcc>0.650666</vAcc></extensions></trkpt>
      <trkpt lon="-123.326446" lat="44.626056"><ele>328.413239</ele><time>2021-01-17T20:41:00Z</time><extensions><speed>0.217477</speed><course>350.951843</course><hAcc>0.905136</hAcc><vAcc>0.650000</vAcc></extensions></trkpt>
      <trkpt lon="-123.326446" lat="44.626054"><ele>328.379791</ele><time>2021-01-17T20:41:01Z</time><extensions><speed>0.212283</speed><course>358.259430</course><hAcc>0.907096</hAcc><vAcc>0.650063</vAcc></extensions></trkpt>
      <trkpt lon="-123.326446" lat="44.626052"><ele>328.346222</ele><time>2021-01-17T20:41:02Z</time><extensions><speed>0.202105</speed><course>2.310933</course><hAcc>0.909441</hAcc><vAcc>0.650750</vAcc></extensions></trkpt>
      <trkpt lon="-123.326447" lat="44.626051"><ele>328.313721</ele><time>2021-01-17T20:41:03Z</time><extensions><speed>0.184195</speed><course>3.280314</course><hAcc>0.911662</hAcc><vAcc>0.651807</vAcc></extensions></trkpt>
      <trkpt lon="-123.326448" lat="44.626049"><ele>328.283600</ele><time>2021-01-17T20:41:04Z</time><extensions><speed>0.155845</speed><course>0.940544</course><hAcc>0.913236</hAcc><vAcc>0.652924</vAcc></extensions></trkpt>
      <trkpt lon="-123.326449" lat="44.626048"><ele>328.257355</ele><time>2021-01-17T20:41:05Z</time><extensions><speed>0.117059</speed><course>357.608063</course><hAcc>0.913819</hAcc><vAcc>0.653868</vAcc></extensions></trkpt>
      <trkpt lon="-123.326450" lat="44.626048"><ele>328.236206</ele><time>2021-01-17T20:41:06Z</time><extensions><speed>0.080344</speed><course>356.540710</course><hAcc>0.913405</hAcc><vAcc>0.654580</vAcc></extensions></trkpt>
      <trkpt lon="-123.326451" lat="44.626048"><ele>328.220917</ele><time>2021-01-17T20:41:07Z</time><extensions><speed>0.095666</speed><course>1.483488</course><hAcc>0.912330</hAcc><vAcc>0.655183</vAcc></extensions></trkpt>
      <trkpt lon="-123.326451" lat="44.626049"><ele>328.211243</ele><time>2021-01-17T20:41:08Z</time><extensions><speed>0.171991</speed><course>1.342717</course><hAcc>0.911046</hAcc><vAcc>0.655845</vAcc></extensions></trkpt>
      <trkpt lon="-123.326451" lat="44.626051"><ele>328.206116</ele><time>2021-01-17T20:41:09Z</time><extensions><speed>0.274376</speed><course>359.413910</course><hAcc>0.909901</hAcc><vAcc>0.656663</vAcc></extensions></trkpt>
      <trkpt lon="-123.326451" lat="44.626054"><ele>328.204010</ele><time>2021-01-17T20:41:10Z</time><extensions><speed>0.391764</speed><course>359.282074</course><hAcc>0.909100</hAcc><vAcc>0.657672</vAcc></extensions></trkpt>
      <trkpt lon="-123.326449" lat="44.626058"><ele>328.203308</ele><time>2021-01-17T20:41:11Z</time><extensions><speed>0.518939</speed><course>351.780243</course><hAcc>0.908758</hAcc><vAcc>0.658894</vAcc></extensions></trkpt>
      <trkpt lon="-123.326447" lat="44.626063"><ele>328.202759</ele><time>2021-01-17T20:41:12Z</time><extensions><speed>0.650468</speed><course>347.280304</course><hAcc>0.908957</hAcc><vAcc>0.660376</vAcc></extensions></trkpt>
      <trkpt lon="-123.326443" lat="44.626069"><ele>328.201447</ele><time>2021-01-17T20:41:13Z</time><extensions><speed>0.781689</speed><course>342.155548</course><hAcc>0.909756</hAcc><vAcc>0.662183</vAcc></extensions></trkpt>
      <trkpt lon="-123.326437" lat="44.626075"><ele>328.198975</ele><time>2021-01-17T20:41:14Z</time><extensions><speed>0.908734</speed><course>351.938965</course><hAcc>0.911159</hAcc><vAcc>0.664354</vAcc></extensions></trkpt>
      <trkpt lon="-123.326431" lat="44.626083"><ele>328.195557</ele><time>2021-01-17T20:41:15Z</time><extensions><speed>1.026754</speed><course>343.523804</course><hAcc>0.913078</hAcc><vAcc>0.666844</vAcc></extensions></trkpt>
      <trkpt lon="-123.326422" lat="44.626090"><ele>328.191864</ele><time>2021-01-17T20:41:16Z</time><extensions><speed>1.131131</speed><course>338.440460</course><hAcc>0.915338</hAcc><vAcc>0.669517</vAcc></extensions></trkpt>
      <trkpt lon="-123.326413" lat="44.626099"><ele>328.188324</ele><time>2021-01-17T20:41:17Z</time><extensions><speed>1.219510</speed><course>346.214630</course><hAcc>0.917731</hAcc><vAcc>0.672205</vAcc></extensions></trkpt>
      <trkpt lon="-123.326402" lat="44.626107"><ele>328.184082</ele><time>2021-01-17T20:41:18Z</time><extensions><speed>1.291391</speed><course>355.127563</course><hAcc>0.920079</hAcc><vAcc>0.674763</vAcc></extensions></trkpt>
      <trkpt lon="-123.326391" lat="44.626115"><ele>328.177399</ele><time>2021-01-17T20:41:19Z</time><extensions><speed>1.347500</speed><course>355.717773</course><hAcc>0.922262</hAcc><vAcc>0.677096</vAcc></extensions></trkpt>
      <trkpt lon="-123.326378" lat="44.626124"><ele>328.166168</ele><time>2021-01-17T20:41:20Z</time><extensions><speed>1.388254</speed><course>356.462402</course><hAcc>0.924214</hAcc><vAcc>0.679158</vAcc></extensions></trkpt>
      <trkpt lon="-123.326365" lat="44.626132"><ele>328.147766</ele><time>2021-01-17T20:41:21Z</time><extensions><speed>1.414520</speed><course>339.986145</course><hAcc>0.925918</hAcc><vAcc>0.680945</vAcc></extensions></trkpt>
      <trkpt lon="-123.326351" lat="44.626141"><ele>328.119202</ele><time>2021-01-17T20:41:22Z</time><extensions><speed>1.428914</speed><course>331.658417</course><hAcc>0.927379</hAcc><vAcc>0.682472</vAcc></extensions></trkpt>
      <trkpt lon="-123.326337" lat="44.626149"><ele>328.077271</ele><time>2021-01-17T20:41:23Z</time><extensions><speed>1.435098</speed><course>354.359253</course><hAcc>0.928613</hAcc><vAcc>0.683760</vAcc></extensions></trkpt>
      <trkpt lon="-123.326323" lat="44.626156"><ele>328.018921</ele><time>2021-01-17T20:41:24Z</time><extensions><speed>1.436415</speed><course>9.677398</course><hAcc>0.929636</hAcc><vAcc>0.684829</vAcc></extensions></trkpt>
      <trkpt lon="-123.326308" lat="44.626164"><ele>327.942688</ele><time>2021-01-17T20:41:25Z</time><extensions><speed>1.435794</speed><course>9.879298</course><hAcc>0.930471</hAcc><vAcc>0.685704</vAcc></extensions></trkpt>
      <trkpt lon="-123.326294" lat="44.626172"><ele>327.850342</ele><time>2021-01-17T20:41:26Z</time><extensions><speed>1.435901</speed><course>90.925522</course><hAcc>0.931148</hAcc><vAcc>0.686417</vAcc></extensions></trkpt>
      <trkpt lon="-123.326279" lat="44.626179"><ele>327.747131</ele><time>2021-01-17T20:41:27Z</time><extensions><speed>1.438250</speed><course>102.170158</course><hAcc>0.931706</hAcc><vAcc>0.687006</vAcc></extensions></trkpt>
      <trkpt lon="-123.326264" lat="44.626186"><ele>327.639862</ele><time>2021-01-17T20:41:28Z</time><extensions><speed>1.442616</speed><course>106.317986</course><hAcc>0.932178</hAcc><vAcc>0.687506</vAcc></extensions></trkpt>
      <trkpt lon="-123.326249" lat="44.626194"><ele>327.533813</ele><time>2021-01-17T20:41:29Z</time><extensions><speed>1.447883</speed><course>138.238632</course><hAcc>0.932596</hAcc><vAcc>0.687949</vAcc></extensions></trkpt>
      <trkpt lon="-123.326234" lat="44.626201"><ele>327.431885</ele><time>2021-01-17T20:41:30Z</time><extensions><speed>1.453505</speed><course>143.981689</course><hAcc>0.932983</hAcc><vAcc>0.688357</vAcc></extensions></trkpt>
      <trkpt lon="-123.326218" lat="44.626208"><ele>327.335297</ele><time>2021-01-17T20:41:31Z</time><extensions><speed>1.460262</speed><course>137.934052</course><hAcc>0.933350</hAcc><vAcc>0.688744</vAcc></extensions></trkpt>
      <trkpt lon="-123.326203" lat="44.626216"><ele>327.244354</ele><time>2021-01-17T20:41:32Z</time><extensions><speed>1.469419</speed><course>152.401779</course><hAcc>0.933704</hAcc><vAcc>0.689116</vAcc></extensions></trkpt>
      <trkpt lon="-123.326188" lat="44.626223"><ele>327.158112</ele><time>2021-01-17T20:41:33Z</time><extensions><speed>1.481698</speed><course>-1.000000</course><hAcc>0.934047</hAcc><vAcc>0.689475</vAcc></extensions></trkpt>
      <trkpt lon="-123.326172" lat="44.626231"><ele>327.074982</ele><time>2021-01-17T20:41:34Z</time><extensions><speed>1.498495</speed><course>-1.000000</course><hAcc>0.934381</hAcc><vAcc>0.689823</vAcc></extensions></trkpt>
      <trkpt lon="-123.326156" lat="44.626238"><ele>326.993500</ele><time>2021-01-17T20:41:35Z</time><extensions><speed>1.521144</speed><course>149.062195</course><hAcc>0.934708</hAcc><vAcc>0.690162</vAcc></extensions></trkpt>
      <trkpt lon="-123.326141" lat="44.626246"><ele>326.912384</ele><time>2021-01-17T20:41:36Z</time><extensions><speed>1.547393</speed><course>150.543442</course><hAcc>0.935022</hAcc><vAcc>0.690488</vAcc></extensions></trkpt>
      <trkpt lon="-123.326125" lat="44.626254"><ele>326.830170</ele><time>2021-01-17T20:41:37Z</time><extensions><speed>1.573481</speed><course>151.638702</course><hAcc>0.935307</hAcc><vAcc>0.690782</vAcc></extensions></trkpt>
      <trkpt lon="-123.326108" lat="44.626263"><ele>326.745056</ele><time>2021-01-17T20:41:38Z</time><extensions><speed>1.597085</speed><course>140.910278</course><hAcc>0.935536</hAcc><vAcc>0.691019</vAcc></extensions></trkpt>
      <trkpt lon="-123.326092" lat="44.626271"><ele>326.654083</ele><time>2021-01-17T20:41:39Z</time><extensions><speed>1.617038</speed><course>141.008820</course><hAcc>0.935683</hAcc><vAcc>0.691171</vAcc></extensions></trkpt>
      <trkpt lon="-123.326076" lat="44.626280"><ele>326.553009</ele><time>2021-01-17T20:41:40Z</time><extensions><speed>1.632888</speed><course>125.898094</course><hAcc>0.935731</hAcc><vAcc>0.691224</vAcc></extensions></trkpt>
      <trkpt lon="-123.326059" lat="44.626289"><ele>326.436920</ele><time>2021-01-17T20:41:41Z</time><extensions><speed>1.644537</speed><course>128.004288</course><hAcc>0.935679</hAcc><vAcc>0.691176</vAcc></extensions></trkpt>
      <trkpt lon="-123.326043" lat="44.626298"><ele>326.301483</ele><time>2021-01-17T20:41:42Z</time><extensions><speed>1.651969</speed><course>134.180496</course><hAcc>0.935546</hAcc><vAcc>0.691045</vAcc></extensions></trkpt>
      <trkpt lon="-123.326026" lat="44.626307"><ele>326.143982</ele><time>2021-01-17T20:41:42Z</time><extensions><speed>1.654854</speed><course>138.464508</course><hAcc>0.935375</hAcc><vAcc>0.690871</vAcc></extensions></trkpt>
      <trkpt lon="-123.326010" lat="44.626317"><ele>325.963745</ele><time>2021-01-17T20:41:43Z</time><extensions><speed>1.652809</speed><course>83.541634</course><hAcc>0.935194</hAcc><vAcc>0.690682</vAcc></extensions></trkpt>
      <trkpt lon="-123.325994" lat="44.626326"><ele>325.763153</ele><time>2021-01-17T20:41:44Z</time><extensions><speed>1.646048</speed><course>116.677193</course><hAcc>0.935013</hAcc><vAcc>0.690493</vAcc></extensions></trkpt>
      <trkpt lon="-123.325978" lat="44.626335"><ele>325.545471</ele><time>2021-01-17T20:41:45Z</time><extensions><speed>1.635319</speed><course>124.379410</course><hAcc>0.934856</hAcc><vAcc>0.690329</vAcc></extensions></trkpt>
      <trkpt lon="-123.325962" lat="44.626345"><ele>325.313538</ele><time>2021-01-17T20:41:46Z</time><extensions><speed>1.621158</speed><course>119.154427</course><hAcc>0.934744</hAcc><vAcc>0.690211</vAcc></extensions></trkpt>
      <trkpt lon="-123.325946" lat="44.626354"><ele>325.069550</ele><time>2021-01-17T20:41:47Z</time><extensions><speed>1.604304</speed><course>119.752991</course><hAcc>0.934695</hAcc><vAcc>0.690157</vAcc></extensions></trkpt>
      <trkpt lon="-123.325930" lat="44.626363"><ele>324.815857</ele><time>2021-01-17T20:41:48Z</time><extensions><speed>1.585880</speed><course>114.801216</course><hAcc>0.934722</hAcc><vAcc>0.690178</vAcc></extensions></trkpt>
      <trkpt lon="-123.325915" lat="44.626371"><ele>324.555786</ele><time>2021-01-17T20:41:50Z</time><extensions><speed>1.566894</speed><course>91.276955</course><hAcc>0.934808</hAcc><vAcc>0.690265</vAcc></extensions></trkpt>
      <trkpt lon="-123.325899" lat="44.626380"><ele>324.294312</ele><time>2021-01-17T20:41:51Z</time><extensions><speed>1.548565</speed><course>79.599052</course><hAcc>0.934940</hAcc><vAcc>0.690404</vAcc></extensions></trkpt>
      <trkpt lon="-123.325883" lat="44.626388"><ele>324.035889</ele><time>2021-01-17T20:41:52Z</time><extensions><speed>1.532305</speed><course>-1.000000</course><hAcc>0.935115</hAcc><vAcc>0.690585</vAcc></extensions></trkpt>
      <trkpt lon="-123.325867" lat="44.626395"><ele>323.785156</ele><time>2021-01-17T20:41:53Z</time><extensions><speed>1.519336</speed><course>69.774254</course><hAcc>0.935305</hAcc><vAcc>0.690782</vAcc></extensions></trkpt>
      <trkpt lon="-123.325851" lat="44.626403"><ele>323.546356</ele><time>2021-01-17T20:41:54Z</time><extensions><speed>1.510926</speed><course>59.055874</course><hAcc>0.935486</hAcc><vAcc>0.690970</vAcc></extensions></trkpt>
      <trkpt lon="-123.325835" lat="44.626410"><ele>323.323364</ele><time>2021-01-17T20:41:55Z</time><extensions><speed>1.508223</speed><course>75.073227</course><hAcc>0.935647</hAcc><vAcc>0.691137</vAcc></extensions></trkpt>
      <trkpt lon="-123.325818" lat="44.626416"><ele>323.119171</ele><time>2021-01-17T20:41:56Z</time><extensions><speed>1.511580</speed><course>69.293800</course><hAcc>0.935783</hAcc><vAcc>0.691278</vAcc></extensions></trkpt>
      <trkpt lon="-123.325801" lat="44.626422"><ele>322.936005</ele><time>2021-01-17T20:41:57Z</time><extensions><speed>1.520448</speed><course>56.647598</course><hAcc>0.935889</hAcc><vAcc>0.691388</vAcc></extensions></trkpt>
      <trkpt lon="-123.325783" lat="44.626428"><ele>322.775604</ele><time>2021-01-17T20:41:58Z</time><extensions><speed>1.534210</speed><course>68.158951</course><hAcc>0.935960</hAcc><vAcc>0.691463</vAcc></extensions></trkpt>
      <trkpt lon="-123.325765" lat="44.626433"><ele>322.639252</ele><time>2021-01-17T20:41:59Z</time><extensions><speed>1.552340</speed><course>73.363770</course><hAcc>0.935998</hAcc><vAcc>0.691505</vAcc></extensions></trkpt>
      <trkpt lon="-123.325747" lat="44.626438"><ele>322.528259</ele><time>2021-01-17T20:42:00Z</time><extensions><speed>1.574255</speed><course>78.996078</course><hAcc>0.936015</hAcc><vAcc>0.691525</vAcc></extensions></trkpt>
      <trkpt lon="-123.325728" lat="44.626443"><ele>322.443817</ele><time>2021-01-17T20:42:01Z</time><extensions><speed>1.598360</speed><course>81.234291</course><hAcc>0.936026</hAcc><vAcc>0.691538</vAcc></extensions></trkpt>
      <trkpt lon="-123.325709" lat="44.626447"><ele>322.385956</ele><time>2021-01-17T20:42:02Z</time><extensions><speed>1.621273</speed><course>75.508301</course><hAcc>0.936044</hAcc><vAcc>0.691559</vAcc></extensions></trkpt>
      <trkpt lon="-123.325689" lat="44.626451"><ele>322.352539</ele><time>2021-01-17T20:42:03Z</time><extensions><speed>1.639256</speed><course>75.664490</course><hAcc>0.936080</hAcc><vAcc>0.691598</vAcc></extensions></trkpt>
      <trkpt lon="-123.325669" lat="44.626455"><ele>322.339294</ele><time>2021-01-17T20:42:04Z</time><extensions><speed>1.650381</speed><course>75.664482</course><hAcc>0.936138</hAcc><vAcc>0.691658</vAcc></extensions></trkpt>
      <trkpt lon="-123.325649" lat="44.626459"><ele>322.340790</ele><time>2021-01-17T20:42:05Z</time><extensions><speed>1.654999</speed><course>-1.000000</course><hAcc>0.936215</hAcc><vAcc>0.691737</vAcc></extensions></trkpt>
      <trkpt lon="-123.325629" lat="44.626462"><ele>322.351318</ele><time>2021-01-17T20:42:06Z</time><extensions><speed>1.653530</speed><course>81.872025</course><hAcc>0.936304</hAcc><vAcc>0.691829</vAcc></extensions></trkpt>
      <trkpt lon="-123.325608" lat="44.626466"><ele>322.364624</ele><time>2021-01-17T20:42:07Z</time><extensions><speed>1.646251</speed><course>67.532890</course><hAcc>0.936398</hAcc><vAcc>0.691925</vAcc></extensions></trkpt>
      <trkpt lon="-123.325588" lat="44.626469"><ele>322.374207</ele><time>2021-01-17T20:42:08Z</time><extensions><speed>1.634058</speed><course>65.902733</course><hAcc>0.936485</hAcc><vAcc>0.692015</vAcc></extensions></trkpt>
      <trkpt lon="-123.325568" lat="44.626471"><ele>322.374115</ele><time>2021-01-17T20:42:09Z</time><extensions><speed>1.617847</speed><course>74.822517</course><hAcc>0.936559</hAcc><vAcc>0.692091</vAcc></extensions></trkpt>
      <trkpt lon="-123.325548" lat="44.626474"><ele>322.359650</ele><time>2021-01-17T20:42:10Z</time><extensions><speed>1.598338</speed><course>75.595337</course><hAcc>0.936618</hAcc><vAcc>0.692152</vAcc></extensions></trkpt>
      <trkpt lon="-123.325528" lat="44.626476"><ele>322.327667</ele><time>2021-01-17T20:42:11Z</time><extensions><speed>1.576281</speed><course>-1.000000</course><hAcc>0.936665</hAcc><vAcc>0.692200</vAcc></extensions></trkpt>
      <trkpt lon="-123.325509" lat="44.626478"><ele>322.276642</ele><time>2021-01-17T20:42:12Z</time><extensions><speed>1.552811</speed><course>98.037910</course><hAcc>0.936700</hAcc><vAcc>0.692237</vAcc></extensions></trkpt>
      <trkpt lon="-123.325490" lat="44.626480"><ele>322.206299</ele><time>2021-01-17T20:42:13Z</time><extensions><speed>1.529218</speed><course>92.458374</course><hAcc>0.936726</hAcc><vAcc>0.692264</vAcc></extensions></trkpt>
      <trkpt lon="-123.325471" lat="44.626481"><ele>322.117279</ele><time>2021-01-17T20:42:14Z</time><extensions><speed>1.506261</speed><course>78.297752</course><hAcc>0.936740</hAcc><vAcc>0.692279</vAcc></extensions></trkpt>
      <trkpt lon="-123.325452" lat="44.626483"><ele>322.010498</ele><time>2021-01-17T20:42:15Z</time><extensions><speed>1.484289</speed><course>79.541878</course><hAcc>0.936742</hAcc><vAcc>0.692281</vAcc></extensions></trkpt>
      <trkpt lon="-123.325433" lat="44.626484"><ele>321.886780</ele><time>2021-01-17T20:42:16Z</time><extensions><speed>1.463780</speed><course>75.691597</course><hAcc>0.936728</hAcc><vAcc>0.692267</vAcc></extensions></trkpt>
      <trkpt lon="-123.325415" lat="44.626484"><ele>321.747101</ele><time>2021-01-17T20:42:17Z</time><extensions><speed>1.445623</speed><course>62.112579</course><hAcc>0.936698</hAcc><vAcc>0.692236</vAcc></extensions></trkpt>
      <trkpt lon="-123.325397" lat="44.626484"><ele>321.593292</ele><time>2021-01-17T20:42:18Z</time><extensions><speed>1.430630</speed><course>81.027252</course><hAcc>0.936654</hAcc><vAcc>0.692191</vAcc></extensions></trkpt>
      <trkpt lon="-123.325379" lat="44.626485"><ele>321.428406</ele><time>2021-01-17T20:42:19Z</time><extensions><speed>1.419242</speed><course>88.659317</course><hAcc>0.936602</hAcc><vAcc>0.692137</vAcc></extensions></trkpt>
      <trkpt lon="-123.325361" lat="44.626484"><ele>321.256226</ele><time>2021-01-17T20:42:20Z</time><extensions><speed>1.411852</speed><course>90.298363</course><hAcc>0.936546</hAcc><vAcc>0.692080</vAcc></extensions></trkpt>
      <trkpt lon="-123.325343" lat="44.626483"><ele>321.079956</ele><time>2021-01-17T20:42:21Z</time><extensions><speed>1.408762</speed><course>81.574188</course><hAcc>0.936490</hAcc><vAcc>0.692023</vAcc></extensions></trkpt>
      <trkpt lon="-123.325326" lat="44.626482"><ele>320.901947</ele><time>2021-01-17T20:42:22Z</time><extensions><speed>1.409816</speed><course>93.972008</course><hAcc>0.936436</hAcc><vAcc>0.691966</vAcc></extensions></trkpt>
      <trkpt lon="-123.325308" lat="44.626481"><ele>320.724579</ele><time>2021-01-17T20:42:23Z</time><extensions><speed>1.414684</speed><course>93.508827</course><hAcc>0.936384</hAcc><vAcc>0.691913</vAcc></extensions></trkpt>
      <trkpt lon="-123.325290" lat="44.626479"><ele>320.550781</ele><time>2021-01-17T20:42:24Z</time><extensions><speed>1.422854</speed><course>102.202805</course><hAcc>0.936337</hAcc><vAcc>0.691864</vAcc></extensions></trkpt>
      <trkpt lon="-123.325273" lat="44.626476"><ele>320.383545</ele><time>2021-01-17T20:42:25Z</time><extensions><speed>1.433457</speed><course>95.189636</course><hAcc>0.936297</hAcc><vAcc>0.691822</vAcc></extensions></trkpt>
      <trkpt lon="-123.325255" lat="44.626473"><ele>320.225586</ele><time>2021-01-17T20:42:26Z</time><extensions><speed>1.446139</speed><course>104.850212</course><hAcc>0.936262</hAcc><vAcc>0.691785</vAcc></extensions></trkpt>
      <trkpt lon="-123.325237" lat="44.626470"><ele>320.078766</ele><time>2021-01-17T20:42:27Z</time><extensions><speed>1.460812</speed><course>95.359703</course><hAcc>0.936230</hAcc><vAcc>0.691752</vAcc></extensions></trkpt>
      <trkpt lon="-123.325220" lat="44.626466"><ele>319.944000</ele><time>2021-01-17T20:42:28Z</time><extensions><speed>1.477140</speed><course>-1.000000</course><hAcc>0.936199</hAcc><vAcc>0.691720</vAcc></extensions></trkpt>
      <trkpt lon="-123.325202" lat="44.626461"><ele>319.820923</ele><time>2021-01-17T20:42:29Z</time><extensions><speed>1.494631</speed><course>102.420227</course><hAcc>0.936169</hAcc><vAcc>0.691689</vAcc></extensions></trkpt>
      <trkpt lon="-123.325184" lat="44.626456"><ele>319.707886</ele><time>2021-01-17T20:42:30Z</time><extensions><speed>1.512530</speed><course>107.825111</course><hAcc>0.936142</hAcc><vAcc>0.691663</vAcc></extensions></trkpt>
      <trkpt lon="-123.325167" lat="44.626451"><ele>319.601898</ele><time>2021-01-17T20:42:31Z</time><extensions><speed>1.529790</speed><course>-1.000000</course><hAcc>0.936126</hAcc><vAcc>0.691648</vAcc></extensions></trkpt>
      <trkpt lon="-123.325149" lat="44.626445"><ele>319.498962</ele><time>2021-01-17T20:42:32Z</time><extensions><speed>1.545330</speed><course>109.126534</course><hAcc>0.936135</hAcc><vAcc>0.691661</vAcc></extensions></trkpt>
      <trkpt lon="-123.325131" lat="44.626439"><ele>319.394409</ele><time>2021-01-17T20:42:33Z</time><extensions><speed>1.558266</speed><course>110.853050</course><hAcc>0.936190</hAcc><vAcc>0.691721</vAcc></extensions></trkpt>
      <trkpt lon="-123.325114" lat="44.626433"><ele>319.283325</ele><time>2021-01-17T20:42:34Z</time><extensions><speed>1.567803</speed><course>114.108307</course><hAcc>0.936311</hAcc><vAcc>0.691849</vAcc></extensions></trkpt>
      <trkpt lon="-123.325096" lat="44.626426"><ele>319.160736</ele><time>2021-01-17T20:42:35Z</time><extensions><speed>1.573546</speed><course>110.615021</course><hAcc>0.936517</hAcc><vAcc>0.692066</vAcc></extensions></trkpt>
      <trkpt lon="-123.325079" lat="44.626420"><ele>319.022369</ele><time>2021-01-17T20:42:36Z</time><extensions><speed>1.575259</speed><course>111.299713</course><hAcc>0.936825</hAcc><vAcc>0.692387</vAcc></extensions></trkpt>
      <trkpt lon="-123.325061" lat="44.626413"><ele>318.864777</ele><time>2021-01-17T20:42:37Z</time><extensions><speed>1.572627</speed><course>-1.000000</course><hAcc>0.937246</hAcc><vAcc>0.692825</vAcc></extensions></trkpt>
      <trkpt lon="-123.325044" lat="44.626406"><ele>318.685486</ele><time>2021-01-17T20:42:38Z</time><extensions><speed>1.565469</speed><course>-1.000000</course><hAcc>0.937785</hAcc><vAcc>0.693382</vAcc></extensions></trkpt>
      <trkpt lon="-123.325027" lat="44.626399"><ele>318.483276</ele><time>2021-01-17T20:42:39Z</time><extensions><speed>1.553778</speed><course>76.250580</course><hAcc>0.938435</hAcc><vAcc>0.694053</vAcc></extensions></trkpt>
      <trkpt lon="-123.325010" lat="44.626393"><ele>318.258759</ele><time>2021-01-17T20:42:40Z</time><extensions><speed>1.537641</speed><course>103.171608</course><hAcc>0.939182</hAcc><vAcc>0.694823</vAcc></extensions></trkpt>
      <trkpt lon="-123.324993" lat="44.626386"><ele>318.013489</ele><time>2021-01-17T20:42:41Z</time><extensions><speed>1.517426</speed><course>105.598244</course><hAcc>0.940001</hAcc><vAcc>0.695665</vAcc></extensions></trkpt>
      <trkpt lon="-123.324976" lat="44.626380"><ele>317.749634</ele><time>2021-01-17T20:42:42Z</time><extensions><speed>1.493989</speed><course>-1.000000</course><hAcc>0.940853</hAcc><vAcc>0.696541</vAcc></extensions></trkpt>
      <trkpt lon="-123.324960" lat="44.626373"><ele>317.469727</ele><time>2021-01-17T20:42:43Z</time><extensions><speed>1.468536</speed><course>-1.000000</course><hAcc>0.941692</hAcc><vAcc>0.697403</vAcc></extensions></trkpt>
      <trkpt lon="-123.324944" lat="44.626367"><ele>317.176361</ele><time>2021-01-17T20:42:44Z</time><extensions><speed>1.442782</speed><course>-1.000000</course><hAcc>0.942473</hAcc><vAcc>0.698206</vAcc></extensions></trkpt>
      <trkpt lon="-123.324928" lat="44.626361"><ele>316.872711</ele><time>2021-01-17T20:42:45Z</time><extensions><speed>1.418836</speed><course>-1.000000</course><hAcc>0.943156</hAcc><vAcc>0.698909</vAcc></extensions></trkpt>
      <trkpt lon="-123.324913" lat="44.626354"><ele>316.562805</ele><time>2021-01-17T20:42:46Z</time><extensions><speed>1.398840</speed><course>-1.000000</course><hAcc>0.943714</hAcc><vAcc>0.699484</vAcc></extensions></trkpt>
      <trkpt lon="-123.324897" lat="44.626348"><ele>316.251740</ele><time>2021-01-17T20:42:47Z</time><extensions><speed>1.384600</speed><course>-1.000000</course><hAcc>0.944134</hAcc><vAcc>0.699918</vAcc></extensions></trkpt>
      <trkpt lon="-123.324882" lat="44.626342"><ele>315.944641</ele><time>2021-01-17T20:42:48Z</time><extensions><speed>1.377057</speed><course>-1.000000</course><hAcc>0.944421</hAcc><vAcc>0.700217</vAcc></extensions></trkpt>
      <trkpt lon="-123.324867" lat="44.626336"><ele>315.645569</ele><time>2021-01-17T20:42:49Z</time><extensions><speed>1.376103</speed><course>-1.000000</course><hAcc>0.944588</hAcc><vAcc>0.700393</vAcc></extensions></trkpt>
      <trkpt lon="-123.324852" lat="44.626329"><ele>315.357086</ele><time>2021-01-17T20:42:50Z</time><extensions><speed>1.380409</speed><course>-1.000000</course><hAcc>0.944651</hAcc><vAcc>0.700460</vAcc></extensions></trkpt>
      <trkpt lon="-123.324837" lat="44.626323"><ele>315.080841</ele><time>2021-01-17T20:42:51Z</time><extensions><speed>1.388254</speed><course>134.870117</course><hAcc>0.944625</hAcc><vAcc>0.700437</vAcc></extensions></trkpt>
      <trkpt lon="-123.324822" lat="44.626316"><ele>314.817688</ele><time>2021-01-17T20:42:52Z</time><extensions><speed>1.398775</speed><course>139.684601</course><hAcc>0.944529</hAcc><vAcc>0.700340</vAcc></extensions></trkpt>
      <trkpt lon="-123.324807" lat="44.626310"><ele>314.567932</ele><time>2021-01-17T20:42:53Z</time><extensions><speed>1.411684</speed><course>158.605789</course><hAcc>0.944374</hAcc><vAcc>0.700183</vAcc></extensions></trkpt>
      <trkpt lon="-123.324793" lat="44.626303"><ele>314.331177</ele><time>2021-01-17T20:42:54Z</time><extensions><speed>1.426800</speed><course>140.593979</course><hAcc>0.944172</hAcc><vAcc>0.699976</vAcc></extensions></trkpt>
      <trkpt lon="-123.324778" lat="44.626296"><ele>314.106598</ele><time>2021-01-17T20:42:55Z</time><extensions><speed>1.443914</speed><course>138.293900</course><hAcc>0.943932</hAcc><vAcc>0.699731</vAcc></extensions></trkpt>
      <trkpt lon="-123.324763" lat="44.626288"><ele>313.892944</ele><time>2021-01-17T20:42:56Z</time><extensions><speed>1.462754</speed><course>133.447845</course><hAcc>0.943665</hAcc><vAcc>0.699457</vAcc></extensions></trkpt>
      <trkpt lon="-123.324748" lat="44.626280"><ele>313.689514</ele><time>2021-01-17T20:42:57Z</time><extensions><speed>1.482622</speed><course>137.389481</course><hAcc>0.943384</hAcc><vAcc>0.699168</vAcc></extensions></trkpt>
      <trkpt lon="-123.324733" lat="44.626272"><ele>313.495422</ele><time>2021-01-17T20:42:58Z</time><extensions><speed>1.501288</speed><course>137.852219</course><hAcc>0.943104</hAcc><vAcc>0.698881</vAcc></extensions></trkpt>
      <trkpt lon="-123.324718" lat="44.626264"><ele>313.309235</ele><time>2021-01-17T20:42:59Z</time><extensions><speed>1.516646</speed><course>137.829254</course><hAcc>0.942839</hAcc><vAcc>0.698609</vAcc></extensions></trkpt>
      <trkpt lon="-123.324703" lat="44.626255"><ele>313.129272</ele><time>2021-01-17T20:43:00Z</time><extensions><speed>1.528120</speed><course>146.520721</course><hAcc>0.942605</hAcc><vAcc>0.698368</vAcc></extensions></trkpt>
      <trkpt lon="-123.324688" lat="44.626246"><ele>312.953918</ele><time>2021-01-17T20:43:01Z</time><extensions><speed>1.535858</speed><course>135.445053</course><hAcc>0.942412</hAcc><vAcc>0.698170</vAcc></extensions></trkpt>
      <trkpt lon="-123.324673" lat="44.626237"><ele>312.781189</ele><time>2021-01-17T20:43:02Z</time><extensions><speed>1.540435</speed><course>131.055099</course><hAcc>0.942272</hAcc><vAcc>0.698025</vAcc></extensions></trkpt>
      <trkpt lon="-123.324659" lat="44.626228"><ele>312.609283</ele><time>2021-01-17T20:43:03Z</time><extensions><speed>1.542483</speed><course>123.200661</course><hAcc>0.942188</hAcc><vAcc>0.697937</vAcc></extensions></trkpt>
      <trkpt lon="-123.324644" lat="44.626219"><ele>312.436707</ele><time>2021-01-17T20:43:04Z</time><extensions><speed>1.542579</speed><course>123.474365</course><hAcc>0.942153</hAcc><vAcc>0.697898</vAcc></extensions></trkpt>
      <trkpt lon="-123.324630" lat="44.626209"><ele>312.262634</ele><time>2021-01-17T20:43:05Z</time><extensions><speed>1.540954</speed><course>121.337402</course><hAcc>0.942152</hAcc><vAcc>0.697894</vAcc></extensions></trkpt>
      <trkpt lon="-123.324616" lat="44.626200"><ele>312.086884</ele><time>2021-01-17T20:43:06Z</time><extensions><speed>1.538055</speed><course>-1.000000</course><hAcc>0.942163</hAcc><vAcc>0.697902</vAcc></extensions></trkpt>
      <trkpt lon="-123.324602" lat="44.626190"><ele>311.909973</ele><time>2021-01-17T20:43:07Z</time><extensions><speed>1.534590</speed><course>-1.000000</course><hAcc>0.942162</hAcc><vAcc>0.697899</vAcc></extensions></trkpt>
      <trkpt lon="-123.324588" lat="44.626181"><ele>311.733490</ele><time>2021-01-17T20:43:08Z</time><extensions><speed>1.531191</speed><course>107.534912</course><hAcc>0.942136</hAcc><vAcc>0.697869</vAcc></extensions></trkpt>
      <trkpt lon="-123.324573" lat="44.626172"><ele>311.560547</ele><time>2021-01-17T20:43:09Z</time><extensions><speed>1.528650</speed><course>-1.000000</course><hAcc>0.942074</hAcc><vAcc>0.697803</vAcc></extensions></trkpt>
      <trkpt lon="-123.324558" lat="44.626163"><ele>311.395081</ele><time>2021-01-17T20:43:10Z</time><extensions><speed>1.527627</speed><course>108.600426</course><hAcc>0.941968</hAcc><vAcc>0.697693</vAcc></extensions></trkpt>
      <trkpt lon="-123.324543" lat="44.626155"><ele>311.240021</ele><time>2021-01-17T20:43:11Z</time><extensions><speed>1.528790</speed><course>108.392113</course><hAcc>0.941814</hAcc><vAcc>0.697535</vAcc></extensions></trkpt>
      <trkpt lon="-123.324527" lat="44.626147"><ele>311.096069</ele><time>2021-01-17T20:43:12Z</time><extensions><speed>1.532256</speed><course>131.712875</course><hAcc>0.941615</hAcc><vAcc>0.697329</vAcc></extensions></trkpt>
      <trkpt lon="-123.324511" lat="44.626139"><ele>310.961945</ele><time>2021-01-17T20:43:13Z</time><extensions><speed>1.537000</speed><course>144.769653</course><hAcc>0.941381</hAcc><vAcc>0.697087</vAcc></extensions></trkpt>
      <trkpt lon="-123.324495" lat="44.626132"><ele>310.835663</ele><time>2021-01-17T20:43:14Z</time><extensions><speed>1.540937</speed><course>139.577591</course><hAcc>0.941121</hAcc><vAcc>0.696819</vAcc></extensions></trkpt>
      <trkpt lon="-123.324478" lat="44.626125"><ele>310.714966</ele><time>2021-01-17T20:43:15Z</time><extensions><speed>1.541973</speed><course>128.661179</course><hAcc>0.940836</hAcc><vAcc>0.696525</vAcc></extensions></trkpt>
      <trkpt lon="-123.324461" lat="44.626118"><ele>310.597595</ele><time>2021-01-17T20:43:16Z</time><extensions><speed>1.539247</speed><course>-1.000000</course><hAcc>0.940529</hAcc><vAcc>0.696208</vAcc></extensions></trkpt>
      <trkpt lon="-123.324444" lat="44.626112"><ele>310.480957</ele><time>2021-01-17T20:43:17Z</time><extensions><speed>1.532371</speed><course>-1.000000</course><hAcc>0.940203</hAcc><vAcc>0.695871</vAcc></extensions></trkpt>
      <trkpt lon="-123.324426" lat="44.626106"><ele>310.361908</ele><time>2021-01-17T20:43:18Z</time><extensions><speed>1.521335</speed><course>-1.000000</course><hAcc>0.939867</hAcc><vAcc>0.695525</vAcc></extensions></trkpt>
      <trkpt lon="-123.324409" lat="44.626100"><ele>310.236328</ele><time>2021-01-17T20:43:19Z</time><extensions><speed>1.506877</speed><course>-1.000000</course><hAcc>0.939532</hAcc><vAcc>0.695179</vAcc></extensions></trkpt>
      <trkpt lon="-123.324392" lat="44.626095"><ele>310.099487</ele><time>2021-01-17T20:43:20Z</time><extensions><speed>1.489861</speed><course>111.243103</course><hAcc>0.939206</hAcc><vAcc>0.694842</vAcc></extensions></trkpt>
      <trkpt lon="-123.324374" lat="44.626090"><ele>309.946167</ele><time>2021-01-17T20:43:21Z</time><extensions><speed>1.471129</speed><course>96.736237</course><hAcc>0.938898</hAcc><vAcc>0.694525</vAcc></extensions></trkpt>
      <trkpt lon="-123.324357" lat="44.626086"><ele>309.771851</ele><time>2021-01-17T20:43:22Z</time><extensions><speed>1.451739</speed><course>98.042442</course><hAcc>0.938616</hAcc><vAcc>0.694233</vAcc></extensions></trkpt>
      <trkpt lon="-123.324340" lat="44.626082"><ele>309.573517</ele><time>2021-01-17T20:43:23Z</time><extensions><speed>1.433383</speed><course>74.166267</course><hAcc>0.938363</hAcc><vAcc>0.693971</vAcc></extensions></trkpt>
      <trkpt lon="-123.324322" lat="44.626078"><ele>309.349609</ele><time>2021-01-17T20:43:24Z</time><extensions><speed>1.417988</speed><course>84.670074</course><hAcc>0.938141</hAcc><vAcc>0.693743</vAcc></extensions></trkpt>
      <trkpt lon="-123.324305" lat="44.626075"><ele>309.100037</ele><time>2021-01-17T20:43:25Z</time><extensions><speed>1.407189</speed><course>78.962189</course><hAcc>0.937958</hAcc><vAcc>0.693553</vAcc></extensions></trkpt>
      <trkpt lon="-123.324288" lat="44.626073"><ele>308.826782</ele><time>2021-01-17T20:43:26Z</time><extensions><speed>1.402247</speed><course>-1.000000</course><hAcc>0.937817</hAcc><vAcc>0.693408</vAcc></extensions></trkpt>
      <trkpt lon="-123.324270" lat="44.626071"><ele>308.533844</ele><time>2021-01-17T20:43:27Z</time><extensions><speed>1.404078</speed><course>61.431141</course><hAcc>0.937727</hAcc><vAcc>0.693315</vAcc></extensions></trkpt>
      <trkpt lon="-123.324252" lat="44.626070"><ele>308.226898</ele><time>2021-01-17T20:43:28Z</time><extensions><speed>1.412650</speed><course>62.841930</course><hAcc>0.937697</hAcc><vAcc>0.693284</vAcc></extensions></trkpt>
      <trkpt lon="-123.324235" lat="44.626069"><ele>307.912537</ele><time>2021-01-17T20:43:29Z</time><extensions><speed>1.426415</speed><course>58.450714</course><hAcc>0.937736</hAcc><vAcc>0.693324</vAcc></extensions></trkpt>
      <trkpt lon="-123.324216" lat="44.626069"><ele>307.597412</ele><time>2021-01-17T20:43:30Z</time><extensions><speed>1.442459</speed><course>33.301662</course><hAcc>0.937842</hAcc><vAcc>0.693432</vAcc></extensions></trkpt>
      <trkpt lon="-123.324198" lat="44.626069"><ele>307.287720</ele><time>2021-01-17T20:43:31Z</time><extensions><speed>1.457858</speed><course>16.739519</course><hAcc>0.937999</hAcc><vAcc>0.693590</vAcc></extensions></trkpt>
      <trkpt lon="-123.324180" lat="44.626070"><ele>306.988586</ele><time>2021-01-17T20:43:32Z</time><extensions><speed>1.470610</speed><course>14.243069</course><hAcc>0.938174</hAcc><vAcc>0.693768</vAcc></extensions></trkpt>
      <trkpt lon="-123.324161" lat="44.626072"><ele>306.703888</ele><time>2021-01-17T20:43:33Z</time><extensions><speed>1.480209</speed><course>6.726496</course><hAcc>0.938336</hAcc><vAcc>0.693932</vAcc></extensions></trkpt>
      <trkpt lon="-123.324143" lat="44.626073"><ele>306.435669</ele><time>2021-01-17T20:43:34Z</time><extensions><speed>1.486939</speed><course>4.262280</course><hAcc>0.938456</hAcc><vAcc>0.694054</vAcc></extensions></trkpt>
      <trkpt lon="-123.324124" lat="44.626075"><ele>306.184174</ele><time>2021-01-17T20:43:35Z</time><extensions><speed>1.490767</speed><course>358.257141</course><hAcc>0.938516</hAcc><vAcc>0.694113</vAcc></extensions></trkpt>
      <trkpt lon="-123.324106" lat="44.626078"><ele>305.948029</ele><time>2021-01-17T20:43:36Z</time><extensions><speed>1.492241</speed><course>354.499573</course><hAcc>0.938505</hAcc><vAcc>0.694101</vAcc></extensions></trkpt>
      <trkpt lon="-123.324087" lat="44.626081"><ele>305.724579</ele><time>2021-01-17T20:43:37Z</time><extensions><speed>1.492242</speed><course>329.762665</course><hAcc>0.938417</hAcc><vAcc>0.694010</vAcc></extensions></trkpt>
      <trkpt lon="-123.324069" lat="44.626084"><ele>305.510590</ele><time>2021-01-17T20:43:38Z</time><extensions><speed>1.491704</speed><course>346.401825</course><hAcc>0.938256</hAcc><vAcc>0.693844</vAcc></extensions></trkpt>
      <trkpt lon="-123.324051" lat="44.626088"><ele>305.302734</ele><time>2021-01-17T20:43:39Z</time><extensions><speed>1.491598</speed><course>351.675934</course><hAcc>0.938029</hAcc><vAcc>0.693612</vAcc></extensions></trkpt>
      <trkpt lon="-123.324033" lat="44.626092"><ele>305.097900</ele><time>2021-01-17T20:43:40Z</time><extensions><speed>1.493302</speed><course>348.866150</course><hAcc>0.937749</hAcc><vAcc>0.693324</vAcc></extensions></trkpt>
      <trkpt lon="-123.324016" lat="44.626097"><ele>304.893250</ele><time>2021-01-17T20:43:41Z</time><extensions><speed>1.498094</speed><course>7.559316</course><hAcc>0.937429</hAcc><vAcc>0.692996</vAcc></extensions></trkpt>
      <trkpt lon="-123.323998" lat="44.626102"><ele>304.686859</ele><time>2021-01-17T20:43:42Z</time><extensions><speed>1.506814</speed><course>1.855940</course><hAcc>0.937086</hAcc><vAcc>0.692644</vAcc></extensions></trkpt>
      <trkpt lon="-123.323981" lat="44.626108"><ele>304.479065</ele><time>2021-01-17T20:43:43Z</time><extensions><speed>1.519740</speed><course>0.105100</course><hAcc>0.936741</hAcc><vAcc>0.692290</vAcc></extensions></trkpt>
      <trkpt lon="-123.323964" lat="44.626114"><ele>304.273438</ele><time>2021-01-17T20:43:44Z</time><extensions><speed>1.536012</speed><course>1.496132</course><hAcc>0.936414</hAcc><vAcc>0.691954</vAcc></extensions></trkpt>
      <trkpt lon="-123.323946" lat="44.626120"><ele>304.076385</ele><time>2021-01-17T20:43:45Z</time><extensions><speed>1.554084</speed><course>6.635558</course><hAcc>0.936118</hAcc><vAcc>0.691650</vAcc></extensions></trkpt>
      <trkpt lon="-123.323929" lat="44.626127"><ele>303.895050</ele><time>2021-01-17T20:43:46Z</time><extensions><speed>1.571840</speed><course>324.290192</course><hAcc>0.935863</hAcc><vAcc>0.691389</vAcc></extensions></trkpt>
      <trkpt lon="-123.323912" lat="44.626135"><ele>303.735321</ele><time>2021-01-17T20:43:47Z</time><extensions><speed>1.587882</speed><course>321.880066</course><hAcc>0.935651</hAcc><vAcc>0.691172</vAcc></extensions></trkpt>
      <trkpt lon="-123.323895" lat="44.626142"><ele>303.601227</ele><time>2021-01-17T20:43:48Z</time><extensions><speed>1.602808</speed><course>-1.000000</course><hAcc>0.935480</hAcc><vAcc>0.690998</vAcc></extensions></trkpt>
      <trkpt lon="-123.323878" lat="44.626150"><ele>303.494934</ele><time>2021-01-17T20:43:48Z</time><extensions><speed>1.617647</speed><course>-1.000000</course><hAcc>0.935366</hAcc><vAcc>0.690879</vAcc></extensions></trkpt>
      <trkpt lon="-123.323861" lat="44.626158"><ele>303.417084</ele><time>2021-01-17T20:43:49Z</time><extensions><speed>1.633304</speed><course>-1.000000</course><hAcc>0.935304</hAcc><vAcc>0.690807</vAcc></extensions></trkpt>
      <trkpt lon="-123.323844" lat="44.626166"><ele>303.367706</ele><time>2021-01-17T20:43:50Z</time><extensions><speed>1.650792</speed><course>-1.000000</course><hAcc>0.935264</hAcc><vAcc>0.690760</vAcc></extensions></trkpt>
      <trkpt lon="-123.323827" lat="44.626175"><ele>303.346161</ele><time>2021-01-17T20:43:51Z</time><extensions><speed>1.670609</speed><course>17.267794</course><hAcc>0.935230</hAcc><vAcc>0.690719</vAcc></extensions></trkpt>
      <trkpt lon="-123.323809" lat="44.626183"><ele>303.351349</ele><time>2021-01-17T20:43:52Z</time><extensions><speed>1.692302</speed><course>357.818604</course><hAcc>0.935182</hAcc><vAcc>0.690666</vAcc></extensions></trkpt>
      <trkpt lon="-123.323791" lat="44.626192"><ele>303.381287</ele><time>2021-01-17T20:43:53Z</time><extensions><speed>1.714999</speed><course>-1.000000</course><hAcc>0.935107</hAcc><vAcc>0.690585</vAcc></extensions></trkpt>
      <trkpt lon="-123.323774" lat="44.626201"><ele>303.432770</ele><time>2021-01-17T20:43:54Z</time><extensions><speed>1.737183</speed><course>339.270660</course><hAcc>0.934999</hAcc><vAcc>0.690471</vAcc></extensions></trkpt>
      <trkpt lon="-123.323756" lat="44.626210"><ele>303.501923</ele><time>2021-01-17T20:43:55Z</time><extensions><speed>1.756616</speed><course>342.810455</course><hAcc>0.934861</hAcc><vAcc>0.690328</vAcc></extensions></trkpt>
      <trkpt lon="-123.323737" lat="44.626219"><ele>303.584656</ele><time>2021-01-17T20:43:56Z</time><extensions><speed>1.771678</speed><course>337.756042</course><hAcc>0.934704</hAcc><vAcc>0.690164</vAcc></extensions></trkpt>
      <trkpt lon="-123.323719" lat="44.626228"><ele>303.677094</ele><time>2021-01-17T20:43:57Z</time><extensions><speed>1.781226</speed><course>318.371368</course><hAcc>0.934537</hAcc><vAcc>0.689989</vAcc></extensions></trkpt>
      <trkpt lon="-123.323701" lat="44.626238"><ele>303.775726</ele><time>2021-01-17T20:43:58Z</time><extensions><speed>1.784789</speed><course>336.732269</course><hAcc>0.934366</hAcc><vAcc>0.689809</vAcc></extensions></trkpt>
      <trkpt lon="-123.323683" lat="44.626247"><ele>303.877502</ele><time>2021-01-17T20:43:59Z</time><extensions><speed>1.782958</speed><course>324.693054</course><hAcc>0.934192</hAcc><vAcc>0.689624</vAcc></extensions></trkpt>
      <trkpt lon="-123.323665" lat="44.626257"><ele>303.979401</ele><time>2021-01-17T20:44:00Z</time><extensions><speed>1.776064</speed><course>314.107056</course><hAcc>0.934008</hAcc><vAcc>0.689427</vAcc></extensions></trkpt>
      <trkpt lon="-123.323647" lat="44.626266"><ele>304.077911</ele><time>2021-01-17T20:44:01Z</time><extensions><speed>1.763914</speed><course>322.566559</course><hAcc>0.933803</hAcc><vAcc>0.689207</vAcc></extensions></trkpt>
      <trkpt lon="-123.323629" lat="44.626275"><ele>304.169403</ele><time>2021-01-17T20:44:03Z</time><extensions><speed>1.746284</speed><course>335.698090</course><hAcc>0.933541</hAcc><vAcc>0.688931</vAcc></extensions></trkpt>
      <trkpt lon="-123.323612" lat="44.626285"><ele>304.250336</ele><time>2021-01-17T20:44:04Z</time><extensions><speed>1.723267</speed><course>346.132324</course><hAcc>0.933198</hAcc><vAcc>0.688577</vAcc></extensions></trkpt>
      <trkpt lon="-123.323595" lat="44.626294"><ele>304.318237</ele><time>2021-01-17T20:44:05Z</time><extensions><speed>1.695065</speed><course>350.980804</course><hAcc>0.932772</hAcc><vAcc>0.688137</vAcc></extensions></trkpt>
      <trkpt lon="-123.323578" lat="44.626304"><ele>304.371674</ele><time>2021-01-17T20:44:06Z</time><extensions><speed>1.662024</speed><course>-1.000000</course><hAcc>0.932255</hAcc><vAcc>0.687602</vAcc></extensions></trkpt>
      <trkpt lon="-123.323562" lat="44.626313"><ele>304.410156</ele><time>2021-01-17T20:44:07Z</time><extensions><speed>1.624638</speed><course>341.260498</course><hAcc>0.931655</hAcc><vAcc>0.686980</vAcc></extensions></trkpt>
      <trkpt lon="-123.323546" lat="44.626322"><ele>304.433777</ele><time>2021-01-17T20:44:08Z</time><extensions><speed>1.583540</speed><course>-1.000000</course><hAcc>0.930991</hAcc><vAcc>0.686294</vAcc></extensions></trkpt>
      <trkpt lon="-123.323531" lat="44.626331"><ele>304.442719</ele><time>2021-01-17T20:44:09Z</time><extensions><speed>1.539479</speed><course>338.513245</course><hAcc>0.930290</hAcc><vAcc>0.685567</vAcc></extensions></trkpt>
      <trkpt lon="-123.323516" lat="44.626340"><ele>304.436768</ele><time>2021-01-17T20:44:10Z</time><extensions><speed>1.493233</speed><course>357.735413</course><hAcc>0.929573</hAcc><vAcc>0.684824</vAcc></extensions></trkpt>
      <trkpt lon="-123.323502" lat="44.626348"><ele>304.415710</ele><time>2021-01-17T20:44:11Z</time><extensions><speed>1.445817</speed><course>5.993009</course><hAcc>0.928855</hAcc><vAcc>0.684077</vAcc></extensions></trkpt>
      <trkpt lon="-123.323489" lat="44.626357"><ele>304.379730</ele><time>2021-01-17T20:44:12Z</time><extensions><speed>1.399178</speed><course>8.318940</course><hAcc>0.928141</hAcc><vAcc>0.683335</vAcc></extensions></trkpt>
      <trkpt lon="-123.323476" lat="44.626365"><ele>304.329041</ele><time>2021-01-17T20:44:13Z</time><extensions><speed>1.356302</speed><course>-1.000000</course><hAcc>0.927440</hAcc><vAcc>0.682606</vAcc></extensions></trkpt>
      <trkpt lon="-123.323463" lat="44.626373"><ele>304.263672</ele><time>2021-01-17T20:44:14Z</time><extensions><speed>1.320887</speed><course>-1.000000</course><hAcc>0.926765</hAcc><vAcc>0.681903</vAcc></extensions></trkpt>
      <trkpt lon="-123.323452" lat="44.626382"><ele>304.183655</ele><time>2021-01-17T20:44:15Z</time><extensions><speed>1.296073</speed><course>-1.000000</course><hAcc>0.926127</hAcc><vAcc>0.681239</vAcc></extensions></trkpt>
      <trkpt lon="-123.323440" lat="44.626390"><ele>304.089050</ele><time>2021-01-17T20:44:16Z</time><extensions><speed>1.283072</speed><course>-1.000000</course><hAcc>0.925537</hAcc><vAcc>0.680624</vAcc></extensions></trkpt>
      <trkpt lon="-123.323430" lat="44.626398"><ele>303.979828</ele><time>2021-01-17T20:44:17Z</time><extensions><speed>1.282660</speed><course>-1.000000</course><hAcc>0.925004</hAcc><vAcc>0.680069</vAcc></extensions></trkpt>
      <trkpt lon="-123.323419" lat="44.626407"><ele>303.855682</ele><time>2021-01-17T20:44:18Z</time><extensions><speed>1.295081</speed><course>-1.000000</course><hAcc>0.924540</hAcc><vAcc>0.679586</vAcc></extensions></trkpt>
      <trkpt lon="-123.323408" lat="44.626416"><ele>303.715973</ele><time>2021-01-17T20:44:19Z</time><extensions><speed>1.319193</speed><course>-1.000000</course><hAcc>0.924163</hAcc><vAcc>0.679193</vAcc></extensions></trkpt>
      <trkpt lon="-123.323397" lat="44.626425"><ele>303.559998</ele><time>2021-01-17T20:44:20Z</time><extensions><speed>1.353707</speed><course>281.767426</course><hAcc>0.923897</hAcc><vAcc>0.678915</vAcc></extensions></trkpt>
      <trkpt lon="-123.323387" lat="44.626435"><ele>303.387360</ele><time>2021-01-17T20:44:21Z</time><extensions><speed>1.396231</speed><course>300.052368</course><hAcc>0.923744</hAcc><vAcc>0.678753</vAcc></extensions></trkpt>
      <trkpt lon="-123.323376" lat="44.626445"><ele>303.198547</ele><time>2021-01-17T20:44:22Z</time><extensions><speed>1.442825</speed><course>299.435669</course><hAcc>0.923674</hAcc><vAcc>0.678677</vAcc></extensions></trkpt>
      <trkpt lon="-123.323364" lat="44.626456"><ele>302.995422</ele><time>2021-01-17T20:44:23Z</time><extensions><speed>1.488868</speed><course>309.819427</course><hAcc>0.923644</hAcc><vAcc>0.678641</vAcc></extensions></trkpt>
      <trkpt lon="-123.323353" lat="44.626466"><ele>302.781586</ele><time>2021-01-17T20:44:24Z</time><extensions><speed>1.530564</speed><course>-1.000000</course><hAcc>0.923614</hAcc><vAcc>0.678606</vAcc></extensions></trkpt>
      <trkpt lon="-123.323341" lat="44.626478"><ele>302.563019</ele><time>2021-01-17T20:44:25Z</time><extensions><speed>1.565828</speed><course>326.891235</course><hAcc>0.923558</hAcc><vAcc>0.678544</vAcc></extensions></trkpt>
      <trkpt lon="-123.323330" lat="44.626489"><ele>302.347321</ele><time>2021-01-17T20:44:26Z</time><extensions><speed>1.592516</speed><course>339.004791</course><hAcc>0.923465</hAcc><vAcc>0.678445</vAcc></extensions></trkpt>
      <trkpt lon="-123.323318" lat="44.626501"><ele>302.141327</ele><time>2021-01-17T20:44:27Z</time><extensions><speed>1.609519</speed><course>341.928619</course><hAcc>0.923319</hAcc><vAcc>0.678289</vAcc></extensions></trkpt>
      <trkpt lon="-123.323306" lat="44.626513"><ele>301.949585</ele><time>2021-01-17T20:44:28Z</time><extensions><speed>1.617344</speed><course>-1.000000</course><hAcc>0.923095</hAcc><vAcc>0.678053</vAcc></extensions></trkpt>
      <trkpt lon="-123.323295" lat="44.626525"><ele>301.774231</ele><time>2021-01-17T20:44:29Z</time><extensions><speed>1.617138</speed><course>-1.000000</course><hAcc>0.922771</hAcc><vAcc>0.677713</vAcc></extensions></trkpt>
      <trkpt lon="-123.323283" lat="44.626537"><ele>301.615265</ele><time>2021-01-17T20:44:30Z</time><extensions><speed>1.610790</speed><course>328.935608</course><hAcc>0.922336</hAcc><vAcc>0.677259</vAcc></extensions></trkpt>
      <trkpt lon="-123.323271" lat="44.626548"><ele>301.471252</ele><time>2021-01-17T20:44:31Z</time><extensions><speed>1.599762</speed><course>326.800262</course><hAcc>0.921794</hAcc><vAcc>0.676695</vAcc></extensions></trkpt>
      <trkpt lon="-123.323260" lat="44.626560"><ele>301.340027</ele><time>2021-01-17T20:44:32Z</time><extensions><speed>1.585441</speed><course>351.157928</course><hAcc>0.921167</hAcc><vAcc>0.676043</vAcc></extensions></trkpt>
      <trkpt lon="-123.323248" lat="44.626572"><ele>301.219421</ele><time>2021-01-17T20:44:33Z</time><extensions><speed>1.569993</speed><course>3.936445</course><hAcc>0.920492</hAcc><vAcc>0.675342</vAcc></extensions></trkpt>
      <trkpt lon="-123.323237" lat="44.626583"><ele>301.107117</ele><time>2021-01-17T20:44:34Z</time><extensions><speed>1.554810</speed><course>4.441267</course><hAcc>0.919820</hAcc><vAcc>0.674644</vAcc></extensions></trkpt>
      <trkpt lon="-123.323225" lat="44.626594"><ele>300.999512</ele><time>2021-01-17T20:44:35Z</time><extensions><speed>1.540584</speed><course>352.188629</course><hAcc>0.919204</hAcc><vAcc>0.674005</vAcc></extensions></trkpt>
      <trkpt lon="-123.323214" lat="44.626605"><ele>300.891602</ele><time>2021-01-17T20:44:36Z</time><extensions><speed>1.527557</speed><course>350.179871</course><hAcc>0.918694</hAcc><vAcc>0.673476</vAcc></extensions></trkpt>
      <trkpt lon="-123.323203" lat="44.626617"><ele>300.777588</ele><time>2021-01-17T20:44:37Z</time><extensions><speed>1.515158</speed><course>352.472778</course><hAcc>0.918328</hAcc><vAcc>0.673097</vAcc></extensions></trkpt>
      <trkpt lon="-123.323191" lat="44.626628"><ele>300.651001</ele><time>2021-01-17T20:44:38Z</time><extensions><speed>1.502445</speed><course>355.143982</course><hAcc>0.918133</hAcc><vAcc>0.672897</vAcc></extensions></trkpt>
      <trkpt lon="-123.323181" lat="44.626639"><ele>300.505127</ele><time>2021-01-17T20:44:39Z</time><extensions><speed>1.487349</speed><course>359.213257</course><hAcc>0.918132</hAcc><vAcc>0.672899</vAcc></extensions></trkpt>
      <trkpt lon="-123.323170" lat="44.626650"><ele>300.334198</ele><time>2021-01-17T20:44:40Z</time><extensions><speed>1.468458</speed><course>8.033879</course><hAcc>0.918356</hAcc><vAcc>0.673135</vAcc></extensions></trkpt>
      <trkpt lon="-123.323160" lat="44.626660"><ele>300.134491</ele><time>2021-01-17T20:44:41Z</time><extensions><speed>1.446077</speed><course>29.860607</course><hAcc>0.918845</hAcc><vAcc>0.673647</vAcc></extensions></trkpt>
      <trkpt lon="-123.323150" lat="44.626671"><ele>299.903992</ele><time>2021-01-17T20:44:42Z</time><extensions><speed>1.421372</speed><course>7.881889</course><hAcc>0.919624</hAcc><vAcc>0.674458</vAcc></extensions></trkpt>
      <trkpt lon="-123.323141" lat="44.626682"><ele>299.641083</ele><time>2021-01-17T20:44:43Z</time><extensions><speed>1.396144</speed><course>3.549458</course><hAcc>0.920683</hAcc><vAcc>0.675556</vAcc></extensions></trkpt>
      <trkpt lon="-123.323132" lat="44.626693"><ele>299.345032</ele><time>2021-01-17T20:44:44Z</time><extensions><speed>1.372158</speed><course>1.870256</course><hAcc>0.921959</hAcc><vAcc>0.676880</vAcc></extensions></trkpt>
      <trkpt lon="-123.323124" lat="44.626704"><ele>299.016571</ele><time>2021-01-17T20:44:45Z</time><extensions><speed>1.351172</speed><course>1.850423</course><hAcc>0.923355</hAcc><vAcc>0.678325</vAcc></extensions></trkpt>
      <trkpt lon="-123.323116" lat="44.626714"><ele>298.657684</ele><time>2021-01-17T20:44:46Z</time><extensions><speed>1.334888</speed><course>359.658569</course><hAcc>0.924758</hAcc><vAcc>0.679776</vAcc></extensions></trkpt>
      <trkpt lon="-123.323108" lat="44.626725"><ele>298.271118</ele><time>2021-01-17T20:44:47Z</time><extensions><speed>1.323572</speed><course>354.783691</course><hAcc>0.926056</hAcc><vAcc>0.681119</vAcc></extensions></trkpt>
      <trkpt lon="-123.323100" lat="44.626735"><ele>297.859772</ele><time>2021-01-17T20:44:48Z</time><extensions><speed>1.317051</speed><course>352.265472</course><hAcc>0.927146</hAcc><vAcc>0.682248</vAcc></extensions></trkpt>
      <trkpt lon="-123.323092" lat="44.626746"><ele>297.426788</ele><time>2021-01-17T20:44:49Z</time><extensions><speed>1.315632</speed><course>340.436920</course><hAcc>0.927953</hAcc><vAcc>0.683086</vAcc></extensions></trkpt>
      <trkpt lon="-123.323084" lat="44.626756"><ele>296.976471</ele><time>2021-01-17T20:44:50Z</time><extensions><speed>1.318701</speed><course>341.717743</course><hAcc>0.928440</hAcc><vAcc>0.683596</vAcc></extensions></trkpt>
      <trkpt lon="-123.323077" lat="44.626767"><ele>296.514801</ele><time>2021-01-17T20:44:51Z</time><extensions><speed>1.325702</speed><course>329.944275</course><hAcc>0.928613</hAcc><vAcc>0.683783</vAcc></extensions></trkpt>
      <trkpt lon="-123.323069" lat="44.626777"><ele>296.048370</ele><time>2021-01-17T20:44:52Z</time><extensions><speed>1.336491</speed><course>347.444641</course><hAcc>0.928516</hAcc><vAcc>0.683694</vAcc></extensions></trkpt>
      <trkpt lon="-123.323061" lat="44.626788"><ele>295.583282</ele><time>2021-01-17T20:44:53Z</time><extensions><speed>1.350707</speed><course>1.823776</course><hAcc>0.928228</hAcc><vAcc>0.683407</vAcc></extensions></trkpt>
      <trkpt lon="-123.323053" lat="44.626799"><ele>295.125336</ele><time>2021-01-17T20:44:54Z</time><extensions><speed>1.367887</speed><course>7.569431</course><hAcc>0.927842</hAcc><vAcc>0.683018</vAcc></extensions></trkpt>
      <trkpt lon="-123.323045" lat="44.626810"><ele>294.680725</ele><time>2021-01-17T20:44:55Z</time><extensions><speed>1.386248</speed><course>9.237578</course><hAcc>0.927451</hAcc><vAcc>0.682621</vAcc></extensions></trkpt>
      <trkpt lon="-123.323037" lat="44.626821"><ele>294.255157</ele><time>2021-01-17T20:44:56Z</time><extensions><speed>1.403227</speed><course>15.802356</course><hAcc>0.927127</hAcc><vAcc>0.682291</vAcc></extensions></trkpt>
      <trkpt lon="-123.323029" lat="44.626832"><ele>293.852570</ele><time>2021-01-17T20:44:57Z</time><extensions><speed>1.417077</speed><course>25.629736</course><hAcc>0.926912</hAcc><vAcc>0.682072</vAcc></extensions></trkpt>
      <trkpt lon="-123.323021" lat="44.626844"><ele>293.475403</ele><time>2021-01-17T20:44:58Z</time><extensions><speed>1.427298</speed><course>15.382177</course><hAcc>0.926826</hAcc><vAcc>0.681983</vAcc></extensions></trkpt>
      <trkpt lon="-123.323013" lat="44.626855"><ele>293.124847</ele><time>2021-01-17T20:44:59Z</time><extensions><speed>1.434435</speed><course>-1.000000</course><hAcc>0.926865</hAcc><vAcc>0.682021</vAcc></extensions></trkpt>
      <trkpt lon="-123.323005" lat="44.626867"><ele>292.800903</ele><time>2021-01-17T20:45:00Z</time><extensions><speed>1.439645</speed><course>9.233122</course><hAcc>0.927013</hAcc><vAcc>0.682172</vAcc></extensions></trkpt>
      <trkpt lon="-123.322996" lat="44.626878"><ele>292.503082</ele><time>2021-01-17T20:45:01Z</time><extensions><speed>1.444476</speed><course>1.414286</course><hAcc>0.927253</hAcc><vAcc>0.682417</vAcc></extensions></trkpt>
      <trkpt lon="-123.322988" lat="44.626890"><ele>292.230560</ele><time>2021-01-17T20:45:02Z</time><extensions><speed>1.449831</speed><course>-1.000000</course><hAcc>0.927571</hAcc><vAcc>0.682740</vAcc></extensions></trkpt>
      <trkpt lon="-123.322980" lat="44.626902"><ele>291.982147</ele><time>2021-01-17T20:45:03Z</time><extensions><speed>1.456425</speed><course>-1.000000</course><hAcc>0.927936</hAcc><vAcc>0.683111</vAcc></extensions></trkpt>
      <trkpt lon="-123.322971" lat="44.626913"><ele>291.756134</ele><time>2021-01-17T20:45:04Z</time><extensions><speed>1.464725</speed><course>-1.000000</course><hAcc>0.928287</hAcc><vAcc>0.683467</vAcc></extensions></trkpt>
      <trkpt lon="-123.322962" lat="44.626925"><ele>291.550354</ele><time>2021-01-17T20:45:05Z</time><extensions><speed>1.474556</speed><course>-1.000000</course><hAcc>0.928542</hAcc><vAcc>0.683725</vAcc></extensions></trkpt>
      <trkpt lon="-123.322953" lat="44.626936"><ele>291.361542</ele><time>2021-01-17T20:45:06Z</time><extensions><speed>1.485277</speed><course>41.735397</course><hAcc>0.928625</hAcc><vAcc>0.683807</vAcc></extensions></trkpt>
      <trkpt lon="-123.322943" lat="44.626948"><ele>291.185669</ele><time>2021-01-17T20:45:07Z</time><extensions><speed>1.495708</speed><course>18.404177</course><hAcc>0.928499</hAcc><vAcc>0.683678</vAcc></extensions></trkpt>
      <trkpt lon="-123.322933" lat="44.626959"><ele>291.018707</ele><time>2021-01-17T20:45:08Z</time><extensions><speed>1.504654</speed><course>31.154886</course><hAcc>0.928178</hAcc><vAcc>0.683349</vAcc></extensions></trkpt>
      <trkpt lon="-123.322922" lat="44.626970"><ele>290.857208</ele><time>2021-01-17T20:45:09Z</time><extensions><speed>1.511636</speed><course>29.378351</course><hAcc>0.927720</hAcc><vAcc>0.682880</vAcc></extensions></trkpt>
      <trkpt lon="-123.322911" lat="44.626982"><ele>290.698639</ele><time>2021-01-17T20:45:10Z</time><extensions><speed>1.517297</speed><course>37.374931</course><hAcc>0.927208</hAcc><vAcc>0.682354</vAcc></extensions></trkpt>
      <trkpt lon="-123.322900" lat="44.626993"><ele>290.541107</ele><time>2021-01-17T20:45:11Z</time><extensions><speed>1.522985</speed><course>27.523811</course><hAcc>0.926718</hAcc><vAcc>0.681847</vAcc></extensions></trkpt>
      <trkpt lon="-123.322888" lat="44.627003"><ele>290.383240</ele><time>2021-01-17T20:45:12Z</time><extensions><speed>1.529913</speed><course>39.783733</course><hAcc>0.926296</hAcc><vAcc>0.681409</vAcc></extensions></trkpt>
      <trkpt lon="-123.322876" lat="44.627014"><ele>290.223877</ele><time>2021-01-17T20:45:13Z</time><extensions><speed>1.537972</speed><course>30.053238</course><hAcc>0.925957</hAcc><vAcc>0.681051</vAcc></extensions></trkpt>
      <trkpt lon="-123.322863" lat="44.627025"><ele>290.061981</ele><time>2021-01-17T20:45:14Z</time><extensions><speed>1.546315</speed><course>16.751545</course><hAcc>0.925670</hAcc><vAcc>0.680745</vAcc></extensions></trkpt>
      <trkpt lon="-123.322850" lat="44.627035"><ele>289.896332</ele><time>2021-01-17T20:45:15Z</time><extensions><speed>1.554033</speed><course>27.012360</course><hAcc>0.925372</hAcc><vAcc>0.680427</vAcc></extensions></trkpt>
      <trkpt lon="-123.322837" lat="44.627045"><ele>289.725403</ele><time>2021-01-17T20:45:16Z</time><extensions><speed>1.560490</speed><course>38.125782</course><hAcc>0.924990</hAcc><vAcc>0.680023</vAcc></extensions></trkpt>
      <trkpt lon="-123.322823" lat="44.627055"><ele>289.547089</ele><time>2021-01-17T20:45:17Z</time><extensions><speed>1.565421</speed><course>26.790562</course><hAcc>0.924472</hAcc><vAcc>0.679478</vAcc></extensions></trkpt>
      <trkpt lon="-123.322808" lat="44.627065"><ele>289.359802</ele><time>2021-01-17T20:45:18Z</time><extensions><speed>1.568076</speed><course>16.643049</course><hAcc>0.923803</hAcc><vAcc>0.678780</vAcc></extensions></trkpt>
      <trkpt lon="-123.322793" lat="44.627074"><ele>289.162933</ele><time>2021-01-17T20:45:19Z</time><extensions><speed>1.567877</speed><course>27.758890</course><hAcc>0.923018</hAcc><vAcc>0.677962</vAcc></extensions></trkpt>
      <trkpt lon="-123.322778" lat="44.627083"><ele>288.956909</ele><time>2021-01-17T20:45:20Z</time><extensions><speed>1.564229</speed><course>37.875229</course><hAcc>0.922176</hAcc><vAcc>0.677087</vAcc></extensions></trkpt>
      <trkpt lon="-123.322762" lat="44.627091"><ele>288.743103</ele><time>2021-01-17T20:45:21Z</time><extensions><speed>1.557268</speed><course>41.910976</course><hAcc>0.921354</hAcc><vAcc>0.676231</vAcc></extensions></trkpt>
      <trkpt lon="-123.322746" lat="44.627099"><ele>288.524200</ele><time>2021-01-17T20:45:22Z</time><extensions><speed>1.548653</speed><course>47.594402</course><hAcc>0.920630</hAcc><vAcc>0.675471</vAcc></extensions></trkpt>
      <trkpt lon="-123.322729" lat="44.627105"><ele>288.303406</ele><time>2021-01-17T20:45:23Z</time><extensions><speed>1.539589</speed><course>45.894970</course><hAcc>0.920067</hAcc><vAcc>0.674874</vAcc></extensions></trkpt>
      <trkpt lon="-123.322711" lat="44.627112"><ele>288.083527</ele><time>2021-01-17T20:45:24Z</time><extensions><speed>1.530662</speed><course>40.511505</course><hAcc>0.919687</hAcc><vAcc>0.674459</vAcc></extensions></trkpt>
      <trkpt lon="-123.322694" lat="44.627117"><ele>287.866669</ele><time>2021-01-17T20:45:25Z</time><extensions><speed>1.521218</speed><course>30.149328</course><hAcc>0.919453</hAcc><vAcc>0.674186</vAcc></extensions></trkpt>
      <trkpt lon="-123.322676" lat="44.627121"><ele>287.653870</ele><time>2021-01-17T20:45:26Z</time><extensions><speed>1.509105</speed><course>351.419952</course><hAcc>0.919274</hAcc><vAcc>0.673960</vAcc></extensions></trkpt>
      <trkpt lon="-123.322657" lat="44.627125"><ele>287.445129</ele><time>2021-01-17T20:45:27Z</time><extensions><speed>1.492966</speed><course>355.546722</course><hAcc>0.919043</hAcc><vAcc>0.673668</vAcc></extensions></trkpt>
      <trkpt lon="-123.322639" lat="44.627127"><ele>287.239777</ele><time>2021-01-17T20:45:28Z</time><extensions><speed>1.472068</speed><course>9.255033</course><hAcc>0.918659</hAcc><vAcc>0.673200</vAcc></extensions></trkpt>
      <trkpt lon="-123.322621" lat="44.627129"><ele>287.036591</ele><time>2021-01-17T20:45:29Z</time><extensions><speed>1.445011</speed><course>19.109468</course><hAcc>0.918045</hAcc><vAcc>0.672476</vAcc></extensions></trkpt>
      <trkpt lon="-123.322603" lat="44.627130"><ele>286.834137</ele><time>2021-01-17T20:45:30Z</time><extensions><speed>1.410391</speed><course>0.752836</course><hAcc>0.917173</hAcc><vAcc>0.671464</vAcc></extensions></trkpt>
      <trkpt lon="-123.322585" lat="44.627129"><ele>286.632050</ele><time>2021-01-17T20:45:31Z</time><extensions><speed>1.368805</speed><course>10.446225</course><hAcc>0.916066</hAcc><vAcc>0.670185</vAcc></extensions></trkpt>
      <trkpt lon="-123.322569" lat="44.627128"><ele>286.431946</ele><time>2021-01-17T20:45:32Z</time><extensions><speed>1.324593</speed><course>18.882030</course><hAcc>0.914785</hAcc><vAcc>0.668703</vAcc></extensions></trkpt>
      <trkpt lon="-123.322553" lat="44.627125"><ele>286.237732</ele><time>2021-01-17T20:45:33Z</time><extensions><speed>1.285323</speed><course>25.755617</course><hAcc>0.913421</hAcc><vAcc>0.667113</vAcc></extensions></trkpt>
      <trkpt lon="-123.322538" lat="44.627120"><ele>286.054596</ele><time>2021-01-17T20:45:34Z</time><extensions><speed>1.260780</speed><course>17.925442</course><hAcc>0.912081</hAcc><vAcc>0.665530</vAcc></extensions></trkpt>
      <trkpt lon="-123.322524" lat="44.627114"><ele>285.887756</ele><time>2021-01-17T20:45:35Z</time><extensions><speed>1.259607</speed><course>13.140949</course><hAcc>0.910877</hAcc><vAcc>0.664069</vAcc></extensions></trkpt>
      <trkpt lon="-123.322512" lat="44.627107"><ele>285.740265</ele><time>2021-01-17T20:45:36Z</time><extensions><speed>1.285482</speed><course>1.223947</course><hAcc>0.909881</hAcc><vAcc>0.662808</vAcc></extensions></trkpt>
      <trkpt lon="-123.322501" lat="44.627098"><ele>285.612183</ele><time>2021-01-17T20:45:37Z</time><extensions><speed>1.337434</speed><course>2.777180</course><hAcc>0.909122</hAcc><vAcc>0.661786</vAcc></extensions></trkpt>
      <trkpt lon="-123.322492" lat="44.627088"><ele>285.500702</ele><time>2021-01-17T20:45:38Z</time><extensions><speed>1.411396</speed><course>3.171107</course><hAcc>0.908610</hAcc><vAcc>0.661035</vAcc></extensions></trkpt>
      <trkpt lon="-123.322484" lat="44.627076"><ele>285.400848</ele><time>2021-01-17T20:45:39Z</time><extensions><speed>1.502021</speed><course>355.631989</course><hAcc>0.908341</hAcc><vAcc>0.660584</vAcc></extensions></trkpt>
      <trkpt lon="-123.322477" lat="44.627063"><ele>285.306061</ele><time>2021-01-17T20:45:40Z</time><extensions><speed>1.602652</speed><course>353.362335</course><hAcc>0.908326</hAcc><vAcc>0.660462</vAcc></extensions></trkpt>
      <trkpt lon="-123.322472" lat="44.627049"><ele>285.209320</ele><time>2021-01-17T20:45:41Z</time><extensions><speed>1.706182</speed><course>354.168304</course><hAcc>0.908616</hAcc><vAcc>0.660711</vAcc></extensions></trkpt>
      <trkpt lon="-123.322468" lat="44.627033"><ele>285.104675</ele><time>2021-01-17T20:45:42Z</time><extensions><speed>1.806113</speed><course>359.940430</course><hAcc>0.909244</hAcc><vAcc>0.661338</vAcc></extensions></trkpt>
      <trkpt lon="-123.322466" lat="44.627016"><ele>284.989166</ele><time>2021-01-17T20:45:43Z</time><extensions><speed>1.898043</speed><course>359.231323</course><hAcc>0.910191</hAcc><vAcc>0.662297</vAcc></extensions></trkpt>
      <trkpt lon="-123.322464" lat="44.626999"><ele>284.863464</ele><time>2021-01-17T20:45:44Z</time><extensions><speed>1.979792</speed><course>352.536652</course><hAcc>0.911387</hAcc><vAcc>0.663508</vAcc></extensions></trkpt>
      <trkpt lon="-123.322463" lat="44.626981"><ele>284.730469</ele><time>2021-01-17T20:45:45Z</time><extensions><speed>2.048668</speed><course>345.571808</course><hAcc>0.912744</hAcc><vAcc>0.664887</vAcc></extensions></trkpt>
      <trkpt lon="-123.322463" lat="44.626962"><ele>284.592529</ele><time>2021-01-17T20:45:46Z</time><extensions><speed>2.101509</speed><course>357.022125</course><hAcc>0.914174</hAcc><vAcc>0.666368</vAcc></extensions></trkpt>
      <trkpt lon="-123.322464" lat="44.626943"><ele>284.450806</ele><time>2021-01-17T20:45:47Z</time><extensions><speed>2.136591</speed><course>328.155426</course><hAcc>0.915603</hAcc><vAcc>0.667905</vAcc></extensions></trkpt>
      <trkpt lon="-123.322465" lat="44.626924"><ele>284.305847</ele><time>2021-01-17T20:45:48Z</time><extensions><speed>2.153084</speed><course>328.155426</course><hAcc>0.916994</hAcc><vAcc>0.669482</vAcc></extensions></trkpt>
      <trkpt lon="-123.322466" lat="44.626905"><ele>284.157684</ele><time>2021-01-17T20:45:49Z</time><extensions><speed>2.149376</speed><course>328.155426</course><hAcc>0.918350</hAcc><vAcc>0.671093</vAcc></extensions></trkpt>
      <trkpt lon="-123.322468" lat="44.626885"><ele>284.006195</ele><time>2021-01-17T20:45:50Z</time><extensions><speed>2.123654</speed><course>328.155426</course><hAcc>0.919664</hAcc><vAcc>0.672707</vAcc></extensions></trkpt>
      <trkpt lon="-123.322469" lat="44.626867"><ele>283.851685</ele><time>2021-01-17T20:45:51Z</time><extensions><speed>2.079762</speed><course>328.155426</course><hAcc>0.920889</hAcc><vAcc>0.674238</vAcc></extensions></trkpt>
      <trkpt lon="-123.322471" lat="44.626848"><ele>283.695862</ele><time>2021-01-17T20:45:52Z</time><extensions><speed>2.024702</speed><course>346.063782</course><hAcc>0.921928</hAcc><vAcc>0.675555</vAcc></extensions></trkpt>
      <trkpt lon="-123.322472" lat="44.626830"><ele>283.542145</ele><time>2021-01-17T20:45:53Z</time><extensions><speed>1.962674</speed><course>330.724579</course><hAcc>0.922687</hAcc><vAcc>0.676542</vAcc></extensions></trkpt>
      <trkpt lon="-123.322473" lat="44.626813"><ele>283.394501</ele><time>2021-01-17T20:45:54Z</time><extensions><speed>1.897036</speed><course>345.059082</course><hAcc>0.923118</hAcc><vAcc>0.677138</vAcc></extensions></trkpt>
      <trkpt lon="-123.322473" lat="44.626796"><ele>283.256104</ele><time>2021-01-17T20:45:55Z</time><extensions><speed>1.830959</speed><course>355.246979</course><hAcc>0.923246</hAcc><vAcc>0.677370</vAcc></extensions></trkpt>
      <trkpt lon="-123.322473" lat="44.626780"><ele>283.129517</ele><time>2021-01-17T20:45:56Z</time><extensions><speed>1.767708</speed><course>6.603757</course><hAcc>0.923172</hAcc><vAcc>0.677346</vAcc></extensions></trkpt>
      <trkpt lon="-123.322473" lat="44.626764"><ele>283.016449</ele><time>2021-01-17T20:45:57Z</time><extensions><speed>1.709924</speed><course>11.296848</course><hAcc>0.923045</hAcc><vAcc>0.677234</vAcc></extensions></trkpt>
      <trkpt lon="-123.322473" lat="44.626749"><ele>282.916656</ele><time>2021-01-17T20:45:58Z</time><extensions><speed>1.658899</speed><course>348.141571</course><hAcc>0.923014</hAcc><vAcc>0.677204</vAcc></extensions></trkpt>
      <trkpt lon="-123.322472" lat="44.626734"><ele>282.827545</ele><time>2021-01-17T20:45:59Z</time><extensions><speed>1.615793</speed><course>322.178833</course><hAcc>0.923179</hAcc><vAcc>0.677380</vAcc></extensions></trkpt>
      <trkpt lon="-123.322472" lat="44.626720"><ele>282.744202</ele><time>2021-01-17T20:46:00Z</time><extensions><speed>1.581141</speed><course>29.019629</course><hAcc>0.923559</hAcc><vAcc>0.677799</vAcc></extensions></trkpt>
      <trkpt lon="-123.322471" lat="44.626706"><ele>282.659760</ele><time>2021-01-17T20:46:01Z</time><extensions><speed>1.552609</speed><course>1.629805</course><hAcc>0.924120</hAcc><vAcc>0.678420</vAcc></extensions></trkpt>
      <trkpt lon="-123.322470" lat="44.626692"><ele>282.566986</ele><time>2021-01-17T20:46:02Z</time><extensions><speed>1.528301</speed><course>355.061798</course><hAcc>0.924801</hAcc><vAcc>0.679169</vAcc></extensions></trkpt>
      <trkpt lon="-123.322469" lat="44.626678"><ele>282.459930</ele><time>2021-01-17T20:46:03Z</time><extensions><speed>1.508086</speed><course>336.920258</course><hAcc>0.925548</hAcc><vAcc>0.679978</vAcc></extensions></trkpt>
      <trkpt lon="-123.322469" lat="44.626665"><ele>282.334259</ele><time>2021-01-17T20:46:04Z</time><extensions><speed>1.492081</speed><course>350.854095</course><hAcc>0.926328</hAcc><vAcc>0.680812</vAcc></extensions></trkpt>
      <trkpt lon="-123.322468" lat="44.626651"><ele>282.186493</ele><time>2021-01-17T20:46:05Z</time><extensions><speed>1.480639</speed><course>14.825719</course><hAcc>0.927142</hAcc><vAcc>0.681669</vAcc></extensions></trkpt>
      <trkpt lon="-123.322468" lat="44.626638"><ele>282.013885</ele><time>2021-01-17T20:46:06Z</time><extensions><speed>1.474495</speed><course>7.965740</course><hAcc>0.928003</hAcc><vAcc>0.682570</vAcc></extensions></trkpt>
      <trkpt lon="-123.322467" lat="44.626625"><ele>281.814911</ele><time>2021-01-17T20:46:07Z</time><extensions><speed>1.475083</speed><course>322.279572</course><hAcc>0.928921</hAcc><vAcc>0.683537</vAcc></extensions></trkpt>
      <trkpt lon="-123.322467" lat="44.626612"><ele>281.589691</ele><time>2021-01-17T20:46:08Z</time><extensions><speed>1.482615</speed><course>307.563721</course><hAcc>0.929892</hAcc><vAcc>0.684575</vAcc></extensions></trkpt>
      <trkpt lon="-123.322468" lat="44.626598"><ele>281.338837</ele><time>2021-01-17T20:46:09Z</time><extensions><speed>1.495993</speed><course>319.204498</course><hAcc>0.930907</hAcc><vAcc>0.685682</vAcc></extensions></trkpt>
      <trkpt lon="-123.322468" lat="44.626585"><ele>281.063782</ele><time>2021-01-17T20:46:10Z</time><extensions><speed>1.514433</speed><course>314.287506</course><hAcc>0.931955</hAcc><vAcc>0.686840</vAcc></extensions></trkpt>
      <trkpt lon="-123.322469" lat="44.626571"><ele>280.767273</ele><time>2021-01-17T20:46:11Z</time><extensions><speed>1.537557</speed><course>326.228149</course><hAcc>0.933018</hAcc><vAcc>0.688022</vAcc></extensions></trkpt>
      <trkpt lon="-123.322470" lat="44.626557"><ele>280.453522</ele><time>2021-01-17T20:46:12Z</time><extensions><speed>1.564544</speed><course>336.972809</course><hAcc>0.934072</hAcc><vAcc>0.689193</vAcc></extensions></trkpt>
      <trkpt lon="-123.322471" lat="44.626543"><ele>280.127472</ele><time>2021-01-17T20:46:13Z</time><extensions><speed>1.593887</speed><course>335.926300</course><hAcc>0.935087</hAcc><vAcc>0.690317</vAcc></extensions></trkpt>
      <trkpt lon="-123.322472" lat="44.626528"><ele>279.793488</ele><time>2021-01-17T20:46:14Z</time><extensions><speed>1.623726</speed><course>339.018219</course><hAcc>0.936026</hAcc><vAcc>0.691353</vAcc></extensions></trkpt>
      <trkpt lon="-123.322473" lat="44.626514"><ele>279.454803</ele><time>2021-01-17T20:46:15Z</time><extensions><speed>1.652551</speed><course>334.775055</course><hAcc>0.936861</hAcc><vAcc>0.692273</vAcc></extensions></trkpt>
      <trkpt lon="-123.322474" lat="44.626499"><ele>279.114746</ele><time>2021-01-17T20:46:16Z</time><extensions><speed>1.679849</speed><course>329.805511</course><hAcc>0.937601</hAcc><vAcc>0.693084</vAcc></extensions></trkpt>
      <trkpt lon="-123.322474" lat="44.626483"><ele>278.777740</ele><time>2021-01-17T20:46:17Z</time><extensions><speed>1.705335</speed><course>322.424042</course><hAcc>0.938282</hAcc><vAcc>0.693826</vAcc></extensions></trkpt>
      <trkpt lon="-123.322475" lat="44.626468"><ele>278.449402</ele><time>2021-01-17T20:46:18Z</time><extensions><speed>1.728446</speed><course>326.198639</course><hAcc>0.938952</hAcc><vAcc>0.694547</vAcc></extensions></trkpt>
      <trkpt lon="-123.322475" lat="44.626452"><ele>278.135742</ele><time>2021-01-17T20:46:19Z</time><extensions><speed>1.748408</speed><course>331.634552</course><hAcc>0.939651</hAcc><vAcc>0.695289</vAcc></extensions></trkpt>
      <trkpt lon="-123.322474" lat="44.626437"><ele>277.842560</ele><time>2021-01-17T20:46:20Z</time><extensions><speed>1.764693</speed><course>338.709839</course><hAcc>0.940409</hAcc><vAcc>0.696085</vAcc></extensions></trkpt>
      <trkpt lon="-123.322473" lat="44.626421"><ele>277.575623</ele><time>2021-01-17T20:46:21Z</time><extensions><speed>1.777719</speed><course>313.334259</course><hAcc>0.941235</hAcc><vAcc>0.696945</vAcc></extensions></trkpt>
      <trkpt lon="-123.322471" lat="44.626405"><ele>277.340576</ele><time>2021-01-17T20:46:22Z</time><extensions><speed>1.788181</speed><course>310.818176</course><hAcc>0.942114</hAcc><vAcc>0.697854</vAcc></extensions></trkpt>
      <trkpt lon="-123.322469" lat="44.626389"><ele>277.142120</ele><time>2021-01-17T20:46:23Z</time><extensions><speed>1.797043</speed><course>321.386963</course><hAcc>0.943020</hAcc><vAcc>0.698786</vAcc></extensions></trkpt>
      <trkpt lon="-123.322466" lat="44.626373"><ele>276.983459</ele><time>2021-01-17T20:46:24Z</time><extensions><speed>1.804968</speed><course>311.109680</course><hAcc>0.943920</hAcc><vAcc>0.699710</vAcc></extensions></trkpt>
      <trkpt lon="-123.322462" lat="44.626356"><ele>276.865906</ele><time>2021-01-17T20:46:25Z</time><extensions><speed>1.811582</speed><course>312.259003</course><hAcc>0.944772</hAcc><vAcc>0.700583</vAcc></extensions></trkpt>
      <trkpt lon="-123.322458" lat="44.626340"><ele>276.788696</ele><time>2021-01-17T20:46:26Z</time><extensions><speed>1.816945</speed><course>322.394806</course><hAcc>0.945523</hAcc><vAcc>0.701353</vAcc></extensions></trkpt>
      <trkpt lon="-123.322454" lat="44.626324"><ele>276.748901</ele><time>2021-01-17T20:46:27Z</time><extensions><speed>1.821781</speed><course>339.481354</course><hAcc>0.946129</hAcc><vAcc>0.701975</vAcc></extensions></trkpt>
      <trkpt lon="-123.322448" lat="44.626308"><ele>276.742432</ele><time>2021-01-17T20:46:28Z</time><extensions><speed>1.826625</speed><course>327.437256</course><hAcc>0.946560</hAcc><vAcc>0.702420</vAcc></extensions></trkpt>
      <trkpt lon="-123.322443" lat="44.626292"><ele>276.764496</ele><time>2021-01-17T20:46:29Z</time><extensions><speed>1.831787</speed><course>330.074982</course><hAcc>0.946812</hAcc><vAcc>0.702682</vAcc></extensions></trkpt>
      <trkpt lon="-123.322436" lat="44.626277"><ele>276.809662</ele><time>2021-01-17T20:46:30Z</time><extensions><speed>1.837314</speed><course>331.496490</course><hAcc>0.946898</hAcc><vAcc>0.702776</vAcc></extensions></trkpt>
      <trkpt lon="-123.322430" lat="44.626261"><ele>276.871887</ele><time>2021-01-17T20:46:31Z</time><extensions><speed>1.843019</speed><course>328.127655</course><hAcc>0.946848</hAcc><vAcc>0.702732</vAcc></extensions></trkpt>
      <trkpt lon="-123.322423" lat="44.626245"><ele>276.944763</ele><time>2021-01-17T20:46:32Z</time><extensions><speed>1.848701</speed><course>316.288269</course><hAcc>0.946706</hAcc><vAcc>0.702594</vAcc></extensions></trkpt>
      <trkpt lon="-123.322416" lat="44.626229"><ele>277.022095</ele><time>2021-01-17T20:46:33Z</time><extensions><speed>1.854314</speed><course>312.764069</course><hAcc>0.946526</hAcc><vAcc>0.702416</vAcc></extensions></trkpt>
      <trkpt lon="-123.322408" lat="44.626213"><ele>277.098907</ele><time>2021-01-17T20:46:34Z</time><extensions><speed>1.860068</speed><course>314.107117</course><hAcc>0.946371</hAcc><vAcc>0.702261</vAcc></extensions></trkpt>
      <trkpt lon="-123.322400" lat="44.626197"><ele>277.171509</ele><time>2021-01-17T20:46:35Z</time><extensions><speed>1.865648</speed><course>325.314941</course><hAcc>0.946294</hAcc><vAcc>0.702183</vAcc></extensions></trkpt>
      <trkpt lon="-123.322391" lat="44.626182"><ele>277.237457</ele><time>2021-01-17T20:46:36Z</time><extensions><speed>1.869946</speed><course>330.881348</course><hAcc>0.946306</hAcc><vAcc>0.702193</vAcc></extensions></trkpt>
      <trkpt lon="-123.322382" lat="44.626166"><ele>277.295502</ele><time>2021-01-17T20:46:37Z</time><extensions><speed>1.872230</speed><course>340.830414</course><hAcc>0.946374</hAcc><vAcc>0.702257</vAcc></extensions></trkpt>
      <trkpt lon="-123.322373" lat="44.626151"><ele>277.345245</ele><time>2021-01-17T20:46:38Z</time><extensions><speed>1.872340</speed><course>345.545685</course><hAcc>0.946441</hAcc><vAcc>0.702320</vAcc></extensions></trkpt>
      <trkpt lon="-123.322363" lat="44.626135"><ele>277.386597</ele><time>2021-01-17T20:46:39Z</time><extensions><speed>1.869962</speed><course>346.885803</course><hAcc>0.946453</hAcc><vAcc>0.702328</vAcc></extensions></trkpt>
      <trkpt lon="-123.322353" lat="44.626120"><ele>277.419312</ele><time>2021-01-17T20:46:40Z</time><extensions><speed>1.864690</speed><course>347.146423</course><hAcc>0.946374</hAcc><vAcc>0.702244</vAcc></extensions></trkpt>
      <trkpt lon="-123.322343" lat="44.626105"><ele>277.443390</ele><time>2021-01-17T20:46:41Z</time><extensions><speed>1.856153</speed><course>335.975220</course><hAcc>0.946191</hAcc><vAcc>0.702058</vAcc></extensions></trkpt>
      <trkpt lon="-123.322332" lat="44.626090"><ele>277.458618</ele><time>2021-01-17T20:46:42Z</time><extensions><speed>1.843854</speed><course>32.614265</course><hAcc>0.945922</hAcc><vAcc>0.701784</vAcc></extensions></trkpt>
      <trkpt lon="-123.322322" lat="44.626076"><ele>277.464630</ele><time>2021-01-17T20:46:43Z</time><extensions><speed>1.827420</speed><course>32.614262</course><hAcc>0.945599</hAcc><vAcc>0.701456</vAcc></extensions></trkpt>
      <trkpt lon="-123.322311" lat="44.626061"><ele>277.460785</ele><time>2021-01-17T20:46:44Z</time><extensions><speed>1.806405</speed><course>32.614262</course><hAcc>0.945263</hAcc><vAcc>0.701116</vAcc></extensions></trkpt>
      <trkpt lon="-123.322299" lat="44.626047"><ele>277.446045</ele><time>2021-01-17T20:46:45Z</time><extensions><speed>1.779983</speed><course>32.614258</course><hAcc>0.944958</hAcc><vAcc>0.700808</vAcc></extensions></trkpt>
      <trkpt lon="-123.322288" lat="44.626034"><ele>277.418579</ele><time>2021-01-17T20:46:46Z</time><extensions><speed>1.747370</speed><course>32.614258</course><hAcc>0.944720</hAcc><vAcc>0.700566</vAcc></extensions></trkpt>
      <trkpt lon="-123.322278" lat="44.626020"><ele>277.376007</ele><time>2021-01-17T20:46:47Z</time><extensions><speed>1.708188</speed><course>32.614254</course><hAcc>0.944575</hAcc><vAcc>0.700418</vAcc></extensions></trkpt>
      <trkpt lon="-123.322267" lat="44.626007"><ele>277.315796</ele><time>2021-01-17T20:46:48Z</time><extensions><speed>1.662542</speed><course>32.614258</course><hAcc>0.944533</hAcc><vAcc>0.700374</vAcc></extensions></trkpt>
      <trkpt lon="-123.322257" lat="44.625994"><ele>277.235809</ele><time>2021-01-17T20:46:49Z</time><extensions><speed>1.611081</speed><course>32.614265</course><hAcc>0.944588</hAcc><vAcc>0.700428</vAcc></extensions></trkpt>
      <trkpt lon="-123.322248" lat="44.625981"><ele>277.134735</ele><time>2021-01-17T20:46:50Z</time><extensions><speed>1.555178</speed><course>32.614269</course><hAcc>0.944719</hAcc><vAcc>0.700560</vAcc></extensions></trkpt>
      <trkpt lon="-123.322239" lat="44.625969"><ele>277.011627</ele><time>2021-01-17T20:46:51Z</time><extensions><speed>1.496878</speed><course>342.351990</course><hAcc>0.944894</hAcc><vAcc>0.700735</vAcc></extensions></trkpt>
      <trkpt lon="-123.322232" lat="44.625957"><ele>276.865417</ele><time>2021-01-17T20:46:52Z</time><extensions><speed>1.438876</speed><course>337.796295</course><hAcc>0.945073</hAcc><vAcc>0.700915</vAcc></extensions></trkpt>
      <trkpt lon="-123.322226" lat="44.625945"><ele>276.695404</ele><time>2021-01-17T20:46:53Z</time><extensions><speed>1.384522</speed><course>347.943359</course><hAcc>0.945223</hAcc><vAcc>0.701067</vAcc></extensions></trkpt>
      <trkpt lon="-123.322221" lat="44.625933"><ele>276.501648</ele><time>2021-01-17T20:46:54Z</time><extensions><speed>1.337303</speed><course>358.102753</course><hAcc>0.945324</hAcc><vAcc>0.701169</vAcc></extensions></trkpt>
      <trkpt lon="-123.322217" lat="44.625922"><ele>276.285675</ele><time>2021-01-17T20:46:55Z</time><extensions><speed>1.300296</speed><course>7.456420</course><hAcc>0.945368</hAcc><vAcc>0.701215</vAcc></extensions></trkpt>
      <trkpt lon="-123.322214" lat="44.625910"><ele>276.050262</ele><time>2021-01-17T20:46:56Z</time><extensions><speed>1.275466</speed><course>9.521689</course><hAcc>0.945363</hAcc><vAcc>0.701210</vAcc></extensions></trkpt>
      <trkpt lon="-123.322213" lat="44.625899"><ele>275.798615</ele><time>2021-01-17T20:46:57Z</time><extensions><speed>1.263411</speed><course>16.817816</course><hAcc>0.945319</hAcc><vAcc>0.701165</vAcc></extensions></trkpt>
      <trkpt lon="-123.322213" lat="44.625888"><ele>275.534698</ele><time>2021-01-17T20:46:58Z</time><extensions><speed>1.263786</speed><course>16.817818</course><hAcc>0.945245</hAcc><vAcc>0.701090</vAcc></extensions></trkpt>
      <trkpt lon="-123.322215" lat="44.625876"><ele>275.262787</ele><time>2021-01-17T20:46:59Z</time><extensions><speed>1.275117</speed><course>24.052591</course><hAcc>0.945146</hAcc><vAcc>0.700987</vAcc></extensions></trkpt>
      <trkpt lon="-123.322217" lat="44.625865"><ele>274.987274</ele><time>2021-01-17T20:47:00Z</time><extensions><speed>1.295134</speed><course>11.736755</course><hAcc>0.945024</hAcc><vAcc>0.700862</vAcc></extensions></trkpt>
      <trkpt lon="-123.322221" lat="44.625854"><ele>274.712585</ele><time>2021-01-17T20:47:01Z</time><extensions><speed>1.321419</speed><course>0.949497</course><hAcc>0.944882</hAcc><vAcc>0.700715</vAcc></extensions></trkpt>
      <trkpt lon="-123.322226" lat="44.625842"><ele>274.442719</ele><time>2021-01-17T20:47:02Z</time><extensions><speed>1.351230</speed><course>4.513397</course><hAcc>0.944716</hAcc><vAcc>0.700544</vAcc></extensions></trkpt>
      <trkpt lon="-123.322233" lat="44.625831"><ele>274.180634</ele><time>2021-01-17T20:47:03Z</time><extensions><speed>1.381148</speed><course>12.763279</course><hAcc>0.944524</hAcc><vAcc>0.700346</vAcc></extensions></trkpt>
      <trkpt lon="-123.322240" lat="44.625819"><ele>273.927795</ele><time>2021-01-17T20:47:04Z</time><extensions><speed>1.408858</speed><course>13.694112</course><hAcc>0.944303</hAcc><vAcc>0.700120</vAcc></extensions></trkpt>
      <trkpt lon="-123.322248" lat="44.625808"><ele>273.684662</ele><time>2021-01-17T20:47:05Z</time><extensions><speed>1.433143</speed><course>27.425436</course><hAcc>0.944062</hAcc><vAcc>0.699875</vAcc></extensions></trkpt>
      <trkpt lon="-123.322256" lat="44.625796"><ele>273.450928</ele><time>2021-01-17T20:47:06Z</time><extensions><speed>1.453841</speed><course>44.544895</course><hAcc>0.943824</hAcc><vAcc>0.699633</vAcc></extensions></trkpt>
      <trkpt lon="-123.322266" lat="44.625785"><ele>273.225830</ele><time>2021-01-17T20:47:07Z</time><extensions><speed>1.471566</speed><course>43.953548</course><hAcc>0.943625</hAcc><vAcc>0.699433</vAcc></extensions></trkpt>
      <trkpt lon="-123.322276" lat="44.625774"><ele>273.007568</ele><time>2021-01-17T20:47:08Z</time><extensions><speed>1.485820</speed><course>33.423737</course><hAcc>0.943509</hAcc><vAcc>0.699317</vAcc></extensions></trkpt>
      <trkpt lon="-123.322286" lat="44.625762"><ele>272.793121</ele><time>2021-01-17T20:47:09Z</time><extensions><speed>1.495782</speed><course>19.472731</course><hAcc>0.943512</hAcc><vAcc>0.699321</vAcc></extensions></trkpt>
      <trkpt lon="-123.322296" lat="44.625751"><ele>272.578979</ele><time>2021-01-17T20:47:10Z</time><extensions><speed>1.501186</speed><course>336.606201</course><hAcc>0.943654</hAcc><vAcc>0.699467</vAcc></extensions></trkpt>
      <trkpt lon="-123.322307" lat="44.625740"><ele>272.362244</ele><time>2021-01-17T20:47:11Z</time><extensions><speed>1.502921</speed><course>-1.000000</course><hAcc>0.943933</hAcc><vAcc>0.699750</vAcc></extensions></trkpt>
      <trkpt lon="-123.322318" lat="44.625729"><ele>272.141418</ele><time>2021-01-17T20:47:12Z</time><extensions><speed>1.501356</speed><course>19.075764</course><hAcc>0.944317</hAcc><vAcc>0.700138</vAcc></extensions></trkpt>
      <trkpt lon="-123.322329" lat="44.625718"><ele>271.916565</ele><time>2021-01-17T20:47:13Z</time><extensions><speed>1.496507</speed><course>19.770679</course><hAcc>0.944749</hAcc><vAcc>0.700575</vAcc></extensions></trkpt>
      <trkpt lon="-123.322340" lat="44.625707"><ele>271.689453</ele><time>2021-01-17T20:47:14Z</time><extensions><speed>1.489556</speed><course>30.694021</course><hAcc>0.945156</hAcc><vAcc>0.700986</vAcc></extensions></trkpt>
      <trkpt lon="-123.322351" lat="44.625696"><ele>271.463348</ele><time>2021-01-17T20:47:15Z</time><extensions><speed>1.481289</speed><course>33.905830</course><hAcc>0.945472</hAcc><vAcc>0.701303</vAcc></extensions></trkpt>
      <trkpt lon="-123.322361" lat="44.625685"><ele>271.241852</ele><time>2021-01-17T20:47:16Z</time><extensions><speed>1.471473</speed><course>28.481947</course><hAcc>0.945646</hAcc><vAcc>0.701479</vAcc></extensions></trkpt>
      <trkpt lon="-123.322372" lat="44.625675"><ele>271.027496</ele><time>2021-01-17T20:47:17Z</time><extensions><speed>1.459932</speed><course>20.227327</course><hAcc>0.945655</hAcc><vAcc>0.701487</vAcc></extensions></trkpt>
      <trkpt lon="-123.322383" lat="44.625664"><ele>270.821442</ele><time>2021-01-17T20:47:18Z</time><extensions><speed>1.447366</speed><course>20.930477</course><hAcc>0.945495</hAcc><vAcc>0.701324</vAcc></extensions></trkpt>
      <trkpt lon="-123.322393" lat="44.625653"><ele>270.624084</ele><time>2021-01-17T20:47:19Z</time><extensions><speed>1.435311</speed><course>22.777246</course><hAcc>0.945184</hAcc><vAcc>0.701008</vAcc></extensions></trkpt>
      <trkpt lon="-123.322403" lat="44.625643"><ele>270.436035</ele><time>2021-01-17T20:47:20Z</time><extensions><speed>1.425483</speed><course>22.260338</course><hAcc>0.944754</hAcc><vAcc>0.700569</vAcc></extensions></trkpt>
      <trkpt lon="-123.322413" lat="44.625632"><ele>270.258636</ele><time>2021-01-17T20:47:21Z</time><extensions><speed>1.419557</speed><course>36.416206</course><hAcc>0.944250</hAcc><vAcc>0.700054</vAcc></extensions></trkpt>
      <trkpt lon="-123.322423" lat="44.625621"><ele>270.093658</ele><time>2021-01-17T20:47:22Z</time><extensions><speed>1.418544</speed><course>28.409096</course><hAcc>0.943717</hAcc><vAcc>0.699510</vAcc></extensions></trkpt>
      <trkpt lon="-123.322432" lat="44.625610"><ele>269.942841</ele><time>2021-01-17T20:47:23Z</time><extensions><speed>1.422412</speed><course>27.686800</course><hAcc>0.943193</hAcc><vAcc>0.698972</vAcc></extensions></trkpt>
      <trkpt lon="-123.322442" lat="44.625600"><ele>269.807678</ele><time>2021-01-17T20:47:24Z</time><extensions><speed>1.430638</speed><course>13.380077</course><hAcc>0.942694</hAcc><vAcc>0.698458</vAcc></extensions></trkpt>
      <trkpt lon="-123.322452" lat="44.625589"><ele>269.689148</ele><time>2021-01-17T20:47:25Z</time><extensions><speed>1.442704</speed><course>19.581583</course><hAcc>0.942223</hAcc><vAcc>0.697973</vAcc></extensions></trkpt>
      <trkpt lon="-123.322461" lat="44.625578"><ele>269.587921</ele><time>2021-01-17T20:47:26Z</time><extensions><speed>1.458032</speed><course>17.386871</course><hAcc>0.941783</hAcc><vAcc>0.697520</vAcc></extensions></trkpt>
      <trkpt lon="-123.322471" lat="44.625566"><ele>269.504211</ele><time>2021-01-17T20:47:27Z</time><extensions><speed>1.474903</speed><course>25.966225</course><hAcc>0.941383</hAcc><vAcc>0.697109</vAcc></extensions></trkpt>
      <trkpt lon="-123.322481" lat="44.625555"><ele>269.437439</ele><time>2021-01-17T20:47:28Z</time><extensions><speed>1.491006</speed><course>16.797083</course><hAcc>0.941044</hAcc><vAcc>0.696762</vAcc></extensions></trkpt>
      <trkpt lon="-123.322491" lat="44.625544"><ele>269.386078</ele><time>2021-01-17T20:47:29Z</time><extensions><speed>1.504925</speed><course>19.399496</course><hAcc>0.940797</hAcc><vAcc>0.696511</vAcc></extensions></trkpt>
      <trkpt lon="-123.322501" lat="44.625532"><ele>269.348022</ele><time>2021-01-17T20:47:30Z</time><extensions><speed>1.516194</speed><course>15.220662</course><hAcc>0.940675</hAcc><vAcc>0.696387</vAcc></extensions></trkpt>
      <trkpt lon="-123.322511" lat="44.625520"><ele>269.320862</ele><time>2021-01-17T20:47:31Z</time><extensions><speed>1.524602</speed><course>13.280706</course><hAcc>0.940703</hAcc><vAcc>0.696417</vAcc></extensions></trkpt>
      <trkpt lon="-123.322521" lat="44.625509"><ele>269.301605</ele><time>2021-01-17T20:47:32Z</time><extensions><speed>1.529722</speed><course>15.882345</course><hAcc>0.940892</hAcc><vAcc>0.696613</vAcc></extensions></trkpt>
      <trkpt lon="-123.322530" lat="44.625497"><ele>269.286926</ele><time>2021-01-17T20:47:33Z</time><extensions><speed>1.532221</speed><course>15.295407</course><hAcc>0.941240</hAcc><vAcc>0.696971</vAcc></extensions></trkpt>
      <trkpt lon="-123.322540" lat="44.625485"><ele>269.273926</ele><time>2021-01-17T20:47:34Z</time><extensions><speed>1.533482</speed><course>20.953781</course><hAcc>0.941735</hAcc><vAcc>0.697479</vAcc></extensions></trkpt>
      <trkpt lon="-123.322550" lat="44.625473"><ele>269.260559</ele><time>2021-01-17T20:47:35Z</time><extensions><speed>1.533906</speed><course>21.168362</course><hAcc>0.942353</hAcc><vAcc>0.698112</vAcc></extensions></trkpt>
      <trkpt lon="-123.322559" lat="44.625461"><ele>269.245636</ele><time>2021-01-17T20:47:36Z</time><extensions><speed>1.533272</speed><course>23.215904</course><hAcc>0.943062</hAcc><vAcc>0.698838</vAcc></extensions></trkpt>
      <trkpt lon="-123.322568" lat="44.625448"><ele>269.228821</ele><time>2021-01-17T20:47:37Z</time><extensions><speed>1.531274</speed><course>16.847422</course><hAcc>0.943816</hAcc><vAcc>0.699609</vAcc></extensions></trkpt>
      <trkpt lon="-123.322577" lat="44.625436"><ele>269.211060</ele><time>2021-01-17T20:47:38Z</time><extensions><speed>1.529127</speed><course>351.887756</course><hAcc>0.944559</hAcc><vAcc>0.700369</vAcc></extensions></trkpt>
      <trkpt lon="-123.322586" lat="44.625424"><ele>269.194611</ele><time>2021-01-17T20:47:39Z</time><extensions><speed>1.528078</speed><course>4.726057</course><hAcc>0.945232</hAcc><vAcc>0.701059</vAcc></extensions></trkpt>
      <trkpt lon="-123.322596" lat="44.625412"><ele>269.181732</ele><time>2021-01-17T20:47:40Z</time><extensions><speed>1.527387</speed><course>3.854409</course><hAcc>0.945791</hAcc><vAcc>0.701633</vAcc></extensions></trkpt>
      <trkpt lon="-123.322605" lat="44.625400"><ele>269.173401</ele><time>2021-01-17T20:47:41Z</time><extensions><speed>1.525573</speed><course>3.380179</course><hAcc>0.946213</hAcc><vAcc>0.702069</vAcc></extensions></trkpt>
      <trkpt lon="-123.322614" lat="44.625388"><ele>269.169128</ele><time>2021-01-17T20:47:42Z</time><extensions><speed>1.521916</speed><course>358.443420</course><hAcc>0.946500</hAcc><vAcc>0.702368</vAcc></extensions></trkpt>
      <trkpt lon="-123.322623" lat="44.625376"><ele>269.166962</ele><time>2021-01-17T20:47:43Z</time><extensions><speed>1.516243</speed><course>15.398484</course><hAcc>0.946671</hAcc><vAcc>0.702549</vAcc></extensions></trkpt>
      <trkpt lon="-123.322632" lat="44.625364"><ele>269.163696</ele><time>2021-01-17T20:47:44Z</time><extensions><speed>1.508348</speed><course>4.973345</course><hAcc>0.946755</hAcc><vAcc>0.702640</vAcc></extensions></trkpt>
      <trkpt lon="-123.322642" lat="44.625352"><ele>269.155304</ele><time>2021-01-17T20:47:45Z</time><extensions><speed>1.499564</speed><course>5.106340</course><hAcc>0.946779</hAcc><vAcc>0.702670</vAcc></extensions></trkpt>
      <trkpt lon="-123.322650" lat="44.625340"><ele>269.138336</ele><time>2021-01-17T20:47:46Z</time><extensions><speed>1.492034</speed><course>9.773874</course><hAcc>0.946767</hAcc><vAcc>0.702662</vAcc></extensions></trkpt>
      <trkpt lon="-123.322659" lat="44.625329"><ele>269.109802</ele><time>2021-01-17T20:47:47Z</time><extensions><speed>1.486571</speed><course>14.058640</course><hAcc>0.946740</hAcc><vAcc>0.702639</vAcc></extensions></trkpt>
      <trkpt lon="-123.322667" lat="44.625317"><ele>269.066772</ele><time>2021-01-17T20:47:48Z</time><extensions><speed>1.483393</speed><course>5.530648</course><hAcc>0.946718</hAcc><vAcc>0.702619</vAcc></extensions></trkpt>
      <trkpt lon="-123.322675" lat="44.625305"><ele>269.006531</ele><time>2021-01-17T20:47:49Z</time><extensions><speed>1.483683</speed><course>2.806995</course><hAcc>0.946719</hAcc><vAcc>0.702623</vAcc></extensions></trkpt>
      <trkpt lon="-123.322683" lat="44.625292"><ele>268.927307</ele><time>2021-01-17T20:47:50Z</time><extensions><speed>1.488353</speed><course>6.279364</course><hAcc>0.946757</hAcc><vAcc>0.702663</vAcc></extensions></trkpt>
      <trkpt lon="-123.322691" lat="44.625280"><ele>268.827881</ele><time>2021-01-17T20:47:51Z</time><extensions><speed>1.496760</speed><course>6.787712</course><hAcc>0.946837</hAcc><vAcc>0.702745</vAcc></extensions></trkpt>
      <trkpt lon="-123.322698" lat="44.625267"><ele>268.707581</ele><time>2021-01-17T20:47:52Z</time><extensions><speed>1.507579</speed><course>6.715905</course><hAcc>0.946954</hAcc><vAcc>0.702865</vAcc></extensions></trkpt>
      <trkpt lon="-123.322705" lat="44.625255"><ele>268.566803</ele><time>2021-01-17T20:47:53Z</time><extensions><speed>1.519868</speed><course>-1.000000</course><hAcc>0.947099</hAcc><vAcc>0.703015</vAcc></extensions></trkpt>
      <trkpt lon="-123.322711" lat="44.625242"><ele>268.407410</ele><time>2021-01-17T20:47:54Z</time><extensions><speed>1.532982</speed><course>351.007507</course><hAcc>0.947264</hAcc><vAcc>0.703184</vAcc></extensions></trkpt>
      <trkpt lon="-123.322718" lat="44.625229"><ele>268.232697</ele><time>2021-01-17T20:47:55Z</time><extensions><speed>1.546759</speed><course>358.376282</course><hAcc>0.947442</hAcc><vAcc>0.703368</vAcc></extensions></trkpt>
      <trkpt lon="-123.322724" lat="44.625216"><ele>268.047089</ele><time>2021-01-17T20:47:56Z</time><extensions><speed>1.561762</speed><course>17.655634</course><hAcc>0.947630</hAcc><vAcc>0.703563</vAcc></extensions></trkpt>
      <trkpt lon="-123.322730" lat="44.625202"><ele>267.856201</ele><time>2021-01-17T20:47:57Z</time><extensions><speed>1.578245</speed><course>15.716309</course><hAcc>0.947825</hAcc><vAcc>0.703764</vAcc></extensions></trkpt>
      <trkpt lon="-123.322736" lat="44.625189"><ele>267.665680</ele><time>2021-01-17T20:47:58Z</time><extensions><speed>1.595386</speed><course>3.527421</course><hAcc>0.948021</hAcc><vAcc>0.703968</vAcc></extensions></trkpt>
      <trkpt lon="-123.322742" lat="44.625175"><ele>267.479584</ele><time>2021-01-17T20:47:59Z</time><extensions><speed>1.611568</speed><course>4.341080</course><hAcc>0.948214</hAcc><vAcc>0.704169</vAcc></extensions></trkpt>
      <trkpt lon="-123.322748" lat="44.625161"><ele>267.299805</ele><time>2021-01-17T20:48:00Z</time><extensions><speed>1.626052</speed><course>10.826325</course><hAcc>0.948395</hAcc><vAcc>0.704357</vAcc></extensions></trkpt>
      <trkpt lon="-123.322755" lat="44.625147"><ele>267.126770</ele><time>2021-01-17T20:48:00Z</time><extensions><speed>1.638633</speed><course>13.899452</course><hAcc>0.948572</hAcc><vAcc>0.704537</vAcc></extensions></trkpt>
      <trkpt lon="-123.322761" lat="44.625133"><ele>266.959381</ele><time>2021-01-17T20:48:01Z</time><extensions><speed>1.648885</speed><course>14.850431</course><hAcc>0.948734</hAcc><vAcc>0.704696</vAcc></extensions></trkpt>
      <trkpt lon="-123.322768" lat="44.625119"><ele>266.795959</ele><time>2021-01-17T20:48:02Z</time><extensions><speed>1.656247</speed><course>15.578407</course><hAcc>0.948848</hAcc><vAcc>0.704806</vAcc></extensions></trkpt>
      <trkpt lon="-123.322774" lat="44.625105"><ele>266.633667</ele><time>2021-01-17T20:48:03Z</time><extensions><speed>1.660527</speed><course>20.904366</course><hAcc>0.948893</hAcc><vAcc>0.704846</vAcc></extensions></trkpt>
      <trkpt lon="-123.322781" lat="44.625090"><ele>266.469604</ele><time>2021-01-17T20:48:04Z</time><extensions><speed>1.662399</speed><course>8.054509</course><hAcc>0.948851</hAcc><vAcc>0.704797</vAcc></extensions></trkpt>
      <trkpt lon="-123.322788" lat="44.625076"><ele>266.301971</ele><time>2021-01-17T20:48:05Z</time><extensions><speed>1.662837</speed><course>25.721579</course><hAcc>0.948713</hAcc><vAcc>0.704650</vAcc></extensions></trkpt>
      <trkpt lon="-123.322795" lat="44.625062"><ele>266.130493</ele><time>2021-01-17T20:48:06Z</time><extensions><speed>1.663007</speed><course>24.534700</course><hAcc>0.948478</hAcc><vAcc>0.704404</vAcc></extensions></trkpt>
      <trkpt lon="-123.322802" lat="44.625048"><ele>265.956360</ele><time>2021-01-17T20:48:07Z</time><extensions><speed>1.663483</speed><course>34.704262</course><hAcc>0.948156</hAcc><vAcc>0.704068</vAcc></extensions></trkpt>
      <trkpt lon="-123.322809" lat="44.625034"><ele>265.781372</ele><time>2021-01-17T20:48:09Z</time><extensions><speed>1.664015</speed><course>17.177271</course><hAcc>0.947742</hAcc><vAcc>0.703642</vAcc></extensions></trkpt>
      <trkpt lon="-123.322817" lat="44.625020"><ele>265.607635</ele><time>2021-01-17T20:48:10Z</time><extensions><speed>1.663376</speed><course>2.493475</course><hAcc>0.947252</hAcc><vAcc>0.703143</vAcc></extensions></trkpt>
      <trkpt lon="-123.322824" lat="44.625006"><ele>265.436035</ele><time>2021-01-17T20:48:11Z</time><extensions><speed>1.659791</speed><course>12.016204</course><hAcc>0.946716</hAcc><vAcc>0.702595</vAcc></extensions></trkpt>
      <trkpt lon="-123.322832" lat="44.624992"><ele>265.267883</ele><time>2021-01-17T20:48:12Z</time><extensions><speed>1.652390</speed><course>357.955414</course><hAcc>0.946149</hAcc><vAcc>0.702015</vAcc></extensions></trkpt>
      <trkpt lon="-123.322840" lat="44.624979"><ele>265.104675</ele><time>2021-01-17T20:48:13Z</time><extensions><speed>1.640987</speed><course>357.610077</course><hAcc>0.945568</hAcc><vAcc>0.701419</vAcc></extensions></trkpt>
      <trkpt lon="-123.322847" lat="44.624965"><ele>264.947723</ele><time>2021-01-17T20:48:14Z</time><extensions><speed>1.625728</speed><course>9.452699</course><hAcc>0.944990</hAcc><vAcc>0.700825</vAcc></extensions></trkpt>
      <trkpt lon="-123.322855" lat="44.624951"><ele>264.797516</ele><time>2021-01-17T20:48:15Z</time><extensions><speed>1.607962</speed><course>10.514545</course><hAcc>0.944428</hAcc><vAcc>0.700248</vAcc></extensions></trkpt>
      <trkpt lon="-123.322863" lat="44.624938"><ele>264.654572</ele><time>2021-01-17T20:48:16Z</time><extensions><speed>1.589528</speed><course>19.109415</course><hAcc>0.943895</hAcc><vAcc>0.699699</vAcc></extensions></trkpt>
      <trkpt lon="-123.322871" lat="44.624925"><ele>264.519714</ele><time>2021-01-17T20:48:17Z</time><extensions><speed>1.571696</speed><course>17.553095</course><hAcc>0.943401</hAcc><vAcc>0.699190</vAcc></extensions></trkpt>
      <trkpt lon="-123.322878" lat="44.624912"><ele>264.394012</ele><time>2021-01-17T20:48:18Z</time><extensions><speed>1.555387</speed><course>7.996813</course><hAcc>0.942953</hAcc><vAcc>0.698727</vAcc></extensions></trkpt>
      <trkpt lon="-123.322886" lat="44.624899"><ele>264.278900</ele><time>2021-01-17T20:48:19Z</time><extensions><speed>1.541251</speed><course>344.595734</course><hAcc>0.942554</hAcc><vAcc>0.698316</vAcc></extensions></trkpt>
      <trkpt lon="-123.322893" lat="44.624886"><ele>264.176666</ele><time>2021-01-17T20:48:20Z</time><extensions><speed>1.530451</speed><course>350.086609</course><hAcc>0.942209</hAcc><vAcc>0.697959</vAcc></extensions></trkpt>
      <trkpt lon="-123.322900" lat="44.624874"><ele>264.090698</ele><time>2021-01-17T20:48:21Z</time><extensions><speed>1.524465</speed><course>8.948412</course><hAcc>0.941919</hAcc><vAcc>0.697660</vAcc></extensions></trkpt>
      <trkpt lon="-123.322907" lat="44.624861"><ele>264.024872</ele><time>2021-01-17T20:48:22Z</time><extensions><speed>1.524057</speed><course>19.298494</course><hAcc>0.941691</hAcc><vAcc>0.697425</vAcc></extensions></trkpt>
      <trkpt lon="-123.322914" lat="44.624848"><ele>263.982422</ele><time>2021-01-17T20:48:23Z</time><extensions><speed>1.529294</speed><course>19.923645</course><hAcc>0.941530</hAcc><vAcc>0.697259</vAcc></extensions></trkpt>
      <trkpt lon="-123.322921" lat="44.624835"><ele>263.965607</ele><time>2021-01-17T20:48:24Z</time><extensions><speed>1.539276</speed><course>19.644588</course><hAcc>0.941443</hAcc><vAcc>0.697169</vAcc></extensions></trkpt>
      <trkpt lon="-123.322928" lat="44.624822"><ele>263.975281</ele><time>2021-01-17T20:48:25Z</time><extensions><speed>1.552564</speed><course>7.344317</course><hAcc>0.941432</hAcc><vAcc>0.697158</vAcc></extensions></trkpt>
      <trkpt lon="-123.322934" lat="44.624809"><ele>264.010529</ele><time>2021-01-17T20:48:26Z</time><extensions><speed>1.567029</speed><course>359.798065</course><hAcc>0.941496</hAcc><vAcc>0.697223</vAcc></extensions></trkpt>
      <trkpt lon="-123.322941" lat="44.624795"><ele>264.068573</ele><time>2021-01-17T20:48:27Z</time><extensions><speed>1.580384</speed><course>355.754547</course><hAcc>0.941629</hAcc><vAcc>0.697360</vAcc></extensions></trkpt>
      <trkpt lon="-123.322947" lat="44.624782"><ele>264.144531</ele><time>2021-01-17T20:48:28Z</time><extensions><speed>1.590743</speed><course>355.165741</course><hAcc>0.941821</hAcc><vAcc>0.697557</vAcc></extensions></trkpt>
      <trkpt lon="-123.322953" lat="44.624768"><ele>264.232147</ele><time>2021-01-17T20:48:29Z</time><extensions><speed>1.597172</speed><course>6.675624</course><hAcc>0.942054</hAcc><vAcc>0.697797</vAcc></extensions></trkpt>
      <trkpt lon="-123.322959" lat="44.624755"><ele>264.323944</ele><time>2021-01-17T20:48:30Z</time><extensions><speed>1.600026</speed><course>21.506580</course><hAcc>0.942308</hAcc><vAcc>0.698060</vAcc></extensions></trkpt>
      <trkpt lon="-123.322965" lat="44.624741"><ele>264.411804</ele><time>2021-01-17T20:48:31Z</time><extensions><speed>1.599619</speed><course>26.707270</course><hAcc>0.942569</hAcc><vAcc>0.698330</vAcc></extensions></trkpt>
      <trkpt lon="-123.322971" lat="44.624727"><ele>264.487518</ele><time>2021-01-17T20:48:32Z</time><extensions><speed>1.596320</speed><course>34.782810</course><hAcc>0.942822</hAcc><vAcc>0.698595</vAcc></extensions></trkpt>
      <trkpt lon="-123.322977" lat="44.624713"><ele>264.543304</ele><time>2021-01-17T20:48:33Z</time><extensions><speed>1.590255</speed><course>21.868567</course><hAcc>0.943061</hAcc><vAcc>0.698848</vAcc></extensions></trkpt>
      <trkpt lon="-123.322982" lat="44.624700"><ele>264.571991</ele><time>2021-01-17T20:48:33Z</time><extensions><speed>1.581685</speed><course>18.142136</course><hAcc>0.943308</hAcc><vAcc>0.699104</vAcc></extensions></trkpt>
      <trkpt lon="-123.322987" lat="44.624686"><ele>264.567902</ele><time>2021-01-17T20:48:34Z</time><extensions><speed>1.572004</speed><course>19.376703</course><hAcc>0.943571</hAcc><vAcc>0.699374</vAcc></extensions></trkpt>
      <trkpt lon="-123.322992" lat="44.624672"><ele>264.527924</ele><time>2021-01-17T20:48:35Z</time><extensions><speed>1.563363</speed><course>10.235863</course><hAcc>0.943847</hAcc><vAcc>0.699657</vAcc></extensions></trkpt>
      <trkpt lon="-123.322996" lat="44.624658"><ele>264.453186</ele><time>2021-01-17T20:48:36Z</time><extensions><speed>1.557841</speed><course>5.256434</course><hAcc>0.944145</hAcc><vAcc>0.699963</vAcc></extensions></trkpt>
      <trkpt lon="-123.323000" lat="44.624645"><ele>264.348663</ele><time>2021-01-17T20:48:37Z</time><extensions><speed>1.557052</speed><course>4.258464</course><hAcc>0.944470</hAcc><vAcc>0.700297</vAcc></extensions></trkpt>
      <trkpt lon="-123.323004" lat="44.624631"><ele>264.221405</ele><time>2021-01-17T20:48:38Z</time><extensions><speed>1.561175</speed><course>29.015453</course><hAcc>0.944821</hAcc><vAcc>0.700658</vAcc></extensions></trkpt>
      <trkpt lon="-123.323008" lat="44.624617"><ele>264.078857</ele><time>2021-01-17T20:48:39Z</time><extensions><speed>1.569606</speed><course>0.320250</course><hAcc>0.945190</hAcc><vAcc>0.701036</vAcc></extensions></trkpt>
      <trkpt lon="-123.323011" lat="44.624603"><ele>263.928284</ele><time>2021-01-17T20:48:40Z</time><extensions><speed>1.581529</speed><course>1.254540</course><hAcc>0.945561</hAcc><vAcc>0.701415</vAcc></extensions></trkpt>
      <trkpt lon="-123.323014" lat="44.624589"><ele>263.776337</ele><time>2021-01-17T20:48:41Z</time><extensions><speed>1.595846</speed><course>5.714159</course><hAcc>0.945915</hAcc><vAcc>0.701777</vAcc></extensions></trkpt>
      <trkpt lon="-123.323018" lat="44.624575"><ele>263.628784</ele><time>2021-01-17T20:48:42Z</time><extensions><speed>1.611874</speed><course>14.847340</course><hAcc>0.946232</hAcc><vAcc>0.702100</vAcc></extensions></trkpt>
      <trkpt lon="-123.323021" lat="44.624560"><ele>263.489929</ele><time>2021-01-17T20:48:43Z</time><extensions><speed>1.628048</speed><course>24.189953</course><hAcc>0.946495</hAcc><vAcc>0.702369</vAcc></extensions></trkpt>
      <trkpt lon="-123.323025" lat="44.624546"><ele>263.362030</ele><time>2021-01-17T20:48:44Z</time><extensions><speed>1.642789</speed><course>15.798389</course><hAcc>0.946691</hAcc><vAcc>0.702569</vAcc></extensions></trkpt>
      <trkpt lon="-123.323028" lat="44.624531"><ele>263.245300</ele><time>2021-01-17T20:48:45Z</time><extensions><speed>1.655500</speed><course>11.776335</course><hAcc>0.946810</hAcc><vAcc>0.702689</vAcc></extensions></trkpt>
      <trkpt lon="-123.323032" lat="44.624517"><ele>263.138702</ele><time>2021-01-17T20:48:46Z</time><extensions><speed>1.665676</speed><course>15.153724</course><hAcc>0.946845</hAcc><vAcc>0.702725</vAcc></extensions></trkpt>
      <trkpt lon="-123.323035" lat="44.624502"><ele>263.040070</ele><time>2021-01-17T20:48:47Z</time><extensions><speed>1.673638</speed><course>19.601765</course><hAcc>0.946794</hAcc><vAcc>0.702672</vAcc></extensions></trkpt>
      <trkpt lon="-123.323039" lat="44.624487"><ele>262.946564</ele><time>2021-01-17T20:48:48Z</time><extensions><speed>1.679836</speed><course>20.463732</course><hAcc>0.946658</hAcc><vAcc>0.702532</vAcc></extensions></trkpt>
      <trkpt lon="-123.323043" lat="44.624472"><ele>262.854858</ele><time>2021-01-17T20:48:49Z</time><extensions><speed>1.684218</speed><course>11.560002</course><hAcc>0.946444</hAcc><vAcc>0.702312</vAcc></extensions></trkpt>
      <trkpt lon="-123.323047" lat="44.624457"><ele>262.761292</ele><time>2021-01-17T20:48:50Z</time><extensions><speed>1.686814</speed><course>358.557037</course><hAcc>0.946164</hAcc><vAcc>0.702026</vAcc></extensions></trkpt>
      <trkpt lon="-123.323050" lat="44.624442"><ele>262.662201</ele><time>2021-01-17T20:48:51Z</time><extensions><speed>1.687649</speed><course>359.068207</course><hAcc>0.945840</hAcc><vAcc>0.701694</vAcc></extensions></trkpt>
      <trkpt lon="-123.323053" lat="44.624427"><ele>262.553772</ele><time>2021-01-17T20:48:52Z</time><extensions><speed>1.686751</speed><course>17.672836</course><hAcc>0.945498</hAcc><vAcc>0.701346</vAcc></extensions></trkpt>
      <trkpt lon="-123.323056" lat="44.624412"><ele>262.432434</ele><time>2021-01-17T20:48:53Z</time><extensions><speed>1.684434</speed><course>26.105047</course><hAcc>0.945174</hAcc><vAcc>0.701013</vAcc></extensions></trkpt>
      <trkpt lon="-123.323059" lat="44.624397"><ele>262.295624</ele><time>2021-01-17T20:48:54Z</time><extensions><speed>1.681161</speed><course>26.865553</course><hAcc>0.944900</hAcc><vAcc>0.700731</vAcc></extensions></trkpt>
      <trkpt lon="-123.323061" lat="44.624382"><ele>262.142090</ele><time>2021-01-17T20:48:56Z</time><extensions><speed>1.677518</speed><course>13.987363</course><hAcc>0.944686</hAcc><vAcc>0.700515</vAcc></extensions></trkpt>
      <trkpt lon="-123.323063" lat="44.624367"><ele>261.972931</ele><time>2021-01-17T20:48:56Z</time><extensions><speed>1.674034</speed><course>25.206335</course><hAcc>0.944570</hAcc><vAcc>0.700398</vAcc></extensions></trkpt>
      <trkpt lon="-123.323065" lat="44.624352"><ele>261.790100</ele><time>2021-01-17T20:48:57Z</time><extensions><speed>1.670912</speed><course>29.014688</course><hAcc>0.944579</hAcc><vAcc>0.700402</vAcc></extensions></trkpt>
      <trkpt lon="-123.323067" lat="44.624337"><ele>261.597351</ele><time>2021-01-17T20:48:59Z</time><extensions><speed>1.668238</speed><course>20.564861</course><hAcc>0.944678</hAcc><vAcc>0.700502</vAcc></extensions></trkpt>
      <trkpt lon="-123.323068" lat="44.624322"><ele>261.399506</ele><time>2021-01-17T20:49:00Z</time><extensions><speed>1.665724</speed><course>13.961825</course><hAcc>0.944857</hAcc><vAcc>0.700689</vAcc></extensions></trkpt>
      <trkpt lon="-123.323069" lat="44.624307"><ele>261.200378</ele><time>2021-01-17T20:49:01Z</time><extensions><speed>1.663177</speed><course>17.312542</course><hAcc>0.945117</hAcc><vAcc>0.700958</vAcc></extensions></trkpt>
      <trkpt lon="-123.323070" lat="44.624292"><ele>261.003662</ele><time>2021-01-17T20:49:02Z</time><extensions><speed>1.660878</speed><course>30.944717</course><hAcc>0.945439</hAcc><vAcc>0.701290</vAcc></extensions></trkpt>
      <trkpt lon="-123.323071" lat="44.624277"><ele>260.812866</ele><time>2021-01-17T20:49:03Z</time><extensions><speed>1.659021</speed><course>28.605385</course><hAcc>0.945807</hAcc><vAcc>0.701669</vAcc></extensions></trkpt>
      <trkpt lon="-123.323073" lat="44.624262"><ele>260.631256</ele><time>2021-01-17T20:49:04Z</time><extensions><speed>1.657695</speed><course>33.707497</course><hAcc>0.946206</hAcc><vAcc>0.702081</vAcc></extensions></trkpt>
      <trkpt lon="-123.323074" lat="44.624248"><ele>260.461945</ele><time>2021-01-17T20:49:05Z</time><extensions><speed>1.657151</speed><course>29.180414</course><hAcc>0.946628</hAcc><vAcc>0.702515</vAcc></extensions></trkpt>
      <trkpt lon="-123.323075" lat="44.624233"><ele>260.307922</ele><time>2021-01-17T20:49:06Z</time><extensions><speed>1.657579</speed><course>26.983852</course><hAcc>0.947063</hAcc><vAcc>0.702963</vAcc></extensions></trkpt>
      <trkpt lon="-123.323076" lat="44.624218"><ele>260.172516</ele><time>2021-01-17T20:49:07Z</time><extensions><speed>1.659075</speed><course>39.364052</course><hAcc>0.947502</hAcc><vAcc>0.703415</vAcc></extensions></trkpt>
      <trkpt lon="-123.323078" lat="44.624203"><ele>260.059143</ele><time>2021-01-17T20:49:08Z</time><extensions><speed>1.661570</speed><course>35.569389</course><hAcc>0.947936</hAcc><vAcc>0.703861</vAcc></extensions></trkpt>
      <trkpt lon="-123.323079" lat="44.624188"><ele>259.970337</ele><time>2021-01-17T20:49:09Z</time><extensions><speed>1.664501</speed><course>26.358473</course><hAcc>0.948354</hAcc><vAcc>0.704291</vAcc></extensions></trkpt>
      <trkpt lon="-123.323081" lat="44.624173"><ele>259.907318</ele><time>2021-01-17T20:49:10Z</time><extensions><speed>1.667449</speed><course>16.693033</course><hAcc>0.948743</hAcc><vAcc>0.704689</vAcc></extensions></trkpt>
      <trkpt lon="-123.323083" lat="44.624158"><ele>259.870209</ele><time>2021-01-17T20:49:11Z</time><extensions><speed>1.670476</speed><course>12.875949</course><hAcc>0.949087</hAcc><vAcc>0.705043</vAcc></extensions></trkpt>
      <trkpt lon="-123.323085" lat="44.624143"><ele>259.858185</ele><time>2021-01-17T20:49:12Z</time><extensions><speed>1.673451</speed><course>28.336823</course><hAcc>0.949374</hAcc><vAcc>0.705338</vAcc></extensions></trkpt>
      <trkpt lon="-123.323087" lat="44.624128"><ele>259.868774</ele><time>2021-01-17T20:49:13Z</time><extensions><speed>1.675942</speed><course>22.440611</course><hAcc>0.949594</hAcc><vAcc>0.705565</vAcc></extensions></trkpt>
      <trkpt lon="-123.323089" lat="44.624113"><ele>259.898041</ele><time>2021-01-17T20:49:14Z</time><extensions><speed>1.677510</speed><course>20.605659</course><hAcc>0.949744</hAcc><vAcc>0.705722</vAcc></extensions></trkpt>
      <trkpt lon="-123.323091" lat="44.624098"><ele>259.941345</ele><time>2021-01-17T20:49:15Z</time><extensions><speed>1.677810</speed><course>6.610825</course><hAcc>0.949836</hAcc><vAcc>0.705820</vAcc></extensions></trkpt>
      <trkpt lon="-123.323093" lat="44.624083"><ele>259.994080</ele><time>2021-01-17T20:49:16Z</time><extensions><speed>1.676718</speed><course>24.297922</course><hAcc>0.949892</hAcc><vAcc>0.705882</vAcc></extensions></trkpt>
      <trkpt lon="-123.323095" lat="44.624068"><ele>260.052032</ele><time>2021-01-17T20:49:17Z</time><extensions><speed>1.674333</speed><course>30.222105</course><hAcc>0.949937</hAcc><vAcc>0.705932</vAcc></extensions></trkpt>
      <trkpt lon="-123.323097" lat="44.624053"><ele>260.111511</ele><time>2021-01-17T20:49:18Z</time><extensions><speed>1.671007</speed><course>20.225267</course><hAcc>0.949995</hAcc><vAcc>0.705995</vAcc></extensions></trkpt>
      <trkpt lon="-123.323098" lat="44.624038"><ele>260.169281</ele><time>2021-01-17T20:49:19Z</time><extensions><speed>1.667213</speed><course>9.299500</course><hAcc>0.950082</hAcc><vAcc>0.706087</vAcc></extensions></trkpt>
      <trkpt lon="-123.323099" lat="44.624023"><ele>260.222870</ele><time>2021-01-17T20:49:20Z</time><extensions><speed>1.663367</speed><course>19.040316</course><hAcc>0.950211</hAcc><vAcc>0.706221</vAcc></extensions></trkpt>
      <trkpt lon="-123.323100" lat="44.624008"><ele>260.270844</ele><time>2021-01-17T20:49:21Z</time><extensions><speed>1.659678</speed><course>39.646507</course><hAcc>0.950389</hAcc><vAcc>0.706404</vAcc></extensions></trkpt>
      <trkpt lon="-123.323101" lat="44.623993"><ele>260.312286</ele><time>2021-01-17T20:49:22Z</time><extensions><speed>1.656179</speed><course>29.268007</course><hAcc>0.950610</hAcc><vAcc>0.706630</vAcc></extensions></trkpt>
      <trkpt lon="-123.323101" lat="44.623978"><ele>260.346741</ele><time>2021-01-17T20:49:23Z</time><extensions><speed>1.652945</speed><course>28.160999</course><hAcc>0.950862</hAcc><vAcc>0.706888</vAcc></extensions></trkpt>
      <trkpt lon="-123.323101" lat="44.623963"><ele>260.373718</ele><time>2021-01-17T20:49:24Z</time><extensions><speed>1.649972</speed><course>19.465931</course><hAcc>0.951129</hAcc><vAcc>0.707160</vAcc></extensions></trkpt>
      <trkpt lon="-123.323101" lat="44.623949"><ele>260.392700</ele><time>2021-01-17T20:49:25Z</time><extensions><speed>1.647259</speed><course>20.144958</course><hAcc>0.951397</hAcc><vAcc>0.707433</vAcc></extensions></trkpt>
      <trkpt lon="-123.323101" lat="44.623934"><ele>260.403870</ele><time>2021-01-17T20:49:26Z</time><extensions><speed>1.644850</speed><course>27.444605</course><hAcc>0.951654</hAcc><vAcc>0.707695</vAcc></extensions></trkpt>
      <trkpt lon="-123.323101" lat="44.623919"><ele>260.408051</ele><time>2021-01-17T20:49:27Z</time><extensions><speed>1.642674</speed><course>23.010178</course><hAcc>0.951888</hAcc><vAcc>0.707934</vAcc></extensions></trkpt>
      <trkpt lon="-123.323100" lat="44.623904"><ele>260.406677</ele><time>2021-01-17T20:49:28Z</time><extensions><speed>1.640613</speed><course>30.121559</course><hAcc>0.952087</hAcc><vAcc>0.708136</vAcc></extensions></trkpt>
      <trkpt lon="-123.323099" lat="44.623889"><ele>260.401001</ele><time>2021-01-17T20:49:29Z</time><extensions><speed>1.638375</speed><course>12.880659</course><hAcc>0.952238</hAcc><vAcc>0.708291</vAcc></extensions></trkpt>
      <trkpt lon="-123.323098" lat="44.623875"><ele>260.391113</ele><time>2021-01-17T20:49:30Z</time><extensions><speed>1.635626</speed><course>18.125549</course><hAcc>0.952333</hAcc><vAcc>0.708389</vAcc></extensions></trkpt>
      <trkpt lon="-123.323097" lat="44.623860"><ele>260.376099</ele><time>2021-01-17T20:49:31Z</time><extensions><speed>1.632465</speed><course>13.319342</course><hAcc>0.952368</hAcc><vAcc>0.708426</vAcc></extensions></trkpt>
      <trkpt lon="-123.323095" lat="44.623845"><ele>260.354462</ele><time>2021-01-17T20:49:32Z</time><extensions><speed>1.629088</speed><course>18.929113</course><hAcc>0.952348</hAcc><vAcc>0.708407</vAcc></extensions></trkpt>
      <trkpt lon="-123.323093" lat="44.623831"><ele>260.324493</ele><time>2021-01-17T20:49:33Z</time><extensions><speed>1.625423</speed><course>28.904930</course><hAcc>0.952285</hAcc><vAcc>0.708345</vAcc></extensions></trkpt>
      <trkpt lon="-123.323091" lat="44.623816"><ele>260.284363</ele><time>2021-01-17T20:49:34Z</time><extensions><speed>1.621250</speed><course>33.950478</course><hAcc>0.952198</hAcc><vAcc>0.708257</vAcc></extensions></trkpt>
      <trkpt lon="-123.323088" lat="44.623802"><ele>260.231842</ele><time>2021-01-17T20:49:35Z</time><extensions><speed>1.616198</speed><course>32.449127</course><hAcc>0.952101</hAcc><vAcc>0.708159</vAcc></extensions></trkpt>
      <trkpt lon="-123.323085" lat="44.623788"><ele>260.164185</ele><time>2021-01-17T20:49:36Z</time><extensions><speed>1.609763</speed><course>32.642406</course><hAcc>0.952006</hAcc><vAcc>0.708061</vAcc></extensions></trkpt>
      <trkpt lon="-123.323082" lat="44.623773"><ele>260.078888</ele><time>2021-01-17T20:49:37Z</time><extensions><speed>1.601684</speed><course>34.924866</course><hAcc>0.951916</hAcc><vAcc>0.707967</vAcc></extensions></trkpt>
      <trkpt lon="-123.323079" lat="44.623759"><ele>259.974457</ele><time>2021-01-17T20:49:38Z</time><extensions><speed>1.592065</speed><course>27.247688</course><hAcc>0.951823</hAcc><vAcc>0.707869</vAcc></extensions></trkpt>
      <trkpt lon="-123.323076" lat="44.623745"><ele>259.850555</ele><time>2021-01-17T20:49:39Z</time><extensions><speed>1.581264</speed><course>19.120546</course><hAcc>0.951709</hAcc><vAcc>0.707749</vAcc></extensions></trkpt>
      <trkpt lon="-123.323073" lat="44.623731"><ele>259.707825</ele><time>2021-01-17T20:49:40Z</time><extensions><speed>1.569933</speed><course>20.807446</course><hAcc>0.951553</hAcc><vAcc>0.707587</vAcc></extensions></trkpt>
      <trkpt lon="-123.323070" lat="44.623717"><ele>259.547668</ele><time>2021-01-17T20:49:41Z</time><extensions><speed>1.558473</speed><course>34.961262</course><hAcc>0.951344</hAcc><vAcc>0.707371</vAcc></extensions></trkpt>
      <trkpt lon="-123.323066" lat="44.623703"><ele>259.371765</ele><time>2021-01-17T20:49:42Z</time><extensions><speed>1.546899</speed><course>43.550728</course><hAcc>0.951080</hAcc><vAcc>0.707099</vAcc></extensions></trkpt>
      <trkpt lon="-123.323063" lat="44.623690"><ele>259.181488</ele><time>2021-01-17T20:49:43Z</time><extensions><speed>1.535084</speed><course>41.538025</course><hAcc>0.950763</hAcc><vAcc>0.706773</vAcc></extensions></trkpt>
      <trkpt lon="-123.323059" lat="44.623676"><ele>258.978271</ele><time>2021-01-17T20:49:44Z</time><extensions><speed>1.522870</speed><course>36.377140</course><hAcc>0.950401</hAcc><vAcc>0.706399</vAcc></extensions></trkpt>
      <trkpt lon="-123.323056" lat="44.623663"><ele>258.764252</ele><time>2021-01-17T20:49:45Z</time><extensions><speed>1.510271</speed><course>44.302032</course><hAcc>0.950002</hAcc><vAcc>0.705988</vAcc></extensions></trkpt>
      <trkpt lon="-123.323052" lat="44.623650"><ele>258.542389</ele><time>2021-01-17T20:49:46Z</time><extensions><speed>1.497329</speed><course>49.972740</course><hAcc>0.949572</hAcc><vAcc>0.705544</vAcc></extensions></trkpt>
      <trkpt lon="-123.323048" lat="44.623636"><ele>258.315430</ele><time>2021-01-17T20:49:47Z</time><extensions><speed>1.483918</speed><course>35.360210</course><hAcc>0.949109</hAcc><vAcc>0.705065</vAcc></extensions></trkpt>
      <trkpt lon="-123.323044" lat="44.623623"><ele>258.085571</ele><time>2021-01-17T20:49:48Z</time><extensions><speed>1.470170</speed><course>37.315861</course><hAcc>0.948606</hAcc><vAcc>0.704545</vAcc></extensions></trkpt>
      <trkpt lon="-123.323040" lat="44.623611"><ele>257.855255</ele><time>2021-01-17T20:49:49Z</time><extensions><speed>1.456738</speed><course>22.335463</course><hAcc>0.948051</hAcc><vAcc>0.703971</vAcc></extensions></trkpt>
      <trkpt lon="-123.323036" lat="44.623598"><ele>257.627533</ele><time>2021-01-17T20:49:50Z</time><extensions><speed>1.444344</speed><course>33.815407</course><hAcc>0.947437</hAcc><vAcc>0.703337</vAcc></extensions></trkpt>
      <trkpt lon="-123.323032" lat="44.623585"><ele>257.406097</ele><time>2021-01-17T20:49:51Z</time><extensions><speed>1.433985</speed><course>43.100601</course><hAcc>0.946760</hAcc><vAcc>0.702640</vAcc></extensions></trkpt>
      <trkpt lon="-123.323028" lat="44.623573"><ele>257.195190</ele><time>2021-01-17T20:49:52Z</time><extensions><speed>1.426973</speed><course>41.637672</course><hAcc>0.946029</hAcc><vAcc>0.701887</vAcc></extensions></trkpt>
      <trkpt lon="-123.323024" lat="44.623560"><ele>256.999573</ele><time>2021-01-17T20:49:53Z</time><extensions><speed>1.424892</speed><course>38.563084</course><hAcc>0.945263</hAcc><vAcc>0.701099</vAcc></extensions></trkpt>
      <trkpt lon="-123.323020" lat="44.623548"><ele>256.823364</ele><time>2021-01-17T20:49:54Z</time><extensions><speed>1.428568</speed><course>40.754154</course><hAcc>0.944492</hAcc><vAcc>0.700306</vAcc></extensions></trkpt>
      <trkpt lon="-123.323016" lat="44.623535"><ele>256.668854</ele><time>2021-01-17T20:49:55Z</time><extensions><speed>1.437160</speed><course>36.708454</course><hAcc>0.943751</hAcc><vAcc>0.699544</vAcc></extensions></trkpt>
      <trkpt lon="-123.323012" lat="44.623522"><ele>256.536255</ele><time>2021-01-17T20:49:56Z</time><extensions><speed>1.448746</speed><course>45.914700</course><hAcc>0.943063</hAcc><vAcc>0.698836</vAcc></extensions></trkpt>
      <trkpt lon="-123.323008" lat="44.623510"><ele>256.424133</ele><time>2021-01-17T20:49:57Z</time><extensions><speed>1.462000</speed><course>39.011173</course><hAcc>0.942442</hAcc><vAcc>0.698197</vAcc></extensions></trkpt>
      <trkpt lon="-123.323004" lat="44.623497"><ele>256.330139</ele><time>2021-01-17T20:49:58Z</time><extensions><speed>1.476447</speed><course>35.880222</course><hAcc>0.941897</hAcc><vAcc>0.697636</vAcc></extensions></trkpt>
      <trkpt lon="-123.323000" lat="44.623484"><ele>256.251190</ele><time>2021-01-17T20:49:59Z</time><extensions><speed>1.491229</speed><course>36.385124</course><hAcc>0.941439</hAcc><vAcc>0.697165</vAcc></extensions></trkpt>
      <trkpt lon="-123.322996" lat="44.623471"><ele>256.183167</ele><time>2021-01-17T20:50:00Z</time><extensions><speed>1.505922</speed><course>54.826565</course><hAcc>0.941087</hAcc><vAcc>0.696805</vAcc></extensions></trkpt>
      <trkpt lon="-123.322991" lat="44.623457"><ele>256.121582</ele><time>2021-01-17T20:50:01Z</time><extensions><speed>1.520952</speed><course>41.020435</course><hAcc>0.940866</hAcc><vAcc>0.696579</vAcc></extensions></trkpt>
      <trkpt lon="-123.322987" lat="44.623444"><ele>256.062531</ele><time>2021-01-17T20:50:02Z</time><extensions><speed>1.536925</speed><course>42.409328</course><hAcc>0.940805</hAcc><vAcc>0.696518</vAcc></extensions></trkpt>
      <trkpt lon="-123.322983" lat="44.623430"><ele>256.003265</ele><time>2021-01-17T20:50:03Z</time><extensions><speed>1.554329</speed><course>-1.000000</course><hAcc>0.940923</hAcc><vAcc>0.696641</vAcc></extensions></trkpt>
      <trkpt lon="-123.322979" lat="44.623416"><ele>255.942429</ele><time>2021-01-17T20:50:04Z</time><extensions><speed>1.574341</speed><course>2.487564</course><hAcc>0.941214</hAcc><vAcc>0.696940</vAcc></extensions></trkpt>
      <trkpt lon="-123.322975" lat="44.623402"><ele>255.879761</ele><time>2021-01-17T20:50:05Z</time><extensions><speed>1.597677</speed><course>31.438660</course><hAcc>0.941643</hAcc><vAcc>0.697381</vAcc></extensions></trkpt>
      <trkpt lon="-123.322971" lat="44.623388"><ele>255.816177</ele><time>2021-01-17T20:50:06Z</time><extensions><speed>1.623638</speed><course>33.447960</course><hAcc>0.942165</hAcc><vAcc>0.697918</vAcc></extensions></trkpt>
      <trkpt lon="-123.322967" lat="44.623374"><ele>255.753494</ele><time>2021-01-17T20:50:06Z</time><extensions><speed>1.651341</speed><course>30.388191</course><hAcc>0.942751</hAcc><vAcc>0.698516</vAcc></extensions></trkpt>
      <trkpt lon="-123.322964" lat="44.623359"><ele>255.693802</ele><time>2021-01-17T20:50:07Z</time><extensions><speed>1.680238</speed><course>36.853962</course><hAcc>0.943357</hAcc><vAcc>0.699132</vAcc></extensions></trkpt>
      <trkpt lon="-123.322961" lat="44.623344"><ele>255.638916</ele><time>2021-01-17T20:50:08Z</time><extensions><speed>1.708649</speed><course>33.662334</course><hAcc>0.943923</hAcc><vAcc>0.699708</vAcc></extensions></trkpt>
      <trkpt lon="-123.322957" lat="44.623329"><ele>255.589066</ele><time>2021-01-17T20:50:09Z</time><extensions><speed>1.734210</speed><course>30.684067</course><hAcc>0.944412</hAcc><vAcc>0.700207</vAcc></extensions></trkpt>
      <trkpt lon="-123.322954" lat="44.623313"><ele>255.543030</ele><time>2021-01-17T20:50:10Z</time><extensions><speed>1.755320</speed><course>31.318325</course><hAcc>0.944800</hAcc><vAcc>0.700605</vAcc></extensions></trkpt>
      <trkpt lon="-123.322951" lat="44.623297"><ele>255.498322</ele><time>2021-01-17T20:50:11Z</time><extensions><speed>1.771090</speed><course>38.242016</course><hAcc>0.945086</hAcc><vAcc>0.700900</vAcc></extensions></trkpt>
      <trkpt lon="-123.322947" lat="44.623282"><ele>255.451523</ele><time>2021-01-17T20:50:12Z</time><extensions><speed>1.781564</speed><course>33.089245</course><hAcc>0.945291</hAcc><vAcc>0.701112</vAcc></extensions></trkpt>
      <trkpt lon="-123.322943" lat="44.623266"><ele>255.399170</ele><time>2021-01-17T20:50:13Z</time><extensions><speed>1.787337</speed><course>26.726534</course><hAcc>0.945444</hAcc><vAcc>0.701271</vAcc></extensions></trkpt>
      <trkpt lon="-123.322939" lat="44.623250"><ele>255.338928</ele><time>2021-01-17T20:50:14Z</time><extensions><speed>1.788518</speed><course>21.911966</course><hAcc>0.945580</hAcc><vAcc>0.701409</vAcc></extensions></trkpt>
      <trkpt lon="-123.322935" lat="44.623234"><ele>255.269745</ele><time>2021-01-17T20:50:16Z</time><extensions><speed>1.784298</speed><course>23.496893</course><hAcc>0.945704</hAcc><vAcc>0.701539</vAcc></extensions></trkpt>
      <trkpt lon="-123.322931" lat="44.623218"><ele>255.191986</ele><time>2021-01-17T20:50:17Z</time><extensions><speed>1.773975</speed><course>28.140236</course><hAcc>0.945823</hAcc><vAcc>0.701666</vAcc></extensions></trkpt>
      <trkpt lon="-123.322926" lat="44.623203"><ele>255.106888</ele><time>2021-01-17T20:50:18Z</time><extensions><speed>1.757759</speed><course>29.927391</course><hAcc>0.945943</hAcc><vAcc>0.701793</vAcc></extensions></trkpt>
      <trkpt lon="-123.322922" lat="44.623187"><ele>255.016525</ele><time>2021-01-17T20:50:19Z</time><extensions><speed>1.736161</speed><course>34.317738</course><hAcc>0.946047</hAcc><vAcc>0.701901</vAcc></extensions></trkpt>
      <trkpt lon="-123.322918" lat="44.623172"><ele>254.923309</ele><time>2021-01-17T20:50:20Z</time><extensions><speed>1.709959</speed><course>36.117653</course><hAcc>0.946123</hAcc><vAcc>0.701980</vAcc></extensions></trkpt>
      <trkpt lon="-123.322915" lat="44.623157"><ele>254.829681</ele><time>2021-01-17T20:50:21Z</time><extensions><speed>1.680427</speed><course>37.593693</course><hAcc>0.946168</hAcc><vAcc>0.702028</vAcc></extensions></trkpt>
      <trkpt lon="-123.322912" lat="44.623142"><ele>254.737717</ele><time>2021-01-17T20:50:22Z</time><extensions><speed>1.649127</speed><course>33.275814</course><hAcc>0.946184</hAcc><vAcc>0.702046</vAcc></extensions></trkpt>
      <trkpt lon="-123.322909" lat="44.623128"><ele>254.648560</ele><time>2021-01-17T20:50:23Z</time><extensions><speed>1.617878</speed><course>33.589458</course><hAcc>0.946177</hAcc><vAcc>0.702039</vAcc></extensions></trkpt>
      <trkpt lon="-123.322908" lat="44.623113"><ele>254.562317</ele><time>2021-01-17T20:50:24Z</time><extensions><speed>1.588504</speed><course>19.656658</course><hAcc>0.946149</hAcc><vAcc>0.702012</vAcc></extensions></trkpt>
      <trkpt lon="-123.322907" lat="44.623099"><ele>254.477783</ele><time>2021-01-17T20:50:25Z</time><extensions><speed>1.562287</speed><course>14.654473</course><hAcc>0.946105</hAcc><vAcc>0.701967</vAcc></extensions></trkpt>
      <trkpt lon="-123.322907" lat="44.623085"><ele>254.392487</ele><time>2021-01-17T20:50:26Z</time><extensions><speed>1.539848</speed><course>14.018576</course><hAcc>0.946051</hAcc><vAcc>0.701913</vAcc></extensions></trkpt>
      <trkpt lon="-123.322908" lat="44.623071"><ele>254.303131</ele><time>2021-01-17T20:50:27Z</time><extensions><speed>1.520841</speed><course>13.828988</course><hAcc>0.945996</hAcc><vAcc>0.701858</vAcc></extensions></trkpt>
      <trkpt lon="-123.322910" lat="44.623058"><ele>254.206100</ele><time>2021-01-17T20:50:28Z</time><extensions><speed>1.504078</speed><course>17.566137</course><hAcc>0.945950</hAcc><vAcc>0.701813</vAcc></extensions></trkpt>
      <trkpt lon="-123.322912" lat="44.623045"><ele>254.098419</ele><time>2021-01-17T20:50:29Z</time><extensions><speed>1.488739</speed><course>15.971071</course><hAcc>0.945923</hAcc><vAcc>0.701787</vAcc></extensions></trkpt>
      <trkpt lon="-123.322914" lat="44.623031"><ele>253.978378</ele><time>2021-01-17T20:50:30Z</time><extensions><speed>1.474558</speed><course>16.671537</course><hAcc>0.945926</hAcc><vAcc>0.701792</vAcc></extensions></trkpt>
      <trkpt lon="-123.322917" lat="44.623018"><ele>253.845856</ele><time>2021-01-17T20:50:31Z</time><extensions><speed>1.461326</speed><course>352.218292</course><hAcc>0.945969</hAcc><vAcc>0.701839</vAcc></extensions></trkpt>
      <trkpt lon="-123.322920" lat="44.623005"><ele>253.701477</ele><time>2021-01-17T20:50:32Z</time><extensions><speed>1.448849</speed><course>356.469299</course><hAcc>0.946064</hAcc><vAcc>0.701939</vAcc></extensions></trkpt>
      <trkpt lon="-123.322923" lat="44.622993"><ele>253.545944</ele><time>2021-01-17T20:50:33Z</time><extensions><speed>1.436990</speed><course>5.151041</course><hAcc>0.946220</hAcc><vAcc>0.702100</vAcc></extensions></trkpt>
      <trkpt lon="-123.322926" lat="44.622980"><ele>253.380035</ele><time>2021-01-17T20:50:34Z</time><extensions><speed>1.425880</speed><course>12.008601</course><hAcc>0.946444</hAcc><vAcc>0.702332</vAcc></extensions></trkpt>
      <trkpt lon="-123.322929" lat="44.622967"><ele>253.204361</ele><time>2021-01-17T20:50:35Z</time><extensions><speed>1.416016</speed><course>24.634468</course><hAcc>0.946742</hAcc><vAcc>0.702638</vAcc></extensions></trkpt>
      <trkpt lon="-123.322932" lat="44.622955"><ele>253.019485</ele><time>2021-01-17T20:50:36Z</time><extensions><speed>1.408178</speed><course>21.698021</course><hAcc>0.947113</hAcc><vAcc>0.703020</vAcc></extensions></trkpt>
      <trkpt lon="-123.322935" lat="44.622942"><ele>252.826294</ele><time>2021-01-17T20:50:37Z</time><extensions><speed>1.402943</speed><course>19.107738</course><hAcc>0.947552</hAcc><vAcc>0.703469</vAcc></extensions></trkpt>
      <trkpt lon="-123.322938" lat="44.622930"><ele>252.625809</ele><time>2021-01-17T20:50:38Z</time><extensions><speed>1.399807</speed><course>23.733604</course><hAcc>0.948042</hAcc><vAcc>0.703968</vAcc></extensions></trkpt>
      <trkpt lon="-123.322942" lat="44.622917"><ele>252.418579</ele><time>2021-01-17T20:50:39Z</time><extensions><speed>1.397730</speed><course>14.164018</course><hAcc>0.948554</hAcc><vAcc>0.704490</vAcc></extensions></trkpt>
      <trkpt lon="-123.322945" lat="44.622905"><ele>252.204361</ele><time>2021-01-17T20:50:40Z</time><extensions><speed>1.395509</speed><course>11.843855</course><hAcc>0.949051</hAcc><vAcc>0.704996</vAcc></extensions></trkpt>
      <trkpt lon="-123.322948" lat="44.622893"><ele>251.982117</ele><time>2021-01-17T20:50:41Z</time><extensions><speed>1.392743</speed><course>14.887999</course><hAcc>0.949489</hAcc><vAcc>0.705442</vAcc></extensions></trkpt>
      <trkpt lon="-123.322952" lat="44.622881"><ele>251.750717</ele><time>2021-01-17T20:50:42Z</time><extensions><speed>1.390595</speed><course>18.134245</course><hAcc>0.949827</hAcc><vAcc>0.705785</vAcc></extensions></trkpt>
      <trkpt lon="-123.322955" lat="44.622868"><ele>251.509644</ele><time>2021-01-17T20:50:43Z</time><extensions><speed>1.389969</speed><course>29.268875</course><hAcc>0.950031</hAcc><vAcc>0.705992</vAcc></extensions></trkpt>
      <trkpt lon="-123.322959" lat="44.622856"><ele>251.259277</ele><time>2021-01-17T20:50:44Z</time><extensions><speed>1.391763</speed><course>31.539944</course><hAcc>0.950086</hAcc><vAcc>0.706047</vAcc></extensions></trkpt>
      <trkpt lon="-123.322962" lat="44.622844"><ele>251.000839</ele><time>2021-01-17T20:50:45Z</time><extensions><speed>1.396083</speed><course>11.389074</course><hAcc>0.950001</hAcc><vAcc>0.705956</vAcc></extensions></trkpt>
      <trkpt lon="-123.322965" lat="44.622831"><ele>250.736084</ele><time>2021-01-17T20:50:46Z</time><extensions><speed>1.403414</speed><course>15.834450</course><hAcc>0.949809</hAcc><vAcc>0.705751</vAcc></extensions></trkpt>
      <trkpt lon="-123.322968" lat="44.622819"><ele>250.467896</ele><time>2021-01-17T20:50:47Z</time><extensions><speed>1.415005</speed><course>20.473783</course><hAcc>0.949561</hAcc><vAcc>0.705481</vAcc></extensions></trkpt>
      <trkpt lon="-123.322972" lat="44.622806"><ele>250.200241</ele><time>2021-01-17T20:50:48Z</time><extensions><speed>1.430982</speed><course>16.684626</course><hAcc>0.949322</hAcc><vAcc>0.705203</vAcc></extensions></trkpt>
      <trkpt lon="-123.322975" lat="44.622793"><ele>249.937668</ele><time>2021-01-17T20:50:49Z</time><extensions><speed>1.451301</speed><course>18.340340</course><hAcc>0.949155</hAcc><vAcc>0.704979</vAcc></extensions></trkpt>
      <trkpt lon="-123.322978" lat="44.622781"><ele>249.685257</ele><time>2021-01-17T20:50:50Z</time><extensions><speed>1.476422</speed><course>22.851816</course><hAcc>0.949117</hAcc><vAcc>0.704859</vAcc></extensions></trkpt>
      <trkpt lon="-123.322982" lat="44.622767"><ele>249.448181</ele><time>2021-01-17T20:50:51Z</time><extensions><speed>1.506691</speed><course>22.283762</course><hAcc>0.949255</hAcc><vAcc>0.704888</vAcc></extensions></trkpt>
      <trkpt lon="-123.322986" lat="44.622754"><ele>249.230850</ele><time>2021-01-17T20:50:52Z</time><extensions><speed>1.541785</speed><course>27.020266</course><hAcc>0.949601</hAcc><vAcc>0.705093</vAcc></extensions></trkpt>
      <trkpt lon="-123.322990" lat="44.622740"><ele>249.036194</ele><time>2021-01-17T20:50:53Z</time><extensions><speed>1.581159</speed><course>20.389290</course><hAcc>0.950168</hAcc><vAcc>0.705489</vAcc></extensions></trkpt>
      <trkpt lon="-123.322995" lat="44.622726"><ele>248.865677</ele><time>2021-01-17T20:50:54Z</time><extensions><speed>1.623615</speed><course>23.817888</course><hAcc>0.950948</hAcc><vAcc>0.706075</vAcc></extensions></trkpt>
      <trkpt lon="-123.323000" lat="44.622712"><ele>248.719513</ele><time>2021-01-17T20:50:55Z</time><extensions><speed>1.667688</speed><course>25.613680</course><hAcc>0.951906</hAcc><vAcc>0.706827</vAcc></extensions></trkpt>
      <trkpt lon="-123.323005" lat="44.622697"><ele>248.597031</ele><time>2021-01-17T20:50:56Z</time><extensions><speed>1.711684</speed><course>16.227673</course><hAcc>0.952973</hAcc><vAcc>0.707700</vAcc></extensions></trkpt>
      <trkpt lon="-123.323011" lat="44.622682"><ele>248.496353</ele><time>2021-01-17T20:50:57Z</time><extensions><speed>1.753426</speed><course>22.310091</course><hAcc>0.954045</hAcc><vAcc>0.708620</vAcc></extensions></trkpt>
      <trkpt lon="-123.323017" lat="44.622667"><ele>248.414536</ele><time>2021-01-17T20:50:58Z</time><extensions><speed>1.790830</speed><course>23.890306</course><hAcc>0.954994</hAcc><vAcc>0.709495</vAcc></extensions></trkpt>
      <trkpt lon="-123.323023" lat="44.622651"><ele>248.348145</ele><time>2021-01-17T20:50:59Z</time><extensions><speed>1.822697</speed><course>18.786888</course><hAcc>0.955717</hAcc><vAcc>0.710241</vAcc></extensions></trkpt>
      <trkpt lon="-123.323029" lat="44.622635"><ele>248.293427</ele><time>2021-01-17T20:51:00Z</time><extensions><speed>1.848458</speed><course>21.113459</course><hAcc>0.956164</hAcc><vAcc>0.710810</vAcc></extensions></trkpt>
      <trkpt lon="-123.323035" lat="44.622619"><ele>248.246307</ele><time>2021-01-17T20:51:01Z</time><extensions><speed>1.868244</speed><course>23.749695</course><hAcc>0.956359</hAcc><vAcc>0.711196</vAcc></extensions></trkpt>
      <trkpt lon="-123.323041" lat="44.622603"><ele>248.203156</ele><time>2021-01-17T20:51:02Z</time><extensions><speed>1.882626</speed><course>32.815430</course><hAcc>0.956363</hAcc><vAcc>0.711425</vAcc></extensions></trkpt>
      <trkpt lon="-123.323047" lat="44.622586"><ele>248.161331</ele><time>2021-01-17T20:51:03Z</time><extensions><speed>1.891754</speed><course>29.309381</course><hAcc>0.956246</hAcc><vAcc>0.711535</vAcc></extensions></trkpt>
      <trkpt lon="-123.323053" lat="44.622570"><ele>248.118774</ele><time>2021-01-17T20:51:04Z</time><extensions><speed>1.895867</speed><course>20.980715</course><hAcc>0.956067</hAcc><vAcc>0.711566</vAcc></extensions></trkpt>
      <trkpt lon="-123.323059" lat="44.622553"><ele>248.073929</ele><time>2021-01-17T20:51:05Z</time><extensions><speed>1.895627</speed><course>17.140768</course><hAcc>0.955871</hAcc><vAcc>0.711548</vAcc></extensions></trkpt>
      <trkpt lon="-123.323065" lat="44.622537"><ele>248.026428</ele><time>2021-01-17T20:51:06Z</time><extensions><speed>1.891990</speed><course>18.451660</course><hAcc>0.955687</hAcc><vAcc>0.711507</vAcc></extensions></trkpt>
      <trkpt lon="-123.323071" lat="44.622520"><ele>247.976898</ele><time>2021-01-17T20:51:07Z</time><extensions><speed>1.885597</speed><course>10.207805</course><hAcc>0.955526</hAcc><vAcc>0.711455</vAcc></extensions></trkpt>
      <trkpt lon="-123.323077" lat="44.622504"><ele>247.926636</ele><time>2021-01-17T20:51:08Z</time><extensions><speed>1.877143</speed><course>10.385176</course><hAcc>0.955385</hAcc><vAcc>0.711391</vAcc></extensions></trkpt>
      <trkpt lon="-123.323083" lat="44.622487"><ele>247.877777</ele><time>2021-01-17T20:51:09Z</time><extensions><speed>1.867472</speed><course>4.818235</course><hAcc>0.955254</hAcc><vAcc>0.711313</vAcc></extensions></trkpt>
      <trkpt lon="-123.323088" lat="44.622471"><ele>247.833130</ele><time>2021-01-17T20:51:10Z</time><extensions><speed>1.856947</speed><course>8.141791</course><hAcc>0.955121</hAcc><vAcc>0.711211</vAcc></extensions></trkpt>
      <trkpt lon="-123.323094" lat="44.622455"><ele>247.795731</ele><time>2021-01-17T20:51:11Z</time><extensions><speed>1.845474</speed><course>6.477097</course><hAcc>0.954967</hAcc><vAcc>0.711073</vAcc></extensions></trkpt>
      <trkpt lon="-123.323100" lat="44.622439"><ele>247.768707</ele><time>2021-01-17T20:51:12Z</time><extensions><speed>1.832731</speed><course>7.259850</course><hAcc>0.954774</hAcc><vAcc>0.710886</vAcc></extensions></trkpt>
      <trkpt lon="-123.323105" lat="44.622423"><ele>247.755081</ele><time>2021-01-17T20:51:13Z</time><extensions><speed>1.818607</speed><course>12.860668</course><hAcc>0.954533</hAcc><vAcc>0.710644</vAcc></extensions></trkpt>
      <trkpt lon="-123.323111" lat="44.622407"><ele>247.757477</ele><time>2021-01-17T20:51:14Z</time><extensions><speed>1.803189</speed><course>14.789603</course><hAcc>0.954244</hAcc><vAcc>0.710349</vAcc></extensions></trkpt>
      <trkpt lon="-123.323117" lat="44.622392"><ele>247.777786</ele><time>2021-01-17T20:51:15Z</time><extensions><speed>1.786619</speed><course>11.191796</course><hAcc>0.953912</hAcc><vAcc>0.710010</vAcc></extensions></trkpt>
      <trkpt lon="-123.323122" lat="44.622376"><ele>247.817093</ele><time>2021-01-17T20:51:16Z</time><extensions><speed>1.768878</speed><course>14.483345</course><hAcc>0.953545</hAcc><vAcc>0.709634</vAcc></extensions></trkpt>
      <trkpt lon="-123.323128" lat="44.622361"><ele>247.875519</ele><time>2021-01-17T20:51:17Z</time><extensions><speed>1.749634</speed><course>22.593338</course><hAcc>0.953153</hAcc><vAcc>0.709233</vAcc></extensions></trkpt>
      <trkpt lon="-123.323133" lat="44.622346"><ele>247.952042</ele><time>2021-01-17T20:51:18Z</time><extensions><speed>1.728760</speed><course>30.079481</course><hAcc>0.952752</hAcc><vAcc>0.708822</vAcc></extensions></trkpt>
      <trkpt lon="-123.323137" lat="44.622330"><ele>248.044510</ele><time>2021-01-17T20:51:19Z</time><extensions><speed>1.706518</speed><course>16.177708</course><hAcc>0.952359</hAcc><vAcc>0.708419</vAcc></extensions></trkpt>
      <trkpt lon="-123.323142" lat="44.622316"><ele>248.149597</ele><time>2021-01-17T20:51:20Z</time><extensions><speed>1.683077</speed><course>11.984367</course><hAcc>0.951991</hAcc><vAcc>0.708041</vAcc></extensions></trkpt>
      <trkpt lon="-123.323146" lat="44.622301"><ele>248.263031</ele><time>2021-01-17T20:51:21Z</time><extensions><speed>1.658873</speed><course>17.667850</course><hAcc>0.951657</hAcc><vAcc>0.707698</vAcc></extensions></trkpt>
      <trkpt lon="-123.323149" lat="44.622286"><ele>248.379868</ele><time>2021-01-17T20:51:22Z</time><extensions><speed>1.634103</speed><course>21.405739</course><hAcc>0.951360</hAcc><vAcc>0.707391</vAcc></extensions></trkpt>
      <trkpt lon="-123.323152" lat="44.622272"><ele>248.494339</ele><time>2021-01-17T20:51:23Z</time><extensions><speed>1.608169</speed><course>23.875093</course><hAcc>0.951093</hAcc><vAcc>0.707115</vAcc></extensions></trkpt>
      <trkpt lon="-123.323155" lat="44.622258"><ele>248.599487</ele><time>2021-01-17T20:51:24Z</time><extensions><speed>1.580925</speed><course>16.290138</course><hAcc>0.950840</hAcc><vAcc>0.706852</vAcc></extensions></trkpt>
      <trkpt lon="-123.323157" lat="44.622244"><ele>248.687408</ele><time>2021-01-17T20:51:25Z</time><extensions><speed>1.552884</speed><course>15.199172</course><hAcc>0.950582</hAcc><vAcc>0.706584</vAcc></extensions></trkpt>
      <trkpt lon="-123.323158" lat="44.622230"><ele>248.749405</ele><time>2021-01-17T20:51:26Z</time><extensions><speed>1.524803</speed><course>23.761726</course><hAcc>0.950303</hAcc><vAcc>0.706295</vAcc></extensions></trkpt>
      <trkpt lon="-123.323158" lat="44.622216"><ele>248.776886</ele><time>2021-01-17T20:51:27Z</time><extensions><speed>1.497842</speed><course>33.772381</course><hAcc>0.950000</hAcc><vAcc>0.705982</vAcc></extensions></trkpt>
      <trkpt lon="-123.323158" lat="44.622203"><ele>248.762848</ele><time>2021-01-17T20:51:28Z</time><extensions><speed>1.472933</speed><course>38.546371</course><hAcc>0.949678</hAcc><vAcc>0.705649</vAcc></extensions></trkpt>
      <trkpt lon="-123.323157" lat="44.622190"><ele>248.702744</ele><time>2021-01-17T20:51:29Z</time><extensions><speed>1.450129</speed><course>13.890635</course><hAcc>0.949338</hAcc><vAcc>0.705298</vAcc></extensions></trkpt>
      <trkpt lon="-123.323156" lat="44.622177"><ele>248.594437</ele><time>2021-01-17T20:51:30Z</time><extensions><speed>1.428830</speed><course>355.016785</course><hAcc>0.948975</hAcc><vAcc>0.704922</vAcc></extensions></trkpt>
      <trkpt lon="-123.323153" lat="44.622164"><ele>248.437668</ele><time>2021-01-17T20:51:31Z</time><extensions><speed>1.408034</speed><course>358.009766</course><hAcc>0.948580</hAcc><vAcc>0.704513</vAcc></extensions></trkpt>
      <trkpt lon="-123.323151" lat="44.622152"><ele>248.233582</ele><time>2021-01-17T20:51:32Z</time><extensions><speed>1.386699</speed><course>27.573750</course><hAcc>0.948140</hAcc><vAcc>0.704057</vAcc></extensions></trkpt>
      <trkpt lon="-123.323147" lat="44.622139"><ele>247.984650</ele><time>2021-01-17T20:51:33Z</time><extensions><speed>1.363960</speed><course>35.966148</course><hAcc>0.947644</hAcc><vAcc>0.703544</vAcc></extensions></trkpt>
      <trkpt lon="-123.323144" lat="44.622128"><ele>247.694626</ele><time>2021-01-17T20:51:34Z</time><extensions><speed>1.339062</speed><course>17.701366</course><hAcc>0.947083</hAcc><vAcc>0.702964</vAcc></extensions></trkpt>
      <trkpt lon="-123.323140" lat="44.622116"><ele>247.368073</ele><time>2021-01-17T20:51:35Z</time><extensions><speed>1.311812</speed><course>13.224311</course><hAcc>0.946458</hAcc><vAcc>0.702320</vAcc></extensions></trkpt>
      <trkpt lon="-123.323137" lat="44.622105"><ele>247.010422</ele><time>2021-01-17T20:51:36Z</time><extensions><speed>1.282706</speed><course>22.688194</course><hAcc>0.945777</hAcc><vAcc>0.701619</vAcc></extensions></trkpt>
      <trkpt lon="-123.323133" lat="44.622093"><ele>246.628021</ele><time>2021-01-17T20:51:37Z</time><extensions><speed>1.252792</speed><course>22.792852</course><hAcc>0.945056</hAcc><vAcc>0.700878</vAcc></extensions></trkpt>
      <trkpt lon="-123.323130" lat="44.622083"><ele>246.227722</ele><time>2021-01-17T20:51:38Z</time><extensions><speed>1.223718</speed><course>3.107733</course><hAcc>0.944318</hAcc><vAcc>0.700119</vAcc></extensions></trkpt>
      <trkpt lon="-123.323126" lat="44.622072"><ele>245.816711</ele><time>2021-01-17T20:51:39Z</time><extensions><speed>1.197695</speed><course>347.290283</course><hAcc>0.943591</hAcc><vAcc>0.699373</vAcc></extensions></trkpt>
      <trkpt lon="-123.323124" lat="44.622061"><ele>245.402603</ele><time>2021-01-17T20:51:40Z</time><extensions><speed>1.177507</speed><course>0.414751</course><hAcc>0.942908</hAcc><vAcc>0.698672</vAcc></extensions></trkpt>
      <trkpt lon="-123.323121" lat="44.622051"><ele>244.993286</ele><time>2021-01-17T20:51:41Z</time><extensions><speed>1.166179</speed><course>11.439223</course><hAcc>0.942306</hAcc><vAcc>0.698055</vAcc></extensions></trkpt>
      <trkpt lon="-123.323120" lat="44.622041"><ele>244.596573</ele><time>2021-01-17T20:51:42Z</time><extensions><speed>1.166757</speed><course>22.420504</course><hAcc>0.941821</hAcc><vAcc>0.697558</vAcc></extensions></trkpt>
      <trkpt lon="-123.323119" lat="44.622030"><ele>244.220078</ele><time>2021-01-17T20:51:43Z</time><extensions><speed>1.181223</speed><course>23.867029</course><hAcc>0.941482</hAcc><vAcc>0.697210</vAcc></extensions></trkpt>
      <trkpt lon="-123.323119" lat="44.622019"><ele>243.870758</ele><time>2021-01-17T20:51:44Z</time><extensions><speed>1.209477</speed><course>17.147892</course><hAcc>0.941309</hAcc><vAcc>0.697031</vAcc></extensions></trkpt>
      <trkpt lon="-123.323120" lat="44.622008"><ele>243.554535</ele><time>2021-01-17T20:51:45Z</time><extensions><speed>1.249974</speed><course>31.532578</course><hAcc>0.941309</hAcc><vAcc>0.697031</vAcc></extensions></trkpt>
      <trkpt lon="-123.323122" lat="44.621997"><ele>243.276306</ele><time>2021-01-17T20:51:46Z</time><extensions><speed>1.300465</speed><course>35.581898</course><hAcc>0.941481</hAcc><vAcc>0.697206</vAcc></extensions></trkpt>
      <trkpt lon="-123.323125" lat="44.621985"><ele>243.039688</ele><time>2021-01-17T20:51:47Z</time><extensions><speed>1.357277</speed><course>28.301899</course><hAcc>0.941811</hAcc><vAcc>0.697543</vAcc></extensions></trkpt>
      <trkpt lon="-123.323129" lat="44.621973"><ele>242.846542</ele><time>2021-01-17T20:51:48Z</time><extensions><speed>1.415507</speed><course>26.195387</course><hAcc>0.942271</hAcc><vAcc>0.698012</vAcc></extensions></trkpt>
      <trkpt lon="-123.323134" lat="44.621960"><ele>242.696655</ele><time>2021-01-17T20:51:49Z</time><extensions><speed>1.470883</speed><course>18.815359</course><hAcc>0.942820</hAcc><vAcc>0.698573</vAcc></extensions></trkpt>
      <trkpt lon="-123.323140" lat="44.621948"><ele>242.587997</ele><time>2021-01-17T20:51:50Z</time><extensions><speed>1.520936</speed><course>12.469354</course><hAcc>0.943406</hAcc><vAcc>0.699173</vAcc></extensions></trkpt>
      <trkpt lon="-123.323146" lat="44.621934"><ele>242.516632</ele><time>2021-01-17T20:51:51Z</time><extensions><speed>1.564345</speed><course>19.416134</course><hAcc>0.943983</hAcc><vAcc>0.699765</vAcc></extensions></trkpt>
      <trkpt lon="-123.323153" lat="44.621921"><ele>242.476761</ele><time>2021-01-17T20:51:52Z</time><extensions><speed>1.600516</speed><course>30.052809</course><hAcc>0.944525</hAcc><vAcc>0.700323</vAcc></extensions></trkpt>
      <trkpt lon="-123.323160" lat="44.621907"><ele>242.461945</ele><time>2021-01-17T20:51:53Z</time><extensions><speed>1.630265</speed><course>28.526287</course><hAcc>0.945023</hAcc><vAcc>0.700837</vAcc></extensions></trkpt>
      <trkpt lon="-123.323167" lat="44.621893"><ele>242.466766</ele><time>2021-01-17T20:51:54Z</time><extensions><speed>1.654984</speed><course>19.521339</course><hAcc>0.945479</hAcc><vAcc>0.701307</vAcc></extensions></trkpt>
      <trkpt lon="-123.323174" lat="44.621879"><ele>242.486984</ele><time>2021-01-17T20:51:55Z</time><extensions><speed>1.675295</speed><course>27.081421</course><hAcc>0.945890</hAcc><vAcc>0.701731</vAcc></extensions></trkpt>
      <trkpt lon="-123.323181" lat="44.621865"><ele>242.519089</ele><time>2021-01-17T20:51:56Z</time><extensions><speed>1.692166</speed><course>27.560923</course><hAcc>0.946253</hAcc><vAcc>0.702104</vAcc></extensions></trkpt>
      <trkpt lon="-123.323189" lat="44.621851"><ele>242.560135</ele><time>2021-01-17T20:51:57Z</time><extensions><speed>1.706701</speed><course>30.123951</course><hAcc>0.946559</hAcc><vAcc>0.702419</vAcc></extensions></trkpt>
      <trkpt lon="-123.323196" lat="44.621836"><ele>242.607010</ele><time>2021-01-17T20:51:58Z</time><extensions><speed>1.718495</speed><course>30.031998</course><hAcc>0.946795</hAcc><vAcc>0.702662</vAcc></extensions></trkpt>
      <trkpt lon="-123.323203" lat="44.621822"><ele>242.655869</ele><time>2021-01-17T20:51:59Z</time><extensions><speed>1.727131</speed><course>33.442776</course><hAcc>0.946948</hAcc><vAcc>0.702820</vAcc></extensions></trkpt>
      <trkpt lon="-123.323211" lat="44.621807"><ele>242.702820</ele><time>2021-01-17T20:52:00Z</time><extensions><speed>1.732681</speed><course>39.680027</course><hAcc>0.947009</hAcc><vAcc>0.702884</vAcc></extensions></trkpt>
      <trkpt lon="-123.323218" lat="44.621792"><ele>242.744522</ele><time>2021-01-17T20:52:01Z</time><extensions><speed>1.735130</speed><course>26.502777</course><hAcc>0.946982</hAcc><vAcc>0.702859</vAcc></extensions></trkpt>
      <trkpt lon="-123.323225" lat="44.621778"><ele>242.778534</ele><time>2021-01-17T20:52:02Z</time><extensions><speed>1.735089</speed><course>24.461683</course><hAcc>0.946885</hAcc><vAcc>0.702763</vAcc></extensions></trkpt>
      <trkpt lon="-123.323232" lat="44.621763"><ele>242.804001</ele><time>2021-01-17T20:52:03Z</time><extensions><speed>1.733570</speed><course>24.747103</course><hAcc>0.946744</hAcc><vAcc>0.702621</vAcc></extensions></trkpt>
      <trkpt lon="-123.323239" lat="44.621748"><ele>242.821457</ele><time>2021-01-17T20:52:04Z</time><extensions><speed>1.731228</speed><course>28.573185</course><hAcc>0.946584</hAcc><vAcc>0.702461</vAcc></extensions></trkpt>
      <trkpt lon="-123.323246" lat="44.621733"><ele>242.832123</ele><time>2021-01-17T20:52:05Z</time><extensions><speed>1.728545</speed><course>28.943258</course><hAcc>0.946432</hAcc><vAcc>0.702307</vAcc></extensions></trkpt>
      <trkpt lon="-123.323253" lat="44.621718"><ele>242.837082</ele><time>2021-01-17T20:52:06Z</time><extensions><speed>1.725524</speed><course>19.922220</course><hAcc>0.946308</hAcc><vAcc>0.702181</vAcc></extensions></trkpt>
      <trkpt lon="-123.323259" lat="44.621704"><ele>242.836639</ele><time>2021-01-17T20:52:07Z</time><extensions><speed>1.721746</speed><course>24.495029</course><hAcc>0.946227</hAcc><vAcc>0.702098</vAcc></extensions></trkpt>
      <trkpt lon="-123.323266" lat="44.621689"><ele>242.830780</ele><time>2021-01-17T20:52:08Z</time><extensions><speed>1.717264</speed><course>24.165226</course><hAcc>0.946197</hAcc><vAcc>0.702065</vAcc></extensions></trkpt>
      <trkpt lon="-123.323272" lat="44.621674"><ele>242.820419</ele><time>2021-01-17T20:52:09Z</time><extensions><speed>1.712308</speed><course>18.330780</course><hAcc>0.946211</hAcc><vAcc>0.702077</vAcc></extensions></trkpt>
      <trkpt lon="-123.323278" lat="44.621659"><ele>242.807922</ele><time>2021-01-17T20:52:10Z</time><extensions><speed>1.706777</speed><course>19.745077</course><hAcc>0.946256</hAcc><vAcc>0.702118</vAcc></extensions></trkpt>
      <trkpt lon="-123.323284" lat="44.621645"><ele>242.796799</ele><time>2021-01-17T20:52:11Z</time><extensions><speed>1.700551</speed><course>23.058521</course><hAcc>0.946304</hAcc><vAcc>0.702162</vAcc></extensions></trkpt>
      <trkpt lon="-123.323290" lat="44.621630"><ele>242.790756</ele><time>2021-01-17T20:52:12Z</time><extensions><speed>1.693816</speed><course>20.806734</course><hAcc>0.946326</hAcc><vAcc>0.702180</vAcc></extensions></trkpt>
      <trkpt lon="-123.323296" lat="44.621615"><ele>242.792374</ele><time>2021-01-17T20:52:13Z</time><extensions><speed>1.686919</speed><course>26.907120</course><hAcc>0.946292</hAcc><vAcc>0.702143</vAcc></extensions></trkpt>
      <trkpt lon="-123.323302" lat="44.621601"><ele>242.802155</ele><time>2021-01-17T20:52:14Z</time><extensions><speed>1.679908</speed><course>28.182234</course><hAcc>0.946185</hAcc><vAcc>0.702031</vAcc></extensions></trkpt>
      <trkpt lon="-123.323308" lat="44.621586"><ele>242.818008</ele><time>2021-01-17T20:52:15Z</time><extensions><speed>1.672544</speed><course>25.830233</course><hAcc>0.945998</hAcc><vAcc>0.701841</vAcc></extensions></trkpt>
      <trkpt lon="-123.323313" lat="44.621572"><ele>242.835159</ele><time>2021-01-17T20:52:16Z</time><extensions><speed>1.664959</speed><course>22.496778</course><hAcc>0.945746</hAcc><vAcc>0.701586</vAcc></extensions></trkpt>
      <trkpt lon="-123.323319" lat="44.621557"><ele>242.846848</ele><time>2021-01-17T20:52:17Z</time><extensions><speed>1.657561</speed><course>20.800102</course><hAcc>0.945462</hAcc><vAcc>0.701300</vAcc></extensions></trkpt>
      <trkpt lon="-123.323324" lat="44.621543"><ele>242.844269</ele><time>2021-01-17T20:52:18Z</time><extensions><speed>1.650378</speed><course>26.456032</course><hAcc>0.945202</hAcc><vAcc>0.701040</vAcc></extensions></trkpt>
      <trkpt lon="-123.323329" lat="44.621529"><ele>242.817657</ele><time>2021-01-17T20:52:19Z</time><extensions><speed>1.643729</speed><course>34.305340</course><hAcc>0.945029</hAcc><vAcc>0.700869</vAcc></extensions></trkpt>
      <trkpt lon="-123.323334" lat="44.621514"><ele>242.758896</ele><time>2021-01-17T20:52:20Z</time><extensions><speed>1.638491</speed><course>34.704456</course><hAcc>0.945001</hAcc><vAcc>0.700844</vAcc></extensions></trkpt>
      <trkpt lon="-123.323338" lat="44.621500"><ele>242.663696</ele><time>2021-01-17T20:52:21Z</time><extensions><speed>1.635054</speed><course>25.340044</course><hAcc>0.945148</hAcc><vAcc>0.700996</vAcc></extensions></trkpt>
      <trkpt lon="-123.323342" lat="44.621485"><ele>242.531631</ele><time>2021-01-17T20:52:22Z</time><extensions><speed>1.633224</speed><course>30.304461</course><hAcc>0.945468</hAcc><vAcc>0.701322</vAcc></extensions></trkpt>
      <trkpt lon="-123.323346" lat="44.621471"><ele>242.365494</ele><time>2021-01-17T20:52:23Z</time><extensions><speed>1.632823</speed><course>36.163860</course><hAcc>0.945926</hAcc><vAcc>0.701789</vAcc></extensions></trkpt>
      <trkpt lon="-123.323349" lat="44.621456"><ele>242.170486</ele><time>2021-01-17T20:52:24Z</time><extensions><speed>1.633428</speed><course>32.464245</course><hAcc>0.946469</hAcc><vAcc>0.702341</vAcc></extensions></trkpt>
      <trkpt lon="-123.323352" lat="44.621442"><ele>241.953476</ele><time>2021-01-17T20:52:25Z</time><extensions><speed>1.634118</speed><course>27.604635</course><hAcc>0.947038</hAcc><vAcc>0.702920</vAcc></extensions></trkpt>
      <trkpt lon="-123.323354" lat="44.621427"><ele>241.721497</ele><time>2021-01-17T20:52:26Z</time><extensions><speed>1.633951</speed><course>28.173786</course><hAcc>0.947578</hAcc><vAcc>0.703470</vAcc></extensions></trkpt>
      <trkpt lon="-123.323356" lat="44.621413"><ele>241.480484</ele><time>2021-01-17T20:52:27Z</time><extensions><speed>1.632140</speed><course>31.472872</course><hAcc>0.948045</hAcc><vAcc>0.703947</vAcc></extensions></trkpt>
      <trkpt lon="-123.323358" lat="44.621398"><ele>241.234924</ele><time>2021-01-17T20:52:28Z</time><extensions><speed>1.628415</speed><course>35.662533</course><hAcc>0.948414</hAcc><vAcc>0.704327</vAcc></extensions></trkpt>
      <trkpt lon="-123.323360" lat="44.621384"><ele>240.988251</ele><time>2021-01-17T20:52:29Z</time><extensions><speed>1.622748</speed><course>40.345245</course><hAcc>0.948682</hAcc><vAcc>0.704604</vAcc></extensions></trkpt>
      <trkpt lon="-123.323361" lat="44.621369"><ele>240.742966</ele><time>2021-01-17T20:52:30Z</time><extensions><speed>1.615204</speed><course>45.729740</course><hAcc>0.948859</hAcc><vAcc>0.704790</vAcc></extensions></trkpt>
      <trkpt lon="-123.323362" lat="44.621354"><ele>240.500870</ele><time>2021-01-17T20:52:31Z</time><extensions><speed>1.606151</speed><course>39.942497</course><hAcc>0.948963</hAcc><vAcc>0.704900</vAcc></extensions></trkpt>
      <trkpt lon="-123.323362" lat="44.621340"><ele>240.262985</ele><time>2021-01-17T20:52:32Z</time><extensions><speed>1.595902</speed><course>41.349533</course><hAcc>0.949009</hAcc><vAcc>0.704952</vAcc></extensions></trkpt>
      <trkpt lon="-123.323363" lat="44.621326"><ele>240.029480</ele><time>2021-01-17T20:52:33Z</time><extensions><speed>1.584577</speed><course>45.793007</course><hAcc>0.949016</hAcc><vAcc>0.704963</vAcc></extensions></trkpt>
      <trkpt lon="-123.323363" lat="44.621312"><ele>239.799423</ele><time>2021-01-17T20:52:34Z</time><extensions><speed>1.572395</speed><course>46.703438</course><hAcc>0.949002</hAcc><vAcc>0.704952</vAcc></extensions></trkpt>
      <trkpt lon="-123.323363" lat="44.621297"><ele>239.570953</ele><time>2021-01-17T20:52:35Z</time><extensions><speed>1.559613</speed><course>41.765720</course><hAcc>0.948985</hAcc><vAcc>0.704937</vAcc></extensions></trkpt>
      <trkpt lon="-123.323364" lat="44.621284"><ele>239.341629</ele><time>2021-01-17T20:52:36Z</time><extensions><speed>1.546052</speed><course>42.356987</course><hAcc>0.948980</hAcc><vAcc>0.704934</vAcc></extensions></trkpt>
      <trkpt lon="-123.323364" lat="44.621270"><ele>239.108627</ele><time>2021-01-17T20:52:37Z</time><extensions><speed>1.531363</speed><course>45.503456</course><hAcc>0.948997</hAcc><vAcc>0.704952</vAcc></extensions></trkpt>
      <trkpt lon="-123.323364" lat="44.621256"><ele>238.868546</ele><time>2021-01-17T20:52:38Z</time><extensions><speed>1.515377</speed><course>62.361267</course><hAcc>0.949037</hAcc><vAcc>0.704993</vAcc></extensions></trkpt>
      <trkpt lon="-123.323365" lat="44.621242"><ele>238.617493</ele><time>2021-01-17T20:52:39Z</time><extensions><speed>1.498073</speed><course>54.777225</course><hAcc>0.949098</hAcc><vAcc>0.705055</vAcc></extensions></trkpt>
      <trkpt lon="-123.323365" lat="44.621229"><ele>238.351486</ele><time>2021-01-17T20:52:40Z</time><extensions><speed>1.479331</speed><course>53.724545</course><hAcc>0.949176</hAcc><vAcc>0.705134</vAcc></extensions></trkpt>
      <trkpt lon="-123.323366" lat="44.621216"><ele>238.066788</ele><time>2021-01-17T20:52:41Z</time><extensions><speed>1.458807</speed><course>57.848782</course><hAcc>0.949264</hAcc><vAcc>0.705223</vAcc></extensions></trkpt>
      <trkpt lon="-123.323366" lat="44.621203"><ele>237.760513</ele><time>2021-01-17T20:52:42Z</time><extensions><speed>1.436305</speed><course>52.067940</course><hAcc>0.949354</hAcc><vAcc>0.705314</vAcc></extensions></trkpt>
      <trkpt lon="-123.323367" lat="44.621190"><ele>237.431580</ele><time>2021-01-17T20:52:43Z</time><extensions><speed>1.412122</speed><course>56.451378</course><hAcc>0.949440</hAcc><vAcc>0.705401</vAcc></extensions></trkpt>
      <trkpt lon="-123.323368" lat="44.621177"><ele>237.080658</ele><time>2021-01-17T20:52:44Z</time><extensions><speed>1.386725</speed><course>43.876755</course><hAcc>0.949514</hAcc><vAcc>0.705477</vAcc></extensions></trkpt>
      <trkpt lon="-123.323368" lat="44.621165"><ele>236.709167</ele><time>2021-01-17T20:52:45Z</time><extensions><speed>1.360466</speed><course>44.462769</course><hAcc>0.949569</hAcc><vAcc>0.705534</vAcc></extensions></trkpt>
      <trkpt lon="-123.323369" lat="44.621153"><ele>236.318832</ele><time>2021-01-17T20:52:46Z</time><extensions><speed>1.333684</speed><course>38.001545</course><hAcc>0.949601</hAcc><vAcc>0.705568</vAcc></extensions></trkpt>
      <trkpt lon="-123.323370" lat="44.621141"><ele>235.911469</ele><time>2021-01-17T20:52:47Z</time><extensions><speed>1.306572</speed><course>39.248142</course><hAcc>0.949615</hAcc><vAcc>0.705584</vAcc></extensions></trkpt>
      <trkpt lon="-123.323371" lat="44.621129"><ele>235.488998</ele><time>2021-01-17T20:52:48Z</time><extensions><speed>1.279409</speed><course>51.223396</course><hAcc>0.949623</hAcc><vAcc>0.705595</vAcc></extensions></trkpt>
      <trkpt lon="-123.323372" lat="44.621118"><ele>235.053497</ele><time>2021-01-17T20:52:49Z</time><extensions><speed>1.252786</speed><course>50.453484</course><hAcc>0.949646</hAcc><vAcc>0.705620</vAcc></extensions></trkpt>
      <trkpt lon="-123.323373" lat="44.621107"><ele>234.607315</ele><time>2021-01-17T20:52:50Z</time><extensions><speed>1.227324</speed><course>43.297646</course><hAcc>0.949701</hAcc><vAcc>0.705679</vAcc></extensions></trkpt>
      <trkpt lon="-123.323373" lat="44.621096"><ele>234.152954</ele><time>2021-01-17T20:52:51Z</time><extensions><speed>1.203831</speed><course>40.888119</course><hAcc>0.949802</hAcc><vAcc>0.705782</vAcc></extensions></trkpt>
      <trkpt lon="-123.323374" lat="44.621085"><ele>233.693619</ele><time>2021-01-17T20:52:52Z</time><extensions><speed>1.183663</speed><course>35.875896</course><hAcc>0.949947</hAcc><vAcc>0.705930</vAcc></extensions></trkpt>
      <trkpt lon="-123.323375" lat="44.621075"><ele>233.234406</ele><time>2021-01-17T20:52:53Z</time><extensions><speed>1.168218</speed><course>37.345787</course><hAcc>0.950123</hAcc><vAcc>0.706108</vAcc></extensions></trkpt>
      <trkpt lon="-123.323375" lat="44.621064"><ele>232.782822</ele><time>2021-01-17T20:52:54Z</time><extensions><speed>1.159303</speed><course>39.612804</course><hAcc>0.950301</hAcc><vAcc>0.706286</vAcc></extensions></trkpt>
      <trkpt lon="-123.323376" lat="44.621054"><ele>232.348175</ele><time>2021-01-17T20:52:55Z</time><extensions><speed>1.158251</speed><course>41.542622</course><hAcc>0.950451</hAcc><vAcc>0.706436</vAcc></extensions></trkpt>
      <trkpt lon="-123.323378" lat="44.621043"><ele>231.939987</ele><time>2021-01-17T20:52:56Z</time><extensions><speed>1.165209</speed><course>34.632797</course><hAcc>0.950551</hAcc><vAcc>0.706533</vAcc></extensions></trkpt>
      <trkpt lon="-123.323380" lat="44.621033"><ele>231.566284</ele><time>2021-01-17T20:52:57Z</time><extensions><speed>1.180013</speed><course>42.992928</course><hAcc>0.950586</hAcc><vAcc>0.706564</vAcc></extensions></trkpt>
      <trkpt lon="-123.323383" lat="44.621022"><ele>231.232437</ele><time>2021-01-17T20:52:58Z</time><extensions><speed>1.202103</speed><course>45.829067</course><hAcc>0.950548</hAcc><vAcc>0.706518</vAcc></extensions></trkpt>
      <trkpt lon="-123.323386" lat="44.621012"><ele>230.940781</ele><time>2021-01-17T20:52:59Z</time><extensions><speed>1.230822</speed><course>52.983418</course><hAcc>0.950435</hAcc><vAcc>0.706394</vAcc></extensions></trkpt>
      <trkpt lon="-123.323390" lat="44.621001"><ele>230.691437</ele><time>2021-01-17T20:53:00Z</time><extensions><speed>1.266196</speed><course>48.002201</course><hAcc>0.950250</hAcc><vAcc>0.706192</vAcc></extensions></trkpt>
      <trkpt lon="-123.323395" lat="44.620990"><ele>230.483368</ele><time>2021-01-17T20:53:01Z</time><extensions><speed>1.308061</speed><course>44.056297</course><hAcc>0.950000</hAcc><vAcc>0.705921</vAcc></extensions></trkpt>
      <trkpt lon="-123.323401" lat="44.620979"><ele>230.314835</ele><time>2021-01-17T20:53:02Z</time><extensions><speed>1.355653</speed><course>42.504623</course><hAcc>0.949699</hAcc><vAcc>0.705593</vAcc></extensions></trkpt>
      <trkpt lon="-123.323408" lat="44.620967"><ele>230.183655</ele><time>2021-01-17T20:53:03Z</time><extensions><speed>1.408745</speed><course>38.846031</course><hAcc>0.949366</hAcc><vAcc>0.705229</vAcc></extensions></trkpt>
      <trkpt lon="-123.323415" lat="44.620956"><ele>230.087524</ele><time>2021-01-17T20:53:04Z</time><extensions><speed>1.467058</speed><course>52.094467</course><hAcc>0.949023</hAcc><vAcc>0.704853</vAcc></extensions></trkpt>
      <trkpt lon="-123.323424" lat="44.620943"><ele>230.023590</ele><time>2021-01-17T20:53:05Z</time><extensions><speed>1.529014</speed><course>46.377007</course><hAcc>0.948689</hAcc><vAcc>0.704482</vAcc></extensions></trkpt>
      <trkpt lon="-123.323433" lat="44.620931"><ele>229.988220</ele><time>2021-01-17T20:53:06Z</time><extensions><speed>1.591522</speed><course>49.257904</course><hAcc>0.948374</hAcc><vAcc>0.704134</vAcc></extensions></trkpt>
      <trkpt lon="-123.323443" lat="44.620918"><ele>229.977234</ele><time>2021-01-17T20:53:07Z</time><extensions><speed>1.650602</speed><course>50.439751</course><hAcc>0.948092</hAcc><vAcc>0.703825</vAcc></extensions></trkpt>
      <trkpt lon="-123.323454" lat="44.620905"><ele>229.986618</ele><time>2021-01-17T20:53:08Z</time><extensions><speed>1.702323</speed><course>54.901779</course><hAcc>0.947854</hAcc><vAcc>0.703573</vAcc></extensions></trkpt>
      <trkpt lon="-123.323465" lat="44.620892"><ele>230.013535</ele><time>2021-01-17T20:53:09Z</time><extensions><speed>1.744332</speed><course>52.191097</course><hAcc>0.947671</hAcc><vAcc>0.703392</vAcc></extensions></trkpt>
      <trkpt lon="-123.323477" lat="44.620879"><ele>230.056610</ele><time>2021-01-17T20:53:10Z</time><extensions><speed>1.775537</speed><course>49.760078</course><hAcc>0.947552</hAcc><vAcc>0.703288</vAcc></extensions></trkpt>
      <trkpt lon="-123.323488" lat="44.620865"><ele>230.115234</ele><time>2021-01-17T20:53:11Z</time><extensions><speed>1.795699</speed><course>48.571018</course><hAcc>0.947507</hAcc><vAcc>0.703266</vAcc></extensions></trkpt>
      <trkpt lon="-123.323500" lat="44.620851"><ele>230.189301</ele><time>2021-01-17T20:53:12Z</time><extensions><speed>1.805869</speed><course>42.058548</course><hAcc>0.947542</hAcc><vAcc>0.703327</vAcc></extensions></trkpt>
      <trkpt lon="-123.323512" lat="44.620837"><ele>230.279099</ele><time>2021-01-17T20:53:13Z</time><extensions><speed>1.807884</speed><course>45.460949</course><hAcc>0.947650</hAcc><vAcc>0.703462</vAcc></extensions></trkpt>
      <trkpt lon="-123.323523" lat="44.620823"><ele>230.384796</ele><time>2021-01-17T20:53:14Z</time><extensions><speed>1.803888</speed><course>48.930271</course><hAcc>0.947816</hAcc><vAcc>0.703652</vAcc></extensions></trkpt>
      <trkpt lon="-123.323534" lat="44.620809"><ele>230.505447</ele><time>2021-01-17T20:53:15Z</time><extensions><speed>1.795347</speed><course>63.870991</course><hAcc>0.948012</hAcc><vAcc>0.703869</vAcc></extensions></trkpt>
      <trkpt lon="-123.323545" lat="44.620795"><ele>230.638214</ele><time>2021-01-17T20:53:16Z</time><extensions><speed>1.782964</speed><course>69.008987</course><hAcc>0.948215</hAcc><vAcc>0.704090</vAcc></extensions></trkpt>
      <trkpt lon="-123.323555" lat="44.620780"><ele>230.779175</ele><time>2021-01-17T20:53:17Z</time><extensions><speed>1.767444</speed><course>60.448849</course><hAcc>0.948406</hAcc><vAcc>0.704298</vAcc></extensions></trkpt>
      <trkpt lon="-123.323564" lat="44.620766"><ele>230.924561</ele><time>2021-01-17T20:53:18Z</time><extensions><speed>1.749282</speed><course>52.620461</course><hAcc>0.948574</hAcc><vAcc>0.704478</vAcc></extensions></trkpt>
      <trkpt lon="-123.323573" lat="44.620752"><ele>231.077759</ele><time>2021-01-17T20:53:19Z</time><extensions><speed>1.734623</speed><course>10.993678</course><hAcc>0.948654</hAcc><vAcc>0.704563</vAcc></extensions></trkpt>
      <trkpt lon="-123.323581" lat="44.620737"><ele>231.221069</ele><time>2021-01-17T20:53:20Z</time><extensions><speed>1.713167</speed><course>337.912598</course><hAcc>0.948681</hAcc><vAcc>0.704591</vAcc></extensions></trkpt>
      <trkpt lon="-123.323588" lat="44.620723"><ele>231.358521</ele><time>2021-01-17T20:53:21Z</time><extensions><speed>1.690782</speed><course>328.787323</course><hAcc>0.948646</hAcc><vAcc>0.704556</vAcc></extensions></trkpt>
      <trkpt lon="-123.323595" lat="44.620708"><ele>231.486343</ele><time>2021-01-17T20:53:22Z</time><extensions><speed>1.667551</speed><course>323.342255</course><hAcc>0.948542</hAcc><vAcc>0.704450</vAcc></extensions></trkpt>
      <trkpt lon="-123.323601" lat="44.620694"><ele>231.600510</ele><time>2021-01-17T20:53:23Z</time><extensions><speed>1.643591</speed><course>329.981110</course><hAcc>0.948369</hAcc><vAcc>0.704273</vAcc></extensions></trkpt>
      <trkpt lon="-123.323606" lat="44.620680"><ele>231.696686</ele><time>2021-01-17T20:53:24Z</time><extensions><speed>1.619232</speed><course>318.782928</course><hAcc>0.948125</hAcc><vAcc>0.704025</vAcc></extensions></trkpt>
      <trkpt lon="-123.323611" lat="44.620666"><ele>231.770248</ele><time>2021-01-17T20:53:25Z</time><extensions><speed>1.595242</speed><course>320.262054</course><hAcc>0.947817</hAcc><vAcc>0.703709</vAcc></extensions></trkpt>
      <trkpt lon="-123.323615" lat="44.620652"><ele>231.816376</ele><time>2021-01-17T20:53:26Z</time><extensions><speed>1.572330</speed><course>303.152191</course><hAcc>0.947450</hAcc><vAcc>0.703332</vAcc></extensions></trkpt>
      <trkpt lon="-123.323619" lat="44.620638"><ele>231.830734</ele><time>2021-01-17T20:53:27Z</time><extensions><speed>1.550255</speed><course>327.206940</course><hAcc>0.947032</hAcc><vAcc>0.702900</vAcc></extensions></trkpt>
      <trkpt lon="-123.323622" lat="44.620625"><ele>231.810669</ele><time>2021-01-17T20:53:28Z</time><extensions><speed>1.527988</speed><course>342.358002</course><hAcc>0.946565</hAcc><vAcc>0.702416</vAcc></extensions></trkpt>
      <trkpt lon="-123.323625" lat="44.620611"><ele>231.755951</ele><time>2021-01-17T20:53:29Z</time><extensions><speed>1.504770</speed><course>334.109283</course><hAcc>0.946038</hAcc><vAcc>0.701869</vAcc></extensions></trkpt>
      <trkpt lon="-123.323628" lat="44.620598"><ele>231.669113</ele><time>2021-01-17T20:53:30Z</time><extensions><speed>1.480539</speed><course>321.846436</course><hAcc>0.945431</hAcc><vAcc>0.701240</vAcc></extensions></trkpt>
      <trkpt lon="-123.323631" lat="44.620585"><ele>231.555069</ele><time>2021-01-17T20:53:31Z</time><extensions><speed>1.455548</speed><course>331.069336</course><hAcc>0.944721</hAcc><vAcc>0.700503</vAcc></extensions></trkpt>
      <trkpt lon="-123.323634" lat="44.620572"><ele>231.419510</ele><time>2021-01-17T20:53:32Z</time><extensions><speed>1.429979</speed><course>349.652222</course><hAcc>0.943885</hAcc><vAcc>0.699638</vAcc></extensions></trkpt>
      <trkpt lon="-123.323637" lat="44.620559"><ele>231.267792</ele><time>2021-01-17T20:53:33Z</time><extensions><speed>1.404253</speed><course>346.032501</course><hAcc>0.942919</hAcc><vAcc>0.698639</vAcc></extensions></trkpt>
      <trkpt lon="-123.323641" lat="44.620547"><ele>231.104630</ele><time>2021-01-17T20:53:34Z</time><extensions><speed>1.379607</speed><course>354.997650</course><hAcc>0.941831</hAcc><vAcc>0.697515</vAcc></extensions></trkpt>
      <trkpt lon="-123.323645" lat="44.620535"><ele>230.934174</ele><time>2021-01-17T20:53:35Z</time><extensions><speed>1.357628</speed><course>356.896423</course><hAcc>0.940643</hAcc><vAcc>0.696288</vAcc></extensions></trkpt>
      <trkpt lon="-123.323651" lat="44.620524"><ele>230.759583</ele><time>2021-01-17T20:53:36Z</time><extensions><speed>1.339473</speed><course>352.744293</course><hAcc>0.939379</hAcc><vAcc>0.694981</vAcc></extensions></trkpt>
      <trkpt lon="-123.323657" lat="44.620513"><ele>230.582977</ele><time>2021-01-17T20:53:37Z</time><extensions><speed>1.326061</speed><course>353.728302</course><hAcc>0.938064</hAcc><vAcc>0.693620</vAcc></extensions></trkpt>
      <trkpt lon="-123.323664" lat="44.620502"><ele>230.405807</ele><time>2021-01-17T20:53:38Z</time><extensions><speed>1.318099</speed><course>344.277985</course><hAcc>0.936722</hAcc><vAcc>0.692227</vAcc></extensions></trkpt>
      <trkpt lon="-123.323672" lat="44.620492"><ele>230.229095</ele><time>2021-01-17T20:53:39Z</time><extensions><speed>1.315162</speed><course>339.324097</course><hAcc>0.935368</hAcc><vAcc>0.690820</vAcc></extensions></trkpt>
      <trkpt lon="-123.323681" lat="44.620482"><ele>230.053391</ele><time>2021-01-17T20:53:40Z</time><extensions><speed>1.316254</speed><course>335.668732</course><hAcc>0.934013</hAcc><vAcc>0.689409</vAcc></extensions></trkpt>
      <trkpt lon="-123.323691" lat="44.620472"><ele>229.878540</ele><time>2021-01-17T20:53:41Z</time><extensions><speed>1.320989</speed><course>19.137600</course><hAcc>0.932670</hAcc><vAcc>0.688006</vAcc></extensions></trkpt>
      <trkpt lon="-123.323702" lat="44.620463"><ele>229.703293</ele><time>2021-01-17T20:53:42Z</time><extensions><speed>1.328364</speed><course>15.162264</course><hAcc>0.931364</hAcc><vAcc>0.686637</vAcc></extensions></trkpt>
      <trkpt lon="-123.323714" lat="44.620455"><ele>229.525177</ele><time>2021-01-17T20:53:43Z</time><extensions><speed>1.336582</speed><course>340.365265</course><hAcc>0.930125</hAcc><vAcc>0.685331</vAcc></extensions></trkpt>
      <trkpt lon="-123.323727" lat="44.620447"><ele>229.341187</ele><time>2021-01-17T20:53:44Z</time><extensions><speed>1.344860</speed><course>323.631226</course><hAcc>0.928983</hAcc><vAcc>0.684119</vAcc></extensions></trkpt>
      <trkpt lon="-123.323740" lat="44.620439"><ele>229.148544</ele><time>2021-01-17T20:53:45Z</time><extensions><speed>1.352316</speed><course>325.111572</course><hAcc>0.927958</hAcc><vAcc>0.683020</vAcc></extensions></trkpt>
      <trkpt lon="-123.323754" lat="44.620433"><ele>228.945282</ele><time>2021-01-17T20:53:46Z</time><extensions><speed>1.358026</speed><course>325.753937</course><hAcc>0.927057</hAcc><vAcc>0.682046</vAcc></extensions></trkpt>
      <trkpt lon="-123.323769" lat="44.620426"><ele>228.730713</ele><time>2021-01-17T20:53:47Z</time><extensions><speed>1.362589</speed><course>347.040100</course><hAcc>0.926281</hAcc><vAcc>0.681198</vAcc></extensions></trkpt>
      <trkpt lon="-123.323784" lat="44.620420"><ele>228.505539</ele><time>2021-01-17T20:53:48Z</time><extensions><speed>1.367223</speed><course>336.479706</course><hAcc>0.925626</hAcc><vAcc>0.680475</vAcc></extensions></trkpt>
      <trkpt lon="-123.323799" lat="44.620414"><ele>228.271164</ele><time>2021-01-17T20:53:49Z</time><extensions><speed>1.372909</speed><course>334.665253</course><hAcc>0.925087</hAcc><vAcc>0.679880</vAcc></extensions></trkpt>
      <trkpt lon="-123.323814" lat="44.620408"><ele>228.029892</ele><time>2021-01-17T20:53:50Z</time><extensions><speed>1.380846</speed><course>346.298676</course><hAcc>0.924662</hAcc><vAcc>0.679416</vAcc></extensions></trkpt>
      <trkpt lon="-123.323830" lat="44.620403"><ele>227.785004</ele><time>2021-01-17T20:53:51Z</time><extensions><speed>1.392201</speed><course>351.344086</course><hAcc>0.924356</hAcc><vAcc>0.679093</vAcc></extensions></trkpt>
      <trkpt lon="-123.323846" lat="44.620397"><ele>227.540466</ele><time>2021-01-17T20:53:52Z</time><extensions><speed>1.407039</speed><course>345.695251</course><hAcc>0.924184</hAcc><vAcc>0.678924</vAcc></extensions></trkpt>
      <trkpt lon="-123.323862" lat="44.620392"><ele>227.300537</ele><time>2021-01-17T20:53:53Z</time><extensions><speed>1.423678</speed><course>345.756622</course><hAcc>0.924167</hAcc><vAcc>0.678923</vAcc></extensions></trkpt>
      <trkpt lon="-123.323878" lat="44.620386"><ele>227.068863</ele><time>2021-01-17T20:53:54Z</time><extensions><speed>1.439784</speed><course>310.426880</course><hAcc>0.924314</hAcc><vAcc>0.679091</vAcc></extensions></trkpt>
      <trkpt lon="-123.323895" lat="44.620381"><ele>226.847870</ele><time>2021-01-17T20:53:55Z</time><extensions><speed>1.454442</speed><course>323.068207</course><hAcc>0.924614</hAcc><vAcc>0.679416</vAcc></extensions></trkpt>
      <trkpt lon="-123.323911" lat="44.620375"><ele>226.638794</ele><time>2021-01-17T20:53:56Z</time><extensions><speed>1.466687</speed><course>323.640228</course><hAcc>0.925045</hAcc><vAcc>0.679868</vAcc></extensions></trkpt>
      <trkpt lon="-123.323927" lat="44.620368"><ele>226.441086</ele><time>2021-01-17T20:53:57Z</time><extensions><speed>1.474433</speed><course>324.375031</course><hAcc>0.925589</hAcc><vAcc>0.680431</vAcc></extensions></trkpt>
      <trkpt lon="-123.323943" lat="44.620361"><ele>226.252396</ele><time>2021-01-17T20:53:58Z</time><extensions><speed>1.477113</speed><course>330.056274</course><hAcc>0.926237</hAcc><vAcc>0.681091</vAcc></extensions></trkpt>
      <trkpt lon="-123.323959" lat="44.620354"><ele>226.070358</ele><time>2021-01-17T20:53:59Z</time><extensions><speed>1.477074</speed><course>334.289490</course><hAcc>0.926979</hAcc><vAcc>0.681836</vAcc></extensions></trkpt>
      <trkpt lon="-123.323974" lat="44.620347"><ele>225.893387</ele><time>2021-01-17T20:54:00Z</time><extensions><speed>1.476980</speed><course>317.251068</course><hAcc>0.927810</hAcc><vAcc>0.682660</vAcc></extensions></trkpt>
      <trkpt lon="-123.323989" lat="44.620339"><ele>225.720734</ele><time>2021-01-17T20:54:01Z</time><extensions><speed>1.476467</speed><course>314.664612</course><hAcc>0.928735</hAcc><vAcc>0.683564</vAcc></extensions></trkpt>
      <trkpt lon="-123.324004" lat="44.620330"><ele>225.552460</ele><time>2021-01-17T20:54:02Z</time><extensions><speed>1.474638</speed><course>299.662872</course><hAcc>0.929752</hAcc><vAcc>0.684547</vAcc></extensions></trkpt>
      <trkpt lon="-123.324017" lat="44.620322"><ele>225.389114</ele><time>2021-01-17T20:54:03Z</time><extensions><speed>1.473320</speed><course>301.210419</course><hAcc>0.930831</hAcc><vAcc>0.685582</vAcc></extensions></trkpt>
      <trkpt lon="-123.324031" lat="44.620312"><ele>225.231308</ele><time>2021-01-17T20:54:04Z</time><extensions><speed>1.475449</speed><course>317.702026</course><hAcc>0.931915</hAcc><vAcc>0.686608</vAcc></extensions></trkpt>
      <trkpt lon="-123.324044" lat="44.620303"><ele>225.080048</ele><time>2021-01-17T20:54:05Z</time><extensions><speed>1.484219</speed><course>324.278687</course><hAcc>0.932937</hAcc><vAcc>0.687560</vAcc></extensions></trkpt>
      <trkpt lon="-123.324056" lat="44.620293"><ele>224.937119</ele><time>2021-01-17T20:54:06Z</time><extensions><speed>1.502264</speed><course>326.223267</course><hAcc>0.933832</hAcc><vAcc>0.688379</vAcc></extensions></trkpt>
      <trkpt lon="-123.324069" lat="44.620282"><ele>224.804733</ele><time>2021-01-17T20:54:07Z</time><extensions><speed>1.530510</speed><course>355.735809</course><hAcc>0.934523</hAcc><vAcc>0.689003</vAcc></extensions></trkpt>
      <trkpt lon="-123.324081" lat="44.620271"><ele>224.684692</ele><time>2021-01-17T20:54:08Z</time><extensions><speed>1.567653</speed><course>343.750488</course><hAcc>0.934936</hAcc><vAcc>0.689369</vAcc></extensions></trkpt>
      <trkpt lon="-123.324093" lat="44.620260"><ele>224.577698</ele><time>2021-01-17T20:54:09Z</time><extensions><speed>1.611572</speed><course>323.864716</course><hAcc>0.935023</hAcc><vAcc>0.689444</vAcc></extensions></trkpt>
      <trkpt lon="-123.324105" lat="44.620248"><ele>224.483658</ele><time>2021-01-17T20:54:10Z</time><extensions><speed>1.661306</speed><course>318.080750</course><hAcc>0.934805</hAcc><vAcc>0.689241</vAcc></extensions></trkpt>
      <trkpt lon="-123.324116" lat="44.620235"><ele>224.401840</ele><time>2021-01-17T20:54:11Z</time><extensions><speed>1.714905</speed><course>-1.000000</course><hAcc>0.934359</hAcc><vAcc>0.688832</vAcc></extensions></trkpt>
      <trkpt lon="-123.324128" lat="44.620222"><ele>224.330551</ele><time>2021-01-17T20:54:12Z</time><extensions><speed>1.768186</speed><course>331.250336</course><hAcc>0.933797</hAcc><vAcc>0.688322</vAcc></extensions></trkpt>
      <trkpt lon="-123.324140" lat="44.620208"><ele>224.266968</ele><time>2021-01-17T20:54:13Z</time><extensions><speed>1.816770</speed><course>356.449799</course><hAcc>0.933234</hAcc><vAcc>0.687826</vAcc></extensions></trkpt>
      <trkpt lon="-123.324152" lat="44.620194"><ele>224.207153</ele><time>2021-01-17T20:54:14Z</time><extensions><speed>1.857325</speed><course>358.664978</course><hAcc>0.932766</hAcc><vAcc>0.687443</vAcc></extensions></trkpt>
      <trkpt lon="-123.324164" lat="44.620179"><ele>224.146164</ele><time>2021-01-17T20:54:15Z</time><extensions><speed>1.887404</speed><course>2.871100</course><hAcc>0.932462</hAcc><vAcc>0.687239</vAcc></extensions></trkpt>
      <trkpt lon="-123.324175" lat="44.620165"><ele>224.078278</ele><time>2021-01-17T20:54:16Z</time><extensions><speed>1.904741</speed><course>359.444336</course><hAcc>0.932354</hAcc><vAcc>0.687233</vAcc></extensions></trkpt>
      <trkpt lon="-123.324186" lat="44.620149"><ele>223.997269</ele><time>2021-01-17T20:54:17Z</time><extensions><speed>1.907883</speed><course>338.232452</course><hAcc>0.932428</hAcc><vAcc>0.687402</vAcc></extensions></trkpt>
      <trkpt lon="-123.324197" lat="44.620134"><ele>223.897186</ele><time>2021-01-17T20:54:18Z</time><extensions><speed>1.897071</speed><course>334.801819</course><hAcc>0.932643</hAcc><vAcc>0.687698</vAcc></extensions></trkpt>
      <trkpt lon="-123.324207" lat="44.620119"><ele>223.773285</ele><time>2021-01-17T20:54:18Z</time><extensions><speed>1.873626</speed><course>353.071533</course><hAcc>0.932971</hAcc><vAcc>0.688080</vAcc></extensions></trkpt>
      <trkpt lon="-123.324217" lat="44.620103"><ele>223.622696</ele><time>2021-01-17T20:54:19Z</time><extensions><speed>1.839162</speed><course>352.881073</course><hAcc>0.933380</hAcc><vAcc>0.688507</vAcc></extensions></trkpt>
      <trkpt lon="-123.324226" lat="44.620088"><ele>223.446182</ele><time>2021-01-17T20:54:20Z</time><extensions><speed>1.795383</speed><course>-1.000000</course><hAcc>0.933831</hAcc><vAcc>0.688941</vAcc></extensions></trkpt>
      <trkpt lon="-123.324234" lat="44.620074"><ele>223.248016</ele><time>2021-01-17T20:54:21Z</time><extensions><speed>1.744794</speed><course>5.043619</course><hAcc>0.934319</hAcc><vAcc>0.689364</vAcc></extensions></trkpt>
      <trkpt lon="-123.324242" lat="44.620059"><ele>223.035248</ele><time>2021-01-17T20:54:22Z</time><extensions><speed>1.690751</speed><course>357.199280</course><hAcc>0.934848</hAcc><vAcc>0.689771</vAcc></extensions></trkpt>
      <trkpt lon="-123.324249" lat="44.620045"><ele>222.816116</ele><time>2021-01-17T20:54:23Z</time><extensions><speed>1.635869</speed><course>350.516754</course><hAcc>0.935436</hAcc><vAcc>0.690162</vAcc></extensions></trkpt>
      <trkpt lon="-123.324256" lat="44.620031"><ele>222.598282</ele><time>2021-01-17T20:54:24Z</time><extensions><speed>1.582165</speed><course>348.674988</course><hAcc>0.936109</hAcc><vAcc>0.690546</vAcc></extensions></trkpt>
      <trkpt lon="-123.324262" lat="44.620018"><ele>222.387375</ele><time>2021-01-17T20:54:26Z</time><extensions><speed>1.531018</speed><course>0.007853</course><hAcc>0.936890</hAcc><vAcc>0.690932</vAcc></extensions></trkpt>
      <trkpt lon="-123.324268" lat="44.620005"><ele>222.187866</ele><time>2021-01-17T20:54:26Z</time><extensions><speed>1.484508</speed><course>350.283417</course><hAcc>0.937844</hAcc><vAcc>0.691362</vAcc></extensions></trkpt>
      <trkpt lon="-123.324275" lat="44.619993"><ele>222.001572</ele><time>2021-01-17T20:54:28Z</time><extensions><speed>1.445020</speed><course>344.332672</course><hAcc>0.939030</hAcc><vAcc>0.691877</vAcc></extensions></trkpt>
      <trkpt lon="-123.324281" lat="44.619981"><ele>221.831131</ele><time>2021-01-17T20:54:29Z</time><extensions><speed>1.414630</speed><course>356.308075</course><hAcc>0.940484</hAcc><vAcc>0.692507</vAcc></extensions></trkpt>
      <trkpt lon="-123.324288" lat="44.619969"><ele>221.677338</ele><time>2021-01-17T20:54:30Z</time><extensions><speed>1.393733</speed><course>352.768433</course><hAcc>0.942275</hAcc><vAcc>0.693304</vAcc></extensions></trkpt>
      <trkpt lon="-123.324294" lat="44.619958"><ele>221.539139</ele><time>2021-01-17T20:54:31Z</time><extensions><speed>1.381204</speed><course>346.349915</course><hAcc>0.944430</hAcc><vAcc>0.694282</vAcc></extensions></trkpt>
      <trkpt lon="-123.324301" lat="44.619946"><ele>221.413788</ele><time>2021-01-17T20:54:32Z</time><extensions><speed>1.375715</speed><course>347.530029</course><hAcc>0.946935</hAcc><vAcc>0.695418</vAcc></extensions></trkpt>
      <trkpt lon="-123.324308" lat="44.619935"><ele>221.297821</ele><time>2021-01-17T20:54:33Z</time><extensions><speed>1.377279</speed><course>-1.000000</course><hAcc>0.949741</hAcc><vAcc>0.696659</vAcc></extensions></trkpt>
      <trkpt lon="-123.324315" lat="44.619924"><ele>221.187714</ele><time>2021-01-17T20:54:34Z</time><extensions><speed>1.385673</speed><course>-1.000000</course><hAcc>0.952771</hAcc><vAcc>0.697941</vAcc></extensions></trkpt>
      <trkpt lon="-123.324322" lat="44.619912"><ele>221.079987</ele><time>2021-01-17T20:54:35Z</time><extensions><speed>1.400613</speed><course>-1.000000</course><hAcc>0.955905</hAcc><vAcc>0.699184</vAcc></extensions></trkpt>
      <trkpt lon="-123.324329" lat="44.619901"><ele>220.971085</ele><time>2021-01-17T20:54:36Z</time><extensions><speed>1.421785</speed><course>-1.000000</course><hAcc>0.958987</hAcc><vAcc>0.700310</vAcc></extensions></trkpt>
      <trkpt lon="-123.324337" lat="44.619889"><ele>220.857605</ele><time>2021-01-17T20:54:37Z</time><extensions><speed>1.448248</speed><course>6.489739</course><hAcc>0.961853</hAcc><vAcc>0.701257</vAcc></extensions></trkpt>
      <trkpt lon="-123.324344" lat="44.619877"><ele>220.736221</ele><time>2021-01-17T20:54:38Z</time><extensions><speed>1.478613</speed><course>9.082311</course><hAcc>0.964361</hAcc><vAcc>0.701991</vAcc></extensions></trkpt>
      <trkpt lon="-123.324351" lat="44.619864"><ele>220.603653</ele><time>2021-01-17T20:54:39Z</time><extensions><speed>1.510731</speed><course>356.213379</course><hAcc>0.966400</hAcc><vAcc>0.702510</vAcc></extensions></trkpt>
      <trkpt lon="-123.324357" lat="44.619851"><ele>220.457230</ele><time>2021-01-17T20:54:40Z</time><extensions><speed>1.541524</speed><course>347.679657</course><hAcc>0.967884</hAcc><vAcc>0.702812</vAcc></extensions></trkpt>
      <trkpt lon="-123.324364" lat="44.619838"><ele>220.295395</ele><time>2021-01-17T20:54:41Z</time><extensions><speed>1.568042</speed><course>3.873773</course><hAcc>0.968745</hAcc><vAcc>0.702891</vAcc></extensions></trkpt>
      <trkpt lon="-123.324370" lat="44.619824"><ele>220.117523</ele><time>2021-01-17T20:54:42Z</time><extensions><speed>1.588505</speed><course>328.571198</course><hAcc>0.968942</hAcc><vAcc>0.702730</vAcc></extensions></trkpt>
      <trkpt lon="-123.324375" lat="44.619811"><ele>219.924072</ele><time>2021-01-17T20:54:43Z</time><extensions><speed>1.602939</speed><course>347.190674</course><hAcc>0.968483</hAcc><vAcc>0.702325</vAcc></extensions></trkpt>
      <trkpt lon="-123.324381" lat="44.619797"><ele>219.716873</ele><time>2021-01-17T20:54:44Z</time><extensions><speed>1.612983</speed><course>350.314697</course><hAcc>0.967429</hAcc><vAcc>0.701700</vAcc></extensions></trkpt>
      <trkpt lon="-123.324386" lat="44.619783"><ele>219.498962</ele><time>2021-01-17T20:54:45Z</time><extensions><speed>1.620904</speed><course>349.463959</course><hAcc>0.965892</hAcc><vAcc>0.700904</vAcc></extensions></trkpt>
      <trkpt lon="-123.324390" lat="44.619768"><ele>219.274445</ele><time>2021-01-17T20:54:46Z</time><extensions><speed>1.629039</speed><course>351.456116</course><hAcc>0.964024</hAcc><vAcc>0.700013</vAcc></extensions></trkpt>
      <trkpt lon="-123.324394" lat="44.619754"><ele>219.048431</ele><time>2021-01-17T20:54:47Z</time><extensions><speed>1.639287</speed><course>346.425507</course><hAcc>0.962005</hAcc><vAcc>0.699128</vAcc></extensions></trkpt>
      <trkpt lon="-123.324399" lat="44.619739"><ele>218.826019</ele><time>2021-01-17T20:54:48Z</time><extensions><speed>1.651271</speed><course>347.746063</course><hAcc>0.960036</hAcc><vAcc>0.698362</vAcc></extensions></trkpt>
      <trkpt lon="-123.324403" lat="44.619725"><ele>218.611099</ele><time>2021-01-17T20:54:49Z</time><extensions><speed>1.663575</speed><course>336.346558</course><hAcc>0.958309</hAcc><vAcc>0.697825</vAcc></extensions></trkpt>
      <trkpt lon="-123.324407" lat="44.619710"><ele>218.406265</ele><time>2021-01-17T20:54:50Z</time><extensions><speed>1.674587</speed><course>334.821472</course><hAcc>0.956995</hAcc><vAcc>0.697601</vAcc></extensions></trkpt>
      <trkpt lon="-123.324412" lat="44.619695"><ele>218.213226</ele><time>2021-01-17T20:54:51Z</time><extensions><speed>1.682189</speed><course>334.821503</course><hAcc>0.956214</hAcc><vAcc>0.697731</vAcc></extensions></trkpt>
      <trkpt lon="-123.324416" lat="44.619681"><ele>218.033295</ele><time>2021-01-17T20:54:52Z</time><extensions><speed>1.685678</speed><course>334.821503</course><hAcc>0.956019</hAcc><vAcc>0.698196</vAcc></extensions></trkpt>
      <trkpt lon="-123.324421" lat="44.619666"><ele>217.867966</ele><time>2021-01-17T20:54:53Z</time><extensions><speed>1.685971</speed><course>-1.000000</course><hAcc>0.956389</hAcc><vAcc>0.698926</vAcc></extensions></trkpt>
      <trkpt lon="-123.324425" lat="44.619651"><ele>217.718124</ele><time>2021-01-17T20:54:54Z</time><extensions><speed>1.684773</speed><course>7.699410</course><hAcc>0.957229</hAcc><vAcc>0.699816</vAcc></extensions></trkpt>
      <trkpt lon="-123.324430" lat="44.619636"><ele>217.583191</ele><time>2021-01-17T20:54:55Z</time><extensions><speed>1.684373</speed><course>8.336260</course><hAcc>0.958394</hAcc><vAcc>0.700752</vAcc></extensions></trkpt>
      <trkpt lon="-123.324435" lat="44.619621"><ele>217.461777</ele><time>2021-01-17T20:54:56Z</time><extensions><speed>1.687012</speed><course>8.558822</course><hAcc>0.959730</hAcc><vAcc>0.701636</vAcc></extensions></trkpt>
      <trkpt lon="-123.324439" lat="44.619606"><ele>217.352234</ele><time>2021-01-17T20:54:57Z</time><extensions><speed>1.693604</speed><course>349.101868</course><hAcc>0.961112</hAcc><vAcc>0.702417</vAcc></extensions></trkpt>
      <trkpt lon="-123.324444" lat="44.619591"><ele>217.253189</ele><time>2021-01-17T20:54:58Z</time><extensions><speed>1.703508</speed><course>-1.000000</course><hAcc>0.962461</hAcc><vAcc>0.703087</vAcc></extensions></trkpt>
      <trkpt lon="-123.324448" lat="44.619576"><ele>217.163818</ele><time>2021-01-17T20:54:59Z</time><extensions><speed>1.714449</speed><course>14.418791</course><hAcc>0.963729</hAcc><vAcc>0.703659</vAcc></extensions></trkpt>
      <trkpt lon="-123.324453" lat="44.619561"><ele>217.083252</ele><time>2021-01-17T20:55:00Z</time><extensions><speed>1.723625</speed><course>23.968079</course><hAcc>0.964875</hAcc><vAcc>0.704143</vAcc></extensions></trkpt>
      <trkpt lon="-123.324458" lat="44.619546"><ele>217.009018</ele><time>2021-01-17T20:55:01Z</time><extensions><speed>1.728685</speed><course>40.868187</course><hAcc>0.965869</hAcc><vAcc>0.704543</vAcc></extensions></trkpt>
      <trkpt lon="-123.324463" lat="44.619531"><ele>216.937241</ele><time>2021-01-17T20:55:02Z</time><extensions><speed>1.729937</speed><course>12.090776</course><hAcc>0.966713</hAcc><vAcc>0.704871</vAcc></extensions></trkpt>
      <trkpt lon="-123.324469" lat="44.619516"><ele>216.864594</ele><time>2021-01-17T20:55:03Z</time><extensions><speed>1.728978</speed><course>12.892334</course><hAcc>0.967462</hAcc><vAcc>0.705156</vAcc></extensions></trkpt>
      <trkpt lon="-123.324474" lat="44.619501"><ele>216.788788</ele><time>2021-01-17T20:55:04Z</time><extensions><speed>1.726510</speed><course>350.553650</course><hAcc>0.968191</hAcc><vAcc>0.705455</vAcc></extensions></trkpt>
      <trkpt lon="-123.324480" lat="44.619486"><ele>216.708221</ele><time>2021-01-17T20:55:05Z</time><extensions><speed>1.723235</speed><course>357.642975</course><hAcc>0.968972</hAcc><vAcc>0.705823</vAcc></extensions></trkpt>
      <trkpt lon="-123.324487" lat="44.619471"><ele>216.621948</ele><time>2021-01-17T20:55:06Z</time><extensions><speed>1.719054</speed><course>357.292847</course><hAcc>0.969830</hAcc><vAcc>0.706294</vAcc></extensions></trkpt>
      <trkpt lon="-123.324493" lat="44.619457"><ele>216.529297</ele><time>2021-01-17T20:55:07Z</time><extensions><speed>1.713702</speed><course>-1.000000</course><hAcc>0.970721</hAcc><vAcc>0.706844</vAcc></extensions></trkpt>
      <trkpt lon="-123.324500" lat="44.619442"><ele>216.429260</ele><time>2021-01-17T20:55:08Z</time><extensions><speed>1.706294</speed><course>20.487251</course><hAcc>0.971525</hAcc><vAcc>0.707382</vAcc></extensions></trkpt>
      <trkpt lon="-123.324506" lat="44.619427"><ele>216.320831</ele><time>2021-01-17T20:55:09Z</time><extensions><speed>1.696890</speed><course>15.378279</course><hAcc>0.972082</hAcc><vAcc>0.707772</vAcc></extensions></trkpt>
      <trkpt lon="-123.324513" lat="44.619413"><ele>216.203384</ele><time>2021-01-17T20:55:10Z</time><extensions><speed>1.686591</speed><course>4.510773</course><hAcc>0.972245</hAcc><vAcc>0.707882</vAcc></extensions></trkpt>
      <trkpt lon="-123.324520" lat="44.619399"><ele>216.076874</ele><time>2021-01-17T20:55:11Z</time><extensions><speed>1.676403</speed><course>2.804211</course><hAcc>0.971927</hAcc><vAcc>0.707633</vAcc></extensions></trkpt>
      <trkpt lon="-123.324527" lat="44.619384"><ele>215.941956</ele><time>2021-01-17T20:55:12Z</time><extensions><speed>1.668283</speed><course>350.268433</course><hAcc>0.971158</hAcc><vAcc>0.707027</vAcc></extensions></trkpt>
      <trkpt lon="-123.324534" lat="44.619370"><ele>215.800171</ele><time>2021-01-17T20:55:13Z</time><extensions><speed>1.663133</speed><course>347.399933</course><hAcc>0.970072</hAcc><vAcc>0.706142</vAcc></extensions></trkpt>
      <trkpt lon="-123.324541" lat="44.619356"><ele>215.654221</ele><time>2021-01-17T20:55:14Z</time><extensions><speed>1.661352</speed><course>349.463318</course><hAcc>0.968837</hAcc><vAcc>0.705084</vAcc></extensions></trkpt>
      <trkpt lon="-123.324548" lat="44.619342"><ele>215.507828</ele><time>2021-01-17T20:55:15Z</time><extensions><speed>1.663758</speed><course>348.963562</course><hAcc>0.967595</hAcc><vAcc>0.703958</vAcc></extensions></trkpt>
      <trkpt lon="-123.324556" lat="44.619328"><ele>215.365295</ele><time>2021-01-17T20:55:16Z</time><extensions><speed>1.670737</speed><course>356.036560</course><hAcc>0.966418</hAcc><vAcc>0.702845</vAcc></extensions></trkpt>
      <trkpt lon="-123.324563" lat="44.619314"><ele>215.230972</ele><time>2021-01-17T20:55:17Z</time><extensions><speed>1.680844</speed><course>358.930084</course><hAcc>0.965275</hAcc><vAcc>0.701781</vAcc></extensions></trkpt>
      <trkpt lon="-123.324571" lat="44.619300"><ele>215.109055</ele><time>2021-01-17T20:55:18Z</time><extensions><speed>1.691870</speed><course>351.096008</course><hAcc>0.964054</hAcc><vAcc>0.700757</vAcc></extensions></trkpt>
      <trkpt lon="-123.324578" lat="44.619286"><ele>215.003967</ele><time>2021-01-17T20:55:19Z</time><extensions><speed>1.703642</speed><course>9.173049</course><hAcc>0.962620</hAcc><vAcc>0.699743</vAcc></extensions></trkpt>
      <trkpt lon="-123.324586" lat="44.619271"><ele>214.920166</ele><time>2021-01-17T20:55:20Z</time><extensions><speed>1.715558</speed><course>8.765486</course><hAcc>0.960878</hAcc><vAcc>0.698719</vAcc></extensions></trkpt>
      <trkpt lon="-123.324595" lat="44.619257"><ele>214.860901</ele><time>2021-01-17T20:55:21Z</time><extensions><speed>1.724017</speed><course>342.755737</course><hAcc>0.958782</hAcc><vAcc>0.697671</vAcc></extensions></trkpt>
      <trkpt lon="-123.324603" lat="44.619243"><ele>214.827362</ele><time>2021-01-17T20:55:22Z</time><extensions><speed>1.725238</speed><course>333.436462</course><hAcc>0.956321</hAcc><vAcc>0.696583</vAcc></extensions></trkpt>
      <trkpt lon="-123.324612" lat="44.619228"><ele>214.819748</ele><time>2021-01-17T20:55:23Z</time><extensions><speed>1.717636</speed><course>2.656878</course><hAcc>0.953526</hAcc><vAcc>0.695447</vAcc></extensions></trkpt>
      <trkpt lon="-123.324621" lat="44.619214"><ele>214.838593</ele><time>2021-01-17T20:55:24Z</time><extensions><speed>1.701365</speed><course>41.484856</course><hAcc>0.950505</hAcc><vAcc>0.694282</vAcc></extensions></trkpt>
      <trkpt lon="-123.324630" lat="44.619201"><ele>214.884872</ele><time>2021-01-17T20:55:25Z</time><extensions><speed>1.677628</speed><course>-1.000000</course><hAcc>0.947421</hAcc><vAcc>0.693133</vAcc></extensions></trkpt>
      <trkpt lon="-123.324639" lat="44.619187"><ele>214.959229</ele><time>2021-01-17T20:55:26Z</time><extensions><speed>1.647502</speed><course>53.326988</course><hAcc>0.944452</hAcc><vAcc>0.692053</vAcc></extensions></trkpt>
      <trkpt lon="-123.324648" lat="44.619174"><ele>215.061020</ele><time>2021-01-17T20:55:27Z</time><extensions><speed>1.612127</speed><course>74.912819</course><hAcc>0.941737</hAcc><vAcc>0.691069</vAcc></extensions></trkpt>
      <trkpt lon="-123.324658" lat="44.619162"><ele>215.187943</ele><time>2021-01-17T20:55:28Z</time><extensions><speed>1.573481</speed><course>62.267090</course><hAcc>0.939346</hAcc><vAcc>0.690175</vAcc></extensions></trkpt>
      <trkpt lon="-123.324669" lat="44.619150"><ele>215.336090</ele><time>2021-01-17T20:55:29Z</time><extensions><speed>1.534311</speed><course>13.690000</course><hAcc>0.937262</hAcc><vAcc>0.689316</vAcc></extensions></trkpt>
      <trkpt lon="-123.324680" lat="44.619139"><ele>215.500305</ele><time>2021-01-17T20:55:30Z</time><extensions><speed>1.496715</speed><course>19.845032</course><hAcc>0.935399</hAcc><vAcc>0.688397</vAcc></extensions></trkpt>
      <trkpt lon="-123.324691" lat="44.619128"><ele>215.674240</ele><time>2021-01-17T20:55:31Z</time><extensions><speed>1.460919</speed><course>13.362127</course><hAcc>0.933622</hAcc><vAcc>0.687304</vAcc></extensions></trkpt>
      <trkpt lon="-123.324703" lat="44.619119"><ele>215.850922</ele><time>2021-01-17T20:55:32Z</time><extensions><speed>1.426455</speed><course>23.766123</course><hAcc>0.931794</hAcc><vAcc>0.685929</vAcc></extensions></trkpt>
      <trkpt lon="-123.324716" lat="44.619109"><ele>216.023102</ele><time>2021-01-17T20:55:33Z</time><extensions><speed>1.392933</speed><course>3.420622</course><hAcc>0.929811</hAcc><vAcc>0.684207</vAcc></extensions></trkpt>
      <trkpt lon="-123.324728" lat="44.619101"><ele>216.182404</ele><time>2021-01-17T20:55:34Z</time><extensions><speed>1.360132</speed><course>22.687658</course><hAcc>0.927639</hAcc><vAcc>0.682135</vAcc></extensions></trkpt>
      <trkpt lon="-123.324741" lat="44.619093"><ele>216.319382</ele><time>2021-01-17T20:55:35Z</time><extensions><speed>1.328570</speed><course>2.554507</course><hAcc>0.925310</hAcc><vAcc>0.679776</vAcc></extensions></trkpt>
      <trkpt lon="-123.324755" lat="44.619087"><ele>216.425415</ele><time>2021-01-17T20:55:36Z</time><extensions><speed>1.299745</speed><course>5.953692</course><hAcc>0.922903</hAcc><vAcc>0.677236</vAcc></extensions></trkpt>
      <trkpt lon="-123.324769" lat="44.619080"><ele>216.494720</ele><time>2021-01-17T20:55:37Z</time><extensions><speed>1.275589</speed><course>339.701599</course><hAcc>0.920515</hAcc><vAcc>0.674633</vAcc></extensions></trkpt>
      <trkpt lon="-123.324783" lat="44.619075"><ele>216.524536</ele><time>2021-01-17T20:55:38Z</time><extensions><speed>1.257303</speed><course>329.081818</course><hAcc>0.918240</hAcc><vAcc>0.672083</vAcc></extensions></trkpt>
      <trkpt lon="-123.324797" lat="44.619070"><ele>216.513840</ele><time>2021-01-17T20:55:39Z</time><extensions><speed>1.244995</speed><course>337.175232</course><hAcc>0.916150</hAcc><vAcc>0.669680</vAcc></extensions></trkpt>
      <trkpt lon="-123.324811" lat="44.619066"><ele>216.463043</ele><time>2021-01-17T20:55:40Z</time><extensions><speed>1.237459</speed><course>355.065552</course><hAcc>0.914286</hAcc><vAcc>0.667491</vAcc></extensions></trkpt>
      <trkpt lon="-123.324826" lat="44.619062"><ele>216.374786</ele><time>2021-01-17T20:55:41Z</time><extensions><speed>1.231507</speed><course>355.096436</course><hAcc>0.912675</hAcc><vAcc>0.665576</vAcc></extensions></trkpt>
      <trkpt lon="-123.324841" lat="44.619059"><ele>216.254410</ele><time>2021-01-17T20:55:42Z</time><extensions><speed>1.223544</speed><course>346.489258</course><hAcc>0.911326</hAcc><vAcc>0.663984</vAcc></extensions></trkpt>
      <trkpt lon="-123.324855" lat="44.619056"><ele>216.108963</ele><time>2021-01-17T20:55:43Z</time><extensions><speed>1.210778</speed><course>323.258820</course><hAcc>0.910228</hAcc><vAcc>0.662737</vAcc></extensions></trkpt>
      <trkpt lon="-123.324870" lat="44.619053"><ele>215.946182</ele><time>2021-01-17T20:55:44Z</time><extensions><speed>1.193231</speed><course>338.439209</course><hAcc>0.909350</hAcc><vAcc>0.661809</vAcc></extensions></trkpt>
      <trkpt lon="-123.324884" lat="44.619050"><ele>215.774017</ele><time>2021-01-17T20:55:45Z</time><extensions><speed>1.173342</speed><course>346.206848</course><hAcc>0.908650</hAcc><vAcc>0.661128</vAcc></extensions></trkpt>
      <trkpt lon="-123.324899" lat="44.619048"><ele>215.600067</ele><time>2021-01-17T20:55:46Z</time><extensions><speed>1.153427</speed><course>230.489883</course><hAcc>0.908087</hAcc><vAcc>0.660602</vAcc></extensions></trkpt>
      <trkpt lon="-123.324913" lat="44.619045"><ele>215.430664</ele><time>2021-01-17T20:55:47Z</time><extensions><speed>1.134971</speed><course>227.029816</course><hAcc>0.907629</hAcc><vAcc>0.660157</vAcc></extensions></trkpt>
      <trkpt lon="-123.324926" lat="44.619042"><ele>215.270157</ele><time>2021-01-17T20:55:48Z</time><extensions><speed>1.119375</speed><course>298.700256</course><hAcc>0.907273</hAcc><vAcc>0.659763</vAcc></extensions></trkpt>
      <trkpt lon="-123.324939" lat="44.619039"><ele>215.121597</ele><time>2021-01-17T20:55:49Z</time><extensions><speed>1.110343</speed><course>321.099518</course><hAcc>0.907040</hAcc><vAcc>0.659433</vAcc></extensions></trkpt>
      <trkpt lon="-123.324952" lat="44.619035"><ele>214.988098</ele><time>2021-01-17T20:55:50Z</time><extensions><speed>1.112530</speed><course>355.989929</course><hAcc>0.906955</hAcc><vAcc>0.659203</vAcc></extensions></trkpt>
      <trkpt lon="-123.324965" lat="44.619030"><ele>214.872330</ele><time>2021-01-17T20:55:51Z</time><extensions><speed>1.126982</speed><course>340.737000</course><hAcc>0.907040</hAcc><vAcc>0.659123</vAcc></extensions></trkpt>
      <trkpt lon="-123.324978" lat="44.619026"><ele>214.775146</ele><time>2021-01-17T20:55:52Z</time><extensions><speed>1.150576</speed><course>351.687775</course><hAcc>0.907288</hAcc><vAcc>0.659234</vAcc></extensions></trkpt>
      <trkpt lon="-123.324990" lat="44.619020"><ele>214.695602</ele><time>2021-01-17T20:55:53Z</time><extensions><speed>1.179169</speed><course>346.491455</course><hAcc>0.907671</hAcc><vAcc>0.659563</vAcc></extensions></trkpt>
      <trkpt lon="-123.325003" lat="44.619014"><ele>214.631317</ele><time>2021-01-17T20:55:54Z</time><extensions><speed>1.209587</speed><course>334.686340</course><hAcc>0.908175</hAcc><vAcc>0.660137</vAcc></extensions></trkpt>
      <trkpt lon="-123.325015" lat="44.619008"><ele>214.578873</ele><time>2021-01-17T20:55:55Z</time><extensions><speed>1.240448</speed><course>330.389313</course><hAcc>0.908823</hAcc><vAcc>0.660986</vAcc></extensions></trkpt>
      <trkpt lon="-123.325028" lat="44.619001"><ele>214.535278</ele><time>2021-01-17T20:55:56Z</time><extensions><speed>1.271005</speed><course>-1.000000</course><hAcc>0.909651</hAcc><vAcc>0.662117</vAcc></extensions></trkpt>
      <trkpt lon="-123.325040" lat="44.618993"><ele>214.498428</ele><time>2021-01-17T20:55:57Z</time><extensions><speed>1.301232</speed><course>5.401910</course><hAcc>0.910672</hAcc><vAcc>0.663495</vAcc></extensions></trkpt>
      <trkpt lon="-123.325053" lat="44.618986"><ele>214.466827</ele><time>2021-01-17T20:55:58Z</time><extensions><speed>1.331405</speed><course>332.220673</course><hAcc>0.911869</hAcc><vAcc>0.665058</vAcc></extensions></trkpt>
      <trkpt lon="-123.325065" lat="44.618977"><ele>214.439651</ele><time>2021-01-17T20:55:59Z</time><extensions><speed>1.361821</speed><course>344.164429</course><hAcc>0.913192</hAcc><vAcc>0.666727</vAcc></extensions></trkpt>
      <trkpt lon="-123.325078" lat="44.618969"><ele>214.416840</ele><time>2021-01-17T20:56:00Z</time><extensions><speed>1.393617</speed><course>345.696228</course><hAcc>0.914559</hAcc><vAcc>0.668397</vAcc></extensions></trkpt>
      <trkpt lon="-123.325090" lat="44.618960"><ele>214.399109</ele><time>2021-01-17T20:56:01Z</time><extensions><speed>1.427449</speed><course>341.168060</course><hAcc>0.915856</hAcc><vAcc>0.669944</vAcc></extensions></trkpt>
      <trkpt lon="-123.325103" lat="44.618951"><ele>214.387665</ele><time>2021-01-17T20:56:02Z</time><extensions><speed>1.462825</speed><course>318.495605</course><hAcc>0.916957</hAcc><vAcc>0.671239</vAcc></extensions></trkpt>
      <trkpt lon="-123.325116" lat="44.618941"><ele>214.383881</ele><time>2021-01-17T20:56:03Z</time><extensions><speed>1.498410</speed><course>329.586121</course><hAcc>0.917744</hAcc><vAcc>0.672165</vAcc></extensions></trkpt>
      <trkpt lon="-123.325129" lat="44.618931"><ele>214.389099</ele><time>2021-01-17T20:56:04Z</time><extensions><speed>1.532858</speed><course>329.819244</course><hAcc>0.918124</hAcc><vAcc>0.672633</vAcc></extensions></trkpt>
      <trkpt lon="-123.325143" lat="44.618921"><ele>214.405655</ele><time>2021-01-17T20:56:05Z</time><extensions><speed>1.566393</speed><course>-1.000000</course><hAcc>0.918033</hAcc><vAcc>0.672583</vAcc></extensions></trkpt>
      <trkpt lon="-123.325156" lat="44.618910"><ele>214.436829</ele><time>2021-01-17T20:56:06Z</time><extensions><speed>1.598444</speed><course>329.305084</course><hAcc>0.917435</hAcc><vAcc>0.671984</vAcc></extensions></trkpt>
      <trkpt lon="-123.325169" lat="44.618899"><ele>214.485077</ele><time>2021-01-17T20:56:07Z</time><extensions><speed>1.627098</speed><course>329.074371</course><hAcc>0.916330</hAcc><vAcc>0.670844</vAcc></extensions></trkpt>
      <trkpt lon="-123.325183" lat="44.618888"><ele>214.551163</ele><time>2021-01-17T20:56:08Z</time><extensions><speed>1.651531</speed><course>314.108582</course><hAcc>0.914762</hAcc><vAcc>0.669211</vAcc></extensions></trkpt>
      <trkpt lon="-123.325196" lat="44.618877"><ele>214.634033</ele><time>2021-01-17T20:56:09Z</time><extensions><speed>1.670783</speed><course>340.363281</course><hAcc>0.912820</hAcc><vAcc>0.667180</vAcc></extensions></trkpt>
      <trkpt lon="-123.325209" lat="44.618865"><ele>214.730484</ele><time>2021-01-17T20:56:10Z</time><extensions><speed>1.683663</speed><course>-1.000000</course><hAcc>0.910638</hAcc><vAcc>0.664892</vAcc></extensions></trkpt>
      <trkpt lon="-123.325223" lat="44.618853"><ele>214.834961</ele><time>2021-01-17T20:56:11Z</time><extensions><speed>1.689771</speed><course>-1.000000</course><hAcc>0.908373</hAcc><vAcc>0.662510</vAcc></extensions></trkpt>
      <trkpt lon="-123.325236" lat="44.618841"><ele>214.940491</ele><time>2021-01-17T20:56:12Z</time><extensions><speed>1.688987</speed><course>335.231659</course><hAcc>0.906199</hAcc><vAcc>0.660217</vAcc></extensions></trkpt>
      <trkpt lon="-123.325249" lat="44.618830"><ele>215.039612</ele><time>2021-01-17T20:56:13Z</time><extensions><speed>1.681168</speed><course>338.384186</course><hAcc>0.904299</hAcc><vAcc>0.658206</vAcc></extensions></trkpt>
      <trkpt lon="-123.325262" lat="44.618818"><ele>215.124710</ele><time>2021-01-17T20:56:14Z</time><extensions><speed>1.667116</speed><course>2.460301</course><hAcc>0.902839</hAcc><vAcc>0.656653</vAcc></extensions></trkpt>
      <trkpt lon="-123.325275" lat="44.618806"><ele>215.188156</ele><time>2021-01-17T20:56:15Z</time><extensions><speed>1.647687</speed><course>-1.000000</course><hAcc>0.901926</hAcc><vAcc>0.655673</vAcc></extensions></trkpt>
      <trkpt lon="-123.325288" lat="44.618794"><ele>215.222855</ele><time>2021-01-17T20:56:16Z</time><extensions><speed>1.622708</speed><course>-1.000000</course><hAcc>0.901601</hAcc><vAcc>0.655312</vAcc></extensions></trkpt>
      <trkpt lon="-123.325300" lat="44.618783"><ele>215.223373</ele><time>2021-01-17T20:56:17Z</time><extensions><speed>1.592985</speed><course>-1.000000</course><hAcc>0.901854</hAcc><vAcc>0.655563</vAcc></extensions></trkpt>
      <trkpt lon="-123.325313" lat="44.618772"><ele>215.187454</ele><time>2021-01-17T20:56:18Z</time><extensions><speed>1.560414</speed><course>316.477509</course><hAcc>0.902638</hAcc><vAcc>0.656382</vAcc></extensions></trkpt>
      <trkpt lon="-123.325325" lat="44.618761"><ele>215.117142</ele><time>2021-01-17T20:56:19Z</time><extensions><speed>1.527358</speed><course>315.256348</course><hAcc>0.903868</hAcc><vAcc>0.657681</vAcc></extensions></trkpt>
      <trkpt lon="-123.325337" lat="44.618750"><ele>215.017853</ele><time>2021-01-17T20:56:20Z</time><extensions><speed>1.497147</speed><course>321.170166</course><hAcc>0.905441</hAcc><vAcc>0.659349</vAcc></extensions></trkpt>
      <trkpt lon="-123.325348" lat="44.618740"><ele>214.895996</ele><time>2021-01-17T20:56:21Z</time><extensions><speed>1.472851</speed><course>317.510254</course><hAcc>0.907252</hAcc><vAcc>0.661271</vAcc></extensions></trkpt>
      <trkpt lon="-123.325360" lat="44.618730"><ele>214.757721</ele><time>2021-01-17T20:56:22Z</time><extensions><speed>1.456309</speed><course>328.018585</course><hAcc>0.909195</hAcc><vAcc>0.663332</vAcc></extensions></trkpt>
      <trkpt lon="-123.325371" lat="44.618719"><ele>214.607849</ele><time>2021-01-17T20:56:23Z</time><extensions><speed>1.447992</speed><course>346.013123</course><hAcc>0.911151</hAcc><vAcc>0.665406</vAcc></extensions></trkpt>
      <trkpt lon="-123.325382" lat="44.618709"><ele>214.449295</ele><time>2021-01-17T20:56:24Z</time><extensions><speed>1.448543</speed><course>356.510254</course><hAcc>0.912997</hAcc><vAcc>0.667364</vAcc></extensions></trkpt>
      <trkpt lon="-123.325393" lat="44.618698"><ele>214.283630</ele><time>2021-01-17T20:56:24Z</time><extensions><speed>1.458340</speed><course>346.729614</course><hAcc>0.914658</hAcc><vAcc>0.669121</vAcc></extensions></trkpt>
      <trkpt lon="-123.325404" lat="44.618688"><ele>214.110825</ele><time>2021-01-17T20:56:25Z</time><extensions><speed>1.475592</speed><course>331.368469</course><hAcc>0.916108</hAcc><vAcc>0.670650</vAcc></extensions></trkpt>
      <trkpt lon="-123.325414" lat="44.618677"><ele>213.930511</ele><time>2021-01-17T20:56:26Z</time><extensions><speed>1.496629</speed><course>336.233459</course><hAcc>0.917361</hAcc><vAcc>0.671971</vAcc></extensions></trkpt>
      <trkpt lon="-123.325425" lat="44.618666"><ele>213.741455</ele><time>2021-01-17T20:56:27Z</time><extensions><speed>1.517508</speed><course>333.463898</course><hAcc>0.918488</hAcc><vAcc>0.673157</vAcc></extensions></trkpt>
      <trkpt lon="-123.325436" lat="44.618654"><ele>213.542038</ele><time>2021-01-17T20:56:29Z</time><extensions><speed>1.536168</speed><course>318.862915</course><hAcc>0.919534</hAcc><vAcc>0.674258</vAcc></extensions></trkpt>
      <trkpt lon="-123.325446" lat="44.618642"><ele>213.332062</ele><time>2021-01-17T20:56:30Z</time><extensions><speed>1.552536</speed><course>312.558411</course><hAcc>0.920510</hAcc><vAcc>0.675288</vAcc></extensions></trkpt>
      <trkpt lon="-123.325456" lat="44.618630"><ele>213.112793</ele><time>2021-01-17T20:56:30Z</time><extensions><speed>1.566335</speed><course>316.469696</course><hAcc>0.921430</hAcc><vAcc>0.676250</vAcc></extensions></trkpt>
      <trkpt lon="-123.325467" lat="44.618618"><ele>212.886948</ele><time>2021-01-17T20:56:32Z</time><extensions><speed>1.577091</speed><course>312.258148</course><hAcc>0.922259</hAcc><vAcc>0.677114</vAcc></extensions></trkpt>
      <trkpt lon="-123.325477" lat="44.618606"><ele>212.660553</ele><time>2021-01-17T20:56:33Z</time><extensions><speed>1.585019</speed><course>313.519684</course><hAcc>0.922970</hAcc><vAcc>0.677859</vAcc></extensions></trkpt>
      <trkpt lon="-123.325487" lat="44.618594"><ele>212.440048</ele><time>2021-01-17T20:56:34Z</time><extensions><speed>1.590431</speed><course>295.871368</course><hAcc>0.923590</hAcc><vAcc>0.678509</vAcc></extensions></trkpt>
      <trkpt lon="-123.325497" lat="44.618581"><ele>212.232452</ele><time>2021-01-17T20:56:35Z</time><extensions><speed>1.593491</speed><course>310.117889</course><hAcc>0.924129</hAcc><vAcc>0.679073</vAcc></extensions></trkpt>
      <trkpt lon="-123.325507" lat="44.618569"><ele>212.043991</ele><time>2021-01-17T20:56:36Z</time><extensions><speed>1.595632</speed><course>-1.000000</course><hAcc>0.924580</hAcc><vAcc>0.679542</vAcc></extensions></trkpt>
      <trkpt lon="-123.325517" lat="44.618556"><ele>211.879471</ele><time>2021-01-17T20:56:37Z</time><extensions><speed>1.598349</speed><course>-1.000000</course><hAcc>0.924909</hAcc><vAcc>0.679881</vAcc></extensions></trkpt>
      <trkpt lon="-123.325528" lat="44.618544"><ele>211.742111</ele><time>2021-01-17T20:56:38Z</time><extensions><speed>1.602193</speed><course>327.719574</course><hAcc>0.925086</hAcc><vAcc>0.680054</vAcc></extensions></trkpt>
      <trkpt lon="-123.325539" lat="44.618532"><ele>211.633820</ele><time>2021-01-17T20:56:39Z</time><extensions><speed>1.608264</speed><course>354.542664</course><hAcc>0.925094</hAcc><vAcc>0.680040</vAcc></extensions></trkpt>
      <trkpt lon="-123.325549" lat="44.618520"><ele>211.555634</ele><time>2021-01-17T20:56:40Z</time><extensions><speed>1.617827</speed><course>350.951843</course><hAcc>0.924943</hAcc><vAcc>0.679837</vAcc></extensions></trkpt>
      <trkpt lon="-123.325560" lat="44.618507"><ele>211.507660</ele><time>2021-01-17T20:56:41Z</time><extensions><speed>1.630714</speed><course>358.259430</course><hAcc>0.924672</hAcc><vAcc>0.679472</vAcc></extensions></trkpt>
      <trkpt lon="-123.325572" lat="44.618495"><ele>211.488556</ele><time>2021-01-17T20:56:42Z</time><extensions><speed>1.645632</speed><course>2.310933</course><hAcc>0.924356</hAcc><vAcc>0.679001</vAcc></extensions></trkpt>
      <trkpt lon="-123.325583" lat="44.618483"><ele>211.495743</ele><time>2021-01-17T20:56:43Z</time><extensions><speed>1.662550</speed><course>3.280314</course><hAcc>0.924102</hAcc><vAcc>0.678511</vAcc></extensions></trkpt>
      <trkpt lon="-123.325595" lat="44.618470"><ele>211.525742</ele><time>2021-01-17T20:56:44Z</time><extensions><speed>1.681936</speed><course>0.940544</course><hAcc>0.924037</hAcc><vAcc>0.678101</vAcc></extensions></trkpt>
      <trkpt lon="-123.325607" lat="44.618457"><ele>211.575027</ele><time>2021-01-17T20:56:45Z</time><extensions><speed>1.703390</speed><course>357.608063</course><hAcc>0.924285</hAcc><vAcc>0.677871</vAcc></extensions></trkpt>
      <trkpt lon="-123.325619" lat="44.618445"><ele>211.640701</ele><time>2021-01-17T20:56:46Z</time><extensions><speed>1.726347</speed><course>356.540710</course><hAcc>0.924945</hAcc><vAcc>0.677893</vAcc></extensions></trkpt>
      <trkpt lon="-123.325632" lat="44.618432"><ele>211.720825</ele><time>2021-01-17T20:56:47Z</time><extensions><speed>1.750237</speed><course>1.483488</course><hAcc>0.926064</hAcc><vAcc>0.678197</vAcc></extensions></trkpt>
      <trkpt lon="-123.325645" lat="44.618419"><ele>211.814102</ele><time>2021-01-17T20:56:48Z</time><extensions><speed>1.774480</speed><course>1.342717</course><hAcc>0.927626</hAcc><vAcc>0.678767</vAcc></extensions></trkpt>
      <trkpt lon="-123.325658" lat="44.618406"><ele>211.919373</ele><time>2021-01-17T20:56:49Z</time><extensions><speed>1.799062</speed><course>359.413910</course><hAcc>0.929564</hAcc><vAcc>0.679559</vAcc></extensions></trkpt>
      <trkpt lon="-123.325671" lat="44.618393"><ele>212.035446</ele><time>2021-01-17T20:56:50Z</time><extensions><speed>1.824459</speed><course>359.282074</course><hAcc>0.931763</hAcc><vAcc>0.680514</vAcc></extensions></trkpt>
      <trkpt lon="-123.325685" lat="44.618380"><ele>212.161362</ele><time>2021-01-17T20:56:51Z</time><extensions><speed>1.851862</speed><course>351.780243</course><hAcc>0.934055</hAcc><vAcc>0.681560</vAcc></extensions></trkpt>
      <trkpt lon="-123.325699" lat="44.618366"><ele>212.296371</ele><time>2021-01-17T20:56:52Z</time><extensions><speed>1.883145</speed><course>347.280304</course><hAcc>0.936229</hAcc><vAcc>0.682601</vAcc></extensions></trkpt>
      <trkpt lon="-123.325714" lat="44.618352"><ele>212.439606</ele><time>2021-01-17T20:56:53Z</time><extensions><speed>1.917523</speed><course>342.155548</course><hAcc>0.938071</hAcc><vAcc>0.683528</vAcc></extensions></trkpt>
      <trkpt lon="-123.325728" lat="44.618339"><ele>212.588623</ele><time>2021-01-17T20:56:54Z</time><extensions><speed>1.950884</speed><course>351.938965</course><hAcc>0.939395</hAcc><vAcc>0.684230</vAcc></extensions></trkpt>
      <trkpt lon="-123.325743" lat="44.618324"><ele>212.738770</ele><time>2021-01-17T20:56:55Z</time><extensions><speed>1.979194</speed><course>343.523804</course><hAcc>0.940075</hAcc><vAcc>0.684615</vAcc></extensions></trkpt>
      <trkpt lon="-123.325758" lat="44.618310"><ele>212.883957</ele><time>2021-01-17T20:56:56Z</time><extensions><speed>1.999033</speed><course>338.440460</course><hAcc>0.940073</hAcc><vAcc>0.684633</vAcc></extensions></trkpt>
      <trkpt lon="-123.325773" lat="44.618295"><ele>213.017868</ele><time>2021-01-17T20:56:57Z</time><extensions><speed>2.007227</speed><course>346.214630</course><hAcc>0.939451</hAcc><vAcc>0.684303</vAcc></extensions></trkpt>
      <trkpt lon="-123.325787" lat="44.618281"><ele>213.134415</ele><time>2021-01-17T20:56:58Z</time><extensions><speed>2.000602</speed><course>355.127563</course><hAcc>0.938385</hAcc><vAcc>0.683717</vAcc></extensions></trkpt>
      <trkpt lon="-123.325802" lat="44.618266"><ele>213.227890</ele><time>2021-01-17T20:56:59Z</time><extensions><speed>1.977331</speed><course>355.717773</course><hAcc>0.937154</hAcc><vAcc>0.683031</vAcc></extensions></trkpt>
      <trkpt lon="-123.325816" lat="44.618252"><ele>213.294464</ele><time>2021-01-17T20:57:00Z</time><extensions><speed>1.940241</speed><course>356.462402</course><hAcc>0.936093</hAcc><vAcc>0.682431</vAcc></extensions></trkpt>
      <trkpt lon="-123.325829" lat="44.618237"><ele>213.333862</ele><time>2021-01-17T20:57:01Z</time><extensions><speed>1.893157</speed><course>339.986145</course><hAcc>0.935502</hAcc><vAcc>0.682085</vAcc></extensions></trkpt>
      <trkpt lon="-123.325842" lat="44.618223"><ele>213.348511</ele><time>2021-01-17T20:57:02Z</time><extensions><speed>1.837776</speed><course>331.658417</course><hAcc>0.935567</hAcc><vAcc>0.682102</vAcc></extensions></trkpt>
      <trkpt lon="-123.325854" lat="44.618209"><ele>213.341446</ele><time>2021-01-17T20:57:03Z</time><extensions><speed>1.775711</speed><course>354.359253</course><hAcc>0.936318</hAcc><vAcc>0.682503</vAcc></extensions></trkpt>
      <trkpt lon="-123.325866" lat="44.618196"><ele>213.315155</ele><time>2021-01-17T20:57:04Z</time><extensions><speed>1.709132</speed><course>9.677398</course><hAcc>0.937648</hAcc><vAcc>0.683236</vAcc></extensions></trkpt>
      <trkpt lon="-123.325878" lat="44.618184"><ele>213.271408</ele><time>2021-01-17T20:57:05Z</time><extensions><speed>1.641096</speed><course>9.879298</course><hAcc>0.939379</hAcc><vAcc>0.684203</vAcc></extensions></trkpt>
      <trkpt lon="-123.325889" lat="44.618172"><ele>213.211563</ele><time>2021-01-17T20:57:06Z</time><extensions><speed>1.575377</speed><course>90.925522</course><hAcc>0.941324</hAcc><vAcc>0.685303</vAcc></extensions></trkpt>
      <trkpt lon="-123.325900" lat="44.618160"><ele>213.137009</ele><time>2021-01-17T20:57:07Z</time><extensions><speed>1.515373</speed><course>102.170158</course><hAcc>0.943347</hAcc><vAcc>0.686459</vAcc></extensions></trkpt>
      <trkpt lon="-123.325910" lat="44.618149"><ele>213.049194</ele><time>2021-01-17T20:57:08Z</time><extensions><speed>1.462575</speed><course>106.317986</course><hAcc>0.945361</hAcc><vAcc>0.687620</vAcc></extensions></trkpt>
      <trkpt lon="-123.325921" lat="44.618139"><ele>212.949280</ele><time>2021-01-17T20:57:09Z</time><extensions><speed>1.416824</speed><course>138.238632</course><hAcc>0.947308</hAcc><vAcc>0.688750</vAcc></extensions></trkpt>
      <trkpt lon="-123.325932" lat="44.618128"><ele>212.837967</ele><time>2021-01-17T20:57:10Z</time><extensions><speed>1.378350</speed><course>143.981689</course><hAcc>0.949135</hAcc><vAcc>0.689824</vAcc></extensions></trkpt>
      <trkpt lon="-123.325942" lat="44.618119"><ele>212.715942</ele><time>2021-01-17T20:57:11Z</time><extensions><speed>1.348613</speed><course>137.934052</course><hAcc>0.950785</hAcc><vAcc>0.690818</vAcc></extensions></trkpt>
      <trkpt lon="-123.325953" lat="44.618109"><ele>212.584732</ele><time>2021-01-17T20:57:12Z</time><extensions><speed>1.329017</speed><course>152.401779</course><hAcc>0.952208</hAcc><vAcc>0.691713</vAcc></extensions></trkpt>
      <trkpt lon="-123.325963" lat="44.618100"><ele>212.447495</ele><time>2021-01-17T20:57:13Z</time><extensions><speed>1.320452</speed><course>-1.000000</course><hAcc>0.953353</hAcc><vAcc>0.692505</vAcc></extensions></trkpt>
      <trkpt lon="-123.325974" lat="44.618091"><ele>212.308990</ele><time>2021-01-17T20:57:14Z</time><extensions><speed>1.323154</speed><course>-1.000000</course><hAcc>0.954168</hAcc><vAcc>0.693186</vAcc></extensions></trkpt>
      <trkpt lon="-123.325985" lat="44.618082"><ele>212.174545</ele><time>2021-01-17T20:57:15Z</time><extensions><speed>1.336567</speed><course>149.062195</course><hAcc>0.954606</hAcc><vAcc>0.693742</vAcc></extensions></trkpt>
      <trkpt lon="-123.325996" lat="44.618073"><ele>212.048798</ele><time>2021-01-17T20:57:16Z</time><extensions><speed>1.359360</speed><course>150.543442</course><hAcc>0.954634</hAcc><vAcc>0.694158</vAcc></extensions></trkpt>
      <trkpt lon="-123.326007" lat="44.618063"><ele>211.934738</ele><time>2021-01-17T20:57:17Z</time><extensions><speed>1.389405</speed><course>151.638702</course><hAcc>0.954250</hAcc><vAcc>0.694423</vAcc></extensions></trkpt>
      <trkpt lon="-123.326019" lat="44.618054"><ele>211.834152</ele><time>2021-01-17T20:57:18Z</time><extensions><speed>1.424214</speed><course>140.910278</course><hAcc>0.953500</hAcc><vAcc>0.694542</vAcc></extensions></trkpt>
      <trkpt lon="-123.326031" lat="44.618044"><ele>211.747742</ele><time>2021-01-17T20:57:19Z</time><extensions><speed>1.459718</speed><course>141.008820</course><hAcc>0.952486</hAcc><vAcc>0.694539</vAcc></extensions></trkpt>
      <trkpt lon="-123.326044" lat="44.618034"><ele>211.674057</ele><time>2021-01-17T20:57:20Z</time><extensions><speed>1.491289</speed><course>125.898094</course><hAcc>0.951338</hAcc><vAcc>0.694447</vAcc></extensions></trkpt>
      <trkpt lon="-123.326056" lat="44.618024"><ele>211.609268</ele><time>2021-01-17T20:57:21Z</time><extensions><speed>1.516172</speed><course>128.004288</course><hAcc>0.950186</hAcc><vAcc>0.694297</vAcc></extensions></trkpt>
      <trkpt lon="-123.326069" lat="44.618014"><ele>211.548492</ele><time>2021-01-17T20:57:22Z</time><extensions><speed>1.533051</speed><course>134.180496</course><hAcc>0.949118</hAcc><vAcc>0.694104</vAcc></extensions></trkpt>
      <trkpt lon="-123.326082" lat="44.618004"><ele>211.486557</ele><time>2021-01-17T20:57:23Z</time><extensions><speed>1.541269</speed><course>138.464508</course><hAcc>0.948158</hAcc><vAcc>0.693866</vAcc></extensions></trkpt>
      <trkpt lon="-123.326095" lat="44.617993"><ele>211.418060</ele><time>2021-01-17T20:57:24Z</time><extensions><speed>1.541100</speed><course>83.541634</course><hAcc>0.947284</hAcc><vAcc>0.693566</vAcc></extensions></trkpt>
      <trkpt lon="-123.326107" lat="44.617983"><ele>211.337448</ele><time>2021-01-17T20:57:25Z</time><extensions><speed>1.533390</speed><course>116.677193</course><hAcc>0.946475</hAcc><vAcc>0.693195</vAcc></extensions></trkpt>
      <trkpt lon="-123.326120" lat="44.617972"><ele>211.239410</ele><time>2021-01-17T20:57:26Z</time><extensions><speed>1.519103</speed><course>124.379410</course><hAcc>0.945745</hAcc><vAcc>0.692773</vAcc></extensions></trkpt>
      <trkpt lon="-123.326132" lat="44.617962"><ele>211.120224</ele><time>2021-01-17T20:57:27Z</time><extensions><speed>1.500123</speed><course>119.154427</course><hAcc>0.945174</hAcc><vAcc>0.692371</vAcc></extensions></trkpt>
      <trkpt lon="-123.326143" lat="44.617951"><ele>210.978882</ele><time>2021-01-17T20:57:28Z</time><extensions><speed>1.478715</speed><course>119.752991</course><hAcc>0.944892</hAcc><vAcc>0.692093</vAcc></extensions></trkpt>
      <trkpt lon="-123.326154" lat="44.617941"><ele>210.816925</ele><time>2021-01-17T20:57:29Z</time><extensions><speed>1.456406</speed><course>114.801216</course><hAcc>0.944987</hAcc><vAcc>0.692034</vAcc></extensions></trkpt>
      <trkpt lon="-123.326165" lat="44.617930"><ele>210.637802</ele><time>2021-01-17T20:57:30Z</time><extensions><speed>1.434345</speed><course>91.276955</course><hAcc>0.945464</hAcc><vAcc>0.692242</vAcc></extensions></trkpt>
      <trkpt lon="-123.326175" lat="44.617919"><ele>210.446045</ele><time>2021-01-17T20:57:31Z</time><extensions><speed>1.412981</speed><course>79.599052</course><hAcc>0.946256</hAcc><vAcc>0.692718</vAcc></extensions></trkpt>
      <trkpt lon="-123.326185" lat="44.617909"><ele>210.246124</ele><time>2021-01-17T20:57:32Z</time><extensions><speed>1.392533</speed><course>-1.000000</course><hAcc>0.947254</hAcc><vAcc>0.693420</vAcc></extensions></trkpt>
      <trkpt lon="-123.326194" lat="44.617898"><ele>210.041885</ele><time>2021-01-17T20:57:33Z</time><extensions><speed>1.374331</speed><course>69.774254</course><hAcc>0.948339</hAcc><vAcc>0.694287</vAcc></extensions></trkpt>
      <trkpt lon="-123.326202" lat="44.617888"><ele>209.836685</ele><time>2021-01-17T20:57:34Z</time><extensions><speed>1.358863</speed><course>59.055874</course><hAcc>0.949404</hAcc><vAcc>0.695250</vAcc></extensions></trkpt>
      <trkpt lon="-123.326210" lat="44.617877"><ele>209.633270</ele><time>2021-01-17T20:57:35Z</time><extensions><speed>1.345477</speed><course>75.073227</course><hAcc>0.950365</hAcc><vAcc>0.696242</vAcc></extensions></trkpt>
      <trkpt lon="-123.326218" lat="44.617866"><ele>209.433594</ele><time>2021-01-17T20:57:36Z</time><extensions><speed>1.333623</speed><course>69.293800</course><hAcc>0.951157</hAcc><vAcc>0.697197</vAcc></extensions></trkpt>
      <trkpt lon="-123.326226" lat="44.617855"><ele>209.238693</ele><time>2021-01-17T20:57:37Z</time><extensions><speed>1.322659</speed><course>56.647598</course><hAcc>0.951708</hAcc><vAcc>0.698045</vAcc></extensions></trkpt>
      <trkpt lon="-123.326233" lat="44.617845"><ele>209.048920</ele><time>2021-01-17T20:57:38Z</time><extensions><speed>1.311275</speed><course>68.158951</course><hAcc>0.951946</hAcc><vAcc>0.698709</vAcc></extensions></trkpt>
      <trkpt lon="-123.326240" lat="44.617834"><ele>208.863846</ele><time>2021-01-17T20:57:39Z</time><extensions><speed>1.298962</speed><course>73.363770</course><hAcc>0.951818</hAcc><vAcc>0.699128</vAcc></extensions></trkpt>
      <trkpt lon="-123.326247" lat="44.617824"><ele>208.682526</ele><time>2021-01-17T20:57:40Z</time><extensions><speed>1.286997</speed><course>78.996078</course><hAcc>0.951328</hAcc><vAcc>0.699276</vAcc></extensions></trkpt>
      <trkpt lon="-123.326255" lat="44.617814"><ele>208.503662</ele><time>2021-01-17T20:57:41Z</time><extensions><speed>1.276726</speed><course>81.234291</course><hAcc>0.950549</hAcc><vAcc>0.699174</vAcc></extensions></trkpt>
      <trkpt lon="-123.326262" lat="44.617803"><ele>208.325424</ele><time>2021-01-17T20:57:42Z</time><extensions><speed>1.268915</speed><course>75.508301</course><hAcc>0.949606</hAcc><vAcc>0.698874</vAcc></extensions></trkpt>
      <trkpt lon="-123.326270" lat="44.617794"><ele>208.144989</ele><time>2021-01-17T20:57:43Z</time><extensions><speed>1.263372</speed><course>75.664490</course><hAcc>0.948620</hAcc><vAcc>0.698435</vAcc></extensions></trkpt>
      <trkpt lon="-123.326278" lat="44.617784"><ele>207.958160</ele><time>2021-01-17T20:57:44Z</time><extensions><speed>1.259682</speed><course>75.664482</course><hAcc>0.947681</hAcc><vAcc>0.697904</vAcc></extensions></trkpt>
      <trkpt lon="-123.326287" lat="44.617774"><ele>207.759598</ele><time>2021-01-17T20:57:45Z</time><extensions><speed>1.257952</speed><course>-1.000000</course><hAcc>0.946821</hAcc><vAcc>0.697309</vAcc></extensions></trkpt>
      <trkpt lon="-123.326296" lat="44.617765"><ele>207.543716</ele><time>2021-01-17T20:57:46Z</time><extensions><speed>1.257517</speed><course>81.872025</course><hAcc>0.946021</hAcc><vAcc>0.696659</vAcc></extensions></trkpt>
      <trkpt lon="-123.326306" lat="44.617756"><ele>207.305710</ele><time>2021-01-17T20:57:47Z</time><extensions><speed>1.257553</speed><course>67.532890</course><hAcc>0.945226</hAcc><vAcc>0.695951</vAcc></extensions></trkpt>
      <trkpt lon="-123.326316" lat="44.617747"><ele>207.043015</ele><time>2021-01-17T20:57:48Z</time><extensions><speed>1.258093</speed><course>65.902733</course><hAcc>0.944382</hAcc><vAcc>0.695184</vAcc></extensions></trkpt>
      <trkpt lon="-123.326326" lat="44.617739"><ele>206.755249</ele><time>2021-01-17T20:57:49Z</time><extensions><speed>1.259298</speed><course>74.822517</course><hAcc>0.943457</hAcc><vAcc>0.694374</vAcc></extensions></trkpt>
      <trkpt lon="-123.326337" lat="44.617730"><ele>206.443054</ele><time>2021-01-17T20:57:50Z</time><extensions><speed>1.261324</speed><course>75.595337</course><hAcc>0.942451</hAcc><vAcc>0.693553</vAcc></extensions></trkpt>
      <trkpt lon="-123.326348" lat="44.617722"><ele>206.107910</ele><time>2021-01-17T20:57:51Z</time><extensions><speed>1.264440</speed><course>-1.000000</course><hAcc>0.941396</hAcc><vAcc>0.692768</vAcc></extensions></trkpt>
      <trkpt lon="-123.326360" lat="44.617715"><ele>205.753326</ele><time>2021-01-17T20:57:52Z</time><extensions><speed>1.269114</speed><course>98.037910</course><hAcc>0.940349</hAcc><vAcc>0.692079</vAcc></extensions></trkpt>
      <trkpt lon="-123.326372" lat="44.617707"><ele>205.385101</ele><time>2021-01-17T20:57:53Z</time><extensions><speed>1.276168</speed><course>92.458374</course><hAcc>0.939379</hAcc><vAcc>0.691542</vAcc></extensions></trkpt>
      <trkpt lon="-123.326384" lat="44.617699"><ele>205.010132</ele><time>2021-01-17T20:57:54Z</time><extensions><speed>1.287732</speed><course>78.297752</course><hAcc>0.938559</hAcc><vAcc>0.691210</vAcc></extensions></trkpt>
      <trkpt lon="-123.326397" lat="44.617692"><ele>204.635056</ele><time>2021-01-17T20:57:55Z</time><extensions><speed>1.304605</speed><course>79.541878</course><hAcc>0.937963</hAcc><vAcc>0.691122</vAcc></extensions></trkpt>
      <trkpt lon="-123.326410" lat="44.617685"><ele>204.265701</ele><time>2021-01-17T20:57:56Z</time><extensions><speed>1.325229</speed><course>75.691597</course><hAcc>0.937639</hAcc><vAcc>0.691290</vAcc></extensions></trkpt>
      <trkpt lon="-123.326423" lat="44.617677"><ele>203.907516</ele><time>2021-01-17T20:57:57Z</time><extensions><speed>1.348087</speed><course>62.112579</course><hAcc>0.937596</hAcc><vAcc>0.691694</vAcc></extensions></trkpt>
      <trkpt lon="-123.326437" lat="44.617670"><ele>203.565826</ele><time>2021-01-17T20:57:58Z</time><extensions><speed>1.371470</speed><course>81.027252</course><hAcc>0.937802</hAcc><vAcc>0.692285</vAcc></extensions></trkpt>
      <trkpt lon="-123.326451" lat="44.617663"><ele>203.245361</ele><time>2021-01-17T20:57:59Z</time><extensions><speed>1.394231</speed><course>88.659317</course><hAcc>0.938194</hAcc><vAcc>0.692993</vAcc></extensions></trkpt>
      <trkpt lon="-123.326465" lat="44.617655"><ele>202.949661</ele><time>2021-01-17T20:58:00Z</time><extensions><speed>1.415343</speed><course>90.298363</course><hAcc>0.938699</hAcc><vAcc>0.693745</vAcc></extensions></trkpt>
      <trkpt lon="-123.326479" lat="44.617647"><ele>202.680954</ele><time>2021-01-17T20:58:01Z</time><extensions><speed>1.433437</speed><course>81.574188</course><hAcc>0.939237</hAcc><vAcc>0.694470</vAcc></extensions></trkpt>
      <trkpt lon="-123.326493" lat="44.617639"><ele>202.440094</ele><time>2021-01-17T20:58:02Z</time><extensions><speed>1.448614</speed><course>93.972008</course><hAcc>0.939733</hAcc><vAcc>0.695100</vAcc></extensions></trkpt>
      <trkpt lon="-123.326508" lat="44.617631"><ele>202.226974</ele><time>2021-01-17T20:58:03Z</time><extensions><speed>1.462669</speed><course>93.508827</course><hAcc>0.940115</hAcc><vAcc>0.695573</vAcc></extensions></trkpt>
      <trkpt lon="-123.326522" lat="44.617623"><ele>202.040390</ele><time>2021-01-17T20:58:04Z</time><extensions><speed>1.477324</speed><course>102.202805</course><hAcc>0.940326</hAcc><vAcc>0.695843</vAcc></extensions></trkpt>
      <trkpt lon="-123.326537" lat="44.617614"><ele>201.877396</ele><time>2021-01-17T20:58:05Z</time><extensions><speed>1.493039</speed><course>95.189636</course><hAcc>0.940335</hAcc><vAcc>0.695884</vAcc></extensions></trkpt>
      <trkpt lon="-123.326551" lat="44.617606"><ele>201.733444</ele><time>2021-01-17T20:58:06Z</time><extensions><speed>1.509257</speed><course>104.850212</course><hAcc>0.940135</hAcc><vAcc>0.695698</vAcc></extensions></trkpt>
      <trkpt lon="-123.326566" lat="44.617597"><ele>201.603180</ele><time>2021-01-17T20:58:07Z</time><extensions><speed>1.524472</speed><course>95.359703</course><hAcc>0.939738</hAcc><vAcc>0.695300</vAcc></extensions></trkpt>
      <trkpt lon="-123.326580" lat="44.617588"><ele>201.481140</ele><time>2021-01-17T20:58:08Z</time><extensions><speed>1.537776</speed><course>-1.000000</course><hAcc>0.939164</hAcc><vAcc>0.694713</vAcc></extensions></trkpt>
      <trkpt lon="-123.326595" lat="44.617578"><ele>201.362122</ele><time>2021-01-17T20:58:09Z</time><extensions><speed>1.548687</speed><course>102.420227</course><hAcc>0.938439</hAcc><vAcc>0.693966</vAcc></extensions></trkpt>
      <trkpt lon="-123.326609" lat="44.617569"><ele>201.242371</ele><time>2021-01-17T20:58:10Z</time><extensions><speed>1.557373</speed><course>107.825111</course><hAcc>0.937593</hAcc><vAcc>0.693088</vAcc></extensions></trkpt>
      <trkpt lon="-123.326623" lat="44.617559"><ele>201.120834</ele><time>2021-01-17T20:58:11Z</time><extensions><speed>1.564413</speed><course>-1.000000</course><hAcc>0.936653</hAcc><vAcc>0.692107</vAcc></extensions></trkpt>
      <trkpt lon="-123.326637" lat="44.617549"><ele>200.998535</ele><time>2021-01-17T20:58:12Z</time><extensions><speed>1.569896</speed><course>109.126534</course><hAcc>0.935641</hAcc><vAcc>0.691042</vAcc></extensions></trkpt>
      <trkpt lon="-123.326651" lat="44.617539"><ele>200.877197</ele><time>2021-01-17T20:58:13Z</time><extensions><speed>1.574340</speed><course>110.853050</course><hAcc>0.934570</hAcc><vAcc>0.689904</vAcc></extensions></trkpt>
      <trkpt lon="-123.326664" lat="44.617529"><ele>200.758667</ele><time>2021-01-17T20:58:14Z</time><extensions><speed>1.578909</speed><course>114.108307</course><hAcc>0.933445</hAcc><vAcc>0.688697</vAcc></extensions></trkpt>
      <trkpt lon="-123.326677" lat="44.617518"><ele>200.644714</ele><time>2021-01-17T20:58:15Z</time><extensions><speed>1.584583</speed><course>110.615021</course><hAcc>0.932272</hAcc><vAcc>0.687421</vAcc></extensions></trkpt>
      <trkpt lon="-123.326690" lat="44.617507"><ele>200.536713</ele><time>2021-01-17T20:58:16Z</time><extensions><speed>1.591375</speed><course>111.299713</course><hAcc>0.931063</hAcc><vAcc>0.686086</vAcc></extensions></trkpt>
      <trkpt lon="-123.326702" lat="44.617496"><ele>200.435898</ele><time>2021-01-17T20:58:17Z</time><extensions><speed>1.599613</speed><course>-1.000000</course><hAcc>0.929840</hAcc><vAcc>0.684712</vAcc></extensions></trkpt>
      <trkpt lon="-123.326714" lat="44.617484"><ele>200.343567</ele><time>2021-01-17T20:58:18Z</time><extensions><speed>1.610771</speed><course>-1.000000</course><hAcc>0.928646</hAcc><vAcc>0.683341</vAcc></extensions></trkpt>
      <trkpt lon="-123.326726" lat="44.617472"><ele>200.260666</ele><time>2021-01-17T20:58:19Z</time><extensions><speed>1.626000</speed><course>76.250580</course><hAcc>0.927556</hAcc><vAcc>0.682049</vAcc></extensions></trkpt>
      <trkpt lon="-123.326737" lat="44.617459"><ele>200.187363</ele><time>2021-01-17T20:58:20Z</time><extensions><speed>1.645388</speed><course>103.171608</course><hAcc>0.926682</hAcc><vAcc>0.680956</vAcc></extensions></trkpt>
      <trkpt lon="-123.326747" lat="44.617446"><ele>200.123306</ele><time>2021-01-17T20:58:21Z</time><extensions><speed>1.668147</speed><course>105.598244</course><hAcc>0.926159</hAcc><vAcc>0.680210</vAcc></extensions></trkpt>
      <trkpt lon="-123.326757" lat="44.617433"><ele>200.067749</ele><time>2021-01-17T20:58:22Z</time><extensions><speed>1.692572</speed><course>-1.000000</course><hAcc>0.926122</hAcc><vAcc>0.679965</vAcc></extensions></trkpt>
      <trkpt lon="-123.326766" lat="44.617419"><ele>200.019806</ele><time>2021-01-17T20:58:23Z</time><extensions><speed>1.717074</speed><course>-1.000000</course><hAcc>0.926658</hAcc><vAcc>0.680331</vAcc></extensions></trkpt>
      <trkpt lon="-123.326775" lat="44.617405"><ele>199.978668</ele><time>2021-01-17T20:58:24Z</time><extensions><speed>1.740962</speed><course>-1.000000</course><hAcc>0.927771</hAcc><vAcc>0.681330</vAcc></extensions></trkpt>
      <trkpt lon="-123.326784" lat="44.617390"><ele>199.943985</ele><time>2021-01-17T20:58:25Z</time><extensions><speed>1.765216</speed><course>-1.000000</course><hAcc>0.929399</hAcc><vAcc>0.682898</vAcc></extensions></trkpt>
      <trkpt lon="-123.326792" lat="44.617376"><ele>199.916382</ele><time>2021-01-17T20:58:26Z</time><extensions><speed>1.790763</speed><course>-1.000000</course><hAcc>0.931461</hAcc><vAcc>0.684922</vAcc></extensions></trkpt>
      <trkpt lon="-123.326800" lat="44.617360"><ele>199.897263</ele><time>2021-01-17T20:58:27Z</time><extensions><speed>1.816722</speed><course>-1.000000</course><hAcc>0.933869</hAcc><vAcc>0.687281</vAcc></extensions></trkpt>
      <trkpt lon="-123.326807" lat="44.617345"><ele>199.887772</ele><time>2021-01-17T20:58:28Z</time><extensions><speed>1.841523</speed><course>-1.000000</course><hAcc>0.936520</hAcc><vAcc>0.689854</vAcc></extensions></trkpt>
      <trkpt lon="-123.326815" lat="44.617329"><ele>199.888031</ele><time>2021-01-17T20:58:29Z</time><extensions><speed>1.863334</speed><course>-1.000000</course><hAcc>0.939306</hAcc><vAcc>0.692530</vAcc></extensions></trkpt>
      <trkpt lon="-123.326822" lat="44.617313"><ele>199.897507</ele><time>2021-01-17T20:58:30Z</time><extensions><speed>1.880771</speed><course>-1.000000</course><hAcc>0.942122</hAcc><vAcc>0.695214</vAcc></extensions></trkpt>
      <trkpt lon="-123.326829" lat="44.617297"><ele>199.914795</ele><time>2021-01-17T20:58:31Z</time><extensions><speed>1.891633</speed><course>134.870117</course><hAcc>0.944878</hAcc><vAcc>0.697833</vAcc></extensions></trkpt>
      <trkpt lon="-123.326837" lat="44.617281"><ele>199.936829</ele><time>2021-01-17T20:58:32Z</time><extensions><speed>1.892652</speed><course>139.684601</course><hAcc>0.947506</hAcc><vAcc>0.700334</vAcc></extensions></trkpt>
      <trkpt lon="-123.326844" lat="44.617264"><ele>199.959351</ele><time>2021-01-17T20:58:33Z</time><extensions><speed>1.882982</speed><course>158.605789</course><hAcc>0.949969</hAcc><vAcc>0.702684</vAcc></extensions></trkpt>
      <trkpt lon="-123.326851" lat="44.617248"><ele>199.977707</ele><time>2021-01-17T20:58:34Z</time><extensions><speed>1.863973</speed><course>140.593979</course><hAcc>0.952269</hAcc><vAcc>0.704883</vAcc></extensions></trkpt>
      <trkpt lon="-123.326858" lat="44.617233"><ele>199.987152</ele><time>2021-01-17T20:58:35Z</time><extensions><speed>1.837382</speed><course>138.293900</course><hAcc>0.954471</hAcc><vAcc>0.706984</vAcc></extensions></trkpt>
      <trkpt lon="-123.326865" lat="44.617217"><ele>199.983261</ele><time>2021-01-17T20:58:36Z</time><extensions><speed>1.805370</speed><course>133.447845</course><hAcc>0.956729</hAcc><vAcc>0.709118</vAcc></extensions></trkpt>
      <trkpt lon="-123.326872" lat="44.617202"><ele>199.962311</ele><time>2021-01-17T20:58:37Z</time><extensions><speed>1.770240</speed><course>137.389481</course><hAcc>0.959346</hAcc><vAcc>0.711540</vAcc></extensions></trkpt>
      <trkpt lon="-123.326879" lat="44.617187"><ele>199.921082</ele><time>2021-01-17T20:58:38Z</time><extensions><speed>1.732481</speed><course>137.852219</course><hAcc>0.962869</hAcc><vAcc>0.714698</vAcc></extensions></trkpt>
      <trkpt lon="-123.326886" lat="44.617172"><ele>199.855835</ele><time>2021-01-17T20:58:39Z</time><extensions><speed>1.691409</speed><course>137.829254</course><hAcc>0.968209</hAcc><vAcc>0.719310</vAcc></extensions></trkpt>
      <trkpt lon="-123.326892" lat="44.617158"><ele>199.762177</ele><time>2021-01-17T20:58:40Z</time><extensions><speed>1.646871</speed><course>146.520721</course><hAcc>0.976788</hAcc><vAcc>0.726467</vAcc></extensions></trkpt>
      <trkpt lon="-123.326898" lat="44.617144"><ele>199.636322</ele><time>2021-01-17T20:58:41Z</time><extensions><speed>1.598859</speed><course>135.445053</course><hAcc>0.990670</hAcc><vAcc>0.737707</vAcc></extensions></trkpt>
      <trkpt lon="-123.326904" lat="44.617130"><ele>199.476120</ele><time>2021-01-17T20:58:42Z</time><extensions><speed>1.547712</speed><course>131.055099</course><hAcc>1.012638</hAcc><vAcc>0.755048</vAcc></extensions></trkpt>
      <trkpt lon="-123.326910" lat="44.617117"><ele>199.280731</ele><time>2021-01-17T20:58:43Z</time><extensions><speed>1.494157</speed><course>123.200661</course><hAcc>1.046142</hAcc><vAcc>0.780928</vAcc></extensions></trkpt>
      <trkpt lon="-123.326916" lat="44.617105"><ele>199.050003</ele><time>2021-01-17T20:58:44Z</time><extensions><speed>1.439324</speed><course>123.474365</course><hAcc>1.095052</hAcc><vAcc>0.818016</vAcc></extensions></trkpt>
      <trkpt lon="-123.326921" lat="44.617092"><ele>198.784927</ele><time>2021-01-17T20:58:45Z</time><extensions><speed>1.385100</speed><course>121.337402</course><hAcc>1.163195</hAcc><vAcc>0.868899</vAcc></extensions></trkpt>
      <trkpt lon="-123.326926" lat="44.617081"><ele>198.487976</ele><time>2021-01-17T20:58:46Z</time><extensions><speed>1.333977</speed><course>-1.000000</course><hAcc>1.253766</hAcc><vAcc>0.935683</vAcc></extensions></trkpt>
      <trkpt lon="-123.326931" lat="44.617069"><ele>198.163452</ele><time>2021-01-17T20:58:47Z</time><extensions><speed>1.288847</speed><course>-1.000000</course><hAcc>1.368767</hAcc><vAcc>1.019658</vAcc></extensions></trkpt>
      <trkpt lon="-123.326969" lat="44.617013"><ele>196.665390</ele><time>2021-01-17T20:58:53Z</time><extensions><speed>0.978492</speed><course>107.534912</course><hAcc>1.521439</hAcc><vAcc>1.136598</vAcc></extensions></trkpt>
      <trkpt lon="-123.326976" lat="44.617008"><ele>196.557953</ele><time>2021-01-17T20:58:54Z</time><extensions><speed>0.998608</speed><course>-1.000000</course><hAcc>1.464712</hAcc><vAcc>1.096950</vAcc></extensions></trkpt>
      <trkpt lon="-123.326984" lat="44.617001"><ele>196.455688</ele><time>2021-01-17T20:58:55Z</time><extensions><speed>1.036112</speed><course>108.600426</course><hAcc>1.407526</hAcc><vAcc>1.056984</vAcc></extensions></trkpt>
      <trkpt lon="-123.326992" lat="44.616993"><ele>196.393082</ele><time>2021-01-17T20:58:56Z</time><extensions><speed>1.080158</speed><course>108.392113</course><hAcc>1.358654</hAcc><vAcc>1.022768</vAcc></extensions></trkpt>
      <trkpt lon="-123.327001" lat="44.616986"><ele>196.372681</ele><time>2021-01-17T20:58:57Z</time><extensions><speed>1.126130</speed><course>131.712875</course><hAcc>1.316579</hAcc><vAcc>0.993169</vAcc></extensions></trkpt>
      <trkpt lon="-123.327011" lat="44.616978"><ele>196.391693</ele><time>2021-01-17T20:58:58Z</time><extensions><speed>1.172831</speed><course>144.769653</course><hAcc>1.278437</hAcc><vAcc>0.966127</vAcc></extensions></trkpt>
      <trkpt lon="-123.327020" lat="44.616970"><ele>196.441086</ele><time>2021-01-17T20:58:59Z</time><extensions><speed>1.212112</speed><course>139.577591</course><hAcc>1.245605</hAcc><vAcc>0.942618</vAcc></extensions></trkpt>
      <trkpt lon="-123.327030" lat="44.616962"><ele>196.519577</ele><time>2021-01-17T20:59:00Z</time><extensions><speed>1.251451</speed><course>128.661179</course><hAcc>1.213221</hAcc><vAcc>0.919175</vAcc></extensions></trkpt>
      <trkpt lon="-123.327041" lat="44.616953"><ele>196.617294</ele><time>2021-01-17T20:59:01Z</time><extensions><speed>1.284893</speed><course>-1.000000</course><hAcc>1.181741</hAcc><vAcc>0.896157</vAcc></extensions></trkpt>
      <trkpt lon="-123.327052" lat="44.616945"><ele>196.724838</ele><time>2021-01-17T20:59:02Z</time><extensions><speed>1.312214</speed><course>-1.000000</course><hAcc>1.151030</hAcc><vAcc>0.873486</vAcc></extensions></trkpt>
      <trkpt lon="-123.327063" lat="44.616936"><ele>196.833252</ele><time>2021-01-17T20:59:03Z</time><extensions><speed>1.333753</speed><course>-1.000000</course><hAcc>1.121461</hAcc><vAcc>0.851438</vAcc></extensions></trkpt>
      <trkpt lon="-123.327075" lat="44.616927"><ele>196.934509</ele><time>2021-01-17T20:59:04Z</time><extensions><speed>1.350094</speed><course>-1.000000</course><hAcc>1.093881</hAcc><vAcc>0.830621</vAcc></extensions></trkpt>
      <trkpt lon="-123.327086" lat="44.616918"><ele>197.022049</ele><time>2021-01-17T20:59:05Z</time><extensions><speed>1.362237</speed><course>111.243103</course><hAcc>1.069310</hAcc><vAcc>0.811780</vAcc></extensions></trkpt>
      <trkpt lon="-123.327098" lat="44.616909"><ele>197.091385</ele><time>2021-01-17T20:59:06Z</time><extensions><speed>1.371466</speed><course>96.736237</course><hAcc>1.048422</hAcc><vAcc>0.795447</vAcc></extensions></trkpt>
      <trkpt lon="-123.327110" lat="44.616900"><ele>197.140335</ele><time>2021-01-17T20:59:07Z</time><extensions><speed>1.378858</speed><course>98.042442</course><hAcc>1.031361</hAcc><vAcc>0.781812</vAcc></extensions></trkpt>
      <trkpt lon="-123.327122" lat="44.616891"><ele>197.168610</ele><time>2021-01-17T20:59:08Z</time><extensions><speed>1.385275</speed><course>74.166267</course><hAcc>1.017926</hAcc><vAcc>0.770818</vAcc></extensions></trkpt>
      <trkpt lon="-123.327134" lat="44.616882"><ele>197.177170</ele><time>2021-01-17T20:59:09Z</time><extensions><speed>1.391204</speed><course>84.670074</course><hAcc>1.007713</hAcc><vAcc>0.762249</vAcc></extensions></trkpt>
      <trkpt lon="-123.327145" lat="44.616872"><ele>197.167953</ele><time>2021-01-17T20:59:10Z</time><extensions><speed>1.397335</speed><course>78.962189</course><hAcc>1.000219</hAcc><vAcc>0.755791</vAcc></extensions></trkpt>
      <trkpt lon="-123.327157" lat="44.616863"><ele>197.144379</ele><time>2021-01-17T20:59:11Z</time><extensions><speed>1.405011</speed><course>-1.000000</course><hAcc>0.994917</hAcc><vAcc>0.751086</vAcc></extensions></trkpt>
      <trkpt lon="-123.327169" lat="44.616853"><ele>197.112091</ele><time>2021-01-17T20:59:12Z</time><extensions><speed>1.415703</speed><course>61.431141</course><hAcc>0.991306</hAcc><vAcc>0.747772</vAcc></extensions></trkpt>
      <trkpt lon="-123.327181" lat="44.616844"><ele>197.078857</ele><time>2021-01-17T20:59:13Z</time><extensions><speed>1.430732</speed><course>62.841930</course><hAcc>0.988944</hAcc><vAcc>0.745513</vAcc></extensions></trkpt>
      <trkpt lon="-123.327192" lat="44.616834"><ele>197.053955</ele><time>2021-01-17T20:59:14Z</time><extensions><speed>1.451191</speed><course>58.450714</course><hAcc>0.987464</hAcc><vAcc>0.744009</vAcc></extensions></trkpt>
      <trkpt lon="-123.327204" lat="44.616824"><ele>197.047531</ele><time>2021-01-17T20:59:15Z</time><extensions><speed>1.477886</speed><course>33.301662</course><hAcc>0.986568</hAcc><vAcc>0.743005</vAcc></extensions></trkpt>
      <trkpt lon="-123.327216" lat="44.616813"><ele>197.069778</ele><time>2021-01-17T20:59:16Z</time><extensions><speed>1.510858</speed><course>16.739519</course><hAcc>0.986017</hAcc><vAcc>0.742282</vAcc></extensions></trkpt>
      <trkpt lon="-123.327228" lat="44.616803"><ele>197.129974</ele><time>2021-01-17T20:59:17Z</time><extensions><speed>1.549222</speed><course>14.243069</course><hAcc>0.985622</hAcc><vAcc>0.741656</vAcc></extensions></trkpt>
      <trkpt lon="-123.327241" lat="44.616792"><ele>197.235916</ele><time>2021-01-17T20:59:18Z</time><extensions><speed>1.591645</speed><course>6.726496</course><hAcc>0.985222</hAcc><vAcc>0.740963</vAcc></extensions></trkpt>
      <trkpt lon="-123.327254" lat="44.616780"><ele>197.393753</ele><time>2021-01-17T20:59:19Z</time><extensions><speed>1.636837</speed><course>4.262280</course><hAcc>0.984673</hAcc><vAcc>0.740054</vAcc></extensions></trkpt>
      <trkpt lon="-123.327266" lat="44.616769"><ele>197.607727</ele><time>2021-01-17T20:59:20Z</time><extensions><speed>1.683544</speed><course>358.257141</course><hAcc>0.983833</hAcc><vAcc>0.738789</vAcc></extensions></trkpt>
      <trkpt lon="-123.327280" lat="44.616757"><ele>197.879669</ele><time>2021-01-17T20:59:21Z</time><extensions><speed>1.730062</speed><course>354.499573</course><hAcc>0.982553</hAcc><vAcc>0.737032</vAcc></extensions></trkpt>
      <trkpt lon="-123.327293" lat="44.616744"><ele>198.208008</ele><time>2021-01-17T20:59:22Z</time><extensions><speed>1.773904</speed><course>329.762665</course><hAcc>0.980678</hAcc><vAcc>0.734656</vAcc></extensions></trkpt>
      <trkpt lon="-123.327307" lat="44.616731"><ele>198.586563</ele><time>2021-01-17T20:59:23Z</time><extensions><speed>1.811408</speed><course>346.401825</course><hAcc>0.978048</hAcc><vAcc>0.731553</vAcc></extensions></trkpt>
      <trkpt lon="-123.327321" lat="44.616719"><ele>199.003494</ele><time>2021-01-17T20:59:24Z</time><extensions><speed>1.837362</speed><course>351.675934</course><hAcc>0.974521</hAcc><vAcc>0.727651</vAcc></extensions></trkpt>
      <trkpt lon="-123.327336" lat="44.616705"><ele>199.440384</ele><time>2021-01-17T20:59:25Z</time><extensions><speed>1.844866</speed><course>348.866150</course><hAcc>0.970004</hAcc><vAcc>0.722943</vAcc></extensions></trkpt>
      <trkpt lon="-123.327350" lat="44.616692"><ele>199.872543</ele><time>2021-01-17T20:59:26Z</time><extensions><speed>1.826922</speed><course>7.559316</course><hAcc>0.964638</hAcc><vAcc>0.717619</vAcc></extensions></trkpt>
      <trkpt lon="-123.327364" lat="44.616680"><ele>200.273758</ele><time>2021-01-17T20:59:27Z</time><extensions><speed>1.784931</speed><course>1.855940</course><hAcc>0.958917</hAcc><vAcc>0.712124</vAcc></extensions></trkpt>
      <trkpt lon="-123.327378" lat="44.616667"><ele>200.623917</ele><time>2021-01-17T20:59:28Z</time><extensions><speed>1.728998</speed><course>0.105100</course><hAcc>0.953383</hAcc><vAcc>0.706917</vAcc></extensions></trkpt>
      <trkpt lon="-123.327391" lat="44.616656"><ele>200.912125</ele><time>2021-01-17T20:59:29Z</time><extensions><speed>1.669287</speed><course>1.496132</course><hAcc>0.948392</hAcc><vAcc>0.702285</vAcc></extensions></trkpt>
      <trkpt lon="-123.327405" lat="44.616644"><ele>201.134918</ele><time>2021-01-17T20:59:30Z</time><extensions><speed>1.612078</speed><course>6.635558</course><hAcc>0.944116</hAcc><vAcc>0.698352</vAcc></extensions></trkpt>
      <trkpt lon="-123.327417" lat="44.616633"><ele>201.293976</ele><time>2021-01-17T20:59:31Z</time><extensions><speed>1.560867</speed><course>324.290192</course><hAcc>0.940598</hAcc><vAcc>0.695132</vAcc></extensions></trkpt>
      <trkpt lon="-123.327430" lat="44.616623"><ele>201.394638</ele><time>2021-01-17T20:59:32Z</time><extensions><speed>1.518543</speed><course>321.880066</course><hAcc>0.937802</hAcc><vAcc>0.692577</vAcc></extensions></trkpt>
      <trkpt lon="-123.327442" lat="44.616612"><ele>201.444595</ele><time>2021-01-17T20:59:33Z</time><extensions><speed>1.485962</speed><course>-1.000000</course><hAcc>0.935651</hAcc><vAcc>0.690610</vAcc></extensions></trkpt>
      <trkpt lon="-123.327455" lat="44.616603"><ele>201.452454</ele><time>2021-01-17T20:59:34Z</time><extensions><speed>1.462368</speed><course>-1.000000</course><hAcc>0.934055</hAcc><vAcc>0.689146</vAcc></extensions></trkpt>
      <trkpt lon="-123.327467" lat="44.616593"><ele>201.426605</ele><time>2021-01-17T20:59:35Z</time><extensions><speed>1.446070</speed><course>-1.000000</course><hAcc>0.932925</hAcc><vAcc>0.688104</vAcc></extensions></trkpt>
      <trkpt lon="-123.327480" lat="44.616584"><ele>201.374847</ele><time>2021-01-17T20:59:36Z</time><extensions><speed>1.434623</speed><course>-1.000000</course><hAcc>0.932179</hAcc><vAcc>0.687415</vAcc></extensions></trkpt>
      <trkpt lon="-123.327492" lat="44.616574"><ele>201.304184</ele><time>2021-01-17T20:59:37Z</time><extensions><speed>1.426280</speed><course>17.267794</course><hAcc>0.931747</hAcc><vAcc>0.687019</vAcc></extensions></trkpt>
      <trkpt lon="-123.327505" lat="44.616565"><ele>201.220520</ele><time>2021-01-17T20:59:38Z</time><extensions><speed>1.420008</speed><course>357.818604</course><hAcc>0.931577</hAcc><vAcc>0.686871</vAcc></extensions></trkpt>
      <trkpt lon="-123.327517" lat="44.616556"><ele>201.128632</ele><time>2021-01-17T20:59:39Z</time><extensions><speed>1.414952</speed><course>-1.000000</course><hAcc>0.931627</hAcc><vAcc>0.686935</vAcc></extensions></trkpt>
      <trkpt lon="-123.327530" lat="44.616547"><ele>201.032150</ele><time>2021-01-17T20:59:40Z</time><extensions><speed>1.410692</speed><course>339.270660</course><hAcc>0.931858</hAcc><vAcc>0.687177</vAcc></extensions></trkpt>
      <trkpt lon="-123.327542" lat="44.616538"><ele>200.933914</ele><time>2021-01-17T20:59:41Z</time><extensions><speed>1.405290</speed><course>342.810455</course><hAcc>0.932226</hAcc><vAcc>0.687557</vAcc></extensions></trkpt>
      <trkpt lon="-123.327554" lat="44.616529"><ele>200.835922</ele><time>2021-01-17T20:59:42Z</time><extensions><speed>1.396149</speed><course>337.756042</course><hAcc>0.932687</hAcc><vAcc>0.688029</vAcc></extensions></trkpt>
      <trkpt lon="-123.327566" lat="44.616520"><ele>200.739578</ele><time>2021-01-17T20:59:43Z</time><extensions><speed>1.381887</speed><course>318.371368</course><hAcc>0.933193</hAcc><vAcc>0.688548</vAcc></extensions></trkpt>
      <trkpt lon="-123.327578" lat="44.616510"><ele>200.645493</ele><time>2021-01-17T20:59:44Z</time><extensions><speed>1.361216</speed><course>336.732269</course><hAcc>0.933701</hAcc><vAcc>0.689069</vAcc></extensions></trkpt>
      <trkpt lon="-123.327589" lat="44.616501"><ele>200.553665</ele><time>2021-01-17T20:59:45Z</time><extensions><speed>1.333401</speed><course>324.693054</course><hAcc>0.934171</hAcc><vAcc>0.689552</vAcc></extensions></trkpt>
      <trkpt lon="-123.327600" lat="44.616493"><ele>200.463318</ele><time>2021-01-17T20:59:46Z</time><extensions><speed>1.298020</speed><course>314.107056</course><hAcc>0.934571</hAcc><vAcc>0.689963</vAcc></extensions></trkpt>
      <trkpt lon="-123.327610" lat="44.616484"><ele>200.372971</ele><time>2021-01-17T20:59:47Z</time><extensions><speed>1.254361</speed><course>322.566559</course><hAcc>0.934879</hAcc><vAcc>0.690280</vAcc></extensions></trkpt>
      <trkpt lon="-123.327620" lat="44.616475"><ele>200.280884</ele><time>2021-01-17T20:59:48Z</time><extensions><speed>1.202566</speed><course>335.698090</course><hAcc>0.935081</hAcc><vAcc>0.690489</vAcc></extensions></trkpt>
      <trkpt lon="-123.327629" lat="44.616467"><ele>200.185516</ele><time>2021-01-17T20:59:49Z</time><extensions><speed>1.143476</speed><course>346.132324</course><hAcc>0.935169</hAcc><vAcc>0.690581</vAcc></extensions></trkpt>
      <trkpt lon="-123.327638" lat="44.616459"><ele>200.085739</ele><time>2021-01-17T20:59:50Z</time><extensions><speed>1.077811</speed><course>350.980804</course><hAcc>0.935143</hAcc><vAcc>0.690556</vAcc></extensions></trkpt>
      <trkpt lon="-123.327645" lat="44.616451"><ele>199.981125</ele><time>2021-01-17T20:59:51Z</time><extensions><speed>1.006721</speed><course>-1.000000</course><hAcc>0.935008</hAcc><vAcc>0.690420</vAcc></extensions></trkpt>
      <trkpt lon="-123.327652" lat="44.616444"><ele>199.872040</ele><time>2021-01-17T20:59:52Z</time><extensions><speed>0.931891</speed><course>341.260498</course><hAcc>0.934780</hAcc><vAcc>0.690188</vAcc></extensions></trkpt>
      <trkpt lon="-123.327658" lat="44.616437"><ele>199.759064</ele><time>2021-01-17T20:59:53Z</time><extensions><speed>0.854825</speed><course>-1.000000</course><hAcc>0.934482</hAcc><vAcc>0.689884</vAcc></extensions></trkpt>
      <trkpt lon="-123.327663" lat="44.616431"><ele>199.642792</ele><time>2021-01-17T20:59:54Z</time><extensions><speed>0.776280</speed><course>338.513245</course><hAcc>0.934148</hAcc><vAcc>0.689544</vAcc></extensions></trkpt>
      <trkpt lon="-123.327668" lat="44.616425"><ele>199.523849</ele><time>2021-01-17T20:59:55Z</time><extensions><speed>0.697361</speed><course>357.735413</course><hAcc>0.933823</hAcc><vAcc>0.689212</vAcc></extensions></trkpt>
      <trkpt lon="-123.327671" lat="44.616420"><ele>199.403595</ele><time>2021-01-17T20:59:56Z</time><extensions><speed>0.620085</speed><course>5.993009</course><hAcc>0.933558</hAcc><vAcc>0.688942</vAcc></extensions></trkpt>
      <trkpt lon="-123.327675" lat="44.616415"><ele>199.284393</ele><time>2021-01-17T20:59:57Z</time><extensions><speed>0.546280</speed><course>8.318940</course><hAcc>0.933400</hAcc><vAcc>0.688780</vAcc></extensions></trkpt>
      <trkpt lon="-123.327677" lat="44.616411"><ele>199.168976</ele><time>2021-01-17T20:59:58Z</time><extensions><speed>0.477075</speed><course>-1.000000</course><hAcc>0.933377</hAcc><vAcc>0.688755</vAcc></extensions></trkpt>
      <trkpt lon="-123.327680" lat="44.616407"><ele>199.059494</ele><time>2021-01-17T20:59:59Z</time><extensions><speed>0.412960</speed><course>-1.000000</course><hAcc>0.933485</hAcc><vAcc>0.688864</vAcc></extensions></trkpt>
      <trkpt lon="-123.327682" lat="44.616404"><ele>198.956863</ele><time>2021-01-17T21:00:00Z</time><extensions><speed>0.353993</speed><course>-1.000000</course><hAcc>0.933699</hAcc><vAcc>0.689081</vAcc></extensions></trkpt>
      <trkpt lon="-123.327684" lat="44.616401"><ele>198.860504</ele><time>2021-01-17T21:00:01Z</time><extensions><speed>0.300263</speed><course>-1.000000</course><hAcc>0.933986</hAcc><vAcc>0.689371</vAcc></extensions></trkpt>
      <trkpt lon="-123.327685" lat="44.616399"><ele>198.768829</ele><time>2021-01-17T21:00:02Z</time><extensions><speed>0.252440</speed><course>-1.000000</course><hAcc>0.934310</hAcc><vAcc>0.689700</vAcc></extensions></trkpt>
      <trkpt lon="-123.327687" lat="44.616397"><ele>198.679947</ele><time>2021-01-17T21:00:03Z</time><extensions><speed>0.211742</speed><course>-1.000000</course><hAcc>0.934640</hAcc><vAcc>0.690036</vAcc></extensions></trkpt>
      <trkpt lon="-123.327688" lat="44.616396"><ele>198.592239</ele><time>2021-01-17T21:00:04Z</time><extensions><speed>0.180418</speed><course>-1.000000</course><hAcc>0.934953</hAcc><vAcc>0.690355</vAcc></extensions></trkpt>
      <trkpt lon="-123.327690" lat="44.616395"><ele>198.504868</ele><time>2021-01-17T21:00:05Z</time><extensions><speed>0.161523</speed><course>281.767426</course><hAcc>0.935231</hAcc><vAcc>0.690638</vAcc></extensions></trkpt>
      <trkpt lon="-123.327691" lat="44.616394"><ele>198.418015</ele><time>2021-01-17T21:00:06Z</time><extensions><speed>0.156950</speed><course>300.052368</course><hAcc>0.935461</hAcc><vAcc>0.690872</vAcc></extensions></trkpt>
      <trkpt lon="-123.327693" lat="44.616394"><ele>198.332245</ele><time>2021-01-17T21:00:07Z</time><extensions><speed>0.165263</speed><course>299.435669</course><hAcc>0.935630</hAcc><vAcc>0.691045</vAcc></extensions></trkpt>
      <trkpt lon="-123.327696" lat="44.616393"><ele>198.248093</ele><time>2021-01-17T21:00:08Z</time><extensions><speed>0.182326</speed><course>309.819427</course><hAcc>0.935733</hAcc><vAcc>0.691150</vAcc></extensions></trkpt>
      <trkpt lon="-123.327698" lat="44.616393"><ele>198.165848</ele><time>2021-01-17T21:00:09Z</time><extensions><speed>0.203712</speed><course>-1.000000</course><hAcc>0.935765</hAcc><vAcc>0.691182</vAcc></extensions></trkpt>
      <trkpt lon="-123.327701" lat="44.616393"><ele>198.085526</ele><time>2021-01-17T21:00:10Z</time><extensions><speed>0.226524</speed><course>326.891235</course><hAcc>0.935727</hAcc><vAcc>0.691142</vAcc></extensions></trkpt>
      <trkpt lon="-123.327704" lat="44.616393"><ele>198.006836</ele><time>2021-01-17T21:00:11Z</time><extensions><speed>0.249618</speed><course>339.004791</course><hAcc>0.935623</hAcc><vAcc>0.691028</vAcc></extensions></trkpt>
      <trkpt lon="-123.327707" lat="44.616393"><ele>197.929459</ele><time>2021-01-17T21:00:12Z</time><extensions><speed>0.273198</speed><course>341.928619</course><hAcc>0.935456</hAcc><vAcc>0.690842</vAcc></extensions></trkpt>
      <trkpt lon="-123.327711" lat="44.616394"><ele>197.853210</ele><time>2021-01-17T21:00:13Z</time><extensions><speed>0.297568</speed><course>-1.000000</course><hAcc>0.935235</hAcc><vAcc>0.690581</vAcc></extensions></trkpt>
      <trkpt lon="-123.327714" lat="44.616394"><ele>197.778229</ele><time>2021-01-17T21:00:14Z</time><extensions><speed>0.322721</speed><course>-1.000000</course><hAcc>0.934973</hAcc><vAcc>0.690248</vAcc></extensions></trkpt>
      <trkpt lon="-123.327719" lat="44.616395"><ele>197.704788</ele><time>2021-01-17T21:00:15Z</time><extensions><speed>0.348447</speed><course>328.935608</course><hAcc>0.934702</hAcc><vAcc>0.689856</vAcc></extensions></trkpt>
      <trkpt lon="-123.327723" lat="44.616395"><ele>197.633392</ele><time>2021-01-17T21:00:16Z</time><extensions><speed>0.373967</speed><course>326.800262</course><hAcc>0.934464</hAcc><vAcc>0.689425</vAcc></extensions></trkpt>
      <trkpt lon="-123.327728" lat="44.616396"><ele>197.564850</ele><time>2021-01-17T21:00:17Z</time><extensions><speed>0.398548</speed><course>351.157928</course><hAcc>0.934317</hAcc><vAcc>0.688982</vAcc></extensions></trkpt>
      <trkpt lon="-123.327733" lat="44.616397"><ele>197.500015</ele><time>2021-01-17T21:00:18Z</time><extensions><speed>0.421688</speed><course>3.936445</course><hAcc>0.934321</hAcc><vAcc>0.688554</vAcc></extensions></trkpt>
      <trkpt lon="-123.327738" lat="44.616397"><ele>197.439850</ele><time>2021-01-17T21:00:19Z</time><extensions><speed>0.442722</speed><course>4.441267</course><hAcc>0.934553</hAcc><vAcc>0.688178</vAcc></extensions></trkpt>
      <trkpt lon="-123.327744" lat="44.616398"><ele>197.385269</ele><time>2021-01-17T21:00:20Z</time><extensions><speed>0.460698</speed><course>352.188629</course><hAcc>0.935103</hAcc><vAcc>0.687909</vAcc></extensions></trkpt>
      <trkpt lon="-123.327749" lat="44.616399"><ele>197.336823</ele><time>2021-01-17T21:00:21Z</time><extensions><speed>0.475377</speed><course>350.179871</course><hAcc>0.936067</hAcc><vAcc>0.687815</vAcc></extensions></trkpt>
      <trkpt lon="-123.327755" lat="44.616400"><ele>197.294678</ele><time>2021-01-17T21:00:22Z</time><extensions><speed>0.486664</speed><course>352.472778</course><hAcc>0.937526</hAcc><vAcc>0.687969</vAcc></extensions></trkpt>
      <trkpt lon="-123.327761" lat="44.616401"><ele>197.258469</ele><time>2021-01-17T21:00:23Z</time><extensions><speed>0.493413</speed><course>355.143982</course><hAcc>0.939512</hAcc><vAcc>0.688425</vAcc></extensions></trkpt>
      <trkpt lon="-123.327768" lat="44.616402"><ele>197.227386</ele><time>2021-01-17T21:00:24Z</time><extensions><speed>0.494266</speed><course>359.213257</course><hAcc>0.941967</hAcc><vAcc>0.689183</vAcc></extensions></trkpt>
      <trkpt lon="-123.327774" lat="44.616403"><ele>197.199875</ele><time>2021-01-17T21:00:25Z</time><extensions><speed>0.488123</speed><course>8.033879</course><hAcc>0.944710</hAcc><vAcc>0.690167</vAcc></extensions></trkpt>
      <trkpt lon="-123.327780" lat="44.616404"><ele>197.173737</ele><time>2021-01-17T21:00:26Z</time><extensions><speed>0.474508</speed><course>29.860607</course><hAcc>0.947483</hAcc><vAcc>0.691246</vAcc></extensions></trkpt>
      <trkpt lon="-123.327785" lat="44.616404"><ele>197.146484</ele><time>2021-01-17T21:00:27Z</time><extensions><speed>0.454766</speed><course>7.881889</course><hAcc>0.949997</hAcc><vAcc>0.692257</vAcc></extensions></trkpt>
      <trkpt lon="-123.327791" lat="44.616404"><ele>197.115814</ele><time>2021-01-17T21:00:28Z</time><extensions><speed>0.430937</speed><course>3.549458</course><hAcc>0.952000</hAcc><vAcc>0.693052</vAcc></extensions></trkpt>
      <trkpt lon="-123.327796" lat="44.616405"><ele>197.079849</ele><time>2021-01-17T21:00:29Z</time><extensions><speed>0.405168</speed><course>1.870256</course><hAcc>0.953374</hAcc><vAcc>0.693543</vAcc></extensions></trkpt>
      <trkpt lon="-123.327801" lat="44.616405"><ele>197.036987</ele><time>2021-01-17T21:00:30Z</time><extensions><speed>0.377707</speed><course>1.850423</course><hAcc>0.954190</hAcc><vAcc>0.693742</vAcc></extensions></trkpt>
      <trkpt lon="-123.327806" lat="44.616404"><ele>196.985443</ele><time>2021-01-17T21:00:31Z</time><extensions><speed>0.348460</speed><course>359.658569</course><hAcc>0.954652</hAcc><vAcc>0.693726</vAcc></extensions></trkpt>
      <trkpt lon="-123.327810" lat="44.616404"><ele>196.923508</ele><time>2021-01-17T21:00:32Z</time><extensions><speed>0.320016</speed><course>354.783691</course><hAcc>0.955021</hAcc><vAcc>0.693604</vAcc></extensions></trkpt>
      <trkpt lon="-123.327813" lat="44.616403"><ele>196.849579</ele><time>2021-01-17T21:00:33Z</time><extensions><speed>0.295489</speed><course>352.265472</course><hAcc>0.955556</hAcc><vAcc>0.693494</vAcc></extensions></trkpt>
      <trkpt lon="-123.327817" lat="44.616402"><ele>196.762314</ele><time>2021-01-17T21:00:34Z</time><extensions><speed>0.279835</speed><course>340.436920</course><hAcc>0.956475</hAcc><vAcc>0.693497</vAcc></extensions></trkpt>
      <trkpt lon="-123.327819" lat="44.616400"><ele>196.660950</ele><time>2021-01-17T21:00:35Z</time><extensions><speed>0.278155</speed><course>341.717743</course><hAcc>0.957900</hAcc><vAcc>0.693678</vAcc></extensions></trkpt>
      <trkpt lon="-123.327822" lat="44.616398"><ele>196.545288</ele><time>2021-01-17T21:00:36Z</time><extensions><speed>0.292875</speed><course>329.944275</course><hAcc>0.959800</hAcc><vAcc>0.694028</vAcc></extensions></trkpt>
      <trkpt lon="-123.327824" lat="44.616396"><ele>196.415451</ele><time>2021-01-17T21:00:37Z</time><extensions><speed>0.323899</speed><course>347.444641</course><hAcc>0.961960</hAcc><vAcc>0.694459</vAcc></extensions></trkpt>
      <trkpt lon="-123.327826" lat="44.616393"><ele>196.271881</ele><time>2021-01-17T21:00:38Z</time><extensions><speed>0.369734</speed><course>1.823776</course><hAcc>0.963981</hAcc><vAcc>0.694798</vAcc></extensions></trkpt>
      <trkpt lon="-123.327829" lat="44.616390"><ele>196.115051</ele><time>2021-01-17T21:00:39Z</time><extensions><speed>0.429093</speed><course>7.569431</course><hAcc>0.965340</hAcc><vAcc>0.694820</vAcc></extensions></trkpt>
      <trkpt lon="-123.327832" lat="44.616386"><ele>195.945328</ele><time>2021-01-17T21:00:40Z</time><extensions><speed>0.501036</speed><course>9.237578</course><hAcc>0.965552</hAcc><vAcc>0.694326</vAcc></extensions></trkpt>
      <trkpt lon="-123.327835" lat="44.616382"><ele>195.762833</ele><time>2021-01-17T21:00:41Z</time><extensions><speed>0.584283</speed><course>15.802356</course><hAcc>0.964320</hAcc><vAcc>0.693216</vAcc></extensions></trkpt>
      <trkpt lon="-123.327839" lat="44.616377"><ele>195.567703</ele><time>2021-01-17T21:00:42Z</time><extensions><speed>0.677320</speed><course>25.629736</course><hAcc>0.961616</hAcc><vAcc>0.691534</vAcc></extensions></trkpt>
      <trkpt lon="-123.327844" lat="44.616372"><ele>195.360275</ele><time>2021-01-17T21:00:43Z</time><extensions><speed>0.778342</speed><course>15.382177</course><hAcc>0.957693</hAcc><vAcc>0.689473</vAcc></extensions></trkpt>
      <trkpt lon="-123.327850" lat="44.616366"><ele>195.141052</ele><time>2021-01-17T21:00:44Z</time><extensions><speed>0.885693</speed><course>-1.000000</course><hAcc>0.953012</hAcc><vAcc>0.687325</vAcc></extensions></trkpt>
      <trkpt lon="-123.327857" lat="44.616359"><ele>194.910492</ele><time>2021-01-17T21:00:45Z</time><extensions><speed>0.997757</speed><course>9.233122</course><hAcc>0.948121</hAcc><vAcc>0.685409</vAcc></extensions></trkpt>
      <trkpt lon="-123.327865" lat="44.616351"><ele>194.669327</ele><time>2021-01-17T21:00:46Z</time><extensions><speed>1.111482</speed><course>1.414286</course><hAcc>0.943578</hAcc><vAcc>0.684013</vAcc></extensions></trkpt>
      <trkpt lon="-123.327873" lat="44.616342"><ele>194.418823</ele><time>2021-01-17T21:00:47Z</time><extensions><speed>1.221858</speed><course>-1.000000</course><hAcc>0.939857</hAcc><vAcc>0.683335</vAcc></extensions></trkpt>
      <trkpt lon="-123.327883" lat="44.616333"><ele>194.160828</ele><time>2021-01-17T21:00:48Z</time><extensions><speed>1.321601</speed><course>-1.000000</course><hAcc>0.937236</hAcc><vAcc>0.683440</vAcc></extensions></trkpt>
      <trkpt lon="-123.327893" lat="44.616323"><ele>193.898102</ele><time>2021-01-17T21:00:49Z</time><extensions><speed>1.407374</speed><course>-1.000000</course><hAcc>0.935769</hAcc><vAcc>0.684260</vAcc></extensions></trkpt>
      <trkpt lon="-123.327904" lat="44.616313"><ele>193.634949</ele><time>2021-01-17T21:00:50Z</time><extensions><speed>1.480392</speed><course>-1.000000</course><hAcc>0.935346</hAcc><vAcc>0.685643</vAcc></extensions></trkpt>
      <trkpt lon="-123.327915" lat="44.616302"><ele>193.377274</ele><time>2021-01-17T21:00:51Z</time><extensions><speed>1.542551</speed><course>41.735397</course><hAcc>0.935756</hAcc><vAcc>0.687402</vAcc></extensions></trkpt>
      <trkpt lon="-123.327927" lat="44.616291"><ele>193.131866</ele><time>2021-01-17T21:00:52Z</time><extensions><speed>1.596435</speed><course>18.404177</course><hAcc>0.936749</hAcc><vAcc>0.689347</vAcc></extensions></trkpt>
      <trkpt lon="-123.327939" lat="44.616279"><ele>192.905243</ele><time>2021-01-17T21:00:53Z</time><extensions><speed>1.644606</speed><course>31.154886</course><hAcc>0.938066</hAcc><vAcc>0.691306</vAcc></extensions></trkpt>
      <trkpt lon="-123.327951" lat="44.616267"><ele>192.703049</ele><time>2021-01-17T21:00:54Z</time><extensions><speed>1.689928</speed><course>29.378351</course><hAcc>0.939484</hAcc><vAcc>0.693146</vAcc></extensions></trkpt>
      <trkpt lon="-123.327964" lat="44.616255"><ele>192.530121</ele><time>2021-01-17T21:00:55Z</time><extensions><speed>1.734318</speed><course>37.374931</course><hAcc>0.940832</hAcc><vAcc>0.694780</vAcc></extensions></trkpt>
      <trkpt lon="-123.327978" lat="44.616242"><ele>192.390335</ele><time>2021-01-17T21:00:56Z</time><extensions><speed>1.777770</speed><course>27.523811</course><hAcc>0.941991</hAcc><vAcc>0.696160</vAcc></extensions></trkpt>
      <trkpt lon="-123.327992" lat="44.616229"><ele>192.286026</ele><time>2021-01-17T21:00:57Z</time><extensions><speed>1.819104</speed><course>39.783733</course><hAcc>0.942894</hAcc><vAcc>0.697259</vAcc></extensions></trkpt>
      <trkpt lon="-123.328006" lat="44.616216"><ele>192.217758</ele><time>2021-01-17T21:00:58Z</time><extensions><speed>1.856963</speed><course>30.053238</course><hAcc>0.943516</hAcc><vAcc>0.698073</vAcc></extensions></trkpt>
      <trkpt lon="-123.328021" lat="44.616203"><ele>192.184921</ele><time>2021-01-17T21:00:59Z</time><extensions><speed>1.889770</speed><course>16.751545</course><hAcc>0.943865</hAcc><vAcc>0.698608</vAcc></extensions></trkpt>
      <trkpt lon="-123.328036" lat="44.616190"><ele>192.185852</ele><time>2021-01-17T21:01:00Z</time><extensions><speed>1.915726</speed><course>27.012360</course><hAcc>0.943961</hAcc><vAcc>0.698880</vAcc></extensions></trkpt>
      <trkpt lon="-123.328051" lat="44.616176"><ele>192.218079</ele><time>2021-01-17T21:01:01Z</time><extensions><speed>1.933330</speed><course>38.125782</course><hAcc>0.943838</hAcc><vAcc>0.698915</vAcc></extensions></trkpt>
      <trkpt lon="-123.328066" lat="44.616163"><ele>192.278702</ele><time>2021-01-17T21:01:02Z</time><extensions><speed>1.941530</speed><course>26.790562</course><hAcc>0.943532</hAcc><vAcc>0.698743</vAcc></extensions></trkpt>
      <trkpt lon="-123.328082" lat="44.616149"><ele>192.364380</ele><time>2021-01-17T21:01:03Z</time><extensions><speed>1.940185</speed><course>16.643049</course><hAcc>0.943081</hAcc><vAcc>0.698400</vAcc></extensions></trkpt>
      <trkpt lon="-123.328097" lat="44.616136"><ele>192.470917</ele><time>2021-01-17T21:01:04Z</time><extensions><speed>1.929880</speed><course>27.758890</course><hAcc>0.942521</hAcc><vAcc>0.697921</vAcc></extensions></trkpt>
      <trkpt lon="-123.328112" lat="44.616122"><ele>192.593109</ele><time>2021-01-17T21:01:05Z</time><extensions><speed>1.910678</speed><course>37.875229</course><hAcc>0.941884</hAcc><vAcc>0.697341</vAcc></extensions></trkpt>
      <trkpt lon="-123.328127" lat="44.616109"><ele>192.724564</ele><time>2021-01-17T21:01:06Z</time><extensions><speed>1.882688</speed><course>41.910976</course><hAcc>0.941201</hAcc><vAcc>0.696691</vAcc></extensions></trkpt>
      <trkpt lon="-123.328142" lat="44.616096"><ele>192.857971</ele><time>2021-01-17T21:01:07Z</time><extensions><speed>1.846522</speed><course>47.594402</course><hAcc>0.940504</hAcc><vAcc>0.696006</vAcc></extensions></trkpt>
      <trkpt lon="-123.328156" lat="44.616083"><ele>192.985489</ele><time>2021-01-17T21:01:08Z</time><extensions><speed>1.802732</speed><course>45.894970</course><hAcc>0.939827</hAcc><vAcc>0.695317</vAcc></extensions></trkpt>
      <trkpt lon="-123.328169" lat="44.616070"><ele>193.099335</ele><time>2021-01-17T21:01:09Z</time><extensions><speed>1.752104</speed><course>40.511505</course><hAcc>0.939203</hAcc><vAcc>0.694653</vAcc></extensions></trkpt>
      <trkpt lon="-123.328183" lat="44.616058"><ele>193.192368</ele><time>2021-01-17T21:01:10Z</time><extensions><speed>1.696105</speed><course>30.149328</course><hAcc>0.938671</hAcc><vAcc>0.694044</vAcc></extensions></trkpt>
      <trkpt lon="-123.328195" lat="44.616045"><ele>193.259109</ele><time>2021-01-17T21:01:11Z</time><extensions><speed>1.636567</speed><course>351.419952</course><hAcc>0.938273</hAcc><vAcc>0.693516</vAcc></extensions></trkpt>
      <trkpt lon="-123.328207" lat="44.616034"><ele>193.296219</ele><time>2021-01-17T21:01:12Z</time><extensions><speed>1.576226</speed><course>355.546722</course><hAcc>0.938046</hAcc><vAcc>0.693088</vAcc></extensions></trkpt>
      <trkpt lon="-123.328218" lat="44.616023"><ele>193.302490</ele><time>2021-01-17T21:01:13Z</time><extensions><speed>1.518730</speed><course>9.255033</course><hAcc>0.938011</hAcc><vAcc>0.692751</vAcc></extensions></trkpt>
      <trkpt lon="-123.328229" lat="44.616012"><ele>193.277939</ele><time>2021-01-17T21:01:14Z</time><extensions><speed>1.467551</speed><course>19.109468</course><hAcc>0.938168</hAcc><vAcc>0.692474</vAcc></extensions></trkpt>
      <trkpt lon="-123.328239" lat="44.616001"><ele>193.223083</ele><time>2021-01-17T21:01:15Z</time><extensions><speed>1.425290</speed><course>0.752836</course><hAcc>0.938509</hAcc><vAcc>0.692213</vAcc></extensions></trkpt>
      <trkpt lon="-123.328249" lat="44.615990"><ele>193.139023</ele><time>2021-01-17T21:01:16Z</time><extensions><speed>1.393765</speed><course>10.446225</course><hAcc>0.939037</hAcc><vAcc>0.691936</vAcc></extensions></trkpt>
      <trkpt lon="-123.328258" lat="44.615979"><ele>193.028305</ele><time>2021-01-17T21:01:17Z</time><extensions><speed>1.374501</speed><course>18.882030</course><hAcc>0.939766</hAcc><vAcc>0.691630</vAcc></extensions></trkpt>
      <trkpt lon="-123.328267" lat="44.615969"><ele>192.894821</ele><time>2021-01-17T21:01:18Z</time><extensions><speed>1.369419</speed><course>25.755617</course><hAcc>0.940710</hAcc><vAcc>0.691296</vAcc></extensions></trkpt>
      <trkpt lon="-123.328275" lat="44.615958"><ele>192.743362</ele><time>2021-01-17T21:01:19Z</time><extensions><speed>1.379206</speed><course>17.925442</course><hAcc>0.941869</hAcc><vAcc>0.690942</vAcc></extensions></trkpt>
      <trkpt lon="-123.328283" lat="44.615947"><ele>192.578873</ele><time>2021-01-17T21:01:20Z</time><extensions><speed>1.401671</speed><course>13.140949</course><hAcc>0.943220</hAcc><vAcc>0.690575</vAcc></extensions></trkpt>
      <trkpt lon="-123.328290" lat="44.615935"><ele>192.406006</ele><time>2021-01-17T21:01:21Z</time><extensions><speed>1.432475</speed><course>1.223947</course><hAcc>0.944727</hAcc><vAcc>0.690208</vAcc></extensions></trkpt>
      <trkpt lon="-123.328298" lat="44.615923"><ele>192.228714</ele><time>2021-01-17T21:01:22Z</time><extensions><speed>1.466322</speed><course>2.777180</course><hAcc>0.946328</hAcc><vAcc>0.689849</vAcc></extensions></trkpt>
      <trkpt lon="-123.328305" lat="44.615911"><ele>192.050430</ele><time>2021-01-17T21:01:23Z</time><extensions><speed>1.500188</speed><course>3.171107</course><hAcc>0.947901</hAcc><vAcc>0.689495</vAcc></extensions></trkpt>
      <trkpt lon="-123.328313" lat="44.615898"><ele>191.874817</ele><time>2021-01-17T21:01:24Z</time><extensions><speed>1.532344</speed><course>355.631989</course><hAcc>0.949253</hAcc><vAcc>0.689125</vAcc></extensions></trkpt>
      <trkpt lon="-123.328320" lat="44.615886"><ele>191.705597</ele><time>2021-01-17T21:01:25Z</time><extensions><speed>1.560708</speed><course>353.362335</course><hAcc>0.950144</hAcc><vAcc>0.688693</vAcc></extensions></trkpt>
      <trkpt lon="-123.328328" lat="44.615872"><ele>191.546219</ele><time>2021-01-17T21:01:26Z</time><extensions><speed>1.583760</speed><course>354.168304</course><hAcc>0.950333</hAcc><vAcc>0.688135</vAcc></extensions></trkpt>
      <trkpt lon="-123.328335" lat="44.615859"><ele>191.399170</ele><time>2021-01-17T21:01:27Z</time><extensions><speed>1.599621</speed><course>359.940430</course><hAcc>0.949673</hAcc><vAcc>0.687411</vAcc></extensions></trkpt>
      <trkpt lon="-123.328343" lat="44.615846"><ele>191.265945</ele><time>2021-01-17T21:01:28Z</time><extensions><speed>1.606470</speed><course>359.231323</course><hAcc>0.948180</hAcc><vAcc>0.686536</vAcc></extensions></trkpt>
      <trkpt lon="-123.328350" lat="44.615832"><ele>191.147858</ele><time>2021-01-17T21:01:29Z</time><extensions><speed>1.603906</speed><course>352.536652</course><hAcc>0.946038</hAcc><vAcc>0.685584</vAcc></extensions></trkpt>
      <trkpt lon="-123.328358" lat="44.615819"><ele>191.046600</ele><time>2021-01-17T21:01:30Z</time><extensions><speed>1.593562</speed><course>345.571808</course><hAcc>0.943542</hAcc><vAcc>0.684668</vAcc></extensions></trkpt>
      <trkpt lon="-123.328365" lat="44.615806"><ele>190.964233</ele><time>2021-01-17T21:01:31Z</time><extensions><speed>1.579191</speed><course>357.022125</course><hAcc>0.940991</hAcc><vAcc>0.683901</vAcc></extensions></trkpt>
      <trkpt lon="-123.328373" lat="44.615793"><ele>190.902847</ele><time>2021-01-17T21:01:32Z</time><extensions><speed>1.565255</speed><course>328.155426</course><hAcc>0.938621</hAcc><vAcc>0.683375</vAcc></extensions></trkpt>
      <trkpt lon="-123.328380" lat="44.615780"><ele>190.864166</ele><time>2021-01-17T21:01:33Z</time><extensions><speed>1.555771</speed><course>328.155426</course><hAcc>0.936604</hAcc><vAcc>0.683154</vAcc></extensions></trkpt>
      <trkpt lon="-123.328387" lat="44.615767"><ele>190.848724</ele><time>2021-01-17T21:01:34Z</time><extensions><speed>1.552188</speed><course>328.155426</course><hAcc>0.935053</hAcc><vAcc>0.683278</vAcc></extensions></trkpt>
      <trkpt lon="-123.328395" lat="44.615754"><ele>190.855194</ele><time>2021-01-17T21:01:35Z</time><extensions><speed>1.552985</speed><course>328.155426</course><hAcc>0.934026</hAcc><vAcc>0.683755</vAcc></extensions></trkpt>
      <trkpt lon="-123.328403" lat="44.615741"><ele>190.880646</ele><time>2021-01-17T21:01:36Z</time><extensions><speed>1.556973</speed><course>328.155426</course><hAcc>0.933528</hAcc><vAcc>0.684560</vAcc></extensions></trkpt>
      <trkpt lon="-123.328412" lat="44.615728"><ele>190.921173</ele><time>2021-01-17T21:01:37Z</time><extensions><speed>1.563564</speed><course>346.063782</course><hAcc>0.933510</hAcc><vAcc>0.685636</vAcc></extensions></trkpt>
      <trkpt lon="-123.328421" lat="44.615716"><ele>190.972458</ele><time>2021-01-17T21:01:38Z</time><extensions><speed>1.571559</speed><course>330.724579</course><hAcc>0.933887</hAcc><vAcc>0.686901</vAcc></extensions></trkpt>
      <trkpt lon="-123.328430" lat="44.615703"><ele>191.029953</ele><time>2021-01-17T21:01:39Z</time><extensions><speed>1.579129</speed><course>345.059082</course><hAcc>0.934545</hAcc><vAcc>0.688263</vAcc></extensions></trkpt>
      <trkpt lon="-123.328439" lat="44.615691"><ele>191.088181</ele><time>2021-01-17T21:01:40Z</time><extensions><speed>1.583812</speed><course>355.246979</course><hAcc>0.935371</hAcc><vAcc>0.689631</vAcc></extensions></trkpt>
      <trkpt lon="-123.328449" lat="44.615678"><ele>191.140686</ele><time>2021-01-17T21:01:41Z</time><extensions><speed>1.583669</speed><course>6.603757</course><hAcc>0.936265</hAcc><vAcc>0.690929</vAcc></extensions></trkpt>
      <trkpt lon="-123.328459" lat="44.615666"><ele>191.180710</ele><time>2021-01-17T21:01:42Z</time><extensions><speed>1.578095</speed><course>11.296848</course><hAcc>0.937144</hAcc><vAcc>0.692101</vAcc></extensions></trkpt>
      <trkpt lon="-123.328470" lat="44.615654"><ele>191.202133</ele><time>2021-01-17T21:01:43Z</time><extensions><speed>1.567303</speed><course>348.141571</course><hAcc>0.937945</hAcc><vAcc>0.693110</vAcc></extensions></trkpt>
      <trkpt lon="-123.328480" lat="44.615642"><ele>191.200180</ele><time>2021-01-17T21:01:44Z</time><extensions><speed>1.552149</speed><course>322.178833</course><hAcc>0.938624</hAcc><vAcc>0.693931</vAcc></extensions></trkpt>
      <trkpt lon="-123.328491" lat="44.615631"><ele>191.172409</ele><time>2021-01-17T21:01:45Z</time><extensions><speed>1.534700</speed><course>29.019629</course><hAcc>0.939150</hAcc><vAcc>0.694552</vAcc></extensions></trkpt>
      <trkpt lon="-123.328502" lat="44.615619"><ele>191.119598</ele><time>2021-01-17T21:01:46Z</time><extensions><speed>1.516825</speed><course>1.629805</course><hAcc>0.939507</hAcc><vAcc>0.694970</vAcc></extensions></trkpt>
      <trkpt lon="-123.328512" lat="44.615608"><ele>191.044998</ele><time>2021-01-17T21:01:47Z</time><extensions><speed>1.498883</speed><course>355.061798</course><hAcc>0.939688</hAcc><vAcc>0.695188</vAcc></extensions></trkpt>
      <trkpt lon="-123.328523" lat="44.615597"><ele>190.952362</ele><time>2021-01-17T21:01:48Z</time><extensions><speed>1.480893</speed><course>336.920258</course><hAcc>0.939698</hAcc><vAcc>0.695220</vAcc></extensions></trkpt>
      <trkpt lon="-123.328534" lat="44.615586"><ele>190.844528</ele><time>2021-01-17T21:01:49Z</time><extensions><speed>1.463248</speed><course>350.854095</course><hAcc>0.939557</hAcc><vAcc>0.695091</vAcc></extensions></trkpt>
      <trkpt lon="-123.328545" lat="44.615576"><ele>190.723373</ele><time>2021-01-17T21:01:50Z</time><extensions><speed>1.446054</speed><course>14.825719</course><hAcc>0.939297</hAcc><vAcc>0.694836</vAcc></extensions></trkpt>
      <trkpt lon="-123.328556" lat="44.615565"><ele>190.589569</ele><time>2021-01-17T21:01:51Z</time><extensions><speed>1.427970</speed><course>7.965740</course><hAcc>0.938961</hAcc><vAcc>0.694501</vAcc></extensions></trkpt>
      <trkpt lon="-123.328566" lat="44.615555"><ele>190.442581</ele><time>2021-01-17T21:01:52Z</time><extensions><speed>1.407659</speed><course>322.279572</course><hAcc>0.938606</hAcc><vAcc>0.694146</vAcc></extensions></trkpt>
      <trkpt lon="-123.328577" lat="44.615545"><ele>190.281235</ele><time>2021-01-17T21:01:53Z</time><extensions><speed>1.384600</speed><course>307.563721</course><hAcc>0.938294</hAcc><vAcc>0.693833</vAcc></extensions></trkpt>
      <trkpt lon="-123.328587" lat="44.615535"><ele>190.104385</ele><time>2021-01-17T21:01:54Z</time><extensions><speed>1.359486</speed><course>319.204498</course><hAcc>0.938073</hAcc><vAcc>0.693613</vAcc></extensions></trkpt>
      <trkpt lon="-123.328598" lat="44.615526"><ele>189.911606</ele><time>2021-01-17T21:01:55Z</time><extensions><speed>1.334887</speed><course>314.287506</course><hAcc>0.937975</hAcc><vAcc>0.693516</vAcc></extensions></trkpt>
      <trkpt lon="-123.328608" lat="44.615516"><ele>189.703552</ele><time>2021-01-17T21:01:56Z</time><extensions><speed>1.313508</speed><course>326.228149</course><hAcc>0.938010</hAcc><vAcc>0.693554</vAcc></extensions></trkpt>
      <trkpt lon="-123.328619" lat="44.615507"><ele>189.481873</ele><time>2021-01-17T21:01:57Z</time><extensions><speed>1.297085</speed><course>336.972809</course><hAcc>0.938177</hAcc><vAcc>0.693725</vAcc></extensions></trkpt>
      <trkpt lon="-123.328629" lat="44.615498"><ele>189.249130</ele><time>2021-01-17T21:01:58Z</time><extensions><speed>1.285971</speed><course>335.926300</course><hAcc>0.938458</hAcc><vAcc>0.694013</vAcc></extensions></trkpt>
      <trkpt lon="-123.328640" lat="44.615490"><ele>189.008072</ele><time>2021-01-17T21:01:59Z</time><extensions><speed>1.278379</speed><course>339.018219</course><hAcc>0.938823</hAcc><vAcc>0.694384</vAcc></extensions></trkpt>
      <trkpt lon="-123.328650" lat="44.615481"><ele>188.760757</ele><time>2021-01-17T21:02:00Z</time><extensions><speed>1.272305</speed><course>334.775055</course><hAcc>0.939222</hAcc><vAcc>0.694789</vAcc></extensions></trkpt>
      <trkpt lon="-123.328661" lat="44.615472"><ele>188.508484</ele><time>2021-01-17T21:02:01Z</time><extensions><speed>1.267697</speed><course>329.805511</course><hAcc>0.939591</hAcc><vAcc>0.695164</vAcc></extensions></trkpt>
      <trkpt lon="-123.328671" lat="44.615464"><ele>188.251984</ele><time>2021-01-17T21:02:02Z</time><extensions><speed>1.264759</speed><course>322.424042</course><hAcc>0.939869</hAcc><vAcc>0.695447</vAcc></extensions></trkpt>
      <trkpt lon="-123.328682" lat="44.615456"><ele>187.991394</ele><time>2021-01-17T21:02:03Z</time><extensions><speed>1.262922</speed><course>326.198639</course><hAcc>0.940012</hAcc><vAcc>0.695594</vAcc></extensions></trkpt>
      <trkpt lon="-123.328693" lat="44.615447"><ele>187.726425</ele><time>2021-01-17T21:02:04Z</time><extensions><speed>1.262060</speed><course>331.634552</course><hAcc>0.940004</hAcc><vAcc>0.695587</vAcc></extensions></trkpt>
      <trkpt lon="-123.328704" lat="44.615439"><ele>187.456940</ele><time>2021-01-17T21:02:05Z</time><extensions><speed>1.262984</speed><course>338.709839</course><hAcc>0.939862</hAcc><vAcc>0.695445</vAcc></extensions></trkpt>
      <trkpt lon="-123.328715" lat="44.615431"><ele>187.183594</ele><time>2021-01-17T21:02:06Z</time><extensions><speed>1.267020</speed><course>313.334259</course><hAcc>0.939625</hAcc><vAcc>0.695207</vAcc></extensions></trkpt>
      <trkpt lon="-123.328726" lat="44.615422"><ele>186.907333</ele><time>2021-01-17T21:02:07Z</time><extensions><speed>1.274057</speed><course>310.818176</course><hAcc>0.939339</hAcc><vAcc>0.694918</vAcc></extensions></trkpt>
      <trkpt lon="-123.328737" lat="44.615414"><ele>186.629059</ele><time>2021-01-17T21:02:08Z</time><extensions><speed>1.283389</speed><course>321.386963</course><hAcc>0.939049</hAcc><vAcc>0.694623</vAcc></extensions></trkpt>
      <trkpt lon="-123.328748" lat="44.615406"><ele>186.350296</ele><time>2021-01-17T21:02:09Z</time><extensions><speed>1.295238</speed><course>311.109680</course><hAcc>0.938792</hAcc><vAcc>0.694362</vAcc></extensions></trkpt>
      <trkpt lon="-123.328760" lat="44.615398"><ele>186.073853</ele><time>2021-01-17T21:02:10Z</time><extensions><speed>1.310194</speed><course>312.259003</course><hAcc>0.938594</hAcc><vAcc>0.694160</vAcc></extensions></trkpt>
      <trkpt lon="-123.328772" lat="44.615389"><ele>185.803665</ele><time>2021-01-17T21:02:11Z</time><extensions><speed>1.328745</speed><course>322.394806</course><hAcc>0.938468</hAcc><vAcc>0.694030</vAcc></extensions></trkpt>
      <trkpt lon="-123.328784" lat="44.615381"><ele>185.543777</ele><time>2021-01-17T21:02:12Z</time><extensions><speed>1.349431</speed><course>339.481354</course><hAcc>0.938414</hAcc><vAcc>0.693972</vAcc></extensions></trkpt>
      <trkpt lon="-123.328796" lat="44.615372"><ele>185.296860</ele><time>2021-01-17T21:02:13Z</time><extensions><speed>1.369721</speed><course>327.437256</course><hAcc>0.938421</hAcc><vAcc>0.693974</vAcc></extensions></trkpt>
      <trkpt lon="-123.328809" lat="44.615364"><ele>185.064362</ele><time>2021-01-17T21:02:14Z</time><extensions><speed>1.389037</speed><course>330.074982</course><hAcc>0.938459</hAcc><vAcc>0.694009</vAcc></extensions></trkpt>
      <trkpt lon="-123.328821" lat="44.615355"><ele>184.847733</ele><time>2021-01-17T21:02:15Z</time><extensions><speed>1.407811</speed><course>331.496490</course><hAcc>0.938491</hAcc><vAcc>0.694036</vAcc></extensions></trkpt>
      <trkpt lon="-123.328834" lat="44.615346"><ele>184.648514</ele><time>2021-01-17T21:02:16Z</time><extensions><speed>1.426060</speed><course>328.127655</course><hAcc>0.938474</hAcc><vAcc>0.694013</vAcc></extensions></trkpt>
      <trkpt lon="-123.328847" lat="44.615337"><ele>184.467896</ele><time>2021-01-17T21:02:17Z</time><extensions><speed>1.443176</speed><course>316.288269</course><hAcc>0.938376</hAcc><vAcc>0.693905</vAcc></extensions></trkpt>
      <trkpt lon="-123.328860" lat="44.615328"><ele>184.306015</ele><time>2021-01-17T21:02:18Z</time><extensions><speed>1.457779</speed><course>312.764069</course><hAcc>0.938179</hAcc><vAcc>0.693696</vAcc></extensions></trkpt>
      <trkpt lon="-123.328873" lat="44.615318"><ele>184.161392</ele><time>2021-01-17T21:02:19Z</time><extensions><speed>1.468767</speed><course>314.107117</course><hAcc>0.937883</hAcc><vAcc>0.693381</vAcc></extensions></trkpt>
      <trkpt lon="-123.328886" lat="44.615309"><ele>184.031815</ele><time>2021-01-17T21:02:20Z</time><extensions><speed>1.476590</speed><course>325.314941</course><hAcc>0.937500</hAcc><vAcc>0.692971</vAcc></extensions></trkpt>
      <trkpt lon="-123.328899" lat="44.615299"><ele>183.916153</ele><time>2021-01-17T21:02:21Z</time><extensions><speed>1.483347</speed><course>330.881348</course><hAcc>0.937046</hAcc><vAcc>0.692481</vAcc></extensions></trkpt>
      <trkpt lon="-123.328911" lat="44.615289"><ele>183.815063</ele><time>2021-01-17T21:02:22Z</time><extensions><speed>1.491822</speed><course>340.830414</course><hAcc>0.936532</hAcc><vAcc>0.691919</vAcc></extensions></trkpt>
      <trkpt lon="-123.328924" lat="44.615279"><ele>183.731079</ele><time>2021-01-17T21:02:23Z</time><extensions><speed>1.505013</speed><course>345.545685</course><hAcc>0.935969</hAcc><vAcc>0.691293</vAcc></extensions></trkpt>
      <trkpt lon="-123.328937" lat="44.615269"><ele>183.668182</ele><time>2021-01-17T21:02:24Z</time><extensions><speed>1.524548</speed><course>346.885803</course><hAcc>0.935376</hAcc><vAcc>0.690622</vAcc></extensions></trkpt>
      <trkpt lon="-123.328949" lat="44.615259"><ele>183.630341</ele><time>2021-01-17T21:02:25Z</time><extensions><speed>1.550374</speed><course>347.146423</course><hAcc>0.934779</hAcc><vAcc>0.689931</vAcc></extensions></trkpt>
      <trkpt lon="-123.328962" lat="44.615248"><ele>183.620499</ele><time>2021-01-17T21:02:26Z</time><extensions><speed>1.582394</speed><course>335.975220</course><hAcc>0.934198</hAcc><vAcc>0.689240</vAcc></extensions></trkpt>
      <trkpt lon="-123.328976" lat="44.615237"><ele>183.639847</ele><time>2021-01-17T21:02:27Z</time><extensions><speed>1.619404</speed><course>32.614265</course><hAcc>0.933638</hAcc><vAcc>0.688559</vAcc></extensions></trkpt>
      <trkpt lon="-123.328989" lat="44.615226"><ele>183.687622</ele><time>2021-01-17T21:02:28Z</time><extensions><speed>1.658748</speed><course>32.614262</course><hAcc>0.933096</hAcc><vAcc>0.687894</vAcc></extensions></trkpt>
      <trkpt lon="-123.329003" lat="44.615215"><ele>183.761368</ele><time>2021-01-17T21:02:29Z</time><extensions><speed>1.697673</speed><course>32.614262</course><hAcc>0.932568</hAcc><vAcc>0.687252</vAcc></extensions></trkpt>
      <trkpt lon="-123.329018" lat="44.615203"><ele>183.857101</ele><time>2021-01-17T21:02:30Z</time><extensions><speed>1.732990</speed><course>32.614258</course><hAcc>0.932035</hAcc><vAcc>0.686632</vAcc></extensions></trkpt>
      <trkpt lon="-123.329032" lat="44.615192"><ele>183.969559</ele><time>2021-01-17T21:02:31Z</time><extensions><speed>1.761225</speed><course>32.614258</course><hAcc>0.931463</hAcc><vAcc>0.686017</vAcc></extensions></trkpt>
      <trkpt lon="-123.329047" lat="44.615180"><ele>184.092957</ele><time>2021-01-17T21:02:32Z</time><extensions><speed>1.779544</speed><course>32.614254</course><hAcc>0.930828</hAcc><vAcc>0.685391</vAcc></extensions></trkpt>
      <trkpt lon="-123.329062" lat="44.615168"><ele>184.221634</ele><time>2021-01-17T21:02:33Z</time><extensions><speed>1.786474</speed><course>32.614258</course><hAcc>0.930148</hAcc><vAcc>0.684761</vAcc></extensions></trkpt>
      <trkpt lon="-123.329077" lat="44.615155"><ele>184.349854</ele><time>2021-01-17T21:02:34Z</time><extensions><speed>1.781370</speed><course>32.614265</course><hAcc>0.929465</hAcc><vAcc>0.684150</vAcc></extensions></trkpt>
      <trkpt lon="-123.329091" lat="44.615143"><ele>184.471603</ele><time>2021-01-17T21:02:35Z</time><extensions><speed>1.764296</speed><course>32.614269</course><hAcc>0.928817</hAcc><vAcc>0.683582</vAcc></extensions></trkpt>
      <trkpt lon="-123.329105" lat="44.615131"><ele>184.581100</ele><time>2021-01-17T21:02:36Z</time><extensions><speed>1.736135</speed><course>342.351990</course><hAcc>0.928247</hAcc><vAcc>0.683092</vAcc></extensions></trkpt>
      <trkpt lon="-123.329119" lat="44.615119"><ele>184.672760</ele><time>2021-01-17T21:02:37Z</time><extensions><speed>1.698267</speed><course>337.796295</course><hAcc>0.927804</hAcc><vAcc>0.682723</vAcc></extensions></trkpt>
      <trkpt lon="-123.329132" lat="44.615107"><ele>184.741241</ele><time>2021-01-17T21:02:38Z</time><extensions><speed>1.652796</speed><course>347.943359</course><hAcc>0.927549</hAcc><vAcc>0.682534</vAcc></extensions></trkpt>
      <trkpt lon="-123.329144" lat="44.615096"><ele>184.782471</ele><time>2021-01-17T21:02:39Z</time><extensions><speed>1.602419</speed><course>358.102753</course><hAcc>0.927548</hAcc><vAcc>0.682593</vAcc></extensions></trkpt>
      <trkpt lon="-123.329156" lat="44.615084"><ele>184.794998</ele><time>2021-01-17T21:02:40Z</time><extensions><speed>1.550206</speed><course>7.456420</course><hAcc>0.927864</hAcc><vAcc>0.682964</vAcc></extensions></trkpt>
      <trkpt lon="-123.329168" lat="44.615073"><ele>184.780136</ele><time>2021-01-17T21:02:41Z</time><extensions><speed>1.499416</speed><course>9.521689</course><hAcc>0.928538</hAcc><vAcc>0.683692</vAcc></extensions></trkpt>
      <trkpt lon="-123.329178" lat="44.615062"><ele>184.741623</ele><time>2021-01-17T21:02:42Z</time><extensions><speed>1.453414</speed><course>16.817816</course><hAcc>0.929569</hAcc><vAcc>0.684777</vAcc></extensions></trkpt>
      <trkpt lon="-123.329189" lat="44.615052"><ele>184.684616</ele><time>2021-01-17T21:02:43Z</time><extensions><speed>1.413961</speed><course>16.817818</course><hAcc>0.930910</hAcc><vAcc>0.686171</vAcc></extensions></trkpt>
      <trkpt lon="-123.329199" lat="44.615042"><ele>184.614349</ele><time>2021-01-17T21:02:44Z</time><extensions><speed>1.380084</speed><course>24.052591</course><hAcc>0.932476</hAcc><vAcc>0.687792</vAcc></extensions></trkpt>
      <trkpt lon="-123.329209" lat="44.615032"><ele>184.534912</ele><time>2021-01-17T21:02:45Z</time><extensions><speed>1.350475</speed><course>11.736755</course><hAcc>0.934161</hAcc><vAcc>0.689530</vAcc></extensions></trkpt>
      <trkpt lon="-123.329219" lat="44.615022"><ele>184.449280</ele><time>2021-01-17T21:02:46Z</time><extensions><speed>1.324951</speed><course>0.949497</course><hAcc>0.935847</hAcc><vAcc>0.691268</vAcc></extensions></trkpt>
      <trkpt lon="-123.329229" lat="44.615013"><ele>184.359467</ele><time>2021-01-17T21:02:47Z</time><extensions><speed>1.303335</speed><course>4.513397</course><hAcc>0.937428</hAcc><vAcc>0.692899</vAcc></extensions></trkpt>
      <trkpt lon="-123.329239" lat="44.615004"><ele>184.266602</ele><time>2021-01-17T21:02:48Z</time><extensions><speed>1.285873</speed><course>12.763279</course><hAcc>0.938829</hAcc><vAcc>0.694345</vAcc></extensions></trkpt>
      <trkpt lon="-123.329250" lat="44.614995"><ele>184.171371</ele><time>2021-01-17T21:02:49Z</time><extensions><speed>1.273742</speed><course>13.694112</course><hAcc>0.940005</hAcc><vAcc>0.695562</vAcc></extensions></trkpt>
      <trkpt lon="-123.329260" lat="44.614986"><ele>184.074615</ele><time>2021-01-17T21:02:50Z</time><extensions><speed>1.267989</speed><course>27.425436</course><hAcc>0.940944</hAcc><vAcc>0.696538</vAcc></extensions></trkpt>
      <trkpt lon="-123.329271" lat="44.614978"><ele>183.977722</ele><time>2021-01-17T21:02:51Z</time><extensions><speed>1.269623</speed><course>44.544895</course><hAcc>0.941662</hAcc><vAcc>0.697289</vAcc></extensions></trkpt>
      <trkpt lon="-123.329282" lat="44.614969"><ele>183.883072</ele><time>2021-01-17T21:02:52Z</time><extensions><speed>1.279944</speed><course>43.953548</course><hAcc>0.942198</hAcc><vAcc>0.697851</vAcc></extensions></trkpt>
      <trkpt lon="-123.329293" lat="44.614961"><ele>183.794708</ele><time>2021-01-17T21:02:53Z</time><extensions><speed>1.300070</speed><course>33.423737</course><hAcc>0.942600</hAcc><vAcc>0.698275</vAcc></extensions></trkpt>
      <trkpt lon="-123.329305" lat="44.614953"><ele>183.718506</ele><time>2021-01-17T21:02:54Z</time><extensions><speed>1.330434</speed><course>19.472731</course><hAcc>0.942914</hAcc><vAcc>0.698608</vAcc></extensions></trkpt>
      <trkpt lon="-123.329317" lat="44.614944"><ele>183.660950</ele><time>2021-01-17T21:02:55Z</time><extensions><speed>1.369987</speed><course>336.606201</course><hAcc>0.943180</hAcc><vAcc>0.698887</vAcc></extensions></trkpt>
      <trkpt lon="-123.329329" lat="44.614935"><ele>183.627518</ele><time>2021-01-17T21:02:56Z</time><extensions><speed>1.415617</speed><course>-1.000000</course><hAcc>0.943420</hAcc><vAcc>0.699138</vAcc></extensions></trkpt>
      <trkpt lon="-123.329342" lat="44.614926"><ele>183.621155</ele><time>2021-01-17T21:02:57Z</time><extensions><speed>1.462585</speed><course>19.075764</course><hAcc>0.943640</hAcc><vAcc>0.699365</vAcc></extensions></trkpt>
      <trkpt lon="-123.329356" lat="44.614917"><ele>183.641357</ele><time>2021-01-17T21:02:58Z</time><extensions><speed>1.506707</speed><course>19.770679</course><hAcc>0.943831</hAcc><vAcc>0.699561</vAcc></extensions></trkpt>
      <trkpt lon="-123.329369" lat="44.614907"><ele>183.684860</ele><time>2021-01-17T21:02:59Z</time><extensions><speed>1.545109</speed><course>30.694021</course><hAcc>0.943972</hAcc><vAcc>0.699704</vAcc></extensions></trkpt>
      <trkpt lon="-123.329383" lat="44.614897"><ele>183.746262</ele><time>2021-01-17T21:03:00Z</time><extensions><speed>1.575800</speed><course>33.905830</course><hAcc>0.944044</hAcc><vAcc>0.699777</vAcc></extensions></trkpt>
      <trkpt lon="-123.329396" lat="44.614886"><ele>183.818817</ele><time>2021-01-17T21:03:01Z</time><extensions><speed>1.598849</speed><course>28.481947</course><hAcc>0.944038</hAcc><vAcc>0.699771</vAcc></extensions></trkpt>
      <trkpt lon="-123.329410" lat="44.614875"><ele>183.895432</ele><time>2021-01-17T21:03:02Z</time><extensions><speed>1.615799</speed><course>20.227327</course><hAcc>0.943956</hAcc><vAcc>0.699688</vAcc></extensions></trkpt>
      <trkpt lon="-123.329423" lat="44.614864"><ele>183.969162</ele><time>2021-01-17T21:03:03Z</time><extensions><speed>1.627828</speed><course>20.930477</course><hAcc>0.943808</hAcc><vAcc>0.699538</vAcc></extensions></trkpt>
      <trkpt lon="-123.329436" lat="44.614853"><ele>184.032639</ele><time>2021-01-17T21:03:04Z</time><extensions><speed>1.634813</speed><course>22.777246</course><hAcc>0.943614</hAcc><vAcc>0.699341</vAcc></extensions></trkpt>
      <trkpt lon="-123.329448" lat="44.614841"><ele>184.077713</ele><time>2021-01-17T21:03:05Z</time><extensions><speed>1.636173</speed><course>22.260338</course><hAcc>0.943401</hAcc><vAcc>0.699125</vAcc></extensions></trkpt>
      <trkpt lon="-123.329460" lat="44.614829"><ele>184.097031</ele><time>2021-01-17T21:03:06Z</time><extensions><speed>1.633640</speed><course>36.416206</course><hAcc>0.943200</hAcc><vAcc>0.698921</vAcc></extensions></trkpt>
      <trkpt lon="-123.329471" lat="44.614817"><ele>184.086227</ele><time>2021-01-17T21:03:07Z</time><extensions><speed>1.629582</speed><course>28.409096</course><hAcc>0.943036</hAcc><vAcc>0.698754</vAcc></extensions></trkpt>
      <trkpt lon="-123.329482" lat="44.614804"><ele>184.043976</ele><time>2021-01-17T21:03:08Z</time><extensions><speed>1.625125</speed><course>27.686800</course><hAcc>0.942922</hAcc><vAcc>0.698636</vAcc></extensions></trkpt>
      <trkpt lon="-123.329492" lat="44.614792"><ele>183.971100</ele><time>2021-01-17T21:03:09Z</time><extensions><speed>1.621547</speed><course>13.380077</course><hAcc>0.942861</hAcc><vAcc>0.698572</vAcc></extensions></trkpt>
      <trkpt lon="-123.329501" lat="44.614779"><ele>183.870468</ele><time>2021-01-17T21:03:10Z</time><extensions><speed>1.619873</speed><course>19.581583</course><hAcc>0.942846</hAcc><vAcc>0.698552</vAcc></extensions></trkpt>
      <trkpt lon="-123.329510" lat="44.614766"><ele>183.746460</ele><time>2021-01-17T21:03:11Z</time><extensions><speed>1.620671</speed><course>17.386871</course><hAcc>0.942856</hAcc><vAcc>0.698557</vAcc></extensions></trkpt>
      <trkpt lon="-123.329519" lat="44.614752"><ele>183.604263</ele><time>2021-01-17T21:03:12Z</time><extensions><speed>1.623709</speed><course>25.966225</course><hAcc>0.942861</hAcc><vAcc>0.698555</vAcc></extensions></trkpt>
      <trkpt lon="-123.329527" lat="44.614739"><ele>183.449371</ele><time>2021-01-17T21:03:13Z</time><extensions><speed>1.628336</speed><course>16.797083</course><hAcc>0.942819</hAcc><vAcc>0.698505</vAcc></extensions></trkpt>
      <trkpt lon="-123.329535" lat="44.614725"><ele>183.287247</ele><time>2021-01-17T21:03:14Z</time><extensions><speed>1.634363</speed><course>19.399496</course><hAcc>0.942689</hAcc><vAcc>0.698365</vAcc></extensions></trkpt>
      <trkpt lon="-123.329542" lat="44.614711"><ele>183.123215</ele><time>2021-01-17T21:03:15Z</time><extensions><speed>1.641838</speed><course>15.220662</course><hAcc>0.942437</hAcc><vAcc>0.698101</vAcc></extensions></trkpt>
      <trkpt lon="-123.329549" lat="44.614697"><ele>182.962555</ele><time>2021-01-17T21:03:16Z</time><extensions><speed>1.650902</speed><course>13.280706</course><hAcc>0.942045</hAcc><vAcc>0.697694</vAcc></extensions></trkpt>
      <trkpt lon="-123.329556" lat="44.614683"><ele>182.810425</ele><time>2021-01-17T21:03:17Z</time><extensions><speed>1.661731</speed><course>15.882345</course><hAcc>0.941515</hAcc><vAcc>0.697146</vAcc></extensions></trkpt>
      <trkpt lon="-123.329563" lat="44.614669"><ele>182.671906</ele><time>2021-01-17T21:03:18Z</time><extensions><speed>1.674604</speed><course>15.295407</course><hAcc>0.940864</hAcc><vAcc>0.696476</vAcc></extensions></trkpt>
      <trkpt lon="-123.329569" lat="44.614655"><ele>182.552063</ele><time>2021-01-17T21:03:19Z</time><extensions><speed>1.689829</speed><course>20.953781</course><hAcc>0.940124</hAcc><vAcc>0.695715</vAcc></extensions></trkpt>
      <trkpt lon="-123.329576" lat="44.614640"><ele>182.455780</ele><time>2021-01-17T21:03:20Z</time><extensions><speed>1.707381</speed><course>21.168362</course><hAcc>0.939331</hAcc><vAcc>0.694899</vAcc></extensions></trkpt>
      <trkpt lon="-123.329583" lat="44.614626"><ele>182.386963</ele><time>2021-01-17T21:03:21Z</time><extensions><speed>1.726707</speed><course>23.215904</course><hAcc>0.938523</hAcc><vAcc>0.694067</vAcc></extensions></trkpt>
      <trkpt lon="-123.329590" lat="44.614611"><ele>182.347870</ele><time>2021-01-17T21:03:22Z</time><extensions><speed>1.747042</speed><course>16.847422</course><hAcc>0.937741</hAcc><vAcc>0.693261</vAcc></extensions></trkpt>
      <trkpt lon="-123.329597" lat="44.614596"><ele>182.338409</ele><time>2021-01-17T21:03:23Z</time><extensions><speed>1.767099</speed><course>351.887756</course><hAcc>0.937016</hAcc><vAcc>0.692513</vAcc></extensions></trkpt>
      <trkpt lon="-123.329604" lat="44.614581"><ele>182.355698</ele><time>2021-01-17T21:03:24Z</time><extensions><speed>1.784852</speed><course>4.726057</course><hAcc>0.936369</hAcc><vAcc>0.691843</vAcc></extensions></trkpt>
      <trkpt lon="-123.329612" lat="44.614566"><ele>182.395065</ele><time>2021-01-17T21:03:25Z</time><extensions><speed>1.798360</speed><course>3.854409</course><hAcc>0.935800</hAcc><vAcc>0.691253</vAcc></extensions></trkpt>
      <trkpt lon="-123.329620" lat="44.614550"><ele>182.451187</ele><time>2021-01-17T21:03:26Z</time><extensions><speed>1.806354</speed><course>3.380179</course><hAcc>0.935299</hAcc><vAcc>0.690732</vAcc></extensions></trkpt>
      <trkpt lon="-123.329629" lat="44.614535"><ele>182.518692</ele><time>2021-01-17T21:03:27Z</time><extensions><speed>1.808280</speed><course>358.443420</course><hAcc>0.934843</hAcc><vAcc>0.690258</vAcc></extensions></trkpt>
      <trkpt lon="-123.329637" lat="44.614520"><ele>182.592178</ele><time>2021-01-17T21:03:28Z</time><extensions><speed>1.803317</speed><course>15.398484</course><hAcc>0.934417</hAcc><vAcc>0.689811</vAcc></extensions></trkpt>
      <trkpt lon="-123.329646" lat="44.614505"><ele>182.666290</ele><time>2021-01-17T21:03:29Z</time><extensions><speed>1.790206</speed><course>4.973345</course><hAcc>0.934011</hAcc><vAcc>0.689381</vAcc></extensions></trkpt>
      <trkpt lon="-123.329655" lat="44.614491"><ele>182.736374</ele><time>2021-01-17T21:03:30Z</time><extensions><speed>1.768364</speed><course>5.106340</course><hAcc>0.933627</hAcc><vAcc>0.688965</vAcc></extensions></trkpt>
      <trkpt lon="-123.329664" lat="44.614476"><ele>182.799667</ele><time>2021-01-17T21:03:31Z</time><extensions><speed>1.738044</speed><course>9.773874</course><hAcc>0.933277</hAcc><vAcc>0.688570</vAcc></extensions></trkpt>
      <trkpt lon="-123.329672" lat="44.614462"><ele>182.855148</ele><time>2021-01-17T21:03:32Z</time><extensions><speed>1.700253</speed><course>14.058640</course><hAcc>0.932978</hAcc><vAcc>0.688205</vAcc></extensions></trkpt>
      <trkpt lon="-123.329681" lat="44.614448"><ele>182.901855</ele><time>2021-01-17T21:03:33Z</time><extensions><speed>1.656394</speed><course>5.530648</course><hAcc>0.932737</hAcc><vAcc>0.687867</vAcc></extensions></trkpt>
      <trkpt lon="-123.329689" lat="44.614435"><ele>182.937836</ele><time>2021-01-17T21:03:34Z</time><extensions><speed>1.608022</speed><course>2.806995</course><hAcc>0.932540</hAcc><vAcc>0.687533</vAcc></extensions></trkpt>
      <trkpt lon="-123.329698" lat="44.614422"><ele>182.960190</ele><time>2021-01-17T21:03:35Z</time><extensions><speed>1.557183</speed><course>6.279364</course><hAcc>0.932366</hAcc><vAcc>0.687171</vAcc></extensions></trkpt>
      <trkpt lon="-123.329706" lat="44.614409"><ele>182.965668</ele><time>2021-01-17T21:03:36Z</time><extensions><speed>1.505755</speed><course>6.787712</course><hAcc>0.932196</hAcc><vAcc>0.686752</vAcc></extensions></trkpt>
      <trkpt lon="-123.329714" lat="44.614397"><ele>182.951050</ele><time>2021-01-17T21:03:37Z</time><extensions><speed>1.455152</speed><course>6.715905</course><hAcc>0.932025</hAcc><vAcc>0.686266</vAcc></extensions></trkpt>
      <trkpt lon="-123.329722" lat="44.614386"><ele>182.913635</ele><time>2021-01-17T21:03:38Z</time><extensions><speed>1.405977</speed><course>-1.000000</course><hAcc>0.931870</hAcc><vAcc>0.685730</vAcc></extensions></trkpt>
      <trkpt lon="-123.329730" lat="44.614375"><ele>182.852585</ele><time>2021-01-17T21:03:39Z</time><extensions><speed>1.359843</speed><course>351.007507</course><hAcc>0.931767</hAcc><vAcc>0.685197</vAcc></extensions></trkpt>
      <trkpt lon="-123.329737" lat="44.614364"><ele>182.770020</ele><time>2021-01-17T21:03:40Z</time><extensions><speed>1.319146</speed><course>358.376282</course><hAcc>0.931769</hAcc><vAcc>0.684743</vAcc></extensions></trkpt>
      <trkpt lon="-123.329745" lat="44.614354"><ele>182.669876</ele><time>2021-01-17T21:03:41Z</time><extensions><speed>1.284452</speed><course>17.655634</course><hAcc>0.931912</hAcc><vAcc>0.684455</vAcc></extensions></trkpt>
      <trkpt lon="-123.329752" lat="44.614343"><ele>182.556122</ele><time>2021-01-17T21:03:42Z</time><extensions><speed>1.255507</speed><course>15.716309</course><hAcc>0.932196</hAcc><vAcc>0.684391</vAcc></extensions></trkpt>
      <trkpt lon="-123.329759" lat="44.614333"><ele>182.431946</ele><time>2021-01-17T21:03:43Z</time><extensions><speed>1.232170</speed><course>3.527421</course><hAcc>0.932576</hAcc><vAcc>0.684576</vAcc></extensions></trkpt>
      <trkpt lon="-123.329765" lat="44.614323"><ele>182.299286</ele><time>2021-01-17T21:03:44Z</time><extensions><speed>1.214370</speed><course>4.341080</course><hAcc>0.932999</hAcc><vAcc>0.684996</vAcc></extensions></trkpt>
      <trkpt lon="-123.329772" lat="44.614314"><ele>182.159409</ele><time>2021-01-17T21:03:45Z</time><extensions><speed>1.202895</speed><course>10.826325</course><hAcc>0.933415</hAcc><vAcc>0.685605</vAcc></extensions></trkpt>
      <trkpt lon="-123.329779" lat="44.614304"><ele>182.013184</ele><time>2021-01-17T21:03:46Z</time><extensions><speed>1.197716</speed><course>13.899452</course><hAcc>0.933790</hAcc><vAcc>0.686331</vAcc></extensions></trkpt>
      <trkpt lon="-123.329785" lat="44.614294"><ele>181.860855</ele><time>2021-01-17T21:03:47Z</time><extensions><speed>1.197710</speed><course>14.850431</course><hAcc>0.934112</hAcc><vAcc>0.687094</vAcc></extensions></trkpt>
      <trkpt lon="-123.329791" lat="44.614284"><ele>181.701828</ele><time>2021-01-17T21:03:48Z</time><extensions><speed>1.203063</speed><course>15.578407</course><hAcc>0.934375</hAcc><vAcc>0.687824</vAcc></extensions></trkpt>
      <trkpt lon="-123.329798" lat="44.614275"><ele>181.534531</ele><time>2021-01-17T21:03:49Z</time><extensions><speed>1.213560</speed><course>20.904366</course><hAcc>0.934571</hAcc><vAcc>0.688463</vAcc></extensions></trkpt>
      <trkpt lon="-123.329805" lat="44.614265"><ele>181.356400</ele><time>2021-01-17T21:03:50Z</time><extensions><speed>1.227686</speed><course>8.054509</course><hAcc>0.934696</hAcc><vAcc>0.688977</vAcc></extensions></trkpt>
      <trkpt lon="-123.329812" lat="44.614255"><ele>181.164719</ele><time>2021-01-17T21:03:51Z</time><extensions><speed>1.244097</speed><course>25.721579</course><hAcc>0.934747</hAcc><vAcc>0.689349</vAcc></extensions></trkpt>
      <trkpt lon="-123.329819" lat="44.614245"><ele>180.957413</ele><time>2021-01-17T21:03:52Z</time><extensions><speed>1.262030</speed><course>24.534700</course><hAcc>0.934722</hAcc><vAcc>0.689574</vAcc></extensions></trkpt>
      <trkpt lon="-123.329826" lat="44.614234"><ele>180.733353</ele><time>2021-01-17T21:03:53Z</time><extensions><speed>1.281840</speed><course>34.704262</course><hAcc>0.934616</hAcc><vAcc>0.689654</vAcc></extensions></trkpt>
      <trkpt lon="-123.329834" lat="44.614224"><ele>180.492676</ele><time>2021-01-17T21:03:54Z</time><extensions><speed>1.304923</speed><course>17.177271</course><hAcc>0.934430</hAcc><vAcc>0.689597</vAcc></extensions></trkpt>
      <trkpt lon="-123.329842" lat="44.614214"><ele>180.236725</ele><time>2021-01-17T21:03:55Z</time><extensions><speed>1.331839</speed><course>2.493475</course><hAcc>0.934175</hAcc><vAcc>0.689427</vAcc></extensions></trkpt>
      <trkpt lon="-123.329850" lat="44.614203"><ele>179.967255</ele><time>2021-01-17T21:03:56Z</time><extensions><speed>1.361656</speed><course>12.016204</course><hAcc>0.933878</hAcc><vAcc>0.689182</vAcc></extensions></trkpt>
      <trkpt lon="-123.329858" lat="44.614192"><ele>179.685730</ele><time>2021-01-17T21:03:57Z</time><extensions><speed>1.392145</speed><course>357.955414</course><hAcc>0.933589</hAcc><vAcc>0.688922</vAcc></extensions></trkpt>
      <trkpt lon="-123.329866" lat="44.614181"><ele>179.393311</ele><time>2021-01-17T21:03:58Z</time><extensions><speed>1.420738</speed><course>357.610077</course><hAcc>0.933366</hAcc><vAcc>0.688713</vAcc></extensions></trkpt>
      <trkpt lon="-123.329875" lat="44.614170"><ele>179.092575</ele><time>2021-01-17T21:03:59Z</time><extensions><speed>1.444148</speed><course>9.452699</course><hAcc>0.933256</hAcc><vAcc>0.688609</vAcc></extensions></trkpt>
      <trkpt lon="-123.329884" lat="44.614158"><ele>178.787399</ele><time>2021-01-17T21:04:00Z</time><extensions><speed>1.458237</speed><course>10.514545</course><hAcc>0.933278</hAcc><vAcc>0.688632</vAcc></extensions></trkpt>
      <trkpt lon="-123.329893" lat="44.614147"><ele>178.481277</ele><time>2021-01-17T21:04:01Z</time><extensions><speed>1.460939</speed><course>19.109415</course><hAcc>0.933412</hAcc><vAcc>0.688768</vAcc></extensions></trkpt>
      <trkpt lon="-123.329903" lat="44.614136"><ele>178.176834</ele><time>2021-01-17T21:04:02Z</time><extensions><speed>1.452984</speed><course>17.553095</course><hAcc>0.933612</hAcc><vAcc>0.688970</vAcc></extensions></trkpt>
      <trkpt lon="-123.329912" lat="44.614124"><ele>177.876144</ele><time>2021-01-17T21:04:03Z</time><extensions><speed>1.436005</speed><course>7.996813</course><hAcc>0.933827</hAcc><vAcc>0.689188</vAcc></extensions></trkpt>
      <trkpt lon="-123.329920" lat="44.614113"><ele>177.580948</ele><time>2021-01-17T21:04:04Z</time><extensions><speed>1.412015</speed><course>344.595734</course><hAcc>0.934022</hAcc><vAcc>0.689387</vAcc></extensions></trkpt>
      <trkpt lon="-123.329929" lat="44.614102"><ele>177.292664</ele><time>2021-01-17T21:04:05Z</time><extensions><speed>1.383890</speed><course>350.086609</course><hAcc>0.934180</hAcc><vAcc>0.689551</vAcc></extensions></trkpt>
      <trkpt lon="-123.329937" lat="44.614091"><ele>177.012939</ele><time>2021-01-17T21:04:06Z</time><extensions><speed>1.355450</speed><course>8.948412</course><hAcc>0.934306</hAcc><vAcc>0.689683</vAcc></extensions></trkpt>
      <trkpt lon="-123.329945" lat="44.614081"><ele>176.744446</ele><time>2021-01-17T21:04:07Z</time><extensions><speed>1.330744</speed><course>19.298494</course><hAcc>0.934411</hAcc><vAcc>0.689796</vAcc></extensions></trkpt>
      <trkpt lon="-123.329952" lat="44.614070"><ele>176.491257</ele><time>2021-01-17T21:04:08Z</time><extensions><speed>1.313609</speed><course>19.923645</course><hAcc>0.934513</hAcc><vAcc>0.689905</vAcc></extensions></trkpt>
      <trkpt lon="-123.329960" lat="44.614059"><ele>176.258347</ele><time>2021-01-17T21:04:09Z</time><extensions><speed>1.306754</speed><course>19.644588</course><hAcc>0.934628</hAcc><vAcc>0.690027</vAcc></extensions></trkpt>
      <trkpt lon="-123.329967" lat="44.614049"><ele>176.050232</ele><time>2021-01-17T21:04:10Z</time><extensions><speed>1.311257</speed><course>7.344317</course><hAcc>0.934772</hAcc><vAcc>0.690175</vAcc></extensions></trkpt>
      <trkpt lon="-123.329974" lat="44.614038"><ele>175.870590</ele><time>2021-01-17T21:04:11Z</time><extensions><speed>1.326959</speed><course>359.798065</course><hAcc>0.934951</hAcc><vAcc>0.690356</vAcc></extensions></trkpt>
      <trkpt lon="-123.329982" lat="44.614027"><ele>175.722717</ele><time>2021-01-17T21:04:12Z</time><extensions><speed>1.353088</speed><course>355.754547</course><hAcc>0.935161</hAcc><vAcc>0.690564</vAcc></extensions></trkpt>
      <trkpt lon="-123.329990" lat="44.614016"><ele>175.609146</ele><time>2021-01-17T21:04:13Z</time><extensions><speed>1.388765</speed><course>355.165741</course><hAcc>0.935392</hAcc><vAcc>0.690786</vAcc></extensions></trkpt>
      <trkpt lon="-123.329998" lat="44.614005"><ele>175.531036</ele><time>2021-01-17T21:04:14Z</time><extensions><speed>1.432551</speed><course>6.675624</course><hAcc>0.935630</hAcc><vAcc>0.691006</vAcc></extensions></trkpt>
      <trkpt lon="-123.330006" lat="44.613994"><ele>175.487869</ele><time>2021-01-17T21:04:15Z</time><extensions><speed>1.482196</speed><course>21.506580</course><hAcc>0.935857</hAcc><vAcc>0.691205</vAcc></extensions></trkpt>
      <trkpt lon="-123.330015" lat="44.613982"><ele>175.477493</ele><time>2021-01-17T21:04:16Z</time><extensions><speed>1.535038</speed><course>26.707270</course><hAcc>0.936042</hAcc><vAcc>0.691346</vAcc></extensions></trkpt>
      <trkpt lon="-123.330025" lat="44.613969"><ele>175.496658</ele><time>2021-01-17T21:04:17Z</time><extensions><speed>1.588700</speed><course>34.782810</course><hAcc>0.936132</hAcc><vAcc>0.691378</vAcc></extensions></trkpt>
      <trkpt lon="-123.330034" lat="44.613956"><ele>175.541595</ele><time>2021-01-17T21:04:18Z</time><extensions><speed>1.640262</speed><course>21.868567</course><hAcc>0.936072</hAcc><vAcc>0.691243</vAcc></extensions></trkpt>
      <trkpt lon="-123.330044" lat="44.613943"><ele>175.608368</ele><time>2021-01-17T21:04:19Z</time><extensions><speed>1.686865</speed><course>18.142136</course><hAcc>0.935818</hAcc><vAcc>0.690900</vAcc></extensions></trkpt>
      <trkpt lon="-123.330055" lat="44.613930"><ele>175.692642</ele><time>2021-01-17T21:04:20Z</time><extensions><speed>1.727247</speed><course>19.376703</course><hAcc>0.935356</hAcc><vAcc>0.690341</vAcc></extensions></trkpt>
      <trkpt lon="-123.330065" lat="44.613916"><ele>175.789810</ele><time>2021-01-17T21:04:21Z</time><extensions><speed>1.761720</speed><course>10.235863</course><hAcc>0.934708</hAcc><vAcc>0.689595</vAcc></extensions></trkpt>
      <trkpt lon="-123.330075" lat="44.613902"><ele>175.895004</ele><time>2021-01-17T21:04:22Z</time><extensions><speed>1.791022</speed><course>5.256434</course><hAcc>0.933933</hAcc><vAcc>0.688733</vAcc></extensions></trkpt>
      <trkpt lon="-123.330085" lat="44.613887"><ele>176.003372</ele><time>2021-01-17T21:04:23Z</time><extensions><speed>1.816092</speed><course>4.258464</course><hAcc>0.933126</hAcc><vAcc>0.687866</vAcc></extensions></trkpt>
      <trkpt lon="-123.330094" lat="44.613872"><ele>176.110626</ele><time>2021-01-17T21:04:24Z</time><extensions><speed>1.838594</speed><course>29.015453</course><hAcc>0.932409</hAcc><vAcc>0.687129</vAcc></extensions></trkpt>
      <trkpt lon="-123.330104" lat="44.613857"><ele>176.213516</ele><time>2021-01-17T21:04:25Z</time><extensions><speed>1.859146</speed><course>0.320250</course><hAcc>0.931913</hAcc><vAcc>0.686653</vAcc></extensions></trkpt>
      <trkpt lon="-123.330113" lat="44.613841"><ele>176.309372</ele><time>2021-01-17T21:04:26Z</time><extensions><speed>1.875897</speed><course>1.254540</course><hAcc>0.931766</hAcc><vAcc>0.686554</vAcc></extensions></trkpt>
      <trkpt lon="-123.330122" lat="44.613826"><ele>176.395462</ele><time>2021-01-17T21:04:27Z</time><extensions><speed>1.886855</speed><course>5.714159</course><hAcc>0.932058</hAcc><vAcc>0.686904</vAcc></extensions></trkpt>
      <trkpt lon="-123.330130" lat="44.613810"><ele>176.469421</ele><time>2021-01-17T21:04:28Z</time><extensions><speed>1.891048</speed><course>14.847340</course><hAcc>0.932810</hAcc><vAcc>0.687707</vAcc></extensions></trkpt>
      <trkpt lon="-123.330139" lat="44.613794"><ele>176.529480</ele><time>2021-01-17T21:04:29Z</time><extensions><speed>1.889075</speed><course>24.189953</course><hAcc>0.933983</hAcc><vAcc>0.688902</vAcc></extensions></trkpt>
      <trkpt lon="-123.330147" lat="44.613778"><ele>176.574234</ele><time>2021-01-17T21:04:30Z</time><extensions><speed>1.881936</speed><course>15.798389</course><hAcc>0.935501</hAcc><vAcc>0.690387</vAcc></extensions></trkpt>
      <trkpt lon="-123.330155" lat="44.613762"><ele>176.602051</ele><time>2021-01-17T21:04:31Z</time><extensions><speed>1.869638</speed><course>11.776335</course><hAcc>0.937294</hAcc><vAcc>0.692062</vAcc></extensions></trkpt>
      <trkpt lon="-123.330163" lat="44.613746"><ele>176.611099</ele><time>2021-01-17T21:04:32Z</time><extensions><speed>1.852248</speed><course>15.153724</course><hAcc>0.939311</hAcc><vAcc>0.693846</vAcc></extensions></trkpt>
      <trkpt lon="-123.330171" lat="44.613731"><ele>176.599213</ele><time>2021-01-17T21:04:33Z</time><extensions><speed>1.829551</speed><course>19.601765</course><hAcc>0.941527</hAcc><vAcc>0.695682</vAcc></extensions></trkpt>
      <trkpt lon="-123.330178" lat="44.613715"><ele>176.563858</ele><time>2021-01-17T21:04:34Z</time><extensions><speed>1.801565</speed><course>20.463732</course><hAcc>0.943933</hAcc><vAcc>0.697534</vAcc></extensions></trkpt>
      <trkpt lon="-123.330186" lat="44.613700"><ele>176.502029</ele><time>2021-01-17T21:04:35Z</time><extensions><speed>1.769237</speed><course>11.560002</course><hAcc>0.946530</hAcc><vAcc>0.699386</vAcc></extensions></trkpt>
      <trkpt lon="-123.330194" lat="44.613686"><ele>176.411026</ele><time>2021-01-17T21:04:36Z</time><extensions><speed>1.734010</speed><course>358.557037</course><hAcc>0.949319</hAcc><vAcc>0.701237</vAcc></extensions></trkpt>
      <trkpt lon="-123.330203" lat="44.613671"><ele>176.289444</ele><time>2021-01-17T21:04:37Z</time><extensions><speed>1.697587</speed><course>359.068207</course><hAcc>0.952263</hAcc><vAcc>0.703076</vAcc></extensions></trkpt>
      <trkpt lon="-123.330211" lat="44.613657"><ele>176.137360</ele><time>2021-01-17T21:04:38Z</time><extensions><speed>1.661665</speed><course>17.672836</course><hAcc>0.955260</hAcc><vAcc>0.704863</vAcc></extensions></trkpt>
      <trkpt lon="-123.330219" lat="44.613644"><ele>175.964203</ele><time>2021-01-17T21:04:39Z</time><extensions><speed>1.623760</speed><course>10.993678</course><hAcc>0.958050</hAcc><vAcc>0.706433</vAcc></extensions></trkpt>
      <trkpt lon="-123.330228" lat="44.613631"><ele>175.758759</ele><time>2021-01-17T21:04:40Z</time><extensions><speed>1.592339</speed><course>337.912598</course><hAcc>0.960442</hAcc><vAcc>0.707734</vAcc></extensions></trkpt>
      <trkpt lon="-123.330237" lat="44.613618"><ele>175.528534</ele><time>2021-01-17T21:04:41Z</time><extensions><speed>1.563459</speed><course>328.787323</course><hAcc>0.962141</hAcc><vAcc>0.708608</vAcc></extensions></trkpt>
      <trkpt lon="-123.330246" lat="44.613606"><ele>175.275223</ele><time>2021-01-17T21:04:42Z</time><extensions><speed>1.537014</speed><course>323.342255</course><hAcc>0.962919</hAcc><vAcc>0.708939</vAcc></extensions></trkpt>
      <trkpt lon="-123.330256" lat="44.613594"><ele>175.001312</ele><time>2021-01-17T21:04:43Z</time><extensions><speed>1.513953</speed><course>329.981110</course><hAcc>0.962659</hAcc><vAcc>0.708676</vAcc></extensions></trkpt>
      <trkpt lon="-123.330265" lat="44.613582"><ele>174.710526</ele><time>2021-01-17T21:04:44Z</time><extensions><speed>1.495809</speed><course>318.782928</course><hAcc>0.961389</hAcc><vAcc>0.707850</vAcc></extensions></trkpt>
      <trkpt lon="-123.330276" lat="44.613571"><ele>174.408203</ele><time>2021-01-17T21:04:45Z</time><extensions><speed>1.484171</speed><course>320.262054</course><hAcc>0.959284</hAcc><vAcc>0.706569</vAcc></extensions></trkpt>
      <trkpt lon="-123.330286" lat="44.613560"><ele>174.101624</ele><time>2021-01-17T21:04:46Z</time><extensions><speed>1.479966</speed><course>303.152191</course><hAcc>0.956615</hAcc><vAcc>0.704992</vAcc></extensions></trkpt>
      <trkpt lon="-123.330297" lat="44.613549"><ele>173.799759</ele><time>2021-01-17T21:04:47Z</time><extensions><speed>1.484116</speed><course>327.206940</course><hAcc>0.953684</hAcc><vAcc>0.703289</vAcc></extensions></trkpt>
      <trkpt lon="-123.330308" lat="44.613538"><ele>173.512558</ele><time>2021-01-17T21:04:48Z</time><extensions><speed>1.497274</speed><course>342.358002</course><hAcc>0.950779</hAcc><vAcc>0.701615</vAcc></extensions></trkpt>
      <trkpt lon="-123.330320" lat="44.613528"><ele>173.249573</ele><time>2021-01-17T21:04:49Z</time><extensions><speed>1.518149</speed><course>334.109283</course><hAcc>0.948119</hAcc><vAcc>0.700087</vAcc></extensions></trkpt>
      <trkpt lon="-123.330332" lat="44.613517"><ele>173.018448</ele><time>2021-01-17T21:04:50Z</time><extensions><speed>1.544454</speed><course>321.846436</course><hAcc>0.945828</hAcc><vAcc>0.698768</vAcc></extensions></trkpt>
      <trkpt lon="-123.330344" lat="44.613506"><ele>172.824295</ele><time>2021-01-17T21:04:51Z</time><extensions><speed>1.574520</speed><course>331.069336</course><hAcc>0.943947</hAcc><vAcc>0.697676</vAcc></extensions></trkpt>
      <trkpt lon="-123.330357" lat="44.613495"><ele>172.669540</ele><time>2021-01-17T21:04:52Z</time><extensions><speed>1.605756</speed><course>349.652222</course><hAcc>0.942461</hAcc><vAcc>0.696796</vAcc></extensions></trkpt>
      <trkpt lon="-123.330370" lat="44.613484"><ele>172.553894</ele><time>2021-01-17T21:04:53Z</time><extensions><speed>1.634927</speed><course>346.032501</course><hAcc>0.941323</hAcc><vAcc>0.696101</vAcc></extensions></trkpt>
      <trkpt lon="-123.330383" lat="44.613472"><ele>172.474823</ele><time>2021-01-17T21:04:54Z</time><extensions><speed>1.659943</speed><course>354.997650</course><hAcc>0.940467</hAcc><vAcc>0.695552</vAcc></extensions></trkpt>
      <trkpt lon="-123.330396" lat="44.613460"><ele>172.428238</ele><time>2021-01-17T21:04:55Z</time><extensions><speed>1.679993</speed><course>356.896423</course><hAcc>0.939830</hAcc><vAcc>0.695118</vAcc></extensions></trkpt>
      <trkpt lon="-123.330409" lat="44.613449"><ele>172.409271</ele><time>2021-01-17T21:04:56Z</time><extensions><speed>1.695432</speed><course>352.744293</course><hAcc>0.939363</hAcc><vAcc>0.694776</vAcc></extensions></trkpt>
      <trkpt lon="-123.330422" lat="44.613436"><ele>172.412735</ele><time>2021-01-17T21:04:57Z</time><extensions><speed>1.706952</speed><course>353.728302</course><hAcc>0.939035</hAcc><vAcc>0.694518</vAcc></extensions></trkpt>
      <trkpt lon="-123.330435" lat="44.613424"><ele>172.432800</ele><time>2021-01-17T21:04:58Z</time><extensions><speed>1.714821</speed><course>344.277985</course><hAcc>0.938825</hAcc><vAcc>0.694344</vAcc></extensions></trkpt>
      <trkpt lon="-123.330448" lat="44.613411"><ele>172.463135</ele><time>2021-01-17T21:04:59Z</time><extensions><speed>1.719450</speed><course>339.324097</course><hAcc>0.938720</hAcc><vAcc>0.694254</vAcc></extensions></trkpt>
      <trkpt lon="-123.330460" lat="44.613399"><ele>172.496857</ele><time>2021-01-17T21:05:00Z</time><extensions><speed>1.721276</speed><course>335.668732</course><hAcc>0.938704</hAcc><vAcc>0.694242</vAcc></extensions></trkpt>
      <trkpt lon="-123.330472" lat="44.613386"><ele>172.526810</ele><time>2021-01-17T21:05:01Z</time><extensions><speed>1.720286</speed><course>19.137600</course><hAcc>0.938754</hAcc><vAcc>0.694289</vAcc></extensions></trkpt>
      <trkpt lon="-123.330483" lat="44.613373"><ele>172.545502</ele><time>2021-01-17T21:05:02Z</time><extensions><speed>1.716004</speed><course>15.162264</course><hAcc>0.938832</hAcc><vAcc>0.694361</vAcc></extensions></trkpt>
      <trkpt lon="-123.330494" lat="44.613359"><ele>172.545486</ele><time>2021-01-17T21:05:03Z</time><extensions><speed>1.707612</speed><course>340.365265</course><hAcc>0.938895</hAcc><vAcc>0.694416</vAcc></extensions></trkpt>
      <trkpt lon="-123.330505" lat="44.613346"><ele>172.520142</ele><time>2021-01-17T21:05:04Z</time><extensions><speed>1.694461</speed><course>323.631226</course><hAcc>0.938901</hAcc><vAcc>0.694408</vAcc></extensions></trkpt>
      <trkpt lon="-123.330515" lat="44.613333"><ele>172.464462</ele><time>2021-01-17T21:05:05Z</time><extensions><speed>1.676730</speed><course>325.111572</course><hAcc>0.938811</hAcc><vAcc>0.694297</vAcc></extensions></trkpt>
      <trkpt lon="-123.330524" lat="44.613319"><ele>172.376068</ele><time>2021-01-17T21:05:06Z</time><extensions><speed>1.655326</speed><course>325.753937</course><hAcc>0.938596</hAcc><vAcc>0.694048</vAcc></extensions></trkpt>
      <trkpt lon="-123.330533" lat="44.613306"><ele>172.255249</ele><time>2021-01-17T21:05:07Z</time><extensions><speed>1.631564</speed><course>347.040100</course><hAcc>0.938237</hAcc><vAcc>0.693637</vAcc></extensions></trkpt>
      <trkpt lon="-123.330541" lat="44.613293"><ele>172.104874</ele><time>2021-01-17T21:05:08Z</time><extensions><speed>1.606991</speed><course>336.479706</course><hAcc>0.937733</hAcc><vAcc>0.693057</vAcc></extensions></trkpt>
      <trkpt lon="-123.330549" lat="44.613279"><ele>171.930008</ele><time>2021-01-17T21:05:09Z</time><extensions><speed>1.582876</speed><course>334.665253</course><hAcc>0.937102</hAcc><vAcc>0.692317</vAcc></extensions></trkpt>
      <trkpt lon="-123.330555" lat="44.613266"><ele>171.736969</ele><time>2021-01-17T21:05:10Z</time><extensions><speed>1.560051</speed><course>346.298676</course><hAcc>0.936383</hAcc><vAcc>0.691450</vAcc></extensions></trkpt>
      <trkpt lon="-123.330562" lat="44.613253"><ele>171.532532</ele><time>2021-01-17T21:05:11Z</time><extensions><speed>1.539622</speed><course>351.344086</course><hAcc>0.935637</hAcc><vAcc>0.690508</vAcc></extensions></trkpt>
      <trkpt lon="-123.330567" lat="44.613240"><ele>171.323792</ele><time>2021-01-17T21:05:12Z</time><extensions><speed>1.522934</speed><course>345.695251</course><hAcc>0.934932</hAcc><vAcc>0.689558</vAcc></extensions></trkpt>
      <trkpt lon="-123.330573" lat="44.613226"><ele>171.117828</ele><time>2021-01-17T21:05:13Z</time><extensions><speed>1.511424</speed><course>345.756622</course><hAcc>0.934331</hAcc><vAcc>0.688661</vAcc></extensions></trkpt>
      <trkpt lon="-123.330578" lat="44.613213"><ele>170.921204</ele><time>2021-01-17T21:05:14Z</time><extensions><speed>1.505343</speed><course>310.426880</course><hAcc>0.933880</hAcc><vAcc>0.687871</vAcc></extensions></trkpt>
      <trkpt lon="-123.330582" lat="44.613200"><ele>170.739609</ele><time>2021-01-17T21:05:15Z</time><extensions><speed>1.503499</speed><course>323.068207</course><hAcc>0.933613</hAcc><vAcc>0.687240</vAcc></extensions></trkpt>
      <trkpt lon="-123.330587" lat="44.613187"><ele>170.577393</ele><time>2021-01-17T21:05:16Z</time><extensions><speed>1.505181</speed><course>323.640228</course><hAcc>0.933550</hAcc><vAcc>0.686817</vAcc></extensions></trkpt>
      <trkpt lon="-123.330591" lat="44.613174"><ele>170.437469</ele><time>2021-01-17T21:05:17Z</time><extensions><speed>1.510707</speed><course>324.375031</course><hAcc>0.933679</hAcc><vAcc>0.686627</vAcc></extensions></trkpt>
      <trkpt lon="-123.330596" lat="44.613161"><ele>170.321136</ele><time>2021-01-17T21:05:18Z</time><extensions><speed>1.519990</speed><course>330.056274</course><hAcc>0.933958</hAcc><vAcc>0.686664</vAcc></extensions></trkpt>
      <trkpt lon="-123.330600" lat="44.613147"><ele>170.228256</ele><time>2021-01-17T21:05:19Z</time><extensions><speed>1.532716</speed><course>334.289490</course><hAcc>0.934327</hAcc><vAcc>0.686888</vAcc></extensions></trkpt>
      <trkpt lon="-123.330604" lat="44.613134"><ele>170.157806</ele><time>2021-01-17T21:05:20Z</time><extensions><speed>1.548893</speed><course>317.251068</course><hAcc>0.934718</hAcc><vAcc>0.687235</vAcc></extensions></trkpt>
      <trkpt lon="-123.330608" lat="44.613120"><ele>170.108582</ele><time>2021-01-17T21:05:21Z</time><extensions><speed>1.568326</speed><course>314.664612</course><hAcc>0.935079</hAcc><vAcc>0.687642</vAcc></extensions></trkpt>
      <trkpt lon="-123.330612" lat="44.613106"><ele>170.079132</ele><time>2021-01-17T21:05:22Z</time><extensions><speed>1.589498</speed><course>299.662872</course><hAcc>0.935382</hAcc><vAcc>0.688061</vAcc></extensions></trkpt>
      <trkpt lon="-123.330616" lat="44.613092"><ele>170.067184</ele><time>2021-01-17T21:05:23Z</time><extensions><speed>1.610763</speed><course>301.210419</course><hAcc>0.935640</hAcc><vAcc>0.688468</vAcc></extensions></trkpt>
      <trkpt lon="-123.330620" lat="44.613078"><ele>170.070068</ele><time>2021-01-17T21:05:24Z</time><extensions><speed>1.631952</speed><course>317.702026</course><hAcc>0.935881</hAcc><vAcc>0.688857</vAcc></extensions></trkpt>
      <trkpt lon="-123.330624" lat="44.613063"><ele>170.085144</ele><time>2021-01-17T21:05:25Z</time><extensions><speed>1.652921</speed><course>324.278687</course><hAcc>0.936129</hAcc><vAcc>0.689232</vAcc></extensions></trkpt>
      <trkpt lon="-123.330627" lat="44.613048"><ele>170.109482</ele><time>2021-01-17T21:05:26Z</time><extensions><speed>1.673556</speed><course>326.223267</course><hAcc>0.936396</hAcc><vAcc>0.689608</vAcc></extensions></trkpt>
      <trkpt lon="-123.330631" lat="44.613033"><ele>170.139359</ele><time>2021-01-17T21:05:27Z</time><extensions><speed>1.693934</speed><course>355.735809</course><hAcc>0.936689</hAcc><vAcc>0.690015</vAcc></extensions></trkpt>
      <trkpt lon="-123.330636" lat="44.613018"><ele>170.170395</ele><time>2021-01-17T21:05:28Z</time><extensions><speed>1.714053</speed><course>343.750488</course><hAcc>0.937021</hAcc><vAcc>0.690495</vAcc></extensions></trkpt>
      <trkpt lon="-123.330640" lat="44.613003"><ele>170.198242</ele><time>2021-01-17T21:05:29Z</time><extensions><speed>1.732965</speed><course>323.864716</course><hAcc>0.937411</hAcc><vAcc>0.691088</vAcc></extensions></trkpt>
      <trkpt lon="-123.330644" lat="44.612988"><ele>170.220276</ele><time>2021-01-17T21:05:30Z</time><extensions><speed>1.749619</speed><course>318.080750</course><hAcc>0.937888</hAcc><vAcc>0.691822</vAcc></extensions></trkpt>
      <trkpt lon="-123.330649" lat="44.612972"><ele>170.236649</ele><time>2021-01-17T21:05:31Z</time><extensions><speed>1.763228</speed><course>-1.000000</course><hAcc>0.938481</hAcc><vAcc>0.692701</vAcc></extensions></trkpt>
      <trkpt lon="-123.330653" lat="44.612957"><ele>170.249161</ele><time>2021-01-17T21:05:32Z</time><extensions><speed>1.773514</speed><course>331.250336</course><hAcc>0.939190</hAcc><vAcc>0.693696</vAcc></extensions></trkpt>
      <trkpt lon="-123.330658" lat="44.612941"><ele>170.259979</ele><time>2021-01-17T21:05:33Z</time><extensions><speed>1.781092</speed><course>356.449799</course><hAcc>0.939980</hAcc><vAcc>0.694752</vAcc></extensions></trkpt>
      <trkpt lon="-123.330662" lat="44.612925"><ele>170.270706</ele><time>2021-01-17T21:05:34Z</time><extensions><speed>1.786634</speed><course>358.664978</course><hAcc>0.940795</hAcc><vAcc>0.695800</vAcc></extensions></trkpt>
      <trkpt lon="-123.330667" lat="44.612910"><ele>170.281891</ele><time>2021-01-17T21:05:35Z</time><extensions><speed>1.790056</speed><course>2.871100</course><hAcc>0.941580</hAcc><vAcc>0.696778</vAcc></extensions></trkpt>
      <trkpt lon="-123.330672" lat="44.612894"><ele>170.292694</ele><time>2021-01-17T21:05:36Z</time><extensions><speed>1.790484</speed><course>359.444336</course><hAcc>0.942288</hAcc><vAcc>0.697641</vAcc></extensions></trkpt>
      <trkpt lon="-123.330677" lat="44.612878"><ele>170.301041</ele><time>2021-01-17T21:05:37Z</time><extensions><speed>1.787428</speed><course>338.232452</course><hAcc>0.942887</hAcc><vAcc>0.698359</vAcc></extensions></trkpt>
      <trkpt lon="-123.330682" lat="44.612863"><ele>170.304337</ele><time>2021-01-17T21:05:38Z</time><extensions><speed>1.781243</speed><course>334.801819</course><hAcc>0.943359</hAcc><vAcc>0.698919</vAcc></extensions></trkpt>
      <trkpt lon="-123.330687" lat="44.612847"><ele>170.299866</ele><time>2021-01-17T21:05:39Z</time><extensions><speed>1.772284</speed><course>353.071533</course><hAcc>0.943697</hAcc><vAcc>0.699320</vAcc></extensions></trkpt>
      <trkpt lon="-123.330692" lat="44.612831"><ele>170.284607</ele><time>2021-01-17T21:05:40Z</time><extensions><speed>1.760574</speed><course>352.881073</course><hAcc>0.943913</hAcc><vAcc>0.699580</vAcc></extensions></trkpt>
      <trkpt lon="-123.330696" lat="44.612816"><ele>170.255295</ele><time>2021-01-17T21:05:41Z</time><extensions><speed>1.746135</speed><course>-1.000000</course><hAcc>0.944032</hAcc><vAcc>0.699729</vAcc></extensions></trkpt>
      <trkpt lon="-123.330701" lat="44.612801"><ele>170.208618</ele><time>2021-01-17T21:05:42Z</time><extensions><speed>1.729133</speed><course>5.043619</course><hAcc>0.944089</hAcc><vAcc>0.699806</vAcc></extensions></trkpt>
      <trkpt lon="-123.330706" lat="44.612786"><ele>170.141205</ele><time>2021-01-17T21:05:43Z</time><extensions><speed>1.710117</speed><course>357.199280</course><hAcc>0.944126</hAcc><vAcc>0.699857</vAcc></extensions></trkpt>
      <trkpt lon="-123.330712" lat="44.612771"><ele>170.050064</ele><time>2021-01-17T21:05:44Z</time><extensions><speed>1.690038</speed><course>350.516754</course><hAcc>0.944185</hAcc><vAcc>0.699926</vAcc></extensions></trkpt>
      <trkpt lon="-123.330717" lat="44.612756"><ele>169.933517</ele><time>2021-01-17T21:05:45Z</time><extensions><speed>1.670181</speed><course>348.674988</course><hAcc>0.944299</hAcc><vAcc>0.700050</vAcc></extensions></trkpt>
      <trkpt lon="-123.330722" lat="44.612742"><ele>169.791946</ele><time>2021-01-17T21:05:46Z</time><extensions><speed>1.651768</speed><course>0.007853</course><hAcc>0.944491</hAcc><vAcc>0.700251</vAcc></extensions></trkpt>
      <trkpt lon="-123.330727" lat="44.612728"><ele>169.627563</ele><time>2021-01-17T21:05:47Z</time><extensions><speed>1.635867</speed><course>350.283417</course><hAcc>0.944773</hAcc><vAcc>0.700544</vAcc></extensions></trkpt>
      <trkpt lon="-123.330733" lat="44.612713"><ele>169.443680</ele><time>2021-01-17T21:05:48Z</time><extensions><speed>1.623199</speed><course>344.332672</course><hAcc>0.945152</hAcc><vAcc>0.700935</vAcc></extensions></trkpt>
      <trkpt lon="-123.330739" lat="44.612699"><ele>169.244202</ele><time>2021-01-17T21:05:49Z</time><extensions><speed>1.614024</speed><course>356.308075</course><hAcc>0.945626</hAcc><vAcc>0.701423</vAcc></extensions></trkpt>
      <trkpt lon="-123.330745" lat="44.612686"><ele>169.033356</ele><time>2021-01-17T21:05:50Z</time><extensions><speed>1.607825</speed><course>352.768433</course><hAcc>0.946189</hAcc><vAcc>0.702002</vAcc></extensions></trkpt>
      <trkpt lon="-123.330751" lat="44.612672"><ele>168.815781</ele><time>2021-01-17T21:05:51Z</time><extensions><speed>1.603778</speed><course>346.349915</course><hAcc>0.946826</hAcc><vAcc>0.702654</vAcc></extensions></trkpt>
      <trkpt lon="-123.330757" lat="44.612658"><ele>168.596497</ele><time>2021-01-17T21:05:52Z</time><extensions><speed>1.601454</speed><course>347.530029</course><hAcc>0.947513</hAcc><vAcc>0.703358</vAcc></extensions></trkpt>
      <trkpt lon="-123.330763" lat="44.612644"><ele>168.380737</ele><time>2021-01-17T21:05:53Z</time><extensions><speed>1.600766</speed><course>-1.000000</course><hAcc>0.948223</hAcc><vAcc>0.704084</vAcc></extensions></trkpt>
      <trkpt lon="-123.330770" lat="44.612631"><ele>168.173843</ele><time>2021-01-17T21:05:54Z</time><extensions><speed>1.601478</speed><course>-1.000000</course><hAcc>0.948922</hAcc><vAcc>0.704799</vAcc></extensions></trkpt>
      <trkpt lon="-123.330776" lat="44.612617"><ele>167.981155</ele><time>2021-01-17T21:05:55Z</time><extensions><speed>1.602952</speed><course>-1.000000</course><hAcc>0.949574</hAcc><vAcc>0.705466</vAcc></extensions></trkpt>
      <trkpt lon="-123.330783" lat="44.612604"><ele>167.808243</ele><time>2021-01-17T21:05:56Z</time><extensions><speed>1.604885</speed><course>-1.000000</course><hAcc>0.950147</hAcc><vAcc>0.706050</vAcc></extensions></trkpt>
      <trkpt lon="-123.330790" lat="44.612590"><ele>167.660370</ele><time>2021-01-17T21:05:57Z</time><extensions><speed>1.606737</speed><course>6.489739</course><hAcc>0.950606</hAcc><vAcc>0.706520</vAcc></extensions></trkpt>
      <trkpt lon="-123.330797" lat="44.612576"><ele>167.540573</ele><time>2021-01-17T21:05:58Z</time><extensions><speed>1.607418</speed><course>9.082311</course><hAcc>0.950925</hAcc><vAcc>0.706846</vAcc></extensions></trkpt>
      <trkpt lon="-123.330804" lat="44.612563"><ele>167.448196</ele><time>2021-01-17T21:05:59Z</time><extensions><speed>1.605152</speed><course>356.213379</course><hAcc>0.951087</hAcc><vAcc>0.707013</vAcc></extensions></trkpt>
      <trkpt lon="-123.330811" lat="44.612549"><ele>167.378983</ele><time>2021-01-17T21:06:00Z</time><extensions><speed>1.597949</speed><course>347.679657</course><hAcc>0.951095</hAcc><vAcc>0.707024</vAcc></extensions></trkpt>
      <trkpt lon="-123.330817" lat="44.612536"><ele>167.326370</ele><time>2021-01-17T21:06:01Z</time><extensions><speed>1.584865</speed><course>3.873773</course><hAcc>0.950964</hAcc><vAcc>0.706893</vAcc></extensions></trkpt>
      <trkpt lon="-123.330824" lat="44.612522"><ele>167.283020</ele><time>2021-01-17T21:06:02Z</time><extensions><speed>1.566141</speed><course>328.571198</course><hAcc>0.950714</hAcc><vAcc>0.706639</vAcc></extensions></trkpt>
      <trkpt lon="-123.330830" lat="44.612509"><ele>167.241760</ele><time>2021-01-17T21:06:03Z</time><extensions><speed>1.543259</speed><course>347.190674</course><hAcc>0.950369</hAcc><vAcc>0.706290</vAcc></extensions></trkpt>
      <trkpt lon="-123.330835" lat="44.612496"><ele>167.196289</ele><time>2021-01-17T21:06:04Z</time><extensions><speed>1.518447</speed><course>350.314697</course><hAcc>0.949958</hAcc><vAcc>0.705872</vAcc></extensions></trkpt>
      <trkpt lon="-123.330840" lat="44.612483"><ele>167.141678</ele><time>2021-01-17T21:06:05Z</time><extensions><speed>1.493907</speed><course>349.463959</course><hAcc>0.949509</hAcc><vAcc>0.705415</vAcc></extensions></trkpt>
      <trkpt lon="-123.330845" lat="44.612470"><ele>167.074585</ele><time>2021-01-17T21:06:06Z</time><extensions><speed>1.471455</speed><course>351.456116</course><hAcc>0.949049</hAcc><vAcc>0.704946</vAcc></extensions></trkpt>
      <trkpt lon="-123.330849" lat="44.612457"><ele>166.993027</ele><time>2021-01-17T21:06:07Z</time><extensions><speed>1.452406</speed><course>346.425507</course><hAcc>0.948602</hAcc><vAcc>0.704489</vAcc></extensions></trkpt>
      <trkpt lon="-123.330854" lat="44.612444"><ele>166.896439</ele><time>2021-01-17T21:06:08Z</time><extensions><speed>1.437616</speed><course>347.746063</course><hAcc>0.948189</hAcc><vAcc>0.704066</vAcc></extensions></trkpt>
      <trkpt lon="-123.330857" lat="44.612432"><ele>166.785812</ele><time>2021-01-17T21:06:09Z</time><extensions><speed>1.427557</speed><course>336.346558</course><hAcc>0.947827</hAcc><vAcc>0.703695</vAcc></extensions></trkpt>
      <trkpt lon="-123.330861" lat="44.612419"><ele>166.663284</ele><time>2021-01-17T21:06:10Z</time><extensions><speed>1.421962</speed><course>334.821472</course><hAcc>0.947532</hAcc><vAcc>0.703390</vAcc></extensions></trkpt>
      <trkpt lon="-123.330865" lat="44.612407"><ele>166.531494</ele><time>2021-01-17T21:06:11Z</time><extensions><speed>1.420326</speed><course>334.821503</course><hAcc>0.947309</hAcc><vAcc>0.703157</vAcc></extensions></trkpt>
      <trkpt lon="-123.330869" lat="44.612394"><ele>166.393555</ele><time>2021-01-17T21:06:12Z</time><extensions><speed>1.422215</speed><course>334.821503</course><hAcc>0.947153</hAcc><vAcc>0.702992</vAcc></extensions></trkpt>
      <trkpt lon="-123.330873" lat="44.612382"><ele>166.253189</ele><time>2021-01-17T21:06:13Z</time><extensions><speed>1.426957</speed><course>-1.000000</course><hAcc>0.947047</hAcc><vAcc>0.702876</vAcc></extensions></trkpt>
      <trkpt lon="-123.330877" lat="44.612369"><ele>166.114395</ele><time>2021-01-17T21:06:14Z</time><extensions><speed>1.433791</speed><course>7.699410</course><hAcc>0.946959</hAcc><vAcc>0.702777</vAcc></extensions></trkpt>
      <trkpt lon="-123.330881" lat="44.612357"><ele>165.981308</ele><time>2021-01-17T21:06:15Z</time><extensions><speed>1.442327</speed><course>8.336260</course><hAcc>0.946841</hAcc><vAcc>0.702648</vAcc></extensions></trkpt>
      <trkpt lon="-123.330886" lat="44.612344"><ele>165.858063</ele><time>2021-01-17T21:06:16Z</time><extensions><speed>1.452684</speed><course>8.558822</course><hAcc>0.946646</hAcc><vAcc>0.702440</vAcc></extensions></trkpt>
      <trkpt lon="-123.330891" lat="44.612331"><ele>165.748459</ele><time>2021-01-17T21:06:17Z</time><extensions><speed>1.464908</speed><course>349.101868</course><hAcc>0.946335</hAcc><vAcc>0.702116</vAcc></extensions></trkpt>
      <trkpt lon="-123.330896" lat="44.612319"><ele>165.655426</ele><time>2021-01-17T21:06:18Z</time><extensions><speed>1.478617</speed><course>-1.000000</course><hAcc>0.945888</hAcc><vAcc>0.701656</vAcc></extensions></trkpt>
      <trkpt lon="-123.330902" lat="44.612306"><ele>165.580521</ele><time>2021-01-17T21:06:19Z</time><extensions><speed>1.493067</speed><course>14.418791</course><hAcc>0.945311</hAcc><vAcc>0.701065</vAcc></extensions></trkpt>
      <trkpt lon="-123.330908" lat="44.612293"><ele>165.523666</ele><time>2021-01-17T21:06:20Z</time><extensions><speed>1.507839</speed><course>23.968079</course><hAcc>0.944644</hAcc><vAcc>0.700385</vAcc></extensions></trkpt>
      <trkpt lon="-123.330914" lat="44.612280"><ele>165.483185</ele><time>2021-01-17T21:06:21Z</time><extensions><speed>1.522922</speed><course>40.868187</course><hAcc>0.943950</hAcc><vAcc>0.699679</vAcc></extensions></trkpt>
      <trkpt lon="-123.330921" lat="44.612267"><ele>165.456100</ele><time>2021-01-17T21:06:22Z</time><extensions><speed>1.537970</speed><course>12.090776</course><hAcc>0.943307</hAcc><vAcc>0.699024</vAcc></extensions></trkpt>
      <trkpt lon="-123.330928" lat="44.612254"><ele>165.438110</ele><time>2021-01-17T21:06:23Z</time><extensions><speed>1.552222</speed><course>12.892334</course><hAcc>0.942785</hAcc><vAcc>0.698492</vAcc></extensions></trkpt>
      <trkpt lon="-123.330935" lat="44.612241"><ele>165.424545</ele><time>2021-01-17T21:06:24Z</time><extensions><speed>1.565629</speed><course>350.553650</course><hAcc>0.942434</hAcc><vAcc>0.698132</vAcc></extensions></trkpt>
      <trkpt lon="-123.330942" lat="44.612228"><ele>165.411636</ele><time>2021-01-17T21:06:25Z</time><extensions><speed>1.578175</speed><course>357.642975</course><hAcc>0.942262</hAcc><vAcc>0.697955</vAcc></extensions></trkpt>
      <trkpt lon="-123.330950" lat="44.612215"><ele>165.396805</ele><time>2021-01-17T21:06:26Z</time><extensions><speed>1.589492</speed><course>357.292847</course><hAcc>0.942255</hAcc><vAcc>0.697946</vAcc></extensions></trkpt>
      <trkpt lon="-123.330958" lat="44.612202"><ele>165.378510</ele><time>2021-01-17T21:06:27Z</time><extensions><speed>1.599900</speed><course>-1.000000</course><hAcc>0.942389</hAcc><vAcc>0.698080</vAcc></extensions></trkpt>
      <trkpt lon="-123.330965" lat="44.612188"><ele>165.356064</ele><time>2021-01-17T21:06:28Z</time><extensions><speed>1.609836</speed><course>20.487251</course><hAcc>0.942630</hAcc><vAcc>0.698326</vAcc></extensions></trkpt>
      <trkpt lon="-123.330973" lat="44.612175"><ele>165.329269</ele><time>2021-01-17T21:06:29Z</time><extensions><speed>1.619365</speed><course>15.378279</course><hAcc>0.942948</hAcc><vAcc>0.698651</vAcc></extensions></trkpt>
      <trkpt lon="-123.330981" lat="44.612161"><ele>165.298431</ele><time>2021-01-17T21:06:30Z</time><extensions><speed>1.628625</speed><course>4.510773</course><hAcc>0.943321</hAcc><vAcc>0.699033</vAcc></extensions></trkpt>
      <trkpt lon="-123.330989" lat="44.612148"><ele>165.264709</ele><time>2021-01-17T21:06:31Z</time><extensions><speed>1.637789</speed><course>2.804211</course><hAcc>0.943734</hAcc><vAcc>0.699458</vAcc></extensions></trkpt>
      <trkpt lon="-123.330997" lat="44.612134"><ele>165.229568</ele><time>2021-01-17T21:06:32Z</time><extensions><speed>1.646474</speed><course>350.268433</course><hAcc>0.944178</hAcc><vAcc>0.699915</vAcc></extensions></trkpt>
      <trkpt lon="-123.331005" lat="44.612121"><ele>165.194138</ele><time>2021-01-17T21:06:33Z</time><extensions><speed>1.653964</speed><course>347.399933</course><hAcc>0.944646</hAcc><vAcc>0.700398</vAcc></extensions></trkpt>
      <trkpt lon="-123.331013" lat="44.612107"><ele>165.159088</ele><time>2021-01-17T21:06:34Z</time><extensions><speed>1.659582</speed><course>349.463318</course><hAcc>0.945129</hAcc><vAcc>0.700896</vAcc></extensions></trkpt>
      <trkpt lon="-123.331021" lat="44.612093"><ele>165.124603</ele><time>2021-01-17T21:06:35Z</time><extensions><speed>1.662925</speed><course>348.963562</course><hAcc>0.945620</hAcc><vAcc>0.701404</vAcc></extensions></trkpt>
      <trkpt lon="-123.331030" lat="44.612079"><ele>165.090027</ele><time>2021-01-17T21:06:36Z</time><extensions><speed>1.664287</speed><course>356.036560</course><hAcc>0.946117</hAcc><vAcc>0.701918</vAcc></extensions></trkpt>
      <trkpt lon="-123.331038" lat="44.612066"><ele>165.053894</ele><time>2021-01-17T21:06:37Z</time><extensions><speed>1.663163</speed><course>358.930084</course><hAcc>0.946627</hAcc><vAcc>0.702445</vAcc></extensions></trkpt>
      <trkpt lon="-123.331047" lat="44.612052"><ele>165.013580</ele><time>2021-01-17T21:06:38Z</time><extensions><speed>1.658105</speed><course>351.096008</course><hAcc>0.947162</hAcc><vAcc>0.702998</vAcc></extensions></trkpt>
      <trkpt lon="-123.331055" lat="44.612039"><ele>164.965744</ele><time>2021-01-17T21:06:39Z</time><extensions><speed>1.648409</speed><course>9.173049</course><hAcc>0.947729</hAcc><vAcc>0.703582</vAcc></extensions></trkpt>
      <trkpt lon="-123.331064" lat="44.612025"><ele>164.907349</ele><time>2021-01-17T21:06:40Z</time><extensions><speed>1.634707</speed><course>8.765486</course><hAcc>0.948325</hAcc><vAcc>0.704193</vAcc></extensions></trkpt>
      <trkpt lon="-123.331073" lat="44.612012"><ele>164.836624</ele><time>2021-01-17T21:06:41Z</time><extensions><speed>1.618607</speed><course>342.755737</course><hAcc>0.948934</hAcc><vAcc>0.704817</vAcc></extensions></trkpt>
      <trkpt lon="-123.331081" lat="44.611999"><ele>164.753204</ele><time>2021-01-17T21:06:42Z</time><extensions><speed>1.601528</speed><course>333.436462</course><hAcc>0.949530</hAcc><vAcc>0.705425</vAcc></extensions></trkpt>
      <trkpt lon="-123.331090" lat="44.611986"><ele>164.657654</ele><time>2021-01-17T21:06:43Z</time><extensions><speed>1.584718</speed><course>2.656878</course><hAcc>0.950078</hAcc><vAcc>0.705984</vAcc></extensions></trkpt>
      <trkpt lon="-123.331098" lat="44.611973"><ele>164.551178</ele><time>2021-01-17T21:06:44Z</time><extensions><speed>1.569415</speed><course>41.484856</course><hAcc>0.950542</hAcc><vAcc>0.706457</vAcc></extensions></trkpt>
      <trkpt lon="-123.331106" lat="44.611960"><ele>164.435486</ele><time>2021-01-17T21:06:45Z</time><extensions><speed>1.556088</speed><course>-1.000000</course><hAcc>0.950889</hAcc><vAcc>0.706812</vAcc></extensions></trkpt>
      <trkpt lon="-123.331114" lat="44.611947"><ele>164.312225</ele><time>2021-01-17T21:06:46Z</time><extensions><speed>1.544386</speed><course>53.326988</course><hAcc>0.951100</hAcc><vAcc>0.707028</vAcc></extensions></trkpt>
      <trkpt lon="-123.331122" lat="44.611935"><ele>164.182571</ele><time>2021-01-17T21:06:47Z</time><extensions><speed>1.533625</speed><course>74.912819</course><hAcc>0.951170</hAcc><vAcc>0.707102</vAcc></extensions></trkpt>
      <trkpt lon="-123.331129" lat="44.611922"><ele>164.047058</ele><time>2021-01-17T21:06:48Z</time><extensions><speed>1.523701</speed><course>62.267090</course><hAcc>0.951110</hAcc><vAcc>0.707044</vAcc></extensions></trkpt>
      <trkpt lon="-123.331136" lat="44.611909"><ele>163.905579</ele><time>2021-01-17T21:06:49Z</time><extensions><speed>1.514720</speed><course>13.690000</course><hAcc>0.950944</hAcc><vAcc>0.706878</vAcc></extensions></trkpt>
      <trkpt lon="-123.331143" lat="44.611897"><ele>163.757553</ele><time>2021-01-17T21:06:50Z</time><extensions><speed>1.506523</speed><course>19.845032</course><hAcc>0.950706</hAcc><vAcc>0.706639</vAcc></extensions></trkpt>
      <trkpt lon="-123.331150" lat="44.611884"><ele>163.602310</ele><time>2021-01-17T21:06:51Z</time><extensions><speed>1.499396</speed><course>13.362127</course><hAcc>0.950436</hAcc><vAcc>0.706367</vAcc></extensions></trkpt>
      <trkpt lon="-123.331156" lat="44.611871"><ele>163.439819</ele><time>2021-01-17T21:06:52Z</time><extensions><speed>1.494099</speed><course>23.766123</course><hAcc>0.950169</hAcc><vAcc>0.706097</vAcc></extensions></trkpt>
      <trkpt lon="-123.331162" lat="44.611858"><ele>163.271240</ele><time>2021-01-17T21:06:53Z</time><extensions><speed>1.491276</speed><course>3.420622</course><hAcc>0.949928</hAcc><vAcc>0.705853</vAcc></extensions></trkpt>
      <trkpt lon="-123.331167" lat="44.611846"><ele>163.098831</ele><time>2021-01-17T21:06:54Z</time><extensions><speed>1.491085</speed><course>22.687658</course><hAcc>0.949728</hAcc><vAcc>0.705648</vAcc></extensions></trkpt>
      <trkpt lon="-123.331172" lat="44.611833"><ele>162.925293</ele><time>2021-01-17T21:06:55Z</time><extensions><speed>1.493415</speed><course>2.554507</course><hAcc>0.949576</hAcc><vAcc>0.705493</vAcc></extensions></trkpt>
      <trkpt lon="-123.331178" lat="44.611820"><ele>162.753143</ele><time>2021-01-17T21:06:56Z</time><extensions><speed>1.498152</speed><course>5.953692</course><hAcc>0.949476</hAcc><vAcc>0.705390</vAcc></extensions></trkpt>
      <trkpt lon="-123.331183" lat="44.611807"><ele>162.584671</ele><time>2021-01-17T21:06:57Z</time><extensions><speed>1.505672</speed><course>339.701599</course><hAcc>0.949428</hAcc><vAcc>0.705340</vAcc></extensions></trkpt>
      <trkpt lon="-123.331187" lat="44.611793"><ele>162.422211</ele><time>2021-01-17T21:06:58Z</time><extensions><speed>1.516435</speed><course>329.081818</course><hAcc>0.949427</hAcc><vAcc>0.705338</vAcc></extensions></trkpt>
      <trkpt lon="-123.331192" lat="44.611780"><ele>162.268387</ele><time>2021-01-17T21:06:59Z</time><extensions><speed>1.530293</speed><course>337.175232</course><hAcc>0.949466</hAcc><vAcc>0.705377</vAcc></extensions></trkpt>
      <trkpt lon="-123.331197" lat="44.611767"><ele>162.125824</ele><time>2021-01-17T21:07:00Z</time><extensions><speed>1.546539</speed><course>355.065552</course><hAcc>0.949541</hAcc><vAcc>0.705454</vAcc></extensions></trkpt>
      <trkpt lon="-123.331202" lat="44.611753"><ele>161.996841</ele><time>2021-01-17T21:07:01Z</time><extensions><speed>1.564325</speed><course>355.096436</course><hAcc>0.949651</hAcc><vAcc>0.705565</vAcc></extensions></trkpt>
      <trkpt lon="-123.331207" lat="44.611740"><ele>161.883026</ele><time>2021-01-17T21:07:02Z</time><extensions><speed>1.583043</speed><course>346.489258</course><hAcc>0.949790</hAcc><vAcc>0.705707</vAcc></extensions></trkpt>
      <trkpt lon="-123.331212" lat="44.611726"><ele>161.785217</ele><time>2021-01-17T21:07:03Z</time><extensions><speed>1.602387</speed><course>323.258820</course><hAcc>0.949952</hAcc><vAcc>0.705871</vAcc></extensions></trkpt>
      <trkpt lon="-123.331217" lat="44.611712"><ele>161.703384</ele><time>2021-01-17T21:07:04Z</time><extensions><speed>1.621385</speed><course>338.439209</course><hAcc>0.950124</hAcc><vAcc>0.706047</vAcc></extensions></trkpt>
      <trkpt lon="-123.331222" lat="44.611697"><ele>161.636108</ele><time>2021-01-17T21:07:05Z</time><extensions><speed>1.638343</speed><course>346.206848</course><hAcc>0.950295</hAcc><vAcc>0.706220</vAcc></extensions></trkpt>
      <trkpt lon="-123.331228" lat="44.611683"><ele>161.580551</ele><time>2021-01-17T21:07:06Z</time><extensions><speed>1.652205</speed><course>230.489883</course><hAcc>0.950452</hAcc><vAcc>0.706378</vAcc></extensions></trkpt>
      <trkpt lon="-123.331233" lat="44.611669"><ele>161.533310</ele><time>2021-01-17T21:07:07Z</time><extensions><speed>1.662802</speed><course>227.029816</course><hAcc>0.950578</hAcc><vAcc>0.706505</vAcc></extensions></trkpt>
      <trkpt lon="-123.331239" lat="44.611654"><ele>161.490906</ele><time>2021-01-17T21:07:08Z</time><extensions><speed>1.669849</speed><course>298.700256</course><hAcc>0.950656</hAcc><vAcc>0.706582</vAcc></extensions></trkpt>
      <trkpt lon="-123.331244" lat="44.611640"><ele>161.449615</ele><time>2021-01-17T21:07:09Z</time><extensions><speed>1.672495</speed><course>321.099518</course><hAcc>0.950667</hAcc><vAcc>0.706592</vAcc></extensions></trkpt>
      <trkpt lon="-123.331250" lat="44.611625"><ele>161.405472</ele><time>2021-01-17T21:07:10Z</time><extensions><speed>1.670043</speed><course>355.989929</course><hAcc>0.950602</hAcc><vAcc>0.706525</vAcc></extensions></trkpt>
      <trkpt lon="-123.331255" lat="44.611611"><ele>161.355026</ele><time>2021-01-17T21:07:11Z</time><extensions><speed>1.663171</speed><course>340.737000</course><hAcc>0.950457</hAcc><vAcc>0.706376</vAcc></extensions></trkpt>
      <trkpt lon="-123.331260" lat="44.611596"><ele>161.295898</ele><time>2021-01-17T21:07:12Z</time><extensions><speed>1.653015</speed><course>351.687775</course><hAcc>0.950239</hAcc><vAcc>0.706154</vAcc></extensions></trkpt>
      <trkpt lon="-123.331265" lat="44.611582"><ele>161.226486</ele><time>2021-01-17T21:07:13Z</time><extensions><speed>1.640375</speed><course>346.491455</course><hAcc>0.949963</hAcc><vAcc>0.705874</vAcc></extensions></trkpt>
      <trkpt lon="-123.331270" lat="44.611568"><ele>161.145844</ele><time>2021-01-17T21:07:14Z</time><extensions><speed>1.626286</speed><course>334.686340</course><hAcc>0.949653</hAcc><vAcc>0.705560</vAcc></extensions></trkpt>
      <trkpt lon="-123.331275" lat="44.611553"><ele>161.053848</ele><time>2021-01-17T21:07:15Z</time><extensions><speed>1.611958</speed><course>330.389313</course><hAcc>0.949342</hAcc><vAcc>0.705244</vAcc></extensions></trkpt>
      <trkpt lon="-123.331280" lat="44.611539"><ele>160.951462</ele><time>2021-01-17T21:07:16Z</time><extensions><speed>1.598435</speed><course>-1.000000</course><hAcc>0.949063</hAcc><vAcc>0.704962</vAcc></extensions></trkpt>
      <trkpt lon="-123.331284" lat="44.611525"><ele>160.840347</ele><time>2021-01-17T21:07:17Z</time><extensions><speed>1.586463</speed><course>5.401910</course><hAcc>0.948847</hAcc><vAcc>0.704744</vAcc></extensions></trkpt>
      <trkpt lon="-123.331289" lat="44.611512"><ele>160.722107</ele><time>2021-01-17T21:07:18Z</time><extensions><speed>1.576230</speed><course>332.220673</course><hAcc>0.948717</hAcc><vAcc>0.704613</vAcc></extensions></trkpt>
      <trkpt lon="-123.331294" lat="44.611498"><ele>160.597839</ele><time>2021-01-17T21:07:19Z</time><extensions><speed>1.567715</speed><course>344.164429</course><hAcc>0.948687</hAcc><vAcc>0.704583</vAcc></extensions></trkpt>
      <trkpt lon="-123.331299" lat="44.611484"><ele>160.468414</ele><time>2021-01-17T21:07:20Z</time><extensions><speed>1.561291</speed><course>345.696228</course><hAcc>0.948761</hAcc><vAcc>0.704660</vAcc></extensions></trkpt>
      <trkpt lon="-123.331304" lat="44.611471"><ele>160.335114</ele><time>2021-01-17T21:07:21Z</time><extensions><speed>1.558182</speed><course>341.168060</course><hAcc>0.948938</hAcc><vAcc>0.704840</vAcc></extensions></trkpt>
      <trkpt lon="-123.331309" lat="44.611457"><ele>160.199615</ele><time>2021-01-17T21:07:22Z</time><extensions><speed>1.559307</speed><course>318.495605</course><hAcc>0.949209</hAcc><vAcc>0.705117</vAcc></extensions></trkpt>
      <trkpt lon="-123.331314" lat="44.611444"><ele>160.063721</ele><time>2021-01-17T21:07:23Z</time><extensions><speed>1.564555</speed><course>329.586121</course><hAcc>0.949563</hAcc><vAcc>0.705478</vAcc></extensions></trkpt>
      <trkpt lon="-123.331320" lat="44.611430"><ele>159.929031</ele><time>2021-01-17T21:07:24Z</time><extensions><speed>1.573634</speed><course>329.819244</course><hAcc>0.949984</hAcc><vAcc>0.705907</vAcc></extensions></trkpt>
      <trkpt lon="-123.331325" lat="44.611416"><ele>159.796997</ele><time>2021-01-17T21:07:25Z</time><extensions><speed>1.585890</speed><course>-1.000000</course><hAcc>0.950450</hAcc><vAcc>0.706381</vAcc></extensions></trkpt>
      <trkpt lon="-123.331331" lat="44.611403"><ele>159.668747</ele><time>2021-01-17T21:07:26Z</time><extensions><speed>1.600300</speed><course>329.305084</course><hAcc>0.950930</hAcc><vAcc>0.706869</vAcc></extensions></trkpt>
      <trkpt lon="-123.331337" lat="44.611389"><ele>159.545258</ele><time>2021-01-17T21:07:27Z</time><extensions><speed>1.616399</speed><course>329.074371</course><hAcc>0.951389</hAcc><vAcc>0.707335</vAcc></extensions></trkpt>
      <trkpt lon="-123.331344" lat="44.611375"><ele>159.427643</ele><time>2021-01-17T21:07:28Z</time><extensions><speed>1.633959</speed><course>314.108582</course><hAcc>0.951787</hAcc><vAcc>0.707740</vAcc></extensions></trkpt>
      <trkpt lon="-123.331350" lat="44.611361"><ele>159.316986</ele><time>2021-01-17T21:07:29Z</time><extensions><speed>1.652145</speed><course>340.363281</course><hAcc>0.952090</hAcc><vAcc>0.708049</vAcc></extensions></trkpt>
      <trkpt lon="-123.331357" lat="44.611347"><ele>159.214188</ele><time>2021-01-17T21:07:30Z</time><extensions><speed>1.669269</speed><course>-1.000000</course><hAcc>0.952280</hAcc><vAcc>0.708243</vAcc></extensions></trkpt>
      <trkpt lon="-123.331364" lat="44.611333"><ele>159.119705</ele><time>2021-01-17T21:07:31Z</time><extensions><speed>1.683654</speed><course>-1.000000</course><hAcc>0.952351</hAcc><vAcc>0.708319</vAcc></extensions></trkpt>
      <trkpt lon="-123.331371" lat="44.611318"><ele>159.033707</ele><time>2021-01-17T21:07:32Z</time><extensions><speed>1.694714</speed><course>335.231659</course><hAcc>0.952315</hAcc><vAcc>0.708286</vAcc></extensions></trkpt>
      <trkpt lon="-123.331378" lat="44.611304"><ele>158.956390</ele><time>2021-01-17T21:07:33Z</time><extensions><speed>1.702080</speed><course>338.384186</course><hAcc>0.952198</hAcc><vAcc>0.708171</vAcc></extensions></trkpt>
      <trkpt lon="-123.331384" lat="44.611289"><ele>158.888077</ele><time>2021-01-17T21:07:34Z</time><extensions><speed>1.705397</speed><course>2.460301</course><hAcc>0.952037</hAcc><vAcc>0.708011</vAcc></extensions></trkpt>
      <trkpt lon="-123.331391" lat="44.611275"><ele>158.829453</ele><time>2021-01-17T21:07:35Z</time><extensions><speed>1.704752</speed><course>-1.000000</course><hAcc>0.951866</hAcc><vAcc>0.707839</vAcc></extensions></trkpt>
      <trkpt lon="-123.331398" lat="44.611260"><ele>158.781616</ele><time>2021-01-17T21:07:36Z</time><extensions><speed>1.700312</speed><course>-1.000000</course><hAcc>0.951710</hAcc><vAcc>0.707682</vAcc></extensions></trkpt>
      <trkpt lon="-123.331405" lat="44.611246"><ele>158.745743</ele><time>2021-01-17T21:07:37Z</time><extensions><speed>1.692502</speed><course>-1.000000</course><hAcc>0.951585</hAcc><vAcc>0.707555</vAcc></extensions></trkpt>
      <trkpt lon="-123.331412" lat="44.611231"><ele>158.723083</ele><time>2021-01-17T21:07:38Z</time><extensions><speed>1.682621</speed><course>316.477509</course><hAcc>0.951493</hAcc><vAcc>0.707461</vAcc></extensions></trkpt>
      <trkpt lon="-123.331419" lat="44.611217"><ele>158.715195</ele><time>2021-01-17T21:07:39Z</time><extensions><speed>1.672028</speed><course>315.256348</course><hAcc>0.951435</hAcc><vAcc>0.707401</vAcc></extensions></trkpt>
      <trkpt lon="-123.331425" lat="44.611203"><ele>158.722961</ele><time>2021-01-17T21:07:40Z</time><extensions><speed>1.660990</speed><course>321.170166</course><hAcc>0.951409</hAcc><vAcc>0.707373</vAcc></extensions></trkpt>
      <trkpt lon="-123.331432" lat="44.611189"><ele>158.746231</ele><time>2021-01-17T21:07:41Z</time><extensions><speed>1.649123</speed><course>317.510254</course><hAcc>0.951410</hAcc><vAcc>0.707372</vAcc></extensions></trkpt>
      <trkpt lon="-123.331438" lat="44.611175"><ele>158.784271</ele><time>2021-01-17T21:07:42Z</time><extensions><speed>1.636696</speed><course>328.018585</course><hAcc>0.951428</hAcc><vAcc>0.707389</vAcc></extensions></trkpt>
      <trkpt lon="-123.331445" lat="44.611161"><ele>158.836258</ele><time>2021-01-17T21:07:43Z</time><extensions><speed>1.624569</speed><course>346.013123</course><hAcc>0.951452</hAcc><vAcc>0.707413</vAcc></extensions></trkpt>
      <trkpt lon="-123.331451" lat="44.611147"><ele>158.901047</ele><time>2021-01-17T21:07:44Z</time><extensions><speed>1.613320</speed><course>356.510254</course><hAcc>0.951476</hAcc><vAcc>0.707437</vAcc></extensions></trkpt>
      <trkpt lon="-123.331458" lat="44.611133"><ele>158.976440</ele><time>2021-01-17T21:07:45Z</time><extensions><speed>1.603018</speed><course>346.729614</course><hAcc>0.951497</hAcc><vAcc>0.707460</vAcc></extensions></trkpt>
      <trkpt lon="-123.331464" lat="44.611120"><ele>159.059174</ele><time>2021-01-17T21:07:46Z</time><extensions><speed>1.594052</speed><course>331.368469</course><hAcc>0.951523</hAcc><vAcc>0.707490</vAcc></extensions></trkpt>
      <trkpt lon="-123.331470" lat="44.611106"><ele>159.145813</ele><time>2021-01-17T21:07:47Z</time><extensions><speed>1.587316</speed><course>336.233459</course><hAcc>0.951571</hAcc><vAcc>0.707541</vAcc></extensions></trkpt>
      <trkpt lon="-123.331476" lat="44.611092"><ele>159.233673</ele><time>2021-01-17T21:07:48Z</time><extensions><speed>1.583519</speed><course>333.463898</course><hAcc>0.951659</hAcc><vAcc>0.707633</vAcc></extensions></trkpt>
      <trkpt lon="-123.331482" lat="44.611079"><ele>159.320923</ele><time>2021-01-17T21:07:49Z</time><extensions><speed>1.583148</speed><course>318.862915</course><hAcc>0.951801</hAcc><vAcc>0.707779</vAcc></extensions></trkpt>
      <trkpt lon="-123.331488" lat="44.611065"><ele>159.406509</ele><time>2021-01-17T21:07:50Z</time><extensions><speed>1.586429</speed><course>312.558411</course><hAcc>0.952000</hAcc><vAcc>0.707981</vAcc></extensions></trkpt>
      <trkpt lon="-123.331494" lat="44.611052"><ele>159.489883</ele><time>2021-01-17T21:07:51Z</time><extensions><speed>1.592202</speed><course>316.469696</course><hAcc>0.952243</hAcc><vAcc>0.708228</vAcc></extensions></trkpt>
      <trkpt lon="-123.331501" lat="44.611038"><ele>159.570343</ele><time>2021-01-17T21:07:52Z</time><extensions><speed>1.598415</speed><course>312.258148</course><hAcc>0.952507</hAcc><vAcc>0.708495</vAcc></extensions></trkpt>
      <trkpt lon="-123.331507" lat="44.611024"><ele>159.646713</ele><time>2021-01-17T21:07:53Z</time><extensions><speed>1.603507</speed><course>313.519684</course><hAcc>0.952763</hAcc><vAcc>0.708753</vAcc></extensions></trkpt>
      <trkpt lon="-123.331513" lat="44.611011"><ele>159.717484</ele><time>2021-01-17T21:07:54Z</time><extensions><speed>1.606338</speed><course>295.871368</course><hAcc>0.952981</hAcc><vAcc>0.708973</vAcc></extensions></trkpt>
      <trkpt lon="-123.331520" lat="44.610997"><ele>159.780960</ele><time>2021-01-17T21:07:55Z</time><extensions><speed>1.606601</speed><course>310.117889</course><hAcc>0.953132</hAcc><vAcc>0.709125</vAcc></extensions></trkpt>
      <trkpt lon="-123.331526" lat="44.610983"><ele>159.835587</ele><time>2021-01-17T21:07:56Z</time><extensions><speed>1.604248</speed><course>-1.000000</course><hAcc>0.953196</hAcc><vAcc>0.709189</vAcc></extensions></trkpt>
      <trkpt lon="-123.331532" lat="44.610969"><ele>159.879410</ele><time>2021-01-17T21:07:57Z</time><extensions><speed>1.598565</speed><course>-1.000000</course><hAcc>0.953166</hAcc><vAcc>0.709159</vAcc></extensions></trkpt>
      <trkpt lon="-123.331538" lat="44.610956"><ele>159.909546</ele><time>2021-01-17T21:07:58Z</time><extensions><speed>1.589678</speed><course>327.719574</course><hAcc>0.953051</hAcc><vAcc>0.709043</vAcc></extensions></trkpt>
      <trkpt lon="-123.331544" lat="44.610942"><ele>159.923203</ele><time>2021-01-17T21:07:59Z</time><extensions><speed>1.578550</speed><course>354.542664</course><hAcc>0.952865</hAcc><vAcc>0.708855</vAcc></extensions></trkpt>
      <trkpt lon="-123.331550" lat="44.610928"><ele>159.918106</ele><time>2021-01-17T21:08:00Z</time><extensions><speed>1.565763</speed><course>350.951843</course><hAcc>0.952628</hAcc><vAcc>0.708614</vAcc></extensions></trkpt>
      <trkpt lon="-123.331555" lat="44.610915"><ele>159.892059</ele><time>2021-01-17T21:08:01Z</time><extensions><speed>1.551502</speed><course>358.259430</course><hAcc>0.952355</hAcc><vAcc>0.708336</vAcc></extensions></trkpt>
      <trkpt lon="-123.331559" lat="44.610901"><ele>159.843124</ele><time>2021-01-17T21:08:02Z</time><extensions><speed>1.536295</speed><course>2.310933</course><hAcc>0.952065</hAcc><vAcc>0.708040</vAcc></extensions></trkpt>
      <trkpt lon="-123.331563" lat="44.610888"><ele>159.769943</ele><time>2021-01-17T21:08:03Z</time><extensions><speed>1.521338</speed><course>3.280314</course><hAcc>0.951769</hAcc><vAcc>0.707736</vAcc></extensions></trkpt>
      <trkpt lon="-123.331567" lat="44.610875"><ele>159.672821</ele><time>2021-01-17T21:08:04Z</time><extensions><speed>1.507518</speed><course>0.940544</course><hAcc>0.951472</hAcc><vAcc>0.707430</vAcc></extensions></trkpt>
      <trkpt lon="-123.331571" lat="44.610861"><ele>159.554855</ele><time>2021-01-17T21:08:05Z</time><extensions><speed>1.495682</speed><course>357.608063</course><hAcc>0.951172</hAcc><vAcc>0.707120</vAcc></extensions></trkpt>
      <trkpt lon="-123.331574" lat="44.610848"><ele>159.421509</ele><time>2021-01-17T21:08:06Z</time><extensions><speed>1.486319</speed><course>356.540710</course><hAcc>0.950864</hAcc><vAcc>0.706802</vAcc></extensions></trkpt>
      <trkpt lon="-123.331577" lat="44.610835"><ele>159.278915</ele><time>2021-01-17T21:08:07Z</time><extensions><speed>1.479278</speed><course>1.483488</course><hAcc>0.950543</hAcc><vAcc>0.706468</vAcc></extensions></trkpt>
      <trkpt lon="-123.331579" lat="44.610822"><ele>159.132904</ele><time>2021-01-17T21:08:08Z</time><extensions><speed>1.473920</speed><course>1.342717</course><hAcc>0.950199</hAcc><vAcc>0.706111</vAcc></extensions></trkpt>
      <trkpt lon="-123.331582" lat="44.610809"><ele>158.988144</ele><time>2021-01-17T21:08:09Z</time><extensions><speed>1.469384</speed><course>359.413910</course><hAcc>0.949822</hAcc><vAcc>0.705719</vAcc></extensions></trkpt>
      <trkpt lon="-123.331585" lat="44.610796"><ele>158.847641</ele><time>2021-01-17T21:08:10Z</time><extensions><speed>1.465112</speed><course>359.282074</course><hAcc>0.949395</hAcc><vAcc>0.705277</vAcc></extensions></trkpt>
      <trkpt lon="-123.331588" lat="44.610783"><ele>158.712509</ele><time>2021-01-17T21:08:11Z</time><extensions><speed>1.460881</speed><course>351.780243</course><hAcc>0.948907</hAcc><vAcc>0.704774</vAcc></extensions></trkpt>
      <trkpt lon="-123.331592" lat="44.610770"><ele>158.582077</ele><time>2021-01-17T21:08:12Z</time><extensions><speed>1.456292</speed><course>347.280304</course><hAcc>0.948350</hAcc><vAcc>0.704200</vAcc></extensions></trkpt>
      <trkpt lon="-123.331596" lat="44.610757"><ele>158.453964</ele><time>2021-01-17T21:08:13Z</time><extensions><speed>1.451106</speed><course>342.155548</course><hAcc>0.947727</hAcc><vAcc>0.703561</vAcc></extensions></trkpt>
      <trkpt lon="-123.331600" lat="44.610744"><ele>158.325348</ele><time>2021-01-17T21:08:14Z</time><extensions><speed>1.446720</speed><course>351.938965</course><hAcc>0.947062</hAcc><vAcc>0.702882</vAcc></extensions></trkpt>
      <trkpt lon="-123.331604" lat="44.610732"><ele>158.194717</ele><time>2021-01-17T21:08:15Z</time><extensions><speed>1.444847</speed><course>343.523804</course><hAcc>0.946397</hAcc><vAcc>0.702202</vAcc></extensions></trkpt>
      <trkpt lon="-123.331609" lat="44.610719"><ele>158.061661</ele><time>2021-01-17T21:08:16Z</time><extensions><speed>1.445885</speed><course>338.440460</course><hAcc>0.945784</hAcc><vAcc>0.701577</vAcc></extensions></trkpt>
      <trkpt lon="-123.331614" lat="44.610707"><ele>157.925430</ele><time>2021-01-17T21:08:17Z</time><extensions><speed>1.449337</speed><course>346.214630</course><hAcc>0.945276</hAcc><vAcc>0.701058</vAcc></extensions></trkpt>
      <trkpt lon="-123.331620" lat="44.610694"><ele>157.784683</ele><time>2021-01-17T21:08:18Z</time><extensions><speed>1.454961</speed><course>355.127563</course><hAcc>0.944910</hAcc><vAcc>0.700683</vAcc></extensions></trkpt>
      <trkpt lon="-123.331626" lat="44.610682"><ele>157.638168</ele><time>2021-01-17T21:08:19Z</time><extensions><speed>1.462628</speed><course>355.717773</course><hAcc>0.944700</hAcc><vAcc>0.700466</vAcc></extensions></trkpt>
      <trkpt lon="-123.331632" lat="44.610669"><ele>157.485321</ele><time>2021-01-17T21:08:20Z</time><extensions><speed>1.471573</speed><course>356.462402</course><hAcc>0.944634</hAcc><vAcc>0.700397</vAcc></extensions></trkpt>
      <trkpt lon="-123.331638" lat="44.610657"><ele>157.326172</ele><time>2021-01-17T21:08:21Z</time><extensions><speed>1.480873</speed><course>339.986145</course><hAcc>0.944692</hAcc><vAcc>0.700453</vAcc></extensions></trkpt>
      <trkpt lon="-123.331644" lat="44.610644"><ele>157.161407</ele><time>2021-01-17T21:08:22Z</time><extensions><speed>1.489690</speed><course>331.658417</course><hAcc>0.944855</hAcc><vAcc>0.700619</vAcc></extensions></trkpt>
      <trkpt lon="-123.331650" lat="44.610632"><ele>156.991760</ele><time>2021-01-17T21:08:23Z</time><extensions><speed>1.497163</speed><course>354.359253</course><hAcc>0.945109</hAcc><vAcc>0.700875</vAcc></extensions></trkpt>
      <trkpt lon="-123.331657" lat="44.610619"><ele>156.817474</ele><time>2021-01-17T21:08:24Z</time><extensions><speed>1.502398</speed><course>9.677398</course><hAcc>0.945424</hAcc><vAcc>0.701195</vAcc></extensions></trkpt>
      <trkpt lon="-123.331663" lat="44.610606"><ele>156.638382</ele><time>2021-01-17T21:08:25Z</time><extensions><speed>1.505064</speed><course>9.879298</course><hAcc>0.945765</hAcc><vAcc>0.701540</vAcc></extensions></trkpt>
      <trkpt lon="-123.331669" lat="44.610593"><ele>156.454407</ele><time>2021-01-17T21:08:26Z</time><extensions><speed>1.505476</speed><course>90.925522</course><hAcc>0.946094</hAcc><vAcc>0.701874</vAcc></extensions></trkpt>
      <trkpt lon="-123.331675" lat="44.610580"><ele>156.265930</ele><time>2021-01-17T21:08:27Z</time><extensions><speed>1.504200</speed><course>102.170158</course><hAcc>0.946379</hAcc><vAcc>0.702163</vAcc></extensions></trkpt>
      <trkpt lon="-123.331681" lat="44.610567"><ele>156.073914</ele><time>2021-01-17T21:08:28Z</time><extensions><speed>1.501805</speed><course>106.317986</course><hAcc>0.946590</hAcc><vAcc>0.702377</vAcc></extensions></trkpt>
      <trkpt lon="-123.331686" lat="44.610554"><ele>155.879654</ele><time>2021-01-17T21:08:29Z</time><extensions><speed>1.498592</speed><course>138.238632</course><hAcc>0.946700</hAcc><vAcc>0.702488</vAcc></extensions></trkpt>
      <trkpt lon="-123.331691" lat="44.610542"><ele>155.684631</ele><time>2021-01-17T21:08:30Z</time><extensions><speed>1.494238</speed><course>143.981689</course><hAcc>0.946697</hAcc><vAcc>0.702485</vAcc></extensions></trkpt>
      <trkpt lon="-123.331696" lat="44.610529"><ele>155.490433</ele><time>2021-01-17T21:08:31Z</time><extensions><speed>1.488310</speed><course>137.934052</course><hAcc>0.946580</hAcc><vAcc>0.702365</vAcc></extensions></trkpt>
      <trkpt lon="-123.331701" lat="44.610516"><ele>155.298874</ele><time>2021-01-17T21:08:32Z</time><extensions><speed>1.481323</speed><course>152.401779</course><hAcc>0.946359</hAcc><vAcc>0.702140</vAcc></extensions></trkpt>
      <trkpt lon="-123.331706" lat="44.610503"><ele>155.112335</ele><time>2021-01-17T21:08:33Z</time><extensions><speed>1.474492</speed><course>-1.000000</course><hAcc>0.946053</hAcc><vAcc>0.701828</vAcc></extensions></trkpt>
      <trkpt lon="-123.331710" lat="44.610490"><ele>154.933563</ele><time>2021-01-17T21:08:34Z</time><extensions><speed>1.468926</speed><course>-1.000000</course><hAcc>0.945680</hAcc><vAcc>0.701447</vAcc></extensions></trkpt>
      <trkpt lon="-123.331714" lat="44.610477"><ele>154.764832</ele><time>2021-01-17T21:08:35Z</time><extensions><speed>1.464908</speed><course>149.062195</course><hAcc>0.945261</hAcc><vAcc>0.701019</vAcc></extensions></trkpt>
      <trkpt lon="-123.331719" lat="44.610464"><ele>154.607147</ele><time>2021-01-17T21:08:36Z</time><extensions><speed>1.462116</speed><course>150.543442</course><hAcc>0.944818</hAcc><vAcc>0.700565</vAcc></extensions></trkpt>
      <trkpt lon="-123.331723" lat="44.610451"><ele>154.460693</ele><time>2021-01-17T21:08:37Z</time><extensions><speed>1.460138</speed><course>151.638702</course><hAcc>0.944373</hAcc><vAcc>0.700109</vAcc></extensions></trkpt>
      <trkpt lon="-123.331726" lat="44.610439"><ele>154.325500</ele><time>2021-01-17T21:08:38Z</time><extensions><speed>1.458776</speed><course>140.910278</course><hAcc>0.943952</hAcc><vAcc>0.699677</vAcc></extensions></trkpt>
      <trkpt lon="-123.331730" lat="44.610426"><ele>154.202133</ele><time>2021-01-17T21:08:39Z</time><extensions><speed>1.458249</speed><course>141.008820</course><hAcc>0.943572</hAcc><vAcc>0.699284</vAcc></extensions></trkpt>
      <trkpt lon="-123.331734" lat="44.610413"><ele>154.092072</ele><time>2021-01-17T21:08:40Z</time><extensions><speed>1.459013</speed><course>125.898094</course><hAcc>0.943241</hAcc><vAcc>0.698942</vAcc></extensions></trkpt>
      <trkpt lon="-123.331737" lat="44.610400"><ele>153.997757</ele><time>2021-01-17T21:08:41Z</time><extensions><speed>1.461346</speed><course>128.004288</course><hAcc>0.942960</hAcc><vAcc>0.698650</vAcc></extensions></trkpt>
      <trkpt lon="-123.331740" lat="44.610387"><ele>153.922501</ele><time>2021-01-17T21:08:42Z</time><extensions><speed>1.465016</speed><course>134.180496</course><hAcc>0.942717</hAcc><vAcc>0.698396</vAcc></extensions></trkpt>
      <trkpt lon="-123.331743" lat="44.610374"><ele>153.868958</ele><time>2021-01-17T21:08:43Z</time><extensions><speed>1.469094</speed><course>138.464508</course><hAcc>0.942496</hAcc><vAcc>0.698164</vAcc></extensions></trkpt>
      <trkpt lon="-123.331746" lat="44.610361"><ele>153.837402</ele><time>2021-01-17T21:08:44Z</time><extensions><speed>1.472939</speed><course>83.541634</course><hAcc>0.942276</hAcc><vAcc>0.697935</vAcc></extensions></trkpt>
      <trkpt lon="-123.331749" lat="44.610348"><ele>153.825974</ele><time>2021-01-17T21:08:45Z</time><extensions><speed>1.477187</speed><course>116.677193</course><hAcc>0.942046</hAcc><vAcc>0.697695</vAcc></extensions></trkpt>
      <trkpt lon="-123.331752" lat="44.610335"><ele>153.831635</ele><time>2021-01-17T21:08:46Z</time><extensions><speed>1.483390</speed><course>124.379410</course><hAcc>0.941795</hAcc><vAcc>0.697437</vAcc></extensions></trkpt>
      <trkpt lon="-123.331754" lat="44.610321"><ele>153.851181</ele><time>2021-01-17T21:08:47Z</time><extensions><speed>1.494014</speed><course>119.154427</course><hAcc>0.941524</hAcc><vAcc>0.697159</vAcc></extensions></trkpt>
      <trkpt lon="-123.331756" lat="44.610308"><ele>153.882843</ele><time>2021-01-17T21:08:48Z</time><extensions><speed>1.511613</speed><course>119.752991</course><hAcc>0.941248</hAcc><vAcc>0.696877</vAcc></extensions></trkpt>
      <trkpt lon="-123.331758" lat="44.610294"><ele>153.926315</ele><time>2021-01-17T21:08:49Z</time><extensions><speed>1.537397</speed><course>114.801216</course><hAcc>0.940998</hAcc><vAcc>0.696623</vAcc></extensions></trkpt>
      <trkpt lon="-123.331760" lat="44.610280"><ele>153.980789</ele><time>2021-01-17T21:08:50Z</time><extensions><speed>1.569704</speed><course>91.276955</course><hAcc>0.940811</hAcc><vAcc>0.696431</vAcc></extensions></trkpt>
      <trkpt lon="-123.331761" lat="44.610266"><ele>154.044388</ele><time>2021-01-17T21:08:51Z</time><extensions><speed>1.604886</speed><course>79.599052</course><hAcc>0.940715</hAcc><vAcc>0.696333</vAcc></extensions></trkpt>
      <trkpt lon="-123.331762" lat="44.610251"><ele>154.114883</ele><time>2021-01-17T21:08:52Z</time><extensions><speed>1.639271</speed><course>-1.000000</course><hAcc>0.940727</hAcc><vAcc>0.696344</vAcc></extensions></trkpt>
      <trkpt lon="-123.331764" lat="44.610237"><ele>154.190598</ele><time>2021-01-17T21:08:53Z</time><extensions><speed>1.670563</speed><course>69.774254</course><hAcc>0.940836</hAcc><vAcc>0.696453</vAcc></extensions></trkpt>
      <trkpt lon="-123.331765" lat="44.610221"><ele>154.270416</ele><time>2021-01-17T21:08:54Z</time><extensions><speed>1.698509</speed><course>59.055874</course><hAcc>0.941008</hAcc><vAcc>0.696625</vAcc></extensions></trkpt>
      <trkpt lon="-123.331765" lat="44.610206"><ele>154.353226</ele><time>2021-01-17T21:08:55Z</time><extensions><speed>1.722919</speed><course>75.073227</course><hAcc>0.941196</hAcc><vAcc>0.696813</vAcc></extensions></trkpt>
      <trkpt lon="-123.331766" lat="44.610190"><ele>154.437393</ele><time>2021-01-17T21:08:56Z</time><extensions><speed>1.742971</speed><course>69.293800</course><hAcc>0.941354</hAcc><vAcc>0.696973</vAcc></extensions></trkpt>
      <trkpt lon="-123.331766" lat="44.610175"><ele>154.520615</ele><time>2021-01-17T21:08:57Z</time><extensions><speed>1.758268</speed><course>56.647598</course><hAcc>0.941453</hAcc><vAcc>0.697072</vAcc></extensions></trkpt>
      <trkpt lon="-123.331766" lat="44.610159"><ele>154.600220</ele><time>2021-01-17T21:08:58Z</time><extensions><speed>1.768945</speed><course>68.158951</course><hAcc>0.941477</hAcc><vAcc>0.697097</vAcc></extensions></trkpt>
      <trkpt lon="-123.331766" lat="44.610143"><ele>154.673859</ele><time>2021-01-17T21:08:59Z</time><extensions><speed>1.776011</speed><course>73.363770</course><hAcc>0.941428</hAcc><vAcc>0.697049</vAcc></extensions></trkpt>
      <trkpt lon="-123.331765" lat="44.610127"><ele>154.740387</ele><time>2021-01-17T21:09:00Z</time><extensions><speed>1.780526</speed><course>78.996078</course><hAcc>0.941325</hAcc><vAcc>0.696945</vAcc></extensions></trkpt>
      <trkpt lon="-123.331764" lat="44.610111"><ele>154.799698</ele><time>2021-01-17T21:09:01Z</time><extensions><speed>1.782638</speed><course>81.234291</course><hAcc>0.941193</hAcc><vAcc>0.696813</vAcc></extensions></trkpt>
      <trkpt lon="-123.331763" lat="44.610095"><ele>154.851974</ele><time>2021-01-17T21:09:02Z</time><extensions><speed>1.782335</speed><course>75.508301</course><hAcc>0.941060</hAcc><vAcc>0.696679</vAcc></extensions></trkpt>
      <trkpt lon="-123.331762" lat="44.610079"><ele>154.897369</ele><time>2021-01-17T21:09:03Z</time><extensions><speed>1.779659</speed><course>75.664490</course><hAcc>0.940950</hAcc><vAcc>0.696569</vAcc></extensions></trkpt>
      <trkpt lon="-123.331761" lat="44.610063"><ele>154.935455</ele><time>2021-01-17T21:09:04Z</time><extensions><speed>1.774185</speed><course>75.664482</course><hAcc>0.940883</hAcc><vAcc>0.696503</vAcc></extensions></trkpt>
      <trkpt lon="-123.331760" lat="44.610047"><ele>154.965073</ele><time>2021-01-17T21:09:05Z</time><extensions><speed>1.766123</speed><course>-1.000000</course><hAcc>0.940872</hAcc><vAcc>0.696493</vAcc></extensions></trkpt>
      <trkpt lon="-123.331758" lat="44.610031"><ele>154.984863</ele><time>2021-01-17T21:09:06Z</time><extensions><speed>1.756262</speed><course>81.872025</course><hAcc>0.940924</hAcc><vAcc>0.696549</vAcc></extensions></trkpt>
      <trkpt lon="-123.331757" lat="44.610015"><ele>154.993912</ele><time>2021-01-17T21:09:07Z</time><extensions><speed>1.745345</speed><course>67.532890</course><hAcc>0.941045</hAcc><vAcc>0.696674</vAcc></extensions></trkpt>
      <trkpt lon="-123.331756" lat="44.610000"><ele>154.991898</ele><time>2021-01-17T21:09:08Z</time><extensions><speed>1.733981</speed><course>65.902733</course><hAcc>0.941235</hAcc><vAcc>0.696870</vAcc></extensions></trkpt>
      <trkpt lon="-123.331755" lat="44.609984"><ele>154.978607</ele><time>2021-01-17T21:09:09Z</time><extensions><speed>1.721971</speed><course>74.822517</course><hAcc>0.941494</hAcc><vAcc>0.697136</vAcc></extensions></trkpt>
      <trkpt lon="-123.331755" lat="44.609969"><ele>154.953476</ele><time>2021-01-17T21:09:10Z</time><extensions><speed>1.709192</speed><course>75.595337</course><hAcc>0.941812</hAcc><vAcc>0.697462</vAcc></extensions></trkpt>
      <trkpt lon="-123.331754" lat="44.609954"><ele>154.915756</ele><time>2021-01-17T21:09:11Z</time><extensions><speed>1.695357</speed><course>-1.000000</course><hAcc>0.942174</hAcc><vAcc>0.697833</vAcc></extensions></trkpt>
      <trkpt lon="-123.331754" lat="44.609938"><ele>154.865280</ele><time>2021-01-17T21:09:12Z</time><extensions><speed>1.679630</speed><course>98.037910</course><hAcc>0.942561</hAcc><vAcc>0.698229</vAcc></extensions></trkpt>
      <trkpt lon="-123.331753" lat="44.609923"><ele>154.802673</ele><time>2021-01-17T21:09:13Z</time><extensions><speed>1.661541</speed><course>92.458374</course><hAcc>0.942954</hAcc><vAcc>0.698631</vAcc></extensions></trkpt>
      <trkpt lon="-123.331753" lat="44.609908"><ele>154.728928</ele><time>2021-01-17T21:09:14Z</time><extensions><speed>1.641819</speed><course>78.297752</course><hAcc>0.943329</hAcc><vAcc>0.699015</vAcc></extensions></trkpt>
      <trkpt lon="-123.331753" lat="44.609894"><ele>154.645493</ele><time>2021-01-17T21:09:15Z</time><extensions><speed>1.621519</speed><course>79.541878</course><hAcc>0.943660</hAcc><vAcc>0.699353</vAcc></extensions></trkpt>
      <trkpt lon="-123.331753" lat="44.609879"><ele>154.554169</ele><time>2021-01-17T21:09:16Z</time><extensions><speed>1.601350</speed><course>75.691597</course><hAcc>0.943922</hAcc><vAcc>0.699620</vAcc></extensions></trkpt>
      <trkpt lon="-123.331752" lat="44.609865"><ele>154.457077</ele><time>2021-01-17T21:09:17Z</time><extensions><speed>1.582626</speed><course>62.112579</course><hAcc>0.944095</hAcc><vAcc>0.699798</vAcc></extensions></trkpt>
      <trkpt lon="-123.331752" lat="44.609851"><ele>154.356918</ele><time>2021-01-17T21:09:18Z</time><extensions><speed>1.566476</speed><course>81.027252</course><hAcc>0.944173</hAcc><vAcc>0.699880</vAcc></extensions></trkpt>
      <trkpt lon="-123.331752" lat="44.609837"><ele>154.256927</ele><time>2021-01-17T21:09:19Z</time><extensions><speed>1.553225</speed><course>88.659317</course><hAcc>0.944163</hAcc><vAcc>0.699871</vAcc></extensions></trkpt>
      <trkpt lon="-123.331751" lat="44.609823"><ele>154.160889</ele><time>2021-01-17T21:09:20Z</time><extensions><speed>1.543727</speed><course>90.298363</course><hAcc>0.944074</hAcc><vAcc>0.699782</vAcc></extensions></trkpt>
      <trkpt lon="-123.331751" lat="44.609809"><ele>154.073044</ele><time>2021-01-17T21:09:21Z</time><extensions><speed>1.538924</speed><course>81.574188</course><hAcc>0.943924</hAcc><vAcc>0.699630</vAcc></extensions></trkpt>
      <trkpt lon="-123.331750" lat="44.609795"><ele>153.997528</ele><time>2021-01-17T21:09:22Z</time><extensions><speed>1.538927</speed><course>93.972008</course><hAcc>0.943733</hAcc><vAcc>0.699437</vAcc></extensions></trkpt>
      <trkpt lon="-123.331750" lat="44.609781"><ele>153.937546</ele><time>2021-01-17T21:09:23Z</time><extensions><speed>1.543109</speed><course>93.508827</course><hAcc>0.943523</hAcc><vAcc>0.699223</vAcc></extensions></trkpt>
      <trkpt lon="-123.331749" lat="44.609767"><ele>153.895004</ele><time>2021-01-17T21:09:24Z</time><extensions><speed>1.550736</speed><course>102.202805</course><hAcc>0.943314</hAcc><vAcc>0.699010</vAcc></extensions></trkpt>
      <trkpt lon="-123.331749" lat="44.609753"><ele>153.870255</ele><time>2021-01-17T21:09:25Z</time><extensions><speed>1.560389</speed><course>95.189636</course><hAcc>0.943117</hAcc><vAcc>0.698807</vAcc></extensions></trkpt>
      <trkpt lon="-123.331748" lat="44.609739"><ele>153.861801</ele><time>2021-01-17T21:09:26Z</time><extensions><speed>1.569754</speed><course>104.850212</course><hAcc>0.942938</hAcc><vAcc>0.698623</vAcc></extensions></trkpt>
      <trkpt lon="-123.331748" lat="44.609725"><ele>153.866470</ele><time>2021-01-17T21:09:27Z</time><extensions><speed>1.577093</speed><course>95.359703</course><hAcc>0.942780</hAcc><vAcc>0.698459</vAcc></extensions></trkpt>
      <trkpt lon="-123.331747" lat="44.609711"><ele>153.880280</ele><time>2021-01-17T21:09:28Z</time><extensions><speed>1.581579</speed><course>-1.000000</course><hAcc>0.942641</hAcc><vAcc>0.698315</vAcc></extensions></trkpt>
      <trkpt lon="-123.331747" lat="44.609697"><ele>153.899338</ele><time>2021-01-17T21:09:29Z</time><extensions><speed>1.582942</speed><course>102.420227</course><hAcc>0.942516</hAcc><vAcc>0.698183</vAcc></extensions></trkpt>
      <trkpt lon="-123.331746" lat="44.609682"><ele>153.920166</ele><time>2021-01-17T21:09:30Z</time><extensions><speed>1.581223</speed><course>107.825111</course><hAcc>0.942391</hAcc><vAcc>0.698051</vAcc></extensions></trkpt>
      <trkpt lon="-123.331745" lat="44.609668"><ele>153.940079</ele><time>2021-01-17T21:09:31Z</time><extensions><speed>1.577282</speed><course>-1.000000</course><hAcc>0.942250</hAcc><vAcc>0.697901</vAcc></extensions></trkpt>
      <trkpt lon="-123.331744" lat="44.609654"><ele>153.957779</ele><time>2021-01-17T21:09:32Z</time><extensions><speed>1.572443</speed><course>109.126534</course><hAcc>0.942077</hAcc><vAcc>0.697718</vAcc></extensions></trkpt>
      <trkpt lon="-123.331744" lat="44.609640"><ele>153.973526</ele><time>2021-01-17T21:09:33Z</time><extensions><speed>1.567465</speed><course>110.853050</course><hAcc>0.941858</hAcc><vAcc>0.697487</vAcc></extensions></trkpt>
      <trkpt lon="-123.331743" lat="44.609626"><ele>153.988998</ele><time>2021-01-17T21:09:34Z</time><extensions><speed>1.563048</speed><course>114.108307</course><hAcc>0.941571</hAcc><vAcc>0.697186</vAcc></extensions></trkpt>
      <trkpt lon="-123.331742" lat="44.609612"><ele>154.006699</ele><time>2021-01-17T21:09:35Z</time><extensions><speed>1.559678</speed><course>110.615021</course><hAcc>0.941192</hAcc><vAcc>0.696791</vAcc></extensions></trkpt>
      <trkpt lon="-123.331740" lat="44.609598"><ele>154.029190</ele><time>2021-01-17T21:09:36Z</time><extensions><speed>1.557496</speed><course>111.299713</course><hAcc>0.940699</hAcc><vAcc>0.696279</vAcc></extensions></trkpt>
      <trkpt lon="-123.331739" lat="44.609584"><ele>154.058777</ele><time>2021-01-17T21:09:37Z</time><extensions><speed>1.556854</speed><course>-1.000000</course><hAcc>0.940081</hAcc><vAcc>0.695639</vAcc></extensions></trkpt>
      <trkpt lon="-123.331738" lat="44.609570"><ele>154.098038</ele><time>2021-01-17T21:09:38Z</time><extensions><speed>1.558406</speed><course>-1.000000</course><hAcc>0.939341</hAcc><vAcc>0.694876</vAcc></extensions></trkpt>
      <trkpt lon="-123.331737" lat="44.609556"><ele>154.149582</ele><time>2021-01-17T21:09:39Z</time><extensions><speed>1.562538</speed><course>76.250580</course><hAcc>0.938502</hAcc><vAcc>0.694011</vAcc></extensions></trkpt>
      <trkpt lon="-123.331737" lat="44.609542"><ele>154.215073</ele><time>2021-01-17T21:09:40Z</time><extensions><speed>1.568994</speed><course>103.171608</course><hAcc>0.937600</hAcc><vAcc>0.693084</vAcc></extensions></trkpt>
      <trkpt lon="-123.331736" lat="44.609528"><ele>154.294876</ele><time>2021-01-17T21:09:41Z</time><extensions><speed>1.576959</speed><course>105.598244</course><hAcc>0.936687</hAcc><vAcc>0.692144</vAcc></extensions></trkpt>
      <trkpt lon="-123.331735" lat="44.609513"><ele>154.388168</ele><time>2021-01-17T21:09:42Z</time><extensions><speed>1.585051</speed><course>-1.000000</course><hAcc>0.935815</hAcc><vAcc>0.691246</vAcc></extensions></trkpt>
      <trkpt lon="-123.331734" lat="44.609499"><ele>154.493164</ele><time>2021-01-17T21:09:43Z</time><extensions><speed>1.592398</speed><course>-1.000000</course><hAcc>0.935033</hAcc><vAcc>0.690440</vAcc></extensions></trkpt>
      <trkpt lon="-123.331733" lat="44.609485"><ele>154.607224</ele><time>2021-01-17T21:09:44Z</time><extensions><speed>1.599441</speed><course>-1.000000</course><hAcc>0.934367</hAcc><vAcc>0.689752</vAcc></extensions></trkpt>
      <trkpt lon="-123.331733" lat="44.609470"><ele>154.727173</ele><time>2021-01-17T21:09:45Z</time><extensions><speed>1.606066</speed><course>-1.000000</course><hAcc>0.933829</hAcc><vAcc>0.689196</vAcc></extensions></trkpt>
      <trkpt lon="-123.331732" lat="44.609456"><ele>154.849197</ele><time>2021-01-17T21:09:46Z</time><extensions><speed>1.611219</speed><course>-1.000000</course><hAcc>0.933425</hAcc><vAcc>0.688779</vAcc></extensions></trkpt>
      <trkpt lon="-123.331732" lat="44.609441"><ele>154.968445</ele><time>2021-01-17T21:09:47Z</time><extensions><speed>1.614236</speed><course>-1.000000</course><hAcc>0.933168</hAcc><vAcc>0.688512</vAcc></extensions></trkpt>
      <trkpt lon="-123.331731" lat="44.609427"><ele>155.078857</ele><time>2021-01-17T21:09:48Z</time><extensions><speed>1.614744</speed><course>-1.000000</course><hAcc>0.933066</hAcc><vAcc>0.688405</vAcc></extensions></trkpt>
      <trkpt lon="-123.331730" lat="44.609412"><ele>155.174225</ele><time>2021-01-17T21:09:49Z</time><extensions><speed>1.612772</speed><course>-1.000000</course><hAcc>0.933113</hAcc><vAcc>0.688452</vAcc></extensions></trkpt>
      <trkpt lon="-123.331730" lat="44.609398"><ele>155.249008</ele><time>2021-01-17T21:09:50Z</time><extensions><speed>1.608857</speed><course>-1.000000</course><hAcc>0.933296</hAcc><vAcc>0.688639</vAcc></extensions></trkpt>
      <trkpt lon="-123.331729" lat="44.609383"><ele>155.298523</ele><time>2021-01-17T21:09:51Z</time><extensions><speed>1.603909</speed><course>134.870117</course><hAcc>0.933598</hAcc><vAcc>0.688950</vAcc></extensions></trkpt>
      <trkpt lon="-123.331728" lat="44.609369"><ele>155.319641</ele><time>2021-01-17T21:09:52Z</time><extensions><speed>1.598688</speed><course>139.684601</course><hAcc>0.934003</hAcc><vAcc>0.689366</vAcc></extensions></trkpt>
      <trkpt lon="-123.331728" lat="44.609355"><ele>155.312027</ele><time>2021-01-17T21:09:53Z</time><extensions><speed>1.594163</speed><course>158.605789</course><hAcc>0.934486</hAcc><vAcc>0.689862</vAcc></extensions></trkpt>
      <trkpt lon="-123.331727" lat="44.609340"><ele>155.278091</ele><time>2021-01-17T21:09:54Z</time><extensions><speed>1.591066</speed><course>140.593979</course><hAcc>0.935009</hAcc><vAcc>0.690400</vAcc></extensions></trkpt>
      <trkpt lon="-123.331727" lat="44.609326"><ele>155.221542</ele><time>2021-01-17T21:09:55Z</time><extensions><speed>1.588994</speed><course>138.293900</course><hAcc>0.935532</hAcc><vAcc>0.690938</vAcc></extensions></trkpt>
      <trkpt lon="-123.331727" lat="44.609312"><ele>155.146301</ele><time>2021-01-17T21:09:56Z</time><extensions><speed>1.587402</speed><course>133.447845</course><hAcc>0.936025</hAcc><vAcc>0.691444</vAcc></extensions></trkpt>
      <trkpt lon="-123.331727" lat="44.609297"><ele>155.056290</ele><time>2021-01-17T21:09:57Z</time><extensions><speed>1.586006</speed><course>137.389481</course><hAcc>0.936467</hAcc><vAcc>0.691898</vAcc></extensions></trkpt>
      <trkpt lon="-123.331727" lat="44.609283"><ele>154.955368</ele><time>2021-01-17T21:09:58Z</time><extensions><speed>1.584608</speed><course>137.852219</course><hAcc>0.936849</hAcc><vAcc>0.692289</vAcc></extensions></trkpt>
      <trkpt lon="-123.331727" lat="44.609269"><ele>154.847168</ele><time>2021-01-17T21:09:59Z</time><extensions><speed>1.582796</speed><course>137.829254</course><hAcc>0.937159</hAcc><vAcc>0.692604</vAcc></extensions></trkpt>
      <trkpt lon="-123.331727" lat="44.609255"><ele>154.735275</ele><time>2021-01-17T21:10:00Z</time><extensions><speed>1.579780</speed><course>146.520721</course><hAcc>0.937368</hAcc><vAcc>0.692814</vAcc></extensions></trkpt>
      <trkpt lon="-123.331727" lat="44.609240"><ele>154.623367</ele><time>2021-01-17T21:10:01Z</time><extensions><speed>1.575980</speed><course>135.445053</course><hAcc>0.937423</hAcc><vAcc>0.692866</vAcc></extensions></trkpt>
      <trkpt lon="-123.331727" lat="44.609226"><ele>154.515060</ele><time>2021-01-17T21:10:02Z</time><extensions><speed>1.572229</speed><course>131.055099</course><hAcc>0.937273</hAcc><vAcc>0.692709</vAcc></extensions></trkpt>
      <trkpt lon="-123.331726" lat="44.609212"><ele>154.413116</ele><time>2021-01-17T21:10:03Z</time><extensions><speed>1.568611</speed><course>123.200661</course><hAcc>0.936900</hAcc><vAcc>0.692325</vAcc></extensions></trkpt>
      <trkpt lon="-123.331726" lat="44.609198"><ele>154.319199</ele><time>2021-01-17T21:10:04Z</time><extensions><speed>1.565963</speed><course>123.474365</course><hAcc>0.936317</hAcc><vAcc>0.691727</vAcc></extensions></trkpt>
      <trkpt lon="-123.331725" lat="44.609184"><ele>154.233887</ele><time>2021-01-17T21:10:05Z</time><extensions><speed>1.565133</speed><course>121.337402</course><hAcc>0.935574</hAcc><vAcc>0.690966</vAcc></extensions></trkpt>
      <trkpt lon="-123.331725" lat="44.609170"><ele>154.156677</ele><time>2021-01-17T21:10:06Z</time><extensions><speed>1.566167</speed><course>-1.000000</course><hAcc>0.934749</hAcc><vAcc>0.690122</vAcc></extensions></trkpt>
      <trkpt lon="-123.331724" lat="44.609156"><ele>154.086380</ele><time>2021-01-17T21:10:07Z</time><extensions><speed>1.568514</speed><course>-1.000000</course><hAcc>0.933933</hAcc><vAcc>0.689287</vAcc></extensions></trkpt>
      <trkpt lon="-123.331723" lat="44.609142"><ele>154.021164</ele><time>2021-01-17T21:10:08Z</time><extensions><speed>1.571767</speed><course>107.534912</course><hAcc>0.933217</hAcc><vAcc>0.688552</vAcc></extensions></trkpt>
      <trkpt lon="-123.331722" lat="44.609128"><ele>153.958527</ele><time>2021-01-17T21:10:09Z</time><extensions><speed>1.576547</speed><course>-1.000000</course><hAcc>0.932669</hAcc><vAcc>0.687987</vAcc></extensions></trkpt>
      <trkpt lon="-123.331721" lat="44.609113"><ele>153.895676</ele><time>2021-01-17T21:10:10Z</time><extensions><speed>1.583701</speed><course>108.600426</course><hAcc>0.932323</hAcc><vAcc>0.687628</vAcc></extensions></trkpt>
      <trkpt lon="-123.331721" lat="44.609099"><ele>153.829956</ele><time>2021-01-17T21:10:11Z</time><extensions><speed>1.593455</speed><course>108.392113</course><hAcc>0.932175</hAcc><vAcc>0.687471</vAcc></extensions></trkpt>
      <trkpt lon="-123.331720" lat="44.609085"><ele>153.759552</ele><time>2021-01-17T21:10:12Z</time><extensions><speed>1.605417</speed><course>131.712875</course><hAcc>0.932182</hAcc><vAcc>0.687474</vAcc></extensions></trkpt>
      <trkpt lon="-123.331719" lat="44.609070"><ele>153.683792</ele><time>2021-01-17T21:10:13Z</time><extensions><speed>1.618775</speed><course>144.769653</course><hAcc>0.932284</hAcc><vAcc>0.687576</vAcc></extensions></trkpt>
      <trkpt lon="-123.331718" lat="44.609056"><ele>153.603607</ele><time>2021-01-17T21:10:14Z</time><extensions><speed>1.632516</speed><course>139.577591</course><hAcc>0.932433</hAcc><vAcc>0.687729</vAcc></extensions></trkpt>
      <trkpt lon="-123.331718" lat="44.609041"><ele>153.522034</ele><time>2021-01-17T21:10:15Z</time><extensions><speed>1.646176</speed><course>128.661179</course><hAcc>0.932612</hAcc><vAcc>0.687916</vAcc></extensions></trkpt>
      <trkpt lon="-123.331717" lat="44.609026"><ele>153.444214</ele><time>2021-01-17T21:10:16Z</time><extensions><speed>1.659366</speed><course>-1.000000</course><hAcc>0.932844</hAcc><vAcc>0.688161</vAcc></extensions></trkpt>
      <trkpt lon="-123.331716" lat="44.609011"><ele>153.375488</ele><time>2021-01-17T21:10:17Z</time><extensions><speed>1.671132</speed><course>-1.000000</course><hAcc>0.933178</hAcc><vAcc>0.688513</vAcc></extensions></trkpt>
      <trkpt lon="-123.331716" lat="44.608996"><ele>153.319901</ele><time>2021-01-17T21:10:18Z</time><extensions><speed>1.681251</speed><course>-1.000000</course><hAcc>0.933664</hAcc><vAcc>0.689021</vAcc></extensions></trkpt>
      <trkpt lon="-123.331716" lat="44.608981"><ele>153.280533</ele><time>2021-01-17T21:10:19Z</time><extensions><speed>1.689881</speed><course>-1.000000</course><hAcc>0.934328</hAcc><vAcc>0.689711</vAcc></extensions></trkpt>
      <trkpt lon="-123.331716" lat="44.608966"><ele>153.259796</ele><time>2021-01-17T21:10:20Z</time><extensions><speed>1.696652</speed><course>111.243103</course><hAcc>0.935168</hAcc><vAcc>0.690580</vAcc></extensions></trkpt>
      <trkpt lon="-123.331715" lat="44.608950"><ele>153.259171</ele><time>2021-01-17T21:10:21Z</time><extensions><speed>1.701053</speed><course>96.736237</course><hAcc>0.936159</hAcc><vAcc>0.691603</vAcc></extensions></trkpt>
      <trkpt lon="-123.331715" lat="44.608935"><ele>153.279236</ele><time>2021-01-17T21:10:22Z</time><extensions><speed>1.702938</speed><course>98.042442</course><hAcc>0.937260</hAcc><vAcc>0.692739</vAcc></extensions></trkpt>
      <trkpt lon="-123.331715" lat="44.608920"><ele>153.319244</ele><time>2021-01-17T21:10:23Z</time><extensions><speed>1.702159</speed><course>74.166267</course><hAcc>0.938427</hAcc><vAcc>0.693940</vAcc></extensions></trkpt>
      <trkpt lon="-123.331714" lat="44.608904"><ele>153.376770</ele><time>2021-01-17T21:10:24Z</time><extensions><speed>1.698177</speed><course>84.670074</course><hAcc>0.939607</hAcc><vAcc>0.695155</vAcc></extensions></trkpt>
      <trkpt lon="-123.331714" lat="44.608889"><ele>153.448212</ele><time>2021-01-17T21:10:25Z</time><extensions><speed>1.691293</speed><course>78.962189</course><hAcc>0.940746</hAcc><vAcc>0.696329</vAcc></extensions></trkpt>
      <trkpt lon="-123.331713" lat="44.608874"><ele>153.530075</ele><time>2021-01-17T21:10:26Z</time><extensions><speed>1.682556</speed><course>-1.000000</course><hAcc>0.941799</hAcc><vAcc>0.697415</vAcc></extensions></trkpt>
      <trkpt lon="-123.331713" lat="44.608859"><ele>153.620132</ele><time>2021-01-17T21:10:27Z</time><extensions><speed>1.672651</speed><course>61.431141</course><hAcc>0.942738</hAcc><vAcc>0.698385</vAcc></extensions></trkpt>
      <trkpt lon="-123.331712" lat="44.608844"><ele>153.717804</ele><time>2021-01-17T21:10:28Z</time><extensions><speed>1.661911</speed><course>62.841930</course><hAcc>0.943559</hAcc><vAcc>0.699235</vAcc></extensions></trkpt>
      <trkpt lon="-123.331711" lat="44.608829"><ele>153.823380</ele><time>2021-01-17T21:10:29Z</time><extensions><speed>1.649900</speed><course>58.450714</course><hAcc>0.944278</hAcc><vAcc>0.699979</vAcc></extensions></trkpt>
      <trkpt lon="-123.331710" lat="44.608814"><ele>153.937149</ele><time>2021-01-17T21:10:30Z</time><extensions><speed>1.636259</speed><course>33.301662</course><hAcc>0.944911</hAcc><vAcc>0.700635</vAcc></extensions></trkpt>
      <trkpt lon="-123.331710" lat="44.608799"><ele>154.059219</ele><time>2021-01-17T21:10:31Z</time><extensions><speed>1.621481</speed><course>16.739519</course><hAcc>0.945465</hAcc><vAcc>0.701209</vAcc></extensions></trkpt>
      <trkpt lon="-123.331709" lat="44.608785"><ele>154.189621</ele><time>2021-01-17T21:10:32Z</time><extensions><speed>1.606313</speed><course>14.243069</course><hAcc>0.945941</hAcc><vAcc>0.701701</vAcc></extensions></trkpt>
      <trkpt lon="-123.331708" lat="44.608771"><ele>154.327927</ele><time>2021-01-17T21:10:33Z</time><extensions><speed>1.590907</speed><course>6.726496</course><hAcc>0.946336</hAcc><vAcc>0.702111</vAcc></extensions></trkpt>
      <trkpt lon="-123.331708" lat="44.608756"><ele>154.473175</ele><time>2021-01-17T21:10:34Z</time><extensions><speed>1.575455</speed><course>4.262280</course><hAcc>0.946652</hAcc><vAcc>0.702438</vAcc></extensions></trkpt>
      <trkpt lon="-123.331707" lat="44.608742"><ele>154.623581</ele><time>2021-01-17T21:10:35Z</time><extensions><speed>1.560591</speed><course>358.257141</course><hAcc>0.946894</hAcc><vAcc>0.702690</vAcc></extensions></trkpt>
      <trkpt lon="-123.331706" lat="44.608728"><ele>154.776505</ele><time>2021-01-17T21:10:36Z</time><extensions><speed>1.546436</speed><course>354.499573</course><hAcc>0.947073</hAcc><vAcc>0.702878</vAcc></extensions></trkpt>
      <trkpt lon="-123.331706" lat="44.608714"><ele>154.928482</ele><time>2021-01-17T21:10:37Z</time><extensions><speed>1.533000</speed><course>329.762665</course><hAcc>0.947203</hAcc><vAcc>0.703014</vAcc></extensions></trkpt>
      <trkpt lon="-123.331705" lat="44.608701"><ele>155.075668</ele><time>2021-01-17T21:10:38Z</time><extensions><speed>1.520250</speed><course>346.401825</course><hAcc>0.947300</hAcc><vAcc>0.703117</vAcc></extensions></trkpt>
      <trkpt lon="-123.331704" lat="44.608687"><ele>155.214111</ele><time>2021-01-17T21:10:39Z</time><extensions><speed>1.508472</speed><course>351.675934</course><hAcc>0.947384</hAcc><vAcc>0.703205</vAcc></extensions></trkpt>
      <trkpt lon="-123.331703" lat="44.608674"><ele>155.339890</ele><time>2021-01-17T21:10:40Z</time><extensions><speed>1.497463</speed><course>348.866150</course><hAcc>0.947466</hAcc><vAcc>0.703290</vAcc></extensions></trkpt>
      <trkpt lon="-123.331702" lat="44.608660"><ele>155.448868</ele><time>2021-01-17T21:10:41Z</time><extensions><speed>1.486162</speed><course>7.559316</course><hAcc>0.947551</hAcc><vAcc>0.703379</vAcc></extensions></trkpt>
      <trkpt lon="-123.331701" lat="44.608647"><ele>155.537155</ele><time>2021-01-17T21:10:42Z</time><extensions><speed>1.474076</speed><course>1.855940</course><hAcc>0.947638</hAcc><vAcc>0.703468</vAcc></extensions></trkpt>
      <trkpt lon="-123.331700" lat="44.608634"><ele>155.602203</ele><time>2021-01-17T21:10:43Z</time><extensions><speed>1.461904</speed><course>0.105100</course><hAcc>0.947719</hAcc><vAcc>0.703551</vAcc></extensions></trkpt>
      <trkpt lon="-123.331699" lat="44.608621"><ele>155.643280</ele><time>2021-01-17T21:10:44Z</time><extensions><speed>1.450403</speed><course>1.496132</course><hAcc>0.947791</hAcc><vAcc>0.703624</vAcc></extensions></trkpt>
      <trkpt lon="-123.331699" lat="44.608608"><ele>155.661591</ele><time>2021-01-17T21:10:45Z</time><extensions><speed>1.440302</speed><course>6.635558</course><hAcc>0.947850</hAcc><vAcc>0.703684</vAcc></extensions></trkpt>
      <trkpt lon="-123.331698" lat="44.608595"><ele>155.660095</ele><time>2021-01-17T21:10:46Z</time><extensions><speed>1.432612</speed><course>324.290192</course><hAcc>0.947896</hAcc><vAcc>0.703731</vAcc></extensions></trkpt>
      <trkpt lon="-123.331698" lat="44.608582"><ele>155.642838</ele><time>2021-01-17T21:10:47Z</time><extensions><speed>1.427971</speed><course>321.880066</course><hAcc>0.947927</hAcc><vAcc>0.703762</vAcc></extensions></trkpt>
      <trkpt lon="-123.331699" lat="44.608569"><ele>155.613998</ele><time>2021-01-17T21:10:48Z</time><extensions><speed>1.426804</speed><course>-1.000000</course><hAcc>0.947942</hAcc><vAcc>0.703777</vAcc></extensions></trkpt>
      <trkpt lon="-123.331700" lat="44.608556"><ele>155.576950</ele><time>2021-01-17T21:10:49Z</time><extensions><speed>1.429580</speed><course>-1.000000</course><hAcc>0.947937</hAcc><vAcc>0.703771</vAcc></extensions></trkpt>
      <trkpt lon="-123.331701" lat="44.608543"><ele>155.533997</ele><time>2021-01-17T21:10:50Z</time><extensions><speed>1.436876</speed><course>-1.000000</course><hAcc>0.947905</hAcc><vAcc>0.703738</vAcc></extensions></trkpt>
      <trkpt lon="-123.331703" lat="44.608530"><ele>155.486740</ele><time>2021-01-17T21:10:51Z</time><extensions><speed>1.448536</speed><course>-1.000000</course><hAcc>0.947842</hAcc><vAcc>0.703674</vAcc></extensions></trkpt>
      <trkpt lon="-123.331705" lat="44.608517"><ele>155.436188</ele><time>2021-01-17T21:10:52Z</time><extensions><speed>1.463151</speed><course>17.267794</course><hAcc>0.947751</hAcc><vAcc>0.703581</vAcc></extensions></trkpt>
      <trkpt lon="-123.331707" lat="44.608504"><ele>155.382843</ele><time>2021-01-17T21:10:53Z</time><extensions><speed>1.478664</speed><course>357.818604</course><hAcc>0.947643</hAcc><vAcc>0.703471</vAcc></extensions></trkpt>
      <trkpt lon="-123.331710" lat="44.608491"><ele>155.326889</ele><time>2021-01-17T21:10:54Z</time><extensions><speed>1.494188</speed><course>-1.000000</course><hAcc>0.947526</hAcc><vAcc>0.703352</vAcc></extensions></trkpt>
      <trkpt lon="-123.331712" lat="44.608478"><ele>155.268478</ele><time>2021-01-17T21:10:55Z</time><extensions><speed>1.510234</speed><course>339.270660</course><hAcc>0.947408</hAcc><vAcc>0.703232</vAcc></extensions></trkpt>
      <trkpt lon="-123.331715" lat="44.608464"><ele>155.207886</ele><time>2021-01-17T21:10:56Z</time><extensions><speed>1.527382</speed><course>342.810455</course><hAcc>0.947297</hAcc><vAcc>0.703119</vAcc></extensions></trkpt>
      <trkpt lon="-123.331718" lat="44.608450"><ele>155.145264</ele><time>2021-01-17T21:10:57Z</time><extensions><speed>1.545979</speed><course>337.756042</course><hAcc>0.947206</hAcc><vAcc>0.703025</vAcc></extensions></trkpt>
      <trkpt lon="-123.331721" lat="44.608436"><ele>155.080688</ele><time>2021-01-17T21:10:58Z</time><extensions><speed>1.565347</speed><course>318.371368</course><hAcc>0.947139</hAcc><vAcc>0.702955</vAcc></extensions></trkpt>
      <trkpt lon="-123.331724" lat="44.608422"><ele>155.014160</ele><time>2021-01-17T21:10:59Z</time><extensions><speed>1.583724</speed><course>336.732269</course><hAcc>0.947092</hAcc><vAcc>0.702905</vAcc></extensions></trkpt>
      <trkpt lon="-123.331727" lat="44.608408"><ele>154.945053</ele><time>2021-01-17T21:11:00Z</time><extensions><speed>1.599346</speed><course>324.693054</course><hAcc>0.947050</hAcc><vAcc>0.702859</vAcc></extensions></trkpt>
      <trkpt lon="-123.331730" lat="44.608394"><ele>154.871719</ele><time>2021-01-17T21:11:01Z</time><extensions><speed>1.611110</speed><course>314.107056</course><hAcc>0.946996</hAcc><vAcc>0.702800</vAcc></extensions></trkpt>
      <trkpt lon="-123.331732" lat="44.608380"><ele>154.791779</ele><time>2021-01-17T21:11:02Z</time><extensions><speed>1.618834</speed><course>322.566559</course><hAcc>0.946913</hAcc><vAcc>0.702711</vAcc></extensions></trkpt>
      <trkpt lon="-123.331735" lat="44.608365"><ele>154.703110</ele><time>2021-01-17T21:11:03Z</time><extensions><speed>1.623373</speed><course>335.698090</course><hAcc>0.946787</hAcc><vAcc>0.702580</vAcc></extensions></trkpt>
      <trkpt lon="-123.331738" lat="44.608351"><ele>154.604385</ele><time>2021-01-17T21:11:04Z</time><extensions><speed>1.625627</speed><course>346.132324</course><hAcc>0.946610</hAcc><vAcc>0.702396</vAcc></extensions></trkpt>
      <trkpt lon="-123.331741" lat="44.608336"><ele>154.495193</ele><time>2021-01-17T21:11:05Z</time><extensions><speed>1.625484</speed><course>350.980804</course><hAcc>0.946377</hAcc><vAcc>0.702156</vAcc></extensions></trkpt>
      <trkpt lon="-123.331743" lat="44.608322"><ele>154.375519</ele><time>2021-01-17T21:11:06Z</time><extensions><speed>1.622551</speed><course>-1.000000</course><hAcc>0.946093</hAcc><vAcc>0.701865</vAcc></extensions></trkpt>
      <trkpt lon="-123.331746" lat="44.608307"><ele>154.245682</ele><time>2021-01-17T21:11:07Z</time><extensions><speed>1.617292</speed><course>341.260498</course><hAcc>0.945773</hAcc><vAcc>0.701539</vAcc></extensions></trkpt>
      <trkpt lon="-123.331748" lat="44.608293"><ele>154.106827</ele><time>2021-01-17T21:11:08Z</time><extensions><speed>1.610356</speed><course>-1.000000</course><hAcc>0.945442</hAcc><vAcc>0.701203</vAcc></extensions></trkpt>
      <trkpt lon="-123.331750" lat="44.608278"><ele>153.961288</ele><time>2021-01-17T21:11:09Z</time><extensions><speed>1.602035</speed><course>338.513245</course><hAcc>0.945134</hAcc><vAcc>0.700891</vAcc></extensions></trkpt>
      <trkpt lon="-123.331752" lat="44.608264"><ele>153.812515</ele><time>2021-01-17T21:11:10Z</time><extensions><speed>1.593218</speed><course>357.735413</course><hAcc>0.944884</hAcc><vAcc>0.700639</vAcc></extensions></trkpt>
      <trkpt lon="-123.331754" lat="44.608250"><ele>153.664505</ele><time>2021-01-17T21:11:11Z</time><extensions><speed>1.585143</speed><course>5.993009</course><hAcc>0.944730</hAcc><vAcc>0.700486</vAcc></extensions></trkpt>
      <trkpt lon="-123.331756" lat="44.608236"><ele>153.521500</ele><time>2021-01-17T21:11:12Z</time><extensions><speed>1.578559</speed><course>8.318940</course><hAcc>0.944708</hAcc><vAcc>0.700467</vAcc></extensions></trkpt>
      <trkpt lon="-123.331758" lat="44.608222"><ele>153.387573</ele><time>2021-01-17T21:11:13Z</time><extensions><speed>1.573615</speed><course>-1.000000</course><hAcc>0.944847</hAcc><vAcc>0.700612</vAcc></extensions></trkpt>
      <trkpt lon="-123.331760" lat="44.608208"><ele>153.266220</ele><time>2021-01-17T21:11:14Z</time><extensions><speed>1.570276</speed><course>-1.000000</course><hAcc>0.945156</hAcc><vAcc>0.700931</vAcc></extensions></trkpt>
      <trkpt lon="-123.331762" lat="44.608193"><ele>153.160858</ele><time>2021-01-17T21:11:15Z</time><extensions><speed>1.569107</speed><course>-1.000000</course><hAcc>0.945631</hAcc><vAcc>0.701420</vAcc></extensions></trkpt>
      <trkpt lon="-123.331763" lat="44.608179"><ele>153.075638</ele><time>2021-01-17T21:11:16Z</time><extensions><speed>1.570970</speed><course>-1.000000</course><hAcc>0.946256</hAcc><vAcc>0.702061</vAcc></extensions></trkpt>
      <trkpt lon="-123.331765" lat="44.608165"><ele>153.015015</ele><time>2021-01-17T21:11:17Z</time><extensions><speed>1.575562</speed><course>-1.000000</course><hAcc>0.947008</hAcc><vAcc>0.702833</vAcc></extensions></trkpt>
      <trkpt lon="-123.331768" lat="44.608151"><ele>152.982071</ele><time>2021-01-17T21:11:18Z</time><extensions><speed>1.580523</speed><course>-1.000000</course><hAcc>0.947860</hAcc><vAcc>0.703705</vAcc></extensions></trkpt>
      <trkpt lon="-123.331770" lat="44.608137"><ele>152.977325</ele><time>2021-01-17T21:11:19Z</time><extensions><speed>1.583661</speed><course>-1.000000</course><hAcc>0.948783</hAcc><vAcc>0.704649</vAcc></extensions></trkpt>
      <trkpt lon="-123.331772" lat="44.608123"><ele>152.999634</ele><time>2021-01-17T21:11:20Z</time><extensions><speed>1.584682</speed><course>281.767426</course><hAcc>0.949744</hAcc><vAcc>0.705633</vAcc></extensions></trkpt>
      <trkpt lon="-123.331775" lat="44.608109"><ele>153.047043</ele><time>2021-01-17T21:11:21Z</time><extensions><speed>1.583602</speed><course>300.052368</course><hAcc>0.950710</hAcc><vAcc>0.706621</vAcc></extensions></trkpt>
      <trkpt lon="-123.331777" lat="44.608095"><ele>153.117081</ele><time>2021-01-17T21:11:22Z</time><extensions><speed>1.580302</speed><course>299.435669</course><hAcc>0.951640</hAcc><vAcc>0.707571</vAcc></extensions></trkpt>
      <trkpt lon="-123.331779" lat="44.608080"><ele>153.206818</ele><time>2021-01-17T21:11:23Z</time><extensions><speed>1.574814</speed><course>309.819427</course><hAcc>0.952491</hAcc><vAcc>0.708440</vAcc></extensions></trkpt>
      <trkpt lon="-123.331782" lat="44.608066"><ele>153.312759</ele><time>2021-01-17T21:11:24Z</time><extensions><speed>1.567611</speed><course>-1.000000</course><hAcc>0.953223</hAcc><vAcc>0.709189</vAcc></extensions></trkpt>
      <trkpt lon="-123.331784" lat="44.608052"><ele>153.431168</ele><time>2021-01-17T21:11:25Z</time><extensions><speed>1.559492</speed><course>326.891235</course><hAcc>0.953811</hAcc><vAcc>0.709790</vAcc></extensions></trkpt>
      <trkpt lon="-123.331786" lat="44.608039"><ele>153.558472</ele><time>2021-01-17T21:11:26Z</time><extensions><speed>1.551277</speed><course>339.004791</course><hAcc>0.954237</hAcc><vAcc>0.710227</vAcc></extensions></trkpt>
      <trkpt lon="-123.331788" lat="44.608025"><ele>153.690872</ele><time>2021-01-17T21:11:27Z</time><extensions><speed>1.543635</speed><course>341.928619</course><hAcc>0.954494</hAcc><vAcc>0.710493</vAcc></extensions></trkpt>
      <trkpt lon="-123.331789" lat="44.608011"><ele>153.824280</ele><time>2021-01-17T21:11:28Z</time><extensions><speed>1.537656</speed><course>-1.000000</course><hAcc>0.954588</hAcc><vAcc>0.710592</vAcc></extensions></trkpt>
      <trkpt lon="-123.331790" lat="44.607997"><ele>153.955048</ele><time>2021-01-17T21:11:29Z</time><extensions><speed>1.534403</speed><course>-1.000000</course><hAcc>0.954534</hAcc><vAcc>0.710540</vAcc></extensions></trkpt>
      <trkpt lon="-123.331792" lat="44.607983"><ele>154.080124</ele><time>2021-01-17T21:11:30Z</time><extensions><speed>1.533628</speed><course>328.935608</course><hAcc>0.954353</hAcc><vAcc>0.710359</vAcc></extensions></trkpt>
      <trkpt lon="-123.331793" lat="44.607970"><ele>154.196671</ele><time>2021-01-17T21:11:31Z</time><extensions><speed>1.534663</speed><course>326.800262</course><hAcc>0.954070</hAcc><vAcc>0.710074</vAcc></extensions></trkpt>
      <trkpt lon="-123.331794" lat="44.607956"><ele>154.302139</ele><time>2021-01-17T21:11:32Z</time><extensions><speed>1.537383</speed><course>351.157928</course><hAcc>0.953714</hAcc><vAcc>0.709713</vAcc></extensions></trkpt>
      <trkpt lon="-123.331795" lat="44.607942"><ele>154.394379</ele><time>2021-01-17T21:11:33Z</time><extensions><speed>1.541831</speed><course>3.936445</course><hAcc>0.953313</hAcc><vAcc>0.709305</vAcc></extensions></trkpt>
      <trkpt lon="-123.331796" lat="44.607928"><ele>154.471420</ele><time>2021-01-17T21:11:34Z</time><extensions><speed>1.547941</speed><course>4.441267</course><hAcc>0.952894</hAcc><vAcc>0.708877</vAcc></extensions></trkpt>
      <trkpt lon="-123.331797" lat="44.607914"><ele>154.531067</ele><time>2021-01-17T21:11:35Z</time><extensions><speed>1.555464</speed><course>352.188629</course><hAcc>0.952479</hAcc><vAcc>0.708452</vAcc></extensions></trkpt>
      <trkpt lon="-123.331799" lat="44.607900"><ele>154.570724</ele><time>2021-01-17T21:11:36Z</time><extensions><speed>1.563874</speed><course>350.179871</course><hAcc>0.952078</hAcc><vAcc>0.708037</vAcc></extensions></trkpt>
      <trkpt lon="-123.331801" lat="44.607886"><ele>154.587677</ele><time>2021-01-17T21:11:37Z</time><extensions><speed>1.572383</speed><course>352.472778</course><hAcc>0.951684</hAcc><vAcc>0.707628</vAcc></extensions></trkpt>
      <trkpt lon="-123.331803" lat="44.607872"><ele>154.579590</ele><time>2021-01-17T21:11:38Z</time><extensions><speed>1.580570</speed><course>355.143982</course><hAcc>0.951276</hAcc><vAcc>0.707202</vAcc></extensions></trkpt>
      <trkpt lon="-123.331805" lat="44.607858"><ele>154.545227</ele><time>2021-01-17T21:11:39Z</time><extensions><speed>1.588331</speed><course>359.213257</course><hAcc>0.950826</hAcc><vAcc>0.706731</vAcc></extensions></trkpt>
      <trkpt lon="-123.331808" lat="44.607844"><ele>154.485001</ele><time>2021-01-17T21:11:40Z</time><extensions><speed>1.595756</speed><course>8.033879</course><hAcc>0.950310</hAcc><vAcc>0.706191</vAcc></extensions></trkpt>
      <trkpt lon="-123.331810" lat="44.607829"><ele>154.401413</ele><time>2021-01-17T21:11:41Z</time><extensions><speed>1.603182</speed><course>29.860607</course><hAcc>0.949718</hAcc><vAcc>0.705568</vAcc></extensions></trkpt>
      <trkpt lon="-123.331814" lat="44.607815"><ele>154.299377</ele><time>2021-01-17T21:11:42Z</time><extensions><speed>1.610878</speed><course>7.881889</course><hAcc>0.949055</hAcc><vAcc>0.704865</vAcc></extensions></trkpt>
      <trkpt lon="-123.331817" lat="44.607801"><ele>154.185562</ele><time>2021-01-17T21:11:43Z</time><extensions><speed>1.618989</speed><course>3.549458</course><hAcc>0.948339</hAcc><vAcc>0.704099</vAcc></extensions></trkpt>
      <trkpt lon="-123.331821" lat="44.607786"><ele>154.067032</ele><time>2021-01-17T21:11:44Z</time><extensions><speed>1.627323</speed><course>1.870256</course><hAcc>0.947604</hAcc><vAcc>0.703300</vAcc></extensions></trkpt>
      <trkpt lon="-123.331824" lat="44.607772"><ele>153.950287</ele><time>2021-01-17T21:11:45Z</time><extensions><speed>1.635722</speed><course>1.850423</course><hAcc>0.946883</hAcc><vAcc>0.702497</vAcc></extensions></trkpt>
      <trkpt lon="-123.331828" lat="44.607757"><ele>153.841278</ele><time>2021-01-17T21:11:46Z</time><extensions><speed>1.644522</speed><course>359.658569</course><hAcc>0.946201</hAcc><vAcc>0.701713</vAcc></extensions></trkpt>
      <trkpt lon="-123.331832" lat="44.607743"><ele>153.745239</ele><time>2021-01-17T21:11:47Z</time><extensions><speed>1.653642</speed><course>354.783691</course><hAcc>0.945577</hAcc><vAcc>0.700969</vAcc></extensions></trkpt>
      <trkpt lon="-123.331836" lat="44.607728"><ele>153.666214</ele><time>2021-01-17T21:11:48Z</time><extensions><speed>1.663095</speed><course>352.265472</course><hAcc>0.945027</hAcc><vAcc>0.700279</vAcc></extensions></trkpt>
      <trkpt lon="-123.331840" lat="44.607713"><ele>153.607025</ele><time>2021-01-17T21:11:49Z</time><extensions><speed>1.673309</speed><course>340.436920</course><hAcc>0.944561</hAcc><vAcc>0.699662</vAcc></extensions></trkpt>
      <trkpt lon="-123.331845" lat="44.607699"><ele>153.569656</ele><time>2021-01-17T21:11:50Z</time><extensions><speed>1.684469</speed><course>341.717743</course><hAcc>0.944183</hAcc><vAcc>0.699132</vAcc></extensions></trkpt>
      <trkpt lon="-123.331849" lat="44.607684"><ele>153.555511</ele><time>2021-01-17T21:11:51Z</time><extensions><speed>1.696827</speed><course>329.944275</course><hAcc>0.943885</hAcc><vAcc>0.698696</vAcc></extensions></trkpt>
      <trkpt lon="-123.331852" lat="44.607669"><ele>153.565567</ele><time>2021-01-17T21:11:52Z</time><extensions><speed>1.710862</speed><course>347.444641</course><hAcc>0.943646</hAcc><vAcc>0.698353</vAcc></extensions></trkpt>
      <trkpt lon="-123.331856" lat="44.607653"><ele>153.600571</ele><time>2021-01-17T21:11:53Z</time><extensions><speed>1.727616</speed><course>1.823776</course><hAcc>0.943440</hAcc><vAcc>0.698092</vAcc></extensions></trkpt>
      <trkpt lon="-123.331860" lat="44.607638"><ele>153.660995</ele><time>2021-01-17T21:11:54Z</time><extensions><speed>1.747394</speed><course>7.569431</course><hAcc>0.943255</hAcc><vAcc>0.697898</vAcc></extensions></trkpt>
      <trkpt lon="-123.331864" lat="44.607622"><ele>153.746735</ele><time>2021-01-17T21:11:55Z</time><extensions><speed>1.768335</speed><course>9.237578</course><hAcc>0.943088</hAcc><vAcc>0.697754</vAcc></extensions></trkpt>
      <trkpt lon="-123.331868" lat="44.607607"><ele>153.856964</ele><time>2021-01-17T21:11:56Z</time><extensions><speed>1.787917</speed><course>15.802356</course><hAcc>0.942937</hAcc><vAcc>0.697637</vAcc></extensions></trkpt>
      <trkpt lon="-123.331872" lat="44.607591"><ele>153.990204</ele><time>2021-01-17T21:11:57Z</time><extensions><speed>1.805233</speed><course>25.629736</course><hAcc>0.942804</hAcc><vAcc>0.697537</vAcc></extensions></trkpt>
      <trkpt lon="-123.331876" lat="44.607575"><ele>154.144653</ele><time>2021-01-17T21:11:58Z</time><extensions><speed>1.819663</speed><course>15.382177</course><hAcc>0.942715</hAcc><vAcc>0.697462</vAcc></extensions></trkpt>
      <trkpt lon="-123.331880" lat="44.607559"><ele>154.318298</ele><time>2021-01-17T21:11:59Z</time><extensions><speed>1.830403</speed><course>-1.000000</course><hAcc>0.942723</hAcc><vAcc>0.697450</vAcc></extensions></trkpt>
      <trkpt lon="-123.331884" lat="44.607542"><ele>154.509048</ele><time>2021-01-17T21:12:00Z</time><extensions><speed>1.837167</speed><course>9.233122</course><hAcc>0.942894</hAcc><vAcc>0.697551</vAcc></extensions></trkpt>
      <trkpt lon="-123.331888" lat="44.607526"><ele>154.714767</ele><time>2021-01-17T21:12:01Z</time><extensions><speed>1.839409</speed><course>1.414286</course><hAcc>0.943282</hAcc><vAcc>0.697807</vAcc></extensions></trkpt>
      <trkpt lon="-123.331893" lat="44.607510"><ele>154.933243</ele><time>2021-01-17T21:12:02Z</time><extensions><speed>1.836204</speed><course>-1.000000</course><hAcc>0.943900</hAcc><vAcc>0.698218</vAcc></extensions></trkpt>
      <trkpt lon="-123.331898" lat="44.607494"><ele>155.161865</ele><time>2021-01-17T21:12:03Z</time><extensions><speed>1.827605</speed><course>-1.000000</course><hAcc>0.944710</hAcc><vAcc>0.698741</vAcc></extensions></trkpt>
      <trkpt lon="-123.331903" lat="44.607478"><ele>155.397751</ele><time>2021-01-17T21:12:04Z</time><extensions><speed>1.814973</speed><course>-1.000000</course><hAcc>0.945653</hAcc><vAcc>0.699319</vAcc></extensions></trkpt>
      <trkpt lon="-123.331907" lat="44.607462"><ele>155.637772</ele><time>2021-01-17T21:12:05Z</time><extensions><speed>1.800337</speed><course>-1.000000</course><hAcc>0.946667</hAcc><vAcc>0.699895</vAcc></extensions></trkpt>
      <trkpt lon="-123.331913" lat="44.607446"><ele>155.878983</ele><time>2021-01-17T21:12:06Z</time><extensions><speed>1.785005</speed><course>41.735397</course><hAcc>0.947690</hAcc><vAcc>0.700423</vAcc></extensions></trkpt>
      <trkpt lon="-123.331918" lat="44.607431"><ele>156.118942</ele><time>2021-01-17T21:12:07Z</time><extensions><speed>1.768881</speed><course>18.404177</course><hAcc>0.948655</hAcc><vAcc>0.700865</vAcc></extensions></trkpt>
      <trkpt lon="-123.331923" lat="44.607415"><ele>156.355270</ele><time>2021-01-17T21:12:08Z</time><extensions><speed>1.751891</speed><course>31.154886</course><hAcc>0.949474</hAcc><vAcc>0.701180</vAcc></extensions></trkpt>
      <trkpt lon="-123.331929" lat="44.607400"><ele>156.585449</ele><time>2021-01-17T21:12:09Z</time><extensions><speed>1.733580</speed><course>29.378351</course><hAcc>0.950027</hAcc><vAcc>0.701311</vAcc></extensions></trkpt>
      <trkpt lon="-123.331934" lat="44.607385"><ele>156.806793</ele><time>2021-01-17T21:12:10Z</time><extensions><speed>1.712710</speed><course>37.374931</course><hAcc>0.950179</hAcc><vAcc>0.701196</vAcc></extensions></trkpt>
      <trkpt lon="-123.331940" lat="44.607370"><ele>157.016586</ele><time>2021-01-17T21:12:11Z</time><extensions><speed>1.688507</speed><course>27.523811</course><hAcc>0.949826</hAcc><vAcc>0.700789</vAcc></extensions></trkpt>
      <trkpt lon="-123.331946" lat="44.607356"><ele>157.212463</ele><time>2021-01-17T21:12:12Z</time><extensions><speed>1.661078</speed><course>39.783733</course><hAcc>0.948942</hAcc><vAcc>0.700083</vAcc></extensions></trkpt>
      <trkpt lon="-123.331952" lat="44.607342"><ele>157.392426</ele><time>2021-01-17T21:12:13Z</time><extensions><speed>1.631434</speed><course>30.053238</course><hAcc>0.947604</hAcc><vAcc>0.699120</vAcc></extensions></trkpt>
      <trkpt lon="-123.331958" lat="44.607328"><ele>157.554535</ele><time>2021-01-17T21:12:14Z</time><extensions><speed>1.601791</speed><course>16.751545</course><hAcc>0.945974</hAcc><vAcc>0.697988</vAcc></extensions></trkpt>
      <trkpt lon="-123.331963" lat="44.607314"><ele>157.696548</ele><time>2021-01-17T21:12:15Z</time><extensions><speed>1.574776</speed><course>27.012360</course><hAcc>0.944243</hAcc><vAcc>0.696795</vAcc></extensions></trkpt>
      <trkpt lon="-123.331969" lat="44.607301"><ele>157.816635</ele><time>2021-01-17T21:12:16Z</time><extensions><speed>1.553445</speed><course>38.125782</course><hAcc>0.942582</hAcc><vAcc>0.695640</vAcc></extensions></trkpt>
      <trkpt lon="-123.331975" lat="44.607287"><ele>157.914703</ele><time>2021-01-17T21:12:17Z</time><extensions><speed>1.540580</speed><course>26.790562</course><hAcc>0.941118</hAcc><vAcc>0.694601</vAcc></extensions></trkpt>
      <trkpt lon="-123.331981" lat="44.607274"><ele>157.993439</ele><time>2021-01-17T21:12:18Z</time><extensions><speed>1.537865</speed><course>16.643049</course><hAcc>0.939933</hAcc><vAcc>0.693735</vAcc></extensions></trkpt>
      <trkpt lon="-123.331987" lat="44.607261"><ele>158.057816</ele><time>2021-01-17T21:12:19Z</time><extensions><speed>1.545605</speed><course>27.758890</course><hAcc>0.939073</hAcc><vAcc>0.693088</vAcc></extensions></trkpt>
      <trkpt lon="-123.331993" lat="44.607248"><ele>158.113235</ele><time>2021-01-17T21:12:20Z</time><extensions><speed>1.561904</speed><course>37.875229</course><hAcc>0.938558</hAcc><vAcc>0.692687</vAcc></extensions></trkpt>
      <trkpt lon="-123.331999" lat="44.607234"><ele>158.163818</ele><time>2021-01-17T21:12:21Z</time><extensions><speed>1.583984</speed><course>41.910976</course><hAcc>0.938375</hAcc><vAcc>0.692545</vAcc></extensions></trkpt>
      <trkpt lon="-123.332005" lat="44.607220"><ele>158.212128</ele><time>2021-01-17T21:12:22Z</time><extensions><speed>1.609449</speed><course>47.594402</course><hAcc>0.938485</hAcc><vAcc>0.692654</vAcc></extensions></trkpt>
      <trkpt lon="-123.332010" lat="44.607206"><ele>158.258835</ele><time>2021-01-17T21:12:23Z</time><extensions><speed>1.635250</speed><course>45.894970</course><hAcc>0.938834</hAcc><vAcc>0.692996</vAcc></extensions></trkpt>
      <trkpt lon="-123.332016" lat="44.607192"><ele>158.301910</ele><time>2021-01-17T21:12:24Z</time><extensions><speed>1.657956</speed><course>40.511505</course><hAcc>0.939362</hAcc><vAcc>0.693550</vAcc></extensions></trkpt>
      <trkpt lon="-123.332021" lat="44.607177"><ele>158.337234</ele><time>2021-01-17T21:12:25Z</time><extensions><speed>1.674998</speed><course>30.149328</course><hAcc>0.940018</hAcc><vAcc>0.694287</vAcc></extensions></trkpt>
      <trkpt lon="-123.332025" lat="44.607163"><ele>158.360550</ele><time>2021-01-17T21:12:26Z</time><extensions><speed>1.685350</speed><course>351.419952</course><hAcc>0.940769</hAcc><vAcc>0.695178</vAcc></extensions></trkpt>
      <trkpt lon="-123.332029" lat="44.607148"><ele>158.368546</ele><time>2021-01-17T21:12:27Z</time><extensions><speed>1.689385</speed><course>355.546722</course><hAcc>0.941593</hAcc><vAcc>0.696183</vAcc></extensions></trkpt>
      <trkpt lon="-123.332032" lat="44.607133"><ele>158.358231</ele><time>2021-01-17T21:12:28Z</time><extensions><speed>1.687280</speed><course>9.255033</course><hAcc>0.942466</hAcc><vAcc>0.697257</vAcc></extensions></trkpt>
      <trkpt lon="-123.332035" lat="44.607118"><ele>158.326843</ele><time>2021-01-17T21:12:29Z</time><extensions><speed>1.679786</speed><course>19.109468</course><hAcc>0.943364</hAcc><vAcc>0.698355</vAcc></extensions></trkpt>
      <trkpt lon="-123.332037" lat="44.607103"><ele>158.273087</ele><time>2021-01-17T21:12:30Z</time><extensions><speed>1.668353</speed><course>0.752836</course><hAcc>0.944262</hAcc><vAcc>0.699438</vAcc></extensions></trkpt>
      <trkpt lon="-123.332038" lat="44.607088"><ele>158.197067</ele><time>2021-01-17T21:12:31Z</time><extensions><speed>1.653553</speed><course>10.446225</course><hAcc>0.945137</hAcc><vAcc>0.700475</vAcc></extensions></trkpt>
      <trkpt lon="-123.332039" lat="44.607073"><ele>158.099030</ele><time>2021-01-17T21:12:32Z</time><extensions><speed>1.635410</speed><course>18.882030</course><hAcc>0.945963</hAcc><vAcc>0.701436</vAcc></extensions></trkpt>
      <trkpt lon="-123.332040" lat="44.607058"><ele>157.978821</ele><time>2021-01-17T21:12:33Z</time><extensions><speed>1.614393</speed><course>25.755617</course><hAcc>0.946719</hAcc><vAcc>0.702298</vAcc></extensions></trkpt>
      <trkpt lon="-123.332039" lat="44.607044"><ele>157.836273</ele><time>2021-01-17T21:12:34Z</time><extensions><speed>1.591421</speed><course>17.925442</course><hAcc>0.947380</hAcc><vAcc>0.703039</vAcc></extensions></trkpt>
      <trkpt lon="-123.332039" lat="44.607030"><ele>157.671570</ele><time>2021-01-17T21:12:35Z</time><extensions><speed>1.567001</speed><course>13.140949</course><hAcc>0.947926</hAcc><vAcc>0.703644</vAcc></extensions></trkpt>
      <trkpt lon="-123.332039" lat="44.607016"><ele>157.485291</ele><time>2021-01-17T21:12:36Z</time><extensions><speed>1.541704</speed><course>1.223947</course><hAcc>0.948341</hAcc><vAcc>0.704098</vAcc></extensions></trkpt>
      <trkpt lon="-123.332038" lat="44.607002"><ele>157.278015</ele><time>2021-01-17T21:12:37Z</time><extensions><speed>1.516665</speed><course>2.777180</course><hAcc>0.948608</hAcc><vAcc>0.704390</vAcc></extensions></trkpt>
      <trkpt lon="-123.332037" lat="44.606988"><ele>157.050415</ele><time>2021-01-17T21:12:38Z</time><extensions><speed>1.493379</speed><course>3.171107</course><hAcc>0.948718</hAcc><vAcc>0.704514</vAcc></extensions></trkpt>
      <trkpt lon="-123.332036" lat="44.606975"><ele>156.804749</ele><time>2021-01-17T21:12:39Z</time><extensions><speed>1.473957</speed><course>355.631989</course><hAcc>0.948669</hAcc><vAcc>0.704470</vAcc></extensions></trkpt>
      <trkpt lon="-123.332035" lat="44.606962"><ele>156.546265</ele><time>2021-01-17T21:12:40Z</time><extensions><speed>1.460478</speed><course>353.362335</course><hAcc>0.948463</hAcc><vAcc>0.704264</vAcc></extensions></trkpt>
      <trkpt lon="-123.332035" lat="44.606949"><ele>156.283127</ele><time>2021-01-17T21:12:41Z</time><extensions><speed>1.454183</speed><course>354.168304</course><hAcc>0.948111</hAcc><vAcc>0.703910</vAcc></extensions></trkpt>
      <trkpt lon="-123.332034" lat="44.606936"><ele>156.025299</ele><time>2021-01-17T21:12:42Z</time><extensions><speed>1.455634</speed><course>359.940430</course><hAcc>0.947639</hAcc><vAcc>0.703433</vAcc></extensions></trkpt>
      <trkpt lon="-123.332034" lat="44.606923"><ele>155.783218</ele><time>2021-01-17T21:12:43Z</time><extensions><speed>1.465572</speed><course>359.231323</course><hAcc>0.947091</hAcc><vAcc>0.702877</vAcc></extensions></trkpt>
      <trkpt lon="-123.332034" lat="44.606909"><ele>155.566940</ele><time>2021-01-17T21:12:44Z</time><extensions><speed>1.484214</speed><course>352.536652</course><hAcc>0.946535</hAcc><vAcc>0.702309</vAcc></extensions></trkpt>
      <trkpt lon="-123.332034" lat="44.606896"><ele>155.384781</ele><time>2021-01-17T21:12:45Z</time><extensions><speed>1.509355</speed><course>345.571808</course><hAcc>0.946060</hAcc><vAcc>0.701813</vAcc></extensions></trkpt>
      <trkpt lon="-123.332035" lat="44.606882"><ele>155.241302</ele><time>2021-01-17T21:12:46Z</time><extensions><speed>1.537646</speed><course>357.022125</course><hAcc>0.945765</hAcc><vAcc>0.701480</vAcc></extensions></trkpt>
      <trkpt lon="-123.332036" lat="44.606868"><ele>155.136703</ele><time>2021-01-17T21:12:47Z</time><extensions><speed>1.566767</speed><course>328.155426</course><hAcc>0.945741</hAcc><vAcc>0.701392</vAcc></extensions></trkpt>
      <trkpt lon="-123.332037" lat="44.606854"><ele>155.068146</ele><time>2021-01-17T21:12:48Z</time><extensions><speed>1.595581</speed><course>328.155426</course><hAcc>0.946055</hAcc><vAcc>0.701599</vAcc></extensions></trkpt>
      <trkpt lon="-123.332038" lat="44.606840"><ele>155.030914</ele><time>2021-01-17T21:12:49Z</time><extensions><speed>1.624516</speed><course>328.155426</course><hAcc>0.946737</hAcc><vAcc>0.702114</vAcc></extensions></trkpt>
      <trkpt lon="-123.332040" lat="44.606825"><ele>155.019333</ele><time>2021-01-17T21:12:50Z</time><extensions><speed>1.653949</speed><course>328.155426</course><hAcc>0.947787</hAcc><vAcc>0.702915</vAcc></extensions></trkpt>
      <trkpt lon="-123.332042" lat="44.606810"><ele>155.026596</ele><time>2021-01-17T21:12:51Z</time><extensions><speed>1.683442</speed><course>328.155426</course><hAcc>0.949191</hAcc><vAcc>0.703965</vAcc></extensions></trkpt>
      <trkpt lon="-123.332043" lat="44.606795"><ele>155.045303</ele><time>2021-01-17T21:12:52Z</time><extensions><speed>1.712813</speed><course>346.063782</course><hAcc>0.950914</hAcc><vAcc>0.705209</vAcc></extensions></trkpt>
      <trkpt lon="-123.332045" lat="44.606779"><ele>155.068130</ele><time>2021-01-17T21:12:53Z</time><extensions><speed>1.741563</speed><course>330.724579</course><hAcc>0.952898</hAcc><vAcc>0.706578</vAcc></extensions></trkpt>
      <trkpt lon="-123.332048" lat="44.606763"><ele>155.088501</ele><time>2021-01-17T21:12:54Z</time><extensions><speed>1.769296</speed><course>345.059082</course><hAcc>0.955067</hAcc><vAcc>0.707996</vAcc></extensions></trkpt>
      <trkpt lon="-123.332050" lat="44.606747"><ele>155.101822</ele><time>2021-01-17T21:12:55Z</time><extensions><speed>1.796977</speed><course>355.246979</course><hAcc>0.957330</hAcc><vAcc>0.709395</vAcc></extensions></trkpt>
      <trkpt lon="-123.332052" lat="44.606731"><ele>155.106735</ele><time>2021-01-17T21:12:56Z</time><extensions><speed>1.826073</speed><course>6.603757</course><hAcc>0.959575</hAcc><vAcc>0.710715</vAcc></extensions></trkpt>
      <trkpt lon="-123.332055" lat="44.606715"><ele>155.104645</ele><time>2021-01-17T21:12:57Z</time><extensions><speed>1.856178</speed><course>11.296848</course><hAcc>0.961662</hAcc><vAcc>0.711897</vAcc></extensions></trkpt>
      <trkpt lon="-123.332058" lat="44.606698"><ele>155.097397</ele><time>2021-01-17T21:12:58Z</time><extensions><speed>1.884873</speed><course>348.141571</course><hAcc>0.963428</hAcc><vAcc>0.712878</vAcc></extensions></trkpt>
      <trkpt lon="-123.332061" lat="44.606681"><ele>155.085953</ele><time>2021-01-17T21:12:59Z</time><extensions><speed>1.908936</speed><course>322.178833</course><hAcc>0.964712</hAcc><vAcc>0.713591</vAcc></extensions></trkpt>
      <trkpt lon="-123.332065" lat="44.606664"><ele>155.070938</ele><time>2021-01-17T21:13:00Z</time><extensions><speed>1.925699</speed><course>29.019629</course><hAcc>0.965373</hAcc><vAcc>0.713973</vAcc></extensions></trkpt>
      <trkpt lon="-123.332068" lat="44.606647"><ele>155.053696</ele><time>2021-01-17T21:13:01Z</time><extensions><speed>1.934884</speed><course>1.629805</course><hAcc>0.965316</hAcc><vAcc>0.713977</vAcc></extensions></trkpt>
      <trkpt lon="-123.332072" lat="44.606630"><ele>155.036209</ele><time>2021-01-17T21:13:02Z</time><extensions><speed>1.937157</speed><course>355.061798</course><hAcc>0.964528</hAcc><vAcc>0.713592</vAcc></extensions></trkpt>
      <trkpt lon="-123.332077" lat="44.606613"><ele>155.020706</ele><time>2021-01-17T21:13:03Z</time><extensions><speed>1.932722</speed><course>336.920258</course><hAcc>0.963116</hAcc><vAcc>0.712867</vAcc></extensions></trkpt>
      <trkpt lon="-123.332081" lat="44.606596"><ele>155.009476</ele><time>2021-01-17T21:13:04Z</time><extensions><speed>1.922237</speed><course>350.854095</course><hAcc>0.961285</hAcc><vAcc>0.711903</vAcc></extensions></trkpt>
      <trkpt lon="-123.332086" lat="44.606579"><ele>155.004333</ele><time>2021-01-17T21:13:05Z</time><extensions><speed>1.906167</speed><course>14.825719</course><hAcc>0.959253</hAcc><vAcc>0.710806</vAcc></extensions></trkpt>
      <trkpt lon="-123.332091" lat="44.606562"><ele>155.006409</ele><time>2021-01-17T21:13:06Z</time><extensions><speed>1.884625</speed><course>7.965740</course><hAcc>0.957198</hAcc><vAcc>0.709654</vAcc></extensions></trkpt>
      <trkpt lon="-123.332096" lat="44.606546"><ele>155.016052</ele><time>2021-01-17T21:13:07Z</time><extensions><speed>1.857918</speed><course>322.279572</course><hAcc>0.955231</hAcc><vAcc>0.708496</vAcc></extensions></trkpt>
      <trkpt lon="-123.332101" lat="44.606529"><ele>155.033356</ele><time>2021-01-17T21:13:08Z</time><extensions><speed>1.826884</speed><course>307.563721</course><hAcc>0.953407</hAcc><vAcc>0.707345</vAcc></extensions></trkpt>
      <trkpt lon="-123.332107" lat="44.606514"><ele>155.058075</ele><time>2021-01-17T21:13:09Z</time><extensions><speed>1.792355</speed><course>319.204498</course><hAcc>0.951736</hAcc><vAcc>0.706199</vAcc></extensions></trkpt>
      <trkpt lon="-123.332112" lat="44.606498"><ele>155.089447</ele><time>2021-01-17T21:13:10Z</time><extensions><speed>1.755039</speed><course>314.287506</course><hAcc>0.950212</hAcc><vAcc>0.705055</vAcc></extensions></trkpt>
      <trkpt lon="-123.332118" lat="44.606483"><ele>155.126633</ele><time>2021-01-17T21:13:11Z</time><extensions><speed>1.716725</speed><course>326.228149</course><hAcc>0.948832</hAcc><vAcc>0.703927</vAcc></extensions></trkpt>
      <trkpt lon="-123.332123" lat="44.606468"><ele>155.168869</ele><time>2021-01-17T21:13:12Z</time><extensions><speed>1.679424</speed><course>336.972809</course><hAcc>0.947614</hAcc><vAcc>0.702853</vAcc></extensions></trkpt>
      <trkpt lon="-123.332128" lat="44.606454"><ele>155.215424</ele><time>2021-01-17T21:13:13Z</time><extensions><speed>1.644996</speed><course>335.926300</course><hAcc>0.946594</hAcc><vAcc>0.701896</vAcc></extensions></trkpt>
      <trkpt lon="-123.332134" lat="44.606440"><ele>155.265762</ele><time>2021-01-17T21:13:14Z</time><extensions><speed>1.615196</speed><course>339.018219</course><hAcc>0.945824</hAcc><vAcc>0.701132</vAcc></extensions></trkpt>
      <trkpt lon="-123.332139" lat="44.606426"><ele>155.319565</ele><time>2021-01-17T21:13:15Z</time><extensions><speed>1.591093</speed><course>334.775055</course><hAcc>0.945353</hAcc><vAcc>0.700633</vAcc></extensions></trkpt>
      <trkpt lon="-123.332144" lat="44.606412"><ele>155.376358</ele><time>2021-01-17T21:13:16Z</time><extensions><speed>1.573159</speed><course>329.805511</course><hAcc>0.945195</hAcc><vAcc>0.700440</vAcc></extensions></trkpt>
      <trkpt lon="-123.332150" lat="44.606398"><ele>155.435455</ele><time>2021-01-17T21:13:17Z</time><extensions><speed>1.561095</speed><course>322.424042</course><hAcc>0.945313</hAcc><vAcc>0.700536</vAcc></extensions></trkpt>
      <trkpt lon="-123.332155" lat="44.606385"><ele>155.495804</ele><time>2021-01-17T21:13:18Z</time><extensions><speed>1.553606</speed><course>326.198639</course><hAcc>0.945627</hAcc><vAcc>0.700860</vAcc></extensions></trkpt>
      <trkpt lon="-123.332160" lat="44.606371"><ele>155.555878</ele><time>2021-01-17T21:13:19Z</time><extensions><speed>1.549868</speed><course>331.634552</course><hAcc>0.946056</hAcc><vAcc>0.701334</vAcc></extensions></trkpt>
      <trkpt lon="-123.332166" lat="44.606358"><ele>155.613434</ele><time>2021-01-17T21:13:20Z</time><extensions><speed>1.549532</speed><course>338.709839</course><hAcc>0.946543</hAcc><vAcc>0.701889</vAcc></extensions></trkpt>
      <trkpt lon="-123.332171" lat="44.606345"><ele>155.665497</ele><time>2021-01-17T21:13:21Z</time><extensions><speed>1.551604</speed><course>313.334259</course><hAcc>0.947046</hAcc><vAcc>0.702473</vAcc></extensions></trkpt>
      <trkpt lon="-123.332176" lat="44.606331"><ele>155.708542</ele><time>2021-01-17T21:13:22Z</time><extensions><speed>1.554899</speed><course>310.818176</course><hAcc>0.947532</hAcc><vAcc>0.703043</vAcc></extensions></trkpt>
      <trkpt lon="-123.332181" lat="44.606317"><ele>155.738647</ele><time>2021-01-17T21:13:23Z</time><extensions><speed>1.557786</speed><course>321.386963</course><hAcc>0.947979</hAcc><vAcc>0.703568</vAcc></extensions></trkpt>
      <trkpt lon="-123.332185" lat="44.606304"><ele>155.751785</ele><time>2021-01-17T21:13:24Z</time><extensions><speed>1.558912</speed><course>311.109680</course><hAcc>0.948362</hAcc><vAcc>0.704019</vAcc></extensions></trkpt>
      <trkpt lon="-123.332189" lat="44.606290"><ele>155.743820</ele><time>2021-01-17T21:13:25Z</time><extensions><speed>1.557137</speed><course>312.259003</course><hAcc>0.948661</hAcc><vAcc>0.704376</vAcc></extensions></trkpt>
      <trkpt lon="-123.332193" lat="44.606276"><ele>155.710953</ele><time>2021-01-17T21:13:26Z</time><extensions><speed>1.551769</speed><course>322.394806</course><hAcc>0.948866</hAcc><vAcc>0.704626</vAcc></extensions></trkpt>
      <trkpt lon="-123.332197" lat="44.606263"><ele>155.650833</ele><time>2021-01-17T21:13:27Z</time><extensions><speed>1.543608</speed><course>339.481354</course><hAcc>0.948979</hAcc><vAcc>0.704772</vAcc></extensions></trkpt>
      <trkpt lon="-123.332200" lat="44.606249"><ele>155.563736</ele><time>2021-01-17T21:13:28Z</time><extensions><speed>1.534110</speed><course>327.437256</course><hAcc>0.949013</hAcc><vAcc>0.704829</vAcc></extensions></trkpt>
      <trkpt lon="-123.332203" lat="44.606236"><ele>155.452606</ele><time>2021-01-17T21:13:29Z</time><extensions><speed>1.524660</speed><course>330.074982</course><hAcc>0.948986</hAcc><vAcc>0.704816</vAcc></extensions></trkpt>
      <trkpt lon="-123.332206" lat="44.606222"><ele>155.322647</ele><time>2021-01-17T21:13:30Z</time><extensions><speed>1.516515</speed><course>331.496490</course><hAcc>0.948913</hAcc><vAcc>0.704751</vAcc></extensions></trkpt>
      <trkpt lon="-123.332208" lat="44.606208"><ele>155.180237</ele><time>2021-01-17T21:13:31Z</time><extensions><speed>1.510561</speed><course>328.127655</course><hAcc>0.948804</hAcc><vAcc>0.704644</vAcc></extensions></trkpt>
      <trkpt lon="-123.332210" lat="44.606195"><ele>155.031845</ele><time>2021-01-17T21:13:32Z</time><extensions><speed>1.507158</speed><course>316.288269</course><hAcc>0.948661</hAcc><vAcc>0.704499</vAcc></extensions></trkpt>
      <trkpt lon="-123.332212" lat="44.606181"><ele>154.883240</ele><time>2021-01-17T21:13:33Z</time><extensions><speed>1.505931</speed><course>312.764069</course><hAcc>0.948481</hAcc><vAcc>0.704315</vAcc></extensions></trkpt>
      <trkpt lon="-123.332213" lat="44.606168"><ele>154.739105</ele><time>2021-01-17T21:13:34Z</time><extensions><speed>1.505992</speed><course>314.107117</course><hAcc>0.948263</hAcc><vAcc>0.704092</vAcc></extensions></trkpt>
      <trkpt lon="-123.332213" lat="44.606154"><ele>154.603104</ele><time>2021-01-17T21:13:35Z</time><extensions><speed>1.506305</speed><course>325.314941</course><hAcc>0.948012</hAcc><vAcc>0.703834</vAcc></extensions></trkpt>
      <trkpt lon="-123.332214" lat="44.606141"><ele>154.477448</ele><time>2021-01-17T21:13:36Z</time><extensions><speed>1.505721</speed><course>330.881348</course><hAcc>0.947740</hAcc><vAcc>0.703556</vAcc></extensions></trkpt>
      <trkpt lon="-123.332214" lat="44.606127"><ele>154.362137</ele><time>2021-01-17T21:13:37Z</time><extensions><speed>1.503027</speed><course>340.830414</course><hAcc>0.947470</hAcc><vAcc>0.703281</vAcc></extensions></trkpt>
      <trkpt lon="-123.332213" lat="44.606114"><ele>154.255234</ele><time>2021-01-17T21:13:38Z</time><extensions><speed>1.497509</speed><course>345.545685</course><hAcc>0.947234</hAcc><vAcc>0.703041</vAcc></extensions></trkpt>
      <trkpt lon="-123.332212" lat="44.606100"><ele>154.154343</ele><time>2021-01-17T21:13:39Z</time><extensions><speed>1.489467</speed><course>346.885803</course><hAcc>0.947067</hAcc><vAcc>0.702872</vAcc></extensions></trkpt>
      <trkpt lon="-123.332211" lat="44.606087"><ele>154.057693</ele><time>2021-01-17T21:13:40Z</time><extensions><speed>1.479493</speed><course>347.146423</course><hAcc>0.946994</hAcc><vAcc>0.702797</vAcc></extensions></trkpt>
      <trkpt lon="-123.332209" lat="44.606074"><ele>153.964661</ele><time>2021-01-17T21:13:41Z</time><extensions><speed>1.468643</speed><course>335.975220</course><hAcc>0.947024</hAcc><vAcc>0.702827</vAcc></extensions></trkpt>
      <trkpt lon="-123.332208" lat="44.606061"><ele>153.876770</ele><time>2021-01-17T21:13:42Z</time><extensions><speed>1.458954</speed><course>32.614265</course><hAcc>0.947148</hAcc><vAcc>0.702950</vAcc></extensions></trkpt>
      <trkpt lon="-123.332206" lat="44.606048"><ele>153.798279</ele><time>2021-01-17T21:13:43Z</time><extensions><speed>1.452885</speed><course>32.614262</course><hAcc>0.947343</hAcc><vAcc>0.703145</vAcc></extensions></trkpt>
      <trkpt lon="-123.332204" lat="44.606035"><ele>153.735413</ele><time>2021-01-17T21:13:44Z</time><extensions><speed>1.451551</speed><course>32.614262</course><hAcc>0.947579</hAcc><vAcc>0.703378</vAcc></extensions></trkpt>
      <trkpt lon="-123.332202" lat="44.606022"><ele>153.693848</ele><time>2021-01-17T21:13:45Z</time><extensions><speed>1.454228</speed><course>32.614258</course><hAcc>0.947823</hAcc><vAcc>0.703612</vAcc></extensions></trkpt>
      <trkpt lon="-123.332200" lat="44.606009"><ele>153.676819</ele><time>2021-01-17T21:13:46Z</time><extensions><speed>1.459941</speed><course>32.614258</course><hAcc>0.948045</hAcc><vAcc>0.703815</vAcc></extensions></trkpt>
      <trkpt lon="-123.332199" lat="44.605995"><ele>153.684891</ele><time>2021-01-17T21:13:47Z</time><extensions><speed>1.468625</speed><course>32.614254</course><hAcc>0.948219</hAcc><vAcc>0.703956</vAcc></extensions></trkpt>
      <trkpt lon="-123.332197" lat="44.605982"><ele>153.717361</ele><time>2021-01-17T21:13:48Z</time><extensions><speed>1.480950</speed><course>32.614258</course><hAcc>0.948329</hAcc><vAcc>0.704011</vAcc></extensions></trkpt>
      <trkpt lon="-123.332196" lat="44.605969"><ele>153.773361</ele><time>2021-01-17T21:13:49Z</time><extensions><speed>1.497690</speed><course>32.614265</course><hAcc>0.948368</hAcc><vAcc>0.703963</vAcc></extensions></trkpt>
      <trkpt lon="-123.332196" lat="44.605955"><ele>153.851837</ele><time>2021-01-17T21:13:50Z</time><extensions><speed>1.519328</speed><course>32.614269</course><hAcc>0.948339</hAcc><vAcc>0.703808</vAcc></extensions></trkpt>
      <trkpt lon="-123.332196" lat="44.605942"><ele>153.951157</ele><time>2021-01-17T21:13:51Z</time><extensions><speed>1.545596</speed><course>342.351990</course><hAcc>0.948259</hAcc><vAcc>0.703549</vAcc></extensions></trkpt>
      <trkpt lon="-123.332196" lat="44.605927"><ele>154.068619</ele><time>2021-01-17T21:13:52Z</time><extensions><speed>1.575007</speed><course>337.796295</course><hAcc>0.948152</hAcc><vAcc>0.703203</vAcc></extensions></trkpt>
      <trkpt lon="-123.332197" lat="44.605913"><ele>154.199936</ele><time>2021-01-17T21:13:53Z</time><extensions><speed>1.604960</speed><course>347.943359</course><hAcc>0.948048</hAcc><vAcc>0.702793</vAcc></extensions></trkpt>
      <trkpt lon="-123.332199" lat="44.605899"><ele>154.339584</ele><time>2021-01-17T21:13:54Z</time><extensions><speed>1.632493</speed><course>358.102753</course><hAcc>0.947984</hAcc><vAcc>0.702350</vAcc></extensions></trkpt>
      <trkpt lon="-123.332201" lat="44.605884"><ele>154.481445</ele><time>2021-01-17T21:13:55Z</time><extensions><speed>1.654729</speed><course>7.456420</course><hAcc>0.947993</hAcc><vAcc>0.701914</vAcc></extensions></trkpt>
      <trkpt lon="-123.332204" lat="44.605869"><ele>154.618622</ele><time>2021-01-17T21:13:56Z</time><extensions><speed>1.669033</speed><course>9.521689</course><hAcc>0.948100</hAcc><vAcc>0.701525</vAcc></extensions></trkpt>
      <trkpt lon="-123.332207" lat="44.605854"><ele>154.743637</ele><time>2021-01-17T21:13:57Z</time><extensions><speed>1.673752</speed><course>16.817816</course><hAcc>0.948313</hAcc><vAcc>0.701208</vAcc></extensions></trkpt>
      <trkpt lon="-123.332210" lat="44.605839"><ele>154.849228</ele><time>2021-01-17T21:13:58Z</time><extensions><speed>1.668612</speed><course>16.817818</course><hAcc>0.948603</hAcc><vAcc>0.700968</vAcc></extensions></trkpt>
      <trkpt lon="-123.332214" lat="44.605825"><ele>154.928604</ele><time>2021-01-17T21:13:59Z</time><extensions><speed>1.653893</speed><course>24.052591</course><hAcc>0.948906</hAcc><vAcc>0.700787</vAcc></extensions></trkpt>
      <trkpt lon="-123.332217" lat="44.605810"><ele>154.975403</ele><time>2021-01-17T21:14:00Z</time><extensions><speed>1.630129</speed><course>11.736755</course><hAcc>0.949144</hAcc><vAcc>0.700643</vAcc></extensions></trkpt>
      <trkpt lon="-123.332220" lat="44.605796"><ele>154.983902</ele><time>2021-01-17T21:14:01Z</time><extensions><speed>1.598394</speed><course>0.949497</course><hAcc>0.949254</hAcc><vAcc>0.700519</vAcc></extensions></trkpt>
      <trkpt lon="-123.332223" lat="44.605782"><ele>154.949692</ele><time>2021-01-17T21:14:02Z</time><extensions><speed>1.560216</speed><course>4.513397</course><hAcc>0.949210</hAcc><vAcc>0.700415</vAcc></extensions></trkpt>
      <trkpt lon="-123.332226" lat="44.605768"><ele>154.870514</ele><time>2021-01-17T21:14:03Z</time><extensions><speed>1.517764</speed><course>12.763279</course><hAcc>0.949052</hAcc><vAcc>0.700358</vAcc></extensions></trkpt>
      <trkpt lon="-123.332228" lat="44.605755"><ele>154.746582</ele><time>2021-01-17T21:14:04Z</time><extensions><speed>1.474016</speed><course>13.694112</course><hAcc>0.948893</hAcc><vAcc>0.700401</vAcc></extensions></trkpt>
      <trkpt lon="-123.332230" lat="44.605742"><ele>154.580566</ele><time>2021-01-17T21:14:05Z</time><extensions><speed>1.432468</speed><course>27.425436</course><hAcc>0.948877</hAcc><vAcc>0.700591</vAcc></extensions></trkpt>
      <trkpt lon="-123.332231" lat="44.605729"><ele>154.377350</ele><time>2021-01-17T21:14:06Z</time><extensions><speed>1.395541</speed><course>44.544895</course><hAcc>0.949112</hAcc><vAcc>0.700952</vAcc></extensions></trkpt>
      <trkpt lon="-123.332232" lat="44.605717"><ele>154.143387</ele><time>2021-01-17T21:14:07Z</time><extensions><speed>1.363865</speed><course>43.953548</course><hAcc>0.949645</hAcc><vAcc>0.701472</vAcc></extensions></trkpt>
      <trkpt lon="-123.332232" lat="44.605704"><ele>153.885986</ele><time>2021-01-17T21:14:08Z</time><extensions><speed>1.337482</speed><course>33.423737</course><hAcc>0.950454</hAcc><vAcc>0.702109</vAcc></extensions></trkpt>
      <trkpt lon="-123.332232" lat="44.605692"><ele>153.612335</ele><time>2021-01-17T21:14:09Z</time><extensions><speed>1.316495</speed><course>19.472731</course><hAcc>0.951460</hAcc><vAcc>0.702803</vAcc></extensions></trkpt>
      <trkpt lon="-123.332231" lat="44.605681"><ele>153.329071</ele><time>2021-01-17T21:14:10Z</time><extensions><speed>1.301571</speed><course>336.606201</course><hAcc>0.952541</hAcc><vAcc>0.703481</vAcc></extensions></trkpt>
      <trkpt lon="-123.332230" lat="44.605669"><ele>153.043304</ele><time>2021-01-17T21:14:11Z</time><extensions><speed>1.294086</speed><course>-1.000000</course><hAcc>0.953537</hAcc><vAcc>0.704058</vAcc></extensions></trkpt>
      <trkpt lon="-123.332228" lat="44.605657"><ele>152.762924</ele><time>2021-01-17T21:14:12Z</time><extensions><speed>1.294825</speed><course>19.075764</course><hAcc>0.954270</hAcc><vAcc>0.704445</vAcc></extensions></trkpt>
      <trkpt lon="-123.332227" lat="44.605646"><ele>152.495911</ele><time>2021-01-17T21:14:13Z</time><extensions><speed>1.304004</speed><course>19.770679</course><hAcc>0.954579</hAcc><vAcc>0.704563</vAcc></extensions></trkpt>
      <trkpt lon="-123.332225" lat="44.605634"><ele>152.250183</ele><time>2021-01-17T21:14:14Z</time><extensions><speed>1.321864</speed><course>30.694021</course><hAcc>0.954374</hAcc><vAcc>0.704376</vAcc></extensions></trkpt>
      <trkpt lon="-123.332223" lat="44.605622"><ele>152.033356</ele><time>2021-01-17T21:14:15Z</time><extensions><speed>1.348086</speed><course>33.905830</course><hAcc>0.953685</hAcc><vAcc>0.703907</vAcc></extensions></trkpt>
      <trkpt lon="-123.332221" lat="44.605610"><ele>151.851852</ele><time>2021-01-17T21:14:16Z</time><extensions><speed>1.381392</speed><course>28.481947</course><hAcc>0.952671</hAcc><vAcc>0.703247</vAcc></extensions></trkpt>
      <trkpt lon="-123.332220" lat="44.605597"><ele>151.710663</ele><time>2021-01-17T21:14:17Z</time><extensions><speed>1.420108</speed><course>20.227327</course><hAcc>0.951586</hAcc><vAcc>0.702529</vAcc></extensions></trkpt>
      <trkpt lon="-123.332219" lat="44.605584"><ele>151.613312</ele><time>2021-01-17T21:14:18Z</time><extensions><speed>1.462263</speed><course>20.930477</course><hAcc>0.950701</hAcc><vAcc>0.701887</vAcc></extensions></trkpt>
      <trkpt lon="-123.332219" lat="44.605571"><ele>151.560852</ele><time>2021-01-17T21:14:19Z</time><extensions><speed>1.505044</speed><course>22.777246</course><hAcc>0.950251</hAcc><vAcc>0.701431</vAcc></extensions></trkpt>
      <trkpt lon="-123.332219" lat="44.605557"><ele>151.550827</ele><time>2021-01-17T21:14:20Z</time><extensions><speed>1.545461</speed><course>22.260338</course><hAcc>0.950420</hAcc><vAcc>0.701250</vAcc></extensions></trkpt>
      <trkpt lon="-123.332220" lat="44.605543"><ele>151.578064</ele><time>2021-01-17T21:14:21Z</time><extensions><speed>1.581008</speed><course>36.416206</course><hAcc>0.951347</hAcc><vAcc>0.701415</vAcc></extensions></trkpt>
      <trkpt lon="-123.332222" lat="44.605529"><ele>151.636597</ele><time>2021-01-17T21:14:22Z</time><extensions><speed>1.610300</speed><course>28.409096</course><hAcc>0.953120</hAcc><vAcc>0.701986</vAcc></extensions></trkpt>
      <trkpt lon="-123.332224" lat="44.605514"><ele>151.720764</ele><time>2021-01-17T21:14:23Z</time><extensions><speed>1.633336</speed><course>27.686800</course><hAcc>0.955756</hAcc><vAcc>0.702993</vAcc></extensions></trkpt>
      <trkpt lon="-123.332226" lat="44.605500"><ele>151.825623</ele><time>2021-01-17T21:14:24Z</time><extensions><speed>1.650543</speed><course>13.380077</course><hAcc>0.959188</hAcc><vAcc>0.704428</vAcc></extensions></trkpt>
      <trkpt lon="-123.332228" lat="44.605485"><ele>151.947113</ele><time>2021-01-17T21:14:25Z</time><extensions><speed>1.662522</speed><course>19.581583</course><hAcc>0.963271</hAcc><vAcc>0.706236</vAcc></extensions></trkpt>
      <trkpt lon="-123.332230" lat="44.605470"><ele>152.082138</ele><time>2021-01-17T21:14:26Z</time><extensions><speed>1.670300</speed><course>17.386871</course><hAcc>0.967788</hAcc><vAcc>0.708321</vAcc></extensions></trkpt>
      <trkpt lon="-123.332233" lat="44.605455"><ele>152.228516</ele><time>2021-01-17T21:14:27Z</time><extensions><speed>1.675643</speed><course>25.966225</course><hAcc>0.972447</hAcc><vAcc>0.710545</vAcc></extensions></trkpt>
      <trkpt lon="-123.332235" lat="44.605440"><ele>152.384766</ele><time>2021-01-17T21:14:28Z</time><extensions><speed>1.680601</speed><course>16.797083</course><hAcc>0.976905</hAcc><vAcc>0.712736</vAcc></extensions></trkpt>
      <trkpt lon="-123.332237" lat="44.605425"><ele>152.549088</ele><time>2021-01-17T21:14:29Z</time><extensions><speed>1.685938</speed><course>19.399496</course><hAcc>0.980810</hAcc><vAcc>0.714720</vAcc></extensions></trkpt>
      <trkpt lon="-123.332239" lat="44.605410"><ele>152.718735</ele><time>2021-01-17T21:14:30Z</time><extensions><speed>1.690832</speed><course>15.220662</course><hAcc>0.983812</hAcc><vAcc>0.716317</vAcc></extensions></trkpt>
      <trkpt lon="-123.332241" lat="44.605395"><ele>152.889725</ele><time>2021-01-17T21:14:31Z</time><extensions><speed>1.694042</speed><course>13.280706</course><hAcc>0.985595</hAcc><vAcc>0.717364</vAcc></extensions></trkpt>
      <trkpt lon="-123.332243" lat="44.605379"><ele>153.056854</ele><time>2021-01-17T21:14:32Z</time><extensions><speed>1.694423</speed><course>15.882345</course><hAcc>0.985941</hAcc><vAcc>0.717747</vAcc></extensions></trkpt>
      <trkpt lon="-123.332245" lat="44.605364"><ele>153.214127</ele><time>2021-01-17T21:14:33Z</time><extensions><speed>1.691659</speed><course>15.295407</course><hAcc>0.984777</hAcc><vAcc>0.717417</vAcc></extensions></trkpt>
      <trkpt lon="-123.332247" lat="44.605349"><ele>153.356171</ele><time>2021-01-17T21:14:34Z</time><extensions><speed>1.686881</speed><course>20.953781</course><hAcc>0.982190</hAcc><vAcc>0.716404</vAcc></extensions></trkpt>
      <trkpt lon="-123.332248" lat="44.605334"><ele>153.479706</ele><time>2021-01-17T21:14:35Z</time><extensions><speed>1.681977</speed><course>21.168362</course><hAcc>0.978443</hAcc><vAcc>0.714826</vAcc></extensions></trkpt>
      <trkpt lon="-123.332249" lat="44.605319"><ele>153.584076</ele><time>2021-01-17T21:14:36Z</time><extensions><speed>1.678768</speed><course>23.215904</course><hAcc>0.973944</hAcc><vAcc>0.712881</vAcc></extensions></trkpt>
      <trkpt lon="-123.332251" lat="44.605304"><ele>153.669662</ele><time>2021-01-17T21:14:37Z</time><extensions><speed>1.677405</speed><course>16.847422</course><hAcc>0.969154</hAcc><vAcc>0.710795</vAcc></extensions></trkpt>
      <trkpt lon="-123.332252" lat="44.605289"><ele>153.735916</ele><time>2021-01-17T21:14:38Z</time><extensions><speed>1.676752</speed><course>351.887756</course><hAcc>0.964493</hAcc><vAcc>0.708779</vAcc></extensions></trkpt>
      <trkpt lon="-123.332254" lat="44.605274"><ele>153.781052</ele><time>2021-01-17T21:14:39Z</time><extensions><speed>1.675665</speed><course>4.726057</course><hAcc>0.960292</hAcc><vAcc>0.706995</vAcc></extensions></trkpt>
      <trkpt lon="-123.332255" lat="44.605259"><ele>153.802643</ele><time>2021-01-17T21:14:40Z</time><extensions><speed>1.673097</speed><course>3.854409</course><hAcc>0.956751</hAcc><vAcc>0.705541</vAcc></extensions></trkpt>
      <trkpt lon="-123.332257" lat="44.605244"><ele>153.798141</ele><time>2021-01-17T21:14:41Z</time><extensions><speed>1.668181</speed><course>3.380179</course><hAcc>0.953920</hAcc><vAcc>0.704432</vAcc></extensions></trkpt>
      <trkpt lon="-123.332260" lat="44.605229"><ele>153.765213</ele><time>2021-01-17T21:14:42Z</time><extensions><speed>1.660090</speed><course>358.443420</course><hAcc>0.951737</hAcc><vAcc>0.703622</vAcc></extensions></trkpt>
      <trkpt lon="-123.332262" lat="44.605214"><ele>153.701691</ele><time>2021-01-17T21:14:43Z</time><extensions><speed>1.647905</speed><course>15.398484</course><hAcc>0.950080</hAcc><vAcc>0.703034</vAcc></extensions></trkpt>
      <trkpt lon="-123.332265" lat="44.605199"><ele>153.605988</ele><time>2021-01-17T21:14:44Z</time><extensions><speed>1.630923</speed><course>4.973345</course><hAcc>0.948816</hAcc><vAcc>0.702584</vAcc></extensions></trkpt>
      <trkpt lon="-123.332267" lat="44.605185"><ele>153.477982</ele><time>2021-01-17T21:14:45Z</time><extensions><speed>1.610570</speed><course>5.106340</course><hAcc>0.947834</hAcc><vAcc>0.702204</vAcc></extensions></trkpt>
      <trkpt lon="-123.332270" lat="44.605171"><ele>153.320190</ele><time>2021-01-17T21:14:46Z</time><extensions><speed>1.589792</speed><course>9.773874</course><hAcc>0.947039</hAcc><vAcc>0.701842</vAcc></extensions></trkpt>
      <trkpt lon="-123.332274" lat="44.605157"><ele>153.137695</ele><time>2021-01-17T21:14:47Z</time><extensions><speed>1.570332</speed><course>14.058640</course><hAcc>0.946364</hAcc><vAcc>0.701466</vAcc></extensions></trkpt>
      <trkpt lon="-123.332277" lat="44.605143"><ele>152.936935</ele><time>2021-01-17T21:14:48Z</time><extensions><speed>1.551920</speed><course>5.530648</course><hAcc>0.945760</hAcc><vAcc>0.701063</vAcc></extensions></trkpt>
      <trkpt lon="-123.332280" lat="44.605129"><ele>152.723633</ele><time>2021-01-17T21:14:49Z</time><extensions><speed>1.533019</speed><course>2.806995</course><hAcc>0.945198</hAcc><vAcc>0.700628</vAcc></extensions></trkpt>
      <trkpt lon="-123.332284" lat="44.605116"><ele>152.501740</ele><time>2021-01-17T21:14:50Z</time><extensions><speed>1.512434</speed><course>6.279364</course><hAcc>0.944651</hAcc><vAcc>0.700158</vAcc></extensions></trkpt>
      <trkpt lon="-123.332288" lat="44.605103"><ele>152.274323</ele><time>2021-01-17T21:14:51Z</time><extensions><speed>1.491008</speed><course>6.787712</course><hAcc>0.944097</hAcc><vAcc>0.699646</vAcc></extensions></trkpt>
      <trkpt lon="-123.332292" lat="44.605090"><ele>152.044861</ele><time>2021-01-17T21:14:52Z</time><extensions><speed>1.470633</speed><course>6.715905</course><hAcc>0.943520</hAcc><vAcc>0.699087</vAcc></extensions></trkpt>
      <trkpt lon="-123.332296" lat="44.605077"><ele>151.817459</ele><time>2021-01-17T21:14:53Z</time><extensions><speed>1.452228</speed><course>-1.000000</course><hAcc>0.942910</hAcc><vAcc>0.698481</vAcc></extensions></trkpt>
      <trkpt lon="-123.332300" lat="44.605064"><ele>151.596359</ele><time>2021-01-17T21:14:54Z</time><extensions><speed>1.436655</speed><course>351.007507</course><hAcc>0.942264</hAcc><vAcc>0.697830</vAcc></extensions></trkpt>
      <trkpt lon="-123.332305" lat="44.605052"><ele>151.385818</ele><time>2021-01-17T21:14:55Z</time><extensions><speed>1.425080</speed><course>358.376282</course><hAcc>0.941585</hAcc><vAcc>0.697140</vAcc></extensions></trkpt>
      <trkpt lon="-123.332309" lat="44.605039"><ele>151.190155</ele><time>2021-01-17T21:14:56Z</time><extensions><speed>1.418449</speed><course>17.655634</course><hAcc>0.940882</hAcc><vAcc>0.696423</vAcc></extensions></trkpt>
      <trkpt lon="-123.332314" lat="44.605027"><ele>151.013596</ele><time>2021-01-17T21:14:57Z</time><extensions><speed>1.417637</speed><course>15.716309</course><hAcc>0.940163</hAcc><vAcc>0.695689</vAcc></extensions></trkpt>
      <trkpt lon="-123.332319" lat="44.605015"><ele>150.859909</ele><time>2021-01-17T21:14:58Z</time><extensions><speed>1.422889</speed><course>3.527421</course><hAcc>0.939443</hAcc><vAcc>0.694953</vAcc></extensions></trkpt>
      <trkpt lon="-123.332323" lat="44.605002"><ele>150.731812</ele><time>2021-01-17T21:14:59Z</time><extensions><speed>1.433666</speed><course>4.341080</course><hAcc>0.938743</hAcc><vAcc>0.694238</vAcc></extensions></trkpt>
      <trkpt lon="-123.332328" lat="44.604990"><ele>150.630951</ele><time>2021-01-17T21:15:00Z</time><extensions><speed>1.448894</speed><course>10.826325</course><hAcc>0.938099</hAcc><vAcc>0.693580</vAcc></extensions></trkpt>
      <trkpt lon="-123.332332" lat="44.604977"><ele>150.557907</ele><time>2021-01-17T21:15:01Z</time><extensions><speed>1.467617</speed><course>13.899452</course><hAcc>0.937548</hAcc><vAcc>0.693016</vAcc></extensions></trkpt>
      <trkpt lon="-123.332337" lat="44.604964"><ele>150.512146</ele><time>2021-01-17T21:15:02Z</time><extensions><speed>1.488241</speed><course>14.850431</course><hAcc>0.937121</hAcc><vAcc>0.692579</vAcc></extensions></trkpt>
      <trkpt lon="-123.332341" lat="44.604951"><ele>150.492340</ele><time>2021-01-17T21:15:03Z</time><extensions><speed>1.509288</speed><course>15.578407</course><hAcc>0.936839</hAcc><vAcc>0.692291</vAcc></extensions></trkpt>
      <trkpt lon="-123.332346" lat="44.604937"><ele>150.497742</ele><time>2021-01-17T21:15:04Z</time><extensions><speed>1.531477</speed><course>20.904366</course><hAcc>0.936715</hAcc><vAcc>0.692164</vAcc></extensions></trkpt>
      <trkpt lon="-123.332350" lat="44.604924"><ele>150.528564</ele><time>2021-01-17T21:15:05Z</time><extensions><speed>1.555635</speed><course>8.054509</course><hAcc>0.936753</hAcc><vAcc>0.692202</vAcc></extensions></trkpt>
      <trkpt lon="-123.332353" lat="44.604910"><ele>150.585068</ele><time>2021-01-17T21:15:06Z</time><extensions><speed>1.581626</speed><course>25.721579</course><hAcc>0.936944</hAcc><vAcc>0.692398</vAcc></extensions></trkpt>
      <trkpt lon="-123.332357" lat="44.604896"><ele>150.666718</ele><time>2021-01-17T21:15:07Z</time><extensions><speed>1.608233</speed><course>24.534700</course><hAcc>0.937266</hAcc><vAcc>0.692729</vAcc></extensions></trkpt>
      <trkpt lon="-123.332360" lat="44.604882"><ele>150.771667</ele><time>2021-01-17T21:15:08Z</time><extensions><speed>1.633582</speed><course>34.704262</course><hAcc>0.937685</hAcc><vAcc>0.693158</vAcc></extensions></trkpt>
      <trkpt lon="-123.332363" lat="44.604867"><ele>150.897141</ele><time>2021-01-17T21:15:09Z</time><extensions><speed>1.656485</speed><course>17.177271</course><hAcc>0.938155</hAcc><vAcc>0.693640</vAcc></extensions></trkpt>
      <trkpt lon="-123.332366" lat="44.604852"><ele>151.040192</ele><time>2021-01-17T21:15:10Z</time><extensions><speed>1.677292</speed><course>2.493475</course><hAcc>0.938630</hAcc><vAcc>0.694128</vAcc></extensions></trkpt>
      <trkpt lon="-123.332369" lat="44.604837"><ele>151.197784</ele><time>2021-01-17T21:15:11Z</time><extensions><speed>1.696432</speed><course>12.016204</course><hAcc>0.939076</hAcc><vAcc>0.694583</vAcc></extensions></trkpt>
      <trkpt lon="-123.332372" lat="44.604822"><ele>151.366089</ele><time>2021-01-17T21:15:12Z</time><extensions><speed>1.713188</speed><course>357.955414</course><hAcc>0.939476</hAcc><vAcc>0.694987</vAcc></extensions></trkpt>
      <trkpt lon="-123.332375" lat="44.604807"><ele>151.539963</ele><time>2021-01-17T21:15:13Z</time><extensions><speed>1.726691</speed><course>357.610077</course><hAcc>0.939838</hAcc><vAcc>0.695341</vAcc></extensions></trkpt>
      <trkpt lon="-123.332378" lat="44.604791"><ele>151.713898</ele><time>2021-01-17T21:15:14Z</time><extensions><speed>1.736642</speed><course>9.452699</course><hAcc>0.940188</hAcc><vAcc>0.695664</vAcc></extensions></trkpt>
      <trkpt lon="-123.332381" lat="44.604776"><ele>151.883286</ele><time>2021-01-17T21:15:15Z</time><extensions><speed>1.744319</speed><course>10.514545</course><hAcc>0.940564</hAcc><vAcc>0.695987</vAcc></extensions></trkpt>
      <trkpt lon="-123.332384" lat="44.604760"><ele>152.044968</ele><time>2021-01-17T21:15:16Z</time><extensions><speed>1.750346</speed><course>19.109415</course><hAcc>0.941009</hAcc><vAcc>0.696339</vAcc></extensions></trkpt>
      <trkpt lon="-123.332387" lat="44.604744"><ele>152.196686</ele><time>2021-01-17T21:15:17Z</time><extensions><speed>1.754124</speed><course>17.553095</course><hAcc>0.941558</hAcc><vAcc>0.696745</vAcc></extensions></trkpt>
      <trkpt lon="-123.332391" lat="44.604729"><ele>152.337326</ele><time>2021-01-17T21:15:18Z</time><extensions><speed>1.755821</speed><course>7.996813</course><hAcc>0.942234</hAcc><vAcc>0.697217</vAcc></extensions></trkpt>
      <trkpt lon="-123.332394" lat="44.604713"><ele>152.467438</ele><time>2021-01-17T21:15:19Z</time><extensions><speed>1.755702</speed><course>344.595734</course><hAcc>0.943050</hAcc><vAcc>0.697756</vAcc></extensions></trkpt>
      <trkpt lon="-123.332397" lat="44.604698"><ele>152.588577</ele><time>2021-01-17T21:15:20Z</time><extensions><speed>1.753567</speed><course>350.086609</course><hAcc>0.944001</hAcc><vAcc>0.698355</vAcc></extensions></trkpt>
      <trkpt lon="-123.332401" lat="44.604682"><ele>152.702332</ele><time>2021-01-17T21:15:21Z</time><extensions><speed>1.749228</speed><course>8.948412</course><hAcc>0.945063</hAcc><vAcc>0.698992</vAcc></extensions></trkpt>
      <trkpt lon="-123.332404" lat="44.604666"><ele>152.809830</ele><time>2021-01-17T21:15:22Z</time><extensions><speed>1.742502</speed><course>19.298494</course><hAcc>0.946182</hAcc><vAcc>0.699636</vAcc></extensions></trkpt>
      <trkpt lon="-123.332408" lat="44.604651"><ele>152.911316</ele><time>2021-01-17T21:15:23Z</time><extensions><speed>1.733051</speed><course>19.923645</course><hAcc>0.947283</hAcc><vAcc>0.700244</vAcc></extensions></trkpt>
      <trkpt lon="-123.332412" lat="44.604636"><ele>153.006042</ele><time>2021-01-17T21:15:24Z</time><extensions><speed>1.721478</speed><course>19.644588</course><hAcc>0.948255</hAcc><vAcc>0.700767</vAcc></extensions></trkpt>
      <trkpt lon="-123.332416" lat="44.604621"><ele>153.092514</ele><time>2021-01-17T21:15:25Z</time><extensions><speed>1.709139</speed><course>7.344317</course><hAcc>0.948953</hAcc><vAcc>0.701131</vAcc></extensions></trkpt>
      <trkpt lon="-123.332420" lat="44.604605"><ele>153.168900</ele><time>2021-01-17T21:15:26Z</time><extensions><speed>1.696754</speed><course>359.798065</course><hAcc>0.949231</hAcc><vAcc>0.701257</vAcc></extensions></trkpt>
      <trkpt lon="-123.332424" lat="44.604591"><ele>153.233154</ele><time>2021-01-17T21:15:27Z</time><extensions><speed>1.683958</speed><course>355.754547</course><hAcc>0.949011</hAcc><vAcc>0.701096</vAcc></extensions></trkpt>
      <trkpt lon="-123.332428" lat="44.604576"><ele>153.283066</ele><time>2021-01-17T21:15:28Z</time><extensions><speed>1.670899</speed><course>355.165741</course><hAcc>0.948323</hAcc><vAcc>0.700651</vAcc></extensions></trkpt>
      <trkpt lon="-123.332432" lat="44.604561"><ele>153.316727</ele><time>2021-01-17T21:15:29Z</time><extensions><speed>1.658163</speed><course>6.675624</course><hAcc>0.947272</hAcc><vAcc>0.699969</vAcc></extensions></trkpt>
      <trkpt lon="-123.332436" lat="44.604546"><ele>153.332794</ele><time>2021-01-17T21:15:30Z</time><extensions><speed>1.646785</speed><course>21.506580</course><hAcc>0.946001</hAcc><vAcc>0.699117</vAcc></extensions></trkpt>
      <trkpt lon="-123.332439" lat="44.604532"><ele>153.330688</ele><time>2021-01-17T21:15:31Z</time><extensions><speed>1.637998</speed><course>26.707270</course><hAcc>0.944652</hAcc><vAcc>0.698167</vAcc></extensions></trkpt>
      <trkpt lon="-123.332443" lat="44.604517"><ele>153.310715</ele><time>2021-01-17T21:15:32Z</time><extensions><speed>1.631671</speed><course>34.782810</course><hAcc>0.943352</hAcc><vAcc>0.697181</vAcc></extensions></trkpt>
      <trkpt lon="-123.332447" lat="44.604503"><ele>153.273590</ele><time>2021-01-17T21:15:33Z</time><extensions><speed>1.627129</speed><course>21.868567</course><hAcc>0.942209</hAcc><vAcc>0.696218</vAcc></extensions></trkpt>
      <trkpt lon="-123.332451" lat="44.604489"><ele>153.220306</ele><time>2021-01-17T21:15:34Z</time><extensions><speed>1.622771</speed><course>18.142136</course><hAcc>0.941323</hAcc><vAcc>0.695332</vAcc></extensions></trkpt>
      <trkpt lon="-123.332454" lat="44.604474"><ele>153.151886</ele><time>2021-01-17T21:15:35Z</time><extensions><speed>1.617014</speed><course>19.376703</course><hAcc>0.940794</hAcc><vAcc>0.694578</vAcc></extensions></trkpt>
      <trkpt lon="-123.332458" lat="44.604460"><ele>153.069931</ele><time>2021-01-17T21:15:36Z</time><extensions><speed>1.609813</speed><course>10.235863</course><hAcc>0.940723</hAcc><vAcc>0.694007</vAcc></extensions></trkpt>
      <trkpt lon="-123.332461" lat="44.604446"><ele>152.977570</ele><time>2021-01-17T21:15:37Z</time><extensions><speed>1.603542</speed><course>5.256434</course><hAcc>0.941212</hAcc><vAcc>0.693661</vAcc></extensions></trkpt>
      <trkpt lon="-123.332465" lat="44.604432"><ele>152.880417</ele><time>2021-01-17T21:15:38Z</time><extensions><speed>1.600710</speed><course>4.258464</course><hAcc>0.942363</hAcc><vAcc>0.693575</vAcc></extensions></trkpt>
      <trkpt lon="-123.332469" lat="44.604417"><ele>152.785995</ele><time>2021-01-17T21:15:39Z</time><extensions><speed>1.601350</speed><course>29.015453</course><hAcc>0.944262</hAcc><vAcc>0.693781</vAcc></extensions></trkpt>
      <trkpt lon="-123.332473" lat="44.604403"><ele>152.702469</ele><time>2021-01-17T21:15:40Z</time><extensions><speed>1.604276</speed><course>0.320250</course><hAcc>0.946963</hAcc><vAcc>0.694305</vAcc></extensions></trkpt>
      <trkpt lon="-123.332477" lat="44.604389"><ele>152.637741</ele><time>2021-01-17T21:15:41Z</time><extensions><speed>1.608601</speed><course>1.254540</course><hAcc>0.950469</hAcc><vAcc>0.695170</vAcc></extensions></trkpt>
      <trkpt lon="-123.332482" lat="44.604375"><ele>152.599319</ele><time>2021-01-17T21:15:42Z</time><extensions><speed>1.613418</speed><course>5.714159</course><hAcc>0.954692</hAcc><vAcc>0.696381</vAcc></extensions></trkpt>
      <trkpt lon="-123.332486" lat="44.604361"><ele>152.593292</ele><time>2021-01-17T21:15:43Z</time><extensions><speed>1.616717</speed><course>14.847340</course><hAcc>0.959436</hAcc><vAcc>0.697918</vAcc></extensions></trkpt>
      <trkpt lon="-123.332491" lat="44.604347"><ele>152.623322</ele><time>2021-01-17T21:15:44Z</time><extensions><speed>1.615835</speed><course>24.189953</course><hAcc>0.964392</hAcc><vAcc>0.699723</vAcc></extensions></trkpt>
      <trkpt lon="-123.332496" lat="44.604333"><ele>152.690750</ele><time>2021-01-17T21:15:45Z</time><extensions><speed>1.607853</speed><course>15.798389</course><hAcc>0.969176</hAcc><vAcc>0.701693</vAcc></extensions></trkpt>
      <trkpt lon="-123.332502" lat="44.604319"><ele>152.795303</ele><time>2021-01-17T21:15:46Z</time><extensions><speed>1.590923</speed><course>11.776335</course><hAcc>0.973392</hAcc><vAcc>0.703677</vAcc></extensions></trkpt>
      <trkpt lon="-123.332507" lat="44.604305"><ele>152.934937</ele><time>2021-01-17T21:15:47Z</time><extensions><speed>1.564883</speed><course>15.153724</course><hAcc>0.976688</hAcc><vAcc>0.705493</vAcc></extensions></trkpt>
      <trkpt lon="-123.332512" lat="44.604292"><ele>153.105652</ele><time>2021-01-17T21:15:48Z</time><extensions><speed>1.530014</speed><course>19.601765</course><hAcc>0.978800</hAcc><vAcc>0.706949</vAcc></extensions></trkpt>
      <trkpt lon="-123.332516" lat="44.604279"><ele>153.301743</ele><time>2021-01-17T21:15:49Z</time><extensions><speed>1.486356</speed><course>20.463732</course><hAcc>0.979569</hAcc><vAcc>0.707879</vAcc></extensions></trkpt>
      <trkpt lon="-123.332521" lat="44.604266"><ele>153.516678</ele><time>2021-01-17T21:15:50Z</time><extensions><speed>1.434908</speed><course>11.560002</course><hAcc>0.978965</hAcc><vAcc>0.708172</vAcc></extensions></trkpt>
      <trkpt lon="-123.332525" lat="44.604253"><ele>153.743805</ele><time>2021-01-17T21:15:51Z</time><extensions><speed>1.378595</speed><course>358.557037</course><hAcc>0.977091</hAcc><vAcc>0.707787</vAcc></extensions></trkpt>
      <trkpt lon="-123.332528" lat="44.604241"><ele>153.976822</ele><time>2021-01-17T21:15:52Z</time><extensions><speed>1.320806</speed><course>359.068207</course><hAcc>0.974140</hAcc><vAcc>0.706741</vAcc></extensions></trkpt>
      <trkpt lon="-123.332531" lat="44.604230"><ele>154.209579</ele><time>2021-01-17T21:15:53Z</time><extensions><speed>1.264954</speed><course>17.672836</course><hAcc>0.970354</hAcc><vAcc>0.705104</vAcc></extensions></trkpt>
      <trkpt lon="-123.332533" lat="44.604219"><ele>154.435883</ele><time>2021-01-17T21:15:54Z</time><extensions><speed>1.216190</speed><course>26.105047</course><hAcc>0.966004</hAcc><vAcc>0.702990</vAcc></extensions></trkpt>
      <trkpt lon="-123.332535" lat="44.604208"><ele>154.649841</ele><time>2021-01-17T21:15:55Z</time><extensions><speed>1.180103</speed><course>26.865553</course><hAcc>0.961347</hAcc><vAcc>0.700527</vAcc></extensions></trkpt>
      <trkpt lon="-123.332536" lat="44.604198"><ele>154.846527</ele><time>2021-01-17T21:15:56Z</time><extensions><speed>1.159092</speed><course>13.987363</course><hAcc>0.956570</hAcc><vAcc>0.697825</vAcc></extensions></trkpt>
      <trkpt lon="-123.332536" lat="44.604187"><ele>155.021622</ele><time>2021-01-17T21:15:57Z</time><extensions><speed>1.151773</speed><course>25.206335</course><hAcc>0.951792</hAcc><vAcc>0.694964</vAcc></extensions></trkpt>
      <trkpt lon="-123.332536" lat="44.604177"><ele>155.171188</ele><time>2021-01-17T21:15:58Z</time><extensions><speed>1.156075</speed><course>29.014688</course><hAcc>0.947092</hAcc><vAcc>0.692010</vAcc></extensions></trkpt>
      <trkpt lon="-123.332536" lat="44.604167"><ele>155.292282</ele><time>2021-01-17T21:15:59Z</time><extensions><speed>1.170603</speed><course>20.564861</course><hAcc>0.942532</hAcc><vAcc>0.689021</vAcc></extensions></trkpt>
      <trkpt lon="-123.332536" lat="44.604156"><ele>155.382843</ele><time>2021-01-17T21:16:00Z</time><extensions><speed>1.193676</speed><course>13.961825</course><hAcc>0.938183</hAcc><vAcc>0.686061</vAcc></extensions></trkpt>
      <trkpt lon="-123.332535" lat="44.604145"><ele>155.441284</ele><time>2021-01-17T21:16:01Z</time><extensions><speed>1.223233</speed><course>17.312542</course><hAcc>0.934139</hAcc><vAcc>0.683209</vAcc></extensions></trkpt>
      <trkpt lon="-123.332534" lat="44.604134"><ele>155.466782</ele><time>2021-01-17T21:16:02Z</time><extensions><speed>1.257731</speed><course>30.944717</course><hAcc>0.930516</hAcc><vAcc>0.680556</vAcc></extensions></trkpt>
      <trkpt lon="-123.332534" lat="44.604122"><ele>155.459686</ele><time>2021-01-17T21:16:03Z</time><extensions><speed>1.295564</speed><course>28.605385</course><hAcc>0.927423</hAcc><vAcc>0.678193</vAcc></extensions></trkpt>
      <trkpt lon="-123.332533" lat="44.604111"><ele>155.422134</ele><time>2021-01-17T21:16:04Z</time><extensions><speed>1.334576</speed><course>33.707497</course><hAcc>0.924946</hAcc><vAcc>0.676187</vAcc></extensions></trkpt>
      <trkpt lon="-123.332532" lat="44.604098"><ele>155.357819</ele><time>2021-01-17T21:16:05Z</time><extensions><speed>1.373252</speed><course>29.180414</course><hAcc>0.923119</hAcc><vAcc>0.674565</vAcc></extensions></trkpt>
      <trkpt lon="-123.332531" lat="44.604086"><ele>155.270844</ele><time>2021-01-17T21:16:06Z</time><extensions><speed>1.411489</speed><course>26.983852</course><hAcc>0.921915</hAcc><vAcc>0.673306</vAcc></extensions></trkpt>
      <trkpt lon="-123.332531" lat="44.604073"><ele>155.164749</ele><time>2021-01-17T21:16:07Z</time><extensions><speed>1.449444</speed><course>39.364052</course><hAcc>0.921260</hAcc><vAcc>0.672356</vAcc></extensions></trkpt>
      <trkpt lon="-123.332531" lat="44.604060"><ele>155.042313</ele><time>2021-01-17T21:16:08Z</time><extensions><speed>1.486125</speed><course>35.569389</course><hAcc>0.921063</hAcc><vAcc>0.671666</vAcc></extensions></trkpt>
      <trkpt lon="-123.332531" lat="44.604046"><ele>154.905731</ele><time>2021-01-17T21:16:09Z</time><extensions><speed>1.519693</speed><course>26.358473</course><hAcc>0.921240</hAcc><vAcc>0.671217</vAcc></extensions></trkpt>
      <trkpt lon="-123.332531" lat="44.604033"><ele>154.756271</ele><time>2021-01-17T21:16:10Z</time><extensions><speed>1.548440</speed><course>16.693033</course><hAcc>0.921719</hAcc><vAcc>0.671028</vAcc></extensions></trkpt>
      <trkpt lon="-123.332532" lat="44.604018"><ele>154.594055</ele><time>2021-01-17T21:16:11Z</time><extensions><speed>1.571587</speed><course>12.875949</course><hAcc>0.922453</hAcc><vAcc>0.671161</vAcc></extensions></trkpt>
      <trkpt lon="-123.332533" lat="44.604004"><ele>154.418488</ele><time>2021-01-17T21:16:12Z</time><extensions><speed>1.589270</speed><course>28.336823</course><hAcc>0.923434</hAcc><vAcc>0.671725</vAcc></extensions></trkpt>
      <trkpt lon="-123.332535" lat="44.603990"><ele>154.229080</ele><time>2021-01-17T21:16:13Z</time><extensions><speed>1.602191</speed><course>22.440611</course><hAcc>0.924773</hAcc><vAcc>0.672920</vAcc></extensions></trkpt>
      <trkpt lon="-123.332538" lat="44.603976"><ele>154.025772</ele><time>2021-01-17T21:16:14Z</time><extensions><speed>1.611939</speed><course>20.605659</course><hAcc>0.926879</hAcc><vAcc>0.675167</vAcc></extensions></trkpt>
      <trkpt lon="-123.332540" lat="44.603961"><ele>153.808914</ele><time>2021-01-17T21:16:15Z</time><extensions><speed>1.619683</speed><course>6.610825</course><hAcc>0.930749</hAcc><vAcc>0.679304</vAcc></extensions></trkpt>
      <trkpt lon="-123.332543" lat="44.603947"><ele>153.579361</ele><time>2021-01-17T21:16:16Z</time><extensions><speed>1.624642</speed><course>24.297922</course><hAcc>0.938306</hAcc><vAcc>0.686827</vAcc></extensions></trkpt>
      <trkpt lon="-123.332547" lat="44.603932"><ele>153.338211</ele><time>2021-01-17T21:16:17Z</time><extensions><speed>1.625842</speed><course>30.222105</course><hAcc>0.952805</hAcc><vAcc>0.700146</vAcc></extensions></trkpt>
      <trkpt lon="-123.332550" lat="44.603918"><ele>153.086655</ele><time>2021-01-17T21:16:18Z</time><extensions><speed>1.624114</speed><course>20.225267</course><hAcc>0.979160</hAcc><vAcc>0.722771</vAcc></extensions></trkpt>
      <trkpt lon="-123.332554" lat="44.603904"><ele>152.826233</ele><time>2021-01-17T21:16:19Z</time><extensions><speed>1.621272</speed><course>9.299500</course><hAcc>1.023959</hAcc><vAcc>0.759250</vAcc></extensions></trkpt>
      <trkpt lon="-123.332558" lat="44.603889"><ele>152.559296</ele><time>2021-01-17T21:16:20Z</time><extensions><speed>1.618324</speed><course>19.040316</course><hAcc>1.094819</hAcc><vAcc>0.814683</vAcc></extensions></trkpt>
      <trkpt lon="-123.332562" lat="44.603875"><ele>152.288620</ele><time>2021-01-17T21:16:21Z</time><extensions><speed>1.616202</speed><course>39.646507</course><hAcc>1.199092</hAcc><vAcc>0.893844</vAcc></extensions></trkpt>
      <trkpt lon="-123.332566" lat="44.603861"><ele>152.016708</ele><time>2021-01-17T21:16:22Z</time><extensions><speed>1.615543</speed><course>29.268007</course><hAcc>1.342384</hAcc><vAcc>1.000277</vAcc></extensions></trkpt>
      <trkpt lon="-123.332570" lat="44.603846"><ele>151.745117</ele><time>2021-01-17T21:16:23Z</time><extensions><speed>1.615866</speed><course>28.160999</course><hAcc>1.527580</hAcc><vAcc>1.135739</vAcc></extensions></trkpt>
      <trkpt lon="-123.332574" lat="44.603832"><ele>151.474075</ele><time>2021-01-17T21:16:24Z</time><extensions><speed>1.616184</speed><course>19.465931</course><hAcc>1.754621</hAcc><vAcc>1.300093</vAcc></extensions></trkpt>
    </trkseg>
  </trk>
</gpx>